launching 19 bots for 600s -> targets sand, gravel, dirt, stone
[hb] n=1 ts=21s rss=250M late=4ms mainLate=0ms
[hb] n=2 ts=41s rss=334M late=10ms mainLate=127ms
F5 [F5] craft torches: stick-dry with logs held - one plank conversion first
F5 [F5] craft torches: stick-dry but 6 planks held - one stick batch first
F5 [F5] craft torches: skip (no coal: sticks 4 coals 0)
[hb] n=3 ts=61s rss=373M late=14ms mainLate=510ms
t-536s alive=19/19 mined=61 map=312p/8ch banked=0 smelted=0 pocket=63u/24s | sand=0 gravel=0 dirt=0 stone=0
   deficits: 157926/0 (0.0%) 149380/0 (0.0%) 31860/0 (0.0%) 27420/0 (0.0%) 10725/0 (0.0%)
   F1=5[oak_log:4] | F2=4[oak_log:5 chest:1] | F3=6[oak_log:2 stick:2 barrel:1] | F4=6[empty] | F5=6[oak_planks:4 stick:4 oak_log:4] | F6=4[oak_log:5] | F7=2[empty] | F8=4[birch_log:4 oak_log:4 oak_sapling:2] | F9=3[oak_log:1] | F10=8[oak_log:2 birch_log:2 chest:1] | F11=4[birch_log:4] | F12=2[empty] | F13=2[oak_log:1] | F14=0[empty] | F15=2[empty] | F16=0[oak_log:6 oak_sapling:1] | F17=3[empty] | F18=0[empty] | F19=0[empty]
   mem: heap=103M/142M old=-1M ext=128M ab=126M rss=371M cols=2068 ents=2139 evicted=253 path=6a/9q (max 6) stale=0
t-521s alive=19/19 mined=78 map=339p/8ch banked=0 smelted=0 pocket=91u/37s | sand=0 gravel=0 dirt=0 stone=0
   deficits: 157926/0 (0.0%) 149380/0 (0.0%) 31860/0 (0.0%) 27420/0 (0.0%) 10725/0 (0.0%)
   F1=5[oak_log:4 stick:2] | F2=4[oak_log:7 chest:1] | F3=6[oak_log:2 stick:2 barrel:1] | F4=6[empty] | F5=6[oak_planks:4 stick:4 oak_log:4] | F6=4[oak_log:5] | F7=2[empty] | F8=4[oak_planks:6 birch_planks:4 birch_log:3] | F9=6[oak_log:1] | F10=8[oak_log:2 birch_log:2 chest:1] | F11=4[birch_log:5] | F12=3[oak_log:2] | F13=2[oak_log:1 oak_sapling:1] | F14=1[birch_log:3 oak_log:3] | F15=5[empty] | F16=5[oak_log:6 birch_log:2 oak_sapling:1] | F17=6[birch_log:2 stick:2] | F18=1[empty] | F19=0[empty]
   mem: heap=101M/141M old=-1M ext=127M ab=125M rss=371M cols=2050 ents=2192 evicted=327 path=6a/9q (max 6) stale=0
[hb] n=4 ts=81s rss=373M late=19ms mainLate=109ms
F5 dir=(0.25,0.97) logs=4 tools=wooden_pickaxe
F5 spare pick due: spare (planks available)
F5 spare pick: OK (wooden_pickaxe, holds 2)
F5 [F5] craft torches: stick-dry with logs held - one plank conversion first
F5 [F5] craft torches: stick-dry but 9 planks held - one stick batch first
F5 [F5] craft torches: skip (no coal: sticks 6 coals 0)
t-506s alive=19/19 mined=96 map=350p/8ch banked=0 smelted=0 pocket=130u/46s | sand=0 gravel=0 dirt=3 stone=0
   deficits: 157926/0 (0.0%) 149380/0 (0.0%) 31860/0 (0.0%) 27420/0 (0.0%) 10725/0 (0.0%)
   F1=11[oak_log:7 stick:2] | F2=4[oak_planks:13 oak_log:4 stick:4] | F3=6[oak_log:2 stick:2 barrel:1] | F4=6[empty] | F5=11[oak_planks:7 stick:6 dirt:3] | F6=8[oak_log:5] | F7=2[empty] | F8=4[oak_planks:5 birch_planks:4 birch_log:3] | F9=7[stick:2 oak_log:1] | F10=8[oak_log:2 birch_log:2 chest:1] | F11=4[birch_log:5] | F12=5[oak_log:4] | F13=2[oak_log:1 oak_sapling:1] | F14=1[birch_log:3 oak_log:3] | F15=5[empty] | F16=5[oak_log:10 birch_log:2 oak_sapling:1] | F17=6[birch_log:2 stick:2 oak_sapling:2] | F18=1[empty] | F19=0[stick:2]
   mem: heap=111M/140M old=-1M ext=125M ab=123M rss=370M cols=2008 ents=2143 evicted=398 path=6a/9q (max 6) stale=0
F5 [F5] torch: the placement did not land (dry) x1 - the streak names itself once, a landing re-arms it
F5 tool upgrade due: cobble available -> stone_pickaxe
F2 [F2] craft torches: stick-dry but 5 planks held - one stick batch first
F2 [F2] craft torches: skip (no coal: sticks 4 coals 0)
[hb] n=5 ts=101s rss=373M late=24ms mainLate=329ms
F5 [toolupgrade] [upgrade] upgraded: stone_pickaxe,wooden_shovel,wooden_pickaxe,wooden_pickaxe
F5 tool upgrade: OK -> stone_pickaxe (stone_pickaxe,wooden_shovel,wooden_pickaxe,wooden_pickaxe)
F5 sword due: planks available
F5 sword: OK (wooden_sword, holds 1)
F5 sword: OK (wooden_sword)
F5 [F5] craft torches: skip (no coal: sticks 3 coals 0)
t-491s alive=19/19 mined=124 map=428p/9ch banked=0 smelted=0 pocket=143u/56s | sand=0 gravel=0 dirt=3 stone=0
   deficits: 157926/0 (0.0%) 149380/0 (0.0%) 31860/0 (0.0%) 27420/0 (0.0%) 10725/0 (0.0%)
   F1=11[oak_log:7 stick:2] | F2=4[oak_log:4 stick:4 oak_planks:3] | F3=8[oak_log:2 stick:2 barrel:1] | F4=8[oak_log:1] | F5=26[cobblestone:15 stick:3 dirt:3] | F6=9[oak_log:6 birch_log:1 oak_sapling:1] | F7=2[empty] | F8=6[oak_planks:6 birch_planks:4 birch_log:3] | F9=7[stick:2 oak_log:1] | F10=10[oak_log:2 birch_log:2 chest:1] | F11=7[birch_log:5] | F12=5[oak_log:7] | F13=2[oak_sapling:2 oak_log:1] | F14=2[birch_log:3 oak_log:3] | F15=5[birch_sapling:1] | F16=5[oak_log:10 oak_sapling:2 birch_log:2] | F17=6[oak_log:3 birch_log:2 stick:2] | F18=1[empty] | F19=0[stick:2 oak_sapling:1]
   mem: heap=110M/141M old=-1M ext=123M ab=120M rss=371M cols=1977 ents=2027 evicted=483 path=6a/7q (max 6) stale=0
F2 dir=(0.95,0.32) logs=4 tools=wooden_pickaxe
F2 spare pick due: spare (planks available)
F2 spare pick: OK (wooden_pickaxe, holds 2)
F2 [F2] craft torches: stick-dry with logs held - one plank conversion first
F2 [F2] craft oak_planks: no craftable recipe variant (ingredients missing?)
F2 [F2] craft torches: skip (no spare sticks: sticks 2 coals 0)
F5 [F5] craft torches: skip (no coal: sticks 3 coals 0)
F5 [F5] craft torches: skip (no coal: sticks 3 coals 0)
F5 tunnel: steering coal_ore @ 3.3b (axis z--1, cross 0.5000000067855552, floor lock)
F2 [F2] torch: the placement did not land (dry) x1 - the streak names itself once, a landing re-arms it
F5 tunnel: 4 blocks (branch mine at the floor, steered, floor lock)
[hb] n=6 ts=121s rss=374M late=29ms mainLate=505ms
F2 tool upgrade due: cobble available -> stone_pickaxe
t-476s alive=19/19 mined=168 map=481p/9ch banked=0 smelted=0 pocket=177u/63s | sand=0 gravel=0 dirt=7 stone=0
   deficits: 157926/0 (0.0%) 149380/0 (0.0%) 31860/0 (0.0%) 27420/0 (0.0%) 10725/0 (0.0%)
   F1=11[oak_log:7 stick:2] | F2=15[cobblestone:8 stick:6 dirt:4] | F3=10[oak_log:2 stick:2 barrel:1] | F4=11[oak_log:2] | F5=35[cobblestone:21 stick:3 dirt:3] | F6=9[oak_log:10 birch_log:1 oak_sapling:1] | F7=2[empty] | F8=8[oak_planks:6 birch_planks:4 birch_log:3] | F9=7[stick:2 oak_log:1] | F10=13[oak_log:2 birch_log:2 chest:1] | F11=8[birch_log:5 oak_log:4] | F12=10[oak_log:7] | F13=5[oak_sapling:2 oak_log:1] | F14=5[birch_log:3 oak_log:3] | F15=7[birch_log:2 birch_sapling:1] | F16=5[oak_log:10 oak_sapling:2 birch_log:2] | F17=6[stick:3 oak_log:3 birch_log:2] | F18=1[empty] | F19=0[stick:2 oak_sapling:1]
   mem: heap=101M/143M old=-1M ext=124M ab=121M rss=376M cols=1983 ents=2119 evicted=543 path=6a/8q (max 6) stale=0
F2 [toolupgrade] [upgrade] upgraded: stone_pickaxe,wooden_shovel,wooden_pickaxe,wooden_pickaxe
F2 tool upgrade: OK -> stone_pickaxe (stone_pickaxe,wooden_shovel,wooden_pickaxe,wooden_pickaxe)
F2 sword due: planks available
F2 sword: OK (wooden_sword, holds 1)
F2 sword: OK (wooden_sword)
F2 [F2] craft torches: skip (no coal: sticks 3 coals 0)
F2 [F2] digShaft: water strike at y=50 -> water table (regions 1); fluid below (-118, 51, 398) - moving sideways
F5 [F5] vein sweep: 6 drop(s) in reach (12 dug)
F5 [F5] vein sweep: the drop walks picked nothing (pocket delta 0, 0 failed walk(s))
F5 [F5] vein sweep: 6 deep drop(s) skipped (dy < -2 - the lip sphere cannot reach, the walk was a guaranteed spiral)
F5 vein sweep: 12 ores dug beside the gallery (floor lock)
F2 [F2] digShaft: water strike at y=50 -> water table (regions 1); fluid below (-118, 51, 398) - moving sideways
F5 [F5] craft torches: skip (no coal: sticks 3 coals 0)
F5 [F5] craft torches: skip (no coal: sticks 3 coals 0)
F5 tunnel: steering coal_ore @ 4.4b (axis x+, cross 2.6999999999999886, floor lock)
F5 tunnel: 0 blocks (branch mine at the floor, steered, floor lock)
F11 [F11] craft torches: stick-dry but 14 planks held - one stick batch first
F5 [F5] craft torches: skip (no coal: sticks 3 coals 0)
F5 [F5] craft torches: skip (no coal: sticks 3 coals 0)
F5 tunnel: steering coal_ore @ 4.5b (axis z+, cross 2.301178148723409, floor lock)
F11 [F11] craft torches: skip (no coal: sticks 4 coals 0)
F16 [F16] craft torches: stick-dry but 13 planks held - one stick batch first
t-461s alive=19/19 mined=193 map=495p/9ch banked=0 smelted=0 pocket=244u/86s | sand=0 gravel=0 dirt=9 stone=0
   deficits: 157926/0 (0.0%) 149380/0 (0.0%) 31860/0 (0.0%) 27420/0 (0.0%) 10725/0 (0.0%)
   F1=11[stick:6 oak_planks:5 oak_log:4] | F2=17[cobblestone:9 dirt:4 stick:3] | F3=10[oak_log:2 chest:2 stick:2] | F4=11[oak_log:2 leaf_litter:2 birch_log:1] | F5=44[cobblestone:24 stick:3 dirt:3] | F6=9[oak_planks:11 oak_log:6 birch_log:1] | F7=6[empty] | F8=8[birch_log:7 oak_planks:6 birch_planks:4] | F9=7[stick:2 oak_log:1] | F10=13[leaf_litter:4 oak_log:2 birch_log:2] | F11=8[oak_planks:12 stick:4 leaf_litter:3] | F12=11[oak_log:11] | F13=6[oak_log:8 oak_sapling:2 stick:1] | F14=5[birch_log:3 oak_log:3] | F15=11[birch_log:2 birch_sapling:1 oak_log:1] | F16=5[oak_planks:10 oak_log:6 birch_planks:1] | F17=6[stick:3 oak_log:3 birch_log:2] | F18=3[chest:1 oak_sapling:1] | F19=2[stick:2 oak_sapling:1]
   mem: heap=103M/142M old=-1M ext=123M ab=120M rss=376M cols=1983 ents=2015 evicted=617 path=6a/7q (max 6) stale=0
F16 [F16] craft torches: skip (no coal: sticks 4 coals 0)
[hb] n=7 ts=141s rss=372M late=34ms mainLate=463ms
F5 tunnel: 2 blocks (branch mine at the floor, steered, floor lock)
F11 dir=(-0.99,-0.16) logs=3 tools=wooden_pickaxe
F11 spare pick due: spare (planks available)
F5 [F5] craft torches: skip (no coal: sticks 3 coals 0)
F5 [F5] craft torches: skip (no coal: sticks 3 coals 0)
F5 tunnel: steering coal_ore @ 4.5b (axis x+, cross 2.3000000000000114, floor lock)
F1 [F1] craft torches: stick-dry with logs held - one plank conversion first
F2 [F2] craft torches: skip (no coal: sticks 3 coals 0)
F2 [F2] digShaft: water strike at y=50 -> water table (regions 1); fluid below (-118, 51, 398) - moving sideways
F11 spare pick: OK (wooden_pickaxe, holds 2)
F11 sword due: planks available
F1 [F1] craft torches: stick-dry but 9 planks held - one stick batch first
F1 [F1] craft torches: skip (no coal: sticks 6 coals 0)
F1 dir=(1.00,0.00) logs=2 tools=wooden_pickaxe
F1 spare pick due: spare (planks available)
F11 sword: OK (wooden_sword, holds 1)
F11 sword: OK (wooden_sword)
F11 [F11] craft torches: stick-dry but 7 planks held - one stick batch first
F11 [F11] craft torches: skip (no coal: sticks 5 coals 0)
F1 spare pick: OK (wooden_pickaxe, holds 2)
F1 sword due: planks available
F1 sword: OK (wooden_sword, holds 1)
F1 sword: OK (wooden_sword)
F1 [F1] craft torches: skip (no coal: sticks 3 coals 0)
F2 [F2] digShaft: water strike at y=50 -> water table (regions 1); fluid below (-118, 51, 398) - moving sideways
F2 [F2] craft torches: skip (no coal: sticks 3 coals 0)
F2 [F2] digShaft: water strike at y=50 -> water table (regions 1); fluid below (-118, 51, 398) - moving sideways
F8 [F8] craft torches: stick-dry but 8 planks held - one stick batch first
F8 [F8] craft torches: skip (no coal: sticks 4 coals 0)
F8 dir=(-0.68,0.74) logs=7 tools=wooden_pickaxe
F8 spare pick due: spare (planks available)
F12 [F12] craft torches: stick-dry with logs held - one plank conversion first
F8 spare pick: OK (wooden_pickaxe, holds 2)
F8 sword due: planks available
F12 [F12] craft torches: stick-dry but 6 planks held - one stick batch first
F12 [F12] craft torches: skip (no coal: sticks 4 coals 0)
F8 sword: OK (wooden_sword, holds 1)
F8 sword: OK (wooden_sword)
F8 [F8] craft torches: stick-dry with logs held - one plank conversion first
F11 [F11] torch: the placement did not land (dry) x1 - the streak names itself once, a landing re-arms it
F11 [F11] digShaft: water table y=54 (region strike) - stopping above the aquifer, the tunnel owns this level (regions 1)
F12 dir=(-0.88,-0.48) logs=7 tools=wooden_pickaxe
F12 spare pick due: spare (planks available)
F8 [F8] craft torches: stick-dry but 9 planks held - one stick batch first
F8 [F8] craft torches: skip (no coal: sticks 5 coals 0)
F12 spare pick: OK (wooden_pickaxe, holds 2)
F12 [F12] craft torches: stick-dry with logs held - one plank conversion first
F1 [F1] torch: the placement did not land (dry) x1 - the streak names itself once, a landing re-arms it
F2 [F2] digShaft: water strike at y=50 -> water table (regions 1); fluid below (-118, 51, 398) - moving sideways
F2 tunnel: steering coal_ore @ 6b (axis x--1, cross 0.5146351775937319, floor lock)
F5 tunnel: 13 blocks (branch mine at the floor, steered, floor lock)
F12 [F12] craft torches: stick-dry but 9 planks held - one stick batch first
F11 [F11] craft torches: skip (no coal: sticks 5 coals 0)
F11 [F11] digShaft: water table y=54 (region strike) - stopping above the aquifer, the tunnel owns this level (regions 1)
F11 [F11] craft torches: skip (no coal: sticks 5 coals 0)
F11 [F11] digShaft: water table y=54 (region strike) - stopping above the aquifer, the tunnel owns this level (regions 1)
F11 tunnel: steering coal_ore @ 5.5b (axis z--1, cross 0.49984453201491874, floor lock)
F12 [F12] craft torches: skip (no coal: sticks 6 coals 0)
F16 dir=(0.25,-0.97) logs=6 tools=wooden_pickaxe
F16 spare pick due: spare (planks available)
F10 [F10] craft torches: stick-dry but 6 planks held - one stick batch first
F10 [F10] craft torches: skip (no coal: sticks 6 coals 0)
F16 spare pick: OK (wooden_pickaxe, holds 2)
F16 sword due: planks available
t-446s alive=19/19 mined=258 map=529p/9ch banked=0 smelted=0 pocket=321u/118s | sand=0 gravel=0 dirt=26 stone=0
   deficits: 157926/0 (0.0%) 149380/0 (0.0%) 31860/0 (0.0%) 27420/0 (0.0%) 10725/5 (0.0%)
   F1=23[dirt:4 diorite:4 stick:3] | F2=21[cobblestone:13 dirt:4 stick:3] | F3=10[leaf_litter:3 oak_log:2 chest:2] | F4=11[oak_log:2 leaf_litter:2 birch_sapling:1] | F5=59[cobblestone:31 andesite:5 stick:3] | F6=9[oak_planks:11 oak_log:7 birch_log:1] | F7=6[birch_log:4 oak_sapling:1] | F8=15[birch_planks:7 stick:5 dirt:5] | F9=11[stick:2 oak_log:1] | F10=13[stick:6 leaf_litter:4 oak_planks:3] | F11=18[cobblestone:6 stick:5 oak_planks:5] | F12=16[oak_planks:7 stick:6 oak_log:5] | F13=6[stick:7 oak_log:6 oak_planks:6] | F14=5[birch_log:3 oak_log:3] | F15=11[birch_log:2 oak_log:2] | F16=5[oak_log:6 oak_planks:5 wooden_pickaxe:2] | F17=6[stick:3 oak_log:3 birch_log:2] | F18=5[chest:1 oak_sapling:1] | F19=8[stick:2 oak_sapling:1]
   mem: heap=111M/143M old=-1M ext=121M ab=119M rss=376M cols=1958 ents=2128 evicted=664 path=6a/2q (max 6) stale=0
F16 sword: OK (wooden_sword, holds 1)
F16 sword: OK (wooden_sword)
F16 [F16] craft torches: stick-dry but 6 planks held - one stick batch first
F16 [F16] craft torches: skip (no coal: sticks 5 coals 0)
F10 dir=(-0.99,0.16) logs=0 tools=wooden_pickaxe
F10 spare pick due: spare (planks available)
F8 [F8] torch: the placement did not land (dry) x1 - the streak names itself once, a landing re-arms it
F13 [F13] craft torches: skip (no coal: sticks 3 coals 0)
F13 dir=(-0.68,-0.74) logs=6 tools=wooden_pickaxe
F13 sword due: planks available
F11 tunnel: 2 blocks (branch mine at the floor, steered, floor lock)
F10 spare pick: OK (wooden_pickaxe, holds 2)
F10 [F10] craft torches: skip (no coal: sticks 4 coals 0)
F13 sword: OK (wooden_sword, holds 1)
F13 sword: OK (wooden_sword)
F13 [F13] craft torches: stick-dry with logs held - one plank conversion first
F12 [F12] torch: the placement did not land (dry) x1 - the streak names itself once, a landing re-arms it
F5 [F5] vein sweep: 5 drop(s) in reach (6 dug)
F13 [F13] craft torches: stick-dry but 8 planks held - one stick batch first
F13 [F13] craft torches: skip (no coal: sticks 6 coals 0)
F8 tool upgrade due: cobble available -> stone_pickaxe
F2 tunnel: 10 blocks (branch mine at the floor, steered, floor lock)
F1 tool upgrade due: cobble available -> stone_pickaxe
F16 [F16] torch: the placement did not land (dry) x1 - the streak names itself once, a landing re-arms it
F16 [F16] digShaft: water table y=54 (region strike) - stopping above the aquifer, the tunnel owns this level (regions 1)
F12 tool upgrade due: cobble available -> stone_pickaxe
F11 tool upgrade due: cobble available -> stone_pickaxe
[hb] n=8 ts=161s rss=374M late=39ms mainLate=662ms
F10 [F10] torch: the placement did not land (dry) x1 - the streak names itself once, a landing re-arms it
F8 [toolupgrade] [upgrade] upgraded: stone_pickaxe,wooden_shovel,wooden_pickaxe,wooden_pickaxe
F8 tool upgrade: OK -> stone_pickaxe (stone_pickaxe,wooden_shovel,wooden_pickaxe,wooden_pickaxe)
F8 [F8] craft torches: skip (no coal: sticks 3 coals 0)
F10 [F10] digShaft: water table y=54 (region strike) - stopping above the aquifer, the tunnel owns this level (regions 1)
F10 wood trip: famine (sticks 4 planks 1 logs 0) - gathering
F13 [F13] torch: the placement did not land (dry) x1 - the streak names itself once, a landing re-arms it
F13 [F13] digShaft: water table y=54 (region strike) - stopping above the aquifer, the tunnel owns this level (regions 1)
F12 [toolupgrade] [upgrade] upgraded: stone_pickaxe,wooden_shovel,wooden_pickaxe,wooden_pickaxe
F12 tool upgrade: OK -> stone_pickaxe (stone_pickaxe,wooden_shovel,wooden_pickaxe,wooden_pickaxe)
F12 sword due: planks available
F1 [toolupgrade] [upgrade] upgraded: stone_pickaxe,wooden_shovel,wooden_pickaxe,wooden_pickaxe
F1 tool upgrade: OK -> stone_pickaxe (stone_pickaxe,wooden_shovel,wooden_pickaxe,wooden_pickaxe)
F1 [F1] craft torches: skip (no coal: sticks 5 coals 0)
F12 sword: OK (wooden_sword, holds 1)
F12 sword: OK (wooden_sword)
F12 [F12] craft torches: skip (no coal: sticks 3 coals 0)
F11 [toolupgrade] [upgrade] upgraded: stone_pickaxe,wooden_shovel,wooden_pickaxe,wooden_pickaxe
F11 tool upgrade: OK -> stone_pickaxe (stone_pickaxe,wooden_shovel,wooden_pickaxe,wooden_pickaxe)
F11 [F11] craft torches: skip (no coal: sticks 3 coals 0)
F11 [F11] digShaft: water table y=54 (region strike) - stopping above the aquifer, the tunnel owns this level (regions 1)
F11 [F11] craft torches: skip (no coal: sticks 3 coals 0)
F11 [F11] digShaft: water table y=54 (region strike) - stopping above the aquifer, the tunnel owns this level (regions 1)
F11 tunnel: steering coal_ore @ 5.3b (axis z--1, cross 0.5, floor lock)
F2 [F2] craft torches: skip (no coal: sticks 3 coals 0)
F2 [F2] water: drowning rescue start (drowning, oxygen 12)
F2 [F2] water: pass 0 head=wet shore=none land=n/a y=47.3 o2=12 probes=0 at=[-124,47,398]
F5 [F5] vein sweep: the drop walk to [-118,44,387] failed - sweep drops: timeout after 4000ms (dy 1.0, range 1)
F5 [F5] vein sweep: the drop walk to [-116,44,387] failed - doomed goal (ledgered 50s ago at [-117,44,387]) - sweep drops refused (dy 1.0, range 1)
F11 tunnel: 0 blocks (branch mine at the floor, steered, floor lock)
F11 [F11] craft torches: skip (no coal: sticks 3 coals 0)
F11 [F11] digShaft: water table y=54 (region strike) - stopping above the aquifer, the tunnel owns this level (regions 1)
F11 [F11] craft torches: skip (no coal: sticks 3 coals 0)
F11 [F11] digShaft: water table y=54 (region strike) - stopping above the aquifer, the tunnel owns this level (regions 1)
F11 tunnel: steering coal_ore @ 5.7b (axis z--1, cross 0.7000000000000028, floor lock)
F2 [F2] water: pass 7 head=dry shore=hit r=1 land=none y=51.0 o2=17 probes=0 at=[-123,51,398]
F7 [F7] craft torches: stick-dry with logs held - one plank conversion first
F16 [F16] craft torches: skip (no coal: sticks 5 coals 0)
F16 [F16] digShaft: water table y=54 (region strike) - stopping above the aquifer, the tunnel owns this level (regions 1)
F16 [F16] craft torches: skip (no coal: sticks 5 coals 0)
F16 [F16] digShaft: water table y=54 (region strike) - stopping above the aquifer, the tunnel owns this level (regions 1)
F16 tunnel: steering coal_ore @ 3b (axis z--1, cross 1.4179892572172719, floor lock)
F2 [F2] craft torches: skip (no coal: sticks 3 coals 0)
F2 tunnel: steering coal_ore @ 5.2b (axis z--1, cross 0.2635999694766298, floor lock)
F2 [F2] water: rescue complete in 3.0s
F2 [F2] water: hazard memorized at [-124,51,398] (1 live, fleet-wide)
F7 [F7] craft torches: stick-dry but 6 planks held - one stick batch first
F7 [F7] craft torches: skip (no coal: sticks 4 coals 0)
F11 tunnel: 0 blocks (branch mine at the floor, steered, floor lock)
F11 [F11] craft torches: skip (no coal: sticks 3 coals 0)
F11 [F11] digShaft: water table y=54 (region strike) - stopping above the aquifer, the tunnel owns this level (regions 1)
F11 [F11] craft torches: skip (no coal: sticks 3 coals 0)
F11 [F11] digShaft: water table y=54 (region strike) - stopping above the aquifer, the tunnel owns this level (regions 1)
F11 tunnel: steering coal_ore @ 5.9b (axis z--1, cross 2.299999999999997, floor lock)
F6 dir=(-0.08,1.00) logs=8 tools=no crafting table
F6 tool recovery: no pickaxe - spare-pick craft first
F6 craft stick: storm cooldown 3948ms left (3 consecutive timeouts) - refusing
F6 spare pick: stick craft did not land
F6 tool recovery: spare craft failed (no sticks and no planks for sticks) - re-running the bootstrap
F6 recovery brake: 1 consecutive failures - next attempt in 45s
F6 tool recovery: failed (no crafting table)
F6 spare pick due: spare (planks available)
F6 craft stick: storm cooldown 3908ms left (3 consecutive timeouts) - refusing
F6 spare pick: stick craft did not land
F6 sword due: planks available
F6 craft stick: storm cooldown 3908ms left (3 consecutive timeouts) - refusing
F6 sword: stick craft did not land
F6 sword: failed (wooden_sword)
F6 [F6] craft torches: stick-dry but 11 planks held - one stick batch first
F6 [F6] craft stick: storm cooldown 3905ms left (3 consecutive timeouts) - refusing
F6 [F6] craft torches: skip (no spare sticks: sticks 0 coals 0)
t-431s alive=19/19 mined=347 map=629p/10ch banked=0 smelted=0 pocket=413u/145s | sand=0 gravel=0 dirt=42 stone=0
   deficits: 157926/0 (0.0%) 149380/0 (0.0%) 31860/0 (0.0%) 27420/0 (0.0%) 10725/7 (0.1%)
   F1=32[cobblestone:11 diorite:7 stick:5] | F2=30[cobblestone:21 dirt:4 stick:3] | F3=10[leaf_litter:3 oak_log:2 chest:2] | F4=11[birch_planks:2 stick:2 leaf_litter:2] | F5=63[cobblestone:31 andesite:7 stick:3] | F6=10[oak_planks:10 oak_log:7 oak_pressure_plate:1] | F7=6[birch_planks:4 stick:4 wooden_shovel:1] | F8=29[cobblestone:14 dirt:5 birch_log:4] | F9=11[oak_log:5 stick:2] | F10=29[cobblestone:10 dirt:7 leaf_litter:5] | F11=18[cobblestone:5 dirt:5 stick:3] | F12=32[cobblestone:11 oak_log:5 dirt:4] | F13=14[stick:6 oak_planks:6 dirt:5] | F14=5[birch_log:3 oak_log:3] | F15=11[oak_planks:5 wooden_shovel:1 birch_planks:1] | F16=15[cobblestone:7 oak_log:6 stick:5] | F17=6[stick:3 oak_log:3 birch_log:2] | F18=5[chest:1 oak_sapling:1] | F19=10[oak_log:3 stick:2 oak_sapling:1]
   mem: heap=102M/143M old=-1M ext=121M ab=118M rss=377M cols=1942 ents=2288 evicted=703 path=6a/6q (max 6) stale=0
F15 [F15] craft torches: stick-dry but 6 planks held - one stick batch first
F15 [F15] craft torches: skip (no coal: sticks 4 coals 0)
F15 dir=(-0.08,-1.00) logs=0 tools=wooden_pickaxe
F15 spare pick due: spare (planks available)
F15 spare pick: OK (wooden_pickaxe, holds 2)
F15 [F15] craft torches: skip (no spare sticks: sticks 2 coals 0)
F4 [F4] craft torches: skip (no spare sticks: sticks 0 coals 0)
F11 tunnel: 0 blocks (branch mine at the floor, steered, floor lock)
F11 tunnel: 0 blocks x3 - sealed or flooded, cooling down 15s
F16 tunnel: 2 blocks (branch mine at the floor, steered, floor lock)
F5 [F5] vein sweep: +2u walked from the drops (6 dug)
F5 [F5] vein sweep: 2 deep drop(s) skipped (dy < -2 - the lip sphere cannot reach, the walk was a guaranteed spiral)
F5 vein sweep: 6 ores dug beside the gallery (floor lock)
F13 spare pick due: spare (cobble available)
F13 spare pick: no table reachable or placeable
F13 [F13] craft torches: skip (no coal: sticks 6 coals 0)
F13 [F13] digShaft: water table y=54 (region strike) - stopping above the aquifer, the tunnel owns this level (regions 1)
F13 [F13] craft torches: skip (no coal: sticks 6 coals 0)
F13 [F13] digShaft: water table y=54 (region strike) - stopping above the aquifer, the tunnel owns this level (regions 1)
F13 tunnel: steering coal_ore @ 6b (axis x+, cross 0.39839066547051516, floor lock)
F4 dir=(0.55,0.84) logs=0 tools=wooden_pickaxe
F4 [F4] craft torches: skip (no spare sticks: sticks 0 coals 0)
F7 dir=(-0.40,0.92) logs=0 tools=wooden_pickaxe
F7 spare pick due: spare (planks available)
F2 tunnel: 4 blocks (branch mine at the floor, steered, floor lock)
F7 spare pick: OK (wooden_pickaxe, holds 2)
F7 [F7] craft torches: skip (no spare sticks: sticks 2 coals 0)
F5 [F5] climb bridge: unavailable (no solid floor underfoot)
F5 [F5] climb diag: level at y=44 blocked toward 0,1 (dug=3)
F5 [F5] climb bridge: placed cobblestone at [-118,43,383] (support) - the step re-judges
F8 [F8] craft torches: skip (no coal: sticks 3 coals 0)
F8 [F8] craft torches: skip (no coal: sticks 3 coals 0)
F8 tunnel: steering coal_ore @ 3.9b (axis z--1, cross 0.3725999554470718, floor lock)
F12 [F12] craft torches: skip (no coal: sticks 3 coals 0)
F12 [F12] craft torches: skip (no coal: sticks 3 coals 0)
F12 tunnel: steering coal_ore @ 3.4b (axis x--1, cross 0.5, floor lock)
F15 [F15] torch: the placement did not land (dry) x1 - the streak names itself once, a landing re-arms it
F4 [F4] digShaft: water table y=54 (region strike) - stopping above the aquifer, the tunnel owns this level (regions 1)
F4 wood trip: famine (sticks 0 planks 2 logs 0) - gathering
F7 [F7] torch: the placement did not land (dry) x1 - the streak names itself once, a landing re-arms it
F5 [F5] climb bridge: placed cobblestone at [-119,43,383] (pit) - the step re-judges
F15 [F15] digShaft: water table y=54 (region strike) - stopping above the aquifer, the tunnel owns this level (regions 1)
F15 wood trip: famine (sticks 2 planks 1 logs 0) - gathering
F7 [F7] digShaft: water strike at y=53 -> water table (regions 2); fluid below (-140, 54, 419) - moving sideways
F8 tunnel: 2 blocks (branch mine at the floor, steered, floor lock)
F5 [F5] climb bridge: placed cobblestone at [-119,44,383] (support) - the step re-judges
F7 wood trip: famine (sticks 2 planks 1 logs 0) - gathering
F6 [F6] craft torches: stick-dry but 10 planks held - one stick batch first
F6 [F6] craft torches: skip (no coal: sticks 4 coals 0)
F6 [F6] digShaft: water table y=57 (region strike) - stopping above the aquifer, the tunnel owns this level (regions 2)
F6 [F6] craft torches: skip (no coal: sticks 4 coals 0)
F6 [F6] digShaft: water table y=57 (region strike) - stopping above the aquifer, the tunnel owns this level (regions 2)
F6 tunnel: steering iron_ore @ 13.3b (axis x+, cross 3.6952758691645045, floor lock)
[hb] n=9 ts=181s rss=377M late=40ms mainLate=277ms
F3 dir=(0.79,0.61) logs=1 tools=none
F3 tool recovery: no pickaxe - spare-pick craft first
F3 spare pick: skip (no pickaxe materials (need 3 ingots / 3 cobble / 3 planks of ONE type))
F3 tool recovery: spare craft failed (no pickaxe materials (need 3 ingots / 3 cobble / 3 planks of ONE type)) - re-running the bootstrap
F12 tunnel: 12 blocks (branch mine at the floor, steered, floor lock)
F13 tunnel: 12 blocks (branch mine at the floor, steered, floor lock)
F10 climb out (wood trip): OK +9 levels (9 steps, 18 dug, 22s)
t-416s alive=19/19 mined=472 map=645p/10ch banked=0 smelted=0 pocket=561u/164s | sand=0 gravel=0 dirt=82 stone=0
   deficits: 157926/0 (0.0%) 149380/0 (0.0%) 31860/0 (0.0%) 27420/0 (0.0%) 10725/10 (0.1%)
   F1=32[cobblestone:13 diorite:7 stick:5] | F2=31[cobblestone:24 dirt:4 stick:3] | F3=10[leaf_litter:5 stick:4 chest:2] | F4=25[cobblestone:8 dirt:6 leaf_litter:4] | F5=76[cobblestone:37 andesite:10 stick:3] | F6=19[dirt:10 oak_planks:8 oak_log:7] | F7=20[cobblestone:8 dirt:5 stick:2] | F8=38[cobblestone:19 dirt:5 raw_copper:5] | F9=11[oak_planks:6 stick:6 oak_log:2] | F10=40[dirt:17 leaf_litter:12 cobblestone:11] | F11=18[cobblestone:5 dirt:5 stick:3] | F12=44[cobblestone:19 granite:11 oak_log:5] | F13=26[cobblestone:13 dirt:8 stick:6] | F14=8[birch_log:3 oak_log:3] | F15=27[cobblestone:11 dirt:6 leaf_litter:5] | F16=22[cobblestone:7 oak_log:6 stick:5] | F17=10[oak_log:4 stick:3 birch_log:2] | F18=5[chest:1 oak_sapling:1] | F19=10[oak_log:7 birch_log:3 stick:2]
   mem: heap=103M/144M old=-1M ext=121M ab=118M rss=372M cols=1947 ents=2399 evicted=743 path=6a/1q (max 6) stale=0
F11 [F11] craft torches: skip (no coal: sticks 3 coals 0)
F11 [F11] digShaft: water table y=54 (region strike) - stopping above the aquifer, the tunnel owns this level (regions 2)
F11 [F11] craft torches: skip (no coal: sticks 3 coals 0)
F11 [F11] digShaft: water table y=54 (region strike) - stopping above the aquifer, the tunnel owns this level (regions 2)
F11 tunnel: steering iron_ore @ 9.9b (axis z+, cross 0.7000000000000028, floor lock)
F9 [F9] craft torches: stick-dry with logs held - one plank conversion first
F9 [F9] craft torches: stick-dry but 6 planks held - one stick batch first
F9 [F9] craft torches: skip (no coal: sticks 6 coals 0)
F9 dir=(-0.88,0.48) logs=1 tools=wooden_pickaxe
F9 spare pick due: spare (planks available)
F9 spare pick: OK (wooden_pickaxe, holds 2)
F9 [F9] craft torches: skip (no coal: sticks 4 coals 0)
F1 [F1] craft torches: skip (no coal: sticks 5 coals 0)
F1 [F1] craft torches: skip (no coal: sticks 5 coals 0)
F1 tunnel: steering coal_ore @ 2.8b (axis z+, cross 1.3216399576726587, floor lock)
F11 tunnel: 2 blocks (branch mine at the floor, steered, floor lock)
F11 [F11] craft torches: skip (no coal: sticks 3 coals 0)
F11 [F11] digShaft: water table y=54 (region strike) - stopping above the aquifer, the tunnel owns this level (regions 2)
F11 [F11] craft torches: skip (no coal: sticks 3 coals 0)
F11 [F11] digShaft: water table y=54 (region strike) - stopping above the aquifer, the tunnel owns this level (regions 2)
F11 tunnel: steering coal_ore @ 6.2b (axis z--1, cross 0.29999999999999716, floor lock)
F6 tunnel: 12 blocks (branch mine at the floor, steered, floor lock)
F19 [F19] craft torches: stick-dry but 14 planks held - one stick batch first
F19 [F19] craft torches: skip (no coal: sticks 6 coals 0)
F1 tunnel: 1 blocks (branch mine at the floor, steered, floor lock)
F19 dir=(0.95,-0.32) logs=4 tools=wooden_pickaxe
F19 spare pick due: spare (planks available)
F6 [F6] craft torches: skip (no coal: sticks 4 coals 0)
F6 [F6] digShaft: water table y=57 (region strike) - stopping above the aquifer, the tunnel owns this level (regions 2)
F6 [F6] craft torches: skip (no coal: sticks 4 coals 0)
F6 [F6] digShaft: water table y=57 (region strike) - stopping above the aquifer, the tunnel owns this level (regions 2)
F6 tunnel: steering iron_ore @ 8.3b (axis x+, cross 3.3786955792809295, floor lock)
F11 tunnel: 0 blocks (branch mine at the floor, steered, floor lock)
F8 [F8] vein sweep: 8 drop(s) in reach (17 dug)
F11 [F11] craft torches: skip (no coal: sticks 3 coals 0)
F11 [F11] digShaft: water table y=54 (region strike) - stopping above the aquifer, the tunnel owns this level (regions 2)
F11 [F11] craft torches: skip (no coal: sticks 3 coals 0)
F11 [F11] digShaft: water table y=54 (region strike) - stopping above the aquifer, the tunnel owns this level (regions 2)
F11 tunnel: steering copper_ore @ 4.5b (axis x+, cross 0.30000000000001137, floor lock)
F11 tunnel: 0 blocks (branch mine at the floor, steered, floor lock)
F11 [F11] craft torches: skip (no coal: sticks 3 coals 0)
F11 [F11] digShaft: water table y=54 (region strike) - stopping above the aquifer, the tunnel owns this level (regions 2)
F11 [F11] craft torches: skip (no coal: sticks 3 coals 0)
F11 [F11] digShaft: water table y=54 (region strike) - stopping above the aquifer, the tunnel owns this level (regions 2)
F11 tunnel: steering copper_ore @ 4.8b (axis x+, cross 0.30000000000001137, floor lock)
F11 tunnel: 0 blocks (branch mine at the floor, steered, floor lock)
F11 tunnel: 0 blocks x3 - sealed or flooded, cooling down 15s
F16 [F16] vein sweep: 8 drop(s) in reach (13 dug)
F9 [F9] torch: the placement did not land (dry) x1 - the streak names itself once, a landing re-arms it
F5 [F5] climb rise assist: assist did not complete (goto: climb rise assist: timeout after 4500ms)
F19 spare pick: OK (wooden_pickaxe, holds 2)
F19 sword due: planks available
F18 dir=(0.79,-0.61) logs=0 tools=no planks recipe
F18 tool recovery: no pickaxe - spare-pick craft first
F18 spare pick: skip (no sticks and no planks for sticks)
F18 tool recovery: spare craft failed (no sticks and no planks for sticks) - re-running the bootstrap
F9 tool upgrade due: cobble available -> stone_pickaxe
F4 climb out (wood trip): OK +9 levels (8 steps, 16 dug, 20s)
F5 [F5] climb diag: level at y=48 did not rise (food=19, dug=19) feet=air support=stone step=air head=air
F19 sword: OK (wooden_sword, holds 1)
F19 sword: OK (wooden_sword)
F19 [F19] craft torches: skip (no coal: sticks 3 coals 0)
F9 [toolupgrade] [upgrade] upgraded: stone_pickaxe,wooden_pickaxe,wooden_shovel,wooden_pickaxe
F9 tool upgrade: OK -> stone_pickaxe (stone_pickaxe,wooden_pickaxe,wooden_shovel,wooden_pickaxe)
F9 [F9] craft torches: stick-dry with logs held - one plank conversion first
F9 [F9] [tools] closing stale craft window (minecraft:inventory) - grid recovery
F9 [F9] craft oak_planks: no craftable recipe variant (ingredients missing?)
F9 [F9] craft torches: skip (no spare sticks: sticks 2 coals 0)
F16 [F16] vein sweep: the drop walk to [-123,57,397] failed - sweep drops: timeout after 4000ms (dy 1.0, range 1)
t-401s alive=19/19 mined=609 map=702p/11ch banked=0 smelted=0 pocket=714u/178s | sand=0 gravel=0 dirt=131 stone=0
   deficits: 157926/0 (0.0%) 149380/0 (0.0%) 31860/0 (0.0%) 27420/0 (0.0%) 10725/10 (0.1%)
   F1=41[cobblestone:15 diorite:7 stick:5] | F2=31[cobblestone:26 dirt:4 stick:3] | F3=13[leaf_litter:5 stick:4 chest:2] | F4=35[dirt:15 cobblestone:8 leaf_litter:7] | F5=87[cobblestone:49 andesite:10 stick:3] | F6=34[dirt:27 oak_planks:8 oak_log:7] | F7=35[dirt:20 cobblestone:9 leaf_litter:3] | F8=48[raw_copper:25 cobblestone:20 dirt:5] | F9=25[cobblestone:9 oak_planks:5 dirt:3] | F10=44[dirt:17 leaf_litter:12 cobblestone:11] | F11=20[cobblestone:7 dirt:5 stick:3] | F12=62[cobblestone:19 granite:11 oak_log:5] | F13=26[cobblestone:17 dirt:10 stick:6] | F14=8[oak_log:7 oak_sapling:4 birch_log:3] | F15=41[cobblestone:23 dirt:8 leaf_litter:5] | F16=28[cobblestone:9 oak_log:6 stick:5] | F17=10[oak_planks:12 oak_log:4 stick:3] | F18=5[chest:1 oak_sapling:1] | F19=16[oak_planks:7 oak_log:4 stick:3]
   mem: heap=105M/146M old=-1M ext=121M ab=118M rss=376M cols=1944 ents=2794 evicted=788 path=6a/2q (max 6) stale=0
F19 [F19] torch: the placement did not land (dry) x1 - the streak names itself once, a landing re-arms it
[hb] n=10 ts=201s rss=374M late=44ms mainLate=401ms
F7 climb out (wood trip): OK +10 levels (9 steps, 20 dug, 23s)
F8 [F8] vein sweep: the drop walk to [-151,45,425] failed - sweep drops: timeout after 4000ms (dy 4.0, range 1)
F6 tunnel: 12 blocks (branch mine at the floor, steered, floor lock)
F12 [F12] vein sweep: 8 drop(s) in reach (23 dug)
F16 [F16] vein sweep: the drop walk to [-124,58,397] failed - sweep drops: timeout after 4000ms (dy 1.2, range 1)
F13 tool upgrade due: cobble available -> stone_pickaxe
F19 [F19] craft torches: skip (no coal: sticks 3 coals 0)
F19 [F19] craft torches: skip (no coal: sticks 3 coals 0)
F19 tunnel: steering coal_ore @ 5.5b (axis z+, cross 0.5003441636932848, floor lock)
F13 [toolupgrade] [upgrade] upgraded: stone_pickaxe,wooden_shovel,wooden_pickaxe
F13 tool upgrade: OK -> stone_pickaxe (stone_pickaxe,wooden_shovel,wooden_pickaxe)
F13 [F13] craft torches: skip (no coal: sticks 4 coals 0)
F13 [F13] digShaft: water table y=54 (region strike) - stopping above the aquifer, the tunnel owns this level (regions 2)
F13 tunnel: steering coal_ore @ 6.3b (axis x--1, cross 0.6780039394366213, ore detour)
F1 [F1] vein sweep: 8 drop(s) in reach (18 dug)
F15 climb out (wood trip): OK +11 levels (10 steps, 29 dug, 30s)
F8 [F8] vein sweep: the drop walk to [-149,43,425] failed - sweep drops: timeout after 4000ms (dy -0.1, range 1)
F11 [F11] craft torches: skip (no coal: sticks 3 coals 0)
F11 [F11] digShaft: water table y=54 (region strike) - stopping above the aquifer, the tunnel owns this level (regions 2)
F11 [F11] craft torches: skip (no coal: sticks 3 coals 0)
F11 [F11] digShaft: water table y=54 (region strike) - stopping above the aquifer, the tunnel owns this level (regions 2)
F11 tunnel: steering copper_ore @ 4.8b (axis x+, cross 0.6999999999999886, floor lock)
F11 tunnel: 0 blocks (branch mine at the floor, steered, floor lock)
F9 sword due: cobble available
F9 sword: no table reachable or placeable
F9 sword: failed (no table)
F9 [F9] craft torches: stick-dry but 5 planks held - one stick batch first
F11 [F11] craft torches: skip (no coal: sticks 3 coals 0)
F11 [F11] digShaft: water table y=54 (region strike) - stopping above the aquifer, the tunnel owns this level (regions 2)
F11 [F11] craft torches: skip (no coal: sticks 3 coals 0)
F11 [F11] digShaft: water table y=54 (region strike) - stopping above the aquifer, the tunnel owns this level (regions 2)
F11 tunnel: steering copper_ore @ 5.3b (axis x+, cross 0.30000000000001137, floor lock)
F11 tunnel: 0 blocks (branch mine at the floor, steered, floor lock)
F9 [F9] craft torches: skip (no coal: sticks 6 coals 0)
F9 [F9] craft torches: skip (no coal: sticks 6 coals 0)
F9 tunnel: steering coal_ore @ 3.9b (axis z+, cross 1.5, floor lock)
F11 [F11] craft torches: skip (no coal: sticks 3 coals 0)
F11 [F11] digShaft: water table y=54 (region strike) - stopping above the aquifer, the tunnel owns this level (regions 2)
F11 [F11] craft torches: skip (no coal: sticks 3 coals 0)
F11 [F11] digShaft: water table y=54 (region strike) - stopping above the aquifer, the tunnel owns this level (regions 2)
F19 tunnel: 2 blocks (branch mine at the floor, steered, floor lock)
t-385s alive=19/19 mined=699 map=725p/12ch banked=0 smelted=0 pocket=818u/183s | sand=0 gravel=0 dirt=154 stone=0
   deficits: 157926/0 (0.0%) 149380/0 (0.0%) 31860/0 (0.0%) 27420/0 (0.0%) 10725/10 (0.1%)
   F1=51[cobblestone:15 diorite:7 stick:5] | F2=31[cobblestone:26 dirt:4 stick:3] | F3=13[leaf_litter:8 stick:4 oak_log:4] | F4=38[dirt:15 cobblestone:8 leaf_litter:7] | F5=103[cobblestone:64 andesite:10 stick:3] | F6=38[dirt:39 oak_planks:8 oak_log:7] | F7=39[dirt:21 cobblestone:9 leaf_litter:5] | F8=48[raw_copper:28 cobblestone:24 dirt:5] | F9=35[cobblestone:25 stick:6 oak_planks:3] | F10=44[dirt:17 leaf_litter:12 cobblestone:11] | F11=26[cobblestone:13 dirt:5 stick:3] | F12=67[cobblestone:19 granite:11 raw_iron:6] | F13=37[cobblestone:22 dirt:13 oak_planks:6] | F14=8[oak_log:7 birch_log:4 oak_sapling:4] | F15=51[cobblestone:24 dirt:17 leaf_litter:11] | F16=28[cobblestone:9 oak_log:6 stick:5] | F17=10[oak_planks:12 oak_log:4 birch_planks:3] | F18=8[stick:2 chest:1 oak_sapling:1] | F19=24[oak_planks:7 oak_log:4 stick:3]
   mem: heap=113M/147M old=-1M ext=120M ab=118M rss=374M cols=1941 ents=2654 evicted=831 path=6a/7q (max 6) stale=0
F9 tunnel: 4 blocks (branch mine at the floor, steered, floor lock)
F2 [F2] craft torches: skip (no coal: sticks 3 coals 0)
F2 [F2] digShaft: water strike at y=50 -> water table (regions 2); fluid below (-118, 51, 398) - moving sideways
F13 tunnel: 12 blocks (branch mine at the floor, steered, ore detour)
F13 [F13] vein sweep: 1 drop(s) in reach (1 dug)
F19 [F19] craft torches: skip (no coal: sticks 3 coals 0)
F19 [F19] craft torches: skip (no coal: sticks 3 coals 0)
F19 tunnel: steering coal_ore @ 5.9b (axis z+, cross 1.5, floor lock)
F2 [F2] digShaft: water strike at y=50 -> water table (regions 2); fluid below (-118, 51, 398) - moving sideways
F11 tunnel: 12 blocks (branch mine at the floor, floor lock)
[hb] n=11 ts=221s rss=378M late=49ms mainLate=340ms
F11 [F11] vein sweep: 2 drop(s) in reach (1 dug)
F8 [F8] vein sweep: +33u walked from the drops (17 dug)
F8 [F8] vein sweep: 1 deep drop(s) skipped (dy < -2 - the lip sphere cannot reach, the walk was a guaranteed spiral)
F8 vein sweep: 17 ores dug beside the gallery (floor lock)
F19 tunnel: 0 blocks (branch mine at the floor, steered, floor lock)
F19 [F19] craft torches: skip (no coal: sticks 3 coals 0)
F19 [F19] craft torches: skip (no coal: sticks 3 coals 0)
F19 tunnel: steering coal_ore @ 5.8b (axis z--1, cross 1.2999999999999972, floor lock)
F16 [F16] vein sweep: +7u walked from the drops (13 dug)
F16 vein sweep: 13 ores dug beside the gallery (floor lock)
F9 [F9] vein sweep: 8 drop(s) in reach (8 dug)
F12 [F12] vein sweep: the drop walk to [-157,46,407] failed - sweep drops: timeout after 4000ms (dy 2.0, range 1)
F17 dir=(0.55,-0.84) logs=5 tools=no crafting table
F17 tool recovery: no pickaxe - spare-pick craft first
F17 spare pick: no table reachable or placeable
F17 tool recovery: spare craft failed (no table) - re-running the bootstrap
F1 [F1] vein sweep: the drop walk to [-142,45,410] failed - sweep drops: timeout after 4000ms (dy 2.1, range 1)
F2 [F2] craft torches: skip (no coal: sticks 3 coals 0)
F2 [F2] digShaft: water strike at y=50 -> water table (regions 2); fluid below (-118, 51, 398) - moving sideways
F13 [F13] vein sweep: +3u walked from the drops (1 dug)
F13 vein sweep: 1 ores dug beside the gallery (ore detour)
F16 tool upgrade due: cobble available -> stone_pickaxe
F8 [F8] craft torches: the metal fuel reserve holds all 4 coal for the furnace (30 raw metal held)
F8 tunnel: steering coal_ore @ 3.1b (axis z--1, cross 0.3819782980195612, ore detour)
F14 [F14] craft torches: stick-dry but 14 planks held - one stick batch first
F12 [F12] vein sweep: +19u walked from the drops (23 dug)
F12 vein sweep: 23 ores dug beside the gallery (floor lock)
F6 tool recovery: no pickaxe - spare-pick craft first
F6 spare pick: no table reachable or placeable
F6 tool recovery: spare craft failed (no table) - re-running the bootstrap
F14 [F14] craft torches: skip (no coal: sticks 5 coals 0)
F14 dir=(-0.40,-0.92) logs=5 tools=wooden_pickaxe
F14 spare pick due: spare (planks available)
F19 tunnel: 2 blocks (branch mine at the floor, steered, floor lock)
F19 [F19] craft torches: skip (no coal: sticks 3 coals 0)
F19 [F19] craft torches: skip (no coal: sticks 3 coals 0)
F19 tunnel: steering coal_ore @ 5.5b (axis z--1, cross 1.2999999999999972, floor lock)
F11 [F11] vein sweep: the drop walk to [-126,56,411] failed - sweep drops: timeout after 4000ms (dy 0.2, range 1)
F2 [F2] digShaft: water strike at y=50 -> water table (regions 2); fluid below (-118, 51, 398) - moving sideways
F2 tunnel: steering coal_ore @ 6.3b (axis x--1, cross 1.6999999999999886, floor lock)
F14 spare pick: OK (wooden_pickaxe, holds 2)
F14 sword due: planks available
F9 [F9] vein sweep: the drop walk to [-118,44,387] failed - sweep drops: timeout after 4000ms (dy 1.0, range 1)
t-370s alive=19/19 mined=747 map=794p/14ch banked=0 smelted=0 pocket=947u/201s | sand=2 gravel=0 dirt=156 stone=0
   deficits: 157926/2 (0.0%) 149380/0 (0.0%) 31860/0 (0.0%) 27420/0 (0.0%) 10725/11 (0.1%)
   F1=51[raw_copper:41 cobblestone:19 diorite:7] | F2=31[cobblestone:27 dirt:4 stick:3] | F3=13[leaf_litter:8 oak_log:4 stick:4] | F4=38[dirt:15 cobblestone:8 leaf_litter:7] | F5=117[cobblestone:77 andesite:10 stick:3] | F6=38[dirt:39 oak_planks:12 oak_log:6] | F7=44[dirt:21 cobblestone:9 leaf_litter:5] | F8=51[cobblestone:30 raw_copper:30 dirt:8] | F9=43[cobblestone:26 stick:6 oak_planks:3] | F10=44[dirt:17 leaf_litter:12 cobblestone:11] | F11=33[cobblestone:21 dirt:5 stick:3] | F12=69[cobblestone:25 granite:11 raw_iron:8] | F13=40[cobblestone:25 dirt:13 oak_planks:6] | F14=8[oak_planks:7 oak_sapling:5 oak_log:4] | F15=55[cobblestone:24 dirt:16 leaf_litter:11] | F16=28[cobblestone:9 oak_log:5 stick:5] | F17=10[oak_planks:12 birch_planks:4 oak_log:4] | F18=8[stick:2 chest:1 oak_sapling:1] | F19=26[oak_planks:7 oak_log:4 stick:3]
   mem: heap=111M/147M old=-1M ext=120M ab=117M rss=375M cols=1932 ents=2754 evicted=890 path=6a/1q (max 6) stale=0
F14 sword: OK (wooden_sword, holds 1)
F14 sword: OK (wooden_sword)
F14 [F14] craft torches: stick-dry but 7 planks held - one stick batch first
F14 [F14] craft torches: skip (no coal: sticks 6 coals 0)
F19 tunnel: 0 blocks (branch mine at the floor, steered, floor lock)
F8 tunnel: 2 blocks (branch mine at the floor, steered, ore detour)
F19 [F19] craft torches: skip (no coal: sticks 3 coals 0)
F19 [F19] craft torches: skip (no coal: sticks 3 coals 0)
F19 tunnel: steering coal_ore @ 5.8b (axis z--1, cross 2.299999999999997, floor lock)
F16 [toolupgrade] [upgrade] upgraded: stone_pickaxe,wooden_shovel,wooden_pickaxe,wooden_pickaxe
F16 tool upgrade: OK -> stone_pickaxe (stone_pickaxe,wooden_shovel,wooden_pickaxe,wooden_pickaxe)
F16 [F16] craft torches: 1 batch(es) -> 4 torches (sticks 3 coals 5)
F16 [F16] digShaft: water hazard 0.6b away (live 1) - refusing this column, the caller rotates
F16 [F16] craft torches: stick-dry with logs held - one plank conversion first
F1 [F1] vein sweep: the drop walk to [-141,45,410] failed - sweep drops: timeout after 4000ms (dy 2.0, range 1)
F1 [F1] vein sweep: +47u walked from the drops (18 dug)
F1 vein sweep: 18 ores dug beside the gallery (floor lock)
F16 [F16] craft torches: stick-dry but 8 planks held - one stick batch first
F6 [F6] craft torches: stick-dry but 8 planks held - one stick batch first
F16 [F16] craft torches: 4 batch(es) -> 16 torches (sticks 2 coals 4)
F6 [F6] craft torches: skip (no coal: sticks 4 coals 0)
F11 [F11] vein sweep: the drop walk to [-126,54,421] failed - sweep drops: timeout after 4000ms (dy -2.0, range 2)
F11 [F11] vein sweep: +5u walked from the drops (1 dug)
F11 [F11] vein sweep: 1 below-plane walk(s) still failed on the wide goal (range 2) - the drop rests deeper than the lip
F11 vein sweep: 1 ores dug beside the gallery (floor lock)
F19 tunnel: 0 blocks (branch mine at the floor, steered, floor lock)
F19 [F19] craft torches: skip (no coal: sticks 3 coals 0)
F19 [F19] craft torches: skip (no coal: sticks 3 coals 0)
F19 tunnel: steering coal_ore @ 5.9b (axis z--1, cross 2.299999999999997, floor lock)
F9 [F9] vein sweep: the drop walk to [-119,44,388] failed - sweep drops: timeout after 4000ms (dy 0.0, range 1)
F2 tunnel: 4 blocks (branch mine at the floor, steered, floor lock)
F16 [F16] digShaft: water hazard 0.6b away (live 1) - refusing this column, the caller rotates
F16 tunnel: steering coal_ore @ 3b (axis x+, cross 1.3000000000000114, floor lock)
F16 tunnel: 0 blocks (branch mine at the floor, steered, floor lock)
F6 [F6] digShaft: water table y=54 (region strike) - stopping above the aquifer, the tunnel owns this level (regions 2)
F19 tunnel: 0 blocks (branch mine at the floor, steered, floor lock)
F19 tunnel: 0 blocks x3 - sealed or flooded, cooling down 15s
F6 tool recovery: OK (stone_pickaxe,wooden_pickaxe)
F6 sword due: planks available
F5 [F5] climb wet escape: 2 blocks walked (stalled, walked 1/4)
F5 [F5] climb diag: level at y=53 blocked toward -1,0 (dug=57, wet) at [0,2,0] water (stop)
F5 [F5] water: drowning rescue start (drowning, oxygen 8)
F5 [F5] water: pass 0 head=wet shore=none land=n/a y=53.8 o2=8 probes=0 at=[-123,54,374]
F6 sword: OK (wooden_sword, holds 1)
F6 sword: OK (wooden_sword)
F6 [F6] craft torches: stick-dry with logs held - one plank conversion first
F6 [F6] craft torches: stick-dry but 8 planks held - one stick batch first
F6 [F6] craft torches: skip (no coal: sticks 5 coals 0)
F6 [F6] digShaft: water table y=54 (region strike) - stopping above the aquifer, the tunnel owns this level (regions 2)
F6 [F6] craft torches: skip (no coal: sticks 5 coals 0)
F6 [F6] digShaft: water table y=54 (region strike) - stopping above the aquifer, the tunnel owns this level (regions 2)
F6 tunnel: steering coal_ore @ 6.5b (axis x+, cross 2.3218165662652837, floor lock)
F11 [F11] climb bridge: the server refused the pit fill at [-127,56,415] - the rotate ladder owns it (held=cobblestone, 1.0b, ref=stone, post=? (re-read failed))
F11 [F11] climb diag: level at y=57 blocked toward -1,0 (dug=6)
F5 [F5] water: pass 8 head=wet shore=none land=n/a y=54.0 o2=14 probes=0 at=[-123,54,374]
F5 climb out (trip): failed - stalled (traversed 2)
F5 map trip skipped: cannot leave the shaft
F5 [F5] craft torches: skip (no coal: sticks 3 coals 0)
F5 [F5] water: frozen physics (10 flat passes at y=54.2, o2=13, head WET) - standing down, the reconnect lane owns this
F5 [F5] water: rescue standing down (frozen physics - the walk gate reopens, the reconnect lane owns a dead client) in 2.2s
F5 [F5] water: frozen client relog (#1 consecutive) (frozen while head-wet (1 verdict) - the drowning clock owns this client) - ending the session, the reconnect lane rebuilds the physics; the drowning sentry holds non-critical pages 10s (the frozen-return gate)
F5 [F5] water: hazard memorized at [-123,54,373] (2 live, fleet-wide)
F8 [F8] vein sweep: 8 drop(s) in reach (11 dug)
[hb] n=12 ts=241s rss=376M late=54ms mainLate=398ms
F11 [F11] climb diag: level at y=57 blocked toward 0,-1 (dug=8)
F14 [F14] torch: the placement did not land (dry) x1 - the streak names itself once, a landing re-arms it
F11 [F11] climb bridge: the server refused the support fill at [-125,56,415] - the rotate ladder owns it (held=cobblestone, 1.3b, ref=granite, post=? (re-read failed))
F11 [F11] climb diag: level at y=56 blocked toward 1,0 (dug=8)
F14 [F14] digShaft: water table y=54 (region strike) - stopping above the aquifer, the tunnel owns this level (regions 2)
F1 [F1] climb bridge: unavailable (no solid floor underfoot)
F1 [F1] climb diag: level at y=44 blocked toward 1,0 (dug=3)
F16 [F16] vein sweep: 8 drop(s) in reach (11 dug)
F5 retry #1 in 5.4s (Timeout waiting for 1 ticks after 5050ms)
t-355s alive=19/19 mined=842 map=815p/14ch banked=0 smelted=0 pocket=1049u/213s | sand=2 gravel=0 dirt=170 stone=0
   deficits: 157926/2 (0.0%) 149380/0 (0.0%) 31860/0 (0.0%) 27420/0 (0.0%) 10725/16 (0.1%)
   F1=56[raw_copper:41 cobblestone:23 diorite:7] | F2=35[cobblestone:31 dirt:4 stick:3] | F3=16[leaf_litter:8 oak_log:4 stick:4] | F4=38[dirt:15 cobblestone:8 leaf_litter:7] | F5=120[cobblestone:80 andesite:10 stick:3] | F6=48[dirt:43 cobblestone:7 oak_planks:6] | F7=44[dirt:21 cobblestone:9 leaf_litter:5] | F8=62[cobblestone:31 raw_copper:30 coal:14] | F9=43[cobblestone:27 stick:6 oak_planks:3] | F10=45[dirt:17 leaf_litter:12 cobblestone:11] | F11=44[cobblestone:25 dirt:10 stick:3] | F12=87[cobblestone:32 granite:18 raw_iron:8] | F13=40[cobblestone:26 dirt:13 oak_planks:6] | F14=17[stick:6 oak_planks:5 oak_sapling:5] | F15=60[cobblestone:24 dirt:16 leaf_litter:11] | F16=39[torch:20 cobblestone:7 oak_planks:5] | F17=14[oak_planks:12 oak_log:6 birch_planks:4] | F18=8[oak_log:3 stick:2 chest:1] | F19=26[oak_planks:7 oak_log:4 stick:3]
   mem: heap=109M/148M old=-1M ext=120M ab=117M rss=379M cols=1925 ents=2937 evicted=923 path=6a/6q (max 6) stale=0
F14 [F14] craft torches: skip (no coal: sticks 6 coals 0)
F14 [F14] digShaft: water table y=54 (region strike) - stopping above the aquifer, the tunnel owns this level (regions 2)
F14 [F14] craft torches: skip (no coal: sticks 6 coals 0)
F14 [F14] digShaft: water table y=54 (region strike) - stopping above the aquifer, the tunnel owns this level (regions 2)
F14 tunnel: steering coal_ore @ 3.2b (axis z+, cross 1.673718564983787, floor lock)
F6 tunnel: 13 blocks (branch mine at the floor, steered, floor lock)
F2 [F2] climb diag: level at y=50 blocked toward 1,0 (dug=0, wet) at [0,1,0] water (stop)
F16 [F16] vein sweep: the drop walk to [-123,57,396] failed - sweep drops: timeout after 4000ms (dy 1.0, range 1)
F2 [F2] climb wet escape: oxygen 0 at the floor - the escape yields, the rescue lane owns the air
F2 climb out (trip): failed - low-o2
F2 map trip skipped: cannot leave the shaft
F19 [F19] craft torches: skip (no coal: sticks 3 coals 0)
F19 [F19] craft torches: skip (no coal: sticks 3 coals 0)
F19 tunnel: steering iron_ore @ 4.6b (axis x+, cross 0.30000000000001137, floor lock)
F9 [F9] vein sweep: +4u walked from the drops (8 dug)
F9 vein sweep: 8 ores dug beside the gallery (floor lock)
F2 [F2] water: drowning rescue start (drowning, oxygen 0)
F2 [F2] water: pass 0 head=wet shore=none land=n/a y=47.0 o2=0 probes=0 at=[-122,47,398]
F13 [F13] craft torches: skip (no coal: sticks 4 coals 0)
F13 [F13] digShaft: water table y=54 (region strike) - stopping above the aquifer, the tunnel owns this level (regions 2)
F13 tunnel: steering coal_ore @ 6.1b (axis x+, cross 0.32074475840607874, ore detour)
F5 [F5] craft torches: skip (no coal: sticks 3 coals 0)
F14 tunnel: 2 blocks (branch mine at the floor, steered, floor lock)
F5 [F5] digShaft: water hazard 0.8b away (live 2) - refusing this column, the caller rotates
F5 tunnel: steering coal_ore @ 11.1b (axis z+, cross 0.7000000000000028, ore detour)
F2 [F2] craft torches: skip (no coal: sticks 3 coals 0)
F9 [F9] craft torches: skip (no coal: sticks 6 coals 0)
F4 wood trip: plank rung: converted 1->9 same-type planks (need 8, from oak_log)
F6 [F6] climb bridge: unavailable (no solid floor underfoot)
F6 [F6] climb diag: level at y=57 blocked toward 0,1 (dug=4)
F9 tunnel: steering coal_ore @ 2.6b (axis z+, cross 0.5957554244084662, ore detour)
F5 [F5] water: drowning rescue start (drowning, oxygen 10)
F5 [F5] water: pass 0 head=wet shore=none land=n/a y=53.0 o2=10 probes=0 at=[-123,53,374]
F2 [F2] craft torches: skip (no coal: sticks 3 coals 0)
F2 tunnel: steering coal_ore @ 8.6b (axis z+, cross 0.1939024282607562, floor lock)
F2 [F2] water: pass 6 head=dry shore=hit r=1 land=none y=51.4 o2=7 probes=0 at=[-121,51,399]
F6 [F6] climb bridge: unavailable (no solid floor underfoot)
F6 [F6] climb diag: level at y=57 blocked toward -1,0 (dug=6)
F7 wood trip: plank rung: converted 1->8 same-type planks (need 8, from oak_log)
F8 [F8] vein sweep: +13u walked from the drops (11 dug)
F8 [F8] vein sweep: 1 deep drop(s) skipped (dy < -2 - the lip sphere cannot reach, the walk was a guaranteed spiral)
F8 vein sweep: 11 ores dug beside the gallery (ore detour)
F6 [F6] climb bridge: unavailable (no solid floor underfoot)
F6 [F6] climb diag: level at y=57 blocked toward 0,-1 (dug=7)
F5 [F5] water: deep-pocket ascend - dug the ceiling stone at [-123,56,373] (jump stalled 4+ passes, o2 15)
F5 [F5] water: pass 8 head=wet shore=none land=n/a y=54.2 o2=19 probes=0 at=[-123,54,374]
F15 wood trip: plank rung: converted 1->9 same-type planks (need 8, from birch_log)
F9 tunnel: 2 blocks (branch mine at the floor, steered, ore detour)
F2 [F2] water: pass 10 head=dry shore=hit r=1 land=none y=51.4 o2=20 probes=0 at=[-119,51,399]
F5 [F5] water: frozen physics (10 flat passes at y=54.2, o2=20, head WET) - standing down, the reconnect lane owns this
F5 [F5] water: rescue standing down (frozen physics - the walk gate reopens, the reconnect lane owns a dead client) in 3.4s
F5 [F5] water: frozen client relog (#2 consecutive) (frozen while head-wet (1 verdict) - the drowning clock owns this client) - ending the session, the reconnect lane rebuilds the physics; the drowning sentry holds non-critical pages 20s (the frozen-return gate)
F5 [F5] water: hazard memorized at [-123,54,373] (3 live, fleet-wide)
F17 [F17] craft torches: skip (no coal: sticks 3 coals 0)
F8 [F8] climb bridge: placed cobblestone at [-152,45,420] (support) - the step re-judges
F9 [F9] vein sweep: 8 drop(s) in reach (2 dug)
F16 [F16] vein sweep: +18u walked from the drops (11 dug)
F16 vein sweep: 11 ores dug beside the gallery (floor lock)
F2 [F2] water: pass 14 head=dry shore=hit r=1 land=none y=51.1 o2=20 probes=0 at=[-118,51,399]
F12 [F12] water: drowning rescue start (drowning, oxygen 12)
F12 [F12] water: pass 0 head=wet shore=none land=n/a y=51.0 o2=12 probes=0 at=[-169,51,407]
F2 [F2] water: rescue complete in 8.2s
F2 [F2] water: hazard memorized at [-123,51,398] (4 live, fleet-wide)
F17 tool recovery: OK (wooden_pickaxe)
F17 spare pick due: spare (planks available)
F8 [F8] climb bridge: placed cobblestone at [-152,45,421] (pit) - the step re-judges
[hb] n=13 ts=261s rss=379M late=60ms mainLate=873ms
t-340s alive=19/19 mined=954 map=883p/15ch banked=0 smelted=0 pocket=1225u/221s | sand=9 gravel=0 dirt=206 stone=0
   deficits: 157926/9 (0.0%) 149380/0 (0.0%) 31860/0 (0.0%) 27420/0 (0.0%) 10725/21 (0.2%)
   F1=74[cobblestone:41 raw_copper:41 diorite:7] | F2=43[cobblestone:38 dirt:4 stick:3] | F3=16[leaf_litter:9 dirt:5 oak_log:5] | F4=38[dirt:20 leaf_litter:10 oak_planks:9] | F5=121[cobblestone:80 andesite:10 stick:3] | F6=67[dirt:49 cobblestone:21 oak_planks:6] | F7=46[dirt:21 cobblestone:9 oak_planks:8] | F8=67[cobblestone:32 raw_copper:30 coal:17] | F9=48[cobblestone:27 coal:9 stick:6] | F10=45[dirt:19 leaf_litter:12 cobblestone:11] | F11=58[dirt:25 cobblestone:23 leaf_litter:7] | F12=95[cobblestone:37 granite:19 raw_iron:8] | F13=50[cobblestone:32 dirt:14 oak_planks:6] | F14=24[cobblestone:7 stick:6 oak_planks:5] | F15=60[cobblestone:24 dirt:16 leaf_litter:11] | F16=42[torch:20 coal:19 cobblestone:9] | F17=14[oak_log:8 oak_planks:6 wooden_pickaxe:2] | F18=12[oak_log:7 stick:2 chest:1] | F19=34[oak_planks:7 diorite:5 oak_log:4]
   mem: heap=109M/150M old=-1M ext=126M ab=123M rss=379M cols=1926 ents=2673 evicted=944 path=5a/0q (max 6) stale=0
F2 tunnel: 8 blocks (branch mine at the floor, steered, floor lock)
F8 [F8] climb bridge: placed cobblestone at [-152,46,421] (support) - the step re-judges
F17 spare pick: OK (wooden_pickaxe, holds 2)
F17 sword due: planks available
F9 [F9] vein sweep: the drop walk to [-118,44,389] failed - goal brake: 6 goals in 5s - sweep drops refused for 4s (dy 0.0, range 1)
F9 [F9] vein sweep: the drop walk to [-113,44,381] failed - goal brake: 6 goals in 5s - sweep drops refused for 4s (dy -0.5, range 1)
F9 [F9] vein sweep: +13u walked from the drops (2 dug)
F9 vein sweep: 2 ores dug beside the gallery (ore detour)
F9 [F9] craft torches: 4 batch(es) -> 16 torches (sticks 6 coals 12)
F17 sword: OK (wooden_sword, holds 1)
F17 sword: OK (wooden_sword)
F17 [F17] craft torches: stick-dry with logs held - one plank conversion first
F13 tunnel: 12 blocks (branch mine at the floor, steered, ore detour)
F13 [F13] craft torches: skip (no coal: sticks 4 coals 0)
F12 [F12] water: pass 8 head=wet shore=none land=n/a y=54.8 o2=10 probes=0 at=[-169,55,407]
F17 [F17] craft torches: stick-dry but 8 planks held - one stick batch first
F17 [F17] craft torches: skip (no coal: sticks 4 coals 0)
F9 wood trip: famine (sticks 2 planks 3 logs 0) - gathering
F12 [F12] climb diag: level at y=52 blocked toward -1,0 (dug=28) dig failed at [-170,53,406] sand (held=wooden_shovel, airborne, post=water STILL THERE (server never broke it))
F12 [F12] water: pass 16 head=wet shore=none land=n/a y=59.5 o2=7 probes=0 at=[-169,60,407]
F12 [F12] climb wet escape: oxygen 6 at the floor - the escape yields, the rescue lane owns the air
F12 climb out (trip): failed - low-o2
F12 map trip skipped: cannot leave the shaft
F12 [F12] craft torches: skip (no coal: sticks 3 coals 0)
F19 tunnel: 13 blocks (branch mine at the floor, steered, floor lock)
F2 [F2] water: drowning rescue start (drowning, oxygen 13)
F2 [F2] water: pass 0 head=wet shore=none land=n/a y=48.0 o2=13 probes=0 at=[-118,48,399]
F12 [F12] craft torches: skip (no coal: sticks 3 coals 0)
F12 [F12] water: pass 21 head=dry shore=hit r=2 land=none y=62.1 o2=15 probes=0 at=[-167,62,408]
F19 [F19] craft torches: skip (no coal: sticks 3 coals 0)
F19 [F19] craft torches: skip (no coal: sticks 3 coals 0)
F19 tunnel: steering coal_ore @ 7b (axis z--1, cross 2.6271368931563615, floor lock)
F12 tunnel: 1 blocks (branch mine at the floor, floor lock)
F17 [F17] torch: the placement did not land (dry) x1 - the streak names itself once, a landing re-arms it
F12 [F12] craft torches: skip (no coal: sticks 3 coals 0)
F12 [F12] craft torches: skip (no coal: sticks 3 coals 0)
F12 tunnel: 0 blocks (branch mine at the floor, floor lock)
F12 [F12] craft torches: skip (no coal: sticks 3 coals 0)
F12 [F12] craft torches: skip (no coal: sticks 3 coals 0)
F2 [F2] water: rescue complete in 2.4s
F2 [F2] water: hazard memorized at [-118,49,399] (5 live, fleet-wide)
F12 [F12] water: pass 25 head=dry shore=hit r=1 land=none y=62.3 o2=20 probes=0 at=[-165,62,408]
F17 tool upgrade due: cobble available -> stone_pickaxe
F12 tunnel: 1 blocks (branch mine at the floor, floor lock)
F16 [F16] climb bridge: unavailable (no solid floor underfoot)
F16 [F16] climb diag: level at y=64 blocked toward 0,-1 (dug=11)
F12 [F12] craft torches: skip (no coal: sticks 3 coals 0)
F19 tunnel: 2 blocks (branch mine at the floor, steered, floor lock)
F11 climb out (trip): failed - stalled
F11 map trip skipped: cannot leave the shaft
F12 [F12] water: pass 28 head=dry shore=hit r=1 land=none y=64.2 o2=20 probes=0 at=[-165,64,410]
F12 [F12] craft torches: skip (no coal: sticks 3 coals 0)
F16 [F16] climb bridge: the server refused the support fill at [-121,64,389] - the rotate ladder owns it (held=cobblestone, 1.1b, ref=dirt, post=? (re-read failed))
F16 [F16] climb diag: level at y=64 blocked toward 1,0 (dug=12)
F16 [F16] climb bridge: placed cobblestone at [-122,64,390] (support) - the step re-judges
F12 [F12] water: pass 31 head=dry shore=hit r=2 land=none y=64.0 o2=20 probes=0 at=[-169,64,409]
F5 tunnel: 1 blocks (branch mine at the floor, steered, ore detour)
F16 [F16] climb diag: level at y=66 blocked toward 0,1 (dug=12)
F12 tunnel: 0 blocks (branch mine at the floor, floor lock)
F12 [F12] craft torches: skip (no coal: sticks 3 coals 0)
F17 [toolupgrade] [upgrade] upgraded: wooden_shovel,stone_pickaxe,wooden_pickaxe,wooden_pickaxe
F17 tool upgrade: OK -> stone_pickaxe (wooden_shovel,stone_pickaxe,wooden_pickaxe,wooden_pickaxe)
F17 [F17] craft torches: stick-dry with logs held - one plank conversion first
F14 [F14] vein sweep: 8 drop(s) in reach (14 dug)
t-325s alive=19/19 mined=1081 map=940p/16ch banked=0 smelted=0 pocket=1368u/234s | sand=11 gravel=0 dirt=224 stone=0
   deficits: 157926/11 (0.0%) 149380/0 (0.0%) 31860/0 (0.0%) 27420/0 (0.0%) 10725/22 (0.2%)
   F1=92[cobblestone:58 raw_copper:41 diorite:7] | F2=46[cobblestone:39 dirt:4 stick:3] | F3=16[leaf_litter:9 oak_log:5 oak_sapling:5] | F4=38[dirt:20 leaf_litter:10 oak_planks:9] | F5=121[cobblestone:80 andesite:10 stick:3] | F6=78[dirt:58 cobblestone:20 leaf_litter:7] | F7=49[dirt:21 cobblestone:9 oak_planks:8] | F8=82[cobblestone:45 raw_copper:30 coal:17] | F9=49[cobblestone:31 torch:16 coal:8] | F10=45[dirt:20 leaf_litter:12 cobblestone:11] | F11=63[dirt:26 cobblestone:20 leaf_litter:9] | F12=97[cobblestone:37 granite:19 sand:9] | F13=74[cobblestone:56 dirt:14 oak_planks:6] | F14=33[cobblestone:7 stick:6 oak_planks:5] | F15=66[cobblestone:24 dirt:16 leaf_litter:11] | F16=51[torch:20 coal:19 dirt:12] | F17=24[oak_planks:6 oak_log:6 cobblestone:5] | F18=12[oak_planks:8 stick:7 oak_log:4] | F19=45[diorite:16 oak_planks:7 oak_log:4]
   mem: heap=119M/152M old=-1M ext=124M ab=122M rss=378M cols=1907 ents=2936 evicted=1010 path=6a/2q (max 6) stale=0
F17 [F17] craft torches: stick-dry but 6 planks held - one stick batch first
F17 [F17] craft torches: skip (no coal: sticks 6 coals 0)
F12 [F12] water: pass 35 head=wet shore=none land=n/a y=61.9 o2=20 probes=0 at=[-170,62,410]
F11 [F11] craft torches: skip (no coal: sticks 3 coals 0)
F12 [F12] craft torches: skip (no coal: sticks 3 coals 0)
F11 [F11] digShaft: water table y=57 (region strike) - stopping above the aquifer, the tunnel owns this level (regions 2)
F11 tunnel: steering coal_ore @ 4.2b (axis x+, cross 0.30000000000001137, ore detour)
F2 [F2] vein sweep: 6 drop(s) in reach (4 dug)
F2 [F2] vein sweep: the drop walk to [-121,50,399] failed - doomed goal (ledgered 32s ago at [-121,50,399]) - sweep drops refused (dy -1.0, range 1)
F12 [F12] water: pass 40 head=dry shore=hit r=1 land=none y=63.5 o2=20 probes=0 at=[-167,63,410]
F16 [F16] climb rise assist: repositioned to -122,64,388 - the loop re-judges
F18 [F18] craft torches: skip (no coal: sticks 3 coals 0)
[hb] n=14 ts=281s rss=377M late=63ms mainLate=605ms
F12 [F12] water: pass 43 head=dry shore=hit r=4 land=none y=65.2 o2=20 probes=0 at=[-163,65,410]
F14 [F14] vein sweep: the drop walk to [-116,54,408] failed - sweep drops: timeout after 4000ms (dy -2.0, range 2)
F18 tool recovery: OK (wooden_pickaxe)
F18 spare pick due: spare (planks available)
F12 tunnel: 1 blocks (branch mine at the floor, floor lock)
F12 [F12] craft torches: skip (no coal: sticks 3 coals 0)
F12 [F12] craft torches: skip (no coal: sticks 3 coals 0)
F12 tunnel: steering copper_ore @ 13.2b (axis z+, cross 2.6446257487476714, floor lock)
F18 spare pick: OK (wooden_pickaxe, holds 2)
F18 sword due: planks available
F12 tunnel: 0 blocks (branch mine at the floor, steered, floor lock)
F12 [F12] craft torches: skip (no coal: sticks 3 coals 0)
F12 [F12] craft torches: skip (no coal: sticks 3 coals 0)
F12 tunnel: steering copper_ore @ 12.4b (axis z+, cross 2.085213271107733, floor lock)
F12 tunnel: 0 blocks (branch mine at the floor, steered, floor lock)
F10 wood trip: plank rung: converted 1->8 same-type planks (need 8, from oak_log)
F12 [F12] craft torches: skip (no coal: sticks 3 coals 0)
F12 [F12] craft torches: skip (no coal: sticks 3 coals 0)
F12 tunnel: steering copper_ore @ 12.7b (axis z+, cross 1.9743684689282759, floor lock)
F12 tunnel: 0 blocks (branch mine at the floor, steered, floor lock)
F12 tunnel: 0 blocks x3 - sealed or flooded, cooling down 15s
F18 sword: OK (wooden_sword, holds 1)
F18 sword: OK (wooden_sword)
F18 [F18] craft torches: stick-dry with logs held - one plank conversion first
F11 tunnel: 12 blocks (branch mine at the floor, steered, ore detour)
F12 [F12] water: rescue complete in 25.3s
F12 [F12] water: hazard memorized at [-170,62,409] (6 live, fleet-wide)
F2 [F2] vein sweep: the drop walk to [-114,50,398] failed - sweep drops: timeout after 4000ms (dy -1.4, range 2)
F18 [F18] craft torches: stick-dry but 9 planks held - one stick batch first
F18 [F18] craft torches: skip (no coal: sticks 4 coals 0)
F11 [F11] vein sweep: 2 drop(s) in reach (2 dug)
F14 [F14] vein sweep: the drop walk to [-115,56,409] failed - sweep drops: timeout after 4000ms (dy -0.5, range 1)
F17 [F17] craft torches: skip (no coal: sticks 6 coals 0)
F17 [F17] craft torches: skip (no coal: sticks 6 coals 0)
F17 tunnel: steering coal_ore @ 4.6b (axis z--1, cross 1.427517785753821, floor lock)
F18 [F18] torch: the placement did not land (dry) x1 - the streak names itself once, a landing re-arms it
F18 [F18] digShaft: water table y=54 (region strike) - stopping above the aquifer, the tunnel owns this level (regions 2)
F6 climb out (trip): failed - stalled
F6 map trip skipped: cannot leave the shaft
t-310s alive=19/19 mined=1194 map=998p/16ch banked=0 smelted=0 pocket=1500u/249s | sand=12 gravel=0 dirt=262 stone=0
   deficits: 157926/12 (0.0%) 149380/0 (0.0%) 31860/0 (0.0%) 27420/0 (0.0%) 10725/26 (0.2%)
   F1=110[cobblestone:60 raw_copper:41 dirt:20] | F2=47[cobblestone:39 dirt:4 stick:3] | F3=16[leaf_litter:10 stick:6 oak_sapling:6] | F4=38[dirt:21 leaf_litter:10 oak_planks:9] | F5=121[cobblestone:80 andesite:10 stick:3] | F6=82[dirt:58 cobblestone:18 leaf_litter:7] | F7=49[dirt:21 cobblestone:11 oak_planks:8] | F8=100[cobblestone:63 raw_copper:30 coal:17] | F9=49[cobblestone:31 torch:16 coal:8] | F10=45[dirt:20 leaf_litter:12 cobblestone:11] | F11=78[dirt:40 cobblestone:20 leaf_litter:13] | F12=98[cobblestone:37 granite:19 sand:10] | F13=92[cobblestone:71 dirt:14 oak_planks:6] | F14=33[cobblestone:8 stick:6 oak_planks:5] | F15=66[cobblestone:24 dirt:17 leaf_litter:11] | F16=56[torch:20 coal:19 dirt:12] | F17=37[cobblestone:10 stick:6 oak_log:6] | F18=20[oak_planks:6 stick:4 dirt:4] | F19=57[diorite:29 oak_planks:7 oak_log:4]
   mem: heap=106M/152M old=-1M ext=124M ab=121M rss=384M cols=1904 ents=2830 evicted=1040 path=6a/5q (max 6) stale=0
F17 tunnel: 2 blocks (branch mine at the floor, steered, floor lock)
F17 [F17] vein sweep: 2 drop(s) in reach (2 dug)
F11 [F11] vein sweep: +2u walked from the drops (2 dug)
F11 vein sweep: 2 ores dug beside the gallery (ore detour)
F11 bank trip: planned budget 177s
F2 [F2] vein sweep: the drop walks picked nothing (pocket delta 0, 4 failed walk(s))
F2 [F2] vein sweep: 1 below-plane walk(s) still failed on the wide goal (range 2) - the drop rests deeper than the lip
F2 [F2] vein sweep: 2 deep drop(s) skipped (dy < -2 - the lip sphere cannot reach, the walk was a guaranteed spiral)
F2 vein sweep: 4 ores dug beside the gallery (floor lock)
F2 bank trip: planned budget 158s
F6 [F6] craft torches: skip (no coal: sticks 5 coals 0)
F11 [F11] climb bridge: placed cobblestone at [-139,59,424] (support) - the step re-judges
F1 [F1] climb: walkable surface at y=64 (+21 levels, dug=60) - the walk takes over (blocked step)
F1 climb out (trip): OK +21 levels (22 steps, 60 dug, undefineds)
F2 [F2] climb bridge: placed cobblestone at [-120,51,398] (support) - the step re-judges
F11 climb out (bank): OK +2 levels (2 steps, 2 dug, 3s)
F11 bank: holding 45s of 177s for the smelt leg
F13 climb out (trip): OK +12 levels (12 steps, 34 dug, 30s)
F16 [F16] climb rise assist: repositioned to -122,68,383 - the loop re-judges
F17 [F17] vein sweep: the drop walk to [-99,42,377] failed - sweep drops: timeout after 4000ms (dy -0.8, range 1)
F17 [F17] vein sweep: +1u walked from the drops (2 dug)
F17 [F17] vein sweep: 1 deep drop(s) skipped (dy < -2 - the lip sphere cannot reach, the walk was a guaranteed spiral)
F17 vein sweep: 2 ores dug beside the gallery (floor lock)
F11 [F11] raw hop failed: raw walk stalled after 2304ms (d=19.1) - pathfinder retry
F2 [F2] climb diag: level at y=52 blocked toward 1,0 (dug=2)
F17 [F17] craft torches: skip (no coal: sticks 6 coals 0)
F16 climb out (trip): OK +12 levels (13 steps, 18 dug, 40s)
F14 [F14] vein sweep: +1u walked from the drops (14 dug)
F14 [F14] vein sweep: 3 below-plane walk(s) still failed on the wide goal (range 2) - the drop rests deeper than the lip
F14 [F14] vein sweep: 4 deep drop(s) skipped (dy < -2 - the lip sphere cannot reach, the walk was a guaranteed spiral)
F14 vein sweep: 14 ores dug beside the gallery (floor lock)
F17 tunnel: steering coal_ore @ 4.3b (axis z--1, cross 1.3760521038218911, ore detour)
F6 [F6] torch: the placement did not land (dry) x1 - the streak names itself once, a landing re-arms it
F14 tool upgrade due: cobble available -> stone_pickaxe
F6 [F6] digShaft: water table y=54 (region strike) - stopping above the aquifer, the tunnel owns this level (regions 2)
F6 tunnel: steering coal_ore @ 6.7b (axis z+, cross 0.5, ore detour)
[hb] n=15 ts=301s rss=385M late=67ms mainLate=408ms
F13 map trip skipped: sand,gravel unreachable
t-294s alive=19/19 mined=1266 map=1011p/16ch banked=0 smelted=0 pocket=1588u/255s | sand=12 gravel=0 dirt=285 stone=0
   deficits: 157926/12 (0.0%) 149380/0 (0.0%) 31860/0 (0.0%) 27420/0 (0.0%) 10725/32 (0.3%)
   F1=111[cobblestone:60 raw_copper:41 dirt:21] | F2=54[cobblestone:46 dirt:4 stick:3] | F3=16[leaf_litter:10 oak_log:7 stick:6] | F4=38[dirt:21 leaf_litter:10 oak_planks:9] | F5=121[cobblestone:80 andesite:10 stick:3] | F6=93[dirt:62 cobblestone:19 leaf_litter:8] | F7=49[dirt:21 cobblestone:11 oak_planks:8] | F8=112[cobblestone:64 raw_copper:30 dirt:22] | F9=49[cobblestone:31 torch:16 coal:8] | F10=48[dirt:21 leaf_litter:12 cobblestone:11] | F11=80[dirt:43 cobblestone:19 leaf_litter:13] | F12=98[cobblestone:37 granite:19 sand:10] | F13=98[cobblestone:79 dirt:14 oak_planks:6] | F14=33[cobblestone:8 stick:6 oak_sapling:5] | F15=66[cobblestone:24 dirt:18 oak_planks:12] | F16=57[torch:20 coal:19 dirt:12] | F17=44[cobblestone:13 diorite:9 stick:6] | F18=31[cobblestone:7 oak_planks:6 dirt:6] | F19=68[diorite:30 oak_planks:7 cobblestone:7]
   mem: heap=120M/154M old=-1M ext=122M ab=120M rss=385M cols=1880 ents=2627 evicted=1079 path=6a/4q (max 6) stale=0
F5 [F5] craft torches: skip (no coal: sticks 3 coals 0)
F6 tunnel: 2 blocks (branch mine at the floor, steered, ore detour)
F12 [F12] craft torches: skip (no coal: sticks 3 coals 0)
F17 tunnel: 4 blocks (branch mine at the floor, steered, ore detour)
F13 [F13] craft torches: 2 batch(es) -> 8 torches (sticks 4 coals 6)
F5 retry #1 in 5.0s (Timeout waiting for 4 ticks after 5200ms)
F14 [toolupgrade] [upgrade] upgraded: stone_pickaxe,wooden_shovel,wooden_pickaxe,wooden_pickaxe
F14 tool upgrade: OK -> stone_pickaxe (stone_pickaxe,wooden_shovel,wooden_pickaxe,wooden_pickaxe)
F14 [F14] craft torches: skip (no coal: sticks 4 coals 0)
F14 [F14] digShaft: water table y=54 (region strike) - stopping above the aquifer, the tunnel owns this level (regions 2)
F14 [F14] craft torches: skip (no coal: sticks 4 coals 0)
F14 [F14] digShaft: water table y=54 (region strike) - stopping above the aquifer, the tunnel owns this level (regions 2)
F14 tunnel: steering coal_ore @ 3.7b (axis z+, cross 1.3152035018594859, floor lock)
F15 wood trip: gathered (sticks 2 planks 19 logs 9)
F8 climb out (trip): OK +19 levels (19 steps, 50 dug, 59s)
F12 [F12] water: drowning rescue start (drowning, oxygen 16)
F12 [F12] water: pass 0 head=wet shore=none land=n/a y=61.0 o2=16 probes=0 at=[-165,61,407]
F6 [F6] vein sweep: 6 drop(s) in reach (8 dug)
F12 [F12] water: pass 3 head=dry shore=hit r=1 land=none y=62.4 o2=20 probes=0 at=[-164,62,407]
F14 tunnel: 0 blocks (branch mine at the floor, steered, floor lock)
[hb] n=16 ts=321s rss=384M late=72ms mainLate=498ms
F5 [F5] craft torches: skip (no coal: sticks 3 coals 0)
F5 [F5] digShaft: water hazard 0.8b away (live 6) - refusing this column, the caller rotates
F5 tunnel: steering coal_ore @ 3.5b (axis x--1, cross 1.3000000000000114, ore detour)
F11 [F11] direct deposit: 27 chest slots derived from the 63-slot view
F11 camp furnace: 11 near machine(s) all beyond the 24b direct envelope (nearest d=29.7) - the bay reads as empty, the camp ladder decides on its own merits
F11 camp furnace: place-table (table item held - place it first)
t-278s alive=19/19 mined=1318 map=1022p/16ch banked=0 smelted=0 pocket=1580u/258s | sand=15 gravel=0 dirt=255 stone=0
   deficits: 157926/15 (0.0%) 149380/0 (0.0%) 31860/0 (0.0%) 27420/0 (0.0%) 10725/33 (0.3%)
   F1=113[cobblestone:60 raw_copper:41 dirt:20] | F2=63[cobblestone:55 dirt:4 stick:3] | F3=16[oak_planks:13 leaf_litter:10 stick:6] | F4=38[dirt:21 leaf_litter:10 oak_planks:9] | F5=121[cobblestone:80 andesite:10 stick:3] | F6=101[dirt:62 cobblestone:19 leaf_litter:8] | F7=49[dirt:21 cobblestone:11 oak_planks:8] | F8=112[cobblestone:64 raw_copper:30 dirt:23] | F9=49[cobblestone:31 torch:16 coal:8] | F10=48[dirt:21 cobblestone:12 leaf_litter:12] | F11=80[cobblestone:19 stick:3 birch_log:2] | F12=98[cobblestone:37 granite:19 sand:11] | F13=105[cobblestone:83 dirt:18 torch:8] | F14=34[cobblestone:5 oak_sapling:5 oak_log:4] | F15=66[cobblestone:20 dirt:18 oak_planks:12] | F16=57[torch:20 coal:19 dirt:12] | F17=52[cobblestone:13 diorite:9 stick:6] | F18=40[dirt:15 cobblestone:7 oak_planks:6] | F19=76[diorite:30 cobblestone:15 oak_planks:7]
   mem: heap=119M/155M old=-1M ext=131M ab=128M rss=385M cols=1907 ents=2714 evicted=1082 path=6a/1q (max 6) stale=0
F12 [F12] water: pass 5 head=dry shore=hit r=2 land=none y=64.2 o2=20 probes=0 at=[-163,64,407]
F15 map trip skipped: sand,gravel unreachable
F6 [F6] vein sweep: the drop walk to [-110,55,424] failed - sweep drops: timeout after 4000ms (dy -1.0, range 1)
F12 [F12] water: pass 7 head=dry shore=hit r=1 land=none y=63.8 o2=20 probes=0 at=[-162,64,409]
F18 climb out (trip): OK +9 levels (8 steps, 23 dug, 38s)
F18 map trip skipped: sand,gravel unreachable
F15 sword due: cobble available
F15 sword: no table reachable or placeable
F15 sword: failed (no table)
F15 [F15] craft torches: stick-dry but 19 planks held - one stick batch first
F13 tunnel: steering iron_ore @ 10.5b (axis z--1, cross 1.5, ore detour)
F15 [F15] craft torches: skip (no coal: sticks 6 coals 0)
F12 [F12] water: pass 9 head=dry shore=hit r=1 land=none y=64.2 o2=20 probes=0 at=[-164,64,409]
F3 [F3] craft torches: skip (no coal: sticks 4 coals 0)
F3 tool recovery: OK (wooden_pickaxe)
F3 spare pick due: spare (planks available)
F12 [F12] water: rescue complete in 14.0s
F12 [F12] water: hazard memorized at [-165,62,407] (6 live, fleet-wide)
F6 [F6] vein sweep: the drop walk to [-111,54,422] failed - sweep drops: timeout after 4000ms (dy -1.0, range 1)
F6 [F6] vein sweep: +19u walked from the drops (8 dug)
F6 [F6] vein sweep: 1 deep drop(s) skipped (dy < -2 - the lip sphere cannot reach, the walk was a guaranteed spiral)
F6 vein sweep: 8 ores dug beside the gallery (ore detour)
F6 bank trip: planned budget 171s
F18 tool upgrade due: cobble available -> stone_pickaxe
F3 spare pick: OK (wooden_pickaxe, holds 2)
F3 sword due: planks available
F11 camp furnace: BUILT (furnace at -140,70,413) in 14s
F11 fuel anchor scan returned empty (attempt 1/2) at [-140,70,413] yard d=31 - the palette empty-return class, re-querying
F11 fuel anchor scan returned empty (attempt 2/2) at [-140,70,413] yard d=31
F11 fuel anchor scan empty x2 - the singular probe rescued the scan (chest at [-138,70,408])
F11 fuel commons: the anchor chest is read first
F18 [toolupgrade] [upgrade] upgraded: stone_pickaxe,wooden_shovel,wooden_pickaxe,wooden_pickaxe
F18 tool upgrade: OK -> stone_pickaxe (stone_pickaxe,wooden_shovel,wooden_pickaxe,wooden_pickaxe)
F18 [F18] craft torches: stick-dry but 7 planks held - one stick batch first
F3 sword: OK (wooden_sword, holds 1)
F3 sword: OK (wooden_sword)
F3 [F3] craft torches: stick-dry but 5 planks held - one stick batch first
F15 [F15] digShaft: water table y=54 (region strike) - stopping above the aquifer, the tunnel owns this level (regions 2)
F15 tunnel: steering coal_ore @ 2.3b (axis x+, cross 0.32082634077596595, ore detour)
F3 [F3] craft torches: skip (no coal: sticks 5 coals 0)
F18 [F18] craft torches: skip (no coal: sticks 6 coals 0)
F13 tunnel: 2 blocks (branch mine at the floor, steered, ore detour)
F11 fuel commons: chest holds no fuel
t-262s alive=19/19 mined=1409 map=1013p/16ch banked=0 smelted=0 pocket=1674u/263s | sand=18 gravel=6 dirt=274 stone=0
   deficits: 157926/18 (0.0%) 149380/6 (0.0%) 31860/0 (0.0%) 27420/0 (0.0%) 10725/33 (0.3%)
   F1=117[cobblestone:60 raw_copper:41 dirt:21] | F2=75[cobblestone:62 dirt:9 stick:3] | F3=17[leaf_litter:10 oak_sapling:6 stick:5] | F4=38[dirt:21 cobblestone:11 leaf_litter:10] | F5=130[cobblestone:89 andesite:10 stick:3] | F6=105[dirt:62 cobblestone:23 raw_copper:15] | F7=49[dirt:22 oak_planks:12 cobblestone:8] | F8=114[cobblestone:64 raw_copper:30 dirt:24] | F9=49[cobblestone:34 torch:16 coal:8] | F10=48[dirt:21 cobblestone:12 leaf_litter:12] | F11=80[cobblestone:11 stick:3 birch_log:2] | F12=98[cobblestone:37 granite:19 sand:11] | F13=112[cobblestone:86 dirt:18 torch:7] | F14=45[cobblestone:14 dirt:6 oak_sapling:5] | F15=78[cobblestone:27 dirt:22 leaf_litter:15] | F16=61[torch:20 coal:19 dirt:14] | F17=64[cobblestone:13 diorite:9 stick:6] | F18=44[dirt:18 leaf_litter:10 stick:6] | F19=85[diorite:30 cobblestone:23 oak_planks:7]
   mem: heap=112M/157M old=-1M ext=131M ab=128M rss=389M cols=1915 ents=2999 evicted=1104 path=3a/0q (max 6) stale=0
F17 [F17] vein sweep: 8 drop(s) in reach (21 dug)
F11 fuel commons: chest holds no fuel
[hb] n=17 ts=341s rss=390M late=74ms mainLate=1094ms
F7 wood trip: gathered (sticks 2 planks 19 logs 5)
F11 fuel commons: path nudge approach: 1 segment(s) walked in 0.0s, goal now d=9.5 (inside the direct envelope)
F11 fuel commons: path nudge inside the direct envelope
F5 tunnel: 12 blocks (branch mine at the floor, steered, ore detour)
F11 fuel commons: chest walk failed after the nudge (Took to long to decide path to goal!)
F17 [F17] vein sweep: the drop walk to [-98,41,377] failed - sweep drops: timeout after 4000ms (dy -2.0, range 2)
F3 [F3] torch: the placement did not land (dry) x1 - the streak names itself once, a landing re-arms it
F18 [F18] digShaft: water table y=54 (region strike) - stopping above the aquifer, the tunnel owns this level (regions 2)
F18 tunnel: steering coal_ore @ 3.3b (axis x--1, cross 0.47822902368130826, ore detour)
F13 [F13] vein sweep: 7 drop(s) in reach (5 dug)
F12 [F12] digShaft: water hazard 5.3b away (live 6) - refusing this column, the caller rotates
F7 [F7] climb bridge: unavailable (no solid floor underfoot)
F7 [F7] climb diag: level at y=59 blocked toward 0,1 (dug=1)
F3 tool upgrade due: cobble available -> stone_pickaxe
F17 [F17] vein sweep: +22u walked from the drops (21 dug)
F17 [F17] vein sweep: 1 below-plane walk(s) still failed on the wide goal (range 2) - the drop rests deeper than the lip
F17 [F17] vein sweep: 5 deep drop(s) skipped (dy < -2 - the lip sphere cannot reach, the walk was a guaranteed spiral)
F17 vein sweep: 21 ores dug beside the gallery (ore detour)
F13 [F13] vein sweep: the drop walk to [-121,44,406] failed - No path to the goal! (dy 2.0, range 1)
F13 [F13] vein sweep: the drop walk to [-120,40,405] failed - doomed goal (ledgered 0s ago at [-120,40,405]) - sweep drops refused (dy -1.6, range 2)
F10 wood trip: gathered (sticks 1 planks 9 logs 6)
F13 [F13] vein sweep: +1u walked from the drops (5 dug)
F13 [F13] vein sweep: 1 below-plane walk(s) still failed on the wide goal (range 2) - the drop rests deeper than the lip
F13 vein sweep: 5 ores dug beside the gallery (ore detour)
F13 bank trip: planned budget 159s
F13 climb out (bank): the yard stands 28 levels up over 12b lateral - the climb raises its target to the yard's level
F2 [F2] climb bridge: placed cobblestone at [-121,63,411] (pit) - the step re-judges
t-247s alive=19/19 mined=1507 map=1068p/16ch banked=0 smelted=0 pocket=1802u/274s | sand=21 gravel=8 dirt=315 stone=0
   deficits: 157926/21 (0.0%) 149380/8 (0.0%) 31860/0 (0.0%) 27420/0 (0.0%) 10725/33 (0.3%)
   F1=121[cobblestone:60 raw_copper:41 dirt:20] | F2=81[cobblestone:60 dirt:16 stick:3] | F3=26[leaf_litter:12 cobblestone:8 oak_sapling:6] | F4=38[dirt:24 cobblestone:11 leaf_litter:10] | F5=142[cobblestone:89 andesite:10 coal:8] | F6=112[dirt:66 cobblestone:27 raw_copper:15] | F7=55[dirt:28 oak_planks:12 birch_planks:7] | F8=115[cobblestone:64 raw_copper:30 dirt:24] | F9=49[cobblestone:35 torch:16 coal:8] | F10=48[dirt:21 leaf_litter:12 oak_planks:8] | F11=80[cobblestone:11 stick:3 birch_log:2] | F12=99[cobblestone:37 granite:19 sand:11] | F13=119[cobblestone:88 dirt:18 gravel:8] | F14=53[cobblestone:16 dirt:15 oak_sapling:5] | F15=87[cobblestone:35 dirt:22 leaf_litter:15] | F16=62[torch:20 coal:19 dirt:15] | F17=68[cobblestone:17 coal:17 diorite:13] | F18=59[dirt:23 cobblestone:15 leaf_litter:10] | F19=93[cobblestone:30 diorite:30 oak_planks:7]
   mem: heap=115M/156M old=-1M ext=130M ab=127M rss=384M cols=1885 ents=2779 evicted=1157 path=6a/1q (max 6) stale=0
F2 [F2] climb bridge: placed cobblestone at [-121,64,411] (support) - the step re-judges
F15 tunnel: 12 blocks (branch mine at the floor, steered, ore detour)
F12 tunnel: 0 blocks (branch mine at the floor, ore detour)
F12 bank trip: planned budget 156s
F1 map trip: sand
F2 [F2] climb diag: level at y=66 blocked toward 0,1 (dug=34)
F2 [F2] climb diag: level at y=65 blocked toward -1,0 (dug=34)
F12 [F12] climb bridge: the server refused the support fill at [-154,63,401] - the rotate ladder owns it (held=cobblestone, 0.9b, ref=grass_block, post=? (re-read failed))
F12 [F12] climb diag: level at y=63 blocked toward -1,0 (dug=0)
F11 smelt: 0 (cobblestone@-: no fuel)
F11 iron commune: chest holds 0 ingot(s) - nothing to complete here
F1 [F1] craft torches: the metal fuel reserve holds all 3 coal for the furnace (42 raw metal held)
F3 [toolupgrade] [upgrade] upgraded: stone_pickaxe,wooden_pickaxe,wooden_pickaxe,wooden_shovel
F3 tool upgrade: OK -> stone_pickaxe (stone_pickaxe,wooden_pickaxe,wooden_pickaxe,wooden_shovel)
F3 [F3] craft torches: skip (no coal: sticks 3 coals 0)
F3 [F3] digShaft: water table y=54 (region strike) - stopping above the aquifer, the tunnel owns this level (regions 2)
F3 tunnel: steering coal_ore @ 8.8b (axis z+, cross 2.4656628262889484, ore detour)
F10 [F10] climb bridge: placed cobblestone at [-122,56,415] (support) - the step re-judges
F12 [F12] climb bridge: placed cobblestone at [-153,63,400] (support) - the step re-judges
F16 map trip: sand
F11 iron commune: iron commune: path nudge approach: 1 segment(s) walked in 0.2s, goal now d=6.0 (inside the direct envelope)
F11 iron commune: iron commune: path nudge inside the direct envelope
F11 iron commune: iron commune: the nudge retry landed
F1 [F1] digShaft: water table y=57 (region strike) - stopping above the aquifer, the tunnel owns this level (regions 2)
F1 tunnel: steering iron_ore @ 11b (axis x+, cross 0.500344264207115, ore detour)
[hb] n=18 ts=361s rss=389M late=77ms mainLate=1024ms
F11 iron commune: chest holds 0 ingot(s) - nothing to complete here
F10 [F10] climb bridge: placed cobblestone at [-123,56,415] (pit) - the step re-judges
F18 tunnel: 12 blocks (branch mine at the floor, steered, ore detour)
F17 climb out (trip): OK +4 levels (4 steps, 11 dug, 13s)
F10 [F10] climb bridge: placed cobblestone at [-123,57,415] (support) - the step re-judges
F3 tunnel: 2 blocks (branch mine at the floor, steered, ore detour)
F3 [F3] vein sweep: 3 drop(s) in reach (1 dug)
F7 climb out (trip): OK +8 levels (7 steps, 12 dug, 18s)
F19 climb out (trip): failed - timeout
F19 map trip skipped: cannot leave the shaft
F16 [F16] water: drowning rescue start (drowning, oxygen 13)
F16 [F16] water: pass 0 head=wet shore=none land=n/a y=61.0 o2=13 probes=0 at=[-126,61,377]
F16 [F16] craft torches: stick-dry but 6 planks held - one stick batch first
F16 [F16] craft torches: 4 batch(es) -> 16 torches (sticks 2 coals 19)
F12 [F12] climb rise assist: assist did not complete (goto: climb rise assist: timeout after 4500ms)
F12 [F12] climb diag: level at y=65 did not rise (food=17, dug=2) feet=air support=air step=air head=air
F16 [F16] water: pass 4 head=dry shore=hit r=3 land=none y=62.5 o2=20 probes=0 at=[-124,63,376]
F6 climb out (bank): OK +10 levels (9 steps, 18 dug, 34s)
F6 bank: smelt hold skipped - no fuel in pocket (coal 0)
F4 wood trip: gathered (sticks 0 planks 12 logs 4)
t-232s alive=19/19 mined=1631 map=1052p/16ch banked=0 smelted=0 pocket=1910u/276s | sand=24 gravel=14 dirt=361 stone=0
   deficits: 157926/24 (0.0%) 149380/14 (0.0%) 31860/0 (0.0%) 27420/0 (0.0%) 10725/33 (0.3%)
   F1=136[cobblestone:60 raw_copper:41 dirt:36] | F2=81[cobblestone:60 dirt:16 stick:3] | F3=29[leaf_litter:12 cobblestone:8 oak_sapling:6] | F4=38[dirt:25 oak_planks:11 leaf_litter:10] | F5=151[cobblestone:89 andesite:10 coal:9] | F6=119[dirt:74 cobblestone:27 raw_copper:15] | F7=61[dirt:34 oak_planks:12 leaf_litter:11] | F8=118[cobblestone:64 raw_copper:30 dirt:24] | F9=49[cobblestone:35 torch:16 coal:8] | F10=62[dirt:33 leaf_litter:12 oak_planks:8] | F11=80[cobblestone:11 stick:3 birch_log:2] | F12=103[cobblestone:36 granite:19 sand:11] | F13=127[cobblestone:90 dirt:18 gravel:14] | F14=68[cobblestone:16 dirt:15 diorite:14] | F15=102[cobblestone:37 dirt:22 leaf_litter:15] | F16=62[torch:28 coal:16 dirt:14] | F17=76[cobblestone:29 coal:17 diorite:13] | F18=72[dirt:23 cobblestone:19 leaf_litter:10] | F19=97[cobblestone:31 diorite:30 oak_planks:7]
   mem: heap=121M/156M old=-1M ext=130M ab=127M rss=388M cols=1900 ents=3354 evicted=1197 path=6a/1q (max 6) stale=0
F19 tool upgrade due: cobble available -> stone_pickaxe
F1 tunnel: 12 blocks (branch mine at the floor, steered, ore detour)
F1 bank trip: pockets full budget 141s
F16 [F16] water: pass 6 head=dry shore=hit r=2 land=none y=62.3 o2=20 probes=0 at=[-122,62,377]
F3 [F3] vein sweep: the drop walk to [-113,57,402] failed - sweep drops: timeout after 4000ms (dy 1.5, range 1)
F3 [F3] vein sweep: +1u walked from the drops (1 dug)
F3 [F3] vein sweep: 2 deep drop(s) skipped (dy < -2 - the lip sphere cannot reach, the walk was a guaranteed spiral)
F3 vein sweep: 1 ores dug beside the gallery (ore detour)
F3 [F3] craft torches: skip (no coal: sticks 3 coals 0)
F3 [F3] digShaft: water table y=54 (region strike) - stopping above the aquifer, the tunnel owns this level (regions 2)
F3 tunnel: steering coal_ore @ 9.2b (axis z+, cross 3.5002729344103756, floor lock)
F16 [F16] craft torches: stick-dry with logs held - one plank conversion first
F4 [F4] climb bridge: placed cobblestone at [-121,56,417] (pit) - the step re-judges
F16 [F16] craft torches: stick-dry but 8 planks held - one stick batch first
F1 [F1] climb bridge: placed cobblestone at [-133,59,408] (support) - the step re-judges
F16 [F16] craft torches: 4 batch(es) -> 16 torches (sticks 2 coals 15)
F4 [F4] climb bridge: placed cobblestone at [-121,57,417] (support) - the step re-judges
F16 [F16] water: pass 10 head=dry shore=hit r=1 land=none y=64.2 o2=20 probes=0 at=[-120,64,379]
F3 tunnel: 0 blocks (branch mine at the floor, steered, floor lock)
F12 [F12] climb diag: level at y=67 blocked toward 1,0 (dug=7)
F10 [F10] climb bridge: placed cobblestone at [-129,62,415] (pit) - the step re-judges
F16 tunnel: steering coal_ore @ 7.2b (axis z+, cross 0.7831764446983271, floor lock)
F16 tunnel: 0 blocks (branch mine at the floor, steered, floor lock)
F16 climb out (trip): failed - rescue owns the bot
F16 map trip skipped: cannot leave the shaft
F16 [F16] water: pass 13 head=dry shore=hit r=1 land=none y=64.2 o2=20 probes=0 at=[-122,64,379]
F16 [F16] craft torches: stick-dry but 6 planks held - one stick batch first
F10 [F10] climb bridge: placed cobblestone at [-129,63,415] (support) - the step re-judges
F16 [F16] craft torches: 4 batch(es) -> 16 torches (sticks 2 coals 11)
F8 map trip: sand
F19 [toolupgrade] [upgrade] upgraded: wooden_shovel,stone_pickaxe,wooden_pickaxe
F19 tool upgrade: OK -> stone_pickaxe (wooden_shovel,stone_pickaxe,wooden_pickaxe)
F19 [F19] craft torches: skip (no coal: sticks 5 coals 0)
F8 [F8] craft torches: 1 batch(es) -> 4 torches (sticks 3 coals 17, the metal reserve keeps 4)
F10 [F10] climb bridge: placed cobblestone at [-131,64,415] (support) - the step re-judges
F16 [F16] water: pass 18 head=dry shore=hit r=1 land=none y=63.8 o2=20 probes=0 at=[-120,64,379]
F10 climb out (trip): OK +9 levels (9 steps, 18 dug, 20s)
F16 [F16] craft torches: stick-dry with logs held - one plank conversion first
F10 map trip skipped: sand,gravel unreachable
F10 sword due: planks available
F10 sword: no table reachable or placeable
F10 sword: failed (no table)
F10 [F10] craft torches: stick-dry but 9 planks held - one stick batch first
F16 [F16] craft torches: stick-dry but 8 planks held - one stick batch first
F10 [F10] craft torches: skip (no coal: sticks 5 coals 0)
F16 [F16] craft torches: 4 batch(es) -> 16 torches (sticks 2 coals 7)
F16 [F16] water: pass 22 head=dry shore=hit r=1 land=none y=64.2 o2=20 probes=0 at=[-121,64,379]
F4 [F4] climb rise assist: assist did not complete (goto: climb rise assist: timeout after 4500ms)
F16 [F16] water: rescue complete in 13.2s
F16 [F16] water: hazard memorized at [-123,62,379] (5 live, fleet-wide)
F10 [F10] digShaft: water table y=57 (region strike) - stopping above the aquifer, the tunnel owns this level (regions 2)
F10 tunnel: steering iron_ore @ 6.6b (axis z+, cross 3.6698891926631347, ore detour)
F4 [F4] climb diag: level at y=57 did not rise (food=20, dug=1) feet=air support=cobblestone step=air head=air
F15 [F15] vein sweep: 8 drop(s) in reach (24 dug)
F6 [F6] approach: 1 segment(s) walked in 11.4s, goal now d=21.5 (inside the direct envelope)
F8 bank trip: pockets full budget 131s
F4 [F4] climb bridge: placed cobblestone at [-122,55,418] (support) - the step re-judges
F12 climb out (bank): OK +7 levels (5 steps, 11 dug, 25s)
F12 bank: smelt hold skipped - no fuel in pocket (coal 0)
F12 [F12] direct deposit: 27 chest slots derived from the 63-slot view
F12 camp furnace: no build (machine near)
F12 fuel anchor scan returned empty (attempt 1/2) at [-148,70,400] yard d=21 - the palette empty-return class, re-querying
F12 fuel anchor scan returned empty (attempt 2/2) at [-148,70,400] yard d=21
F12 fuel anchor scan empty x2 - the singular probe rescued the scan (chest at [-148,70,398])
F12 fuel commons: the anchor chest is read first
[hb] n=19 ts=381s rss=390M late=82ms mainLate=1118ms
F12 fuel commons: chest holds no fuel
F11 [F11] chest skip (doomed goal cached 10s ago at [-134,70,382])
F14 [F14] climb bridge: placed cobblestone at [-118,64,385] (support) - the step re-judges
F12 fuel commons: chest holds no fuel
F1 climb out (bank): OK +6 levels (5 steps, 8 dug, 12s)
F1 bank: holding 45s of 141s for the smelt leg
F4 [F4] climb diag: level at y=57 blocked toward -1,0 (dug=4)
F14 [F14] climb diag: level at y=66 blocked toward 0,-1 (dug=49)
F10 tunnel: 2 blocks (branch mine at the floor, steered, ore detour)
F14 [F14] climb diag: level at y=65 blocked toward 1,0 (dug=49)
F12 fuel commons: chest holds no fuel
F5 [F5] vein sweep: 8 drop(s) in reach (24 dug)
F4 [F4] climb bridge: the server refused the support fill at [-122,56,417] - the rotate ladder owns it (held=cobblestone, 0.9b, ref=granite, post=? (re-read failed))
F4 [F4] climb diag: level at y=56 blocked toward 0,-1 (dug=4)
F12 fuel commons: chest holds no fuel
F15 [F15] vein sweep: the drop walk to [-102,58,415] failed - goal brake: 6 goals in 5s - sweep drops refused for 4s (dy 1.0, range 1)
F14 [F14] climb bridge: the server refused the support fill at [-118,64,384] - the rotate ladder owns it (held=cobblestone, 0.7b, ref=grass_block, post=? (re-read failed))
F14 [F14] climb diag: level at y=64 blocked toward 0,1 (dug=49)
F15 [F15] vein sweep: the drop walk to [-103,57,412] failed - goal brake: 6 goals in 5s - sweep drops refused for 4s (dy 0.0, range 1)
F15 [F15] vein sweep: +20u walked from the drops (24 dug)
F15 vein sweep: 24 ores dug beside the gallery (ore detour)
F15 bank trip: pockets full budget 127s
F13 [F13] climb wet escape: 2 blocks walked (low-o2, walked 1/4)
F13 [F13] climb wet escape: oxygen 4 at the floor - the escape yields, the rescue lane owns the air
F13 climb out (bank): failed - low-o2 (traversed 2)
F13 climb out (bank): no retry (no retry for 'low-o2')
F13 [F13] climb wet escape: oxygen 4 at the floor - the escape yields, the rescue lane owns the air
F13 climb out (trip): failed - low-o2
F13 map trip skipped: cannot leave the shaft
t-216s alive=19/19 mined=1764 map=1042p/16ch banked=0 smelted=0 pocket=2067u/279s | sand=41 gravel=14 dirt=392 stone=0
   deficits: 157926/41 (0.0%) 149380/14 (0.0%) 31860/0 (0.0%) 27420/0 (0.0%) 10725/30 (0.3%)
   F1=146[cobblestone:59 dirt:47 raw_copper:41] | F2=81[cobblestone:60 dirt:16 stick:3] | F3=43[cobblestone:22 leaf_litter:12 oak_sapling:6] | F4=42[dirt:28 oak_planks:11 leaf_litter:10] | F5=157[cobblestone:89 coal:20 andesite:10] | F6=119[dirt:74 cobblestone:27 raw_copper:15] | F7=67[dirt:34 oak_planks:12 leaf_litter:12] | F8=129[cobblestone:64 raw_copper:30 dirt:24] | F9=49[cobblestone:35 torch:16 coal:8] | F10=73[dirt:46 leaf_litter:21 oak_log:6] | F11=80[cobblestone:11 stick:5 birch_log:2] | F12=110[cobblestone:34 sand:11 raw_iron:8] | F13=136[cobblestone:99 dirt:18 gravel:14] | F14=82[dirt:22 cobblestone:19 diorite:18] | F15=113[cobblestone:37 coal:25 dirt:22] | F16=62[torch:84 dirt:14 leaf_litter:7] | F17=76[cobblestone:31 coal:17 diorite:13] | F18=87[dirt:23 cobblestone:19 leaf_litter:10] | F19=112[cobblestone:39 diorite:30 andesite:9]
   mem: heap=127M/156M old=-1M ext=131M ab=128M rss=388M cols=1912 ents=3330 evicted=1246 path=5a/0q (max 6) stale=0
F12 fuel commons: chest holds no fuel
F13 [F13] water: drowning rescue start (drowning, oxygen 4)
F13 [F13] water: pass 0 head=wet shore=none land=n/a y=47.1 o2=4 probes=0 at=[-119,47,401]
F15 [surplus] plan total=5 (max 8 sticks) -> burned 4 planks, gained 8 sticks
F13 [F13] craft torches: stick-dry but 6 planks held - one stick batch first
F13 [F13] craft torches: 4 batch(es) -> 16 torches (sticks 2 coals 4)
F11 [F11] direct deposit: 27 chest slots derived from the 63-slot view
F11 bank: +70
F12 fuel commons: chest holds no fuel
F12 fuel anchor scan returned empty (attempt 1/2) at [-152,70,406] yard d=27 - the palette empty-return class, re-querying
F12 fuel anchor scan returned empty (attempt 2/2) at [-152,70,406] yard d=27
F12 fuel anchor scan empty x2 - the singular probe rescued the scan (chest at [-153,70,404])
F12 fuel commons: the anchor scan saw 1 chest(s), 0 usable after the empty memory - no anchor
F5 [F5] vein sweep: the drop walk to [-126,53,376] failed - goal brake: 6 goals in 5s - sweep drops refused for 4s (dy 0.0, range 1)
F5 [F5] vein sweep: the drop walk to [-126,53,376] failed - goal brake: 6 goals in 5s - sweep drops refused for 3s (dy 0.3, range 1)
F5 [F5] vein sweep: +15u walked from the drops (24 dug)
F5 vein sweep: 24 ores dug beside the gallery (ore detour)
F5 bank trip: pockets full budget 124s
F5 bank: holding 45s of 124s for the smelt leg
F15 [F15] climb bridge: placed cobblestone at [-101,57,410] (support) - the step re-judges
F13 [F13] water: deep-pocket ascend - dug the ceiling stone at [-119,49,400] (jump stalled 4+ passes, o2 10)
F16 [F16] digShaft: water hazard 3.4b away (live 5) - refusing this column, the caller rotates
F16 tunnel: steering coal_ore @ 7.5b (axis z+, cross 1.9218095748677229, floor lock)
F19 [F19] digShaft: water strike at y=43 -> water table (regions 3); fluid below (-84, 44, 378) - moving sideways
F13 [F13] water: pass 5 head=wet shore=none land=n/a y=47.4 o2=18 probes=0 at=[-119,47,401]
F12 fuel anchor scan returned empty (attempt 1/2) at [-152,70,406] yard d=27 - the palette empty-return class, re-querying
F12 fuel anchor scan returned empty (attempt 2/2) at [-152,70,406] yard d=27
F12 fuel anchor scan empty x2 - the singular probe rescued the scan (chest at [-153,70,404])
F12 fuel commons: the anchor scan saw 1 chest(s), 0 usable after the empty memory - no anchor
F18 [F18] vein sweep: 8 drop(s) in reach (24 dug)
F13 tunnel: steering coal_ore @ 7.6b (axis z+, cross 2.700000000000003, ore detour)
F6 [F6] raw hop failed: raw walk: no net progress for 8261ms (best d=20.7) - pathfinder retry
F13 [F13] water: pass 9 head=wet shore=none land=n/a y=47.4 o2=20 probes=0 at=[-119,47,401]
F13 [F13] water: frozen physics (10 flat passes at y=47.4, o2=20, head WET) - standing down, the reconnect lane owns this
F13 [F13] water: rescue standing down (frozen physics - the walk gate reopens, the reconnect lane owns a dead client) in 5.3s
F13 [F13] water: frozen client relog (#1 consecutive) (frozen while head-wet (1 verdict) - the drowning clock owns this client) - ending the session, the reconnect lane rebuilds the physics; the drowning sentry holds non-critical pages 10s (the frozen-return gate)
F13 [F13] water: hazard memorized at [-119,47,400] (4 live, fleet-wide)
F8 climb out (bank): OK +4 levels (3 steps, 4 dug, 11s)
F8 bank: holding 45s of 131s for the smelt leg
F5 [F5] raw hop failed: raw walk stalled after 2526ms (d=19.2) - pathfinder retry
F10 [F10] craft torches: skip (no coal: sticks 5 coals 0)
F10 [F10] digShaft: water table y=57 (region strike) - stopping above the aquifer, the tunnel owns this level (regions 3)
F10 tunnel: steering coal_ore @ 7b (axis z+, cross 1.6031586189214124, ore detour)
F1 [F1] raw hop failed: raw walk: no net progress for 8594ms (best d=5.0) - pathfinder retry
F5 [F5] hop: chest at [-132,70,382] d=19 zero: chest unreachable (No path to the goal!)
F5 [F5] chest skip (no path cached 0s ago at [-133,70,382])
F5 [F5] chest skip (no path cached 0s ago at [-134,70,382])
F2 climb out (bank): failed - timeout
F2 climb out (bank): retry (escalated retry after timeout, fenced to 58s of the 58s the chain has left)
F16 tunnel: 1 blocks (branch mine at the floor, steered, floor lock)
F16 bank trip: pockets full budget 120s
F14 climb out (trip): failed - stalled
F14 map trip skipped: cannot leave the shaft
F1 [F1] direct deposit: 27 chest slots derived from the 63-slot view
F1 camp furnace: 11 near machine(s) beyond the 24b direct envelope (nearest d=18.4) - 1 inside the envelope keep the veto
F1 camp furnace: no build (machine near)
F19 tunnel: steering coal_ore @ 17.6b (axis x--1, cross 0.6591141960482787, ore detour)
F12 fuel commons: chest holds no fuel
F16 [F16] climb bridge: placed cobblestone at [-115,64,384] (support) - the step re-judges
F10 tunnel: 4 blocks (branch mine at the floor, steered, ore detour)
F16 [F16] climb diag: level at y=66 blocked toward 0,-1 (dug=0)
F16 [F16] climb diag: level at y=65 blocked toward 1,0 (dug=0)
F16 [F16] climb diag: level at y=66 blocked toward 0,1 (dug=0)
F14 [F14] craft torches: skip (no coal: sticks 4 coals 0)
F14 [F14] digShaft: water hazard 2.1b away (live 4) - refusing this column, the caller rotates
F14 [F14] craft torches: skip (no coal: sticks 4 coals 0)
F14 [F14] digShaft: water hazard 2.1b away (live 4) - refusing this column, the caller rotates
F14 tunnel: steering coal_ore @ 8b (axis z+, cross 2.5, floor lock)
F14 tunnel: 0 blocks (branch mine at the floor, steered, floor lock)
F10 [F10] vein sweep: 3 drop(s) in reach (2 dug)
F14 map trip skipped: sand,gravel unreachable
F12 fuel commons: chest holds no fuel
t-201s alive=19/19 mined=1828 map=1045p/16ch banked=70 smelted=0 pocket=2117u/278s | sand=50 gravel=15 dirt=379 stone=0
   deficits: 157926/50 (0.0%) 149380/15 (0.0%) 31860/0 (0.0%) 27420/0 (0.0%) 10725/31 (0.3%)
   F1=146[cobblestone:59 raw_copper:41 sand:6] | F2=86[cobblestone:65 dirt:16 stick:3] | F3=52[cobblestone:23 leaf_litter:15 dirt:15] | F4=44[dirt:30 oak_planks:11 leaf_litter:10] | F5=157[cobblestone:90 coal:25 andesite:10] | F6=119[dirt:74 cobblestone:27 raw_copper:15] | F7=79[dirt:33 leaf_litter:18 oak_planks:12] | F8=130[cobblestone:64 raw_copper:30 dirt:24] | F9=49[cobblestone:35 torch:16 coal:8] | F10=79[dirt:64 leaf_litter:21 oak_log:6] | F11=80[stick:5 leaf_litter:3 birch_log:2] | F12=110[cobblestone:34 sand:11 raw_iron:8] | F13=136[cobblestone:100 torch:23 dirt:18] | F14=84[dirt:22 diorite:18 cobblestone:18] | F15=127[cobblestone:46 dirt:25 coal:25] | F16=63[torch:84 dirt:15 leaf_litter:7] | F17=76[cobblestone:36 coal:17 diorite:13] | F18=90[coal:24 dirt:23 cobblestone:20] | F19=121[cobblestone:48 diorite:30 andesite:10]
   mem: heap=120M/158M old=-1M ext=129M ab=127M rss=387M cols=1900 ents=2897 evicted=1292 path=6a/1q (max 6) stale=0
F18 [F18] vein sweep: +25u walked from the drops (24 dug)
F18 [F18] vein sweep: 5 deep drop(s) skipped (dy < -2 - the lip sphere cannot reach, the walk was a guaranteed spiral)
F18 vein sweep: 24 ores dug beside the gallery (ore detour)
F3 [F3] climb bridge: unavailable (no solid floor underfoot)
F3 [F3] climb diag: level at y=67 blocked toward 1,0 (dug=23)
[hb] n=20 ts=401s rss=387M late=87ms mainLate=957ms
F12 fuel commons: chest holds no fuel
F3 [F3] climb bridge: placed cobblestone at [-102,66,399] (support) - the step re-judges
F12 fuel commons: chest holds no fuel
F12 fuel anchor scan returned empty (attempt 1/2) at [-143,70,402] yard d=18 - the palette empty-return class, re-querying
F12 fuel anchor scan returned empty (attempt 2/2) at [-143,70,402] yard d=18
F12 fuel anchor scan empty x2 - the singular probe rescued the scan (chest at [-143,70,400])
F12 fuel commons: the anchor scan saw 1 chest(s), 0 usable after the empty memory - no anchor
F18 [F18] climb bridge: placed cobblestone at [-102,53,419] (support) - the step re-judges
F3 [F3] climb diag: level at y=68 blocked toward 0,1 (dug=23)
F14 [F14] craft torches: skip (no coal: sticks 4 coals 0)
F12 fuel commons: chest holds no fuel
F12 fuel commons: chest holds no fuel
F3 [F3] climb bridge: placed cobblestone at [-102,67,400] (support) - the step re-judges
F3 [F3] climb bridge: the server refused the support fill at [-101,67,400] - the rotate ladder owns it (held=cobblestone, 0.8b, ref=grass_block, post=? (re-read failed))
F3 [F3] climb diag: level at y=67 blocked toward -1,0 (dug=23)
F12 fuel commons: chest holds no fuel
F12 fuel commons: chest holds no fuel
F12 fuel commons: chest holds no fuel
F12 smelt: 0 (raw_iron@-: no fuel; raw_copper@-: no fuel; cobblestone@-: no fuel; sand@-: no fuel)
F12 iron commune: chest walk failed (goal brake: 6 goals in 5s - iron commune walk refused for 20s)
F12 iron commune: chest walk failed (goal brake: 6 goals in 5s - iron commune walk refused for 20s)
F10 [F10] vein sweep: the drop walk to [-145,63,422] failed - sweep drops: timeout after 4000ms (dy 5.0, range 1)
F10 [F10] vein sweep: +16u walked from the drops (2 dug)
F10 vein sweep: 2 ores dug beside the gallery (ore detour)
F10 bank trip: pockets full budget 120s
F12 iron commune: chest walk failed (goal brake: 6 goals in 5s - iron commune walk refused for 20s)
F12 [F12] direct deposit: 27 chest slots derived from the 63-slot view
F12 bank: +85
F12 map trip skipped: sand,gravel unreachable
F12 [F12] craft torches: skip (no coal: sticks 3 coals 0)
F13 tunnel: 0 blocks (branch mine at the floor, steered, ore detour)
F13 bank trip: pockets full budget 120s
F13 climb out (bank): the yard stands 23 levels up over 12b lateral - the climb raises its target to the yard's level
F15 climb out (bank): OK +11 levels (10 steps, 22 dug, 23s)
F15 bank: holding 45s of 127s for the smelt leg
F19 tunnel: 12 blocks (branch mine at the floor, steered, ore detour)
F10 [F10] climb bridge: unavailable (no solid floor underfoot)
F10 [F10] climb diag: level at y=65 blocked toward -1,0 (dug=0)
F10 [F10] climb: walkable surface at y=64 (+1 levels, dug=0) - the walk takes over (blocked step)
F10 climb out (bank): OK +1 levels (2 steps, 0 dug, undefineds)
F10 bank: smelt hold skipped - no fuel in pocket (coal 0)
F11 [F11] climb rise assist: assist did not complete (goto: climb rise assist: timeout after 4500ms)
F18 [F18] climb diag: level at y=57 blocked toward 1,0 (dug=11)
F11 [F11] climb diag: level at y=63 did not rise (food=17, dug=1) feet=air support=grass_block step=leaf_litter head=air
F17 [F17] water: drowning rescue start (drowning, oxygen ?)
F17 [F17] water: pass 0 head=wet shore=none land=n/a y=41.2 o2=20 probes=0 at=[-100,41,380]
F14 [F14] digShaft: water table y=47 (region strike) - stopping above the aquifer, the tunnel owns this level (regions 3)
F14 tunnel: steering coal_ore @ 7.8b (axis z+, cross 0.5, ore detour)
F12 tunnel: 0 blocks (branch mine at the floor, ore detour)
F12 [F12] craft torches: skip (no coal: sticks 3 coals 0)
F11 [F11] climb bridge: placed dirt at [-140,59,423] (support) - the step re-judges
F17 [F17] water: pass 4 head=wet shore=none land=n/a y=41.2 o2=20 probes=0 at=[-100,41,380]
F1 [F1] water: drowning rescue start (drowning, oxygen 20)
F1 [F1] water: pass 0 head=wet shore=none land=n/a y=61.2 o2=20 probes=0 at=[-136,61,389]
F12 tunnel: steering iron_ore @ 13.9b (axis x+, cross 3.5016501205327586, floor lock)
F17 [F17] water: deep-pocket ascend - dug the ceiling stone at [-101,43,379] (jump stalled 4+ passes, o2 20)
F14 tunnel: 2 blocks (branch mine at the floor, steered, ore detour)
[F1] walk nudge: approach: 1 segment(s) walked in 15.0s, goal now d=11.2 (inside the direct envelope)
[F1] walk nudge: inside the direct envelope
F17 [F17] water: pass 13 head=wet shore=none land=n/a y=41.4 o2=20 probes=0 at=[-100,41,380]
F17 [F17] water: frozen physics (10 flat passes at y=41.4, o2=20, head WET) - standing down, the reconnect lane owns this
F17 [F17] water: rescue standing down (frozen physics - the walk gate reopens, the reconnect lane owns a dead client) in 4.2s
F17 [F17] water: frozen client relog (#1 consecutive) (frozen while head-wet (1 verdict) - the drowning clock owns this client) - ending the session, the reconnect lane rebuilds the physics; the drowning sentry holds non-critical pages 10s (the frozen-return gate)
F17 [F17] water: hazard memorized at [-101,41,379] (4 live, fleet-wide)
F13 [F13] climb diag: level at y=47 blocked toward 0,-1 (dug=0, wet) at [0,2,0] water (stop)
F12 tunnel: 0 blocks (branch mine at the floor, steered, floor lock)
F12 tunnel: 0 blocks x3 - sealed or flooded, cooling down 15s
F4 climb out (trip): OK +9 levels (10 steps, 17 dug, 44s)
F1 [F1] water: pass 5 head=wet shore=none land=n/a y=60.5 o2=19 probes=0 at=[-135,61,389]
t-186s alive=19/19 mined=1924 map=1088p/16ch banked=155 smelted=0 pocket=2190u/282s | sand=46 gravel=21 dirt=429 stone=0
   deficits: 157926/46 (0.0%) 149380/21 (0.0%) 31860/0 (0.0%) 27420/0 (0.0%) 10725/31 (0.3%)
   F1=146[cobblestone:59 raw_copper:41 sand:6] | F2=104[cobblestone:70 dirt:30 stick:3] | F3=53[cobblestone:20 leaf_litter:15 dirt:15] | F4=55[dirt:42 leaf_litter:16 oak_planks:11] | F5=157[cobblestone:90 coal:25 andesite:10] | F6=119[dirt:74 cobblestone:27 raw_copper:15] | F7=88[dirt:33 leaf_litter:20 sand:19] | F8=130[cobblestone:64 raw_copper:30 dirt:21] | F9=49[cobblestone:35 torch:16 coal:8] | F10=79[dirt:78 leaf_litter:25 oak_log:6] | F11=81[stick:5 dirt:5 leaf_litter:3] | F12=110[raw_iron:8 oak_log:5 stick:3] | F13=136[cobblestone:100 torch:23 dirt:18] | F14=101[cobblestone:32 dirt:25 diorite:18] | F15=135[cobblestone:48 dirt:32 coal:25] | F16=63[torch:84 dirt:15 leaf_litter:7] | F17=76[cobblestone:39 coal:17 diorite:13] | F18=108[cobblestone:36 coal:24 dirt:23] | F19=134[cobblestone:56 diorite:30 andesite:10]
   mem: heap=123M/157M old=-1M ext=130M ab=128M rss=386M cols=1904 ents=2897 evicted=1363 path=6a/1q (max 6) stale=0
F2 [F2] climb bridge: unavailable (no solid floor underfoot)
F2 [F2] climb diag: level at y=67 blocked toward 1,0 (dug=23)
F2 [F2] climb bridge: placed cobblestone at [-108,66,414] (support) - the step re-judges
F19 [F19] vein sweep: 5 drop(s) in reach (8 dug)
F7 map trip: sand
F2 [F2] climb diag: level at y=68 blocked toward 0,1 (dug=23)
F2 [F2] climb diag: level at y=67 blocked toward -1,0 (dug=23)
F4 map trip skipped: sand,gravel unreachable
F1 [F1] water: pass 12 head=dry shore=hit r=1 land=none y=64.2 o2=20 probes=0 at=[-135,64,394]
F8 [F8] approach: 2 segment(s) walked in 26.4s, goal now d=23.4 (inside the direct envelope)
F11 [F11] climb rise assist: assist did not complete (goto: climb rise assist: timeout after 4500ms)
F7 sword due: cobble available
F7 sword: no table reachable or placeable
F7 sword: failed (no table)
F7 [F7] craft torches: stick-dry but 19 planks held - one stick batch first
F11 [F11] climb diag: level at y=59 did not rise (food=17, dug=2) feet=air support=dirt step=air head=air
F4 sword due: cobble available
F7 [F7] craft torches: skip (no coal: sticks 6 coals 0)
F1 [F1] water: pass 17 head=dry shore=hit r=1 land=none y=64.0 o2=20 probes=0 at=[-135,64,394]
F7 [F7] digShaft: water table y=57 (region strike) - stopping above the aquifer, the tunnel owns this level (regions 3)
F4 sword: OK (stone_sword, holds 1)
F4 sword: OK (stone_sword)
F4 [F4] craft torches: skip (no coal: sticks 3 coals 0)
F15 [F15] raw hop failed: raw walk: no net progress for 8454ms (best d=4.0) - pathfinder retry
F19 [F19] vein sweep: the drop walk to [-90,45,381] failed - sweep drops: timeout after 4000ms (dy 0.0, range 1)
[hb] n=21 ts=421s rss=395M late=92ms mainLate=822ms
F15 [F15] direct deposit: 27 chest slots derived from the 63-slot view
F15 [F15] fuel tithe: banked 19 x coal (pocket keeps 6)
F15 camp furnace: 12 near machine(s) all beyond the 24b direct envelope (nearest d=29.3) - the bay reads as empty, the camp ladder decides on its own merits
F15 camp furnace: craft-furnace (48 cobble + table in reach - craft the furnace)
F1 [F1] water: pass 20 head=dry shore=hit r=1 land=none y=64.0 o2=20 probes=0 at=[-136,64,394]
F6 [F6] direct deposit: 27 chest slots derived from the 63-slot view
F6 [F6] direct deposit: 27 chest slots derived from the 63-slot view
F6 camp furnace: 12 near machine(s) all beyond the 24b direct envelope (nearest d=26.1) - the bay reads as empty, the camp ladder decides on its own merits
F6 camp furnace: craft-furnace (27 cobble + table in reach - craft the furnace)
F7 tunnel: 2 blocks (branch mine at the floor, ore detour)
F10 [F10] raw hop failed: raw walk timeout after 15449ms (d=6.1) - pathfinder retry
F4 [F4] torch: the placement did not land (dry) x1 - the streak names itself once, a landing re-arms it
F4 [F4] digShaft: water table y=54 (region strike) - stopping above the aquifer, the tunnel owns this level (regions 3)
F4 tunnel: steering iron_ore @ 11b (axis z--1, cross 2.6424908235530182, ore detour)
F1 [F1] water: pass 23 head=dry shore=hit r=1 land=none y=63.1 o2=20 probes=0 at=[-135,63,394]
F15 camp furnace: BUILT (furnace at -112,66,400) in 5s
[F15] furnace within reach - opening without a walk
[F15] fuel clips the batch: 5 x oak_planks completes 7 of 32 x cobblestone (the rest re-smelts on the next chain)
[F15] the clock clips the batch: the 78s window completes ~7 of 32 x cobblestone (the rest re-smelts on the next chain)
[F15] furnace slots after put: input=cobblestone fuel=oak_planks
[F15] smelting 7 x cobblestone in a furnace (fuel: 5 x oak_planks)
F19 [F19] vein sweep: the drop walk to [-86,45,375] failed - sweep drops: timeout after 4000ms (dy 0.0, range 1)
F6 camp furnace: BUILT (furnace at -116,67,408) in 4s
F7 [F7] vein sweep: 4 drop(s) in reach (4 dug)
F13 [F13] climb diag: level at y=47 blocked toward -1,0 (dug=0, wet) at [0,2,0] water (stop)
F4 tunnel: 2 blocks (branch mine at the floor, steered, ore detour)
F1 [F1] water: pass 27 head=dry shore=hit r=2 land=none y=64.0 o2=20 probes=0 at=[-137,64,393]
F10 [F10] direct deposit: 27 chest slots derived from the 63-slot view
F1 [F1] water: rescue complete in 17.0s
F1 [F1] water: hazard memorized at [-136,62,391] (5 live, fleet-wide)
[F1] walk refused by a water rescue - rescue cleared, walking again
F10 [F10] direct deposit: 27 chest slots derived from the 63-slot view
F10 camp furnace: 6 near machine(s) beyond the 24b direct envelope (nearest d=10.4) - 8 inside the envelope keep the veto
F10 camp furnace: no build (machine near)
t-170s alive=19/19 mined=1988 map=1091p/16ch banked=155 smelted=0 pocket=1983u/276s | sand=49 gravel=21 dirt=275 stone=0
   deficits: 157926/49 (0.0%) 149380/21 (0.0%) 31860/0 (0.0%) 27420/0 (0.0%) 10725/31 (0.3%)
   F1=146[cobblestone:59 raw_copper:41 sand:6] | F2=105[cobblestone:65 dirt:30 stick:3] | F3=53[cobblestone:20 leaf_litter:15 dirt:15] | F4=66[dirt:46 leaf_litter:17 cobblestone:12] | F5=157[cobblestone:91 coal:25 andesite:10] | F6=119[cobblestone:19 raw_copper:15 oak_planks:6] | F7=100[dirt:34 sand:22 leaf_litter:20] | F8=130[cobblestone:64 raw_copper:30 dirt:21] | F9=49[cobblestone:35 torch:16 coal:8] | F10=79[oak_log:6 oak_planks:6 stick:5] | F11=99[dirt:16 stick:5 cobblestone:5] | F12=110[raw_iron:8 oak_log:5 stick:3] | F13=136[cobblestone:100 torch:23 dirt:18] | F14=101[cobblestone:37 dirt:25 diorite:18] | F15=135[cobblestone:40 stick:14 oak_planks:12] | F16=63[torch:84 dirt:15 leaf_litter:7] | F17=77[cobblestone:39 coal:17 diorite:13] | F18=127[cobblestone:43 dirt:36 coal:24] | F19=136[cobblestone:61 diorite:30 andesite:10]
   mem: heap=120M/156M old=-1M ext=129M ab=126M rss=396M cols=1894 ents=2723 evicted=1438 path=6a/4q (max 6) stale=0
F2 [F2] climb: walkable surface at y=69 (+13 levels, dug=24) - the walk takes over (blocked step)
F2 climb out (bank): retry OK +13 levels (15 steps, 24 dug, undefineds)
F2 bank: smelt hold skipped - no fuel in pocket (coal 0)
F2 [F2] direct deposit: 27 chest slots derived from the 63-slot view
F2 camp furnace: 12 near machine(s) beyond the 24b direct envelope (nearest d=2.0) - 2 inside the envelope keep the veto
F2 camp furnace: no build (machine near)
F2 fuel anchor scan returned empty (attempt 1/2) at [-115,68,410] yard d=26 - the palette empty-return class, re-querying
F2 fuel anchor scan returned empty (attempt 2/2) at [-115,68,410] yard d=26
F2 fuel anchor scan empty x2 - the singular probe rescued the scan (chest at [-118,70,408])
F2 fuel commons: the anchor chest is read first
F8 [F8] raw hop failed: raw walk stalled after 2550ms (d=10.0) - pathfinder retry
F12 [F12] craft torches: skip (no coal: sticks 3 coals 0)
F7 [F7] vein sweep: the drop walk to [-174,60,435] failed - sweep drops: timeout after 4000ms (dy 1.0, range 1)
[F6] fuel clips the batch: 3 x stick completes 1 of 15 x raw_copper (the rest re-smelts on the next chain)
[F6] the clock clips the batch: the 76s window completes ~6 of 15 x raw_copper (the rest re-smelts on the next chain)
[F6] furnace slots after put: input=raw_copper fuel=stick
[F6] smelting 1 x raw_copper in a blast_furnace (fuel: 3 x stick)
F18 climb out (trip): OK +15 levels (15 steps, 37 dug, 35s)
F18 map trip skipped: sand,gravel unreachable
F13 [F13] climb diag: level at y=47 blocked toward 0,-1 (dug=0, wet) at [0,2,0] water (stop)
[F10] fuel clips the batch: 3 x stick completes 1 of 4 x raw_copper (the rest re-smelts on the next chain)
[F10] furnace slots after put: input=raw_copper fuel=stick
[F10] smelting 1 x raw_copper in a blast_furnace (fuel: 3 x stick)
F19 [F19] vein sweep: +30u walked from the drops (8 dug)
F19 vein sweep: 8 ores dug beside the gallery (ore detour)
F19 bank trip: pockets full budget 120s
F2 fuel commons: chest holds no fuel
F14 [F14] craft torches: skip (no coal: sticks 4 coals 0)
F14 [F14] digShaft: water table y=47 (region strike) - stopping above the aquifer, the tunnel owns this level (regions 3)
F14 tunnel: steering coal_ore @ 7.6b (axis z+, cross 1.5, ore detour)
[F15] took 1 x stone (1/7)
F18 [F18] craft torches: 4 batch(es) -> 16 torches (sticks 6 coals 24)
F3 climb out (trip): failed - stalled
F3 map trip skipped: cannot leave the shaft
[F6] took 1 x copper_ingot (1/1)
[F6] blast_furnace within reach - opening without a walk
F19 [F19] climb bridge: placed cobblestone at [-85,45,376] (support) - the step re-judges
F14 tunnel: 0 blocks (branch mine at the floor, steered, ore detour)
F14 [F14] craft torches: skip (no coal: sticks 4 coals 0)
F14 [F14] digShaft: water table y=47 (region strike) - stopping above the aquifer, the tunnel owns this level (regions 3)
F14 tunnel: steering coal_ore @ 8.3b (axis z+, cross 0.29999999999999716, floor lock)
F7 [F7] vein sweep: the drop walk to [-174,60,435] failed - sweep drops: timeout after 4000ms (dy 1.1, range 1)
[hb] n=22 ts=441s rss=396M late=97ms mainLate=661ms
[F1] furnace slots after put: input=raw_iron fuel=coal
[F1] smelting 1 x raw_iron in a blast_furnace (fuel: 1 x coal)
[F10] took 1 x copper_ingot (1/1)
[F10] blast_furnace within reach - opening without a walk
F2 fuel commons: chest holds no fuel
[F6] blast_furnace within reach - opening without a walk
[F6] furnace within reach - opening without a walk
F14 tunnel: 0 blocks (branch mine at the floor, steered, floor lock)
[F6] furnace within reach - opening without a walk
F3 [F3] craft torches: skip (no coal: sticks 3 coals 0)
[F6] furnace within reach - opening without a walk
F11 [F11] climb bridge: placed cobblestone at [-130,64,419] (support) - the step re-judges
[F10] blast_furnace within reach - opening without a walk
[F6] furnace within reach - opening without a walk
[F10] furnace within reach - opening without a walk
[F10] furnace within reach - opening without a walk
F2 fuel commons: chest holds no fuel
t-155s alive=19/19 mined=2020 map=1091p/16ch banked=155 smelted=0 pocket=1992u/278s | sand=49 gravel=21 dirt=256 stone=0
   deficits: 157926/49 (0.0%) 149380/21 (0.0%) 31860/0 (0.0%) 27420/0 (0.0%) 10725/32 (0.3%)
   F1=146[cobblestone:52 raw_copper:41 sand:6] | F2=105[cobblestone:65 stick:3 oak_log:2] | F3=57[cobblestone:19 dirt:16 leaf_litter:15] | F4=66[dirt:46 leaf_litter:17 cobblestone:14] | F5=157[cobblestone:91 coal:25 andesite:10] | F6=119[cobblestone:19 raw_copper:14 oak_planks:6] | F7=100[dirt:32 sand:22 leaf_litter:20] | F8=130[cobblestone:64 raw_copper:30 dirt:21] | F9=49[cobblestone:35 torch:16 coal:8] | F10=79[oak_log:6 oak_planks:6 cobblestone:4] | F11=105[dirt:20 stick:5 cobblestone:4] | F12=114[raw_iron:8 oak_log:5 stick:3] | F13=136[cobblestone:100 torch:23 dirt:18] | F14=101[cobblestone:37 dirt:25 diorite:18] | F15=135[cobblestone:40 stick:14 oak_planks:12] | F16=63[torch:84 dirt:15 leaf_litter:7] | F17=77[cobblestone:39 coal:17 diorite:13] | F18=136[cobblestone:47 dirt:41 coal:20] | F19=145[cobblestone:69 diorite:30 raw_copper:29]
   mem: heap=115M/157M old=-1M ext=128M ab=126M rss=397M cols=1888 ents=2675 evicted=1487 path=6a/1q (max 6) stale=0
[F10] furnace within reach - opening without a walk
[F10] furnace within reach - opening without a walk
F18 [F18] digShaft: water table y=54 (region strike) - stopping above the aquifer, the tunnel owns this level (regions 3)
F18 bank trip: pockets full budget 120s
[F15] took 1 x stone (2/7)
F5 [F5] approach: the stall side-step (right) moved the start (d now 27.5)
F2 fuel commons: chest holds no fuel
[F1] took 1 x iron_ingot (1/1)
F14 [F14] craft torches: skip (no coal: sticks 4 coals 0)
F14 [F14] digShaft: water table y=47 (region strike) - stopping above the aquifer, the tunnel owns this level (regions 3)
F12 [F12] digShaft: water table y=54 (region strike) - stopping above the aquifer, the tunnel owns this level (regions 3)
[F6] furnace within reach - opening without a walk
F7 [F7] vein sweep: +2u walked from the drops (4 dug)
F7 vein sweep: 4 ores dug beside the gallery (ore detour)
F3 [F3] digShaft: water table y=54 (region strike) - stopping above the aquifer, the tunnel owns this level (regions 3)
F2 fuel commons: chest holds no fuel
[F1] fuel clips the batch: 2 x coal completes 16 of 41 x raw_copper (the rest re-smelts on the next chain)
[F1] the clock clips the batch: the 34s window completes ~3 of 41 x raw_copper (the rest re-smelts on the next chain)
F13 climb out (bank): failed - stalled
F13 climb out (bank): retry (escalated retry after stalled, fenced to 76s of the 76s the chain has left)
[F1] furnace slots after put: input=raw_copper fuel=coal
[F1] smelting 3 x raw_copper in a blast_furnace (fuel: 2 x coal)
F2 fuel commons: chest holds no fuel
[F10] furnace within reach - opening without a walk
F4 [F4] craft torches: skip (no coal: sticks 3 coals 0)
F12 [F12] craft torches: skip (no coal: sticks 3 coals 0)
[F15] took 1 x stone (3/7)
[F1] took 1 x copper_ingot (1/3)
F2 fuel commons: chest holds no fuel
F11 [F11] climb diag: level at y=69 blocked toward 1,0 (dug=27)
F11 climb out (trip): failed - stalled
F11 map trip skipped: cannot leave the shaft
F2 fuel commons: chest holds no fuel
t-140s alive=19/19 mined=2089 map=1141p/18ch banked=155 smelted=0 pocket=2089u/282s | sand=50 gravel=21 dirt=259 stone=0
   deficits: 157926/50 (0.0%) 149380/21 (0.0%) 31860/0 (0.0%) 27420/0 (0.0%) 10725/49 (0.5%)
   F1=146[cobblestone:52 raw_copper:41 sand:6] | F2=105[cobblestone:65 stick:4 oak_log:2] | F3=75[cobblestone:35 dirt:18 leaf_litter:15] | F4=72[dirt:46 cobblestone:20 leaf_litter:17] | F5=157[cobblestone:91 coal:25 andesite:10] | F6=119[cobblestone:19 raw_copper:14 oak_planks:6] | F7=100[dirt:30 leaf_litter:25 sand:23] | F8=130[cobblestone:64 raw_copper:30 dirt:21] | F9=49[cobblestone:35 torch:16 coal:8] | F10=79[oak_log:6 oak_planks:6 cobblestone:4] | F11=107[dirt:20 stick:5 cobblestone:4] | F12=125[raw_copper:9 andesite:8 raw_iron:8] | F13=136[cobblestone:100 torch:23 dirt:18] | F14=102[cobblestone:49 dirt:25 diorite:18] | F15=135[cobblestone:40 stick:14 oak_planks:12] | F16=63[torch:84 dirt:15 leaf_litter:7] | F17=77[cobblestone:39 coal:17 diorite:13] | F18=152[cobblestone:62 dirt:43 coal:20] | F19=160[cobblestone:74 diorite:30 raw_copper:29]
   mem: heap=109M/158M old=-1M ext=129M ab=126M rss=393M cols=1881 ents=2588 evicted=1541 path=6a/1q (max 6) stale=0
F5 [F5] approach: 8 segment(s) walked in 67.8s, goal now d=27.1 (still outside - a segment stalled (no position delta))
F5 [F5] hop: chest at [-149,70,382] d=28 zero: chest unreachable (budget exhausted (walk floor))
[hb] n=23 ts=461s rss=393M late=102ms mainLate=920ms
F5 [F5] hop: chest at [-151,70,382] d=29 zero: chest unreachable (budget exhausted (walk floor))
F5 [F5] hop: chest at [-133,70,398] d=29 zero: chest unreachable (budget exhausted (walk floor))
F5 [F5] hop: chest at [-138,70,398] d=30 zero: chest unreachable (budget exhausted (walk floor))
F5 [F5] hop: chest at [-128,70,398] d=29 zero: chest unreachable (budget exhausted (walk floor))
F5 bank fallback: none (chest unreachable (budget exhausted (walk floor)))
F5 camp furnace: 5 near machine(s) beyond the 24b direct envelope (nearest d=19.8) - 7 inside the envelope keep the veto
F5 camp furnace: no build (machine near)
F11 [F11] craft torches: skip (no coal: sticks 5 coals 0)
[F1] took 1 x copper_ingot (2/3)
[F10] walk nudge: approach: 1 segment(s) walked in 3.4s, goal now d=11.6 (inside the direct envelope)
[F10] walk nudge: inside the direct envelope
[F2] fuel clips the batch: 2 x stick completes 1 of 57 x cobblestone (the rest re-smelts on the next chain)
[F2] the clock clips the batch: the 59s window completes ~5 of 57 x cobblestone (the rest re-smelts on the next chain)
[F6] walk nudge: approach: 1 segment(s) walked in 4.3s, goal now d=9.8 (inside the direct envelope)
[F6] walk nudge: inside the direct envelope
[F2] furnace slots after put: input=cobblestone fuel=stick
[F2] smelting 1 x cobblestone in a furnace (fuel: 2 x stick)
F13 [F13] climb diag: level at y=47 blocked toward -1,0 (dug=0, wet) at [0,2,0] water (stop)
F12 tunnel: steering copper_ore @ 6.3b (axis z--1, cross 1.5430981676864093, ore detour)
F11 [F11] digShaft: water table y=57 (region strike) - stopping above the aquifer, the tunnel owns this level (regions 3)
F4 [F4] craft torches: skip (no coal: sticks 3 coals 0)
F4 [F4] craft torches: skip (no coal: sticks 3 coals 0)
F4 tunnel: steering coal_ore @ 15.1b (axis x--1, cross 2.4503418236862444, floor lock)
F17 map trip: gravel
[F5] walk nudge: approach: 1 segment(s) walked in 3.8s, goal now d=18.6 (inside the direct envelope)
[F5] walk nudge: inside the direct envelope
[F15] took 1 x stone (4/7)
F16 climb out (bank): failed - stalled
F16 climb out (bank): retry (escalated retry after stalled, fenced to 47s of the 47s the chain has left)
F16 [F16] climb bridge: the server refused the support fill at [-115,64,383] - the rotate ladder owns it (held=cobblestone, 0.9b, ref=grass_block, post=? (re-read failed))
F16 [F16] climb diag: level at y=64 blocked toward 1,0 (dug=0)
F12 tunnel: 2 blocks (branch mine at the floor, steered, ore detour)
[F1] took 1 x copper_ingot (3/3)
[F1] blast_furnace within reach - opening without a walk
[F1] fuel clips the batch: 2 x coal completes 16 of 38 x raw_copper (the rest re-smelts on the next chain)
[F1] the clock clips the batch: the 17s window completes ~1 of 38 x raw_copper (the rest re-smelts on the next chain)
[F1] furnace slots after put: input=raw_copper fuel=coal
[F1] smelting 1 x raw_copper in a blast_furnace (fuel: 2 x coal)
F16 [F16] climb bridge: placed cobblestone at [-116,64,384] (support) - the step re-judges
F12 [F12] craft torches: skip (no coal: sticks 3 coals 0)
F12 tunnel: steering copper_ore @ 7.6b (axis z--1, cross 1.5002441508122502, ore detour)
F16 [F16] climb diag: level at y=66 blocked toward 0,1 (dug=0)
F18 [F18] climb bridge: placed cobblestone at [-83,66,427] (support) - the step re-judges
F16 [F16] climb bridge: the server refused the support fill at [-117,64,385] - the rotate ladder owns it (held=cobblestone, 0.7b, ref=grass_block, post=? (re-read failed))
F16 [F16] climb diag: level at y=64 blocked toward -1,0 (dug=0)
F18 climb out (bank): OK +12 levels (10 steps, 25 dug, 24s)
F18 bank: holding 45s of 120s for the smelt leg
F13 [F13] climb diag: level at y=47 blocked toward 0,-1 (dug=0, wet) at [0,2,0] water (stop)
F14 [F14] craft torches: skip (no coal: sticks 4 coals 0)
F14 [F14] digShaft: water table y=47 (region strike) - stopping above the aquifer, the tunnel owns this level (regions 3)
F14 [F14] craft torches: skip (no coal: sticks 4 coals 0)
F14 [F14] digShaft: water table y=47 (region strike) - stopping above the aquifer, the tunnel owns this level (regions 3)
F14 tunnel: steering coal_ore @ 7.7b (axis z+, cross 3.678036184308411, floor lock)
F8 [F8] raw hop failed: raw walk: no net progress for 8204ms (best d=9.1) - pathfinder retry
[F2] took 1 x stone (1/1)
F12 tunnel: 2 blocks (branch mine at the floor, steered, ore detour)
[F1] took 1 x copper_ingot (1/1)
[F5] walk nudge: approach: 1 segment(s) walked in 4.5s, goal now d=18.0 (inside the direct envelope)
[F5] walk nudge: inside the direct envelope
t-124s alive=19/19 mined=2164 map=1160p/18ch banked=155 smelted=0 pocket=2185u/286s | sand=51 gravel=33 dirt=286 stone=1
   deficits: 157926/51 (0.0%) 149380/33 (0.0%) 31860/0 (0.0%) 27420/0 (0.0%) 10725/49 (0.5%)
   F1=146[cobblestone:52 raw_copper:37 sand:6] | F2=105[cobblestone:64 stick:2 oak_log:2] | F3=89[cobblestone:36 dirt:28 leaf_litter:15] | F4=85[dirt:46 cobblestone:35 leaf_litter:17] | F5=157[cobblestone:93 coal:25 andesite:10] | F6=119[cobblestone:19 raw_copper:14 oak_planks:6] | F7=100[dirt:26 leaf_litter:25 sand:24] | F8=130[cobblestone:64 raw_copper:30 dirt:21] | F9=49[cobblestone:35 torch:16 coal:8] | F10=79[oak_log:6 oak_planks:6 cobblestone:4] | F11=112[dirt:28 stick:5 cobblestone:4] | F12=137[cobblestone:15 raw_copper:9 andesite:8] | F13=136[cobblestone:100 torch:23 dirt:18] | F14=104[cobblestone:55 dirt:25 diorite:18] | F15=135[cobblestone:40 stick:14 oak_planks:12] | F16=65[torch:84 dirt:15 leaf_litter:7] | F17=77[cobblestone:39 coal:17 diorite:13] | F18=163[cobblestone:61 dirt:54 coal:20] | F19=176[cobblestone:91 diorite:30 raw_copper:29]
   mem: heap=118M/157M old=-1M ext=127M ab=125M rss=394M cols=1874 ents=2595 evicted=1582 path=6a/4q (max 6) stale=0
[F15] took 1 x stone (5/7)
F12 [F12] vein sweep: 6 drop(s) in reach (3 dug)
F14 tunnel: 2 blocks (branch mine at the floor, steered, floor lock)
F18 [F18] approach: 1 segment(s) walked in 9.7s, goal now d=19.2 (inside the direct envelope)
[hb] n=24 ts=481s rss=397M late=108ms mainLate=745ms
[F1] fuel clips the batch: 1 x coal completes 8 of 37 x raw_copper (the rest re-smelts on the next chain)
[F1] the clock clips the batch: the 3s window completes ~1 of 37 x raw_copper (the rest re-smelts on the next chain)
[F1] furnace slots after put: input=raw_copper fuel=coal
[F1] smelting 1 x raw_copper in a blast_furnace (fuel: 1 x coal)
F3 climb out (trip): OK +11 levels (10 steps, 23 dug, 35s)
[F1] blast_furnace within reach - opening without a walk
F5 smelt: 0 (cobblestone@furnace: machine unreachable (No path to the goal!); cobblestone@furnace: machine unreachable (visit budget spent (walk slice)))
[F1] fuel clips the batch: 3 x stick completes 1 of 37 x raw_copper (the rest re-smelts on the next chain)
[F1] the clock clips the batch: the 0s window completes ~1 of 37 x raw_copper (the rest re-smelts on the next chain)
[F1] furnace slots after put: input=raw_copper fuel=stick
[F1] smelting 1 x raw_copper in a blast_furnace (fuel: 3 x stick)
F1 smelted 5 (iron_ingot:1 copper_ingot:4) rescued=0
F13 [F13] climb diag: level at y=47 blocked toward -1,0 (dug=0, wet) at [0,2,0] water (stop)
F8 [F8] hop: chest at [-153,70,408] d=44 zero: chest unreachable (walk to chest (retry): timeout after 13856ms)
F8 bank fallback: none (budget exhausted)
F8 camp furnace: build skipped - the leg clock (3s) cannot afford a 0s none build + the 5s put (machine near)
F12 [F12] vein sweep: the drop walk to [-108,44,402] failed - sweep drops: timeout after 4000ms (dy 1.0, range 1)
F3 map trip skipped: sand,gravel unreachable
F14 [F14] craft torches: skip (no coal: sticks 4 coals 0)
[F15] took 1 x stone (6/7)
F14 [F14] digShaft: water table y=47 (region strike) - stopping above the aquifer, the tunnel owns this level (regions 3)
F5 iron commune: iron commune: path nudge approach: 1 segment(s) walked in 0.6s, goal now d=16.9 (inside the direct envelope)
F5 iron commune: iron commune: path nudge inside the direct envelope
F6 fuel anchor scan returned empty (attempt 1/2) at [-114,67,409] yard d=23 - the palette empty-return class, re-querying
F6 fuel anchor scan returned empty (attempt 2/2) at [-114,67,409] yard d=23
F6 fuel anchor scan empty x2 - the singular probe rescued the scan (chest at [-113,70,408])
F6 fuel commons: the anchor chest is read first
F18 [F18] raw hop failed: raw walk: no net progress for 8290ms (best d=10.7) - pathfinder retry
t-109s alive=19/19 mined=2183 map=1160p/18ch banked=155 smelted=5 pocket=2211u/286s | sand=51 gravel=34 dirt=292 stone=1
   deficits: 157926/51 (0.0%) 149380/34 (0.0%) 31860/0 (0.0%) 27420/0 (0.0%) 10725/49 (0.5%)
   F1=146[cobblestone:52 raw_copper:37 sand:6] | F2=105[cobblestone:64 stick:2 oak_log:2] | F3=89[cobblestone:36 dirt:29 leaf_litter:15] | F4=89[dirt:46 cobblestone:37 leaf_litter:17] | F5=157[cobblestone:93 coal:25 andesite:10] | F6=119[cobblestone:19 raw_copper:14 oak_planks:6] | F7=100[dirt:26 leaf_litter:25 sand:24] | F8=130[cobblestone:64 raw_copper:30 dirt:21] | F9=49[cobblestone:35 torch:16 coal:8] | F10=79[oak_log:6 oak_planks:6 cobblestone:4] | F11=112[dirt:28 stick:5 cobblestone:4] | F12=139[cobblestone:20 raw_copper:9 andesite:8] | F13=136[cobblestone:100 torch:23 dirt:18] | F14=105[cobblestone:56 dirt:25 diorite:18] | F15=135[cobblestone:40 stick:14 oak_planks:12] | F16=65[torch:84 dirt:15 leaf_litter:7] | F17=77[cobblestone:39 coal:17 diorite:13] | F18=163[cobblestone:61 dirt:54 coal:20] | F19=188[cobblestone:100 diorite:30 raw_copper:29]
   mem: heap=121M/158M old=-1M ext=128M ab=126M rss=394M cols=1886 ents=2593 evicted=1641 path=6a/4q (max 6) stale=0
F10 smelted 1 (copper_ingot:1) rescued=0
F19 [F19] climb wet escape: 8 blocks walked (budget, walked 1/4)
F4 tunnel: 12 blocks (branch mine at the floor, steered, floor lock)
F4 [F4] vein sweep: 2 drop(s) in reach (1 dug)
F8 smelt: 0 (raw_copper@blast_furnace: machine unreachable (visit budget spent (walk slice)))
F1 iron commune: seeded the pool: +1 iron_ingot into a yard chest (the pocket rides the pool)
F1 [F1] direct deposit: 27 chest slots derived from the 63-slot view
F1 bank: +168
F5 iron commune: iron commune: chest walk failed after the nudge (No path to the goal!)
F5 iron commune: chest walk failed (No path to the goal!)
F3 [F3] craft torches: 1 batch(es) -> 4 torches (sticks 3 coals 4)
F14 tunnel: 0 blocks (branch mine at the floor, ore detour)
[F15] took 1 x stone (7/7)
F19 [F19] water: drowning rescue start (drowning, oxygen 12)
F19 [F19] water: pass 0 head=wet shore=none land=n/a y=57.0 o2=12 probes=0 at=[-73,57,385]
F6 fuel commons: chest holds no fuel
F10 iron commune: chest holds 0 ingot(s) - nothing to complete here
[hb] n=25 ts=501s rss=396M late=112ms mainLate=529ms
F19 [F19] water: pass 6 head=dry shore=hit r=4 land=none y=62.7 o2=12 probes=0 at=[-73,63,385]
F7 map trip: sand
F3 [F3] digShaft: water table y=54 (region strike) - stopping above the aquifer, the tunnel owns this level (regions 3)
F3 tunnel: steering coal_ore @ 14.4b (axis x--1, cross 2.318224359719295, ore detour)
F19 [F19] water: pass 11 head=dry shore=hit r=1 land=none y=62.4 o2=20 probes=0 at=[-75,62,387]
[F2] walk nudge: approach: 1 segment(s) walked in 15.2s, goal now d=10.7 (inside the direct envelope)
[F2] walk nudge: inside the direct envelope
F19 [F19] water: pass 14 head=dry shore=hit r=1 land=none y=63.5 o2=20 probes=0 at=[-77,63,389]
t-94s alive=19/19 mined=2196 map=1159p/18ch banked=323 smelted=6 pocket=2132u/284s | sand=45 gravel=35 dirt=299 stone=8
   deficits: 157926/45 (0.0%) 149380/35 (0.0%) 31860/0 (0.0%) 27420/0 (0.0%) 10725/49 (0.5%)
   F1=146[stick:4 oak_planks:4 wooden_pickaxe:2] | F2=105[cobblestone:64 stick:2 oak_log:2] | F3=99[cobblestone:42 dirt:33 leaf_litter:15] | F4=92[dirt:46 cobblestone:39 leaf_litter:17] | F5=157[cobblestone:93 coal:25 dirt:10] | F6=119[cobblestone:19 raw_copper:14 oak_planks:6] | F7=100[dirt:26 leaf_litter:25 sand:24] | F8=130[cobblestone:64 raw_copper:30 dirt:21] | F9=49[cobblestone:35 torch:16 coal:8] | F10=79[oak_log:6 oak_planks:6 cobblestone:4] | F11=112[dirt:28 stick:5 cobblestone:4] | F12=139[cobblestone:22 raw_copper:9 andesite:8] | F13=136[cobblestone:100 torch:23 dirt:18] | F14=105[cobblestone:56 dirt:25 diorite:18] | F15=135[cobblestone:33 stick:14 oak_planks:7] | F16=65[torch:84 dirt:15 leaf_litter:7] | F17=77[cobblestone:39 coal:17 diorite:13] | F18=163[cobblestone:61 dirt:55 coal:21] | F19=188[cobblestone:100 diorite:30 raw_copper:29]
   mem: heap=121M/159M old=-1M ext=127M ab=124M rss=396M cols=1862 ents=2343 evicted=1686 path=6a/9q (max 6) stale=0
F19 [F19] water: rescue complete in 8.5s
F19 [F19] water: hazard memorized at [-76,62,387] (4 live, fleet-wide)
F11 [F11] craft torches: skip (no coal: sticks 5 coals 0)
F7 [F7] water: drowning rescue start (drowning, oxygen 16)
F7 [F7] water: pass 0 head=wet shore=none land=n/a y=59.2 o2=16 probes=0 at=[-190,59,471]
F17 [F17] craft torches: 4 batch(es) -> 16 torches (sticks 6 coals 17)
F11 [F11] digShaft: water table y=57 (region strike) - stopping above the aquifer, the tunnel owns this level (regions 3)
F11 tunnel: steering iron_ore @ 8.8b (axis x+, cross 3.3000000000000114, ore detour)
F5 iron commune: chest walk failed (No path to the goal!)
F5 iron commune: budget spent (0/3 units)
F5 fuel anchor: skipped - the final leg clock (1.0s) cannot afford the walk while the pocket holds 19 over the bound
F5 [F5] chest skip (doomed goal cached 0s ago at [-132,70,382])
F5 [F5] chest skip (doomed goal cached 0s ago at [-133,70,382])
F5 [F5] chest skip (doomed goal cached 0s ago at [-134,70,382])
F5 [F5] hop: chest at [-149,70,382] d=24 zero: chest unreachable (budget exhausted (walk floor))
F5 [F5] hop: chest at [-151,70,382] d=26 zero: chest unreachable (budget exhausted (walk floor))
F5 [F5] hop: chest at [-133,70,398] d=26 zero: chest unreachable (budget exhausted (walk floor))
F5 [F5] hop: chest at [-138,70,398] d=27 zero: chest unreachable (budget exhausted (walk floor))
F5 [F5] hop: chest at [-128,70,398] d=26 zero: chest unreachable (budget exhausted (walk floor))
F5 bank: 0 (chest unreachable (budget exhausted (walk floor)))
F5 tool upgrade due: cobble available -> stone_pickaxe
F5 [toolupgrade] [upgrade] craft stick: no craftable recipe variant (ingredients missing?)
F12 [F12] vein sweep: the drop walk to [-114,48,399] failed - No path to the goal! (dy 4.0, range 1)
F12 [F12] vein sweep: +10u walked from the drops (3 dug)
F12 vein sweep: 3 ores dug beside the gallery (ore detour)
F12 tool upgrade due: worn (left=9/131) -> stone_pickaxe
F12 [toolupgrade] craft crafting_table: no craftable recipe variant (ingredients missing?)
F18 [F18] direct deposit: 27 chest slots derived from the 63-slot view
F18 [F18] fuel tithe: banked 15 x coal (pocket keeps 6)
F6 fuel commons: chest holds no fuel
F10 iron commune: chest holds 0 ingot(s) - nothing to complete here
F10 iron commune: budget spent (0/3 units)
F7 [F7] water: pass 4 head=wet shore=none land=n/a y=61.9 o2=16 probes=0 at=[-189,62,472]
F10 [F10] direct deposit: 27 chest slots derived from the 63-slot view
F10 bank: +129
F18 [F18] direct deposit: 27 chest slots derived from the 63-slot view
F18 camp furnace: 11 near machine(s) beyond the 24b direct envelope (nearest d=1.9) - 2 inside the envelope keep the veto
F18 camp furnace: no build (machine near)
[F18] furnace within reach - opening without a walk
F12 [toolupgrade] plank rung: converted 1->5 same-type planks (need 4, from oak_log)
F4 [F4] vein sweep: +2u walked from the drops (1 dug)
F4 vein sweep: 1 ores dug beside the gallery (floor lock)
F4 bank trip: skipped (pockets full, 88s left < 150s - the end-phase owns the deadline banking)
F4 pre-position: 49b from yard, t-87s - walking home
F7 [F7] water: pass 6 head=dry shore=hit r=7 land=none y=62.5 o2=20 probes=0 at=[-190,63,473]
[F18] fuel clips the batch: 2 x stick completes 1 of 53 x cobblestone (the rest re-smelts on the next chain)
[F18] the clock clips the batch: the 46s window completes ~4 of 53 x cobblestone (the rest re-smelts on the next chain)
[F18] furnace slots after put: input=cobblestone fuel=stick
[F18] smelting 1 x cobblestone in a furnace (fuel: 2 x stick)
F16 climb out (bank): retry failed - timeout [stage 1]
F12 [toolupgrade] spare table: crafted
F8 iron commune: chest walk failed (iron commune walk: timeout after 14993ms)
F8 iron commune: budget spent (0/3 units)
F8 fuel anchor: skipped - the final leg clock (5.9s) cannot afford the walk while the pocket holds 10 over the bound
F7 [F7] water: pass 9 head=dry shore=hit r=9 land=none y=62.2 o2=20 probes=0 at=[-192,62,477]
F7 pre-position: 102b from yard, t-84s - walking home
F15 smelted 7 (stone:7) rescued=0
F7 [surplus] plan total=5 (max 8 sticks) -> burned 4 planks, gained 8 sticks
F7 climb out (pre-position): failed - rescue owns the bot
F7 final climb: no retry (no retry for 'rescue owns the bot')
F7 final climb: failed - rescue owns the bot
F7 final bank: 0 (still underground after 1 climb attempt - the chain from the shaft bottom is doomed walks)
F7 retry #1 in 7.8s ()
F6 fuel commons: chest holds no fuel
F17 [F17] craft torch: variant#3 attempt0 failed: craft torch: timeout after 7000ms
F17 [F17] [tools] closing stale craft window (minecraft:inventory) - grid recovery
F1 [F1] craft torches: skip (no coal: sticks 4 coals 0)
F16 [F16] craft torches: 1 batch(es) -> 4 torches (sticks 3 coals 3)
F5 [toolupgrade] [upgrade] upgraded: stone_pickaxe,wooden_shovel,wooden_pickaxe,wooden_pickaxe
F5 tool upgrade: OK -> stone_pickaxe (stone_pickaxe,wooden_shovel,wooden_pickaxe,wooden_pickaxe)
F5 [F5] craft torches: stick-dry but 5 planks held - one stick batch first
F3 tunnel: 12 blocks (branch mine at the floor, steered, ore detour)
F5 [F5] craft torches: 3 batch(es) -> 12 torches (sticks 1 coals 25)
F6 fuel commons: chest holds no fuel
F8 [F8] raw hop failed: raw walk stalled after 2057ms (d=10.0) - pathfinder retry
F12 [toolupgrade] stone_pickaxe: crafted (worn (left=9/131))
F12 tool upgrade: OK -> stone_pickaxe (worn (left=9/131))
F12 [F12] craft torches: stick-dry with logs held - one plank conversion first
F15 iron commune: chest holds 0 ingot(s) - nothing to complete here
F6 smelted 1 (copper_ingot:1) rescued=0
F7 [F7] water: pass 16 head=dry shore=hit r=4 land=none y=62.4 o2=20 probes=0 at=[-187,62,472]
F6 iron commune: chest holds 0 ingot(s) - nothing to complete here
F6 iron commune: chest holds 0 ingot(s) - nothing to complete here
F12 [F12] craft torches: stick-dry but 9 planks held - one stick batch first
F11 tunnel: 6 blocks (branch mine at the floor, steered, ore detour)
F4 climb out (pre-position): OK +2 levels (2 steps, 9 dug, 6s)
F4 bank: smelt hold skipped - no fuel in pocket (coal 0)
F4 [F4] chest skip (vertical doom: the yard stands 27 levels up over 16b lateral - the walk ladder cannot climb)
F4 [F4] chest skip (vertical doom: the yard stands 27 levels up over 17b lateral - the walk ladder cannot climb)
F4 [F4] chest skip (vertical doom: the yard stands 27 levels up over 18b lateral - the walk ladder cannot climb)
F4 [F4] chest skip (vertical doom: the yard stands 27 levels up over 19b lateral - the walk ladder cannot climb)
F4 [F4] chest skip (vertical doom: the yard stands 27 levels up over 19b lateral - the walk ladder cannot climb)
F4 [F4] chest skip (vertical doom: the yard stands 27 levels up over 20b lateral - the walk ladder cannot climb)
F4 [F4] chest skip (vertical doom: the yard stands 27 levels up over 21b lateral - the walk ladder cannot climb)
F4 [F4] chest skip (vertical doom: the yard stands 27 levels up over 21b lateral - the walk ladder cannot climb)
F4 bank: no chest in range (49 blocks from yard) - walking back
F4 yard approach: 49b beyond the 24b envelope (attempt 1)
F12 [F12] craft torches: the metal fuel reserve holds all 3 coal for the furnace (17 raw metal held)
F12 tunnel: steering coal_ore @ 3.1b (axis x+, cross 0.5000227072716825, floor lock)
F12 tunnel: 0 blocks (branch mine at the floor, steered, floor lock)
F6 iron commune: chest holds 0 ingot(s) - nothing to complete here
F7 [F7] water: pass 21 head=dry shore=hit r=2 land=none y=62.6 o2=20 probes=0 at=[-184,63,470]
[hb] n=26 ts=521s rss=394M late=117ms mainLate=904ms
F6 [F6] direct deposit: 27 chest slots derived from the 63-slot view
F6 bank: +142
[F2] walk nudge: approach: 1 segment(s) walked in 2.0s, goal now d=28.1 (still outside - the approach clock is spent)
[F2] walk nudge: closed to d=28.1 - retrying the machine from the new start
F10 sword due: planks available
F2 smelted 1 (stone:1) rescued=0
t-78s alive=19/19 mined=2247 map=1190p/18ch banked=594 smelted=15 pocket=2049u/281s | sand=45 gravel=38 dirt=260 stone=8
   deficits: 157926/45 (0.0%) 149380/38 (0.0%) 31860/0 (0.0%) 27420/0 (0.0%) 10725/49 (0.5%)
   F1=153[stick:4 oak_planks:4 dirt:4] | F2=105[cobblestone:64 stick:2 oak_log:2] | F3=113[cobblestone:52 dirt:33 leaf_litter:15] | F4=101[cobblestone:46 dirt:46 leaf_litter:17] | F5=161[cobblestone:94 coal:22 torch:12] | F6=119[oak_planks:6 oak_log:5 stick:3] | F7=100[dirt:28 leaf_litter:25 sand:24] | F8=130[cobblestone:64 raw_copper:30 dirt:21] | F9=49[cobblestone:35 torch:16 coal:8] | F10=79[oak_log:6 oak_planks:6 stick:3] | F11=121[dirt:35 stick:5 cobblestone:4] | F12=140[cobblestone:20 raw_copper:9 andesite:8] | F13=136[cobblestone:100 torch:23 dirt:18] | F14=105[cobblestone:59 dirt:25 diorite:18] | F15=135[cobblestone:30 stick:15 oak_planks:7] | F16=72[torch:88 dirt:18 cobblestone:8] | F17=77[cobblestone:39 diorite:13 stick:6] | F18=163[cobblestone:61 torch:15 coal:6] | F19=188[cobblestone:100 diorite:30 raw_copper:29]
   mem: heap=115M/160M old=-1M ext=129M ab=127M rss=396M cols=1791 ents=2345 evicted=1621 path=6a/0q (max 6) stale=0
F1 [F1] digShaft: water table y=54 (region strike) - stopping above the aquifer, the tunnel owns this level (regions 3)
F7 [F7] water: rescue complete in 13.5s
F7 [F7] water: hazard memorized at [-184,62,469] (4 live, fleet-wide)
F8 [F8] hop: chest at [-153,70,408] d=10 zero: chest unreachable (budget exhausted (walk floor))
F8 bank: 0 (budget exhausted)
F2 iron commune: iron commune: path nudge approach: 1 segment(s) walked in 0.1s, goal now d=7.5 (inside the direct envelope)
F2 iron commune: iron commune: path nudge inside the direct envelope
F6 [F6] craft torches: skip (no coal: sticks 3 coals 0)
F7 [F7] KICKED: {"type":"compound","value":{"translate":{"type":"string","value":"multiplayer.disconnect.duplicate_login"}}}
F10 sword: OK (wooden_sword, holds 1)
F10 sword: OK (wooden_sword)
F10 [F10] craft torches: stick-dry but 5 planks held - one stick batch first
F11 [F11] vein sweep: 4 drop(s) in reach (5 dug)
F11 [F11] vein sweep: the drop walks picked nothing (pocket delta 0, 0 failed walk(s))
F11 [F11] vein sweep: 4 deep drop(s) skipped (dy < -2 - the lip sphere cannot reach, the walk was a guaranteed spiral)
F11 vein sweep: 5 ores dug beside the gallery (ore detour)
[F18] took 1 x stone (1/1)
F10 [F10] craft torches: skip (no coal: sticks 6 coals 0)
F2 iron commune: iron commune: chest walk failed after the nudge (Took to long to decide path to goal!)
F2 iron commune: chest walk failed (Took to long to decide path to goal!)
F8 [F8] craft torches: stick-dry with logs held - one plank conversion first
F11 [F11] craft torches: skip (no coal: sticks 5 coals 0)
F11 [F11] digShaft: water table y=54 (region strike) - stopping above the aquifer, the tunnel owns this level (regions 3)
F11 tunnel: steering coal_ore @ 5.7b (axis z+, cross 0.3811011292404629, ore detour)
F12 [F12] vein sweep: 8 drop(s) in reach (6 dug)
F10 [F10] digShaft: water table y=57 (region strike) - stopping above the aquifer, the tunnel owns this level (regions 3)
F8 [F8] craft torches: stick-dry but 7 planks held - one stick batch first
F8 [F8] craft torches: 4 batch(es) -> 16 torches (sticks 2 coals 16, the metal reserve keeps 4)
F16 [F16] digShaft: water table y=47 (region strike) - stopping above the aquifer, the tunnel owns this level (regions 3)
F16 tunnel: steering coal_ore @ 5.8b (axis z--1, cross 0.420156036680865, ore detour)
F17 [F17] craft torch: variant#3 attempt1 failed: craft torch: timeout after 7000ms
F17 [F17] [tools] closing stale craft window (minecraft:inventory) - grid recovery
F5 bank trip: skipped (pockets full, 72s left < 150s - the end-phase owns the deadline banking)
F2 iron commune: chest walk failed (Took to long to decide path to goal!)
F6 [F6] digShaft: water table y=54 (region strike) - stopping above the aquifer, the tunnel owns this level (regions 3)
F15 iron commune: chest holds 0 ingot(s) - nothing to complete here
F15 iron commune: budget spent (0/3 units)
F11 tunnel: 2 blocks (branch mine at the floor, steered, ore detour)
F11 [F11] craft torches: skip (no coal: sticks 5 coals 0)
F15 [F15] direct deposit: 27 chest slots derived from the 63-slot view
F15 bank: +111
F16 tunnel: 2 blocks (branch mine at the floor, steered, ore detour)
F16 bank trip: skipped (pockets full, 68s left < 150s - the end-phase owns the deadline banking)
F8 [F8] digShaft: water table y=57 (region strike) - stopping above the aquifer, the tunnel owns this level (regions 3)
F17 [F17] craft torch: all 1 variant(s) failed, last: craft torch: timeout after 7000ms
F17 [F17] craft torches: craft did not land (held 0 torch(es))
F17 tunnel: steering coal_ore @ 3.5b (axis x+, cross 0.30000000000001137, ore detour)
F2 iron commune: chest walk failed (Took to long to decide path to goal!)
F2 [F2] chest skip (doomed goal cached 10s ago at [-143,70,408])
F2 [F2] chest skip (doomed goal cached 0s ago at [-143,70,406])
F2 [F2] chest skip (doomed goal cached 4s ago at [-138,70,408])
F4 yard approach: approach: the stall side-step (right) moved the start (d now 46.6)
F6 [F6] craft torches: skip (no coal: sticks 3 coals 0)
F6 [F6] digShaft: water table y=54 (region strike) - stopping above the aquifer, the tunnel owns this level (regions 3)
F6 [F6] craft torches: skip (no coal: sticks 3 coals 0)
F6 [F6] digShaft: water table y=54 (region strike) - stopping above the aquifer, the tunnel owns this level (regions 3)
F6 tunnel: steering coal_ore @ 7.2b (axis z--1, cross 0.4991762106341895, floor lock)
F19 [F19] climb: walkable surface at y=64 (+19 levels, dug=52) - the walk takes over (blocked step)
F19 climb out (bank): OK +19 levels (12 steps, 52 dug, 8 traversed, undefineds)
F19 bank: smelt hold skipped - no fuel in pocket (coal 0)
F5 [F5] craft torches: skip (no spare sticks: sticks 2 coals 22)
F5 bank trip: skipped (pockets full, 66s left < 150s - the end-phase owns the deadline banking)
F5 [F5] craft torches: skip (no spare sticks: sticks 2 coals 22)
F5 tunnel: steering coal_ore @ 7.6b (axis x+, cross 3.5, floor lock)
F13 climb out (bank): retry failed - timeout [stage 1]
F13 [F13] craft torches: stick-dry with logs held - one plank conversion first
F8 tunnel: 2 blocks (branch mine at the floor, ore detour)
F8 bank trip: skipped (pockets full, 65s left < 150s - the end-phase owns the deadline banking)
F7 pre-position: 103b from yard, t-64s - walking home
F11 [F11] craft torches: 3 batch(es) -> 12 torches (sticks 5 coals 5)
F7 [F7] climb diag: level at y=61 blocked toward 0,1 (dug=0, wet) at [0,1,0] water (stop)
t-63s alive=19/19 mined=2322 map=1239p/19ch banked=705 smelted=15 pocket=2089u/288s | sand=45 gravel=39 dirt=285 stone=2
   deficits: 157926/45 (0.0%) 149380/39 (0.0%) 31860/0 (0.0%) 27420/0 (0.0%) 10725/49 (0.5%)
   F1=154[cobblestone:9 stick:4 oak_planks:4] | F2=105[cobblestone:64 stick:2 oak_log:2] | F3=126[cobblestone:52 dirt:33 leaf_litter:15] | F4=101[cobblestone:47 dirt:46 leaf_litter:17] | F5=173[cobblestone:104 coal:22 torch:11] | F6=129[oak_planks:6 oak_log:5 cobblestone:5] | F7=100[dirt:28 leaf_litter:25 sand:24] | F8=137[cobblestone:65 raw_copper:30 dirt:26] | F9=49[cobblestone:35 torch:16 coal:8] | F10=84[dirt:16 oak_log:6 stick:6] | F11=134[dirt:35 torch:8 cobblestone:7] | F12=145[cobblestone:20 raw_copper:9 andesite:8] | F13=136[cobblestone:100 torch:23 dirt:18] | F14=105[cobblestone:60 dirt:25 diorite:18] | F15=135[stick:15 oak_planks:7 birch_log:6] | F16=81[torch:87 dirt:18 cobblestone:14] | F17=77[cobblestone:39 diorite:13 stick:6] | F18=163[cobblestone:60 torch:15 coal:6] | F19=188[cobblestone:100 diorite:30 raw_copper:29]
   mem: heap=110M/161M old=-1M ext=129M ab=127M rss=399M cols=1902 ents=2549 evicted=1673 path=6a/2q (max 6) stale=0
F6 tunnel: 4 blocks (branch mine at the floor, steered, floor lock)
F11 [F11] [tools] closing stale craft window (minecraft:inventory) - grid recovery
F3 [F3] vein sweep: 8 drop(s) in reach (18 dug)
F7 [F7] climb diag: level at y=60 blocked toward -1,0 (dug=0, wet) at [0,2,0] water (stop)
F19 [F19] approach: 1 segment(s) walked in 4.8s, goal now d=15.2 (inside the direct envelope)
F16 [F16] craft torches: stick-dry but 6 planks held - one stick batch first
F7 [F7] climb diag: level at y=60 blocked toward 0,-1 (dug=0, wet) at [0,2,0] water (stop)
F16 [F16] craft torches: 2 batch(es) -> 8 torches (sticks 2 coals 2)
F7 climb out (pre-position): failed - stalled
[hb] n=27 ts=541s rss=398M late=121ms mainLate=713ms
F7 [F7] climb diag: level at y=59 blocked toward -1,0 (dug=0, wet) at [0,2,0] water (stop)
F13 [F13] craft oak_planks: variant#2 attempt0 failed: craft oak_planks: timeout after 7000ms
F13 [F13] [tools] closing stale craft window (minecraft:inventory) - grid recovery
F2 [F2] raw hop failed: raw walk: no net progress for 8207ms (best d=6.0) - pathfinder retry
F7 [F7] climb diag: level at y=58 blocked toward 0,-1 (dug=0, wet) at [0,2,0] water (stop)
F6 [F6] vein sweep: 8 drop(s) in reach (6 dug)
F7 [F7] climb diag: level at y=58 blocked toward 1,0 (dug=0, wet) at [0,2,0] water (stop)
F16 bank trip: skipped (pockets full, 57s left < 150s - the end-phase owns the deadline banking)
F15 sword due: planks available
F15 sword: no table reachable or placeable
F15 sword: failed (no table)
F15 [F15] craft torches: skip (no coal: sticks 15 coals 0)
F19 [F19] direct deposit: 27 chest slots derived from the 63-slot view
F19 camp furnace: 11 near machine(s) beyond the 24b direct envelope (nearest d=2.5) - 2 inside the envelope keep the veto
F19 camp furnace: no build (machine near)
F5 tunnel: 12 blocks (branch mine at the floor, steered, floor lock)
F5 bank trip: skipped (pockets full, 56s left < 150s - the end-phase owns the deadline banking)
F9 wood trip: gathered (sticks 2 planks 3 logs 0)
F15 [F15] digShaft: water table y=54 (region strike) - stopping above the aquifer, the tunnel owns this level (regions 3)
F7 [F7] water: drowning rescue start (drowning, oxygen 8)
F7 [F7] water: pass 0 head=wet shore=none land=n/a y=58.0 o2=8 probes=0 at=[-188,58,481]
F8 [F8] craft torches: stick-dry but 5 planks held - one stick batch first
F8 [F8] craft torches: 4 batch(es) -> 16 torches (sticks 2 coals 12, the metal reserve keeps 4)
F7 final climb: retry (escalated retry after stalled, 205s fence)
F7 final climb: failed - rescue owns the bot
F7 final bank: 0 (still underground after 2 climb attempts - the chain from the shaft bottom is doomed walks)
F7 retry #1 in 6.3s ()
F12 [F12] vein sweep: the drop walk to [-106,45,401] failed - sweep drops: timeout after 4000ms (dy 1.7, range 1)
F12 [F12] vein sweep: the drop walk to [-114,48,399] failed - doomed goal (ledgered 37s ago at [-115,48,398]) - sweep drops refused (dy 2.9, range 1)
F12 [F12] vein sweep: +10u walked from the drops (6 dug)
F12 vein sweep: 6 ores dug beside the gallery (floor lock)
F11 [F11] craft torch: variant#3 attempt0 failed: craft torch: timeout after 7000ms
F11 [F11] [tools] closing stale craft window (minecraft:inventory) - grid recovery
F6 [F6] vein sweep: the drop walk to [-114,58,415] failed - sweep drops: timeout after 4000ms (dy 2.0, range 1)
F8 [F8] digShaft: water table y=57 (region strike) - stopping above the aquifer, the tunnel owns this level (regions 3)
F8 bank trip: skipped (pockets full, 52s left < 150s - the end-phase owns the deadline banking)
F7 [F7] water: pass 7 head=dry shore=hit r=9 land=none y=62.5 o2=15 probes=0 at=[-187,62,480]
F2 [F2] raw hop failed: raw walk: no net progress for 8010ms (best d=6.0) - pathfinder retry
F3 [F3] vein sweep: +24u walked from the drops (18 dug)
F3 [F3] vein sweep: 5 deep drop(s) skipped (dy < -2 - the lip sphere cannot reach, the walk was a guaranteed spiral)
F3 vein sweep: 18 ores dug beside the gallery (ore detour)
F3 bank trip: skipped (pockets full, 50s left < 150s - the end-phase owns the deadline banking)
F14 [F14] craft torches: skip (no coal: sticks 4 coals 0)
F7 [F7] water: pass 12 head=dry shore=hit r=5 land=none y=62.7 o2=20 probes=0 at=[-184,63,476]
t-48s alive=19/19 mined=2347 map=1295p/20ch banked=705 smelted=15 pocket=2119u/288s | sand=45 gravel=37 dirt=287 stone=2
   deficits: 157926/45 (0.0%) 149380/37 (0.0%) 31860/0 (0.0%) 27420/0 (0.0%) 10725/29 (0.3%)
   F1=154[cobblestone:11 stick:4 oak_planks:4] | F2=105[cobblestone:64 stick:2 oak_log:2] | F3=127[cobblestone:54 dirt:33 coal:21] | F4=101[cobblestone:47 dirt:46 leaf_litter:17] | F5=181[cobblestone:113 coal:22 torch:11] | F6=135[cobblestone:8 oak_planks:6 oak_log:5] | F7=100[dirt:28 leaf_litter:25 sand:24] | F8=139[cobblestone:67 torch:36 raw_copper:30] | F9=49[cobblestone:35 torch:16 coal:8] | F10=84[dirt:16 oak_log:6 stick:6] | F11=134[dirt:35 torch:8 cobblestone:8] | F12=145[cobblestone:24 coal:9 raw_copper:9] | F13=136[cobblestone:100 torch:23 dirt:18] | F14=105[cobblestone:60 dirt:25 diorite:18] | F15=138[stick:15 dirt:12 oak_planks:7] | F16=86[torch:95 dirt:18 cobblestone:14] | F17=77[cobblestone:39 diorite:13 stick:6] | F18=163[cobblestone:60 torch:15 coal:6] | F19=188[cobblestone:100 raw_copper:29 stick:5]
   mem: heap=128M/160M old=-1M ext=129M ab=127M rss=396M cols=1766 ents=2230 evicted=1715 path=6a/7q (max 6) stale=0
F13 [F13] craft oak_planks: variant#2 attempt1 failed: craft oak_planks: timeout after 7000ms
F13 [F13] [tools] closing stale craft window (minecraft:inventory) - grid recovery
Error: write EPIPE
    at afterWriteDispatched (node:internal/stream_base_commons:159:15)
    at writeGeneric (node:internal/stream_base_commons:150:3)
    at Socket._writeGeneric (node:net:967:11)
    at Socket._write (node:net:979:8)
    at writeOrBuffer (node:internal/streams/writable:572:12)
    at _write (node:internal/streams/writable:501:10)
    at Writable.write (node:internal/streams/writable:510:10)
    at Framer.ondata (/home/runner/work/privateB/privateB/node_modules/readable-stream/lib/internal/streams/readable.js:707:22)
    at Framer.emit (node:events:519:28)
    at addChunk (/home/runner/work/privateB/privateB/node_modules/readable-stream/lib/internal/streams/readable.js:323:12) {
  errno: -32,
  code: 'EPIPE',
  syscall: 'write'
}
F7 [F7] error: write EPIPE
F7 [F7] socket error: write EPIPE
F11 [F11] craft torch: variant#3 attempt1 failed: Error: missing ingredient
F11 [F11] [tools] closing stale craft window (minecraft:inventory) - grid recovery
F11 [F11] craft torch: all 1 variant(s) failed, last: Error: missing ingredient
F7 [F7] water: pass 14 head=dry shore=hit r=4 land=none y=62.2 o2=20 probes=0 at=[-183,62,475]
[F19] fuel clips the batch: 3 x stick completes 1 of 29 x raw_copper (the rest re-smelts on the next chain)
[F19] the clock clips the batch: the 68s window completes ~6 of 29 x raw_copper (the rest re-smelts on the next chain)
[F19] furnace slots after put: input=raw_copper fuel=stick
[F19] smelting 1 x raw_copper in a blast_furnace (fuel: 3 x stick)
[F18] walk nudge: approach: 2 segment(s) walked in 25.5s, goal now d=13.3 (inside the direct envelope)
[F18] walk nudge: inside the direct envelope
F12 [F12] craft torches: 3 batch(es) -> 12 torches (sticks 5 coals 9, the metal reserve keeps 3)
F17 tunnel: 0 blocks (branch mine at the floor, steered, ore detour)
F4 yard approach: approach: the stall side-step (left) stalled too
F4 yard approach: approach: 5 segment(s) walked in 38.0s, goal now d=45.5 (still outside - a segment stalled (no position delta))
F13 [F13] craft oak_planks: all 1 variant(s) failed, last: craft oak_planks: timeout after 7000ms
F13 [F13] craft torches: skip (no spare sticks: sticks 2 coals 0)
F7 [F7] water: pass 15 head=dry shore=hit r=4 land=none y=62.2 o2=20 probes=0 at=[-183,62,475]
F6 [F6] vein sweep: the drop walk to [-115,59,415] failed - sweep drops: timeout after 4000ms (dy 1.9, range 1)
F4 bank walk path event: block_updated
F4 bank walk path event: block_updated
[hb] n=28 ts=561s rss=398M late=126ms mainLate=540ms
F14 [F14] water: drowning rescue start (drowning, oxygen 16)
F14 [F14] water: pass 0 head=wet shore=none land=n/a y=43.0 o2=16 probes=0 at=[-123,43,382]
F4 bank walk path event: path_stop (explicit)
F4 bank: yard walk attempt 1 failed: NoPath: No path to the goal!
F4 bank: yard walk failed (No path to the goal!) - smelting locally if a furnace is near
F4 camp furnace: build skipped - the leg clock (9s) cannot afford a 18s craft-table build + the 5s put (47 cobble + 10 planks - table first)
F4 smelt: 0 (raw_iron@furnace: machine unreachable (the yard stands 24 levels up over 13b lateral - the walk ladder cannot climb); raw_iron@furnace: machine unreachable (the yard stands 23 levels up over 22b lateral - the walk ladder cannot climb); raw_iron@furnace: machine unreachable (the yard stands 27 levels up over 26b lateral - the walk ladder cannot climb); raw_copper@furnace: machine unreachable (the yard stands 24 levels up over 13b lateral - the walk ladder cannot climb); raw_copper@furnace: machine unreachable (the yard stands 23 levels up over 22b lateral - the walk ladder cannot climb); raw_copper@furnace: machine unreachable (the yard stands 27 levels up over 26b lateral - the walk ladder cannot climb); cobblestone@furnace: machine unreachable (the yard stands 24 levels up over 13b lateral - the walk ladder cannot climb); cobblestone@furnace: machine unreachable (the yard stands 23 levels up over 22b lateral - the walk ladder cannot climb); cobblestone@furnace: machine unreachable (the yard stands 27 levels up over 26b lateral - the walk ladder cannot climb))
F4 iron commune: iron commune: chest the yard stands 27 levels up over 14b lateral - the walk ladder cannot climb, the fragments ride (the ask retries near the yard)
F4 [F4] chest skip (vertical doom: the yard stands 27 levels up over 14b lateral - the walk ladder cannot climb)
F4 [F4] chest skip (vertical doom: the yard stands 27 levels up over 14b lateral - the walk ladder cannot climb)
F4 [F4] chest skip (vertical doom: the yard stands 27 levels up over 15b lateral - the walk ladder cannot climb)
F4 [F4] chest skip (vertical doom: the yard stands 27 levels up over 16b lateral - the walk ladder cannot climb)
F4 [F4] chest skip (vertical doom: the yard stands 27 levels up over 16b lateral - the walk ladder cannot climb)
F4 [F4] chest skip (vertical doom: the yard stands 27 levels up over 17b lateral - the walk ladder cannot climb)
F4 [F4] chest skip (vertical doom: the yard stands 27 levels up over 17b lateral - the walk ladder cannot climb)
F4 [F4] chest skip (vertical doom: the yard stands 27 levels up over 17b lateral - the walk ladder cannot climb)
F4 pre-position bank: 0 (no chest in range)
F7 [F7] water: drowning rescue start (drowning, oxygen 15)
F7 [F7] water: pass 0 head=wet shore=none land=n/a y=59.1 o2=15 probes=0 at=[-184,59,476]
F7 [F7] water: pass 16 head=dry shore=hit r=4 land=none y=62.2 o2=20 probes=0 at=[-183,62,475]
F2 [F2] direct deposit: 27 chest slots derived from the 63-slot view
F2 bank: +102
F15 [F15] craft torches: skip (no coal: sticks 15 coals 0)
F15 [F15] digShaft: water table y=54 (region strike) - stopping above the aquifer, the tunnel owns this level (regions 3)
F15 [F15] craft torches: skip (no coal: sticks 15 coals 0)
F15 [F15] digShaft: water table y=54 (region strike) - stopping above the aquifer, the tunnel owns this level (regions 3)
F15 tunnel: steering coal_ore @ 6.6b (axis z+, cross 0.5000981014724601, floor lock)
F14 [F14] water: transit toward known land (oak_log) at [-124,386] d=4
F7 pre-position: 97b from yard, t-38s - walking home
F7 climb out (pre-position): failed - rescue owns the bot
F7 final climb: no retry (no retry for 'rescue owns the bot')
F7 final climb: failed - rescue owns the bot
F7 final bank: 0 (still underground after 1 climb attempt - the chain from the shaft bottom is doomed walks)
F7 retry #1 in 6.6s ()
F14 [F14] water: transit toward known land (oak_log) at [-124,386] d=3
F14 [F14] water: pass 6 head=wet shore=none land=n/a y=45.3 o2=20 probes=0 at=[-123,45,384]
[F19] took 1 x copper_ingot (1/1)
[F19] blast_furnace within reach - opening without a walk
F10 [F10] craft torches: skip (no coal: sticks 6 coals 0)
F10 [F10] digShaft: water table y=57 (region strike) - stopping above the aquifer, the tunnel owns this level (regions 3)
F10 [F10] craft torches: skip (no coal: sticks 6 coals 0)
F10 [F10] digShaft: water table y=57 (region strike) - stopping above the aquifer, the tunnel owns this level (regions 3)
F10 tunnel: steering coal_ore @ 2.1b (axis x+, cross 0.3969206053980656, floor lock)
F7 [F7] water: pass 5 head=dry shore=hit r=4 land=none y=62.6 o2=14 probes=0 at=[-184,63,476]
F14 [F14] craft torches: skip (no coal: sticks 4 coals 0)
F7 [F7] water: pass 17 head=dry shore=hit r=4 land=none y=62.2 o2=20 probes=0 at=[-183,62,475]
F14 [F14] water: pass 12 head=wet shore=none land=n/a y=49.0 o2=17 probes=0 at=[-123,49,384]
F7 [F7] water: pass 9 head=dry shore=hit r=2 land=none y=62.2 o2=20 probes=0 at=[-181,62,473]
F15 tunnel: 2 blocks (branch mine at the floor, steered, floor lock)
F7 [F7] water: pass 18 head=dry shore=hit r=4 land=none y=62.2 o2=20 probes=0 at=[-183,62,475]
F18 smelted 1 (stone:1) rescued=0
F14 [F14] water: pass 16 head=wet shore=none land=n/a y=52.4 o2=14 probes=0 at=[-123,52,384]
t-32s alive=19/19 mined=2373 map=1326p/20ch banked=807 smelted=16 pocket=2150u/290s | sand=45 gravel=43 dirt=304 stone=1
   deficits: 157926/45 (0.0%) 149380/43 (0.0%) 31860/0 (0.0%) 27420/0 (0.0%) 10725/29 (0.3%)
   F1=154[cobblestone:11 stick:4 oak_planks:4] | F2=105[cobblestone:34 stick:2 oak_log:2] | F3=127[cobblestone:60 dirt:33 coal:21] | F4=109[cobblestone:51 dirt:46 gravel:21] | F5=181[cobblestone:119 coal:22 torch:11] | F6=135[cobblestone:8 oak_planks:6 oak_log:5] | F7=100[dirt:28 leaf_litter:25 sand:24] | F8=139[cobblestone:69 torch:36 raw_copper:30] | F9=49[cobblestone:35 torch:16 coal:8] | F10=91[dirt:31 oak_log:6 stick:6] | F11=137[dirt:35 cobblestone:12 torch:11] | F12=146[cobblestone:25 torch:12 raw_copper:9] | F13=137[cobblestone:100 torch:23 dirt:18] | F14=108[cobblestone:63 dirt:25 diorite:18] | F15=141[stick:15 dirt:13 oak_planks:7] | F16=86[torch:95 dirt:18 diorite:15] | F17=77[cobblestone:39 diorite:13 stick:6] | F18=163[cobblestone:60 torch:15 coal:6] | F19=188[cobblestone:100 raw_copper:28 oak_log:4]
   mem: heap=134M/161M old=-1M ext=137M ab=135M rss=400M cols=1685 ents=1980 evicted=1628 path=6a/6q (max 6) stale=0
F7 [F7] water: pass 19 head=dry shore=hit r=4 land=none y=62.2 o2=20 probes=0 at=[-183,62,475]
F3 pre-position: 50b from yard, t-32s - walking home
F1 [F1] craft torches: skip (no coal: sticks 4 coals 0)
F7 [F7] water: rescue complete in 7.4s
F7 [F7] water: hazard memorized at [-181,62,472] (3 live, fleet-wide)
F1 [F1] digShaft: water table y=54 (region strike) - stopping above the aquifer, the tunnel owns this level (regions 3)
F1 tunnel: steering coal_ore @ 2.4b (axis x+, cross 0.6999999999999886, ore detour)
Error: write EPIPE
    at afterWriteDispatched (node:internal/stream_base_commons:159:15)
    at writeGeneric (node:internal/stream_base_commons:150:3)
    at Socket._writeGeneric (node:net:967:11)
    at Socket._write (node:net:979:8)
    at writeOrBuffer (node:internal/streams/writable:572:12)
    at _write (node:internal/streams/writable:501:10)
    at Writable.write (node:internal/streams/writable:510:10)
    at Framer.ondata (/home/runner/work/privateB/privateB/node_modules/readable-stream/lib/internal/streams/readable.js:707:22)
    at Framer.emit (node:events:519:28)
    at addChunk (/home/runner/work/privateB/privateB/node_modules/readable-stream/lib/internal/streams/readable.js:323:12) {
  errno: -32,
  code: 'EPIPE',
  syscall: 'write'
}
F7 [F7] error: write EPIPE
F7 [F7] socket error: write EPIPE
F9 sword due: cobble available
F9 sword: no table reachable or placeable
F9 sword: failed (no table)
F9 [F9] craft torches: skip (no spare sticks: sticks 2 coals 8)
F9 [F9] craft torches: skip (no spare sticks: sticks 2 coals 8)
F9 tunnel: steering coal_ore @ 6b (axis z+, cross 0.5, floor lock)
F14 [F14] water: pass 20 head=wet shore=none land=n/a y=55.8 o2=11 probes=0 at=[-123,56,384]
F11 [F11] craft torches: stick-dry with logs held - one plank conversion first
F7 [F7] water: rescue timeout (still wet, 20 passes, 0 probes, tail dry/dry/dry) in 25.1s
F7 [F7] water: hazard memorized at [-183,62,475] (4 live, fleet-wide)
F6 [F6] vein sweep: +8u walked from the drops (6 dug)
F6 vein sweep: 6 ores dug beside the gallery (floor lock)
F16 [F16] craft torches: skip (no coal: sticks 4 coals 0)
F16 bank trip: skipped (pockets full, 28s left < 150s - the end-phase owns the deadline banking)
F16 [F16] craft torches: skip (no coal: sticks 4 coals 0)
F16 tunnel: steering coal_ore @ 4b (axis z--1, cross 1.508753903019823, floor lock)
[F19] blast_furnace within reach - opening without a walk
F14 [F14] water: pass 24 head=wet shore=none land=n/a y=59.1 o2=7 probes=0 at=[-123,59,384]
F9 tunnel: 2 blocks (branch mine at the floor, steered, floor lock)
[F19] furnace within reach - opening without a walk
F9 [F9] craft torches: skip (no spare sticks: sticks 2 coals 8)
F9 [F9] craft torches: skip (no spare sticks: sticks 2 coals 8)
F9 tunnel: steering coal_ore @ 5.1b (axis z+, cross 0.29999999999999716, floor lock)
F9 tunnel: 0 blocks (branch mine at the floor, steered, floor lock)
F18 iron commune: iron commune: path nudge approach: 1 segment(s) walked in 0.1s, goal now d=12.6 (inside the direct envelope)
F18 iron commune: iron commune: path nudge inside the direct envelope
F11 [F11] craft torches: stick-dry but 9 planks held - one stick batch first
[F19] furnace within reach - opening without a walk
F11 [F11] craft torches: 2 batch(es) -> 8 torches (sticks 2 coals 2)
[F19] furnace within reach - opening without a walk
F12 [F12] craft torches: stick-dry but 7 planks held - one stick batch first
F14 [F14] water: pass 27 head=wet shore=none land=n/a y=61.8 o2=4 probes=0 at=[-122,62,384]
F10 tunnel: 13 blocks (branch mine at the floor, steered, floor lock)
F14 [F14] craft torches: skip (no coal: sticks 4 coals 0)
[F19] furnace within reach - opening without a walk
F12 [F12] craft torches: 3 batch(es) -> 12 torches (sticks 2 coals 6, the metal reserve keeps 3)
F15 [F15] vein sweep: 6 drop(s) in reach (9 dug)
F14 [F14] water: pass 29 head=wet shore=none land=n/a y=61.2 o2=10 probes=0 at=[-122,61,384]
F11 [F11] craft torches: skip (no coal: sticks 4 coals 0)
F11 tunnel: steering coal_ore @ 6b (axis x--1, cross 0.30000000000001137, floor lock)
F18 iron commune: iron commune: chest walk failed after the nudge (Took to long to decide path to goal!)
F18 iron commune: chest walk failed (Took to long to decide path to goal!)
F9 [F9] craft torches: skip (no spare sticks: sticks 2 coals 8)
F9 [F9] craft torches: skip (no spare sticks: sticks 2 coals 8)
F9 tunnel: steering coal_ore @ 5.2b (axis x--1, cross 0.5, floor lock)
F14 tunnel: steering coal_ore @ 5b (axis z+, cross 0.4787153039864762, floor lock)
F12 [F12] craft torches: the metal fuel reserve holds all 3 coal for the furnace (17 raw metal held)
F12 tunnel: steering coal_ore @ 8.4b (axis x+, cross 3.3024112780851738, floor lock)
[F19] furnace within reach - opening without a walk
F16 tunnel: 5 blocks (branch mine at the floor, steered, floor lock)
F14 [F14] water: pass 37 head=dry shore=hit r=1 land=none y=66.0 o2=20 probes=0 at=[-114,66,388]
F14 tunnel: 1 blocks (branch mine at the floor, steered, floor lock)
F14 [F14] craft torches: skip (no coal: sticks 4 coals 0)
F14 [F14] craft torches: skip (no coal: sticks 4 coals 0)
F14 tunnel: steering coal_ore @ 11.7b (axis x+, cross 2.842279457814243, floor lock)
F14 tunnel: 0 blocks (branch mine at the floor, steered, floor lock)
F14 [F14] craft torches: skip (no coal: sticks 4 coals 0)
F14 [F14] craft torches: skip (no coal: sticks 4 coals 0)
F14 tunnel: steering coal_ore @ 11.8b (axis x+, cross 3.853032846448855, floor lock)
F14 tunnel: 0 blocks (branch mine at the floor, steered, floor lock)
F14 [F14] craft torches: skip (no coal: sticks 4 coals 0)
F14 [F14] craft torches: skip (no coal: sticks 4 coals 0)
F14 tunnel: steering coal_ore @ 11.7b (axis x--1, cross 0.8528999671688098, floor lock)
F14 tunnel: 0 blocks (branch mine at the floor, steered, floor lock)
F14 tunnel: 0 blocks x3 - sealed or flooded, cooling down 15s
[hb] n=29 ts=581s rss=408M late=130ms mainLate=659ms
F1 tunnel: 12 blocks (branch mine at the floor, steered, ore detour)
F15 [F15] vein sweep: the drop walk to [-102,56,404] failed - sweep drops: timeout after 4000ms (dy 0.0, range 1)
F14 [F14] water: pass 42 head=dry shore=hit r=1 land=none y=65.1 o2=20 probes=0 at=[-115,65,389]
t-17s alive=19/19 mined=2457 map=1317p/20ch banked=807 smelted=16 pocket=2259u/294s | sand=45 gravel=48 dirt=310 stone=1
   deficits: 157926/45 (0.0%) 149380/48 (0.0%) 31860/0 (0.0%) 27420/0 (0.0%) 10725/35 (0.3%)
   F1=168[cobblestone:21 stick:4 oak_planks:4] | F2=105[cobblestone:36 stick:2 oak_log:2] | F3=141[cobblestone:74 dirt:35 coal:21] | F4=113[cobblestone:51 dirt:46 gravel:26] | F5=181[cobblestone:122 coal:22 torch:11] | F6=135[cobblestone:11 oak_planks:6 oak_log:5] | F7=100[dirt:28 leaf_litter:25 sand:24] | F8=139[cobblestone:69 torch:36 raw_copper:30] | F9=54[cobblestone:39 torch:16 coal:8] | F10=105[dirt:37 oak_log:6 stick:6] | F11=144[dirt:35 torch:19 cobblestone:13] | F12=152[cobblestone:41 torch:24 raw_copper:9] | F13=139[cobblestone:100 torch:23 dirt:18] | F14=109[cobblestone:63 dirt:25 diorite:18] | F15=149[stick:15 dirt:13 oak_planks:7] | F16=95[torch:95 dirt:18 diorite:18] | F17=77[cobblestone:39 diorite:13 stick:6] | F18=163[cobblestone:60 torch:15 coal:6] | F19=188[cobblestone:100 raw_copper:28 oak_log:4]
   mem: heap=130M/162M old=-1M ext=140M ab=137M rss=408M cols=1824 ents=2246 evicted=1671 path=6a/1q (max 6) stale=0
F18 iron commune: chest walk failed (Took to long to decide path to goal!)
F18 iron commune: budget spent (0/3 units)
F18 [F18] chest skip (doomed goal cached 9s ago at [-143,70,408])
F18 [F18] chest skip (doomed goal cached 0s ago at [-138,70,408])
F8 [F8] craft torches: stick-dry with logs held - one plank conversion first
F2 [F2] craft torches: stick-dry with logs held - one plank conversion first
F8 [F8] craft torches: stick-dry but 7 planks held - one stick batch first
F8 [F8] craft torches: 4 batch(es) -> 16 torches (sticks 2 coals 8, the metal reserve keeps 4)
F9 [F9] water: drowning rescue start (drowning, oxygen 14)
F9 [F9] water: pass 0 head=wet shore=none land=n/a y=41.0 o2=14 probes=0 at=[-101,41,380]
F14 [F14] water: rescue complete in 23.9s
F14 [F14] water: hazard memorized at [-123,62,383] (5 live, fleet-wide)
F2 [F2] craft torches: stick-dry but 8 planks held - one stick batch first
F2 [F2] craft torches: skip (no coal: sticks 6 coals 0)
F2 [F2] water: drowning rescue start (drowning, oxygen 13)
F2 [F2] water: pass 0 head=wet shore=none land=n/a y=46.0 o2=13 probes=0 at=[-124,46,398]
F11 tunnel: 12 blocks (branch mine at the floor, steered, floor lock)
F11 [F11] vein sweep: 1 drop(s) in reach (1 dug)
F11 [F11] vein sweep: the drop walks picked nothing (pocket delta 0, 0 failed walk(s))
F11 [F11] vein sweep: 1 deep drop(s) skipped (dy < -2 - the lip sphere cannot reach, the walk was a guaranteed spiral)
F11 vein sweep: 1 ores dug beside the gallery (floor lock)
F12 tunnel: 12 blocks (branch mine at the floor, steered, floor lock)
F9 [F9] water: pass 7 head=dry shore=hit r=6 land=none y=42.1 o2=20 probes=0 at=[-102,42,379]
F15 [F15] vein sweep: the drop walk to [-103,56,404] failed - sweep drops: timeout after 4000ms (dy 0.0, range 1)
F2 tunnel: steering coal_ore @ 9b (axis z+, cross 1.5, ore detour)
F2 [F2] water: pass 8 head=dry shore=hit r=2 land=none y=51.0 o2=15 probes=0 at=[-123,51,399]
F9 [F9] water: rescue complete in 4.3s
F9 [F9] water: hazard memorized at [-101,42,379] (6 live, fleet-wide)
F12 [F12] vein sweep: 3 drop(s) in reach (3 dug)
[F19] walk nudge: approach: 1 segment(s) walked in 5.2s, goal now d=9.8 (inside the direct envelope)
[F19] walk nudge: inside the direct envelope
F18 [F18] raw hop failed: raw walk timeout after 7162ms (d=6.1) - pathfinder retry
F10 [F10] vein sweep: 8 drop(s) in reach (17 dug)
F2 [F2] water: pass 11 head=dry shore=hit r=1 land=none y=51.4 o2=20 probes=0 at=[-121,51,399]
F3 climb out (pre-position): OK +10 levels (9 steps, 23 dug, 22s)
F15 [F15] vein sweep: +1u walked from the drops (9 dug)
F15 vein sweep: 9 ores dug beside the gallery (floor lock)
F5 [F5] craft torches: skip (no spare sticks: sticks 2 coals 22)
F8 [F8] digShaft: water table y=57 (region strike) - stopping above the aquifer, the tunnel owns this level (regions 3)
F8 tunnel: steering copper_ore @ 4.3b (axis z--1, cross 2.4518170625190407, ore detour)
F5 tunnel: steering coal_ore @ 7.3b (axis x+, cross 2.3097209062188995, ore detour)
F15 [F15] craft torches: skip (no coal: sticks 15 coals 0)
F15 [F15] digShaft: water table y=54 (region strike) - stopping above the aquifer, the tunnel owns this level (regions 3)
F15 [F15] craft torches: skip (no coal: sticks 15 coals 0)
F15 [F15] digShaft: water table y=54 (region strike) - stopping above the aquifer, the tunnel owns this level (regions 3)
F15 tunnel: steering coal_ore @ 6.6b (axis z+, cross 1.5, floor lock)
F3 [F3] hop: chest at [-113,70,402] d=45 zero: chest unreachable (Took to long to decide path to goal!)
F3 [F3] chest skip (no path cached 0s ago at [-113,70,400])
F3 [F3] chest skip (no path cached 0s ago at [-113,70,404])
F3 [F3] chest skip (no path cached 0s ago at [-113,70,406])
F2 [F2] water: rescue complete in 7.7s
F2 [F2] water: hazard memorized at [-122,50,398] (7 live, fleet-wide)
F12 [F12] vein sweep: the drop walk to [-106,43,400] failed - sweep drops: timeout after 4000ms (dy 0.0, range 1)
F9 tunnel: 13 blocks (branch mine at the floor, steered, floor lock)
F3 [F3] hop: chest at [-113,70,408] d=45 zero: chest unreachable (Took to long to decide path to goal!)
F3 [F3] hop: chest at [-118,70,400] d=46 zero: chest unreachable (Took to long to decide path to goal!)
F3 [F3] chest skip (no path cached 0s ago at [-118,70,402])
F3 [F3] chest skip (no path cached 0s ago at [-118,70,404])
F3 bank: chest unreachable (Took to long to decide path to goal!) (51 blocks from yard) - walking back
F3 yard approach: skipped (the clock cannot afford a segment + the walk floor)
F15 tunnel: 0 blocks (branch mine at the floor, steered, floor lock)
F15 [F15] craft torches: skip (no coal: sticks 15 coals 0)
F15 [F15] digShaft: water table y=54 (region strike) - stopping above the aquifer, the tunnel owns this level (regions 3)
F15 [F15] craft torches: skip (no coal: sticks 15 coals 0)
F15 [F15] digShaft: water table y=54 (region strike) - stopping above the aquifer, the tunnel owns this level (regions 3)
F15 tunnel: steering coal_ore @ 6.6b (axis z+, cross 0.5, floor lock)
F8 tunnel: 2 blocks (branch mine at the floor, steered, ore detour)
F7 pre-position: 106b from yard, t-3s - walking home
F7 [F7] climb diag: level at y=61 blocked toward 0,1 (dug=0, wet) at [0,1,0] water (stop)
F12 [F12] vein sweep: the drop walk to [-106,43,400] failed - sweep drops: timeout after 4000ms (dy 0.0, range 1)
t-2s alive=19/19 mined=2573 map=1307p/20ch banked=807 smelted=16 pocket=2357u/295s | sand=45 gravel=51 dirt=322 stone=1
   deficits: 157926/45 (0.0%) 149380/51 (0.0%) 31860/0 (0.0%) 27420/0 (0.0%) 10725/42 (0.4%)
   F1=184[cobblestone:21 stick:4 oak_planks:4] | F2=114[cobblestone:44 stick:6 oak_planks:6] | F3=150[cobblestone:75 dirt:42 coal:21] | F4=128[cobblestone:63 dirt:46 gravel:29] | F5=188[cobblestone:124 coal:22 torch:11] | F6=135[cobblestone:11 oak_planks:6 oak_log:5] | F7=100[dirt:28 leaf_litter:25 sand:24] | F8=145[cobblestone:71 torch:52 raw_copper:30] | F9=64[cobblestone:49 torch:16 coal:8] | F10=114[dirt:37 oak_log:6 stick:6] | F11=150[dirt:35 torch:19 andesite:13] | F12=161[cobblestone:48 torch:24 raw_copper:9] | F13=142[cobblestone:100 torch:23 dirt:18] | F14=109[cobblestone:63 dirt:25 diorite:18] | F15=149[stick:15 dirt:13 oak_planks:7] | F16=112[torch:95 dirt:18 diorite:18] | F17=77[cobblestone:39 diorite:13 stick:6] | F18=163[cobblestone:60 torch:15 coal:6] | F19=188[cobblestone:100 raw_copper:28 oak_log:4]
   mem: heap=123M/161M old=-1M ext=129M ab=126M rss=408M cols=1783 ents=2757 evicted=1754 path=6a/1q (max 6) stale=0
F10 [F10] vein sweep: the drop walk to [-142,56,419] failed - sweep drops: timeout after 4000ms (dy -1.0, range 1)
F15 tunnel: 0 blocks (branch mine at the floor, steered, floor lock)
F18 [F18] hop: chest at [-143,70,406] d=9 zero: chest unreachable (budget exhausted (walk floor))
F18 bank: +102
F7 [F7] climb diag: level at y=61 blocked toward -1,0 (dug=0, wet) at [0,1,0] water (stop)
F15 [F15] craft torches: skip (no coal: sticks 15 coals 0)
F15 [F15] digShaft: water table y=54 (region strike) - stopping above the aquifer, the tunnel owns this level (regions 3)
F15 [F15] craft torches: skip (no coal: sticks 15 coals 0)
F15 [F15] digShaft: water table y=54 (region strike) - stopping above the aquifer, the tunnel owns this level (regions 3)
F15 tunnel: steering coal_ore @ 6.8b (axis z+, cross 1.5, floor lock)
F6 [F6] craft torches: skip (no coal: sticks 3 coals 0)
F7 [F7] climb diag: level at y=60 blocked toward 0,-1 (dug=0, wet) at [0,2,0] water (stop)
F14 [F14] craft torches: skip (no coal: sticks 4 coals 0)
F14 [F14] digShaft: water hazard 1.6b away (live 7) - refusing this column, the caller rotates
F14 [F14] craft torches: skip (no coal: sticks 4 coals 0)
F14 [F14] digShaft: water hazard 1.6b away (live 7) - refusing this column, the caller rotates
F14 tunnel: steering coal_ore @ 6.3b (axis z+, cross 1.5, floor lock)
F7 climb out (pre-position): failed - stopped
F7 final bank deferred: night (tod=12406) - the pocket rides out the dark alive (the v0.140.1 night hold)
F16 vein sweep: 23 ores dug beside the gallery (floor lock)
F16 final bank deferred: night (tod=12408) - the pocket rides out the dark alive (the v0.140.1 night hold)
[hb] n=30 ts=601s rss=405M late=130ms mainLate=888ms
F1 vein sweep: 20 ores dug beside the gallery (ore detour)
F1 final bank deferred: night (tod=12425) - the pocket rides out the dark alive (the v0.140.1 night hold)
F6 tunnel: steering coal_ore @ 6.2b (axis x--1, cross 0.30000000000001137, ore detour)
F6 tunnel: 0 blocks (branch mine at the floor, steered, ore detour)
F6 final bank deferred: night (tod=12427) - the pocket rides out the dark alive (the v0.140.1 night hold)
F15 tunnel: 0 blocks (branch mine at the floor, steered, floor lock)
F15 tunnel: 0 blocks x3 - sealed or flooded, cooling down 15s
F14 tunnel: 1 blocks (branch mine at the floor, steered, floor lock)
F14 final bank deferred: night (tod=12428) - the pocket rides out the dark alive (the v0.140.1 night hold)
[worldmap] autosave: merged 119 from disk, 1420 positions on file
F8 vein sweep: 3 ores dug beside the gallery (ore detour)
F8 final bank deferred: night (tod=12426) - the pocket rides out the dark alive (the v0.140.1 night hold)
F2 tunnel: 8 blocks (branch mine at the floor, steered, ore detour)
F2 final bank deferred: night (tod=12426) - the pocket rides out the dark alive (the v0.140.1 night hold)
F5 tunnel: 10 blocks (branch mine at the floor, steered, ore detour)
F5 final bank deferred: night (tod=12412) - the pocket rides out the dark alive (the v0.140.1 night hold)
F3 bank walk path event: path_stop (explicit)
F3 bank: yard walk attempt 1 failed: Error: walk to yard: timeout after 5124ms
F3 bank: yard walk retry 2/3
F3 yard approach: skipped (the clock cannot afford a segment + the walk floor)
F3 bank: end-bank budget spent - yard walk cancelled
F3 end-bank budget spent - smelt skipped
F3 fuel anchor: skipped - the final leg clock (-2.3s) cannot afford the walk while the pocket holds 15 over the bound
F3 pre-position bank: 0 (budget exhausted)
F3 final bank deferred: night (tod=12466) - the pocket rides out the dark alive (the v0.140.1 night hold)
F18 final bank deferred: night (tod=12466) - the pocket rides out the dark alive (the v0.140.1 night hold)
F12 [F12] vein sweep: +1u walked from the drops (3 dug)
F12 vein sweep: 3 ores dug beside the gallery (floor lock)
F12 final bank deferred: night (tod=12463) - the pocket rides out the dark alive (the v0.140.1 night hold)
F10 [F10] vein sweep: +6u walked from the drops (17 dug)
F10 [F10] vein sweep: 1 deep drop(s) skipped (dy < -2 - the lip sphere cannot reach, the walk was a guaranteed spiral)
F10 vein sweep: 17 ores dug beside the gallery (floor lock)
F10 final bank deferred: night (tod=12494) - the pocket rides out the dark alive (the v0.140.1 night hold)
F17 final bank: staggered +56s
F7 [F7] water: drowning rescue start (drowning, oxygen 11)
F7 [F7] water: pass 0 head=wet shore=none land=n/a y=58.0 o2=11 probes=0 at=[-186,58,485]
F13 final bank: staggered +80s
F7 [F7] water: pass 7 head=dry shore=hit r=12 land=none y=62.3 o2=18 probes=0 at=[-185,62,485]
F7 [F7] water: pass 12 head=dry shore=hit r=8 land=none y=62.2 o2=20 probes=0 at=[-182,62,482]
F7 [F7] water: pass 17 head=dry shore=hit r=4 land=none y=62.3 o2=20 probes=0 at=[-178,62,479]
F19 fuel anchor scan returned empty (attempt 1/2) at [-114,67,409] yard d=26 - the palette empty-return class, re-querying
F19 fuel anchor scan returned empty (attempt 2/2) at [-114,67,409] yard d=26
F19 fuel anchor scan empty x2 - the singular probe rescued the scan (chest at [-113,70,408])
F19 fuel commons: the anchor chest is read first
t-0s alive=19/19 mined=2608 map=1422p/20ch banked=909 smelted=16 pocket=2424u/299s | sand=51 gravel=51 dirt=328 stone=1
   deficits: 157926/51 (0.0%) 149380/51 (0.0%) 31860/0 (0.0%) 27420/0 (0.0%) 10725/42 (0.4%)
   F1=187[cobblestone:21 stick:4 oak_planks:4] | F2=114[cobblestone:44 stick:6 oak_planks:6] | F3=150[cobblestone:75 dirt:42 coal:21] | F4=148[cobblestone:79 dirt:51 gravel:29] | F5=192[cobblestone:127 coal:22 torch:11] | F6=136[cobblestone:12 oak_planks:6 oak_log:5] | F7=100[dirt:28 leaf_litter:25 sand:24] | F8=148[cobblestone:71 torch:52 raw_copper:30] | F9=64[cobblestone:49 torch:16 coal:8] | F10=114[dirt:37 oak_log:6 stick:6] | F11=150[dirt:35 torch:19 andesite:13] | F12=161[cobblestone:48 torch:24 raw_copper:9] | F13=143[cobblestone:100 torch:23 dirt:18] | F14=110[cobblestone:63 dirt:26 diorite:18] | F15=149[stick:15 dirt:13 oak_planks:7] | F16=114[torch:95 dirt:18 diorite:18] | F17=77[cobblestone:39 diorite:13 stick:6] | F18=163[cobblestone:60 raw_copper:23 torch:15] | F19=188[cobblestone:100 raw_copper:28 oak_log:4]
   mem: heap=116M/162M old=-1M ext=132M ab=130M rss=407M cols=393 ents=637 evicted=431 path=3a/0q (max 6) stale=0
F7 [F7] water: pass 21 head=dry shore=hit r=1 land=none y=62.6 o2=20 probes=0 at=[-175,63,477]
F19 smelted 1 (copper_ingot:1) rescued=0
F15 final bank deferred: night (tod=12738) - the pocket rides out the dark alive (the v0.140.1 night hold)
F9 final bank deferred: night (tod=12738) - the pocket rides out the dark alive (the v0.140.1 night hold)
F19 iron commune: chest holds 0 ingot(s) - nothing to complete here
F19 iron commune: chest holds 0 ingot(s) - nothing to complete here
F7 [F7] water: rescue complete in 12.4s
F7 [F7] water: hazard memorized at [-175,62,475] (8 live, fleet-wide)
F19 iron commune: chest holds 0 ingot(s) - nothing to complete here
F19 [F19] direct deposit: 27 chest slots derived from the 63-slot view
F19 bank: +202
F4 final climb: OK +21 levels (22 steps, 59 dug, 58s)
F4 bank: smelt hold skipped - no fuel in pocket (coal 0)
F19 final bank deferred: night (tod=12817) - the pocket rides out the dark alive (the v0.140.1 night hold)
[hb] n=31 ts=621s rss=407M late=135ms mainLate=593ms
F11 final bank deferred: night (tod=12955) - the pocket rides out the dark alive (the v0.140.1 night hold)
t-0s alive=19/19 mined=2620 map=1422p/20ch banked=1111 smelted=17 pocket=2344u/296s | sand=51 gravel=51 dirt=340 stone=1
   deficits: 157926/51 (0.0%) 149380/51 (0.0%) 31860/0 (0.0%) 27420/0 (0.0%) 10725/42 (0.4%)
   F1=187[cobblestone:21 stick:4 oak_planks:4] | F2=114[cobblestone:44 stick:6 oak_planks:6] | F3=150[cobblestone:75 dirt:42 coal:21] | F4=160[cobblestone:79 dirt:63 gravel:29] | F5=192[cobblestone:127 coal:22 torch:11] | F6=136[cobblestone:12 oak_planks:6 oak_log:5] | F7=100[dirt:28 leaf_litter:25 sand:24] | F8=148[cobblestone:71 torch:52 raw_copper:30] | F9=64[cobblestone:49 torch:16 coal:8] | F10=114[dirt:37 oak_log:6 stick:6] | F11=150[dirt:35 torch:19 andesite:13] | F12=161[cobblestone:48 torch:24 raw_copper:9] | F13=143[cobblestone:100 torch:23 dirt:18] | F14=110[cobblestone:63 dirt:26 diorite:18] | F15=149[stick:15 dirt:13 oak_planks:7] | F16=114[torch:95 dirt:18 diorite:18] | F17=77[cobblestone:39 diorite:13 stick:6] | F18=163[cobblestone:60 raw_copper:23 torch:15] | F19=188[cobblestone:36 oak_log:4 stick:3]
   mem: heap=124M/161M old=-1M ext=132M ab=129M rss=407M cols=0 ents=0 evicted=0 path=0a/0q (max 6) stale=0
[hb] n=32 ts=641s rss=407M late=140ms mainLate=449ms
t-0s alive=19/19 mined=2620 map=1422p/20ch banked=1111 smelted=17 pocket=2344u/296s | sand=51 gravel=51 dirt=340 stone=1
   deficits: 157926/51 (0.0%) 149380/51 (0.0%) 31860/0 (0.0%) 27420/0 (0.0%) 10725/42 (0.4%)
   F1=187[cobblestone:21 stick:4 oak_planks:4] | F2=114[cobblestone:44 stick:6 oak_planks:6] | F3=150[cobblestone:75 dirt:42 coal:21] | F4=160[cobblestone:79 dirt:63 gravel:29] | F5=192[cobblestone:127 coal:22 torch:11] | F6=136[cobblestone:12 oak_planks:6 oak_log:5] | F7=100[dirt:28 leaf_litter:25 sand:24] | F8=148[cobblestone:71 torch:52 raw_copper:30] | F9=64[cobblestone:49 torch:16 coal:8] | F10=114[dirt:37 oak_log:6 stick:6] | F11=150[dirt:35 torch:19 andesite:13] | F12=161[cobblestone:48 torch:24 raw_copper:9] | F13=143[cobblestone:100 torch:23 dirt:18] | F14=110[cobblestone:63 dirt:26 diorite:18] | F15=149[stick:15 dirt:13 oak_planks:7] | F16=114[torch:95 dirt:18 diorite:18] | F17=77[cobblestone:39 diorite:13 stick:6] | F18=163[cobblestone:60 raw_copper:23 torch:15] | F19=188[cobblestone:36 oak_log:4 stick:3]
   mem: heap=115M/159M old=-1M ext=130M ab=127M rss=407M cols=0 ents=0 evicted=0 path=0a/0q (max 6) stale=0
t-0s alive=19/19 mined=2620 map=1422p/20ch banked=1111 smelted=17 pocket=2344u/296s | sand=51 gravel=51 dirt=340 stone=1
   deficits: 157926/51 (0.0%) 149380/51 (0.0%) 31860/0 (0.0%) 27420/0 (0.0%) 10725/42 (0.4%)
   F1=187[cobblestone:21 stick:4 oak_planks:4] | F2=114[cobblestone:44 stick:6 oak_planks:6] | F3=150[cobblestone:75 dirt:42 coal:21] | F4=160[cobblestone:79 dirt:63 gravel:29] | F5=192[cobblestone:127 coal:22 torch:11] | F6=136[cobblestone:12 oak_planks:6 oak_log:5] | F7=100[dirt:28 leaf_litter:25 sand:24] | F8=148[cobblestone:71 torch:52 raw_copper:30] | F9=64[cobblestone:49 torch:16 coal:8] | F10=114[dirt:37 oak_log:6 stick:6] | F11=150[dirt:35 torch:19 andesite:13] | F12=161[cobblestone:48 torch:24 raw_copper:9] | F13=143[cobblestone:100 torch:23 dirt:18] | F14=110[cobblestone:63 dirt:26 diorite:18] | F15=149[stick:15 dirt:13 oak_planks:7] | F16=114[torch:95 dirt:18 diorite:18] | F17=77[cobblestone:39 diorite:13 stick:6] | F18=163[cobblestone:60 raw_copper:23 torch:15] | F19=188[cobblestone:36 oak_log:4 stick:3]
   mem: heap=112M/160M old=-1M ext=129M ab=127M rss=406M cols=0 ents=0 evicted=0 path=0a/0q (max 6) stale=0
[hb] n=33 ts=661s rss=408M late=144ms mainLate=16ms
F2 [F2] combat: fighting drowned (dist 4.3, hp 13.0, 1 nearby, proximity)
F17 [F17] climb diag: level at y=41 blocked toward 1,0 (dug=0, wet) at [0,1,0] water (stop)
F2 [F2] combat: fight ended vs drowned (mob down, hp 13.0 -> 13.0, swings 3, weapon wooden_sword, 3 rounds)
t-0s alive=19/19 mined=2620 map=1422p/20ch banked=1111 smelted=17 pocket=2344u/296s | sand=51 gravel=51 dirt=340 stone=1
   deficits: 157926/51 (0.0%) 149380/51 (0.0%) 31860/0 (0.0%) 27420/0 (0.0%) 10725/42 (0.4%)
   F1=187[cobblestone:21 stick:4 oak_planks:4] | F2=114[cobblestone:44 stick:6 oak_planks:6] | F3=150[cobblestone:75 dirt:42 coal:21] | F4=160[cobblestone:79 dirt:63 gravel:29] | F5=192[cobblestone:127 coal:22 torch:11] | F6=136[cobblestone:12 oak_planks:6 oak_log:5] | F7=100[dirt:28 leaf_litter:25 sand:24] | F8=148[cobblestone:71 torch:52 raw_copper:30] | F9=64[cobblestone:49 torch:16 coal:8] | F10=114[dirt:37 oak_log:6 stick:6] | F11=150[dirt:35 torch:19 andesite:13] | F12=161[cobblestone:48 torch:24 raw_copper:9] | F13=143[cobblestone:100 torch:23 dirt:18] | F14=110[cobblestone:63 dirt:26 diorite:18] | F15=149[stick:15 dirt:13 oak_planks:7] | F16=114[torch:95 dirt:18 diorite:18] | F17=77[cobblestone:39 diorite:13 stick:6] | F18=163[cobblestone:60 raw_copper:23 torch:15] | F19=188[cobblestone:36 oak_log:4 stick:3]
   mem: heap=112M/160M old=-1M ext=131M ab=129M rss=408M cols=0 ents=0 evicted=0 path=0a/0q (max 6) stale=0
F17 [F17] climb diag: level at y=41 blocked toward -1,0 (dug=0, wet) at [0,1,0] water (stop)
F14 [F14] combat: fighting drowned (dist 4.8, hp 17.8, 1 nearby, proximity)
[hb] n=34 ts=681s rss=407M late=149ms mainLate=3ms
F4 [F4] approach: the stall side-step (right) moved the start (d now 28.8)
F13 final climb: the yard stands 23 levels up over 12b lateral - climbing toward the yard's level (the walk ladder cannot)
F17 [F17] climb diag: level at y=41 blocked toward 1,0 (dug=0, wet) at [0,1,0] water (stop)
F4 [F4] approach: 9 segment(s) walked in 68.4s, goal now d=27.9 (still outside - the segment cap spent (9 walked, d=27.9))
t-0s alive=19/19 mined=2620 map=1422p/20ch banked=1111 smelted=17 pocket=2349u/296s | sand=51 gravel=51 dirt=340 stone=1
   deficits: 157926/51 (0.0%) 149380/51 (0.0%) 31860/0 (0.0%) 27420/0 (0.0%) 10725/42 (0.4%)
   F1=187[cobblestone:21 stick:4 oak_planks:4] | F2=114[cobblestone:44 stick:6 oak_planks:6] | F3=150[cobblestone:75 dirt:42 coal:21] | F4=160[cobblestone:84 dirt:63 gravel:29] | F5=192[cobblestone:127 coal:22 torch:11] | F6=136[cobblestone:12 oak_planks:6 oak_log:5] | F7=100[dirt:28 leaf_litter:25 sand:24] | F8=148[cobblestone:71 torch:52 raw_copper:30] | F9=64[cobblestone:49 torch:16 coal:8] | F10=114[dirt:37 oak_log:6 stick:6] | F11=150[dirt:35 torch:19 andesite:13] | F12=161[cobblestone:48 torch:24 raw_copper:9] | F13=143[cobblestone:100 torch:23 dirt:18] | F14=110[cobblestone:63 dirt:26 diorite:18] | F15=149[stick:15 dirt:13 oak_planks:7] | F16=114[torch:95 dirt:18 diorite:18] | F17=77[cobblestone:39 diorite:13 stick:6] | F18=163[cobblestone:60 raw_copper:23 torch:15] | F19=188[cobblestone:36 oak_log:4 stick:3]
   mem: heap=121M/159M old=-1M ext=130M ab=128M rss=407M cols=0 ents=0 evicted=0 path=0a/0q (max 6) stale=0
F4 [F4] raw hop failed: raw walk stalled after 2250ms (d=27.9) - pathfinder retry
F4 [F4] hop: chest at [-118,70,408] d=35 zero: chest unreachable (No path to the goal!)
F4 [F4] chest skip (vertical doom: the yard stands 25 levels up over 13b lateral - the walk ladder cannot climb)
F4 [F4] chest skip (vertical doom: the yard stands 25 levels up over 14b lateral - the walk ladder cannot climb)
F4 [F4] chest skip (no path cached 0s ago at [-118,70,406])
F4 [F4] chest skip (vertical doom: the yard stands 25 levels up over 15b lateral - the walk ladder cannot climb)
F4 [F4] chest skip (vertical doom: the yard stands 25 levels up over 16b lateral - the walk ladder cannot climb)
F4 [F4] chest skip (no path cached 0s ago at [-118,70,404])
F4 [F4] chest skip (vertical doom: the yard stands 25 levels up over 17b lateral - the walk ladder cannot climb)
F4 bank: chest unreachable (No path to the goal!) (43 blocks from yard) - walking back
F4 yard approach: 43b beyond the 24b envelope (attempt 1)
F14 [F14] combat: fight ended vs drowned (mob down, hp 17.8 -> 14.8, swings 6, weapon wooden_sword, 6 rounds)
F14 [F14] water: drowning rescue start (drowning, oxygen 7)
F14 [F14] water: pass 0 head=wet shore=none land=n/a y=61.0 o2=7 probes=0 at=[-125,61,380]
F3 [F3] combat: shelter skip (night=true armed=true hp=20 attackers=1 poison=off threat=creeper@5.0)
F3 [F3] combat: fleeing creeper (dist 5.0, hp 20.0, 1 nearby, proximity)
F13 [F13] climb diag: level at y=47 blocked toward -1,0 (dug=0, wet) at [0,2,0] water (stop)
F14 [F14] water: pass 4 head=dry shore=hit r=2 land=none y=62.7 o2=18 probes=0 at=[-123,63,380]
F14 [F14] water: rescue complete in 4.6s
F14 [F14] water: hazard memorized at [-123,62,379] (5 live, fleet-wide)
F4 yard approach: approach: the stall side-step (right) moved the start (d now 43.8)
F17 final climb: retry (escalated retry after stalled, 115s fence)
[hb] n=35 ts=701s rss=407M late=153ms mainLate=117ms
F19 [F19] combat: shelter skip (night=true armed=true hp=20 attackers=1 poison=off threat=creeper@4.1)
F19 [F19] combat: fleeing creeper (dist 4.1, hp 20.0, 1 nearby, proximity)
F13 [F13] climb diag: level at y=47 blocked toward 0,-1 (dug=0, wet) at [0,2,0] water (stop)
t-0s alive=19/19 mined=2620 map=1422p/20ch banked=1111 smelted=17 pocket=2349u/296s | sand=51 gravel=51 dirt=340 stone=1
   deficits: 157926/51 (0.0%) 149380/51 (0.0%) 31860/0 (0.0%) 27420/0 (0.0%) 10725/42 (0.4%)
   F1=187[cobblestone:21 stick:4 oak_planks:4] | F2=114[cobblestone:44 stick:6 oak_planks:6] | F3=150[cobblestone:75 dirt:42 coal:21] | F4=160[cobblestone:84 dirt:63 gravel:29] | F5=192[cobblestone:127 coal:22 torch:11] | F6=136[cobblestone:12 oak_planks:6 oak_log:5] | F7=100[dirt:28 leaf_litter:25 sand:24] | F8=148[cobblestone:71 torch:52 raw_copper:30] | F9=64[cobblestone:49 torch:16 coal:8] | F10=114[dirt:37 oak_log:6 stick:6] | F11=150[dirt:35 torch:19 andesite:13] | F12=161[cobblestone:48 torch:24 raw_copper:9] | F13=143[cobblestone:100 torch:23 dirt:18] | F14=110[cobblestone:63 dirt:26 diorite:18] | F15=149[stick:15 dirt:13 oak_planks:7] | F16=114[torch:95 dirt:18 diorite:18] | F17=77[cobblestone:39 diorite:13 stick:6] | F18=163[cobblestone:60 raw_copper:23 torch:15] | F19=188[cobblestone:36 oak_log:4 stick:3]
   mem: heap=114M/160M old=-1M ext=131M ab=128M rss=405M cols=0 ents=0 evicted=0 path=1a/0q (max 6) stale=0
F4 yard approach: approach: the stall side-step (left) moved the start (d now 43.5)
F17 [F17] climb diag: level at y=41 blocked toward 1,0 (dug=0, wet) at [0,1,0] water (stop)
F4 yard approach: approach: 6 segment(s) walked in 17.5s, goal now d=43.2 (still outside - a segment stalled (no position delta))
F4 bank walk path event: path_stop (explicit)
F4 bank: yard walk attempt 1 failed: NoPath: No path to the goal!
F4 bank: yard walk failed (No path to the goal!) - smelting locally if a furnace is near
F4 camp furnace: 3 near machine(s) all beyond the 24b direct envelope (nearest d=25.2) - the bay reads as empty, the camp ladder decides on its own merits
F4 camp furnace: craft-table (84 cobble + 10 planks - table first)
F19 [F19] combat: shelter skip (night=true armed=true hp=20 attackers=1 poison=off threat=creeper@4.1)
F19 [F19] combat: fleeing creeper (dist 4.1, hp 20.0, 1 nearby, proximity)
F7 [F7] combat: shelter try vs zombie (dist 2.5, proximity pre-fight)
F7 [F7] combat: shelter skip (open field: no diggable wall, zombie@2.5)
F7 [F7] combat: shelter ring try vs zombie (dist 2.5, -x+z-z+x first, full ring, proximity pre-fight)
F13 [F13] climb diag: level at y=47 blocked toward -1,0 (dug=0, wet) at [0,2,0] water (stop)
F4 camp furnace: BUILT (furnace at -118,45,420) in 7s
F4 fuel anchor scan returned empty (attempt 1/2) at [-117,45,420] yard d=43 - the palette empty-return class, re-querying
F4 fuel anchor scan returned empty (attempt 2/2) at [-117,45,420] yard d=43
F4 fuel anchor scan empty x2 - the singular probe rescued the scan (chest at [-118,70,408])
F4 fuel commons: the anchor chest is read first
F4 fuel commons: chest at [-118,70,408] the yard stands 25 levels up over 12b lateral - the walk ladder cannot climb, the ask rides (the tithe owns the deep resupply)
F4 fuel anchor scan returned empty (attempt 1/2) at [-117,45,420] yard d=43 - the palette empty-return class, re-querying
F4 fuel anchor scan returned empty (attempt 2/2) at [-117,45,420] yard d=43
F4 fuel anchor scan empty x2 - the singular probe rescued the scan (chest at [-118,70,408])
F4 fuel commons: the anchor chest is read first
F4 fuel commons: chest at [-118,70,408] the yard stands 25 levels up over 12b lateral - the walk ladder cannot climb, the ask rides (the tithe owns the deep resupply)
F4 fuel anchor scan returned empty (attempt 1/2) at [-117,45,420] yard d=43 - the palette empty-return class, re-querying
F4 fuel anchor scan returned empty (attempt 2/2) at [-117,45,420] yard d=43
F4 fuel anchor scan empty x2 - the singular probe rescued the scan (chest at [-118,70,408])
F4 fuel commons: the anchor chest is read first
F4 fuel commons: chest at [-118,70,408] the yard stands 25 levels up over 12b lateral - the walk ladder cannot climb, the ask rides (the tithe owns the deep resupply)
F4 smelt: 0 (raw_iron@-: no fuel; raw_copper@-: no fuel; cobblestone@-: no fuel)
F17 [F17] climb diag: level at y=41 blocked toward -1,0 (dug=0, wet) at [0,1,0] water (stop)
F4 [F4] chest skip (vertical doom: the yard stands 25 levels up over 12b lateral - the walk ladder cannot climb)
F4 [F4] chest skip (vertical doom: the yard stands 25 levels up over 13b lateral - the walk ladder cannot climb)
F4 [F4] chest skip (vertical doom: the yard stands 25 levels up over 14b lateral - the walk ladder cannot climb)
F4 [F4] chest skip (vertical doom: the yard stands 25 levels up over 14b lateral - the walk ladder cannot climb)
F4 [F4] chest skip (vertical doom: the yard stands 25 levels up over 15b lateral - the walk ladder cannot climb)
F4 [F4] chest skip (vertical doom: the yard stands 25 levels up over 16b lateral - the walk ladder cannot climb)
F4 [F4] chest skip (vertical doom: the yard stands 25 levels up over 16b lateral - the walk ladder cannot climb)
F4 [F4] chest skip (vertical doom: the yard stands 25 levels up over 17b lateral - the walk ladder cannot climb)
F4 final bank: 0 (no chest in range)
F7 [F7] combat: shelter skip (open field: ring incomplete 2/8)
F7 [F7] combat: fighting zombie (dist 2.5, hp 4.2, 4 nearby, proximity)
F7 [F7] combat: verdict flipped to flee vs zombie (hp 4.2)
F7 [F7] combat: shelter try vs zombie (dist 0.7, proximity re-verdict)
F7 [F7] combat: shelter skip (open field: no diggable wall, zombie@0.7)
F7 [F7] combat: shelter ring try vs zombie (dist 0.7, -x-z+z+x first, full ring, proximity re-verdict)
t-0s alive=19/19 mined=2620 map=1422p/20ch banked=1111 smelted=17 pocket=2338u/297s | sand=51 gravel=51 dirt=338 stone=1
   deficits: 157926/51 (0.0%) 149380/51 (0.0%) 31860/0 (0.0%) 27420/0 (0.0%) 10725/42 (0.4%)
   F1=187[cobblestone:21 stick:4 oak_planks:4] | F2=114[cobblestone:44 stick:6 oak_planks:6] | F3=150[cobblestone:75 dirt:42 coal:21] | F4=160[cobblestone:78 dirt:63 gravel:29] | F5=192[cobblestone:127 coal:22 torch:11] | F6=136[cobblestone:12 oak_planks:6 oak_log:5] | F7=100[dirt:26 leaf_litter:25 sand:24] | F8=148[cobblestone:71 torch:52 raw_copper:30] | F9=64[cobblestone:49 torch:16 coal:8] | F10=114[dirt:37 oak_log:6 stick:6] | F11=150[dirt:35 torch:19 andesite:13] | F12=161[cobblestone:48 torch:24 raw_copper:9] | F13=143[cobblestone:100 torch:23 dirt:18] | F14=110[cobblestone:63 dirt:26 diorite:18] | F15=149[stick:15 dirt:13 oak_planks:7] | F16=114[torch:95 dirt:18 diorite:18] | F17=77[cobblestone:39 diorite:13 stick:6] | F18=163[cobblestone:60 raw_copper:23 torch:15] | F19=188[cobblestone:36 oak_log:4 stick:3]
   mem: heap=113M/161M old=-1M ext=130M ab=128M rss=408M cols=0 ents=0 evicted=0 path=1a/0q (max 6) stale=0
F7 [F7] died - respawning (cause: server: was slain by Zombie [kind=mob by Zombie] | inferred: zombie@0.7 (0s before death at [-172,63,474]) [the inference corroborates the server verdict])
F7 [F7] water: death spot memorized as a hazard at [-172,63,474] (3 live, fleet-wide)
[hb] n=36 ts=721s rss=405M late=156ms mainLate=29ms
F19 [F19] combat: fighting skeleton (dist 3.1, hp 17.0, 4 nearby, proximity)
F19 [F19] combat: verdict flipped to flee vs creeper (hp 16.8)
F19 [F19] combat: shelter skip (night=true armed=true hp=16.83333396911621 attackers=4 poison=off threat=creeper@2.9)
F19 [F19] combat: shelter skip (night=true armed=true hp=14.166667938232422 attackers=4 poison=off threat=creeper@2.9)
F19 [F19] combat: fleeing creeper (dist 2.9, hp 14.2, 4 nearby, proximity)
F19 [F19] combat: shelter skip (night=true armed=true hp=14.166667938232422 attackers=4 poison=off threat=creeper@2.9)
F19 [F19] combat: fleeing creeper (dist 2.9, hp 14.2, 4 nearby, sentry, kite)
F19 [F19] combat: flee kite hop toward the yard (-141,436) vs creeper (sentry)
F19 [F19] combat: flee kite hop toward the yard (-141,436) vs creeper (sentry)
F19 [F19] died - respawning (cause: server: was blown up by Creeper [kind=explosion by Creeper] | inferred: skeleton@3.7 (0s before death at [-144,64,447]) [the inference CONTRADICTS the server verdict - the nearest harm was not the killer (the server kind stays the authority)])
F19 [F19] water: death spot memorized as a hazard at [-144,64,447] (4 live, fleet-wide)
F19 [F19] combat: flee kite hop toward the yard (-141,436) vs creeper (sentry)
F7 [F7] combat: shelter skip (open field: ring incomplete 2/8)
F17 [F17] climb diag: level at y=41 blocked toward 1,0 (dug=0, wet) at [0,1,0] water (stop)
t-0s alive=19/19 mined=2620 map=1422p/20ch banked=1111 smelted=17 pocket=2164u/272s | sand=27 gravel=51 dirt=312 stone=1
   deficits: 157926/27 (0.0%) 149380/51 (0.0%) 31860/0 (0.0%) 27420/0 (0.0%) 10725/42 (0.4%)
   F1=187[cobblestone:21 stick:4 oak_planks:4] | F2=114[cobblestone:44 stick:6 oak_planks:6] | F3=150[cobblestone:75 dirt:42 coal:21] | F4=160[cobblestone:78 dirt:63 gravel:29] | F5=192[cobblestone:127 coal:22 torch:11] | F6=136[cobblestone:12 oak_planks:6 oak_log:5] | F7=100[empty] | F8=148[cobblestone:71 torch:52 raw_copper:30] | F9=64[cobblestone:49 torch:16 coal:8] | F10=114[dirt:37 oak_log:6 stick:6] | F11=150[dirt:35 torch:19 andesite:13] | F12=161[cobblestone:48 torch:24 raw_copper:9] | F13=143[cobblestone:100 torch:23 dirt:18] | F14=110[cobblestone:63 dirt:26 diorite:18] | F15=149[stick:15 dirt:13 oak_planks:7] | F16=114[torch:95 dirt:18 diorite:18] | F17=77[cobblestone:39 diorite:13 stick:6] | F18=163[cobblestone:60 raw_copper:23 torch:15] | F19=188[empty]
   mem: heap=122M/161M old=-1M ext=136M ab=133M rss=404M cols=0 ents=0 evicted=0 path=0a/0q (max 6) stale=0
F19 [F19] combat: shelter dig-earn: 36 free slot(s), the dig supplies the seal
F19 [F19] combat: shelter try vs skeleton (dist 6.5, proximity)
F19 [F19] combat: shelter skip (open field: no diggable wall, skeleton@6.5)
F19 [F19] combat: shelter skip (open field: ring stock 0/2, ground earns nothing)
F19 [F19] combat: fleeing skeleton (dist 6.5, hp 20.0, 2 nearby, proximity)
[hb] n=37 ts=741s rss=407M late=161ms mainLate=324ms
t-0s alive=19/19 mined=2620 map=1422p/20ch banked=1111 smelted=17 pocket=2164u/272s | sand=27 gravel=51 dirt=312 stone=1
   deficits: 157926/27 (0.0%) 149380/51 (0.0%) 31860/0 (0.0%) 27420/0 (0.0%) 10725/42 (0.4%)
   F1=187[cobblestone:21 stick:4 oak_planks:4] | F2=114[cobblestone:44 stick:6 oak_planks:6] | F3=150[cobblestone:75 dirt:42 coal:21] | F4=160[cobblestone:78 dirt:63 gravel:29] | F5=192[cobblestone:127 coal:22 torch:11] | F6=136[cobblestone:12 oak_planks:6 oak_log:5] | F7=100[empty] | F8=148[cobblestone:71 torch:52 raw_copper:30] | F9=64[cobblestone:49 torch:16 coal:8] | F10=114[dirt:37 oak_log:6 stick:6] | F11=150[dirt:35 torch:19 andesite:13] | F12=161[cobblestone:48 torch:24 raw_copper:9] | F13=143[cobblestone:100 torch:23 dirt:18] | F14=110[cobblestone:63 dirt:26 diorite:18] | F15=149[stick:15 dirt:13 oak_planks:7] | F16=114[torch:95 dirt:18 diorite:18] | F17=77[cobblestone:39 diorite:13 stick:6] | F18=163[cobblestone:60 raw_copper:23 torch:15] | F19=188[empty]
   mem: heap=117M/161M old=-1M ext=137M ab=135M rss=407M cols=0 ents=0 evicted=0 path=0a/0q (max 6) stale=0
F19 [F19] combat: shelter dig-earn: 36 free slot(s), the dig supplies the seal
F19 [F19] combat: shelter try vs skeleton (dist 8.6, sentry)
F19 [F19] combat: shelter skip (open field: no diggable wall, skeleton@8.6)
F19 [F19] combat: shelter skip (open field: ring stock 0/2, threat@8.6 beyond the earn edge - the flee wins)
F19 [F19] combat: fleeing skeleton (dist 8.6, hp 16.0, 1 nearby, sentry)
F19 [F19] combat: flee bearing rotated 90deg (water/hazard vetoes the away target) vs skeleton (sentry)
[hb] n=38 ts=761s rss=407M late=166ms mainLate=44ms
F19 [F19] combat: shelter dig-earn: 36 free slot(s), the dig supplies the seal
F19 [F19] combat: shelter try vs skeleton (dist 8.6, sentry)
F19 [F19] combat: shelter skip (open field: no diggable wall, skeleton@8.6)
F19 [F19] combat: shelter skip (open field: ring stock 0/1, threat@8.6 beyond the earn edge - the flee wins)
F19 [F19] combat: fleeing skeleton (dist 8.6, hp 16.0, 1 nearby, sentry)
F19 [F19] combat: flee bearing rotated 180deg (water/hazard vetoes the away target) vs skeleton (sentry)
t-0s alive=19/19 mined=2620 map=1422p/20ch banked=1111 smelted=17 pocket=2164u/272s | sand=27 gravel=51 dirt=312 stone=1
   deficits: 157926/27 (0.0%) 149380/51 (0.0%) 31860/0 (0.0%) 27420/0 (0.0%) 10725/42 (0.4%)
   F1=187[cobblestone:21 stick:4 oak_planks:4] | F2=114[cobblestone:44 stick:6 oak_planks:6] | F3=150[cobblestone:75 dirt:42 coal:21] | F4=160[cobblestone:78 dirt:63 gravel:29] | F5=192[cobblestone:127 coal:22 torch:11] | F6=136[cobblestone:12 oak_planks:6 oak_log:5] | F7=100[empty] | F8=148[cobblestone:71 torch:52 raw_copper:30] | F9=64[cobblestone:49 torch:16 coal:8] | F10=114[dirt:37 oak_log:6 stick:6] | F11=150[dirt:35 torch:19 andesite:13] | F12=161[cobblestone:48 torch:24 raw_copper:9] | F13=143[cobblestone:100 torch:23 dirt:18] | F14=110[cobblestone:63 dirt:26 diorite:18] | F15=149[stick:15 dirt:13 oak_planks:7] | F16=114[torch:95 dirt:18 diorite:18] | F17=77[cobblestone:39 diorite:13 stick:6] | F18=163[cobblestone:60 raw_copper:23 torch:15] | F19=188[empty]
   mem: heap=120M/160M old=-1M ext=136M ab=133M rss=407M cols=0 ents=0 evicted=0 path=1a/0q (max 6) stale=0
F13 final climb: retry (escalated retry after timeout (fenced at 90s - the chain keeps its reserve), 53s fence)
F17 final climb: failed - stalled [stage 1]
F17 final bank: 0 (still underground after 2 climb attempts - the chain from the shaft bottom is doomed walks)
t-0s alive=19/19 mined=2620 map=1422p/20ch banked=1111 smelted=17 pocket=2164u/272s | sand=27 gravel=51 dirt=312 stone=1
   deficits: 157926/27 (0.0%) 149380/51 (0.0%) 31860/0 (0.0%) 27420/0 (0.0%) 10725/42 (0.4%)
   F1=187[cobblestone:21 stick:4 oak_planks:4] | F2=114[cobblestone:44 stick:6 oak_planks:6] | F3=150[cobblestone:75 dirt:42 coal:21] | F4=160[cobblestone:78 dirt:63 gravel:29] | F5=192[cobblestone:127 coal:22 torch:11] | F6=136[cobblestone:12 oak_planks:6 oak_log:5] | F7=100[empty] | F8=148[cobblestone:71 torch:52 raw_copper:30] | F9=64[cobblestone:49 torch:16 coal:8] | F10=114[dirt:37 oak_log:6 stick:6] | F11=150[dirt:35 torch:19 andesite:13] | F12=161[cobblestone:48 torch:24 raw_copper:9] | F13=143[cobblestone:100 torch:23 dirt:18] | F14=110[cobblestone:63 dirt:26 diorite:18] | F15=149[stick:15 dirt:13 oak_planks:7] | F16=114[torch:95 dirt:18 diorite:18] | F17=77[cobblestone:39 diorite:13 stick:6] | F18=163[cobblestone:60 raw_copper:23 torch:15] | F19=188[empty]
   mem: heap=118M/160M old=-1M ext=135M ab=132M rss=406M cols=0 ents=0 evicted=0 path=0a/0q (max 6) stale=0
F19 [F19] combat: shelter dig-earn: 36 free slot(s), the dig supplies the seal
F19 [F19] combat: shelter try vs skeleton (dist 2.4, proximity)
F19 [F19] combat: shelter skip (open field: no diggable wall, skeleton@2.4)
F19 [F19] combat: shelter skip (open field: ring stock 0/2, ground earns nothing)
F19 [F19] combat: fleeing skeleton (dist 2.4, hp 8.0, 1 nearby, proximity)
[hb] n=39 ts=781s rss=409M late=170ms mainLate=4ms
F13 [F13] climb diag: level at y=47 blocked toward 0,-1 (dug=0, wet) at [0,2,0] water (stop)
F19 [F19] died - respawning (cause: server: was shot by Skeleton [kind=mob by Skeleton] | inferred: skeleton@12.0 (0s before death at [-163,65,438]) [the inference corroborates the server verdict])
F19 [F19] water: death spot memorized as a hazard at [-163,65,438] (4 live, fleet-wide)
t-0s alive=19/19 mined=2620 map=1422p/20ch banked=1111 smelted=17 pocket=2164u/272s | sand=27 gravel=51 dirt=312 stone=1
   deficits: 157926/27 (0.0%) 149380/51 (0.0%) 31860/0 (0.0%) 27420/0 (0.0%) 10725/42 (0.4%)
   F1=187[cobblestone:21 stick:4 oak_planks:4] | F2=114[cobblestone:44 stick:6 oak_planks:6] | F3=150[cobblestone:75 dirt:42 coal:21] | F4=160[cobblestone:78 dirt:63 gravel:29] | F5=192[cobblestone:127 coal:22 torch:11] | F6=136[cobblestone:12 oak_planks:6 oak_log:5] | F7=100[empty] | F8=148[cobblestone:71 torch:52 raw_copper:30] | F9=64[cobblestone:49 torch:16 coal:8] | F10=114[dirt:37 oak_log:6 stick:6] | F11=150[dirt:35 torch:19 andesite:13] | F12=161[cobblestone:48 torch:24 raw_copper:9] | F13=143[cobblestone:100 torch:23 dirt:18] | F14=110[cobblestone:63 dirt:26 diorite:18] | F15=149[stick:15 dirt:13 oak_planks:7] | F16=114[torch:95 dirt:18 diorite:18] | F17=77[cobblestone:39 diorite:13 stick:6] | F18=163[cobblestone:60 raw_copper:23 torch:15] | F19=188[empty]
   mem: heap=116M/161M old=-1M ext=139M ab=136M rss=409M cols=0 ents=0 evicted=0 path=0a/0q (max 6) stale=0
F13 [F13] climb diag: level at y=47 blocked toward -1,0 (dug=0, wet) at [0,2,0] water (stop)
[hb] n=40 ts=801s rss=409M late=175ms mainLate=0ms
F13 [F13] climb diag: level at y=47 blocked toward 0,-1 (dug=0, wet) at [0,2,0] water (stop)
t-0s alive=19/19 mined=2620 map=1422p/20ch banked=1111 smelted=17 pocket=2164u/272s | sand=27 gravel=51 dirt=312 stone=1
   deficits: 157926/27 (0.0%) 149380/51 (0.0%) 31860/0 (0.0%) 27420/0 (0.0%) 10725/42 (0.4%)
   F1=187[cobblestone:21 stick:4 oak_planks:4] | F2=114[cobblestone:44 stick:6 oak_planks:6] | F3=150[cobblestone:75 dirt:42 coal:21] | F4=160[cobblestone:78 dirt:63 gravel:29] | F5=192[cobblestone:127 coal:22 torch:11] | F6=136[cobblestone:12 oak_planks:6 oak_log:5] | F7=100[empty] | F8=148[cobblestone:71 torch:52 raw_copper:30] | F9=64[cobblestone:49 torch:16 coal:8] | F10=114[dirt:37 oak_log:6 stick:6] | F11=150[dirt:35 torch:19 andesite:13] | F12=161[cobblestone:48 torch:24 raw_copper:9] | F13=143[cobblestone:100 torch:23 dirt:18] | F14=110[cobblestone:63 dirt:26 diorite:18] | F15=149[stick:15 dirt:13 oak_planks:7] | F16=114[torch:95 dirt:18 diorite:18] | F17=77[cobblestone:39 diorite:13 stick:6] | F18=163[cobblestone:60 raw_copper:23 torch:15] | F19=188[empty]
   mem: heap=115M/161M old=-1M ext=138M ab=136M rss=409M cols=0 ents=0 evicted=0 path=0a/0q (max 6) stale=0
[hb] n=41 ts=821s rss=409M late=177ms mainLate=0ms
t-0s alive=19/19 mined=2620 map=1422p/20ch banked=1111 smelted=17 pocket=2164u/272s | sand=27 gravel=51 dirt=312 stone=1
   deficits: 157926/27 (0.0%) 149380/51 (0.0%) 31860/0 (0.0%) 27420/0 (0.0%) 10725/42 (0.4%)
   F1=187[cobblestone:21 stick:4 oak_planks:4] | F2=114[cobblestone:44 stick:6 oak_planks:6] | F3=150[cobblestone:75 dirt:42 coal:21] | F4=160[cobblestone:78 dirt:63 gravel:29] | F5=192[cobblestone:127 coal:22 torch:11] | F6=136[cobblestone:12 oak_planks:6 oak_log:5] | F7=100[empty] | F8=148[cobblestone:71 torch:52 raw_copper:30] | F9=64[cobblestone:49 torch:16 coal:8] | F10=114[dirt:37 oak_log:6 stick:6] | F11=150[dirt:35 torch:19 andesite:13] | F12=161[cobblestone:48 torch:24 raw_copper:9] | F13=143[cobblestone:100 torch:23 dirt:18] | F14=110[cobblestone:63 dirt:26 diorite:18] | F15=149[stick:15 dirt:13 oak_planks:7] | F16=114[torch:95 dirt:18 diorite:18] | F17=77[cobblestone:39 diorite:13 stick:6] | F18=163[cobblestone:60 raw_copper:23 torch:15] | F19=188[empty]
   mem: heap=125M/160M old=-1M ext=138M ab=135M rss=409M cols=0 ents=0 evicted=0 path=0a/0q (max 6) stale=0
F14 [F14] combat: fighting drowned (dist 4.4, hp 14.8, 2 nearby, proximity)
F14 [F14] combat: verdict flipped to flee vs drowned (hp 11.8)
F14 [F14] combat: shelter skip (night=true armed=true hp=11.833333969116211 attackers=2 poison=off threat=drowned@2.4)
F14 [F14] combat: flee toward shore (2,-1 step 1) vs drowned (proximity re-verdict)
F8 [F8] combat: fighting skeleton (dist 6.8, hp 20.0, 2 nearby, proximity)
F13 final climb: failed - timeout [stage 1]
F13 final bank: 0 (still underground after 2 climb attempts - the chain from the shaft bottom is doomed walks)
================ FLEET RESULT (normal end - deadline 600s reached) ================
bots=19 spawned=19 reconnects=5 kicks=0 tools=15 recovered=4 reboots=0 upgraded=16 swords=16 alive=19 climbs=28 banked=1111 smelted=17 planted=16 torched=6 fights=15 kills=2 shelters=0 rescues=20 airGlitches=0 claims=15 claimedHolds=0 wet=4 wt=3
server guard: losses=4 (window 0/10) relogins=24 probe=n/a dead=no revives=0 restarts=0
pickaxe tiers at end: wooden_pickaxe,stone_pickaxe,iron_pickaxe -> wooden=31 stone=18 iron=0
blocks mined: 2620 in ~600s = 4.37 blocks/s (262/min)
loot ledger: mined=2620 banked=1111 smelted=17 pocket=2160u/272s accounted=3288 unaccounted=0 conversion=125.5%
  sand          collected      27 (0.017% of 157,926)
  gravel        collected      51 (0.034% of 149,380)
  dirt          collected     308
  stone         collected     826 (12.338% of 6,695)
materials: {"oak_log":167,"dirt":489,"stone":1064,"diorite":88,"copper_ore":79,"coal_ore":301,"iron_ore":22,"grass_block":94,"oak_leaves":32,"sand":70,"stone_bricks":1,"birch_log":54,"cobblestone":3,"birch_leaves":4,"granite":52,"crafting_table":3,"gravel":29,"andesite":59,"smooth_stone":9}
kicks handled: 0 (reconnect attempts: 5)
no-path ledger: 1 live verdict(s) at end phase
full-chest ledger: 0 live verdict(s) at end phase
doomed-goal ledger: 152 recorded, 110 re-issues refused at the funnel, 10 re-dooms absorbed (the v0.96.0 backoff - the storm can no longer out-pace the ttl), 4 live at end phase (v0.72.0 spiral breaker)
walk governor: 3 stall(s) opened, 8 churn re-issues refused (v0.74.0 churn breaker - goals queued+done with zero progress during the run68-class storms)
fleet churn ceiling: 0 open(s), 0 aggregate re-issues refused (v0.77.0 - the per-bot limit leaves the fleet-wide burst unbounded)
goal brake: 6 burst open(s), 112 re-issues refused, 0 fleet-ceiling open(s), 0 fleet refusals (v0.143.0 - the re-issue CADENCE is the storm's rate knob: run 35994461858's flood walkers progressed 1-3 blocks per walk so the progress-judged governors never fired, and their near goals flowed through the closed valve, while ~90MB searches marched at 2.5 goals/s per walker into a frozen main)
alloc valve: 0 close(s) (0 by the worker probe, 0 by the queue-pressure arm, 0 by the funnel probe, 0 by the slow envelope), 0 strike(s), 0 long walks refused, 0 short walks passed while closed, 0 aquifer-gate refusals (v0.105.0 one valve two feeders + the aquifer gate - the run93 fix: the ticker feeds the consulted singleton, the worker's probe verdict rides the storm cell for the freeze class, and while closed the near exemption refuses live-hazard goals - near is not cheap in a flooded region; v0.115.0 the queue-pressure arm closes on the SUSTAINED pathfinder saturation - run101's 8-12q wall warned 80s before the rss burst; v0.121.0 the funnel probe - run105's storm starved the timers that carried both feeders while the walk funnel itself marched through the kill window, so the funnel now carries its own verdict and applies the worker's cell inline; v0.144.0 the slow envelope - run80's ramp sawtoothed past the fast anchor's dip rule while the consults marched, the 5s slide is the dip-immune read)
storm duck: 0 arm(s), 0 walk(s) refused fleet-wide while ducked (v0.143.0 - run58: the storm's next-column class is near BY CONSTRUCTION and rode the closed valve's near exemption to the 3000M ceiling; a live storm verdict now shuts EVERY goal for 15s and sweeps the in-flight goals, the A* starves within one think window, the worker's grace lands the cure instead of the ceiling landing the kill)
worldmap: 1422 positions, 20 chunks scanned, top: coal_ore=399 copper_ore=300 sand=271 oak_log=241 birch_log=99
report: data/fleet-report.json written
plan progress: 2/31 resources complete
