launching 19 bots for 600s -> targets sand, gravel, dirt, stone
[hb] n=1 ts=21s rss=248M late=6ms mainLate=0ms
[hb] n=2 ts=41s rss=327M late=12ms mainLate=335ms
F2 [F2] craft torches: stick-dry with logs held - one plank conversion first
F2 [F2] craft torches: stick-dry but 6 planks held - one stick batch first
F2 [F2] craft torches: skip (no coal: sticks 4 coals 0)
[hb] n=3 ts=61s rss=362M late=16ms mainLate=838ms
F1 [F1] craft torches: stick-dry with logs held - one plank conversion first
F1 [F1] craft torches: stick-dry but 6 planks held - one stick batch first
F1 [F1] craft torches: skip (no coal: sticks 4 coals 0)
F1 dir=(1.00,0.00) logs=7 tools=wooden_pickaxe
F1 spare pick due: spare (planks available)
F2 dir=(0.95,0.32) logs=5 tools=wooden_pickaxe
F2 spare pick due: spare (planks available)
F1 spare pick: OK (wooden_pickaxe, holds 2)
F1 [F1] craft torches: stick-dry with logs held - one plank conversion first
F1 [F1] craft oak_planks: no craftable recipe variant (ingredients missing?)
F1 [F1] craft torches: stick-dry but 5 planks held - one stick batch first
F2 spare pick: OK (wooden_pickaxe, holds 2)
F2 [F2] craft torches: stick-dry with logs held - one plank conversion first
F1 [F1] craft torches: skip (no coal: sticks 6 coals 0)
F2 [F2] craft torches: stick-dry but 9 planks held - one stick batch first
F2 [F2] craft torches: skip (no coal: sticks 6 coals 0)
t-534s alive=19/19 mined=68 map=327p/11ch banked=0 smelted=0 pocket=79u/34s | sand=0 gravel=0 dirt=4 stone=0
   deficits: 157926/0 (0.0%) 149380/0 (0.0%) 31860/0 (0.0%) 27420/0 (0.0%) 10725/0 (0.0%)
   F1=15[oak_log:6 stick:6 oak_planks:3] | F2=8[oak_planks:7 stick:6 oak_log:3] | F3=0[empty] | F4=9[birch_log:4 oak_log:4 chest:1] | F5=4[chest:1] | F6=2[stick:2 oak_log:1] | F7=4[oak_log:2 oak_sapling:1] | F8=6[birch_log:3 oak_log:3] | F9=4[oak_log:2] | F10=4[oak_sapling:1 chest:1] | F11=1[birch_log:2] | F12=4[oak_log:1] | F13=0[empty] | F14=3[birch_log:3 oak_log:1] | F15=0[oak_log:3 oak_sapling:1] | F16=4[empty] | F17=0[empty] | F18=0[empty] | F19=0[empty]
   mem: heap=103M/139M old=-1M ext=131M ab=128M rss=363M cols=2077 ents=1961 evicted=212 path=6a/9q (max 6) stale=0
F1 [F1] torch: the placement did not land (dry) x1 - the streak names itself once, a landing re-arms it
F2 [F2] torch: the placement did not land (dry) x1 - the streak names itself once, a landing re-arms it
F1 tool upgrade due: cobble available -> stone_pickaxe
F2 [F2] craft torches: 1 batch(es) -> 4 torches (sticks 6 coals 1)
F1 [toolupgrade] [upgrade] upgraded: stone_pickaxe,wooden_shovel,wooden_pickaxe,wooden_pickaxe
F1 tool upgrade: OK -> stone_pickaxe (stone_pickaxe,wooden_shovel,wooden_pickaxe,wooden_pickaxe)
F1 sword due: planks available
F1 sword: OK (wooden_sword, holds 1)
F1 sword: OK (wooden_sword)
F1 [F1] craft torches: skip (no coal: sticks 3 coals 0)
F2 tool upgrade due: cobble available -> stone_pickaxe
[hb] n=4 ts=81s rss=364M late=22ms mainLate=529ms
t-519s alive=19/19 mined=113 map=388p/12ch banked=0 smelted=0 pocket=120u/46s | sand=0 gravel=0 dirt=12 stone=0
   deficits: 157926/0 (0.0%) 149380/0 (0.0%) 31860/0 (0.0%) 27420/0 (0.0%) 10725/0 (0.0%)
   F1=31[cobblestone:11 dirt:7 oak_log:5] | F2=22[cobblestone:7 stick:5 dirt:5] | F3=0[empty] | F4=9[birch_log:4 oak_log:4 chest:1] | F5=4[chest:1] | F6=2[stick:2 oak_log:1] | F7=4[oak_log:2 oak_sapling:1] | F8=12[birch_log:3 oak_log:3] | F9=4[oak_log:2] | F10=4[oak_sapling:1 chest:1] | F11=3[birch_log:2] | F12=5[oak_log:4] | F13=0[empty] | F14=3[birch_log:6 oak_log:1 oak_sapling:1] | F15=0[oak_log:3 oak_sapling:1] | F16=9[oak_log:3] | F17=0[empty] | F18=0[empty] | F19=1[oak_log:3]
   mem: heap=107M/139M old=-1M ext=127M ab=124M rss=364M cols=2051 ents=1772 evicted=315 path=6a/9q (max 6) stale=0
F2 [toolupgrade] [upgrade] upgraded: wooden_shovel,stone_pickaxe,wooden_pickaxe,wooden_pickaxe
F2 tool upgrade: OK -> stone_pickaxe (wooden_shovel,stone_pickaxe,wooden_pickaxe,wooden_pickaxe)
F2 sword due: planks available
F2 sword: OK (wooden_sword, holds 1)
F2 sword: OK (wooden_sword)
F2 [F2] craft torches: stick-dry with logs held - one plank conversion first
F2 [F2] craft torches: stick-dry but 9 planks held - one stick batch first
F2 [F2] craft torches: 1 batch(es) -> 4 torches (sticks 2 coals 1)
F4 [F4] craft torches: stick-dry but 14 planks held - one stick batch first
F4 [F4] craft torches: skip (no coal: sticks 4 coals 0)
t-504s alive=19/19 mined=141 map=413p/12ch banked=0 smelted=0 pocket=157u/53s | sand=0 gravel=2 dirt=13 stone=0
   deficits: 157926/0 (0.0%) 149380/2 (0.0%) 31860/0 (0.0%) 27420/0 (0.0%) 10725/0 (0.0%)
   F1=31[cobblestone:12 dirt:7 oak_log:5] | F2=28[cobblestone:9 oak_planks:7 torch:7] | F3=0[empty] | F4=9[oak_planks:12 stick:4 oak_log:1] | F5=4[chest:1] | F6=2[stick:2 oak_log:1] | F7=9[oak_log:2 oak_sapling:1] | F8=12[oak_log:7 birch_log:5] | F9=8[oak_log:4] | F10=4[oak_sapling:1 chest:1] | F11=6[birch_log:2] | F12=10[oak_log:5] | F13=0[empty] | F14=3[birch_log:6 oak_log:1 oak_sapling:1] | F15=3[oak_log:3 oak_sapling:1 dirt:1] | F16=9[oak_log:6] | F17=0[empty] | F18=0[chest:1] | F19=3[oak_log:3]
   mem: heap=102M/141M old=-1M ext=124M ab=122M rss=367M cols=2016 ents=1806 evicted=378 path=6a/12q (max 6) stale=0
[hb] n=5 ts=101s rss=368M late=27ms mainLate=349ms
F2 [F2] craft torches: skip (no coal: sticks 5 coals 0)
F2 [F2] craft torches: skip (no coal: sticks 5 coals 0)
F1 [F1] craft torches: skip (no coal: sticks 3 coals 0)
F1 [F1] craft torches: skip (no coal: sticks 3 coals 0)
F1 tunnel: steering coal_ore @ 3.8b (axis x+, cross 0.3527809780761686, floor lock)
t-488s alive=19/19 mined=145 map=413p/12ch banked=0 smelted=0 pocket=181u/55s | sand=0 gravel=2 dirt=13 stone=0
   deficits: 157926/0 (0.0%) 149380/2 (0.0%) 31860/0 (0.0%) 27420/0 (0.0%) 10725/0 (0.0%)
   F1=31[cobblestone:12 dirt:7 oak_log:5] | F2=30[cobblestone:13 oak_planks:7 torch:7] | F3=0[empty] | F4=9[oak_planks:12 stick:4 oak_log:1] | F5=4[chest:1] | F6=2[stick:4 oak_log:1 oak_sapling:1] | F7=9[oak_log:5 oak_sapling:1] | F8=12[oak_log:7 birch_log:5] | F9=10[oak_log:8] | F10=4[oak_sapling:1 chest:1] | F11=6[birch_log:2] | F12=10[oak_log:9] | F13=0[empty] | F14=3[birch_log:6 oak_log:1 oak_sapling:1] | F15=3[oak_log:3 oak_sapling:1 dirt:1] | F16=9[oak_log:9] | F17=0[empty] | F18=0[chest:1] | F19=3[oak_log:3 porkchop:3]
   mem: heap=114M/141M old=-1M ext=125M ab=122M rss=368M cols=2025 ents=1709 evicted=438 path=6a/10q (max 6) stale=0
F1 tunnel: 0 blocks (branch mine at the floor, steered, floor lock)
F3 dir=(0.79,0.61) logs=0 tools=no planks recipe
F3 tool recovery: no pickaxe - spare-pick craft first
F3 spare pick: skip (no sticks and no planks for sticks)
F3 tool recovery: spare craft failed (no sticks and no planks for sticks) - re-running the bootstrap
F4 dir=(0.55,0.84) logs=2 tools=wooden_pickaxe
F4 spare pick due: spare (planks available)
F2 tunnel: 12 blocks (branch mine at the floor, floor lock)
[hb] n=6 ts=121s rss=369M late=31ms mainLate=772ms
F4 spare pick: OK (wooden_pickaxe, holds 2)
F4 sword due: planks available
F2 [F2] vein sweep: 1 drop(s) in reach (1 dug)
F4 sword: OK (wooden_sword, holds 1)
F4 sword: OK (wooden_sword)
F4 [F4] craft torches: stick-dry but 7 planks held - one stick batch first
F4 [F4] craft torches: skip (no coal: sticks 5 coals 0)
F16 [F16] craft torches: stick-dry with logs held - one plank conversion first
F12 [F12] craft torches: stick-dry with logs held - one plank conversion first
F9 [F9] craft torches: stick-dry with logs held - one plank conversion first
F16 [F16] craft torches: stick-dry but 6 planks held - one stick batch first
F8 [F8] craft torches: stick-dry but 14 planks held - one stick batch first
F12 [F12] craft torches: stick-dry but 6 planks held - one stick batch first
F9 [F9] craft torches: stick-dry but 6 planks held - one stick batch first
F16 [F16] craft torches: skip (no coal: sticks 4 coals 0)
F8 [F8] craft torches: skip (no coal: sticks 4 coals 0)
F12 [F12] craft torches: skip (no coal: sticks 4 coals 0)
F9 [F9] craft torches: skip (no coal: sticks 4 coals 0)
F2 [F2] vein sweep: the drop walk to [-125,45,411] failed - sweep drops: timeout after 4000ms (dy 2.2, range 2)
F2 [F2] vein sweep: +2u walked from the drops (1 dug)
F2 [F2] vein sweep: 1 below-plane walk(s) still failed on the wide goal (range 2) - the drop rests deeper than the lip
F2 vein sweep: 1 ores dug beside the gallery (floor lock)
F14 [F14] craft torches: stick-dry but 14 planks held - one stick batch first
F14 [F14] craft torches: skip (no coal: sticks 4 coals 0)
F2 [F2] craft torches: skip (no coal: sticks 5 coals 0)
F2 [F2] craft torches: skip (no coal: sticks 5 coals 0)
F2 tunnel: steering coal_ore @ 5.8b (axis x--1, cross 0.49999999449403276, floor lock)
t-473s alive=19/19 mined=190 map=477p/12ch banked=0 smelted=0 pocket=251u/81s | sand=0 gravel=2 dirt=16 stone=0
   deficits: 157926/0 (0.0%) 149380/2 (0.0%) 31860/0 (0.0%) 27420/0 (0.0%) 10725/0 (0.0%)
   F1=42[cobblestone:12 dirt:7 oak_log:5] | F2=41[cobblestone:25 oak_planks:7 torch:7] | F3=0[empty] | F4=16[oak_planks:5 stick:5 dirt:4] | F5=4[stick:2 chest:1] | F6=2[stick:4 oak_log:1] | F7=9[oak_log:7 stick:2 oak_sapling:1] | F8=12[oak_planks:12 oak_log:4 stick:4] | F9=10[oak_log:4 oak_planks:4 stick:4] | F10=4[oak_sapling:1 chest:1] | F11=8[oak_log:3 birch_log:2] | F12=10[oak_log:6 oak_planks:4 stick:4] | F13=0[empty] | F14=6[oak_planks:12 stick:4 birch_log:3] | F15=4[oak_log:5 oak_sapling:1] | F16=9[oak_log:5 oak_planks:4 stick:4] | F17=4[empty] | F18=4[chest:1 oak_log:1] | F19=5[oak_log:3 porkchop:3]
   mem: heap=102M/143M old=-1M ext=126M ab=123M rss=366M cols=2050 ents=1799 evicted=503 path=5a/0q (max 6) stale=0
F12 dir=(-0.88,-0.48) logs=6 tools=wooden_pickaxe
F12 spare pick due: spare (planks available)
F9 dir=(-0.88,0.48) logs=4 tools=wooden_pickaxe
F9 spare pick due: spare (planks available)
F4 [F4] torch: the placement did not land (dry) x1 - the streak names itself once, a landing re-arms it
F16 dir=(0.25,-0.97) logs=5 tools=wooden_pickaxe
F16 spare pick due: spare (planks available)
F1 [F1] vein sweep: 8 drop(s) in reach (13 dug)
F12 spare pick: OK (wooden_pickaxe, holds 2)
F12 [F12] craft torches: stick-dry with logs held - one plank conversion first
F8 dir=(-0.68,0.74) logs=6 tools=wooden_pickaxe
F8 spare pick due: spare (planks available)
F16 spare pick: OK (wooden_pickaxe, holds 2)
F16 [F16] craft torches: stick-dry with logs held - one plank conversion first
F14 dir=(-0.40,-0.92) logs=3 tools=wooden_pickaxe
F14 spare pick due: spare (planks available)
F9 spare pick: OK (wooden_pickaxe, holds 2)
F9 [F9] craft torches: stick-dry with logs held - one plank conversion first
F1 [F1] vein sweep: the drop walk to [-105,41,374] failed - fleet goal ceiling: 30 goals fleet-wide in 5s - sweep drops refused for 4s (dy -2.0, range 2)
F1 [F1] vein sweep: the drop walk to [-107,41,373] failed - fleet goal ceiling: 30 goals fleet-wide in 5s - sweep drops refused for 4s (dy -2.0, range 2)
F12 [F12] craft torches: stick-dry but 9 planks held - one stick batch first
F1 [F1] vein sweep: +1u walked from the drops (13 dug)
F1 [F1] vein sweep: 7 below-plane walk(s) still failed on the wide goal (range 2) - the drop rests deeper than the lip
F1 vein sweep: 13 ores dug beside the gallery (floor lock)
F4 tool upgrade due: cobble available -> stone_pickaxe
F12 [F12] craft torches: skip (no coal: sticks 6 coals 0)
F1 [F1] craft torches: skip (no coal: sticks 3 coals 0)
F1 [F1] craft torches: skip (no coal: sticks 3 coals 0)
F1 tunnel: steering coal_ore @ 4.4b (axis z--1, cross 1.3018720490946123, floor lock)
F16 [F16] craft torches: stick-dry but 9 planks held - one stick batch first
F9 [F9] craft torches: stick-dry but 9 planks held - one stick batch first
F16 [F16] craft torches: skip (no coal: sticks 6 coals 0)
F9 [F9] craft torches: skip (no coal: sticks 6 coals 0)
F14 spare pick: OK (wooden_pickaxe, holds 2)
F14 sword due: planks available
F8 spare pick: OK (wooden_pickaxe, holds 2)
F8 sword due: planks available
F14 sword: OK (wooden_sword, holds 1)
F14 sword: OK (wooden_sword)
F14 [F14] craft torches: stick-dry but 7 planks held - one stick batch first
F14 [F14] craft torches: skip (no coal: sticks 5 coals 0)
F8 sword: OK (wooden_sword, holds 1)
F8 sword: OK (wooden_sword)
F8 [F8] craft torches: stick-dry but 7 planks held - one stick batch first
F8 [F8] craft torches: skip (no coal: sticks 5 coals 0)
F4 [toolupgrade] [upgrade] upgraded: stone_pickaxe,wooden_shovel,wooden_pickaxe,wooden_pickaxe
F4 tool upgrade: OK -> stone_pickaxe (stone_pickaxe,wooden_shovel,wooden_pickaxe,wooden_pickaxe)
F4 [F4] craft torches: skip (no coal: sticks 3 coals 0)
F1 tunnel: 4 blocks (branch mine at the floor, steered, floor lock)
F12 [F12] torch: the placement did not land (dry) x1 - the streak names itself once, a landing re-arms it
F9 [F9] torch: the placement did not land (dry) x1 - the streak names itself once, a landing re-arms it
F16 [F16] torch: the placement did not land (dry) x1 - the streak names itself once, a landing re-arms it
[hb] n=7 ts=141s rss=370M late=37ms mainLate=1162ms
F13 dir=(-0.68,-0.74) logs=0 tools=no planks recipe
F13 tool recovery: no pickaxe - spare-pick craft first
F13 spare pick: skip (no sticks and no planks for sticks)
F13 tool recovery: spare craft failed (no sticks and no planks for sticks) - re-running the bootstrap
F14 [F14] water: drowning rescue start (drowning, oxygen 14)
F14 [F14] water: pass 0 head=wet shore=none land=n/a y=60.0 o2=14 probes=0 at=[-125,60,387]
F16 tool upgrade due: cobble available -> stone_pickaxe
F8 [F8] torch: the placement did not land (dry) x1 - the streak names itself once, a landing re-arms it
F12 tool upgrade due: cobble available -> stone_pickaxe
t-458s alive=19/19 mined=299 map=534p/12ch banked=0 smelted=0 pocket=346u/108s | sand=0 gravel=9 dirt=37 stone=0
   deficits: 157926/0 (0.0%) 149380/9 (0.0%) 31860/0 (0.0%) 27420/0 (0.0%) 10725/9 (0.1%)
   F1=51[cobblestone:19 dirt:7 oak_log:5] | F2=53[cobblestone:28 andesite:9 oak_planks:7] | F3=0[empty] | F4=31[cobblestone:8 dirt:8 gravel:4] | F5=11[stick:2 chest:1] | F6=8[stick:4 oak_log:4] | F7=11[oak_log:7 oak_sapling:2 stick:2] | F8=20[oak_planks:5 stick:5 dirt:5] | F9=20[oak_planks:7 stick:6 cobblestone:6] | F10=11[oak_sapling:1 chest:1] | F11=9[oak_log:3 birch_log:2] | F12=21[cobblestone:7 stick:6 oak_log:4] | F13=0[empty] | F14=9[stick:5 oak_planks:5 birch_log:3] | F15=5[oak_log:5 oak_sapling:1] | F16=19[oak_planks:7 cobblestone:7 stick:6] | F17=6[oak_log:3 oak_sapling:1] | F18=6[oak_log:7 chest:1 oak_sapling:1] | F19=8[oak_log:4 porkchop:3 dirt:1]
   mem: heap=117M/144M old=-1M ext=125M ab=122M rss=365M cols=2011 ents=1877 evicted=587 path=6a/1q (max 6) stale=0
F9 tool upgrade due: cobble available -> stone_pickaxe
F2 tunnel: 12 blocks (branch mine at the floor, steered, floor lock)
F4 [F4] craft torches: skip (no coal: sticks 3 coals 0)
F4 [F4] craft torches: skip (no coal: sticks 3 coals 0)
F4 tunnel: steering coal_ore @ 8.2b (axis x--1, cross 2.5, floor lock)
F14 [F14] water: pass 3 head=dry shore=hit r=1 land=none y=62.2 o2=15 probes=0 at=[-125,62,387]
F1 [F1] vein sweep: 8 drop(s) in reach (5 dug)
F14 [F14] water: pass 6 head=dry shore=hit r=1 land=none y=63.8 o2=20 probes=0 at=[-122,64,387]
F8 tool upgrade due: cobble available -> stone_pickaxe
F16 [toolupgrade] [upgrade] upgraded: stone_pickaxe,wooden_shovel,wooden_pickaxe,wooden_pickaxe
F16 tool upgrade: OK -> stone_pickaxe (stone_pickaxe,wooden_shovel,wooden_pickaxe,wooden_pickaxe)
F16 sword due: planks available
F12 [toolupgrade] [upgrade] upgraded: stone_pickaxe,wooden_shovel,wooden_pickaxe,wooden_pickaxe
F12 tool upgrade: OK -> stone_pickaxe (stone_pickaxe,wooden_shovel,wooden_pickaxe,wooden_pickaxe)
F12 sword due: planks available
F16 sword: OK (wooden_sword, holds 1)
F16 sword: OK (wooden_sword)
F16 [F16] craft torches: skip (no coal: sticks 3 coals 0)
F14 [F14] water: pass 8 head=dry shore=hit r=1 land=none y=63.4 o2=20 probes=0 at=[-123,63,387]
F9 [toolupgrade] [upgrade] upgraded: stone_pickaxe,wooden_shovel,wooden_pickaxe,wooden_pickaxe
F9 tool upgrade: OK -> stone_pickaxe (stone_pickaxe,wooden_shovel,wooden_pickaxe,wooden_pickaxe)
F9 sword due: planks available
F12 sword: OK (wooden_sword, holds 1)
F12 sword: OK (wooden_sword)
F12 [F12] craft torches: skip (no coal: sticks 3 coals 0)
F9 sword: OK (wooden_sword, holds 1)
F9 sword: OK (wooden_sword)
F9 [F9] craft torches: skip (no coal: sticks 3 coals 0)
F1 [F1] vein sweep: the drop walk to [-102,46,373] failed - sweep drops: timeout after 4000ms (dy 4.0, range 2)
F8 [toolupgrade] [upgrade] upgraded: stone_pickaxe,wooden_shovel,wooden_pickaxe,wooden_pickaxe
F8 tool upgrade: OK -> stone_pickaxe (stone_pickaxe,wooden_shovel,wooden_pickaxe,wooden_pickaxe)
F8 [F8] craft torches: skip (no coal: sticks 3 coals 0)
F14 [F14] water: pass 11 head=dry shore=hit r=1 land=none y=63.4 o2=20 probes=0 at=[-123,63,387]
F14 [F14] water: pass 13 head=dry shore=hit r=1 land=none y=64.2 o2=20 probes=0 at=[-123,64,387]
F1 [F1] vein sweep: the drop walk to [-102,46,372] failed - sweep drops: timeout after 4000ms (dy 2.7, range 2)
F14 [F14] water: pass 14 head=dry shore=hit r=1 land=none y=63.8 o2=20 probes=0 at=[-123,64,387]
t-442s alive=19/19 mined=371 map=588p/12ch banked=0 smelted=0 pocket=422u/124s | sand=0 gravel=21 dirt=37 stone=0
   deficits: 157926/0 (0.0%) 149380/21 (0.0%) 31860/0 (0.0%) 27420/0 (0.0%) 10725/9 (0.1%)
   F1=53[cobblestone:23 dirt:7 oak_log:5] | F2=67[cobblestone:28 raw_copper:20 andesite:9] | F3=0[empty] | F4=39[gravel:16 cobblestone:11 dirt:8] | F5=13[birch_planks:4 birch_log:2 stick:2] | F6=10[stick:4 oak_log:4 apple:1] | F7=11[oak_log:7 oak_sapling:2 stick:2] | F8=27[cobblestone:8 dirt:5 oak_log:4] | F9=30[cobblestone:14 dirt:4 stick:3] | F10=12[oak_sapling:1 chest:1 birch_log:1] | F11=9[oak_log:3 birch_log:2] | F12=31[cobblestone:11 oak_log:4 dirt:4] | F13=0[empty] | F14=9[stick:5 oak_planks:5 birch_log:3] | F15=5[oak_log:5 oak_sapling:1] | F16=29[cobblestone:15 oak_planks:5 oak_log:3] | F17=6[oak_planks:6 stick:4 oak_sapling:1] | F18=10[oak_log:7 chest:1 oak_sapling:1] | F19=10[oak_log:9 oak_planks:4 porkchop:3]
   mem: heap=101M/143M old=-1M ext=122M ab=120M rss=368M cols=1988 ents=1919 evicted=653 path=6a/5q (max 6) stale=0
F14 [F14] water: pass 16 head=dry shore=hit r=1 land=none y=63.8 o2=20 probes=0 at=[-122,64,387]
[hb] n=8 ts=161s rss=370M late=42ms mainLate=580ms
F16 [F16] craft torches: skip (no coal: sticks 3 coals 0)
F16 [F16] craft torches: skip (no coal: sticks 3 coals 0)
F16 tunnel: steering coal_ore @ 4.2b (axis z+, cross 1.3917232148244523, floor lock)
F14 [F14] craft torches: skip (no coal: sticks 5 coals 0)
F14 [F14] craft torches: skip (no coal: sticks 5 coals 0)
F14 tunnel: steering coal_ore @ 4.4b (axis z+, cross 0.12426863178474434, floor lock)
F14 [F14] water: pass 17 head=dry shore=hit r=1 land=none y=63.8 o2=20 probes=0 at=[-123,64,387]
F12 [F12] craft torches: skip (no coal: sticks 3 coals 0)
F12 [F12] craft torches: skip (no coal: sticks 3 coals 0)
F12 tunnel: steering coal_ore @ 3.1b (axis x--1, cross 0.45454325798294803, floor lock)
F17 [F17] craft torches: skip (no spare sticks: sticks 0 coals 0)
F17 dir=(0.55,-0.84) logs=0 tools=wooden_pickaxe
F17 [F17] craft torches: skip (no spare sticks: sticks 0 coals 0)
F9 [F9] craft torches: skip (no coal: sticks 3 coals 0)
F9 [F9] craft torches: skip (no coal: sticks 3 coals 0)
F9 tunnel: steering iron_ore @ 12b (axis z--1, cross 2.5000000000000284, floor lock)
F8 [F8] craft torches: skip (no coal: sticks 3 coals 0)
F14 [F14] water: pass 21 head=dry shore=hit r=1 land=none y=63.4 o2=20 probes=0 at=[-122,63,387]
F14 [F14] water: rescue complete in 25.8s
F14 [F14] water: hazard memorized at [-125,62,386] (1 live, fleet-wide)
F8 [F8] craft torches: skip (no coal: sticks 3 coals 0)
F16 tunnel: 2 blocks (branch mine at the floor, steered, floor lock)
F4 tunnel: 13 blocks (branch mine at the floor, steered, floor lock)
F6 [F6] craft torches: stick-dry with logs held - one plank conversion first
F17 wood trip: famine (sticks 0 planks 2 logs 0) - gathering
F16 [F16] craft torches: skip (no coal: sticks 3 coals 0)
F16 [F16] craft torches: skip (no coal: sticks 3 coals 0)
F16 tunnel: steering coal_ore @ 4.6b (axis z+, cross 0.5, floor lock)
F9 tunnel: 2 blocks (branch mine at the floor, steered, floor lock)
F14 tunnel: 1 blocks (branch mine at the floor, steered, floor lock)
F8 tunnel: steering iron_ore @ 10.6b (axis x--1, cross 0.4196562278529541, floor lock)
F19 [F19] craft torches: stick-dry with logs held - one plank conversion first
F6 [F6] craft torches: stick-dry but 8 planks held - one stick batch first
F7 [F7] craft torches: stick-dry with logs held - one plank conversion first
F9 [F9] craft torches: skip (no coal: sticks 3 coals 0)
F9 [F9] craft torches: skip (no coal: sticks 3 coals 0)
F9 tunnel: steering iron_ore @ 12b (axis z--1, cross 3.5, floor lock)
F6 [F6] craft torches: skip (no coal: sticks 4 coals 0)
F6 dir=(-0.08,1.00) logs=0 tools=wooden_pickaxe
F6 spare pick due: spare (planks available)
F19 [F19] craft torches: stick-dry but 6 planks held - one stick batch first
F7 [F7] craft torches: stick-dry but 6 planks held - one stick batch first
F19 [F19] craft torches: skip (no coal: sticks 4 coals 0)
F19 dir=(0.95,-0.32) logs=7 tools=wooden_pickaxe
F19 spare pick due: spare (planks available)
F7 [F7] craft torches: skip (no coal: sticks 6 coals 0)
F7 dir=(-0.40,0.92) logs=3 tools=wooden_pickaxe
F7 spare pick due: spare (planks available)
F5 [F5] craft torches: stick-dry but 10 planks held - one stick batch first
F1 [F1] vein sweep: +5u walked from the drops (5 dug)
F1 [F1] vein sweep: 5 below-plane walk(s) still failed on the wide goal (range 2) - the drop rests deeper than the lip
F1 vein sweep: 5 ores dug beside the gallery (floor lock)
F5 [F5] craft torches: skip (no coal: sticks 6 coals 0)
F5 dir=(0.25,0.97) logs=1 tools=wooden_pickaxe
F5 spare pick due: spare (planks available)
F18 [F18] craft torches: stick-dry with logs held - one plank conversion first
F6 spare pick: OK (wooden_pickaxe, holds 2)
F6 sword due: planks available
t-427s alive=19/19 mined=429 map=602p/13ch banked=0 smelted=0 pocket=493u/146s | sand=1 gravel=26 dirt=46 stone=0
   deficits: 157926/1 (0.0%) 149380/26 (0.0%) 31860/0 (0.0%) 27420/0 (0.0%) 10725/9 (0.1%)
   F1=53[cobblestone:24 dirt:7 oak_log:5] | F2=71[cobblestone:28 raw_copper:20 andesite:9] | F3=0[empty] | F4=48[gravel:21 cobblestone:14 dirt:8] | F5=13[oak_planks:8 stick:6 birch_log:1] | F6=10[oak_planks:3 stick:2 wooden_pickaxe:2] | F7=11[stick:6 oak_planks:4 oak_log:3] | F8=30[cobblestone:13 dirt:5 oak_log:4] | F9=33[cobblestone:21 dirt:4 stick:3] | F10=18[oak_sapling:1 chest:1 birch_log:1] | F11=13[oak_log:4 birch_log:2 oak_sapling:1] | F12=39[cobblestone:17 granite:9 oak_log:4] | F13=0[empty] | F14=13[stick:5 oak_planks:5 leaf_litter:4] | F15=9[oak_log:5 oak_sapling:1] | F16=33[cobblestone:22 oak_planks:5 oak_log:3] | F17=15[dirt:8 leaf_litter:4 oak_planks:2] | F18=10[oak_log:3 oak_planks:2 wooden_shovel:1] | F19=10[oak_log:7 oak_planks:4 stick:4]
   mem: heap=111M/143M old=-1M ext=122M ab=119M rss=368M cols=1978 ents=2381 evicted=695 path=4a/0q (max 6) stale=0
F1 map trip skipped: sand,gravel unreachable
F19 spare pick: OK (wooden_pickaxe, holds 2)
F19 [F19] craft torches: stick-dry with logs held - one plank conversion first
F18 [F18] craft torches: stick-dry but 6 planks held - one stick batch first
F7 spare pick: OK (wooden_pickaxe, holds 2)
F7 [F7] craft torches: skip (no coal: sticks 4 coals 0)
F9 tunnel: 0 blocks (branch mine at the floor, steered, floor lock)
F6 sword: OK (wooden_sword, holds 1)
F6 sword: OK (wooden_sword)
F6 [F6] craft torches: skip (no spare sticks: sticks 1 coals 0)
F5 spare pick: OK (wooden_pickaxe, holds 2)
F5 sword due: planks available
F18 [F18] craft torches: skip (no coal: sticks 4 coals 0)
F18 dir=(0.79,-0.61) logs=3 tools=wooden_pickaxe
F18 spare pick due: spare (planks available)
F9 [F9] craft torches: skip (no coal: sticks 3 coals 0)
F9 [F9] craft torches: skip (no coal: sticks 3 coals 0)
F9 tunnel: steering copper_ore @ 4.5b (axis x+, cross 0.30000000000001137, floor lock)
F16 tunnel: 2 blocks (branch mine at the floor, steered, floor lock)
F19 [F19] craft torches: stick-dry but 9 planks held - one stick batch first
F5 sword: OK (wooden_sword, holds 1)
F5 sword: OK (wooden_sword)
F5 [F5] craft torches: skip (no coal: sticks 3 coals 0)
F18 spare pick: OK (wooden_pickaxe, holds 2)
F18 [F18] craft torches: stick-dry with logs held - one plank conversion first
F19 [F19] craft torches: skip (no coal: sticks 6 coals 0)
F12 tunnel: 12 blocks (branch mine at the floor, steered, floor lock)
F16 [F16] vein sweep: 8 drop(s) in reach (3 dug)
F18 [F18] craft torches: stick-dry but 9 planks held - one stick batch first
F17 climb out (wood trip): OK +5 levels (4 steps, 5 dug, 12s)
F18 [F18] craft torches: skip (no coal: sticks 6 coals 0)
[hb] n=9 ts=181s rss=368M late=47ms mainLate=1038ms
F14 [F14] vein sweep: 6 drop(s) in reach (7 dug)
F14 [F14] vein sweep: the drop walks picked nothing (pocket delta 0, 0 failed walk(s))
F14 [F14] vein sweep: 6 deep drop(s) skipped (dy < -2 - the lip sphere cannot reach, the walk was a guaranteed spiral)
F14 vein sweep: 7 ores dug beside the gallery (floor lock)
F6 [F6] torch: the placement did not land (dry) x1 - the streak names itself once, a landing re-arms it
F5 [F5] torch: the placement did not land (dry) x1 - the streak names itself once, a landing re-arms it
F8 tunnel: 13 blocks (branch mine at the floor, steered, floor lock)
F4 [F4] vein sweep: 8 drop(s) in reach (14 dug)
F19 [F19] torch: the placement did not land (dry) x1 - the streak names itself once, a landing re-arms it
F18 [F18] torch: the placement did not land (dry) x1 - the streak names itself once, a landing re-arms it
F19 tool upgrade due: cobble available -> stone_pickaxe
F14 [F14] craft torches: skip (no coal: sticks 5 coals 0)
t-412s alive=19/19 mined=528 map=594p/13ch banked=0 smelted=0 pocket=621u/176s | sand=7 gravel=27 dirt=67 stone=0
   deficits: 157926/7 (0.0%) 149380/27 (0.0%) 31860/0 (0.0%) 27420/0 (0.0%) 10725/9 (0.1%)
   F1=53[cobblestone:32 dirt:7 oak_log:5] | F2=71[cobblestone:28 raw_copper:20 andesite:9] | F3=0[empty] | F4=58[gravel:22 cobblestone:14 dirt:8] | F5=24[dirt:4 diorite:4 oak_planks:3] | F6=22[dirt:5 diorite:5 wooden_pickaxe:2] | F7=15[sand:6 stick:4 dirt:3] | F8=42[cobblestone:23 dirt:5 oak_log:4] | F9=43[cobblestone:31 dirt:4 stick:3] | F10=18[oak_planks:12 stick:4 oak_log:1] | F11=13[oak_log:4 birch_log:2 oak_sapling:2] | F12=52[cobblestone:20 granite:9 oak_log:4] | F13=0[empty] | F14=18[stick:5 oak_planks:5 leaf_litter:4] | F15=9[oak_log:7 stick:3 oak_sapling:2] | F16=36[cobblestone:25 coal:6 oak_planks:5] | F17=15[dirt:9 leaf_litter:7 oak_planks:2] | F18=19[oak_planks:7 stick:6 dirt:5] | F19=20[cobblestone:7 stick:6 oak_log:5]
   mem: heap=111M/145M old=-1M ext=121M ab=119M rss=372M cols=1972 ents=2757 evicted=744 path=6a/3q (max 6) stale=0
F9 tunnel: 13 blocks (branch mine at the floor, steered, floor lock)
F2 [F2] vein sweep: 8 drop(s) in reach (19 dug)
F10 [F10] craft torches: stick-dry but 14 planks held - one stick batch first
F19 [toolupgrade] [upgrade] upgraded: stone_pickaxe,wooden_shovel,wooden_pickaxe,wooden_pickaxe
F19 tool upgrade: OK -> stone_pickaxe (stone_pickaxe,wooden_shovel,wooden_pickaxe,wooden_pickaxe)
F19 sword due: planks available
F10 [F10] craft torches: skip (no coal: sticks 4 coals 0)
F10 dir=(-0.99,0.16) logs=1 tools=wooden_pickaxe
F10 spare pick due: spare (planks available)
F8 [F8] vein sweep: 8 drop(s) in reach (7 dug)
F19 sword: OK (wooden_sword, holds 1)
F19 sword: OK (wooden_sword)
F19 [F19] craft torches: skip (no coal: sticks 3 coals 0)
F10 spare pick: OK (wooden_pickaxe, holds 2)
F10 sword due: planks available
F4 [F4] vein sweep: the drop walk to [-125,44,406] failed - sweep drops: timeout after 4000ms (dy 1.0, range 2)
F3 recovery brake: 1 consecutive failures - next attempt in 45s
F3 tool recovery: failed (no planks recipe)
F3 [F3] craft torches: skip (no spare sticks: sticks 0 coals 0)
F3 tool recovery: no pickaxe - spare-pick craft first
F3 spare pick: skip (no sticks and no planks for sticks)
F3 tool recovery: spare craft failed (no sticks and no planks for sticks) - re-running the bootstrap
F16 [F16] vein sweep: the drop walk to [-103,47,372] failed - sweep drops: timeout after 4000ms (dy 2.0, range 2)
F10 sword: OK (wooden_sword, holds 1)
F10 sword: OK (wooden_sword)
F10 [F10] craft torches: stick-dry but 7 planks held - one stick batch first
F10 [F10] craft torches: skip (no coal: sticks 5 coals 0)
F5 tool upgrade due: cobble available -> stone_pickaxe
F14 [F14] torch: the placement did not land (dry) x1 - the streak names itself once, a landing re-arms it
F1 [F1] craft torches: skip (no coal: sticks 3 coals 0)
F1 [F1] craft torches: skip (no coal: sticks 3 coals 0)
F1 tunnel: steering coal_ore @ 2.2b (axis z+, cross 1.3170131978805415, floor lock)
F14 tool upgrade due: cobble available -> stone_pickaxe
F1 tunnel: 2 blocks (branch mine at the floor, steered, floor lock)
F10 [F10] torch: the placement did not land (dry) x1 - the streak names itself once, a landing re-arms it
F12 [F12] vein sweep: 8 drop(s) in reach (20 dug)
F16 [F16] vein sweep: the drop walk to [-104,47,371] failed - sweep drops: timeout after 4000ms (dy 2.7, range 2)
F5 [toolupgrade] [upgrade] upgraded: wooden_shovel,stone_pickaxe,wooden_pickaxe,wooden_pickaxe
F5 tool upgrade: OK -> stone_pickaxe (wooden_shovel,stone_pickaxe,wooden_pickaxe,wooden_pickaxe)
F5 [F5] craft torches: skip (no coal: sticks 5 coals 0)
F6 wood trip: famine (sticks 1 planks 1 logs 0) - gathering
F2 [F2] vein sweep: the drop walk to [-129,42,408] failed - sweep drops: timeout after 4000ms (dy -0.4, range 1)
F5 wood trip: famine (sticks 5 planks 1 logs 0) - gathering
F14 [toolupgrade] [upgrade] upgraded: stone_pickaxe,wooden_shovel,wooden_pickaxe,wooden_pickaxe
F14 tool upgrade: OK -> stone_pickaxe (stone_pickaxe,wooden_shovel,wooden_pickaxe,wooden_pickaxe)
F14 [F14] craft torches: skip (no coal: sticks 3 coals 0)
[hb] n=10 ts=201s rss=373M late=52ms mainLate=913ms
F10 tool upgrade due: cobble available -> stone_pickaxe
F4 [F4] vein sweep: +46u walked from the drops (14 dug)
F4 [F4] vein sweep: 1 below-plane walk(s) still failed on the wide goal (range 2) - the drop rests deeper than the lip
F4 [F4] vein sweep: 2 deep drop(s) skipped (dy < -2 - the lip sphere cannot reach, the walk was a guaranteed spiral)
F4 vein sweep: 14 ores dug beside the gallery (floor lock)
F7 [F7] craft torches: skip (no coal: sticks 4 coals 0)
F18 tool upgrade due: cobble available -> stone_pickaxe
F1 [F1] vein sweep: refused a cell - drop of 4 below the cell (cave?) - the ore waits for a safe angle
t-397s alive=19/19 mined=652 map=592p/13ch banked=0 smelted=0 pocket=775u/197s | sand=8 gravel=27 dirt=85 stone=0
   deficits: 157926/8 (0.0%) 149380/27 (0.0%) 31860/0 (0.0%) 27420/0 (0.0%) 10725/9 (0.1%)
   F1=61[cobblestone:34 dirt:7 oak_log:5] | F2=72[raw_copper:35 cobblestone:28 andesite:9] | F3=0[empty] | F4=60[raw_copper:39 gravel:22 cobblestone:20] | F5=38[cobblestone:11 diorite:6 stick:5] | F6=34[diorite:13 dirt:5 cobblestone:5] | F7=15[dirt:10 sand:7 stick:4] | F8=47[cobblestone:28 dirt:5 oak_log:4] | F9=61[cobblestone:34 dirt:4 stick:3] | F10=30[cobblestone:7 stick:5 dirt:5] | F11=13[oak_log:4 birch_log:2 oak_sapling:2] | F12=63[cobblestone:20 granite:9 raw_iron:8] | F13=0[empty] | F14=33[cobblestone:10 dirt:7 leaf_litter:4] | F15=9[oak_log:7 stick:3 oak_sapling:2] | F16=36[cobblestone:26 coal:7 oak_planks:5] | F17=18[dirt:10 leaf_litter:7 oak_planks:2] | F18=31[oak_planks:7 stick:6 diorite:6] | F19=31[cobblestone:11 diorite:9 oak_log:5]
   mem: heap=111M/147M old=-1M ext=121M ab=119M rss=371M cols=1957 ents=3029 evicted=779 path=6a/4q (max 6) stale=0
F16 [F16] vein sweep: +12u walked from the drops (3 dug)
F16 [F16] vein sweep: 3 below-plane walk(s) still failed on the wide goal (range 2) - the drop rests deeper than the lip
F16 vein sweep: 3 ores dug beside the gallery (floor lock)
F19 [F19] craft torches: skip (no coal: sticks 3 coals 0)
F4 [F4] climb bridge: placed cobblestone at [-126,44,407] (support) - the step re-judges
F19 tunnel: steering coal_ore @ 2.1b (axis x+, cross 0.6999999999999886, ore detour)
F18 [toolupgrade] [upgrade] upgraded: stone_pickaxe,wooden_pickaxe,wooden_shovel,wooden_pickaxe
F18 tool upgrade: OK -> stone_pickaxe (stone_pickaxe,wooden_pickaxe,wooden_shovel,wooden_pickaxe)
F18 sword due: planks available
F16 [F16] climb bridge: placed cobblestone at [-102,44,370] (support) - the step re-judges
F18 sword: OK (wooden_sword, holds 1)
F18 sword: OK (wooden_sword)
F18 [F18] craft torches: skip (no coal: sticks 3 coals 0)
F18 tunnel: steering coal_ore @ 11.9b (axis x--1, cross 0.5, ore detour)
F10 [toolupgrade] [upgrade] upgraded: stone_pickaxe,wooden_shovel,wooden_pickaxe,wooden_pickaxe
F10 tool upgrade: OK -> stone_pickaxe (stone_pickaxe,wooden_shovel,wooden_pickaxe,wooden_pickaxe)
F10 [F10] craft torches: skip (no coal: sticks 3 coals 0)
F8 [F8] vein sweep: the drop walk to [-157,48,415] failed - sweep drops: timeout after 4000ms (dy 1.1, range 2)
F5 climb out (wood trip): OK +3 levels (3 steps, 8 dug, 7s)
F2 [F2] vein sweep: the drop walk to [-127,45,410] failed - sweep drops: timeout after 4000ms (dy 3.0, range 2)
F1 [F1] vein sweep: refused a cell - drop of 4 below the cell (cave?) - the ore waits for a safe angle
F16 [F16] climb bridge: placed cobblestone at [-102,44,369] (pit) - the step re-judges
F9 [F9] vein sweep: 8 drop(s) in reach (21 dug)
F1 [F1] vein sweep: 8 drop(s) in reach (12 dug)
F12 [F12] vein sweep: the drop walk to [-159,46,408] failed - sweep drops: timeout after 4000ms (dy 3.0, range 2)
F16 [F16] climb bridge: placed cobblestone at [-102,45,369] (support) - the step re-judges
F14 tunnel: 2 blocks (branch mine at the floor, ore detour)
F8 [F8] vein sweep: the drop walk to [-157,46,409] failed - No path to the goal! (dy -0.9, range 2)
F8 [F8] vein sweep: +11u walked from the drops (7 dug)
F8 [F8] vein sweep: 2 below-plane walk(s) still failed on the wide goal (range 2) - the drop rests deeper than the lip
F8 [F8] vein sweep: 1 deep drop(s) skipped (dy < -2 - the lip sphere cannot reach, the walk was a guaranteed spiral)
F8 vein sweep: 7 ores dug beside the gallery (floor lock)
F7 [F7] torch: the placement did not land (dry) x1 - the streak names itself once, a landing re-arms it
F14 [F14] vein sweep: 1 drop(s) in reach (1 dug)
F14 [F14] vein sweep: the drop walks picked nothing (pocket delta 0, 0 failed walk(s))
F14 [F14] vein sweep: 1 deep drop(s) skipped (dy < -2 - the lip sphere cannot reach, the walk was a guaranteed spiral)
F14 vein sweep: 1 ores dug beside the gallery (ore detour)
F4 [F4] water: drowning rescue start (drowning, oxygen 13)
F4 [F4] water: pass 0 head=wet shore=none land=n/a y=46.0 o2=13 probes=0 at=[-126,46,409]
F4 [F4] water: pass 3 head=wet shore=none land=n/a y=48.1 o2=9 probes=0 at=[-126,48,409]
F12 [F12] vein sweep: the drop walk to [-158,46,409] failed - sweep drops: timeout after 4000ms (dy 2.7, range 2)
F2 [F2] vein sweep: +20u walked from the drops (19 dug)
F2 [F2] vein sweep: 3 below-plane walk(s) still failed on the wide goal (range 2) - the drop rests deeper than the lip
F2 vein sweep: 19 ores dug beside the gallery (floor lock)
F2 bank trip: planned budget 167s
F2 climb out (bank): the yard stands 27 levels up over 18b lateral - the climb raises its target to the yard's level
F9 [F9] vein sweep: the drop walk to [-111,46,417] failed - sweep drops: timeout after 4000ms (dy 3.0, range 2)
F13 recovery brake: 1 consecutive failures - next attempt in 45s
F13 tool recovery: failed (no planks recipe)
F13 [F13] craft torches: skip (no spare sticks: sticks 0 coals 0)
F13 tool recovery: no pickaxe - spare-pick craft first
F13 spare pick: skip (no sticks and no planks for sticks)
F13 tool recovery: spare craft failed (no sticks and no planks for sticks) - re-running the bootstrap
F10 [F10] craft torches: skip (no coal: sticks 3 coals 0)
F10 [F10] craft torches: skip (no coal: sticks 3 coals 0)
F10 tunnel: steering coal_ore @ 3b (axis z--1, cross 1.458232696434436, floor lock)
F4 [F4] water: pass 6 head=wet shore=none land=n/a y=51.7 o2=6 probes=0 at=[-126,52,409]
t-381s alive=19/19 mined=745 map=659p/14ch banked=0 smelted=0 pocket=944u/210s | sand=8 gravel=27 dirt=89 stone=0
   deficits: 157926/8 (0.0%) 149380/27 (0.0%) 31860/0 (0.0%) 27420/0 (0.0%) 10725/11 (0.1%)
   F1=67[cobblestone:35 dirt:7 oak_log:5] | F2=73[raw_copper:35 cobblestone:28 andesite:11] | F3=0[empty] | F4=63[raw_copper:39 gravel:22 cobblestone:21] | F5=42[cobblestone:24 diorite:6 stick:5] | F6=43[diorite:16 cobblestone:11 dirt:5] | F7=25[dirt:10 sand:7 diorite:6] | F8=52[cobblestone:37 dirt:5 oak_log:4] | F9=67[cobblestone:37 raw_copper:36 dirt:4] | F10=40[cobblestone:13 dirt:8 stick:3] | F11=13[oak_planks:12 oak_sapling:2 leaf_litter:2] | F12=63[cobblestone:23 granite:9 raw_copper:9] | F13=0[empty] | F14=46[cobblestone:20 dirt:7 leaf_litter:4] | F15=9[oak_planks:10 stick:7 oak_log:4] | F16=44[cobblestone:31 coal:10 oak_planks:5] | F17=18[dirt:11 leaf_litter:7 oak_planks:2] | F18=39[cobblestone:11 diorite:6 oak_planks:5] | F19=41[cobblestone:15 diorite:10 coal:9]
   mem: heap=113M/146M old=-1M ext=120M ab=118M rss=372M cols=1949 ents=2709 evicted=811 path=5a/0q (max 6) stale=0
F9 [F9] vein sweep: +39u walked from the drops (21 dug)
F9 [F9] vein sweep: 1 below-plane walk(s) still failed on the wide goal (range 2) - the drop rests deeper than the lip
F9 [F9] vein sweep: 3 deep drop(s) skipped (dy < -2 - the lip sphere cannot reach, the walk was a guaranteed spiral)
F9 vein sweep: 21 ores dug beside the gallery (floor lock)
F8 climb out (trip): OK +2 levels (2 steps, 5 dug, 9s)
F2 [F2] climb bridge: unavailable (no solid floor underfoot)
F2 [F2] climb diag: level at y=43 blocked toward 1,0 (dug=1)
[hb] n=11 ts=221s rss=369M late=57ms mainLate=516ms
F4 [F4] water: pass 9 head=wet shore=none land=n/a y=53.2 o2=2 probes=0 at=[-126,53,409]
F12 [F12] vein sweep: +16u walked from the drops (20 dug)
F12 [F12] vein sweep: 4 below-plane walk(s) still failed on the wide goal (range 2) - the drop rests deeper than the lip
F12 vein sweep: 20 ores dug beside the gallery (floor lock)
F4 [F4] water: frozen physics (4 flat passes at y=53.2, o2=1, head WET - the wet-critical fast window) - standing down, the reconnect lane owns this
F4 [F4] water: rescue standing down (frozen physics - the walk gate reopens, the reconnect lane owns a dead client) in 9.2s
F4 [F4] water: frozen client relog (#1 consecutive) (frozen while head-wet (1 verdict) - the drowning clock owns this client) - ending the session, the reconnect lane rebuilds the physics; the drowning sentry holds non-critical pages 10s (the frozen-return gate)
F4 [F4] water: hazard memorized at [-126,53,408] (2 live, fleet-wide)
F8 map trip skipped: sand,gravel unreachable
F9 [F9] climb bridge: placed cobblestone at [-113,44,416] (pit) - the step re-judges
F19 tunnel: 12 blocks (branch mine at the floor, steered, ore detour)
F18 tunnel: 12 blocks (branch mine at the floor, steered, ore detour)
F12 [F12] climb bridge: placed cobblestone at [-160,43,407] (support) - the step re-judges
F9 [F9] climb bridge: placed cobblestone at [-113,45,416] (support) - the step re-judges
F7 tool upgrade due: cobble available -> stone_pickaxe
F10 tunnel: 2 blocks (branch mine at the floor, steered, floor lock)
F1 [F1] vein sweep: the drop walk to [-99,48,373] failed - sweep drops: timeout after 4000ms (dy 1.6, range 2)
F7 [toolupgrade] [upgrade] upgraded: stone_pickaxe,wooden_pickaxe,wooden_shovel,wooden_pickaxe
F7 tool upgrade: OK -> stone_pickaxe (stone_pickaxe,wooden_pickaxe,wooden_shovel,wooden_pickaxe)
F7 [F7] craft torches: stick-dry with logs held - one plank conversion first
F1 [F1] vein sweep: +8u walked from the drops (12 dug)
F1 [F1] vein sweep: 1 below-plane walk(s) still failed on the wide goal (range 2) - the drop rests deeper than the lip
F1 [F1] vein sweep: 1 deep drop(s) skipped (dy < -2 - the lip sphere cannot reach, the walk was a guaranteed spiral)
F1 vein sweep: 12 ores dug beside the gallery (floor lock)
F1 bank trip: planned budget 176s
F12 [F12] climb bridge: placed cobblestone at [-161,43,407] (pit) - the step re-judges
F12 [F12] climb bridge: placed cobblestone at [-161,44,407] (support) - the step re-judges
F11 [F11] craft torches: stick-dry but 10 planks held - one stick batch first
F7 [F7] craft torches: stick-dry but 9 planks held - one stick batch first
F15 [F15] craft torches: skip (no coal: sticks 3 coals 0)
F15 dir=(-0.08,-1.00) logs=4 tools=wooden_pickaxe
F15 sword due: planks available
F4 [F4] climb diag: level at y=46 blocked toward 0,1 (dug=5) dig failed at [-126,48,408] stone (held=stone_pickaxe, airborne, post=water STILL THERE (server never broke it))
F11 [F11] craft torches: skip (no coal: sticks 4 coals 0)
F11 dir=(-0.99,-0.16) logs=1 tools=wooden_pickaxe
F11 spare pick due: spare (planks available)
F7 [F7] craft torches: skip (no coal: sticks 6 coals 0)
F7 sword due: planks available
F1 [F1] climb bridge: placed cobblestone at [-102,45,371] (pit) - the step re-judges
F15 sword: OK (wooden_sword, holds 1)
F15 sword: OK (wooden_sword)
F15 [F15] craft torches: stick-dry with logs held - one plank conversion first
t-366s alive=19/19 mined=827 map=681p/15ch banked=0 smelted=0 pocket=1045u/222s | sand=8 gravel=27 dirt=90 stone=0
   deficits: 157926/8 (0.0%) 149380/27 (0.0%) 31860/0 (0.0%) 27420/0 (0.0%) 10725/15 (0.1%)
   F1=69[cobblestone:34 coal:9 dirt:7] | F2=78[raw_copper:35 cobblestone:28 andesite:15] | F3=0[empty] | F4=63[raw_copper:39 gravel:22 cobblestone:21] | F5=42[cobblestone:28 granite:7 diorite:6] | F6=51[diorite:18 cobblestone:17 dirt:5] | F7=31[dirt:10 sand:7 diorite:6] | F8=52[cobblestone:44 dirt:5 oak_log:4] | F9=74[cobblestone:42 raw_copper:36 dirt:4] | F10=46[cobblestone:15 dirt:8 stick:3] | F11=13[leaf_litter:5 oak_planks:4 dirt:3] | F12=68[raw_copper:26 cobblestone:24 granite:9] | F13=0[empty] | F14=56[cobblestone:21 granite:11 dirt:7] | F15=9[oak_log:3 stick:2 wooden_pickaxe:1] | F16=55[cobblestone:42 coal:10 oak_planks:5] | F17=18[dirt:11 leaf_litter:7 oak_planks:2] | F18=50[cobblestone:15 raw_copper:8 diorite:6] | F19=52[cobblestone:16 diorite:10 coal:10]
   mem: heap=113M/147M old=-1M ext=120M ab=117M rss=374M cols=1938 ents=2677 evicted=852 path=3a/0q (max 6) stale=0
F7 sword: OK (wooden_sword, holds 1)
F7 sword: OK (wooden_sword)
F7 [F7] craft torches: skip (no coal: sticks 5 coals 0)
F7 tunnel: steering coal_ore @ 3.4b (axis z+, cross 0.5291890624470739, floor lock)
F4 [F4] climb wet escape: oxygen 0 at the floor - the escape yields, the rescue lane owns the air
F4 climb out (trip): failed - low-o2
F4 map trip skipped: cannot leave the shaft
F11 spare pick: OK (wooden_pickaxe, holds 2)
F11 sword due: planks available
F1 [F1] climb bridge: placed cobblestone at [-102,46,371] (support) - the step re-judges
F2 [F2] climb rise assist: assist did not complete (goto: climb rise assist: timeout after 4500ms)
F15 [F15] craft torches: stick-dry but 8 planks held - one stick batch first
F15 [F15] craft torches: skip (no coal: sticks 6 coals 0)
F2 [F2] climb diag: level at y=44 did not rise (food=20, dug=7) feet=air support=andesite step=air head=air
F18 [F18] vein sweep: 8 drop(s) in reach (11 dug)
F11 sword: OK (wooden_sword, holds 1)
F11 sword: OK (wooden_sword)
F11 [F11] craft torches: stick-dry with logs held - one plank conversion first
F11 [F11] craft torches: stick-dry but 7 planks held - one stick batch first
[hb] n=12 ts=241s rss=372M late=60ms mainLate=899ms
F11 [F11] craft torches: skip (no coal: sticks 5 coals 0)
F1 [F1] climb bridge: placed cobblestone at [-101,46,371] (pit) - the step re-judges
F19 [F19] vein sweep: 8 drop(s) in reach (15 dug)
F19 [F19] vein sweep: the drop walk to [-96,40,376] failed - doomed goal (ledgered 81s ago at [-97,40,376]) - sweep drops refused (dy -1.0, range 2)
F1 [F1] climb bridge: placed cobblestone at [-101,47,371] (support) - the step re-judges
F19 [F19] vein sweep: the drop walk to [-97,40,376] failed - doomed goal (ledgered 83s ago at [-98,40,375]) - sweep drops refused (dy 0.0, range 1)
F7 tunnel: 4 blocks (branch mine at the floor, steered, floor lock)
F8 [F8] craft torches: skip (no coal: sticks 3 coals 0)
F15 [F15] torch: the placement did not land (dry) x1 - the streak names itself once, a landing re-arms it
F18 [F18] vein sweep: the drop walk to [-149,46,414] failed - doomed goal (ledgered 9s ago at [-150,46,414]) - sweep drops refused (dy 3.0, range 2)
F18 [F18] vein sweep: the drop walk to [-151,45,414] failed - doomed goal (ledgered 10s ago at [-151,45,414]) - sweep drops refused (dy 2.0, range 2)
F18 [F18] vein sweep: +32u walked from the drops (11 dug)
F18 [F18] vein sweep: 2 below-plane walk(s) still failed on the wide goal (range 2) - the drop rests deeper than the lip
F18 vein sweep: 11 ores dug beside the gallery (ore detour)
F18 [F18] craft torches: skip (no coal: sticks 3 coals 0)
F18 tunnel: steering coal_ore @ 2.6b (axis z+, cross 0.6240964049127626, floor lock)
F19 [F19] vein sweep: +14u walked from the drops (15 dug)
F19 [F19] vein sweep: 1 below-plane walk(s) still failed on the wide goal (range 2) - the drop rests deeper than the lip
F19 vein sweep: 15 ores dug beside the gallery (ore detour)
F11 [F11] torch: the placement did not land (dry) x1 - the streak names itself once, a landing re-arms it
F8 tunnel: steering coal_ore @ 5.8b (axis z+, cross 2.3000000000000114, ore detour)
F19 [F19] climb bridge: the server refused the support fill at [-98,40,376] - the rotate ladder owns it (held=cobblestone, 1.0b, ref=stone, post=? (re-read failed))
F19 [F19] climb diag: level at y=40 blocked toward 1,0 (dug=0)
t-350s alive=19/19 mined=950 map=691p/15ch banked=0 smelted=0 pocket=1202u/231s | sand=8 gravel=27 dirt=94 stone=0
   deficits: 157926/8 (0.0%) 149380/27 (0.0%) 31860/0 (0.0%) 27420/0 (0.0%) 10725/28 (0.3%)
   F1=77[cobblestone:39 coal:9 dirt:7] | F2=87[raw_copper:35 cobblestone:29 andesite:23] | F3=0[empty] | F4=63[raw_copper:39 gravel:22 cobblestone:21] | F5=42[cobblestone:32 granite:9 coal:6] | F6=60[cobblestone:18 diorite:18 granite:8] | F7=39[dirt:10 cobblestone:7 sand:7] | F8=56[cobblestone:48 dirt:5 oak_log:4] | F9=86[cobblestone:52 raw_copper:36 dirt:4] | F10=59[cobblestone:15 dirt:8 stick:3] | F11=21[dirt:7 stick:5 leaf_litter:5] | F12=75[cobblestone:29 raw_copper:26 granite:12] | F13=0[empty] | F14=67[cobblestone:32 granite:11 dirt:7] | F15=20[stick:6 oak_planks:6 oak_log:2] | F16=67[cobblestone:49 coal:10 oak_planks:5] | F17=18[dirt:11 leaf_litter:7 oak_planks:2] | F18=54[raw_copper:40 cobblestone:15 diorite:6] | F19=59[coal:24 cobblestone:15 diorite:10]
   mem: heap=100M/147M old=-1M ext=120M ab=117M rss=370M cols=1936 ents=2522 evicted=872 path=3a/0q (max 6) stale=0
F18 tunnel: 0 blocks (branch mine at the floor, steered, floor lock)
F11 tool upgrade due: cobble available -> stone_pickaxe
F14 climb out (trip): OK +10 levels (10 steps, 29 dug, 43s)
F8 tunnel: 2 blocks (branch mine at the floor, steered, ore detour)
F10 [F10] vein sweep: 8 drop(s) in reach (24 dug)
F2 [F2] water: drowning rescue start (drowning, oxygen 13)
F2 [F2] water: pass 0 head=wet shore=none land=n/a y=46.0 o2=13 probes=0 at=[-130,46,411]
F8 [F8] vein sweep: 8 drop(s) in reach (2 dug)
F14 map trip skipped: sand,gravel unreachable
[hb] n=13 ts=261s rss=372M late=66ms mainLate=865ms
F10 [F10] vein sweep: the drop walk to [-150,45,419] failed - doomed goal (ledgered 9s ago at [-150,45,419]) - sweep drops refused (dy 1.0, range 2)
F8 [F8] vein sweep: the drop walk to [-151,45,415] failed - doomed goal (ledgered 23s ago at [-151,45,414]) - sweep drops refused (dy 2.0, range 2)
F2 [F2] water: pass 3 head=wet shore=none land=n/a y=48.1 o2=9 probes=0 at=[-130,48,411]
F17 wood trip: plank rung: fell short 2->6 same-type planks (need 8, from oak_log)
F8 [F8] vein sweep: the drop walk to [-151,45,414] failed - doomed goal (ledgered 23s ago at [-151,45,414]) - sweep drops refused (dy 2.0, range 2)
F2 [F2] water: pass 5 head=wet shore=none land=n/a y=50.3 o2=6 probes=0 at=[-130,50,411]
F10 [F10] vein sweep: the drop walk to [-151,45,419] failed - doomed goal (ledgered 12s ago at [-151,45,419]) - sweep drops refused (dy 1.0, range 2)
F11 [toolupgrade] [upgrade] upgraded: stone_pickaxe,wooden_pickaxe,wooden_shovel,wooden_pickaxe
F11 tool upgrade: OK -> stone_pickaxe (stone_pickaxe,wooden_pickaxe,wooden_shovel,wooden_pickaxe)
F11 [F11] craft torches: skip (no coal: sticks 3 coals 0)
F16 [F16] climb wet escape: 2 blocks walked (low-o2, walked 1/4)
F16 [F16] climb wet escape: oxygen 6 at the floor - the escape yields, the rescue lane owns the air
F16 climb out (trip): failed - low-o2 (traversed 2)
F16 map trip skipped: cannot leave the shaft
F2 [F2] water: pass 7 head=wet shore=none land=n/a y=52.2 o2=4 probes=0 at=[-129,52,412]
F16 [F16] water: drowning rescue start (drowning, oxygen 5)
F16 [F16] water: pass 0 head=wet shore=none land=n/a y=56.0 o2=5 probes=0 at=[-101,56,361]
F16 [F16] craft torches: 1 batch(es) -> 4 torches (sticks 3 coals 10)
F8 [F8] vein sweep: the drop walks picked nothing (pocket delta 0, 8 failed walk(s))
F8 [F8] vein sweep: 8 below-plane walk(s) still failed on the wide goal (range 2) - the drop rests deeper than the lip
F8 vein sweep: 2 ores dug beside the gallery (ore detour)
F18 [F18] vein sweep: 6 drop(s) in reach (9 dug)
F7 [F7] vein sweep: 6 drop(s) in reach (15 dug)
F14 [F14] craft torches: skip (no coal: sticks 3 coals 0)
t-334s alive=19/19 mined=1047 map=680p/15ch banked=0 smelted=0 pocket=1283u/233s | sand=10 gravel=27 dirt=99 stone=0
   deficits: 157926/10 (0.0%) 149380/27 (0.0%) 31860/0 (0.0%) 27420/0 (0.0%) 10725/35 (0.3%)
   F1=86[cobblestone:47 coal:9 dirt:7] | F2=88[raw_copper:35 cobblestone:31 andesite:23] | F3=0[empty] | F4=63[raw_copper:39 gravel:22 cobblestone:21] | F5=42[cobblestone:32 granite:9 coal:6] | F6=66[cobblestone:18 diorite:18 granite:14] | F7=50[raw_copper:10 dirt:10 cobblestone:7] | F8=60[cobblestone:51 dirt:5 raw_iron:5] | F9=95[cobblestone:60 raw_copper:36 dirt:4] | F10=65[cobblestone:16 dirt:10 raw_copper:6] | F11=26[cobblestone:7 dirt:7 leaf_litter:5] | F12=84[raw_copper:29 cobblestone:29 granite:20] | F13=0[empty] | F14=70[cobblestone:38 granite:11 dirt:7] | F15=31[stick:6 oak_planks:6 oak_log:2] | F16=72[cobblestone:49 coal:9 andesite:7] | F17=18[dirt:11 leaf_litter:7 oak_planks:6] | F18=63[raw_copper:40 cobblestone:15 diorite:6] | F19=68[coal:24 cobblestone:22 diorite:11]
   mem: heap=105M/147M old=-1M ext=119M ab=116M rss=374M cols=1924 ents=2708 evicted=890 path=6a/2q (max 6) stale=0
F10 [F10] vein sweep: +11u walked from the drops (24 dug)
F10 [F10] vein sweep: 3 below-plane walk(s) still failed on the wide goal (range 2) - the drop rests deeper than the lip
F10 [F10] vein sweep: 1 deep drop(s) skipped (dy < -2 - the lip sphere cannot reach, the walk was a guaranteed spiral)
F10 vein sweep: 24 ores dug beside the gallery (floor lock)
F8 [F8] craft torches: skip (no coal: sticks 3 coals 0)
F8 tunnel: steering coal_ore @ 6.2b (axis z+, cross 1.3000000000000114, ore detour)
F16 [F16] water: pass 3 head=wet shore=none land=n/a y=57.7 o2=1 probes=0 at=[-101,58,361]
F2 [F2] water: pass 10 head=wet shore=none land=n/a y=52.2 o2=0 probes=0 at=[-129,52,412]
F2 [F2] water: frozen physics (4 flat passes at y=52.2, o2=0, head WET - the wet-critical fast window) - standing down, the reconnect lane owns this
F2 [F2] water: rescue standing down (frozen physics - the walk gate reopens, the reconnect lane owns a dead client) in 9.2s
F2 [F2] water: frozen client relog (#1 consecutive) (frozen while head-wet (1 verdict) - the drowning clock owns this client) - ending the session, the reconnect lane rebuilds the physics; the drowning sentry holds non-critical pages 10s (the frozen-return gate)
F2 [F2] water: hazard memorized at [-130,52,411] (3 live, fleet-wide)
F3 recovery brake: 2 consecutive failures - next attempt in 90s
F3 tool recovery: failed (no planks recipe)
F3 [F3] craft torches: skip (no spare sticks: sticks 0 coals 0)
F15 spare pick due: spare (planks available)
F15 spare pick: no table reachable or placeable
F15 [F15] craft torches: skip (no coal: sticks 6 coals 0)
F15 [F15] craft torches: skip (no coal: sticks 6 coals 0)
F15 tunnel: steering coal_ore @ 5.5b (axis x+, cross 0.3052599178676587, floor lock)
F11 [F11] craft torches: skip (no coal: sticks 3 coals 0)
F11 [F11] craft torches: skip (no coal: sticks 3 coals 0)
F11 tunnel: steering coal_ore @ 5.5b (axis x+, cross 0.3231897207670613, floor lock)
F16 [F16] water: pass 6 head=wet shore=none land=n/a y=60.5 o2=-1 probes=0 at=[-101,60,361]
F3 tunnel: 0 blocks (branch mine at the floor, ore detour)
F3 [F3] craft torches: skip (no spare sticks: sticks 0 coals 0)
F8 tunnel: 0 blocks (branch mine at the floor, steered, ore detour)
F8 [F8] craft torches: skip (no coal: sticks 3 coals 0)
F8 tunnel: steering coal_ore @ 6.3b (axis z+, cross 2.3000000000000114, floor lock)
F16 [F16] water: pass 9 head=wet shore=none land=n/a y=61.9 o2=13 probes=0 at=[-102,62,361]
F3 tunnel: steering iron_ore @ 12.8b (axis z+, cross 3.5, floor lock)
F16 [F16] craft torches: stick-dry but 5 planks held - one stick batch first
F16 [F16] craft torches: 4 batch(es) -> 16 torches (sticks 2 coals 9)
F16 [F16] water: pass 12 head=wet shore=none land=n/a y=61.9 o2=20 probes=0 at=[-103,62,362]
F14 [F14] craft torches: skip (no coal: sticks 3 coals 0)
F14 [F14] craft torches: skip (no coal: sticks 3 coals 0)
F14 tunnel: steering coal_ore @ 2.9b (axis x+, cross 1.5, floor lock)
F18 [F18] vein sweep: +12u walked from the drops (9 dug)
F18 vein sweep: 9 ores dug beside the gallery (floor lock)
F4 [F4] craft torches: the metal fuel reserve holds all 1 coal for the furnace (41 raw metal held)
F2 [F2] climb diag: level at y=46 blocked toward -1,0 (dug=16) dig failed at [-131,48,411] stone (held=stone_pickaxe, airborne, post=water STILL THERE (server never broke it))
F8 tunnel: 0 blocks (branch mine at the floor, steered, floor lock)
F3 tunnel: 0 blocks (branch mine at the floor, steered, floor lock)
F16 [F16] water: pass 16 head=dry shore=hit r=3 land=none y=62.1 o2=20 probes=0 at=[-104,62,363]
F7 [F7] vein sweep: +13u walked from the drops (15 dug)
F7 vein sweep: 15 ores dug beside the gallery (floor lock)
[hb] n=14 ts=281s rss=375M late=69ms mainLate=1259ms
F16 tunnel: steering coal_ore @ 13b (axis z+, cross 1.2313405023506618, floor lock)
F16 tunnel: 0 blocks (branch mine at the floor, steered, floor lock)
F16 bank trip: planned budget 170s
F16 climb out (bank): failed - rescue owns the bot
F16 climb out (bank): no retry (no retry for 'rescue owns the bot')
F16 climb out (trip): failed - rescue owns the bot
F16 map trip skipped: cannot leave the shaft
F8 [F8] craft torches: skip (no coal: sticks 3 coals 0)
F8 tunnel: steering coal_ore @ 6.4b (axis z--1, cross 0.30000000000001137, ore detour)
F16 [F16] craft torches: stick-dry with logs held - one plank conversion first
t-319s alive=19/19 mined=1135 map=786p/16ch banked=0 smelted=0 pocket=1410u/238s | sand=14 gravel=27 dirt=113 stone=0
   deficits: 157926/14 (0.0%) 149380/27 (0.0%) 31860/0 (0.0%) 27420/0 (0.0%) 10725/46 (0.4%)
   F1=96[cobblestone:58 coal:9 dirt:7] | F2=88[raw_copper:35 cobblestone:31 andesite:23] | F3=0[empty] | F4=63[raw_copper:39 gravel:22 cobblestone:21] | F5=42[cobblestone:32 granite:9 coal:6] | F6=75[granite:20 cobblestone:19 diorite:18] | F7=51[cobblestone:16 raw_copper:14 dirt:10] | F8=60[cobblestone:51 dirt:5 raw_iron:5] | F9=106[cobblestone:62 raw_copper:36 dirt:13] | F10=75[cobblestone:18 dirt:13 coal:9] | F11=34[andesite:16 cobblestone:7 dirt:7] | F12=94[cobblestone:37 raw_copper:29 granite:21] | F13=0[empty] | F14=81[cobblestone:48 granite:11 dirt:7] | F15=39[stick:6 oak_planks:6 oak_log:2] | F16=72[cobblestone:49 torch:20 andesite:7] | F17=18[dirt:11 leaf_litter:7 oak_planks:6] | F18=65[raw_copper:40 cobblestone:17 coal:11] | F19=76[cobblestone:28 coal:24 diorite:13]
   mem: heap=113M/149M old=-1M ext=119M ab=117M rss=375M cols=1934 ents=2544 evicted=907 path=3a/0q (max 6) stale=0
F16 [F16] water: pass 19 head=dry shore=hit r=1 land=none y=62.1 o2=20 probes=0 at=[-106,62,366]
F16 [F16] craft torches: stick-dry but 7 planks held - one stick batch first
F3 tool recovery: no pickaxe - spare-pick craft first
F3 spare pick: skip (no sticks and no planks for sticks)
F3 tool recovery: spare craft failed (no sticks and no planks for sticks) - re-running the bootstrap
F4 retry #1 in 8.0s (Timeout waiting for 4 ticks after 5200ms)
F18 [F18] climb bridge: placed cobblestone at [-140,45,410] (support) - the step re-judges
F7 [F7] climb bridge: placed cobblestone at [-142,45,410] (support) - the step re-judges
F16 [F16] craft torches: 1 batch(es) -> 4 torches (sticks 2 coals 5)
F16 [F16] water: pass 21 head=dry shore=hit r=1 land=none y=64.0 o2=20 probes=0 at=[-107,64,367]
F16 [F16] craft torches: skip (the pocket torch cap: held 24 of 24 - sticks 5 coals 4)
F16 tunnel: steering coal_ore @ 9.3b (axis z+, cross 0.25170713838700465, floor lock)
F16 tunnel: 0 blocks (branch mine at the floor, steered, floor lock)
F15 tunnel: 12 blocks (branch mine at the floor, steered, floor lock)
F11 tunnel: 12 blocks (branch mine at the floor, steered, floor lock)
F16 [F16] craft torches: skip (the pocket torch cap: held 24 of 24 - sticks 5 coals 4)
F16 [F16] craft torches: skip (the pocket torch cap: held 24 of 24 - sticks 5 coals 4)
F16 tunnel: steering coal_ore @ 9.5b (axis z+, cross 0.24860283121574867, floor lock)
F16 tunnel: 0 blocks (branch mine at the floor, steered, floor lock)
F16 tunnel: 0 blocks x3 - sealed or flooded, cooling down 15s
F16 [F16] water: pass 23 head=dry shore=hit r=1 land=none y=64.2 o2=20 probes=0 at=[-108,64,369]
F8 tunnel: 2 blocks (branch mine at the floor, steered, ore detour)
F8 bank trip: planned budget 176s
F12 [F12] climb wet escape: 2 blocks walked (stalled, walked 1/4)
F12 [F12] climb diag: level at y=53 blocked toward 0,-1 (dug=35, wet) at [0,2,0] water (stop)
F12 [F12] climb wet escape: oxygen 6 at the floor - the escape yields, the rescue lane owns the air
F12 climb out (trip): failed - low-o2 (traversed 2)
F12 map trip skipped: cannot leave the shaft
F12 [F12] water: drowning rescue start (drowning, oxygen 5)
F12 [F12] water: pass 0 head=wet shore=none land=n/a y=54.0 o2=5 probes=0 at=[-168,54,407]
F12 [F12] craft torches: skip (no coal: sticks 3 coals 0)
F12 bank trip: planned budget 178s
F12 climb out (bank): failed - rescue owns the bot
F12 climb out (bank): no retry (no retry for 'rescue owns the bot')
F12 [F12] craft torches: skip (no coal: sticks 3 coals 0)
F12 tunnel: steering coal_ore @ 13.4b (axis x+, cross 0.6999999999999886, floor lock)
F12 tunnel: 0 blocks (branch mine at the floor, steered, floor lock)
F12 [F12] craft torches: skip (no coal: sticks 3 coals 0)
F12 [F12] craft torches: skip (no coal: sticks 3 coals 0)
F12 tunnel: steering coal_ore @ 14.1b (axis x+, cross 0.30000000000001137, floor lock)
F12 tunnel: 0 blocks (branch mine at the floor, steered, floor lock)
F16 [F16] water: rescue complete in 25.2s
F16 [F16] water: hazard memorized at [-106,62,365] (3 live, fleet-wide)
F12 [F12] craft torches: skip (no coal: sticks 3 coals 0)
F12 [F12] water: pass 4 head=wet shore=none land=n/a y=55.4 o2=3 probes=0 at=[-168,55,407]
F6 climb out (wood trip): failed - timeout
F6 wood trip: 0 (climb refused)
F12 [F12] water: transit toward known land (oak_log) at [-153,406] d=15
F5 wood trip: gathered (sticks 5 planks 1 logs 0)
F13 recovery brake: 2 consecutive failures - next attempt in 90s
F13 tool recovery: failed (no planks recipe)
F13 [F13] craft torches: skip (no spare sticks: sticks 0 coals 0)
F12 [F12] water: transit toward known land (oak_log) at [-153,406] d=15
F12 [F12] water: pass 7 head=dry shore=none land=oak_log d=15 y=57.2 o2=12 probes=0 at=[-168,57,408]
F4 [F4] craft torches: the metal fuel reserve holds all 1 coal for the furnace (41 raw metal held)
F12 [F12] water: transit toward known land (oak_log) at [-153,406] d=15
F12 [F12] water: transit toward known land (oak_log) at [-153,406] d=15
F12 [F12] water: transit toward known land (oak_log) at [-153,406] d=15
F4 [F4] water: drowning rescue start (drowning, oxygen 0)
F4 [F4] water: pass 0 head=wet shore=none land=n/a y=52.9 o2=0 probes=0 at=[-126,53,409]
F12 [F12] water: transit toward known land (oak_log) at [-153,406] d=15
F12 [F12] water: transit toward known land (oak_log) at [-153,406] d=15
F12 [F12] water: transit toward known land (oak_log) at [-153,406] d=15
F14 tunnel: 13 blocks (branch mine at the floor, steered, floor lock)
F12 [F12] water: transit toward known land (oak_log) at [-153,406] d=15
F13 tunnel: 0 blocks (branch mine at the floor, ore detour)
F13 [F13] craft torches: skip (no spare sticks: sticks 0 coals 0)
F12 [F12] water: transit toward known land (oak_log) at [-153,406] d=15
F12 [F12] water: frozen physics (10 flat passes at y=57.2, o2=19) - standing down, the reconnect lane owns this
F12 [F12] water: rescue standing down (frozen physics - the walk gate reopens, the reconnect lane owns a dead client) in 5.9s
F12 [F12] water: hazard memorized at [-169,57,407] (4 live, fleet-wide)
F13 tunnel: steering coal_ore @ 9.7b (axis z--1, cross 0.29999999999999716, floor lock)
F13 tunnel: 0 blocks (branch mine at the floor, steered, floor lock)
F4 [F4] water: frozen physics (4 flat passes at y=53.2, o2=0, head WET - the wet-critical fast window) - standing down, the reconnect lane owns this
F4 [F4] water: rescue standing down (frozen physics - the walk gate reopens, the reconnect lane owns a dead client) in 1.0s
F4 [F4] water: frozen client relog (#2 consecutive) (frozen while head-wet (1 verdict) - the drowning clock owns this client) - ending the session, the reconnect lane rebuilds the physics; the drowning sentry holds non-critical pages 20s (the frozen-return gate)
F4 [F4] water: hazard memorized at [-126,53,408] (5 live, fleet-wide)
F13 [F13] craft torches: skip (no spare sticks: sticks 0 coals 0)
F12 [F12] water: drowning rescue start (drowning, oxygen 20)
F12 [F12] water: pass 0 head=wet shore=none land=n/a y=56.7 o2=20 probes=0 at=[-168,57,408]
F12 [F12] water: transit toward known land (oak_log) at [-153,406] d=15
F12 [F12] water: transit toward known land (oak_log) at [-153,406] d=15
F12 [F12] craft torches: skip (no coal: sticks 3 coals 0)
F12 [F12] water: transit toward known land (oak_log) at [-153,406] d=15
F13 tunnel: steering coal_ore @ 10.3b (axis z--1, cross 0.29999999999999716, ore detour)
F13 tunnel: 0 blocks (branch mine at the floor, steered, ore detour)
F13 tunnel: 0 blocks x3 - sealed or flooded, cooling down 15s
F12 [F12] water: transit toward known land (oak_log) at [-153,406] d=15
F12 [F12] water: transit toward known land (oak_log) at [-153,406] d=15
t-304s alive=19/19 mined=1259 map=848p/17ch banked=0 smelted=0 pocket=1524u/243s | sand=16 gravel=29 dirt=135 stone=0
   deficits: 157926/16 (0.0%) 149380/29 (0.0%) 31860/0 (0.0%) 27420/0 (0.0%) 10725/50 (0.5%)
   F1=106[cobblestone:65 coal:9 dirt:7] | F2=88[raw_copper:35 cobblestone:31 andesite:23] | F3=4[empty] | F4=63[raw_copper:39 gravel:22 cobblestone:21] | F5=43[cobblestone:34 granite:9 coal:6] | F6=88[granite:20 dirt:19 cobblestone:19] | F7=63[cobblestone:26 raw_copper:14 dirt:10] | F8=70[cobblestone:62 raw_iron:6 dirt:5] | F9=118[cobblestone:62 raw_copper:36 dirt:23] | F10=88[cobblestone:32 dirt:13 coal:9] | F11=47[andesite:20 cobblestone:7 dirt:7] | F12=98[cobblestone:39 raw_copper:29 granite:21] | F13=0[empty] | F14=92[cobblestone:48 granite:14 diorite:10] | F15=52[stick:6 oak_planks:6 oak_log:2] | F16=72[cobblestone:49 torch:24 andesite:7] | F17=18[dirt:11 leaf_litter:7 oak_planks:6] | F18=71[raw_copper:40 cobblestone:22 coal:12] | F19=78[cobblestone:30 coal:24 diorite:13]
   mem: heap=119M/148M old=-1M ext=127M ab=124M rss=375M cols=1952 ents=2698 evicted=908 path=3a/0q (max 6) stale=0
F12 [F12] water: transit toward known land (oak_log) at [-153,406] d=15
F12 [F12] water: transit toward known land (oak_log) at [-153,406] d=15
F12 [F12] water: transit toward known land (oak_log) at [-153,406] d=15
F12 [F12] water: transit toward known land (oak_log) at [-153,406] d=15
F12 [F12] water: transit toward known land (oak_log) at [-153,406] d=15
F12 [F12] water: rescue standing down (frozen physics - the walk gate reopens, the reconnect lane owns a dead client) in 1.4s
F12 [F12] water: hazard memorized at [-169,57,407] (6 live, fleet-wide)
F18 [F18] water: drowning rescue start (drowning, oxygen 12)
F18 [F18] water: pass 0 head=wet shore=none land=n/a y=47.0 o2=12 probes=0 at=[-138,47,410]
F6 climb out (trip): OK +3 levels (3 steps, 7 dug, 6s)
F12 [F12] digShaft: water hazard 1.0b away (live 6) - refusing this column, the caller rotates
F12 tunnel: steering coal_ore @ 14.1b (axis x+, cross 0.30000000000001137, floor lock)
F12 tunnel: 0 blocks (branch mine at the floor, steered, floor lock)
F12 tunnel: 0 blocks x3 - sealed or flooded, cooling down 15s
F12 [F12] water: drowning rescue start (drowning, oxygen 19)
F12 [F12] water: pass 0 head=wet shore=none land=n/a y=53.1 o2=19 probes=0 at=[-168,53,408]
F18 [F18] water: deep-pocket ascend - dug the ceiling stone at [-139,50,410] (jump stalled 4+ passes, o2 15)
F18 [F18] water: pass 11 head=wet shore=none land=n/a y=48.4 o2=20 probes=0 at=[-139,48,410]
F18 [F18] water: frozen physics (10 flat passes at y=48.4, o2=20, head WET) - standing down, the reconnect lane owns this
F18 [F18] water: rescue standing down (frozen physics - the walk gate reopens, the reconnect lane owns a dead client) in 2.2s
F18 [F18] water: frozen client relog (#1 consecutive) (frozen while head-wet (1 verdict) - the drowning clock owns this client) - ending the session, the reconnect lane rebuilds the physics; the drowning sentry holds non-critical pages 10s (the frozen-return gate)
F18 [F18] water: hazard memorized at [-139,48,410] (7 live, fleet-wide)
F12 [F12] water: transit toward known land (oak_log) at [-153,406] d=15
F1 [F1] climb wet escape: 2 blocks walked (low-o2, walked 1/4)
F1 [F1] climb wet escape: oxygen 6 at the floor - the escape yields, the rescue lane owns the air
F1 climb out (bank): failed - low-o2 (traversed 2)
F1 climb out (bank): no retry (no retry for 'low-o2')
F1 [F1] climb wet escape: oxygen 6 at the floor - the escape yields, the rescue lane owns the air
F1 climb out (trip): failed - low-o2
F1 map trip skipped: cannot leave the shaft
F9 [F9] climb rise assist: assist did not complete (goto: climb rise assist: timeout after 4500ms)
F12 [F12] water: transit toward known land (oak_log) at [-153,406] d=15
F1 [F1] water: drowning rescue start (drowning, oxygen 8)
F1 [F1] water: pass 0 head=wet shore=none land=n/a y=59.4 o2=8 probes=0 at=[-91,59,371]
F1 [F1] craft torches: 1 batch(es) -> 4 torches (sticks 3 coals 9)
F12 [F12] water: transit toward known land (oak_log) at [-153,406] d=15
F12 [F12] water: transit toward known land (oak_log) at [-153,406] d=15
F9 [F9] climb diag: level at y=63 did not rise (food=20, dug=52) feet=air support=grass_block step=leaf_litter head=air
F4 retry #1 in 6.7s (Timeout waiting for 4 ticks after 5200ms)
F12 [F12] water: transit toward known land (oak_log) at [-153,406] d=15
F12 [F12] water: transit toward known land (oak_log) at [-153,406] d=15
F12 [F12] water: transit toward known land (oak_log) at [-153,406] d=15
[hb] n=15 ts=301s rss=375M late=74ms mainLate=1047ms
F12 [F12] water: transit toward known land (oak_log) at [-153,406] d=15
F12 [F12] water: transit toward known land (oak_log) at [-153,406] d=15
F12 [F12] water: pass 14 head=dry shore=none land=oak_log d=15 y=57.2 o2=20 probes=0 at=[-168,57,408]
F1 [F1] craft torches: stick-dry with logs held - one plank conversion first
F12 [F12] water: transit toward known land (oak_log) at [-153,406] d=15
F12 [F12] water: rescue standing down (frozen physics - the walk gate reopens, the reconnect lane owns a dead client) in 2.9s
F12 [F12] water: frozen client relog (#1 consecutive) (3 consecutive frozen verdicts) - ending the session, the reconnect lane rebuilds the physics; the drowning sentry holds non-critical pages 10s (the frozen-return gate)
F12 [F12] water: hazard memorized at [-169,57,407] (8 live, fleet-wide)
F1 [F1] water: pass 8 head=dry shore=hit r=1 land=none y=62.6 o2=16 probes=0 at=[-92,63,374]
F5 [F5] climb wet escape: 4 blocks walked (budget, walked 1/4)
F1 [F1] craft torches: stick-dry but 9 planks held - one stick batch first
F1 [F1] craft torches: 4 batch(es) -> 16 torches (sticks 2 coals 8)
F1 [F1] water: rescue complete in 3.1s
F1 [F1] water: hazard memorized at [-93,62,373] (9 live, fleet-wide)
F1 [F1] digShaft: water hazard 3.6b away (live 9) - refusing this column, the caller rotates
F1 tunnel: steering coal_ore @ 10.5b (axis x--1, cross 2.36806685608758, floor lock)
F16 [F16] craft torches: skip (the pocket torch cap: held 24 of 24 - sticks 5 coals 4)
F1 tunnel: 0 blocks (branch mine at the floor, steered, floor lock)
F8 [F8] climb bridge: placed cobblestone at [-155,49,422] (pit) - the step re-judges
F8 [F8] climb bridge: placed cobblestone at [-155,50,422] (support) - the step re-judges
F9 [F9] climb: walkable surface at y=64 (+19 levels, dug=56) - the walk takes over (blocked step)
F9 climb out (trip): OK +19 levels (19 steps, 56 dug, undefineds)
F1 [F1] craft torches: stick-dry but 7 planks held - one stick batch first
F1 [F1] craft torches: 1 batch(es) -> 4 torches (sticks 2 coals 4)
F16 [F16] digShaft: water hazard 3.8b away (live 9) - refusing this column, the caller rotates
F16 [F16] craft torches: skip (the pocket torch cap: held 24 of 24 - sticks 5 coals 4)
F16 [F16] digShaft: water hazard 3.8b away (live 9) - refusing this column, the caller rotates
F16 tunnel: steering coal_ore @ 16.6b (axis z+, cross 1.5221154149781597, floor lock)
F1 [F1] digShaft: water hazard 1.5b away (live 9) - refusing this column, the caller rotates
F1 [F1] craft torches: skip (the pocket torch cap: held 24 of 24 - sticks 5 coals 3)
F1 [F1] digShaft: water hazard 1.5b away (live 9) - refusing this column, the caller rotates
F1 tunnel: steering copper_ore @ 9.5b (axis x--1, cross 0.49958035779980037, floor lock)
F1 tunnel: 0 blocks (branch mine at the floor, steered, floor lock)
F1 [F1] craft torches: skip (the pocket torch cap: held 24 of 24 - sticks 5 coals 3)
F4 [F4] craft torches: the metal fuel reserve holds all 1 coal for the furnace (41 raw metal held)
F4 [F4] water: drowning rescue start (drowning, oxygen 0)
F4 [F4] water: pass 0 head=wet shore=none land=n/a y=52.9 o2=0 probes=0 at=[-126,53,409]
F18 [F18] climb diag: level at y=47 blocked toward 1,0 (dug=8) dig failed at [-138,48,410] stone (held=stone_pickaxe, airborne, post=water STILL THERE (server never broke it))
F19 [F19] climb wet escape: 4 blocks walked (refused, walked 1/4)
F19 [F19] climb diag: level at y=43 blocked toward -1,0 (dug=19, wet) at [0,1,1] water (stop)
F4 [F4] water: frozen physics (4 flat passes at y=53.2, o2=0, head WET - the wet-critical fast window) - standing down, the reconnect lane owns this
F4 [F4] water: rescue standing down (frozen physics - the walk gate reopens, the reconnect lane owns a dead client) in 0.9s
F4 [F4] water: frozen client relog (#3 consecutive) (frozen while head-wet (1 verdict) - the drowning clock owns this client) - ending the session, the reconnect lane rebuilds the physics; the drowning sentry holds non-critical pages 40s (the frozen-return gate)
F4 [F4] water: hazard memorized at [-126,53,408] (10 live, fleet-wide)
F15 [F15] vein sweep: 8 drop(s) in reach (24 dug)
F11 [F11] vein sweep: 8 drop(s) in reach (24 dug)
F13 tool recovery: no pickaxe - spare-pick craft first
F13 spare pick: skip (no sticks and no planks for sticks)
F13 tool recovery: spare craft failed (no sticks and no planks for sticks) - re-running the bootstrap
t-289s alive=19/19 mined=1412 map=890p/18ch banked=0 smelted=0 pocket=1695u/257s | sand=29 gravel=29 dirt=144 stone=0
   deficits: 157926/29 (0.0%) 149380/29 (0.0%) 31860/0 (0.0%) 27420/0 (0.0%) 10725/51 (0.5%)
   F1=115[cobblestone:73 torch:24 dirt:8] | F2=88[raw_copper:35 cobblestone:31 andesite:23] | F3=4[oak_sapling:2 chest:1] | F4=63[raw_copper:39 gravel:22 cobblestone:21] | F5=51[cobblestone:40 granite:12 coal:6] | F6=100[granite:20 dirt:19 cobblestone:18] | F7=85[cobblestone:43 raw_copper:14 dirt:10] | F8=92[cobblestone:83 raw_iron:6 dirt:5] | F9=126[cobblestone:62 raw_copper:36 dirt:26] | F10=111[cobblestone:43 dirt:15 coal:9] | F11=62[andesite:21 cobblestone:7 dirt:7] | F12=98[cobblestone:39 raw_copper:29 granite:21] | F13=0[empty] | F14=108[cobblestone:48 granite:14 diorite:10] | F15=67[stick:6 oak_planks:6 coal:3] | F16=73[cobblestone:49 torch:24 andesite:7] | F17=18[leaf_litter:15 dirt:14 oak_planks:6] | F18=71[raw_copper:40 cobblestone:22 coal:12] | F19=80[cobblestone:32 coal:24 diorite:13]
   mem: heap=112M/153M old=-1M ext=134M ab=131M rss=382M cols=1965 ents=2707 evicted=967 path=5a/0q (max 6) stale=0
F16 [F16] water: drowning rescue start (drowning, oxygen 13)
F16 [F16] water: pass 0 head=wet shore=none land=n/a y=59.0 o2=13 probes=0 at=[-108,59,361]
F15 [F15] vein sweep: the drop walk to [-101,43,393] failed - goal brake: 6 goals in 5s - sweep drops refused for 4s (dy 1.0, range 2)
F11 [F11] vein sweep: the drop walk to [-101,43,393] failed - goal brake: 6 goals in 5s - sweep drops refused for 4s (dy 1.0, range 2)
F15 [F15] vein sweep: the drop walk to [-100,43,393] failed - goal brake: 6 goals in 5s - sweep drops refused for 4s (dy 0.6, range 2)
F15 [F15] vein sweep: +3u walked from the drops (24 dug)
F15 [F15] vein sweep: 2 below-plane walk(s) still failed on the wide goal (range 2) - the drop rests deeper than the lip
F15 vein sweep: 24 ores dug beside the gallery (floor lock)
F11 [F11] vein sweep: the drop walk to [-100,43,393] failed - goal brake: 6 goals in 5s - sweep drops refused for 4s (dy 0.6, range 2)
F11 [F11] vein sweep: +17u walked from the drops (24 dug)
F11 [F11] vein sweep: 2 below-plane walk(s) still failed on the wide goal (range 2) - the drop rests deeper than the lip
F11 vein sweep: 24 ores dug beside the gallery (floor lock)
F15 map trip skipped: sand,gravel unreachable
F11 map trip skipped: sand,gravel unreachable
F15 [F15] craft torches: 3 batch(es) -> 12 torches (sticks 6 coals 3)
F11 [F11] craft torches: 1 batch(es) -> 4 torches (sticks 3 coals 17)
F11 [F11] craft torches: stick-dry but 5 planks held - one stick batch first
F15 [F15] [tools] closing stale craft window (minecraft:inventory) - grid recovery
F2 climb out (bank): failed - timeout
F2 climb out (bank): retry (escalated retry after timeout, fenced to 71s of the 71s the chain has left)
F11 [F11] craft torches: 4 batch(es) -> 16 torches (sticks 2 coals 16)
F16 [F16] water: pass 7 head=dry shore=hit r=2 land=none y=62.3 o2=20 probes=0 at=[-108,62,365]
F4 retry #1 in 6.6s (Timeout waiting for 1 ticks after 5050ms)
F11 tunnel: steering coal_ore @ 2.9b (axis z--1, cross 1.4831552055350272, floor lock)
F16 [F16] water: pass 12 head=dry shore=hit r=1 land=none y=63.4 o2=20 probes=0 at=[-107,63,367]
F14 [F14] vein sweep: 8 drop(s) in reach (23 dug)
F15 [F15] craft torch: variant#3 attempt0 failed: Error: missing ingredient
F15 [F15] [tools] closing stale craft window (minecraft:inventory) - grid recovery
F15 [F15] craft torch: all 1 variant(s) failed, last: Error: missing ingredient
F15 [F15] craft torches: skip (no coal: sticks 3 coals 0)
F15 tunnel: steering coal_ore @ 2.9b (axis z--1, cross 1.4830172933305619, floor lock)
F18 [F18] climb diag: level at y=48 blocked toward 0,1 (dug=8, wet) at [0,1,0] water (stop)
F16 [F16] water: rescue complete in 5.6s
F16 [F16] water: hazard memorized at [-112,62,367] (11 live, fleet-wide)
F11 tunnel: 2 blocks (branch mine at the floor, steered, floor lock)
F15 tunnel: 0 blocks (branch mine at the floor, steered, floor lock)
F10 climb out (trip): OK +20 levels (19 steps, 56 dug, 51s)
F10 map trip skipped: sand,gravel unreachable
F14 [F14] vein sweep: the drop walk to [-112,43,376] failed - goal brake: 6 goals in 5s - sweep drops refused for 4s (dy 0.5, range 2)
F14 [F14] vein sweep: the drop walk to [-109,42,375] failed - goal brake: 6 goals in 5s - sweep drops refused for 4s (dy 0.0, range 1)
F14 [F14] vein sweep: +19u walked from the drops (23 dug)
F14 [F14] vein sweep: 1 below-plane walk(s) still failed on the wide goal (range 2) - the drop rests deeper than the lip
F14 vein sweep: 23 ores dug beside the gallery (floor lock)
F14 bank trip: planned budget 171s
F14 climb out (bank): the yard stands 26 levels up over 24b lateral - the climb raises its target to the yard's level
F1 tunnel: steering iron_ore @ 18.8b (axis x--1, cross 0.5, ore detour)
F19 climb out (trip): OK +4 levels (7 steps, 30 dug, 4 traversed, 71s)
F17 [F17] craft torches: skip (no coal: sticks 5 coals 0)
F17 wood trip: gathered (sticks 5 planks 4 logs 0)
[hb] n=16 ts=321s rss=378M late=77ms mainLate=706ms
F10 [F10] craft torches: 1 batch(es) -> 4 torches (sticks 3 coals 9, the metal reserve keeps 1)
F2 [F2] climb diag: level at y=52 blocked toward 1,0 (dug=0, wet) at [0,1,0] water (stop)
F16 tunnel: 1 blocks (branch mine at the floor, steered, floor lock)
F4 [F4] craft torches: the metal fuel reserve holds all 1 coal for the furnace (41 raw metal held)
F12 [F12] climb diag: level at y=57 blocked toward 1,0 (dug=0, wet) at [-1,2,0] water (stop)
t-273s alive=19/19 mined=1538 map=903p/18ch banked=0 smelted=0 pocket=1877u/262s | sand=40 gravel=29 dirt=180 stone=0
   deficits: 157926/40 (0.0%) 149380/29 (0.0%) 31860/0 (0.0%) 27420/0 (0.0%) 10725/58 (0.5%)
   F1=134[cobblestone:85 torch:22 dirt:8] | F2=88[raw_copper:35 cobblestone:31 andesite:23] | F3=4[oak_sapling:2 chest:1] | F4=63[raw_copper:39 gravel:22 cobblestone:21] | F5=51[cobblestone:40 granite:12 coal:6] | F6=110[dirt:20 granite:20 leaf_litter:18] | F7=100[cobblestone:43 dirt:26 raw_copper:14] | F8=111[cobblestone:95 dirt:11 raw_iron:6] | F9=130[cobblestone:62 raw_copper:36 dirt:28] | F10=125[cobblestone:44 dirt:26 leaf_litter:11] | F11=72[andesite:21 torch:20 coal:17] | F12=98[cobblestone:39 raw_copper:29 granite:21] | F13=4[oak_log:4] | F14=122[cobblestone:49 coal:21 diorite:17] | F15=75[torch:12 oak_planks:6 stick:3] | F16=73[cobblestone:49 torch:24 andesite:7] | F17=18[leaf_litter:15 dirt:14 oak_sapling:6] | F18=71[raw_copper:40 cobblestone:22 coal:12] | F19=89[cobblestone:42 coal:24 diorite:13]
   mem: heap=115M/154M old=-1M ext=138M ab=136M rss=382M cols=1932 ents=2537 evicted=1024 path=6a/0q (max 6) stale=0
F7 climb out (trip): OK +20 levels (19 steps, 50 dug, 48s)
F4 [F4] water: frozen-return gate holds the page (21s left) - the fresh client walks the hazard-ledgered column out
F18 [F18] climb diag: level at y=48 blocked toward 0,-1 (dug=8, wet) at [0,1,0] water (stop)
F16 [F16] craft torches: skip (the pocket torch cap: held 24 of 24 - sticks 5 coals 4)
F4 [F4] died - respawning (cause: server: drowned [kind=drown] | inferred: fall/env (0s before death at [-126,50,408]) [the inference CONTRADICTS the server verdict - the nearest harm was not the killer (the server kind stays the authority)])
F4 [F4] death drop: ~106u lost at [-126,50,408] (raw_copper 39, gravel 22, cobblestone 21, dirt 8, stick 3, +12 more)
F4 [F4] water: death spot memorized as a hazard at [-126,50,408] (12 live, fleet-wide)
F16 [F16] digShaft: water hazard 3.6b away (live 12) - refusing this column, the caller rotates
F16 [F16] craft torches: skip (the pocket torch cap: held 24 of 24 - sticks 5 coals 4)
F16 [F16] digShaft: water hazard 3.6b away (live 12) - refusing this column, the caller rotates
F16 tunnel: steering copper_ore @ 10.5b (axis z+, cross 2.379976248319693, floor lock)
F5 [F5] climb wet escape: 1 blocks walked (refused, walked 2/4)
F5 [F5] climb diag: level at y=42 blocked toward -1,0 (dug=9, wet) at [0,1,1] water (stop)
F2 [F2] climb diag: level at y=52 blocked toward 0,1 (dug=0, wet) at [0,1,0] water (stop)
F11 [F11] vein sweep: 7 drop(s) in reach (14 dug)
F15 [F15] vein sweep: 7 drop(s) in reach (14 dug)
F16 [F16] water: drowning rescue start (drowning, oxygen 13)
F16 [F16] water: pass 0 head=wet shore=none land=n/a y=60.0 o2=13 probes=0 at=[-105,60,362]
F16 tunnel: 1 blocks (branch mine at the floor, steered, floor lock)
F16 [F16] craft torches: skip (the pocket torch cap: held 24 of 24 - sticks 5 coals 4)
F1 tunnel: 12 blocks (branch mine at the floor, steered, ore detour)
F10 tunnel: 2 blocks (branch mine at the floor, ore detour)
F16 [F16] water: pass 3 head=dry shore=hit r=5 land=none y=62.3 o2=20 probes=0 at=[-105,62,362]
F4 [F4] water: air-bar glitch override - 8 consecutive critical-on-dry reads, believing the bar at [-119,68,387]
F4 [F4] water: drowning rescue start (drowning, oxygen 0)
F4 [F4] water: rescue complete in 0.0s
F4 [F4] water: frozen-return gate clears - the rescue completed with living physics
F4 [F4] water: dry-land proof (rescue saw no water in 0.0s) - the critical-on-dry streak restarts, the next glitch page waits 20s
F4 [F4] water: liar ladder ratchets - confirmed no-op glitch page #1, the next override needs 16 fresh critical-on-dry reads
F19 map trip skipped: sand,gravel unreachable
F16 [F16] craft torches: skip (the pocket torch cap: held 24 of 24 - sticks 5 coals 4)
F16 tunnel: steering copper_ore @ 9.5b (axis z+, cross 3.923463034640463, floor lock)
F16 tunnel: 0 blocks (branch mine at the floor, steered, floor lock)
F1 [F1] vein sweep: 4 drop(s) in reach (2 dug)
F16 [F16] craft torches: skip (the pocket torch cap: held 24 of 24 - sticks 5 coals 4)
F16 [F16] craft torches: skip (the pocket torch cap: held 24 of 24 - sticks 5 coals 4)
F16 tunnel: steering copper_ore @ 9.9b (axis z+, cross 3.114378275480263, floor lock)
F16 tunnel: 0 blocks (branch mine at the floor, steered, floor lock)
[hb] n=17 ts=341s rss=393M late=81ms mainLate=373ms
F11 [F11] vein sweep: the drop walk to [-97,41,393] failed - sweep drops: timeout after 4000ms (dy -1.0, range 2)
F16 [F16] water: pass 7 head=dry shore=hit r=1 land=none y=62.7 o2=20 probes=0 at=[-106,63,366]
F15 [F15] vein sweep: the drop walk to [-97,41,393] failed - sweep drops: timeout after 4000ms (dy -1.0, range 2)
F16 [F16] craft torches: skip (the pocket torch cap: held 24 of 24 - sticks 5 coals 4)
F16 [F16] craft torches: skip (the pocket torch cap: held 24 of 24 - sticks 5 coals 4)
F16 tunnel: 0 blocks (branch mine at the floor, floor lock)
F16 tunnel: 0 blocks x3 - sealed or flooded, cooling down 15s
t-258s alive=19/19 mined=1602 map=944p/20ch banked=0 smelted=0 pocket=1833u/247s | sand=49 gravel=12 dirt=184 stone=0
   deficits: 157926/49 (0.0%) 149380/12 (0.0%) 31860/0 (0.0%) 27420/0 (0.0%) 10725/61 (0.6%)
   F1=142[cobblestone:92 torch:22 dirt:8] | F2=88[raw_copper:35 cobblestone:31 andesite:23] | F3=4[oak_sapling:1 chest:1] | F4=63[empty] | F5=59[cobblestone:40 granite:20 coal:6] | F6=112[dirt:20 granite:20 leaf_litter:18] | F7=105[cobblestone:43 dirt:28 raw_copper:14] | F8=120[cobblestone:95 dirt:21 raw_iron:6] | F9=130[cobblestone:62 raw_copper:36 dirt:27] | F10=127[cobblestone:44 dirt:27 leaf_litter:11] | F11=78[andesite:21 torch:20 coal:17] | F12=98[cobblestone:39 raw_copper:29 granite:21] | F13=9[oak_log:4] | F14=134[cobblestone:59 coal:21 diorite:17] | F15=81[torch:12 oak_planks:6 stick:3] | F16=74[cobblestone:49 torch:24 andesite:7] | F17=18[leaf_litter:15 dirt:14 oak_sapling:6] | F18=71[raw_copper:40 cobblestone:22 coal:12] | F19=89[cobblestone:46 coal:24 diorite:13]
   mem: heap=126M/155M old=-1M ext=138M ab=136M rss=396M cols=1936 ents=2856 evicted=1065 path=6a/2q (max 6) stale=0
F16 [F16] water: rescue complete in 7.2s
F16 [F16] water: hazard memorized at [-107,62,365] (12 live, fleet-wide)
F18 climb out (trip): failed - stalled
F18 map trip skipped: cannot leave the shaft
F12 [F12] climb diag: level at y=57 blocked toward 0,1 (dug=0, wet) dig failed at [-169,59,407] dirt (held=wooden_shovel, airborne, post=dirt STILL THERE (server never broke it))
F6 map trip: sand
F1 [F1] vein sweep: the drop walk to [-95,43,371] failed - sweep drops: timeout after 4000ms (dy 0.0, range 1)
F2 [F2] climb diag: level at y=52 blocked toward -1,0 (dug=0, wet) at [0,1,0] water (stop)
F4 tunnel: 0 blocks (branch mine at the floor, ore detour)
F4 reloot: no walk (unarmed) - the empty pocket bootstraps first, the read re-arms (a delay, not a verdict)
F4 [F4] craft torches: skip (no spare sticks: sticks 0 coals 0)
F5 climb out (trip): OK +3 levels (4 steps, 21 dug, 5 traversed, 55s)
F11 [F11] vein sweep: the drop walk to [-96,40,393] failed - sweep drops: timeout after 4000ms (dy -1.3, range 2)
F8 [F8] climb: walkable surface at y=65 (+22 levels, dug=61) - the walk takes over (blocked step)
F8 climb out (bank): OK +22 levels (22 steps, 61 dug, undefineds)
F8 bank: smelt hold skipped - no fuel in pocket (coal 0)
F15 [F15] vein sweep: the drop walk to [-96,40,393] failed - sweep drops: timeout after 4000ms (dy -1.3, range 2)
F9 map trip: sand
F6 tool upgrade due: worn (left=2/59) -> stone_pickaxe
F6 [toolupgrade] craft stick: no craftable recipe variant (ingredients missing?)
F10 [F10] craft torches: stick-dry with logs held - one plank conversion first
F6 [toolupgrade] plank rung: converted 1->5 same-type planks (need 2, from oak_log)
F10 [F10] craft torches: stick-dry but 5 planks held - one stick batch first
F5 map trip skipped: sand,gravel unreachable
F10 [F10] craft torches: 4 batch(es) -> 16 torches (sticks 2 coals 8, the metal reserve keeps 1)
F6 [toolupgrade] sticks: crafted (have 5)
F1 [F1] vein sweep: the drop walk to [-89,47,373] failed - sweep drops: timeout after 4000ms (dy 3.7, range 2)
F19 [F19] craft torches: 1 batch(es) -> 4 torches (sticks 3 coals 24)
F9 [F9] craft torches: skip (no coal: sticks 3 coals 0)
F19 tunnel: steering coal_ore @ 4.8b (axis z+, cross 0.5, ore detour)
F19 tunnel: 0 blocks (branch mine at the floor, steered, ore detour)
F19 bank trip: planned budget 155s
F19 bank: holding 45s of 155s for the smelt leg
F19 [F19] chest skip (vertical doom: the yard stands 28 levels up over 21b lateral - the walk ladder cannot climb)
F19 [F19] chest skip (vertical doom: the yard stands 28 levels up over 22b lateral - the walk ladder cannot climb)
F19 [F19] chest skip (vertical doom: the yard stands 28 levels up over 23b lateral - the walk ladder cannot climb)
F19 [F19] chest skip (vertical doom: the yard stands 28 levels up over 23b lateral - the walk ladder cannot climb)
F19 [F19] chest skip (vertical doom: the yard stands 28 levels up over 24b lateral - the walk ladder cannot climb)
F19 [F19] chest skip (vertical doom: the yard stands 28 levels up over 24b lateral - the walk ladder cannot climb)
F19 [F19] chest skip (vertical doom: the yard stands 28 levels up over 25b lateral - the walk ladder cannot climb)
F19 [F19] chest skip (vertical doom: the yard stands 28 levels up over 25b lateral - the walk ladder cannot climb)
F19 bank: no chest in range (47 blocks from yard) - walking back
F19 yard approach: 47b beyond the 24b envelope (attempt 1)
F1 [F1] vein sweep: +2u walked from the drops (2 dug)
F1 [F1] vein sweep: 3 below-plane walk(s) still failed on the wide goal (range 2) - the drop rests deeper than the lip
F1 vein sweep: 2 ores dug beside the gallery (ore detour)
F1 bank trip: pockets full budget 155s
F6 [toolupgrade] stone_pickaxe: crafted (worn (left=2/59))
F6 tool upgrade: OK -> stone_pickaxe (worn (left=2/59))
F6 [F6] craft torches: skip (no coal: sticks 3 coals 0)
F8 [F8] approach: 1 segment(s) walked in 6.4s, goal now d=14.9 (inside the direct envelope)
F1 [F1] climb bridge: placed cobblestone at [-88,43,374] (support) - the step re-judges
F12 [F12] climb diag: level at y=57 blocked toward 1,0 (dug=0, wet) at [-1,2,0] water (stop)
t-243s alive=19/19 mined=1636 map=944p/20ch banked=0 smelted=0 pocket=1895u/250s | sand=57 gravel=12 dirt=201 stone=0
   deficits: 157926/57 (0.0%) 149380/12 (0.0%) 31860/0 (0.0%) 27420/0 (0.0%) 10725/61 (0.6%)
   F1=143[cobblestone:94 torch:22 dirt:8] | F2=88[raw_copper:35 cobblestone:31 andesite:23] | F3=4[oak_sapling:1 chest:1] | F4=63[empty] | F5=63[cobblestone:40 granite:24 diorite:7] | F6=117[dirt:24 granite:20 leaf_litter:18] | F7=108[cobblestone:43 dirt:29 raw_copper:14] | F8=123[cobblestone:95 dirt:22 raw_iron:6] | F9=134[cobblestone:62 raw_copper:36 dirt:27] | F10=131[cobblestone:46 dirt:39 torch:20] | F11=78[andesite:21 torch:20 coal:17] | F12=98[cobblestone:39 raw_copper:29 granite:21] | F13=10[empty] | F14=143[cobblestone:62 coal:22 diorite:17] | F15=81[torch:12 oak_planks:6 stick:3] | F16=74[cobblestone:48 torch:24 andesite:7] | F17=18[leaf_litter:15 dirt:12 oak_sapling:6] | F18=71[raw_copper:40 cobblestone:22 coal:12] | F19=89[cobblestone:50 coal:23 diorite:13]
   mem: heap=129M/157M old=-1M ext=137M ab=135M rss=397M cols=1929 ents=2741 evicted=1121 path=6a/0q (max 6) stale=0
F16 [F16] climb bridge: placed cobblestone at [-107,62,365] (pit) - the step re-judges
F16 [F16] climb bridge: placed cobblestone at [-107,63,365] (support) - the step re-judges
F4 [F4] water: air-bar glitch ignored (oxygen 0 on dry land at [-99,68,390], 27 total)
F2 climb out (bank): retry failed - stalled
F11 [F11] vein sweep: +2u walked from the drops (14 dug)
F11 [F11] vein sweep: 4 below-plane walk(s) still failed on the wide goal (range 2) - the drop rests deeper than the lip
F11 [F11] vein sweep: 2 deep drop(s) skipped (dy < -2 - the lip sphere cannot reach, the walk was a guaranteed spiral)
F11 vein sweep: 14 ores dug beside the gallery (floor lock)
F11 wood trip: famine (sticks 0 planks 3 logs 0) - gathering
F16 [F16] climb diag: level at y=65 blocked toward 0,-1 (dug=0)
F4 tunnel: 0 blocks (branch mine at the floor, floor lock)
F16 [F16] climb diag: level at y=64 blocked toward 1,0 (dug=0)
F9 tunnel: steering iron_ore @ 10.3b (axis x+, cross 0.3370404027730274, ore detour)
[hb] n=18 ts=361s rss=395M late=86ms mainLate=893ms
F15 [F15] vein sweep: the drop walks picked nothing (pocket delta 0, 4 failed walk(s))
F15 [F15] vein sweep: 4 below-plane walk(s) still failed on the wide goal (range 2) - the drop rests deeper than the lip
F15 [F15] vein sweep: 2 deep drop(s) skipped (dy < -2 - the lip sphere cannot reach, the walk was a guaranteed spiral)
F15 vein sweep: 14 ores dug beside the gallery (floor lock)
F14 [F14] water: drowning rescue start (drowning, oxygen 13)
F14 [F14] water: pass 0 head=wet shore=none land=n/a y=52.0 o2=13 probes=0 at=[-114,52,363]
F1 [F1] climb rise assist: assist did not complete (goto: climb rise assist: timeout after 4500ms)
F14 [F14] water: pass 2 head=wet shore=none land=n/a y=53.3 o2=9 probes=0 at=[-114,53,363]
F5 [F5] craft torches: 3 batch(es) -> 12 torches (sticks 5 coals 6)
F4 reloot: no walk (unarmed) - the empty pocket bootstraps first, the read re-arms (a delay, not a verdict)
F4 [F4] craft torches: skip (no spare sticks: sticks 0 coals 0)
F8 [F8] raw hop failed: raw walk: no net progress for 8861ms (best d=4.0) - pathfinder retry
F14 [F14] water: pass 5 head=wet shore=none land=n/a y=55.8 o2=6 probes=0 at=[-114,56,363]
F15 spare pick due: spare (planks available)
F15 spare pick: no table reachable or placeable
F15 [F15] craft torches: 1 batch(es) -> 4 torches (sticks 3 coals 1)
F8 [F8] direct deposit: 27 chest slots derived from the 63-slot view
F8 camp furnace: 11 near machine(s) all beyond the 24b direct envelope (nearest d=26.2) - the bay reads as empty, the camp ladder decides on its own merits
F8 camp furnace: craft-furnace (95 cobble + table in reach - craft the furnace)
F4 reloot: no walk (unarmed) - the empty pocket bootstraps first, the read re-arms (a delay, not a verdict)
F4 tool recovery: no pickaxe - spare-pick craft first
F4 spare pick: skip (no sticks and no planks for sticks)
F4 tool recovery: spare craft failed (no sticks and no planks for sticks) - re-running the bootstrap
F16 [F16] climb bridge: placed cobblestone at [-108,63,368] (support) - the step re-judges
F14 [F14] water: pass 8 head=wet shore=none land=n/a y=58.5 o2=3 probes=0 at=[-114,59,363]
F15 [F15] craft torches: stick-dry but 6 planks held - one stick batch first
F5 [F5] craft torches: skip (no spare sticks: sticks 2 coals 3)
F5 tunnel: steering coal_ore @ 7.2b (axis x--1, cross 0.37235152481059686, floor lock)
F2 [F2] climb diag: level at y=52 blocked toward 0,1 (dug=0, wet) at [0,1,0] water (stop)
F15 [F15] craft torches: skip (no coal: sticks 6 coals 0)
F15 tunnel: steering coal_ore @ 3b (axis x+, cross 0.6113102463332893, floor lock)
F17 map trip: sand
F1 [F1] climb run-up: gallery opened toward 1,0 (digs 1) - the rise re-judges from the L-mouth
F1 [F1] climb diag: level at y=43 did not rise (food=20, dug=2) feet=air support=cobblestone step=air head=air
F16 [F16] climb diag: level at y=65 blocked toward 0,1 (dug=2)
F6 tunnel: steering coal_ore @ 5.1b (axis z--1, cross 2.499482397109432, ore detour)
F14 [F14] water: pass 12 head=dry shore=hit r=4 land=none y=62.7 o2=8 probes=0 at=[-113,63,364]
F13 [F13] craft torches: stick-dry with logs held - one plank conversion first
F10 bank trip: pockets full budget 138s
F13 [F13] craft torches: stick-dry but 6 planks held - one stick batch first
t-228s alive=19/19 mined=1694 map=1004p/20ch banked=0 smelted=0 pocket=1951u/256s | sand=72 gravel=12 dirt=185 stone=0
   deficits: 157926/72 (0.0%) 149380/12 (0.0%) 31860/0 (0.0%) 27420/0 (0.0%) 10725/61 (0.6%)
   F1=144[cobblestone:96 torch:22 dirt:8] | F2=88[raw_copper:35 cobblestone:31 andesite:23] | F3=4[oak_log:4 oak_sapling:2 chest:1] | F4=66[dirt:4 leaf_litter:3] | F5=65[cobblestone:42 granite:26 torch:12] | F6=135[cobblestone:33 dirt:25 granite:20] | F7=115[cobblestone:43 dirt:30 raw_copper:14] | F8=123[cobblestone:87 raw_iron:6 stick:5] | F9=141[cobblestone:62 raw_copper:36 dirt:27] | F10=147[cobblestone:56 dirt:39 torch:18] | F11=78[andesite:21 torch:20 coal:17] | F12=98[cobblestone:39 raw_copper:29 granite:21] | F13=10[oak_log:6 wooden_shovel:1 wooden_pickaxe:1] | F14=143[cobblestone:62 coal:22 diorite:17] | F15=83[torch:16 stick:6 oak_planks:4] | F16=76[cobblestone:47 torch:24 andesite:7] | F17=18[leaf_litter:15 dirt:12 oak_sapling:6] | F18=71[raw_copper:40 cobblestone:22 coal:12] | F19=89[cobblestone:50 coal:23 diorite:13]
   mem: heap=115M/159M old=-1M ext=136M ab=133M rss=395M cols=1903 ents=2720 evicted=1177 path=5a/0q (max 6) stale=0
F13 [F13] craft torches: skip (no coal: sticks 4 coals 0)
F8 camp furnace: BUILT (furnace at -141,64,406) in 5s
F17 spare pick due: spare (planks available)
F17 spare pick: no table reachable or placeable
F17 sword due: planks available
F17 sword: no table reachable or placeable
F17 sword: failed (no table)
F17 [F17] craft torches: skip (no coal: sticks 5 coals 0)
F14 [F14] water: pass 17 head=dry shore=hit r=2 land=none y=62.1 o2=20 probes=0 at=[-111,62,366]
F13 tool recovery: OK (wooden_pickaxe)
F13 spare pick due: spare (planks available)
F6 tunnel: 2 blocks (branch mine at the floor, steered, ore detour)
F4 [F4] water: air-bar glitch override - 16 consecutive critical-on-dry reads, believing the bar at [-94,64,396]
F4 [F4] water: drowning rescue start (drowning, oxygen 0)
F4 [F4] water: rescue complete in 0.0s
F4 [F4] water: dry-land proof (rescue saw no water in 0.0s) - the critical-on-dry streak restarts, the next glitch page waits 20s
F4 [F4] water: liar ladder ratchets - confirmed no-op glitch page #2, the next override needs 24 fresh critical-on-dry reads
F13 spare pick: OK (wooden_pickaxe, holds 2)
F13 [F13] craft torches: stick-dry with logs held - one plank conversion first
F5 tunnel: 6 blocks (branch mine at the floor, steered, floor lock)
F14 [F14] water: pass 22 head=dry shore=hit r=1 land=none y=64.3 o2=20 probes=0 at=[-109,64,367]
F9 tunnel: 12 blocks (branch mine at the floor, steered, ore detour)
F9 bank trip: pockets full budget 134s
F9 [F9] climb bridge: placed cobblestone at [-164,60,413] (support) - the step re-judges
F13 [F13] craft torches: stick-dry but 9 planks held - one stick batch first
F6 [F6] vein sweep: 7 drop(s) in reach (3 dug)
F9 [F9] climb diag: level at y=61 blocked toward -1,0 (dug=2)
F13 [F13] craft torches: skip (no coal: sticks 6 coals 0)
F19 yard approach: approach: the stall side-step (right) moved the start (d now 45.7)
F7 map trip: sand
F14 [F14] water: rescue complete in 15.7s
F14 [F14] water: hazard memorized at [-106,62,366] (13 live, fleet-wide)
F12 climb out (trip): failed - stalled
F12 map trip skipped: cannot leave the shaft
F7 [F7] craft torches: the metal fuel reserve holds all 2 coal for the furnace (15 raw metal held)
F17 [F17] water: drowning rescue start (drowning, oxygen 13)
F17 [F17] water: pass 0 head=wet shore=none land=n/a y=58.0 o2=13 probes=0 at=[-120,58,374]
F9 climb out (bank): OK +4 levels (3 steps, 5 dug, 3s)
F9 bank: smelt hold skipped - no fuel in pocket (coal 0)
F2 [F2] climb diag: level at y=52 blocked toward -1,0 (dug=0, wet) at [0,1,0] water (stop)
F14 [F14] climb wet escape: 12 blocks walked (budget, walked 1/4)
F14 [F14] climb bridge: unavailable (no solid floor underfoot)
F14 [F14] climb diag: level at y=64 blocked toward -1,0 (dug=31)
F14 [F14] climb bridge: unavailable (no solid floor underfoot)
F14 [F14] climb diag: level at y=64 blocked toward 0,-1 (dug=31)
F14 [F14] climb bridge: unavailable (no solid floor underfoot)
F14 [F14] climb diag: level at y=64 blocked toward 1,0 (dug=31)
[hb] n=19 ts=381s rss=399M late=92ms mainLate=982ms
F14 climb out (bank): failed - stalled (traversed 12)
F14 climb out (bank): retry (escalated retry after stalled, fenced to 90s of the 109s the chain has left)
F14 [F14] climb bridge: unavailable (no solid floor underfoot)
F14 [F14] climb diag: level at y=64 blocked toward 0,-1 (dug=0)
F14 [F14] climb bridge: unavailable (no solid floor underfoot)
F14 [F14] climb diag: level at y=64 blocked toward 1,0 (dug=0)
F14 [F14] climb bridge: unavailable (no solid floor underfoot)
F14 [F14] climb diag: level at y=64 blocked toward 0,1 (dug=0)
F14 climb out (bank): retry failed - stalled
F14 [F14] climb bridge: unavailable (no solid floor underfoot)
F14 [F14] climb diag: level at y=64 blocked toward 1,0 (dug=0)
F14 [F14] climb bridge: unavailable (no solid floor underfoot)
F14 [F14] climb diag: level at y=64 blocked toward 0,1 (dug=0)
F17 [F17] water: pass 11 head=dry shore=hit r=1 land=none y=63.1 o2=20 probes=0 at=[-117,63,378]
F14 [F14] climb bridge: unavailable (no solid floor underfoot)
F14 [F14] climb diag: level at y=64 blocked toward -1,0 (dug=0)
F5 [F5] vein sweep: 7 drop(s) in reach (6 dug)
F6 [F6] vein sweep: the drop walk to [-147,43,415] failed - sweep drops: timeout after 4000ms (dy 0.0, range 1)
F14 climb out (trip): failed - stalled [stage 1]
F14 map trip skipped: cannot leave the shaft
F17 tunnel: steering coal_ore @ 8.9b (axis x+, cross 0.29802653729217354, ore detour)
F7 [F7] craft torches: the metal fuel reserve holds all 2 coal for the furnace (15 raw metal held)
F7 [F7] craft torches: the metal fuel reserve holds all 2 coal for the furnace (15 raw metal held)
F17 [F17] water: pass 15 head=dry shore=hit r=1 land=none y=64.0 o2=20 probes=0 at=[-112,64,378]
F7 [F7] craft torches: the metal fuel reserve holds all 2 coal for the furnace (15 raw metal held)
F14 tool upgrade due: worn (left=10/131) -> stone_pickaxe
F14 [toolupgrade] craft crafting_table: no craftable recipe variant (ingredients missing?)
F7 [F7] craft torches: the metal fuel reserve holds all 2 coal for the furnace (15 raw metal held)
[F8] walk nudge: approach: 1 segment(s) walked in 9.9s, goal now d=21.4 (inside the direct envelope)
[F8] walk nudge: inside the direct envelope
F7 [F7] craft torches: the metal fuel reserve holds all 2 coal for the furnace (15 raw metal held)
F13 [F13] torch: the placement did not land (dry) x1 - the streak names itself once, a landing re-arms it
F13 tool upgrade due: cobble available -> stone_pickaxe
F14 [toolupgrade] plank rung: converted 1->4 same-type planks (need 4, from birch_log)
F7 [F7] craft torches: the metal fuel reserve holds all 2 coal for the furnace (15 raw metal held)
F17 [F17] water: pass 17 head=dry shore=hit r=1 land=none y=64.0 o2=20 probes=0 at=[-110,64,378]
F5 [F5] vein sweep: the drop walk to [-154,44,407] failed - sweep drops: timeout after 4000ms (dy 1.0, range 2)
F19 yard approach: approach: the stall side-step (left) stalled too
F19 yard approach: approach: 7 segment(s) walked in 30.3s, goal now d=44.8 (still outside - a segment stalled (no position delta))
F7 [F7] craft torches: the metal fuel reserve holds all 2 coal for the furnace (15 raw metal held)
F15 tunnel: 12 blocks (branch mine at the floor, steered, floor lock)
F6 [F6] vein sweep: the drop walk to [-147,42,416] failed - sweep drops: timeout after 4000ms (dy -0.9, range 2)
F7 [F7] craft torches: the metal fuel reserve holds all 2 coal for the furnace (15 raw metal held)
F14 [toolupgrade] spare table: crafted
F19 bank walk path event: path_stop (explicit)
F19 bank: yard walk attempt 1 failed: Timeout: Took to long to decide path to goal!
F19 bank: yard walk failed (Took to long to decide path to goal!) - smelting locally if a furnace is near
F19 camp furnace: 8 near machine(s) all beyond the 24b direct envelope (nearest d=37.2) - the bay reads as empty, the camp ladder decides on its own merits
F19 camp furnace: craft-planks (5 log(s) in pocket - craft planks (largest same-type stack 1/4))
F9 [F9] raw hop failed: raw walk stalled after 2752ms (d=25.6) - pathfinder retry
F7 [F7] craft torches: the metal fuel reserve holds all 2 coal for the furnace (15 raw metal held)
t-212s alive=19/19 mined=1785 map=1002p/20ch banked=0 smelted=0 pocket=2079u/270s | sand=81 gravel=12 dirt=201 stone=0
   deficits: 157926/81 (0.1%) 149380/12 (0.0%) 31860/0 (0.0%) 27420/0 (0.0%) 10725/62 (0.6%)
   F1=148[cobblestone:97 torch:22 dirt:8] | F2=88[raw_copper:35 cobblestone:31 andesite:23] | F3=4[oak_log:4 oak_sapling:2 chest:1] | F4=69[leaf_litter:9 dirt:7 birch_log:1] | F5=75[cobblestone:42 granite:30 torch:12] | F6=138[cobblestone:37 dirt:25 granite:20] | F7=133[cobblestone:54 dirt:35 sand:16] | F8=123[cobblestone:87 raw_iron:6 stick:5] | F9=151[cobblestone:61 raw_copper:36 dirt:34] | F10=165[cobblestone:74 dirt:39 torch:18] | F11=78[andesite:21 coal:20 torch:20] | F12=98[cobblestone:39 raw_copper:29 granite:21] | F13=18[cobblestone:7 stick:6 oak_log:4] | F14=145[cobblestone:62 coal:22 diorite:17] | F15=93[torch:16 coal:12 cobblestone:9] | F16=76[cobblestone:47 torch:24 andesite:7] | F17=23[leaf_litter:15 dirt:12 sand:8] | F18=71[raw_copper:40 cobblestone:22 coal:12] | F19=89[cobblestone:50 coal:23 diorite:13]
   mem: heap=124M/157M old=-1M ext=137M ab=134M rss=399M cols=1912 ents=2657 evicted=1230 path=5a/0q (max 6) stale=0
F17 [F17] water: pass 19 head=dry shore=hit r=1 land=none y=64.7 o2=20 probes=0 at=[-107,65,379]
F7 [F7] craft torches: the metal fuel reserve holds all 2 coal for the furnace (15 raw metal held)
F18 [F18] craft torches: 1 batch(es) -> 4 torches (sticks 3 coals 12, the metal reserve keeps 5)
F19 camp furnace: craft-table (50 cobble + 5 planks - table first)
F9 [F9] hop: chest at [-142,68,406] d=23 zero: chest unreachable (Took to long to decide path to goal!)
F9 [F9] chest skip (no path cached 0s ago at [-142,68,404])
F9 [F9] chest skip (no path cached 0s ago at [-142,68,402])
F9 [F9] chest skip (vertical doom: the yard stands 25 levels up over 9b lateral - the walk ladder cannot climb)
F9 [F9] chest skip (vertical doom: the yard stands 25 levels up over 10b lateral - the walk ladder cannot climb)
F9 [F9] chest skip (vertical doom: the yard stands 25 levels up over 10b lateral - the walk ladder cannot climb)
F9 [F9] chest skip (vertical doom: the yard stands 25 levels up over 12b lateral - the walk ladder cannot climb)
F9 [F9] chest skip (vertical doom: the yard stands 25 levels up over 15b lateral - the walk ladder cannot climb)
F9 bank: chest unreachable (Took to long to decide path to goal!) (36 blocks from yard) - walking back
F9 yard approach: 36b beyond the 24b envelope (attempt 1)
F7 [F7] craft torches: the metal fuel reserve holds all 2 coal for the furnace (15 raw metal held)
F4 [F4] water: air-bar glitch ignored (oxygen 0 on dry land at [-84,65,391], 57 total)
F7 [F7] craft torches: the metal fuel reserve holds all 2 coal for the furnace (15 raw metal held)
F5 [F5] vein sweep: the drop walk to [-153,46,408] failed - sweep drops: timeout after 4000ms (dy 3.0, range 2)
F7 [F7] craft torches: the metal fuel reserve holds all 2 coal for the furnace (15 raw metal held)
F17 [F17] water: pass 21 head=dry shore=hit r=1 land=none y=65.0 o2=20 probes=0 at=[-104,65,378]
F7 [F7] craft torches: the metal fuel reserve holds all 2 coal for the furnace (15 raw metal held)
F7 tunnel: steering coal_ore @ 3.3b (axis z+, cross 0.5233287211432014, ore detour)
F2 [F2] climb diag: level at y=52 blocked toward 0,-1 (dug=0, wet) at [0,1,0] water (stop)
F17 tunnel: 1 blocks (branch mine at the floor, steered, ore detour)
F14 [toolupgrade] stone_pickaxe: crafted (worn (left=10/131))
F14 tool upgrade: OK -> stone_pickaxe (worn (left=10/131))
F14 [F14] craft torches: stick-dry with logs held - one plank conversion first
F13 [toolupgrade] [upgrade] upgraded: stone_pickaxe,wooden_shovel,wooden_pickaxe,wooden_pickaxe
F13 tool upgrade: OK -> stone_pickaxe (stone_pickaxe,wooden_shovel,wooden_pickaxe,wooden_pickaxe)
F13 sword due: planks available
F17 [F17] craft torches: skip (no coal: sticks 5 coals 0)
F17 tunnel: steering coal_ore @ 6b (axis x--1, cross 0.45731486666096544, ore detour)
F17 tunnel: 0 blocks (branch mine at the floor, steered, ore detour)
F17 [F17] craft torches: skip (no coal: sticks 5 coals 0)
F17 tunnel: steering coal_ore @ 6b (axis x--1, cross 0.5426851333390346, floor lock)
F17 tunnel: 0 blocks (branch mine at the floor, steered, floor lock)
F17 [F17] craft torches: skip (no coal: sticks 5 coals 0)
F17 tunnel: steering coal_ore @ 6.4b (axis x--1, cross 1.4573148666609654, ore detour)
F17 tunnel: 0 blocks (branch mine at the floor, steered, ore detour)
F17 tunnel: 0 blocks x3 - sealed or flooded, cooling down 15s
F17 [F17] water: pass 23 head=dry shore=hit r=1 land=none y=65.0 o2=20 probes=0 at=[-102,65,378]
F18 [F18] craft torch: variant#3 attempt0 failed: craft torch: timeout after 7000ms
F18 [F18] [tools] closing stale craft window (minecraft:inventory) - grid recovery
F13 sword: OK (wooden_sword, holds 1)
F13 sword: OK (wooden_sword)
F13 [F13] craft torches: skip (no coal: sticks 3 coals 0)
F14 [F14] craft torches: stick-dry but 9 planks held - one stick batch first
F7 tunnel: 2 blocks (branch mine at the floor, steered, ore detour)
F14 [F14] craft torches: 3 batch(es) -> 12 torches (sticks 1 coals 22, the metal reserve keeps 1)
F17 [F17] water: rescue complete in 18.8s
F17 [F17] water: hazard memorized at [-119,62,376] (13 live, fleet-wide)
F19 camp furnace: BUILT (furnace at -99,40,375) in 11s
[F19] furnace within reach - opening without a walk
[F19] the clock clips the batch: the 79s window completes ~7 of 34 x cobblestone (the rest re-smelts on the next chain)
[F19] furnace slots after put: input=cobblestone fuel=coal
[F19] smelting 7 x cobblestone in a furnace (fuel: 5 x coal)
F14 [F14] digShaft: water hazard 8.1b away (live 13) - refusing this column, the caller rotates
F14 bank trip: pockets full budget 120s
F14 bank: holding 45s of 120s for the smelt leg
F7 [F7] vein sweep: 8 drop(s) in reach (3 dug)
[hb] n=20 ts=401s rss=397M late=97ms mainLate=1225ms
t-197s alive=19/19 mined=1836 map=1049p/20ch banked=0 smelted=0 pocket=2106u/274s | sand=81 gravel=12 dirt=202 stone=0
   deficits: 157926/81 (0.1%) 149380/12 (0.0%) 31860/0 (0.0%) 27420/0 (0.0%) 10725/64 (0.6%)
   F1=155[cobblestone:103 torch:22 dirt:8] | F2=88[raw_copper:35 cobblestone:31 andesite:23] | F3=4[oak_log:4 oak_sapling:2 chest:1] | F4=74[leaf_litter:9 dirt:7 oak_log:6] | F5=75[cobblestone:42 granite:30 torch:12] | F6=138[cobblestone:37 dirt:25 granite:20] | F7=143[cobblestone:62 dirt:35 sand:16] | F8=123[cobblestone:87 raw_iron:6 stick:5] | F9=151[cobblestone:61 raw_copper:36 dirt:34] | F10=180[cobblestone:80 dirt:40 diorite:18] | F11=78[andesite:21 coal:20 torch:20] | F12=98[cobblestone:39 raw_copper:29 granite:21] | F13=29[cobblestone:14 oak_log:4 stick:3] | F14=145[cobblestone:59 coal:19 diorite:17] | F15=96[torch:16 coal:12 cobblestone:9] | F16=76[cobblestone:47 torch:24 andesite:7] | F17=23[leaf_litter:15 dirt:12 sand:8] | F18=71[raw_copper:40 cobblestone:22 diorite:6] | F19=89[cobblestone:42 coal:23 diorite:13]
   mem: heap=130M/158M old=-1M ext=137M ab=135M rss=400M cols=1891 ents=2695 evicted=1262 path=5a/0q (max 6) stale=0
F7 [F7] vein sweep: the drop walk to [-151,45,420] failed - sweep drops: timeout after 4000ms (dy 2.0, range 2)
[F8] walk nudge: approach: 1 segment(s) walked in 10.0s, goal now d=21.8 (inside the direct envelope)
[F8] walk nudge: inside the direct envelope
F6 [F6] vein sweep: +5u walked from the drops (3 dug)
F6 [F6] vein sweep: 5 below-plane walk(s) still failed on the wide goal (range 2) - the drop rests deeper than the lip
F6 [F6] vein sweep: 1 deep drop(s) skipped (dy < -2 - the lip sphere cannot reach, the walk was a guaranteed spiral)
F6 vein sweep: 3 ores dug beside the gallery (ore detour)
F6 bank trip: pockets full budget 120s
F18 [F18] craft torch: variant#3 attempt1 failed: craft torch: timeout after 7000ms
F18 [F18] [tools] closing stale craft window (minecraft:inventory) - grid recovery
F9 yard approach: approach: the stall side-step (right) stalled too
F9 yard approach: approach: 4 segment(s) walked in 19.7s, goal now d=34.1 (still outside - a segment stalled (no position delta))
F5 [F5] vein sweep: the drop walks picked nothing (pocket delta 0, 6 failed walk(s))
F5 [F5] vein sweep: 6 below-plane walk(s) still failed on the wide goal (range 2) - the drop rests deeper than the lip
F5 vein sweep: 6 ores dug beside the gallery (floor lock)
[F19] took 1 x stone (1/7)
F7 [F7] vein sweep: the drop walk to [-151,45,419] failed - sweep drops: timeout after 4000ms (dy 2.0, range 2)
F17 [F17] craft torches: skip (no coal: sticks 5 coals 0)
F9 bank walk path event: stuck
F14 [F14] raw hop failed: raw walk: no net progress for 8209ms (best d=5.0) - pathfinder retry
F18 [F18] craft torch: all 1 variant(s) failed, last: craft torch: timeout after 7000ms
F18 [F18] craft torches: craft did not land (held 0 torch(es))
F4 [F4] water: air-bar glitch override - 24 consecutive critical-on-dry reads, believing the bar at [-81,65,392]
F4 [F4] water: drowning rescue start (drowning, oxygen 0)
F4 [F4] water: rescue complete in 0.0s
F4 [F4] water: dry-land proof (rescue saw no water in 0.0s) - the critical-on-dry streak restarts, the next glitch page waits 20s
F4 [F4] water: liar ladder ratchets - confirmed no-op glitch page #3, the next override needs 32 fresh critical-on-dry reads
F5 [F5] climb rise assist: assist did not complete (goto: climb rise assist: timeout after 4500ms)
F9 bank walk path event: block_updated
F9 bank walk path event: block_updated
F9 bank walk path event: block_updated
F5 [F5] climb run-up: gallery opened toward 0,1 (digs 1) - the rise re-judges from the L-mouth
F5 [F5] climb diag: level at y=43 did not rise (food=20, dug=1) feet=air support=air step=air head=granite
F14 [F14] hop: chest at [-121,68,380] d=13 zero: chest unreachable (Took to long to decide path to goal!)
F14 [F14] chest skip (no path cached 0s ago at [-122,68,380])
F14 [F14] chest skip (no path cached 0s ago at [-123,68,380])
F17 [F17] torch: the placement did not land (dry) x1 - the streak names itself once, a landing re-arms it
t-182s alive=19/19 mined=1897 map=1064p/20ch banked=0 smelted=0 pocket=2170u/275s | sand=84 gravel=12 dirt=210 stone=0
   deficits: 157926/84 (0.1%) 149380/12 (0.0%) 31860/0 (0.0%) 27420/0 (0.0%) 10725/69 (0.6%)
   F1=164[cobblestone:112 torch:22 dirt:8] | F2=88[raw_copper:35 cobblestone:31 andesite:23] | F3=4[oak_log:4 oak_sapling:2 chest:1] | F4=79[oak_log:10 leaf_litter:9 dirt:7] | F5=76[cobblestone:42 granite:31 torch:12] | F6=150[cobblestone:49 dirt:25 granite:20] | F7=143[cobblestone:63 dirt:34 sand:16] | F8=123[cobblestone:87 raw_iron:6 stick:5] | F9=151[cobblestone:61 raw_copper:36 dirt:33] | F10=189[cobblestone:80 dirt:47 diorite:18] | F11=78[andesite:21 coal:20 torch:20] | F12=98[cobblestone:39 raw_copper:29 granite:21] | F13=42[cobblestone:22 andesite:7 oak_log:4] | F14=145[cobblestone:59 coal:19 diorite:17] | F15=100[torch:16 coal:12 cobblestone:9] | F16=76[cobblestone:47 torch:24 andesite:7] | F17=31[leaf_litter:16 dirt:15 sand:8] | F18=71[raw_copper:40 cobblestone:22 diorite:6] | F19=89[cobblestone:42 coal:23 diorite:13]
   mem: heap=112M/158M old=-1M ext=135M ab=132M rss=400M cols=1891 ents=2683 evicted=1293 path=6a/0q (max 6) stale=0
F18 retry #1 in 6.9s (Timeout waiting for 4 ticks after 5200ms)
F4 [F4] water: air-bar glitch ignored (oxygen 0 on dry land at [-80,65,391], 88 total)
F12 [F12] craft torches: skip (no coal: sticks 3 coals 0)
[hb] n=21 ts=421s rss=398M late=102ms mainLate=729ms
[F19] took 1 x stone (2/7)
F17 tool upgrade due: cobble available -> stone_pickaxe
F9 bank walk path event: stuck
F8 [F8] water: drowning rescue start (drowning, oxygen 18)
F8 [F8] water: pass 0 head=wet shore=none land=n/a y=60.7 o2=18 probes=0 at=[-131,61,388]
F7 [F7] vein sweep: +2u walked from the drops (3 dug)
F7 [F7] vein sweep: 5 below-plane walk(s) still failed on the wide goal (range 2) - the drop rests deeper than the lip
F7 vein sweep: 3 ores dug beside the gallery (ore detour)
F7 bank trip: pockets full budget 120s
F12 retry #1 in 6.9s (Timeout waiting for 4 ticks after 5200ms)
F17 [toolupgrade] [upgrade] upgraded: stone_pickaxe,wooden_shovel,wooden_pickaxe
F17 tool upgrade: OK -> stone_pickaxe (stone_pickaxe,wooden_shovel,wooden_pickaxe)
F17 [F17] craft torches: skip (no coal: sticks 3 coals 0)
F9 bank walk path event: stuck
F8 [F8] water: pass 4 head=dry shore=hit r=5 land=none y=62.6 o2=20 probes=0 at=[-131,63,385]
F18 [F18] craft torches: 1 batch(es) -> 4 torches (sticks 3 coals 12, the metal reserve keeps 5)
F8 [F8] water: pass 7 head=wet shore=none land=n/a y=62.0 o2=20 probes=0 at=[-132,62,382]
F9 bank walk path event: stuck
[F19] took 1 x stone (3/7)
F5 [F5] climb bridge: placed cobblestone at [-156,45,408] (pit) - the step re-judges
F5 [F5] climb bridge: placed cobblestone at [-156,46,408] (support) - the step re-judges
F8 [F8] water: pass 11 head=dry shore=hit r=6 land=none y=62.1 o2=20 probes=0 at=[-132,62,382]
F9 bank walk path event: stuck
F9 bank walk path event: block_updated
[F8] walk nudge: approach: 1 segment(s) walked in 15.8s, goal now d=6.2 (inside the direct envelope)
[F8] walk nudge: inside the direct envelope
F18 [F18] water: drowning rescue start (drowning, oxygen 14)
F18 [F18] water: pass 0 head=wet shore=none land=n/a y=46.8 o2=14 probes=0 at=[-139,47,410]
t-166s alive=18/19 mined=1948 map=1061p/20ch banked=0 smelted=0 pocket=2131u/270s | sand=78 gravel=12 dirt=206 stone=0
   deficits: 157926/78 (0.0%) 149380/12 (0.0%) 31860/0 (0.0%) 27420/0 (0.0%) 10725/76 (0.7%)
   F1=172[cobblestone:120 torch:22 dirt:8] | F2=88[raw_copper:35 cobblestone:31 andesite:23] | F3=4[oak_planks:6 oak_sapling:5 stick:4] | F4=79[oak_log:9 leaf_litter:9 oak_planks:8] | F5=82[cobblestone:42 granite:32 torch:12] | F6=162[cobblestone:60 dirt:25 granite:20] | F7=143[cobblestone:63 dirt:34 sand:16] | F8=123[cobblestone:87 raw_iron:6 stick:5] | F9=151[cobblestone:61 raw_copper:36 dirt:33] | F10=189[cobblestone:80 dirt:47 diorite:18] | F11=78[andesite:21 coal:20 torch:20] | F12=98[empty] | F13=52[cobblestone:22 andesite:14 oak_log:4] | F14=145[cobblestone:59 coal:19 diorite:17] | F15=103[torch:16 coal:12 cobblestone:9] | F16=76[cobblestone:47 torch:24 andesite:7] | F17=43[leaf_litter:16 dirt:15 sand:8] | F18=71[raw_copper:40 cobblestone:22 coal:11] | F19=89[cobblestone:42 coal:23 diorite:13]
   mem: heap=114M/159M old=-1M ext=142M ab=139M rss=400M cols=1900 ents=2696 evicted=1262 path=3a/0q (max 6) stale=0
F17 wood trip: famine (sticks 3 planks 4 logs 0) - gathering
F14 [F14] raw hop failed: raw walk: no net progress for 8284ms (best d=4.0) - pathfinder retry
F8 [F8] water: pass 14 head=wet shore=none land=n/a y=61.1 o2=20 probes=0 at=[-131,61,384]
F7 [F7] climb rise assist: assist did not complete (goto: climb rise assist: timeout after 4500ms)
F18 [F18] water: pass 3 head=wet shore=none land=n/a y=48.2 o2=13 probes=0 at=[-139,48,410]
F9 bank walk path event: stuck
F12 [F12] craft torches: skip (no coal: sticks 3 coals 0)
F8 [F8] water: pass 16 head=dry shore=hit r=4 land=none y=62.9 o2=20 probes=0 at=[-131,63,384]
F7 [F7] climb diag: level at y=44 did not rise (food=20, dug=1) feet=air support=air step=stone head=air
F14 [F14] direct deposit: 27 chest slots derived from the 63-slot view
F14 [F14] fuel tithe: banked 13 x coal (pocket keeps 6)
F14 camp furnace: 1 near machine(s) beyond the 24b direct envelope (nearest d=17.0) - 12 inside the envelope keep the veto
F14 camp furnace: no build (machine near)
F18 [F18] water: pass 4 head=wet shore=none land=n/a y=48.2 o2=20 probes=0 at=[-139,48,410]
F10 [F10] died - respawning (cause: server: drowned [kind=drown] | inferred: fall/env (0s before death at [-196,56,429]) [the inference CONTRADICTS the server verdict - the nearest harm was not the killer (the server kind stays the authority)])
F10 [F10] death drop: ~211u lost at [-196,56,429] (cobblestone 64, dirt 47, diorite 18, torch 18, cobblestone 16, +14 more)
F10 [F10] water: death spot memorized as a hazard at [-196,56,429] (5 live, fleet-wide)
[F19] took 1 x stone (4/7)
F8 [F8] water: pass 17 head=dry shore=hit r=4 land=none y=62.4 o2=20 probes=0 at=[-130,62,384]
[hb] n=22 ts=441s rss=412M late=106ms mainLate=1101ms
F9 bank walk path event: stuck
F11 wood trip: gathered (sticks 0 planks 3 logs 0)
F4 [F4] craft torches: stick-dry but 6 planks held - one stick batch first
F18 [F18] water: pass 6 head=wet shore=none land=n/a y=48.2 o2=20 probes=0 at=[-139,48,410]
F4 [F4] craft torches: skip (no coal: sticks 4 coals 0)
F4 tool recovery: OK (wooden_pickaxe)
F4 spare pick due: spare (planks available)
F18 [F18] water: deep-pocket ascend - dug the ceiling stone at [-139,50,410] (jump stalled 4+ passes, o2 20)
F8 [F8] water: pass 20 head=dry shore=hit r=1 land=none y=62.1 o2=20 probes=0 at=[-128,62,385]
F18 [F18] water: pass 9 head=wet shore=none land=n/a y=48.4 o2=20 probes=0 at=[-139,48,410]
F11 [F11] climb bridge: placed cobblestone at [-98,39,392] (support) - the step re-judges
F9 bank walk path event: stuck
F3 [F3] craft torches: stick-dry with logs held - one plank conversion first
F18 [F18] water: frozen physics (10 flat passes at y=48.4, o2=20, head WET) - standing down, the reconnect lane owns this
F18 [F18] water: rescue standing down (frozen physics - the walk gate reopens, the reconnect lane owns a dead client) in 10.4s
F18 [F18] water: frozen client relog (#2 consecutive) (frozen while head-wet (1 verdict) - the drowning clock owns this client) - ending the session, the reconnect lane rebuilds the physics; the drowning sentry holds non-critical pages 20s (the frozen-return gate)
F18 [F18] water: hazard memorized at [-139,48,410] (6 live, fleet-wide)
F18 [F18] water: frozen-return gate holds the page (20s left) - the fresh client walks the hazard-ledgered column out
F11 [F11] climb diag: level at y=41 blocked toward -1,0 (dug=0)
F4 spare pick: OK (wooden_pickaxe, holds 2)
F4 [F4] craft torches: stick-dry with logs held - one plank conversion first
F3 [F3] craft torches: stick-dry but 6 planks held - one stick batch first
F8 [F8] water: pass 24 head=dry shore=hit r=1 land=none y=63.5 o2=20 probes=0 at=[-126,63,385]
F12 [F12] water: drowning rescue start (drowning, oxygen 15)
F12 [F12] water: pass 0 head=wet shore=none land=n/a y=52.8 o2=15 probes=0 at=[-168,53,408]
F3 [F3] craft torches: skip (no coal: sticks 4 coals 0)
F3 tool recovery: OK (wooden_pickaxe)
F3 spare pick due: spare (planks available)
F16 climb out (trip): failed - timeout
F16 map trip skipped: cannot leave the shaft
F9 bank walk path event: stuck
F4 [F4] craft torches: stick-dry but 9 planks held - one stick batch first
F8 [F8] water: pass 25 head=dry shore=hit r=1 land=none y=64.3 o2=20 probes=0 at=[-126,64,385]
F4 [F4] craft torches: skip (no coal: sticks 6 coals 0)
F12 [F12] water: pass 4 head=wet shore=none land=n/a y=55.6 o2=11 probes=0 at=[-168,56,408]
F1 climb out (bank): failed - timeout
F1 climb out (bank): retry (escalated retry after timeout, fenced to 61s of the 61s the chain has left)
t-151s alive=19/19 mined=2009 map=1056p/20ch banked=0 smelted=0 pocket=2039u/266s | sand=75 gravel=12 dirt=155 stone=0
   deficits: 157926/75 (0.0%) 149380/12 (0.0%) 31860/0 (0.0%) 27420/0 (0.0%) 10725/79 (0.7%)
   F1=179[cobblestone:127 torch:22 dirt:8] | F2=88[raw_copper:35 cobblestone:31 andesite:23] | F3=4[oak_sapling:5 oak_planks:4 stick:4] | F4=79[leaf_litter:9 oak_log:7 dirt:7] | F5=92[cobblestone:50 granite:34 torch:12] | F6=171[cobblestone:67 dirt:25 granite:20] | F7=151[cobblestone:71 dirt:34 sand:16] | F8=123[cobblestone:87 raw_iron:6 stick:5] | F9=151[cobblestone:61 raw_copper:36 dirt:33] | F10=189[empty] | F11=80[cobblestone:22 coal:21 andesite:21] | F12=98[cobblestone:40 raw_copper:29 granite:21] | F13=62[cobblestone:26 andesite:20 oak_log:4] | F14=145[cobblestone:59 torch:12 birch_planks:6] | F15=108[torch:16 coal:12 cobblestone:9] | F16=76[cobblestone:47 torch:24 andesite:7] | F17=53[diorite:17 leaf_litter:16 dirt:15] | F18=71[raw_copper:40 cobblestone:23 coal:11] | F19=89[cobblestone:42 coal:23 diorite:13]
   mem: heap=119M/162M old=-1M ext=153M ab=150M rss=411M cols=1978 ents=2946 evicted=1272 path=2a/0q (max 6) stale=0
F3 spare pick: OK (wooden_pickaxe, holds 2)
F3 [F3] craft torches: skip (no spare sticks: sticks 2 coals 0)
[F19] took 1 x stone (5/7)
F12 [F12] water: transit toward known land (oak_log) at [-153,406] d=15
F4 [F4] water: air-bar glitch ignored (oxygen 0 on dry land at [-80,63,391], 116 total)
F14 [F14] water: drowning rescue start (drowning, oxygen 16)
F14 [F14] water: pass 0 head=wet shore=none land=n/a y=60.3 o2=16 probes=0 at=[-129,60,383]
F8 [F8] water: rescue complete in 26.9s
F8 [F8] water: hazard memorized at [-128,62,385] (6 live, fleet-wide)
F9 bank walk path event: stuck
[F8] walk refused by a water rescue - rescue cleared, walking again
F18 [F18] digShaft: water hazard 0.6b away (live 6) - refusing this column, the caller rotates
F12 [F12] water: transit toward known land (oak_log) at [-153,406] d=15
F12 [F12] water: pass 7 head=dry shore=none land=oak_log d=15 y=57.2 o2=20 probes=0 at=[-168,57,408]
F12 [F12] water: transit toward known land (oak_log) at [-153,406] d=15
F11 climb out (trip): OK +3 levels (3 steps, 5 dug, 11s)
F14 [F14] water: pass 4 head=dry shore=hit r=3 land=none y=62.5 o2=20 probes=0 at=[-129,63,382]
F12 [F12] water: transit toward known land (oak_log) at [-153,406] d=15
F2 climb out (trip): failed - timeout [stage 1]
F2 map trip skipped: cannot leave the shaft
F11 map trip skipped: sand,gravel unreachable
F9 bank walk path event: stuck
F12 [F12] water: transit toward known land (oak_log) at [-153,406] d=15
F12 [F12] water: pass 10 head=dry shore=none land=oak_log d=15 y=57.2 o2=20 probes=0 at=[-168,57,408]
F12 [F12] water: transit toward known land (oak_log) at [-153,406] d=15
F14 [F14] water: pass 7 head=dry shore=hit r=3 land=none y=62.6 o2=20 probes=0 at=[-129,63,383]
[F14] walk nudge: approach: 1 segment(s) walked in 15.6s, goal now d=5.7 (inside the direct envelope)
[F14] walk nudge: inside the direct envelope
F12 [F12] water: transit toward known land (oak_log) at [-153,406] d=15
F12 [F12] water: pass 12 head=dry shore=none land=oak_log d=15 y=57.2 o2=20 probes=0 at=[-168,57,408]
F12 [F12] water: transit toward known land (oak_log) at [-153,406] d=15
F8 smelt: 0 (raw_iron@blast_furnace: machine unreachable (Took to long to decide path to goal!); raw_iron@blast_furnace: machine unreachable (Took to long to decide path to goal!); raw_iron@blast_furnace: machine unreachable (No path to the goal!); raw_iron@blast_furnace: machine unreachable (visit budget spent (walk slice)))
F12 [F12] water: transit toward known land (oak_log) at [-153,406] d=15
F4 [F4] torch: the placement did not land (dry) x1 - the streak names itself once, a landing re-arms it
F3 [F3] torch: the placement did not land (dry) x1 - the streak names itself once, a landing re-arms it
F9 bank walk path event: stuck
F8 iron commune: iron commune: path nudge approach: 1 segment(s) walked in 0.3s, goal now d=13.2 (inside the direct envelope)
F8 iron commune: iron commune: path nudge inside the direct envelope
F12 [F12] water: transit toward known land (oak_log) at [-153,406] d=15
F12 [F12] water: frozen physics (10 flat passes at y=57.2, o2=20) - standing down, the reconnect lane owns this
F12 [F12] water: rescue standing down (frozen physics - the walk gate reopens, the reconnect lane owns a dead client) in 12.1s
F12 [F12] water: hazard memorized at [-169,57,407] (7 live, fleet-wide)
F14 [F14] water: pass 9 head=wet shore=none land=n/a y=61.7 o2=19 probes=0 at=[-129,62,383]
F8 iron commune: iron commune: chest walk failed after the nudge (No path to the goal!)
F8 iron commune: chest walk failed (No path to the goal!)
[F19] took 1 x stone (6/7)
F4 reloot: walking to the own death spot [-126,50,408] (49b, budget 17s, window 171s)
F8 iron commune: chest walk failed (No path to the goal!)
F4 reloot: walk failed (No path to the goal!) - the drops stay lost
F4 tool upgrade due: cobble available -> stone_pickaxe
[hb] n=23 ts=461s rss=409M late=111ms mainLate=1422ms
F8 iron commune: chest walk failed (No path to the goal!)
F8 [F8] chest skip (doomed goal cached 2s ago at [-140,68,380])
F8 [F8] chest skip (doomed goal cached 0s ago at [-123,68,380])
F8 [F8] chest skip (doomed goal cached 0s ago at [-122,68,380])
F8 [F8] chest skip (doomed goal cached 0s ago at [-121,68,380])
F14 [F14] water: pass 12 head=dry shore=hit r=2 land=none y=62.4 o2=20 probes=0 at=[-128,62,384]
F9 bank walk path event: stuck
F11 [F11] craft torches: skip (no spare sticks: sticks 0 coals 21)
F11 [F11] craft torches: skip (no spare sticks: sticks 0 coals 21)
F11 tunnel: steering coal_ore @ 10b (axis x+, cross 3.339985556985596, floor lock)
F14 [F14] water: pass 15 head=dry shore=hit r=2 land=none y=64.0 o2=20 probes=0 at=[-126,64,386]
t-136s alive=19/19 mined=2105 map=1054p/20ch banked=0 smelted=0 pocket=2124u/274s | sand=75 gravel=12 dirt=164 stone=0
   deficits: 157926/75 (0.0%) 149380/12 (0.0%) 31860/0 (0.0%) 27420/0 (0.0%) 10725/88 (0.8%)
   F1=188[cobblestone:135 torch:22 dirt:8] | F2=88[raw_copper:35 cobblestone:31 andesite:23] | F3=17[oak_sapling:5 dirt:4 cobblestone:4] | F4=88[leaf_litter:9 dirt:9 oak_log:7] | F5=103[cobblestone:51 granite:43 torch:12] | F6=182[cobblestone:76 dirt:28 granite:20] | F7=163[cobblestone:82 dirt:34 sand:16] | F8=123[cobblestone:87 raw_iron:6 stick:5] | F9=151[cobblestone:61 raw_copper:36 dirt:33] | F10=189[empty] | F11=85[cobblestone:26 andesite:26 coal:21] | F12=98[cobblestone:40 raw_copper:29 granite:21] | F13=71[cobblestone:35 andesite:20 oak_log:4] | F14=145[cobblestone:59 torch:12 birch_planks:6] | F15=113[torch:16 coal:12 cobblestone:9] | F16=76[cobblestone:47 torch:24 andesite:7] | F17=64[diorite:20 leaf_litter:16 dirt:15] | F18=72[raw_copper:40 cobblestone:23 coal:11] | F19=89[cobblestone:42 coal:23 diorite:13]
   mem: heap=122M/163M old=-1M ext=151M ab=148M rss=414M cols=1923 ents=2911 evicted=1361 path=4a/0q (max 6) stale=0
F9 bank walk path event: stuck
F12 [F12] water: drowning rescue start (drowning, oxygen 14)
F12 [F12] water: pass 0 head=wet shore=none land=n/a y=52.0 o2=14 probes=0 at=[-168,52,408]
F4 [F4] water: air-bar glitch override - 32 consecutive critical-on-dry reads, believing the bar at [-80,56,391]
F4 [F4] water: drowning rescue start (drowning, oxygen 0)
F4 [F4] water: rescue complete in 0.0s
F4 [F4] water: dry-land proof (rescue saw no water in 0.0s) - the critical-on-dry streak restarts, the next glitch page waits 20s
F4 [F4] water: liar ladder ratchets - confirmed no-op glitch page #4, the next override needs 40 fresh critical-on-dry reads
F14 [F14] water: pass 17 head=dry shore=hit r=1 land=none y=62.2 o2=20 probes=0 at=[-125,62,387]
F8 [F8] water: drowning rescue start (drowning, oxygen 13)
F8 [F8] water: pass 0 head=wet shore=none land=n/a y=59.5 o2=13 probes=0 at=[-131,59,392]
F12 [F12] water: pass 5 head=wet shore=none land=n/a y=55.8 o2=11 probes=0 at=[-168,56,408]
F9 bank walk path event: stuck
[F19] took 1 x stone (7/7)
F4 [toolupgrade] [upgrade] upgraded: stone_pickaxe,wooden_shovel,wooden_pickaxe,wooden_pickaxe
F4 tool upgrade: OK -> stone_pickaxe (stone_pickaxe,wooden_shovel,wooden_pickaxe,wooden_pickaxe)
F4 sword due: planks available
F14 [F14] water: pass 20 head=dry shore=hit r=2 land=none y=64.2 o2=20 probes=0 at=[-127,64,385]
F12 [F12] water: transit toward known land (oak_log) at [-153,406] d=15
F12 [F12] water: transit toward known land (oak_log) at [-153,406] d=15
F12 [F12] water: pass 8 head=dry shore=none land=oak_log d=15 y=57.2 o2=20 probes=0 at=[-168,57,408]
F8 [F8] water: pass 4 head=dry shore=hit r=2 land=none y=62.2 o2=14 probes=0 at=[-132,62,394]
F16 [F16] craft torches: skip (the pocket torch cap: held 24 of 24 - sticks 5 coals 4)
F3 tool upgrade due: cobble available -> stone_pickaxe
F3 [toolupgrade] [upgrade] craft stick: no craftable recipe variant (ingredients missing?)
F3 [toolupgrade] [upgrade] craft crafting_table: no craftable recipe variant (ingredients missing?)
F3 tool upgrade: failed -> none (no table material)
F3 sword due: cobble available
F3 sword: no table reachable or placeable
F3 sword: failed (no table)
F3 [F3] craft torches: skip (no spare sticks: sticks 2 coals 0)
F12 [F12] water: transit toward known land (oak_log) at [-153,406] d=15
F4 sword: OK (wooden_sword, holds 1)
F4 sword: OK (wooden_sword)
F4 [F4] craft torches: skip (no coal: sticks 3 coals 0)
F12 [F12] water: transit toward known land (oak_log) at [-153,406] d=15
F14 [F14] water: pass 22 head=dry shore=hit r=2 land=none y=62.8 o2=20 probes=0 at=[-126,63,384]
F8 [F8] water: rescue complete in 3.8s
F8 [F8] water: hazard memorized at [-132,62,394] (7 live, fleet-wide)
F9 bank walk path event: stuck
F9 bank walk path event: path_stop (explicit)
F12 [F12] water: transit toward known land (oak_log) at [-153,406] d=15
F12 [F12] water: pass 11 head=dry shore=none land=oak_log d=15 y=57.2 o2=20 probes=0 at=[-168,57,408]
F9 bank: yard walk attempt 1 failed: Error: walk to yard: timeout after 64073.412276908115ms
F9 bank: yard walk retry 2/3
F9 yard approach: 32b beyond the 24b envelope (attempt 2)
F18 [F18] craft torches: stick-dry but 5 planks held - one stick batch first
F13 [F13] climb wet escape: 6 blocks walked (budget, walked 1/4)
F12 [F12] water: transit toward known land (oak_log) at [-153,406] d=15
[F19] walk nudge: approach: 1 segment(s) walked in 4.2s, goal now d=39.3 (still outside - a segment stalled (no position delta))
[F19] walk nudge: closed to d=39.3 - retrying the machine from the new start
F14 [F14] water: pass 24 head=dry shore=hit r=1 land=none y=63.5 o2=20 probes=0 at=[-126,64,385]
F12 [F12] water: transit toward known land (oak_log) at [-153,406] d=15
F12 [F12] water: frozen physics (10 flat passes at y=57.2, o2=20) - standing down, the reconnect lane owns this
F12 [F12] water: rescue standing down (frozen physics - the walk gate reopens, the reconnect lane owns a dead client) in 8.4s
F12 [F12] water: hazard memorized at [-169,57,407] (8 live, fleet-wide)
F15 [F15] vein sweep: 7 drop(s) in reach (24 dug)
F14 [F14] water: rescue complete in 25.2s
F14 [F14] water: hazard memorized at [-126,62,386] (9 live, fleet-wide)
F8 [F8] raw hop failed: raw walk timeout after 15204ms (d=5.0) - pathfinder retry
F3 [F3] craft torches: skip (no spare sticks: sticks 2 coals 0)
F3 [F3] craft torches: skip (no spare sticks: sticks 2 coals 0)
F3 tunnel: steering coal_ore @ 8.9b (axis z--1, cross 2.3114667446247523, floor lock)
F19 smelted 7 (stone:7) rescued=0
F19 iron commune: iron commune: chest the yard stands 26 levels up over 21b lateral - the walk ladder cannot climb, the fragments ride (the ask retries near the yard)
F19 fuel anchor scan returned empty (attempt 1/2) at [-100,42,375] yard d=44 - the palette empty-return class, re-querying
F19 fuel anchor scan returned empty (attempt 2/2) at [-100,42,375] yard d=44
F19 fuel anchor scan empty x2 - the singular probe rescued the scan (chest at [-121,68,380])
F19 fuel anchor: 0 delivered (the vertical gate: the yard stands 26 levels up over 21b lateral - the walk ladder cannot climb) - the legacy scatter carries the tithe
F19 [F19] chest skip (vertical doom: the yard stands 26 levels up over 21b lateral - the walk ladder cannot climb)
F19 [F19] chest skip (vertical doom: the yard stands 26 levels up over 21b lateral - the walk ladder cannot climb)
F19 [F19] chest skip (vertical doom: the yard stands 26 levels up over 22b lateral - the walk ladder cannot climb)
F19 [F19] chest skip (vertical doom: the yard stands 26 levels up over 22b lateral - the walk ladder cannot climb)
F19 [F19] chest skip (vertical doom: the yard stands 26 levels up over 23b lateral - the walk ladder cannot climb)
F19 [F19] chest skip (vertical doom: the yard stands 26 levels up over 23b lateral - the walk ladder cannot climb)
F19 [F19] chest skip (vertical doom: the yard stands 26 levels up over 24b lateral - the walk ladder cannot climb)
F19 [F19] chest skip (vertical doom: the yard stands 26 levels up over 24b lateral - the walk ladder cannot climb)
F19 bank: 0 (no chest in range)
F19 [F19] craft torches: stick-dry with logs held - one plank conversion first
[F14] walk refused by a water rescue - rescue cleared, walking again
F16 [F16] water: drowning rescue start (drowning, oxygen 14)
F16 [F16] water: pass 0 head=wet shore=none land=n/a y=58.6 o2=14 probes=0 at=[-111,59,364]
F11 tunnel: 12 blocks (branch mine at the floor, steered, floor lock)
F11 bank trip: skipped (pockets full, 122s left < 150s - the end-phase owns the deadline banking)
F8 [F8] direct deposit: 27 chest slots derived from the 63-slot view
F8 bank: +113
t-120s alive=19/19 mined=2209 map=1077p/20ch banked=113 smelted=7 pocket=2159u/272s | sand=83 gravel=12 dirt=178 stone=7
   deficits: 157926/83 (0.1%) 149380/12 (0.0%) 31860/0 (0.0%) 27420/0 (0.0%) 10725/95 (0.9%)
   F1=198[cobblestone:143 torch:22 dirt:10] | F2=88[raw_copper:35 cobblestone:31 andesite:23] | F3=29[cobblestone:13 andesite:8 oak_sapling:5] | F4=99[cobblestone:11 leaf_litter:9 dirt:9] | F5=112[cobblestone:52 granite:43 torch:12] | F6=195[cobblestone:77 dirt:39 granite:20] | F7=175[cobblestone:84 dirt:34 granite:18] | F8=123[cobblestone:23 raw_iron:6 stick:5] | F9=151[cobblestone:61 raw_copper:36 dirt:33] | F10=189[empty] | F11=95[cobblestone:34 andesite:29 coal:21] | F12=99[cobblestone:40 raw_copper:29 granite:21] | F13=82[cobblestone:44 andesite:20 oak_log:4] | F14=145[cobblestone:59 torch:12 birch_planks:6] | F15=117[torch:16 coal:13 cobblestone:9] | F16=78[cobblestone:47 torch:24 sand:7] | F17=73[cobblestone:23 diorite:20 dirt:16] | F18=72[raw_copper:40 cobblestone:23 coal:11] | F19=89[cobblestone:36 coal:22 diorite:13]
   mem: heap=128M/163M old=-1M ext=151M ab=149M rss=417M cols=1925 ents=2692 evicted=1390 path=5a/0q (max 6) stale=0
F16 [F16] water: pass 4 head=dry shore=hit r=4 land=none y=62.7 o2=11 probes=0 at=[-111,63,364]
F15 [F15] vein sweep: the drop walk to [-93,39,396] failed - sweep drops: timeout after 4000ms (dy 0.0, range 1)
F19 [F19] craft torches: stick-dry but 9 planks held - one stick batch first
[hb] n=24 ts=481s rss=415M late=116ms mainLate=940ms
F10 [F10] climb wet escape: 1 blocks walked (refused, walked 1/4)
F10 [F10] climb: walkable surface at y=68 (+25 levels, dug=42) - the walk takes over (blocked step)
F10 climb out (bank): OK +25 levels (13 steps, 42 dug, 1 traversed, undefineds)
F10 bank fallback: none (nothing to deposit)
F10 camp furnace: 2 near machine(s) beyond the 24b direct envelope (nearest d=7.5) - 6 inside the envelope keep the veto
F10 camp furnace: no build (machine near)
F10 smelt: 0 (nothing to smelt)
F4 [F4] water: air-bar glitch ignored (oxygen 0 on dry land at [-80,44,391], 142 total)
F5 [F5] water: drowning rescue start (drowning, oxygen 13)
F5 [F5] water: pass 0 head=wet shore=none land=n/a y=56.0 o2=13 probes=0 at=[-165,56,408]
F10 [F10] water: air-bar glitch ignored (oxygen 0 on dry land at [-124,68,387], 1 total)
F19 [F19] craft torches: 4 batch(es) -> 16 torches (sticks 2 coals 22)
F1 climb out (bank): retry OK +8 levels (7 steps, 20 dug, 33s)
F1 bank: holding 45s of 155s for the smelt leg
F18 [F18] craft stick: variant#2 attempt0 failed: craft stick: timeout after 7000ms
F18 [F18] [tools] closing stale craft window (minecraft:inventory) - grid recovery
F16 [F16] water: pass 6 head=dry shore=hit r=3 land=none y=62.4 o2=20 probes=0 at=[-110,62,364]
F8 [F8] craft torches: skip (no coal: sticks 5 coals 0)
F3 tunnel: 2 blocks (branch mine at the floor, steered, floor lock)
F5 [F5] water: pass 5 head=wet shore=none land=n/a y=59.8 o2=9 probes=0 at=[-165,60,408]
F4 [F4] craft torches: skip (no coal: sticks 3 coals 0)
F4 [F4] craft torches: skip (no coal: sticks 3 coals 0)
F4 tunnel: steering coal_ore @ 3b (axis z--1, cross 1.485384193054287, floor lock)
F10 iron commune: chest holds 0 ingot(s) - nothing to complete here
F15 [F15] vein sweep: +13u walked from the drops (24 dug)
F15 vein sweep: 24 ores dug beside the gallery (floor lock)
F16 [F16] water: pass 11 head=dry shore=hit r=1 land=none y=64.2 o2=20 probes=0 at=[-107,64,367]
F19 tunnel: steering coal_ore @ 6.2b (axis z+, cross 0.5, floor lock)
F15 tool upgrade due: worn (left=6/59) -> stone_pickaxe
F10 iron commune: chest holds 0 ingot(s) - nothing to complete here
F12 [F12] craft torches: skip (no coal: sticks 3 coals 0)
F19 tunnel: 0 blocks (branch mine at the floor, steered, floor lock)
F16 [F16] water: rescue complete in 6.9s
F16 [F16] water: hazard memorized at [-109,62,366] (10 live, fleet-wide)
F10 iron commune: chest holds 0 ingot(s) - nothing to complete here
F15 [toolupgrade] spare table: crafted
F19 [F19] craft torches: stick-dry but 7 planks held - one stick batch first
F5 [F5] water: pass 15 head=dry shore=hit r=3 land=none y=65.2 o2=17 probes=0 at=[-160,65,410]
F19 [F19] craft torches: 1 batch(es) -> 4 torches (sticks 2 coals 18)
F4 tunnel: 2 blocks (branch mine at the floor, steered, floor lock)
F10 [F10] water: air-bar glitch override - 8 consecutive critical-on-dry reads, believing the bar at [-130,68,383]
F10 [F10] water: drowning rescue start (drowning, oxygen 0)
F10 [F10] water: rescue complete in 0.0s
F10 [F10] water: dry-land proof (rescue saw no water in 0.0s) - the critical-on-dry streak restarts, the next glitch page waits 20s
F10 [F10] water: liar ladder ratchets - confirmed no-op glitch page #1, the next override needs 16 fresh critical-on-dry reads
F15 [toolupgrade] stone_pickaxe: crafted (worn (left=6/59))
F15 tool upgrade: OK -> stone_pickaxe (worn (left=6/59))
F15 [F15] craft torches: 2 batch(es) -> 8 torches (sticks 4 coals 24)
F19 tunnel: steering coal_ore @ 7.7b (axis x--1, cross 3.4965126917650764, ore detour)
F8 [F8] craft torches: skip (no coal: sticks 5 coals 0)
F8 [F8] craft torches: skip (no coal: sticks 5 coals 0)
F15 [F15] craft torches: stick-dry with logs held - one plank conversion first
F6 [F6] climb rise assist: assist did not complete (goto: climb rise assist: timeout after 4500ms)
F8 tunnel: steering iron_ore @ 14.8b (axis z+, cross 0.5000000673460079, floor lock)
F5 [F5] water: pass 21 head=dry shore=hit r=1 land=none y=64.8 o2=20 probes=0 at=[-158,65,411]
F3 [F3] vein sweep: 0 drop(s) in reach (1 dug)
F3 vein sweep: 1 ores dug beside the gallery (floor lock)
F14 [F14] water: drowning rescue start (drowning, oxygen 13)
F14 [F14] water: pass 0 head=wet shore=none land=n/a y=57.0 o2=13 probes=0 at=[-131,57,382]
[F14] walk nudge: approach: 1 segment(s) walked in 6.0s, goal now d=10.8 (inside the direct envelope)
[F14] walk nudge: inside the direct envelope
F3 [F3] craft torches: skip (no spare sticks: sticks 2 coals 0)
F3 [F3] craft torches: skip (no spare sticks: sticks 2 coals 0)
F3 tunnel: steering coal_ore @ 8.8b (axis z--1, cross 2.299999999999997, floor lock)
F12 [F12] torch: the placement did not land (dry) x1 - the streak names itself once, a landing re-arms it
F6 [F6] climb run-up: gallery opened toward 0,1 (digs 1) - the rise re-judges from the L-mouth
F6 [F6] climb diag: level at y=63 did not rise (food=20, dug=58) feet=air support=air step=air head=air
F10 sweep: 0 collected - machine unreachable (goal brake: 6 goals in 5s - walk to a machine (sweep) refused for 4s) x4, machine unreachable (The goal was changed before it could be completed!) x1
F10 bank: 0 (nothing to deposit)
F10 reloot: no walk (unarmed) - the empty pocket bootstraps first, the read re-arms (a delay, not a verdict)
F10 tool recovery: no pickaxe - spare-pick craft first
F10 spare pick: skip (no sticks and no planks for sticks)
F10 tool recovery: spare craft failed (no sticks and no planks for sticks) - re-running the bootstrap
F14 smelt: 0 (raw_iron@blast_furnace: machine unreachable (No path to the goal!); raw_iron@blast_furnace: machine unreachable (visit budget spent (walk slice)))
F15 [F15] craft torches: stick-dry but 8 planks held - one stick batch first
F14 iron commune: chest walk failed (water rescue in progress (iron commune walk refused))
F14 iron commune: chest walk failed (water rescue in progress (iron commune walk refused))
F15 [F15] craft torches: skip (the pocket torch cap: held 24 of 24 - sticks 6 coals 22)
F15 tunnel: steering iron_ore @ 6.7b (axis x+, cross 1.382755300810345, floor lock)
F15 tunnel: 0 blocks (branch mine at the floor, steered, floor lock)
F14 iron commune: chest walk failed (water rescue in progress (iron commune walk refused))
F6 climb out (bank): OK +21 levels (20 steps, 59 dug, 85s)
F6 bank: smelt hold skipped - no fuel in pocket (coal 2)
F16 [F16] digShaft: water hazard 0.8b away (live 10) - refusing this column, the caller rotates
F16 tunnel: steering copper_ore @ 8.8b (axis z+, cross 3.8254560469726897, ore detour)
F16 tunnel: 0 blocks (branch mine at the floor, steered, ore detour)
F5 [F5] water: pass 26 head=dry shore=hit r=1 land=none y=64.4 o2=20 probes=0 at=[-156,64,412]
F14 [F14] water: pass 6 head=wet shore=none land=n/a y=61.9 o2=20 probes=0 at=[-131,62,382]
F3 tunnel: 0 blocks (branch mine at the floor, steered, floor lock)
F3 [F3] craft torches: skip (no spare sticks: sticks 2 coals 0)
F3 [F3] craft torches: skip (no spare sticks: sticks 2 coals 0)
F3 tunnel: steering coal_ore @ 9b (axis z--1, cross 3.299999999999997, floor lock)
F5 [F5] water: pass 29 head=dry shore=hit r=1 land=none y=64.4 o2=20 probes=0 at=[-159,64,411]
F14 [F14] water: pass 11 head=dry shore=hit r=1 land=none y=62.0 o2=20 probes=0 at=[-128,62,385]
F8 tunnel: 4 blocks (branch mine at the floor, steered, floor lock)
F1 [F1] approach: 1 segment(s) walked in 11.5s, goal now d=22.8 (inside the direct envelope)
F18 [F18] craft stick: variant#2 attempt1 failed: craft stick: timeout after 7000ms
F18 [F18] [tools] closing stale craft window (minecraft:inventory) - grid recovery
F3 tunnel: 0 blocks (branch mine at the floor, steered, floor lock)
F3 [F3] craft torches: skip (no spare sticks: sticks 2 coals 0)
F3 [F3] craft torches: skip (no spare sticks: sticks 2 coals 0)
F3 tunnel: steering coal_ore @ 9.2b (axis z--1, cross 3.299999999999997, floor lock)
F6 [F6] approach: 1 segment(s) walked in 3.9s, goal now d=11.0 (inside the direct envelope)
F12 tunnel: steering iron_ore @ 3.3b (axis x+, cross 0.4941856170779033, ore detour)
F13 [F13] climb wet escape: 11 blocks walked (budget, walked 2/4)
F13 climb out (trip): failed - timeout (traversed 17)
F13 map trip skipped: cannot leave the shaft
t-105s alive=19/19 mined=2310 map=1126p/21ch banked=113 smelted=7 pocket=2303u/276s | sand=93 gravel=12 dirt=194 stone=7
   deficits: 157926/93 (0.1%) 149380/12 (0.0%) 31860/0 (0.0%) 27420/0 (0.0%) 10725/101 (0.9%)
   F1=199[cobblestone:143 torch:22 dirt:12] | F2=88[raw_copper:35 cobblestone:31 andesite:23] | F3=30[cobblestone:13 andesite:8 oak_sapling:5] | F4=111[cobblestone:15 leaf_litter:9 dirt:9] | F5=112[cobblestone:52 granite:43 torch:12] | F6=197[cobblestone:77 dirt:43 leaf_litter:24] | F7=192[cobblestone:86 dirt:36 sand:24] | F8=130[cobblestone:23 dirt:8 raw_iron:6] | F9=151[cobblestone:61 raw_copper:36 dirt:33] | F10=189[empty] | F11=95[cobblestone:34 andesite:30 coal:21] | F12=116[cobblestone:51 raw_copper:29 granite:27] | F13=98[cobblestone:55 andesite:25 oak_log:4] | F14=145[cobblestone:59 torch:12 birch_planks:6] | F15=122[coal:26 torch:24 cobblestone:7] | F16=79[cobblestone:47 torch:24 sand:8] | F17=87[cobblestone:37 diorite:20 dirt:16] | F18=72[raw_copper:40 cobblestone:23 coal:11] | F19=97[cobblestone:45 torch:24 coal:17]
   mem: heap=121M/164M old=-1M ext=149M ab=146M rss=415M cols=1918 ents=2350 evicted=1448 path=6a/0q (max 6) stale=0
F5 [F5] water: pass 33 head=dry shore=hit r=1 land=none y=64.8 o2=20 probes=0 at=[-162,65,414]
F16 [F16] craft torches: skip (the pocket torch cap: held 24 of 24 - sticks 5 coals 4)
F3 tunnel: 0 blocks (branch mine at the floor, steered, floor lock)
F3 tunnel: 0 blocks x3 - sealed or flooded, cooling down 15s
F14 [F14] water: rescue complete in 7.1s
F14 [F14] water: hazard memorized at [-128,62,385] (11 live, fleet-wide)
F13 [F13] craft torches: 1 batch(es) -> 4 torches (sticks 3 coals 3)
F2 [F2] craft torches: 3 batch(es) -> 12 torches (sticks 5 coals 10, the metal reserve keeps 5)
F17 [F17] climb wet escape: 9 blocks walked (budget, walked 1/4)
F19 tunnel: 12 blocks (branch mine at the floor, steered, ore detour)
F8 [F8] craft torches: skip (no coal: sticks 5 coals 0)
F5 [F5] water: pass 39 head=dry shore=hit r=1 land=none y=64.8 o2=20 probes=0 at=[-167,65,416]
F18 [F18] craft stick: all 1 variant(s) failed, last: craft stick: timeout after 7000ms
F18 [F18] craft torches: skip (no spare sticks: sticks 2 coals 11)
F11 [F11] craft torches: skip (no spare sticks: sticks 0 coals 21)
F11 bank trip: skipped (pockets full, 101s left < 150s - the end-phase owns the deadline banking)
F11 [F11] craft torches: skip (no spare sticks: sticks 0 coals 21)
F11 tunnel: steering iron_ore @ 11.8b (axis x+, cross 1.6632741912169422, floor lock)
F5 [F5] climb: walkable surface at y=65 (+22 levels, dug=37) - the walk takes over (blocked step)
F5 climb out (trip): OK +22 levels (13 steps, 37 dug, undefineds)
F5 map trip skipped: sand,gravel unreachable
F10 [F10] water: liar ladder resets - wet contact, the page class is new
F10 [F10] water: drowning rescue start (drowning, oxygen 0)
F10 [F10] water: pass 0 head=dry shore=hit r=3 land=none y=62.2 o2=0 probes=0 at=[-104,62,366]
F5 [F5] craft torches: skip (no spare sticks: sticks 2 coals 7)
F5 bank trip: skipped (pockets full, 101s left < 150s - the end-phase owns the deadline banking)
F5 [F5] craft torches: skip (no spare sticks: sticks 2 coals 7)
F5 tunnel: 0 blocks (branch mine at the floor, floor lock)
F5 bank trip: skipped (pockets full, 101s left < 150s - the end-phase owns the deadline banking)
F5 [F5] craft torches: skip (no spare sticks: sticks 2 coals 7)
F5 bank trip: skipped (pockets full, 101s left < 150s - the end-phase owns the deadline banking)
F5 [F5] craft torches: skip (no spare sticks: sticks 2 coals 7)
F5 tunnel: 0 blocks (branch mine at the floor, floor lock)
F5 bank trip: skipped (pockets full, 101s left < 150s - the end-phase owns the deadline banking)
F5 [F5] craft torches: skip (no spare sticks: sticks 2 coals 7)
F5 [F5] water: pass 47 head=dry shore=hit r=1 land=none y=66.2 o2=20 probes=0 at=[-167,66,421]
F19 [F19] vein sweep: 5 drop(s) in reach (3 dug)
F5 bank trip: skipped (pockets full, 101s left < 150s - the end-phase owns the deadline banking)
F5 [F5] craft torches: skip (no spare sticks: sticks 2 coals 7)
F5 tunnel: 0 blocks (branch mine at the floor, floor lock)
F5 tunnel: 0 blocks x3 - sealed or flooded, cooling down 15s
F5 [F5] water: rescue complete in 18.4s
F5 [F5] water: hazard memorized at [-165,62,408] (11 live, fleet-wide)
[hb] n=25 ts=501s rss=416M late=122ms mainLate=1011ms
F7 climb out (bank): OK +21 levels (19 steps, 51 dug, 75s)
F7 bank: holding 45s of 120s for the smelt leg
F6 [F6] raw hop failed: raw walk stalled after 2274ms (d=25.0) - pathfinder retry
F16 [F16] water: drowning rescue start (drowning, oxygen 13)
F16 [F16] water: pass 0 head=wet shore=none land=n/a y=57.0 o2=13 probes=0 at=[-105,57,361]
F10 [F10] water: pass 6 head=dry shore=hit r=1 land=none y=63.8 o2=0 probes=0 at=[-107,64,366]
F6 [F6] hop: chest at [-142,68,406] d=30 zero: chest unreachable (Took to long to decide path to goal!)
F6 [F6] chest skip (no path cached 0s ago at [-142,68,404])
F6 [F6] chest skip (no path cached 0s ago at [-142,68,402])
F6 [F6] chest skip (vertical doom: the yard stands 25 levels up over 5b lateral - the walk ladder cannot climb)
F6 [F6] chest skip (vertical doom: the yard stands 25 levels up over 6b lateral - the walk ladder cannot climb)
F6 [F6] chest skip (vertical doom: the yard stands 25 levels up over 6b lateral - the walk ladder cannot climb)
F6 [F6] chest skip (vertical doom: the yard stands 25 levels up over 8b lateral - the walk ladder cannot climb)
F6 [F6] chest skip (vertical doom: the yard stands 25 levels up over 10b lateral - the walk ladder cannot climb)
F6 bank: chest unreachable (Took to long to decide path to goal!) (42 blocks from yard) - walking back
F6 yard approach: 42b beyond the 24b envelope (attempt 1)
F2 [F2] craft torch: variant#3 attempt0 failed: craft torch: timeout after 7000ms
F2 [F2] [tools] closing stale craft window (minecraft:inventory) - grid recovery
F12 tunnel: 12 blocks (branch mine at the floor, steered, ore detour)
F16 [F16] water: pass 5 head=wet shore=none land=n/a y=61.9 o2=10 probes=0 at=[-105,62,361]
F19 [F19] vein sweep: the drop walk to [-112,43,376] failed - No path to the goal! (dy 1.0, range 2)
F19 [F19] vein sweep: the drop walks picked nothing (pocket delta 0, 1 failed walk(s))
F19 [F19] vein sweep: 1 below-plane walk(s) still failed on the wide goal (range 2) - the drop rests deeper than the lip
F19 [F19] vein sweep: 3 deep drop(s) skipped (dy < -2 - the lip sphere cannot reach, the walk was a guaranteed spiral)
F19 vein sweep: 3 ores dug beside the gallery (ore detour)
F19 bank trip: skipped (pockets full, 97s left < 150s - the end-phase owns the deadline banking)
F19 [F19] craft torches: skip (the pocket torch cap: held 24 of 24 - sticks 5 coals 17)
F19 tunnel: steering coal_ore @ 5.1b (axis z+, cross 1.5, floor lock)
F1 [F1] raw hop failed: raw walk: no net progress for 8255ms (best d=22.2) - pathfinder retry
F14 [F14] water: drowning rescue start (drowning, oxygen 16)
F14 [F14] water: pass 0 head=wet shore=none land=n/a y=61.8 o2=16 probes=0 at=[-140,62,380]
F10 [F10] water: pass 8 head=dry shore=hit r=1 land=none y=63.2 o2=0 probes=0 at=[-106,63,368]
F18 retry #1 in 6.6s (Timeout waiting for 4 ticks after 5200ms)
F16 [F16] craft torches: skip (the pocket torch cap: held 24 of 24 - sticks 5 coals 4)
F14 [F14] water: transit toward known land (oak_log) at [-124,386] d=17
F10 [F10] water: rescue complete in 6.2s
F10 [F10] water: hazard memorized at [-106,62,365] (12 live, fleet-wide)
F16 [F16] water: pass 7 head=dry shore=hit r=5 land=none y=62.7 o2=20 probes=0 at=[-105,63,361]
F7 [F7] approach: 1 segment(s) walked in 4.7s, goal now d=13.6 (inside the direct envelope)
F14 [F14] water: pass 6 head=dry shore=hit r=11 land=none y=62.2 o2=20 probes=0 at=[-140,62,381]
F16 [F16] craft torches: skip (the pocket torch cap: held 24 of 24 - sticks 5 coals 4)
F16 tunnel: steering copper_ore @ 10.4b (axis z+, cross 3.7559135350944928, floor lock)
F16 tunnel: 0 blocks (branch mine at the floor, steered, floor lock)
F16 [F16] craft torches: skip (the pocket torch cap: held 24 of 24 - sticks 5 coals 4)
F16 [F16] craft torches: skip (the pocket torch cap: held 24 of 24 - sticks 5 coals 4)
F16 tunnel: 0 blocks (branch mine at the floor, floor lock)
F16 tunnel: 0 blocks x3 - sealed or flooded, cooling down 15s
F14 [F14] water: transit toward known land (oak_log) at [-124,386] d=17
F14 [F14] water: transit toward known land (oak_log) at [-124,386] d=17
F8 tunnel: steering coal_ore @ 5.3b (axis x+, cross 0.3142127773634229, ore detour)
F12 [F12] vein sweep: 4 drop(s) in reach (4 dug)
F19 tunnel: 4 blocks (branch mine at the floor, steered, floor lock)
F19 bank trip: skipped (pockets full, 93s left < 150s - the end-phase owns the deadline banking)
F16 [F16] water: rescue complete in 6.6s
F16 [F16] water: hazard memorized at [-106,62,364] (13 live, fleet-wide)
F19 [F19] craft torches: skip (the pocket torch cap: held 24 of 24 - sticks 5 coals 17)
F19 tunnel: steering coal_ore @ 5.8b (axis z+, cross 2.3626183513446932, ore detour)
F14 [F14] water: pass 13 head=dry shore=hit r=12 land=none y=62.1 o2=20 probes=0 at=[-140,62,380]
F4 [F4] vein sweep: 8 drop(s) in reach (23 dug)
F9 yard approach: approach: 4 segment(s) walked in 35.7s, goal now d=31.3 (still outside - the approach clock is spent)
F9 bank: end-bank budget spent - yard walk cancelled
F9 end-bank budget spent - smelt skipped
F9 [F9] chest skip (no path cached 7s ago at [-142,68,406])
F9 [F9] chest skip (no path cached 7s ago at [-142,68,404])
F9 [F9] chest skip (vertical doom: the yard stands 24 levels up over 4b lateral - the walk ladder cannot climb)
F9 [F9] chest skip (vertical doom: the yard stands 24 levels up over 5b lateral - the walk ladder cannot climb)
F9 [F9] chest skip (no path cached 7s ago at [-142,68,402])
F9 [F9] chest skip (vertical doom: the yard stands 24 levels up over 7b lateral - the walk ladder cannot climb)
F9 [F9] chest skip (vertical doom: the yard stands 24 levels up over 8b lateral - the walk ladder cannot climb)
F9 [F9] chest skip (vertical doom: the yard stands 24 levels up over 8b lateral - the walk ladder cannot climb)
F9 bank: 0 (no chest in range)
t-90s alive=19/19 mined=2434 map=1151p/21ch banked=113 smelted=7 pocket=2392u/281s | sand=98 gravel=12 dirt=202 stone=7
   deficits: 157926/98 (0.1%) 149380/12 (0.0%) 31860/0 (0.0%) 27420/0 (0.0%) 10725/101 (0.9%)
   F1=199[cobblestone:143 torch:22 dirt:12] | F2=88[raw_copper:35 cobblestone:31 andesite:23] | F3=30[cobblestone:13 andesite:8 oak_sapling:5] | F4=126[cobblestone:16 leaf_litter:9 dirt:9] | F5=112[cobblestone:52 granite:43 torch:12] | F6=197[cobblestone:77 dirt:44 leaf_litter:24] | F7=194[cobblestone:86 dirt:36 sand:26] | F8=152[cobblestone:43 dirt:13 raw_iron:6] | F9=151[cobblestone:61 raw_copper:36 dirt:33] | F10=190[sand:1 dirt:1] | F11=107[cobblestone:46 andesite:30 coal:21] | F12=132[cobblestone:63 raw_copper:29 granite:27] | F13=99[cobblestone:56 andesite:25 oak_log:4] | F14=145[cobblestone:59 torch:12 birch_planks:6] | F15=138[coal:29 torch:24 cobblestone:7] | F16=83[cobblestone:47 torch:24 sand:10] | F17=110[cobblestone:57 diorite:20 dirt:16] | F18=72[raw_copper:40 cobblestone:23 coal:11] | F19=109[cobblestone:54 torch:24 coal:17]
   mem: heap=118M/165M old=-1M ext=150M ab=148M rss=414M cols=1940 ents=2633 evicted=1494 path=4a/0q (max 6) stale=0
F14 [F14] water: pass 19 head=wet shore=none land=n/a y=61.8 o2=20 probes=0 at=[-140,62,380]
F15 [F15] vein sweep: 8 drop(s) in reach (22 dug)
F14 [F14] water: transit toward known land (oak_log) at [-124,386] d=17
F14 [F14] water: transit stalled (d=17 after 17 passes - the walls own this swim; the release takes over)
F14 [F14] water: transit toward known land (oak_log) at [-124,386] d=17
F14 [F14] water: rescue released (surface-safe, open water - no land known; the walk gate reopens) in 7.5s
F14 [F14] water: hazard memorized at [-140,62,379] (14 live, fleet-wide)
F3 [F3] craft torches: skip (no spare sticks: sticks 2 coals 0)
F3 [F3] craft torches: skip (no spare sticks: sticks 2 coals 0)
F3 tunnel: steering iron_ore @ 22.9b (axis x--1, cross 2.6999999999999886, floor lock)
F12 [F12] vein sweep: the drop walk to [-158,41,416] failed - sweep drops: timeout after 4000ms (dy -2.0, range 2)
F9 [F9] craft torches: the metal fuel reserve holds all 4 coal for the furnace (36 raw metal held)
F14 [F14] raw hop failed: raw walk timeout after 15290ms (d=6.1) - pathfinder retry
F4 [F4] water: air-bar glitch ignored (oxygen 0 on dry land at [-80,43,391], 184 total)
F10 [F10] water: air-bar glitch ignored (oxygen 0 on dry land at [-95,65,391], 30 total)
F14 [F14] water: surface re-arm holds the page (11s left) - the open-water float owns the pacing; a sinking bar still pages
F9 bank trip: skipped (pockets full, 88s left < 150s - the end-phase owns the deadline banking)
F14 [F14] hop: chest at [-140,68,380] d=11 zero: chest unreachable (No path to the goal!)
F11 tunnel: 13 blocks (branch mine at the floor, steered, floor lock)
F4 [F4] vein sweep: the drop walk to [-77,44,390] failed - sweep drops: timeout after 4000ms (dy 1.0, range 2)
F13 [F13] water: drowning rescue start (drowning, oxygen 13)
F13 [F13] water: pass 0 head=wet shore=none land=n/a y=52.0 o2=13 probes=0 at=[-82,52,369]
F10 [F10] water: air-bar glitch override - 8 consecutive critical-on-dry reads, believing the bar at [-95,65,391]
F10 [F10] water: drowning rescue start (drowning, oxygen 0)
F10 [F10] water: rescue complete in 0.0s
F10 [F10] water: dry-land proof (rescue saw no water in 0.0s) - the critical-on-dry streak restarts, the next glitch page waits 20s
F10 [F10] water: liar ladder ratchets - confirmed no-op glitch page #1, the next override needs 16 fresh critical-on-dry reads
F18 [F18] craft torches: stick-dry but 5 planks held - one stick batch first
F12 [F12] vein sweep: the drop walk to [-154,44,407] failed - No path to the goal! (dy 1.5, range 2)
F12 [F12] vein sweep: the drop walks picked nothing (pocket delta 0, 2 failed walk(s))
F12 [F12] vein sweep: 2 below-plane walk(s) still failed on the wide goal (range 2) - the drop rests deeper than the lip
F12 [F12] vein sweep: 2 deep drop(s) skipped (dy < -2 - the lip sphere cannot reach, the walk was a guaranteed spiral)
F12 vein sweep: 4 ores dug beside the gallery (ore detour)
F12 bank trip: skipped (pockets full, 86s left < 150s - the end-phase owns the deadline banking)
F2 [F2] craft torch: variant#3 attempt1 failed: craft torch: timeout after 7000ms
F2 [F2] [tools] closing stale craft window (minecraft:inventory) - grid recovery
F18 [F18] craft torches: 4 batch(es) -> 16 torches (sticks 2 coals 11, the metal reserve keeps 5)
F7 [F7] raw hop failed: raw walk: no net progress for 8746ms (best d=4.0) - pathfinder retry
F5 bank trip: skipped (pockets full, 85s left < 150s - the end-phase owns the deadline banking)
F13 [F13] water: pass 3 head=dry shore=hit r=1 land=none y=54.2 o2=16 probes=0 at=[-82,54,369]
F15 [F15] vein sweep: the drop walk to [-90,39,396] failed - sweep drops: timeout after 4000ms (dy 0.0, range 1)
F11 [F11] vein sweep: 8 drop(s) in reach (3 dug)
F1 [F1] direct deposit: 27 chest slots derived from the 63-slot view
F1 camp furnace: 13 near machine(s) all beyond the 24b direct envelope (nearest d=30.5) - the bay reads as empty, the camp ladder decides on its own merits
F1 camp furnace: craft-table (143 cobble + 5 planks - table first)
F13 [F13] water: pass 4 head=dry shore=hit r=1 land=none y=54.2 o2=20 probes=0 at=[-82,54,370]
F14 [F14] raw hop failed: raw walk timeout after 6242ms (d=12.9) - pathfinder retry
F18 [F18] water: drowning rescue start (drowning, oxygen 12)
F18 [F18] water: pass 0 head=wet shore=none land=n/a y=46.0 o2=12 probes=0 at=[-139,46,410]
F19 tunnel: 3 blocks (branch mine at the floor, steered, ore detour)
F4 [F4] vein sweep: the drop walk to [-80,43,388] failed - sweep drops: timeout after 4000ms (dy 0.0, range 1)
F14 [F14] hop: chest at [-142,68,396] d=16 zero: chest unreachable (No path to the goal!)
F14 bank: +59
F4 [F4] water: air-bar glitch override - 40 consecutive critical-on-dry reads, believing the bar at [-80,43,389]
F4 [F4] water: drowning rescue start (drowning, oxygen 0)
F4 [F4] water: rescue complete in 0.0s
F4 [F4] water: dry-land proof (rescue saw no water in 0.0s) - the critical-on-dry streak restarts, the next glitch page waits 20s
F4 [F4] water: liar ladder ratchets - confirmed no-op glitch page #5, the next override needs 40 fresh critical-on-dry reads
F5 pre-position: 61b from yard, t-80s - walking home
F19 [F19] vein sweep: 3 drop(s) in reach (1 dug)
F14 [F14] craft torches: 2 batch(es) -> 8 torches (sticks 4 coals 6, the metal reserve keeps 1)
F2 [F2] craft torch: all 1 variant(s) failed, last: craft torch: timeout after 7000ms
F2 [F2] craft torches: craft did not land (held 6 torch(es))
F5 [F5] climb bridge: placed cobblestone at [-167,65,427] (support) - the step re-judges
[hb] n=26 ts=521s rss=419M late=127ms mainLate=993ms
F13 [F13] water: pass 8 head=dry shore=hit r=1 land=none y=54.2 o2=20 probes=0 at=[-82,54,370]
F5 [F5] climb diag: level at y=67 blocked toward 0,1 (dug=0)
F8 tunnel: 12 blocks (branch mine at the floor, steered, ore detour)
F15 [F15] vein sweep: +13u walked from the drops (22 dug)
F15 vein sweep: 22 ores dug beside the gallery (floor lock)
F5 [F5] climb diag: level at y=66 blocked toward -1,0 (dug=0)
F18 [F18] water: pass 6 head=wet shore=none land=n/a y=48.2 o2=16 probes=0 at=[-139,48,410]
F4 [F4] vein sweep: +19u walked from the drops (23 dug)
F4 [F4] vein sweep: 1 below-plane walk(s) still failed on the wide goal (range 2) - the drop rests deeper than the lip
F4 vein sweep: 23 ores dug beside the gallery (floor lock)
F14 [F14] water: drowning rescue start (drowning, oxygen 17)
F14 [F14] water: pass 0 head=wet shore=none land=n/a y=60.4 o2=17 probes=0 at=[-140,60,386]
F17 climb out (wood trip): OK +11 levels (20 steps, 73 dug, 9 traversed, 90s)
F13 [F13] water: pass 11 head=dry shore=hit r=1 land=none y=54.2 o2=20 probes=0 at=[-82,54,370]
F6 yard approach: approach: the stall side-step (right) moved the start (d now 40.5)
F18 [F18] water: deep-pocket ascend - dug the ceiling stone at [-139,50,410] (jump stalled 4+ passes, o2 20)
F5 [F5] climb diag: level at y=67 blocked toward 0,-1 (dug=0)
F19 [F19] vein sweep: the drop walk to [-100,43,380] failed - sweep drops: timeout after 4000ms (dy 3.0, range 2)
F18 [F18] water: pass 8 head=wet shore=none land=n/a y=48.4 o2=20 probes=0 at=[-139,48,410]
F7 [F7] raw hop failed: raw walk: no net progress for 8381ms (best d=4.0) - pathfinder retry
F16 [F16] craft torches: skip (the pocket torch cap: held 24 of 24 - sticks 5 coals 4)
F13 [F13] water: frozen physics (10 flat passes at y=54.2, o2=20) - standing down, the reconnect lane owns this
F13 [F13] water: rescue standing down (frozen physics - the walk gate reopens, the reconnect lane owns a dead client) in 12.0s
F13 [F13] water: hazard memorized at [-82,54,369] (14 live, fleet-wide)
F11 [F11] vein sweep: the drop walk to [-81,40,394] failed - sweep drops: timeout after 4000ms (dy 1.8, range 2)
t-74s alive=19/19 mined=2471 map=1212p/21ch banked=172 smelted=7 pocket=2448u/281s | sand=98 gravel=5 dirt=189 stone=7
   deficits: 157926/98 (0.1%) 149380/5 (0.0%) 31860/0 (0.0%) 27420/0 (0.0%) 10725/94 (0.9%)
   F1=199[cobblestone:143 torch:22 stick:5] | F2=88[raw_copper:35 cobblestone:31 andesite:23] | F3=36[cobblestone:19 andesite:8 oak_sapling:5] | F4=126[cobblestone:23 coal:10 leaf_litter:9] | F5=112[cobblestone:51 granite:43 torch:12] | F6=197[cobblestone:77 dirt:44 leaf_litter:24] | F7=194[cobblestone:86 dirt:36 sand:26] | F8=162[cobblestone:51 dirt:13 raw_iron:6] | F9=152[cobblestone:64 raw_copper:36 dirt:32] | F10=195[sand:1 dirt:1] | F11=111[cobblestone:53 andesite:30 coal:21] | F12=132[cobblestone:64 raw_copper:29 granite:27] | F13=99[cobblestone:56 andesite:25 oak_log:4] | F14=145[cobblestone:59 torch:20 birch_planks:6] | F15=139[coal:41 torch:24 cobblestone:8] | F16=83[cobblestone:47 torch:24 sand:10] | F17=117[cobblestone:65 diorite:20 dirt:16] | F18=72[raw_copper:40 cobblestone:23 torch:20] | F19=112[cobblestone:54 torch:24 coal:17]
   mem: heap=133M/167M old=-1M ext=158M ab=156M rss=423M cols=1942 ents=2430 evicted=1541 path=6a/3q (max 6) stale=0
F2 retry #1 in 6.9s (Timeout waiting for 4 ticks after 5200ms)
F16 [F16] digShaft: water hazard 2.1b away (live 14) - refusing this column, the caller rotates
F16 [F16] craft torches: skip (the pocket torch cap: held 24 of 24 - sticks 5 coals 4)
F16 [F16] digShaft: water hazard 2.1b away (live 14) - refusing this column, the caller rotates
F16 tunnel: 0 blocks (branch mine at the floor, floor lock)
F14 [F14] water: pass 3 head=dry shore=hit r=7 land=none y=62.7 o2=20 probes=0 at=[-140,63,386]
F18 [F18] water: pass 11 head=wet shore=none land=n/a y=48.8 o2=20 probes=0 at=[-139,49,410]
F7 [F7] direct deposit: 27 chest slots derived from the 63-slot view
F7 [F7] banked 80 items at (-142, 68, 406) (direct=4 fallback=0 mirror=true kept: stone_pickaxe, crafting_table, raw_copper, stick)
F7 camp furnace: 11 near machine(s) beyond the 24b direct envelope (nearest d=1.3) - 1 inside the envelope keep the veto
F7 camp furnace: no build (machine near)
F14 [F14] water: pass 5 head=dry shore=hit r=5 land=none y=62.2 o2=20 probes=0 at=[-139,62,387]
F15 [F15] craft torches: skip (the pocket torch cap: held 24 of 24 - sticks 6 coals 41)
F15 [F15] craft torches: skip (the pocket torch cap: held 24 of 24 - sticks 6 coals 41)
F15 tunnel: steering coal_ore @ 4.5b (axis z+, cross 0.49862126765886217, floor lock)
F18 [F18] water: pass 13 head=dry shore=hit r=1 land=none y=49.2 o2=20 probes=0 at=[-139,49,410]
F19 [F19] vein sweep: the drop walk to [-95,43,371] failed - sweep drops: timeout after 4000ms (dy 1.8, range 2)
F19 [F19] vein sweep: the drop walks picked nothing (pocket delta 0, 2 failed walk(s))
F19 [F19] vein sweep: 2 below-plane walk(s) still failed on the wide goal (range 2) - the drop rests deeper than the lip
F19 [F19] vein sweep: 1 deep drop(s) skipped (dy < -2 - the lip sphere cannot reach, the walk was a guaranteed spiral)
F19 vein sweep: 1 ores dug beside the gallery (ore detour)
F19 bank trip: skipped (pockets full, 68s left < 150s - the end-phase owns the deadline banking)
F19 [F19] craft torches: skip (the pocket torch cap: held 24 of 24 - sticks 5 coals 17)
F19 tunnel: steering iron_ore @ 8.6b (axis x--1, cross 1.5, floor lock)
F11 [F11] vein sweep: the drop walk to [-82,43,389] failed - sweep drops: timeout after 4000ms (dy 5.0, range 2)
F5 climb out (pre-position): OK +3 levels (4 steps, 0 dug, 13s)
F5 bank: holding 37s of 67s for the smelt leg
F14 [F14] water: pass 7 head=dry shore=hit r=4 land=none y=62.2 o2=20 probes=0 at=[-138,62,389]
F18 [F18] water: pass 15 head=dry shore=hit r=1 land=none y=49.2 o2=20 probes=0 at=[-139,49,410]
F4 pre-position: 51b from yard, t-65s - walking home
F14 [F14] water: pass 9 head=dry shore=hit r=2 land=none y=62.5 o2=20 probes=0 at=[-137,63,390]
F2 [F2] water: drowning rescue start (drowning, oxygen 0)
F2 [F2] water: pass 0 head=wet shore=none land=n/a y=52.2 o2=0 probes=0 at=[-129,52,412]
F2 [F2] craft torches: 4 batch(es) -> 16 torches (sticks 8 coals 10, the metal reserve keeps 5)
F18 [F18] water: pass 18 head=dry shore=hit r=1 land=none y=49.2 o2=20 probes=0 at=[-139,49,410]
F14 tunnel: steering coal_ore @ 13.6b (axis x+, cross 3.6874667120886784, floor lock)
F14 tunnel: 0 blocks (branch mine at the floor, steered, floor lock)
F8 [F8] vein sweep: 6 drop(s) in reach (4 dug)
F1 camp furnace: BUILT (furnace at -98,68,396) in 18s
F14 [F14] craft torches: stick-dry but 7 planks held - one stick batch first
F18 [F18] water: frozen physics (10 flat passes at y=49.2, o2=20) - standing down, the reconnect lane owns this
F18 [F18] water: rescue standing down (frozen physics - the walk gate reopens, the reconnect lane owns a dead client) in 18.1s
F18 [F18] water: hazard memorized at [-139,49,410] (15 live, fleet-wide)
F14 [F14] craft torches: 1 batch(es) -> 4 torches (sticks 2 coals 4, the metal reserve keeps 1)
F18 [F18] digShaft: water hazard 0.6b away (live 15) - refusing this column, the caller rotates
F18 tunnel: steering coal_ore @ 2.5b (axis x--1, cross 0.49999351801568537, ore detour)
F2 [F2] water: pass 4 head=wet shore=none land=n/a y=52.2 o2=-1 probes=0 at=[-129,52,412]
F14 [F14] water: pass 12 head=dry shore=hit r=1 land=none y=63.8 o2=20 probes=0 at=[-136,64,392]
F2 [F2] water: deep-pocket ascend - dug the ceiling stone at [-130,54,411] (jump stalled 4+ passes, o2 -1)
F2 [F2] water: frozen physics (4 flat passes at y=52.5, o2=0, head WET - the wet-critical fast window) - standing down, the reconnect lane owns this
F2 [F2] water: rescue standing down (frozen physics - the walk gate reopens, the reconnect lane owns a dead client) in 2.9s
F2 [F2] water: frozen client relog (#2 consecutive) (frozen while head-wet (1 verdict) - the drowning clock owns this client) - ending the session, the reconnect lane rebuilds the physics; the drowning sentry holds non-critical pages 20s (the frozen-return gate)
F2 [F2] water: hazard memorized at [-130,52,411] (16 live, fleet-wide)
F3 tunnel: 12 blocks (branch mine at the floor, steered, floor lock)
F16 [F16] craft torches: skip (the pocket torch cap: held 24 of 24 - sticks 5 coals 4)
F16 [F16] digShaft: water hazard 4.9b away (live 16) - refusing this column, the caller rotates
F16 [F16] craft torches: skip (the pocket torch cap: held 24 of 24 - sticks 5 coals 4)
F16 [F16] digShaft: water hazard 4.9b away (live 16) - refusing this column, the caller rotates
F16 tunnel: 0 blocks (branch mine at the floor, floor lock)
F14 [F14] craft torches: skip (the pocket torch cap: held 24 of 24 - sticks 5 coals 3)
F14 tunnel: steering coal_ore @ 12.6b (axis x+, cross 1.8584738310756848, floor lock)
F13 [F13] digShaft: water hazard 0.8b away (live 16) - refusing this column, the caller rotates
F13 tunnel: steering coal_ore @ 18.1b (axis z+, cross 3.702990212963485, ore detour)
F14 [F14] water: rescue complete in 15.9s
F14 [F14] water: hazard memorized at [-137,62,391] (17 live, fleet-wide)
F15 tunnel: 4 blocks (branch mine at the floor, steered, floor lock)
F14 tunnel: 0 blocks (branch mine at the floor, steered, floor lock)
[hb] n=27 ts=541s rss=426M late=132ms mainLate=1204ms
F15 [F15] vein sweep: 3 drop(s) in reach (1 dug)
F18 tunnel: 1 blocks (branch mine at the floor, steered, ore detour)
t-59s alive=19/19 mined=2501 map=1225p/21ch banked=172 smelted=7 pocket=2452u/282s | sand=98 gravel=9 dirt=153 stone=7
   deficits: 157926/98 (0.1%) 149380/9 (0.0%) 31860/0 (0.0%) 27420/0 (0.0%) 10725/94 (0.9%)
   F1=199[cobblestone:135 torch:22 stick:5] | F2=88[raw_copper:35 cobblestone:31 andesite:23] | F3=42[cobblestone:23 andesite:8 oak_sapling:5] | F4=132[cobblestone:31 coal:10 leaf_litter:9] | F5=112[cobblestone:49 granite:43 torch:12] | F6=197[cobblestone:77 dirt:44 leaf_litter:24] | F7=194[cobblestone:86 sand:26 raw_copper:14] | F8=164[cobblestone:52 dirt:13 raw_iron:6] | F9=152[cobblestone:65 raw_copper:36 dirt:31] | F10=195[oak_log:5 dirt:2 sand:1] | F11=111[cobblestone:61 andesite:30 coal:21] | F12=132[cobblestone:70 raw_copper:29 granite:27] | F13=102[cobblestone:60 andesite:25 oak_log:4] | F14=145[cobblestone:59 torch:24 stick:5] | F15=144[coal:41 torch:24 cobblestone:18] | F16=83[cobblestone:47 torch:24 sand:10] | F17=117[cobblestone:72 diorite:20 dirt:16] | F18=73[raw_copper:40 cobblestone:25 torch:20] | F19=119[cobblestone:60 torch:24 coal:17]
   mem: heap=135M/170M old=-1M ext=162M ab=160M rss=431M cols=1915 ents=2427 evicted=1568 path=6a/4q (max 6) stale=0
F8 [F8] vein sweep: the drop walk to [-140,46,411] failed - sweep drops: timeout after 4000ms (dy 3.0, range 2)
F4 [F4] water: air-bar glitch ignored (oxygen 0 on dry land at [-78,45,394], 209 total)
F10 [F10] water: air-bar glitch ignored (oxygen 0 on dry land at [-90,64,389], 57 total)
F3 tool upgrade due: cobble available -> stone_pickaxe
F3 [toolupgrade] [upgrade] craft stick: no craftable recipe variant (ingredients missing?)
F3 [toolupgrade] [upgrade] craft crafting_table: no craftable recipe variant (ingredients missing?)
F3 tool upgrade: failed -> none (no table material)
F3 sword due: cobble available
F3 sword: no table reachable or placeable
F3 sword: failed (no table)
F3 [F3] craft torches: skip (no spare sticks: sticks 2 coals 0)
F3 [F3] craft torches: skip (no spare sticks: sticks 2 coals 0)
F3 tunnel: steering copper_ore @ 7.2b (axis x+, cross 0.48191078427134926, floor lock)
[F1] furnace slots after put: input=raw_iron fuel=coal
[F1] smelting 1 x raw_iron in a blast_furnace (fuel: 1 x coal)
F14 [F14] craft torches: skip (the pocket torch cap: held 24 of 24 - sticks 5 coals 3)
F14 [F14] digShaft: water hazard 2.5b away (live 17) - refusing this column, the caller rotates
F14 [F14] craft torches: skip (the pocket torch cap: held 24 of 24 - sticks 5 coals 3)
F14 [F14] digShaft: water hazard 2.5b away (live 17) - refusing this column, the caller rotates
F14 tunnel: steering coal_ore @ 11.7b (axis x+, cross 1.5, floor lock)
F16 [F16] craft torches: skip (the pocket torch cap: held 24 of 24 - sticks 5 coals 4)
F14 tunnel: 0 blocks (branch mine at the floor, steered, floor lock)
F14 tunnel: 0 blocks x3 - sealed or flooded, cooling down 15s
F11 [F11] vein sweep: +16u walked from the drops (3 dug)
F11 [F11] vein sweep: 4 below-plane walk(s) still failed on the wide goal (range 2) - the drop rests deeper than the lip
F11 vein sweep: 3 ores dug beside the gallery (floor lock)
F11 bank trip: skipped (pockets full, 56s left < 150s - the end-phase owns the deadline banking)
F19 tunnel: 12 blocks (branch mine at the floor, steered, floor lock)
F19 bank trip: skipped (pockets full, 56s left < 150s - the end-phase owns the deadline banking)
F15 [F15] vein sweep: +3u walked from the drops (1 dug)
F15 vein sweep: 1 ores dug beside the gallery (floor lock)
F2 retry #1 in 7.1s (Timeout waiting for 4 ticks after 5200ms)
F19 tool upgrade due: worn (left=10/131) -> stone_pickaxe
F13 tunnel: 6 blocks (branch mine at the floor, steered, ore detour)
F19 [toolupgrade] spare table: crafted
F10 [F10] water: air-bar glitch override - 16 consecutive critical-on-dry reads, believing the bar at [-90,64,389]
F10 [F10] water: drowning rescue start (drowning, oxygen 0)
F10 [F10] water: rescue complete in 0.0s
F10 [F10] water: dry-land proof (rescue saw no water in 0.0s) - the critical-on-dry streak restarts, the next glitch page waits 20s
F10 [F10] water: liar ladder ratchets - confirmed no-op glitch page #2, the next override needs 24 fresh critical-on-dry reads
F19 [toolupgrade] stone_pickaxe: crafted (worn (left=10/131))
F19 tool upgrade: OK -> stone_pickaxe (worn (left=10/131))
F19 [F19] craft torches: skip (the pocket torch cap: held 24 of 24 - sticks 3 coals 17)
F19 tunnel: steering iron_ore @ 8.2b (axis x--1, cross 0.499902598317874, ore detour)
F8 [F8] vein sweep: the drop walk to [-142,44,409] failed - sweep drops: timeout after 4000ms (dy 1.0, range 2)
F11 tool upgrade due: worn (left=6/131) -> stone_pickaxe
[F1] took 1 x iron_ingot (1/1)
[F1] furnace within reach - opening without a walk
F11 [toolupgrade] sticks: crafted (have 6)
F11 [toolupgrade] craft crafting_table: no craftable recipe variant (ingredients missing?)
F11 [toolupgrade] spare table: FAILED
F11 tool upgrade: failed -> none (cannot make a spare table (no 4 planks of one type?))
F11 [F11] craft torches: 1 batch(es) -> 4 torches (sticks 6 coals 21)
[F1] fuel clips the batch: 3 x stick completes 1 of 127 x cobblestone (the rest re-smelts on the next chain)
[F1] the clock clips the batch: the 58s window completes ~5 of 127 x cobblestone (the rest re-smelts on the next chain)
[F1] furnace slots after put: input=cobblestone fuel=stick
[F1] smelting 1 x cobblestone in a furnace (fuel: 3 x stick)
F11 bank trip: skipped (pockets full, 51s left < 150s - the end-phase owns the deadline banking)
F11 [F11] craft torches: skip (the pocket torch cap: held 23 of 24 - sticks 5 coals 20)
F11 tunnel: steering coal_ore @ 9b (axis z+, cross 3.5, floor lock)
F17 [F17] water: drowning rescue start (drowning, oxygen 12)
F17 [F17] water: pass 0 head=wet shore=none land=n/a y=55.2 o2=12 probes=0 at=[-119,55,372]
F17 [F17] water: pass 6 head=wet shore=none land=n/a y=55.2 o2=17 probes=0 at=[-118,55,372]
F2 [F2] craft torches: skip (the pocket torch cap: held 22 of 24 - sticks 4 coals 6)
F17 [F17] water: deep-pocket ascend - dug the ceiling stone at [-119,57,371] (jump stalled 4+ passes, o2 17)
F3 tunnel: 12 blocks (branch mine at the floor, steered, floor lock)
F9 [F9] craft torches: the metal fuel reserve holds all 4 coal for the furnace (36 raw metal held)
F9 bank trip: skipped (pockets full, 46s left < 150s - the end-phase owns the deadline banking)
F9 [F9] craft torches: the metal fuel reserve holds all 4 coal for the furnace (36 raw metal held)
F9 tunnel: steering coal_ore @ 5.4b (axis z+, cross 2.483871777050922, floor lock)
[F7] walk nudge: approach: 2 segment(s) walked in 20.8s, goal now d=33.7 (still outside - a segment stalled (no position delta))
[F7] walk nudge: closed to d=33.7 - retrying the machine from the new start
F9 tunnel: 0 blocks (branch mine at the floor, steered, floor lock)
F9 bank trip: skipped (pockets full, 45s left < 150s - the end-phase owns the deadline banking)
F12 tool upgrade due: worn (left=7/131) -> stone_pickaxe
F12 [toolupgrade] craft crafting_table: no craftable recipe variant (ingredients missing?)
F17 [F17] water: pass 9 head=wet shore=none land=n/a y=55.4 o2=20 probes=0 at=[-118,55,372]
F2 [F2] water: drowning rescue start (drowning, oxygen 0)
F2 [F2] water: pass 0 head=wet shore=none land=n/a y=51.6 o2=0 probes=0 at=[-129,52,412]
F11 tunnel: 4 blocks (branch mine at the floor, steered, floor lock)
F11 bank trip: skipped (pockets full, 45s left < 150s - the end-phase owns the deadline banking)
F17 [F17] water: frozen physics (10 flat passes at y=55.4, o2=20, head WET) - standing down, the reconnect lane owns this
F17 [F17] water: rescue standing down (frozen physics - the walk gate reopens, the reconnect lane owns a dead client) in 5.4s
F17 [F17] water: frozen client relog (#1 consecutive) (frozen while head-wet (1 verdict) - the drowning clock owns this client) - ending the session, the reconnect lane rebuilds the physics; the drowning sentry holds non-critical pages 10s (the frozen-return gate)
F17 [F17] water: hazard memorized at [-119,55,371] (18 live, fleet-wide)
F12 [toolupgrade] plank rung: converted 1->5 same-type planks (need 4, from oak_log)
F17 [F17] water: frozen-return gate holds the page (10s left) - the fresh client walks the hazard-ledgered column out
t-44s alive=19/19 mined=2583 map=1252p/21ch banked=172 smelted=7 pocket=2543u/286s | sand=101 gravel=9 dirt=160 stone=7
   deficits: 157926/101 (0.1%) 149380/9 (0.0%) 31860/0 (0.0%) 27420/0 (0.0%) 10725/99 (0.9%)
   F1=199[cobblestone:135 torch:22 stick:5] | F2=88[raw_copper:35 cobblestone:31 andesite:23] | F3=54[cobblestone:27 andesite:12 dirt:8] | F4=153[cobblestone:50 coal:10 leaf_litter:9] | F5=112[cobblestone:49 granite:43 torch:12] | F6=197[cobblestone:77 dirt:44 leaf_litter:24] | F7=194[cobblestone:85 sand:26 raw_copper:14] | F8=164[cobblestone:53 dirt:13 raw_iron:6] | F9=152[cobblestone:67 raw_copper:36 dirt:31] | F10=198[oak_log:7 dirt:2 sand:1] | F11=115[cobblestone:64 andesite:30 torch:23] | F12=132[cobblestone:71 raw_copper:29 granite:27] | F13=109[cobblestone:63 andesite:26 oak_log:4] | F14=145[cobblestone:59 torch:24 stick:5] | F15=144[coal:44 torch:24 cobblestone:19] | F16=101[cobblestone:55 torch:22 sand:10] | F17=117[cobblestone:72 diorite:20 dirt:16] | F18=76[raw_copper:40 cobblestone:25 torch:20] | F19=133[cobblestone:69 torch:24 coal:19]
   mem: heap=131M/171M old=-1M ext=168M ab=165M rss=444M cols=1896 ents=2340 evicted=1614 path=6a/0q (max 6) stale=0
F18 [F18] vein sweep: 2 drop(s) in reach (3 dug)
F9 [F9] craft torches: the metal fuel reserve holds all 5 coal for the furnace (36 raw metal held)
F9 [F9] digShaft: water hazard 8.6b away (live 18) - refusing this column, the caller rotates
F9 bank trip: skipped (pockets full, 43s left < 150s - the end-phase owns the deadline banking)
F9 [F9] craft torches: the metal fuel reserve holds all 5 coal for the furnace (36 raw metal held)
F9 [F9] digShaft: water hazard 8.6b away (live 18) - refusing this column, the caller rotates
F9 tunnel: steering coal_ore @ 4.7b (axis x+, cross 0.5, floor lock)
F2 [F2] water: frozen physics (4 flat passes at y=52.2, o2=0, head WET - the wet-critical fast window) - standing down, the reconnect lane owns this
F2 [F2] water: rescue standing down (frozen physics - the walk gate reopens, the reconnect lane owns a dead client) in 2.0s
F2 [F2] water: frozen client relog (#3 consecutive) (frozen while head-wet (1 verdict) - the drowning clock owns this client) - ending the session, the reconnect lane rebuilds the physics; the drowning sentry holds non-critical pages 40s (the frozen-return gate)
F2 [F2] water: hazard memorized at [-130,52,411] (19 live, fleet-wide)
F6 yard approach: approach: the stall side-step (left) moved the start (d now 40.9)
F11 [F11] craft torches: skip (the pocket torch cap: held 23 of 24 - sticks 5 coals 20)
F11 bank trip: skipped (pockets full, 43s left < 150s - the end-phase owns the deadline banking)
F11 [F11] craft torches: skip (the pocket torch cap: held 23 of 24 - sticks 5 coals 20)
F11 tunnel: steering coal_ore @ 4.6b (axis x--1, cross 0.49959123663052196, floor lock)
F16 tunnel: steering coal_ore @ 5.7b (axis x--1, cross 2.5, ore detour)
F12 [toolupgrade] spare table: crafted
F5 [F5] approach: 3 segment(s) walked in 25.2s, goal now d=33.8 (still outside - the approach clock is spent)
F5 [F5] hop: chest at [-142,68,406] d=34 zero: chest unreachable (budget exhausted (walk floor))
F5 [F5] hop: chest at [-142,68,404] d=35 zero: chest unreachable (budget exhausted (walk floor))
F5 [F5] hop: chest at [-142,68,402] d=37 zero: chest unreachable (budget exhausted (walk floor))
F5 [F5] hop: chest at [-137,68,406] d=38 zero: chest unreachable (budget exhausted (walk floor))
F5 [F5] hop: chest at [-142,68,400] d=38 zero: chest unreachable (budget exhausted (walk floor))
F5 [F5] hop: chest at [-137,68,404] d=39 zero: chest unreachable (budget exhausted (walk floor))
F5 [F5] hop: chest at [-137,68,400] d=42 zero: chest unreachable (budget exhausted (walk floor))
F5 [F5] hop: chest at [-132,68,406] d=42 zero: chest unreachable (budget exhausted (walk floor))
F5 bank fallback: none (chest unreachable (budget exhausted (walk floor)))
F5 camp furnace: 1 near machine(s) all beyond the 24b direct envelope (nearest d=34.4) - the bay reads as empty, the camp ladder decides on its own merits
F5 camp furnace: no build (no table and planks 1/4)
F11 tunnel: 0 blocks (branch mine at the floor, steered, floor lock)
[hb] n=28 ts=561s rss=445M late=137ms mainLate=1269ms
[F1] took 1 x stone (1/1)
[F1] furnace within reach - opening without a walk
F18 [F18] vein sweep: the drop walk to [-137,47,413] failed - sweep drops: timeout after 4000ms (dy 2.0, range 2)
F18 [F18] vein sweep: the drop walks picked nothing (pocket delta 0, 1 failed walk(s))
F18 [F18] vein sweep: 1 below-plane walk(s) still failed on the wide goal (range 2) - the drop rests deeper than the lip
F18 [F18] vein sweep: 1 deep drop(s) skipped (dy < -2 - the lip sphere cannot reach, the walk was a guaranteed spiral)
F18 vein sweep: 3 ores dug beside the gallery (ore detour)
F18 [F18] craft torches: stick-dry with logs held - one plank conversion first
[F1] furnace within reach - opening without a walk
F8 [F8] vein sweep: +2u walked from the drops (4 dug)
F8 [F8] vein sweep: 5 below-plane walk(s) still failed on the wide goal (range 2) - the drop rests deeper than the lip
F8 [F8] vein sweep: 1 deep drop(s) skipped (dy < -2 - the lip sphere cannot reach, the walk was a guaranteed spiral)
F8 vein sweep: 4 ores dug beside the gallery (ore detour)
[F1] furnace within reach - opening without a walk
F18 [F18] craft torches: stick-dry but 7 planks held - one stick batch first
F16 tunnel: 0 blocks (branch mine at the floor, steered, ore detour)
F16 tunnel: 0 blocks x3 - sealed or flooded, cooling down 15s
F2 retry #1 in 6.4s (Timeout waiting for 4 ticks after 5200ms)
F18 [F18] craft torches: 1 batch(es) -> 4 torches (sticks 2 coals 10, the metal reserve keeps 5)
F8 tool upgrade due: cobble available -> stone_pickaxe
F18 [F18] digShaft: water hazard 3.5b away (live 19) - refusing this column, the caller rotates
F18 tunnel: steering coal_ore @ 2.7b (axis z--1, cross 0.5002002444303741, floor lock)
F14 [F14] craft torches: skip (the pocket torch cap: held 24 of 24 - sticks 5 coals 3)
F14 [F14] digShaft: water hazard 10.7b away (live 19) - refusing this column, the caller rotates
F14 [F14] craft torches: skip (the pocket torch cap: held 24 of 24 - sticks 5 coals 3)
F14 [F14] digShaft: water hazard 10.7b away (live 19) - refusing this column, the caller rotates
F14 tunnel: steering coal_ore @ 6.9b (axis x+, cross 1.528077035294075, floor lock)
F14 tunnel: 0 blocks (branch mine at the floor, steered, floor lock)
F12 [toolupgrade] stone_pickaxe: crafted (worn (left=7/131))
F12 tool upgrade: OK -> stone_pickaxe (worn (left=7/131))
F12 [F12] craft torches: stick-dry with logs held - one plank conversion first
F13 [F13] vein sweep: refused a cell - gravity roof: sand/gravel still rides this column at +3 after 6 pass(es) (cleared 0) - the dig waits
F11 [F11] vein sweep: 3 drop(s) in reach (4 dug)
[F1] furnace within reach - opening without a walk
F12 [F12] craft torches: stick-dry but 9 planks held - one stick batch first
F11 [F11] vein sweep: +4u walked from the drops (4 dug)
F11 vein sweep: 4 ores dug beside the gallery (floor lock)
F11 bank trip: skipped (pockets full, 33s left < 150s - the end-phase owns the deadline banking)
F12 [F12] craft torches: skip (no coal: sticks 5 coals 0)
F12 tunnel: steering iron_ore @ 8.5b (axis x+, cross 0.37268229509436424, ore detour)
F12 tunnel: 0 blocks (branch mine at the floor, steered, ore detour)
F12 bank trip: skipped (pockets full, 33s left < 150s - the end-phase owns the deadline banking)
F12 [F12] craft torches: skip (no coal: sticks 5 coals 0)
F12 tunnel: steering copper_ore @ 5b (axis x--1, cross 1.6273177049056358, floor lock)
[F5] fuel clips the batch: 1 x coal completes 8 of 41 x cobblestone (the rest re-smelts on the next chain)
[F5] the run clock caps the fired batch: 39 of 41 x cobblestone (the rest re-smelts on the next chain)
[F5] furnace slots after put: input=cobblestone fuel=coal
[F5] smelting 8 x cobblestone in a furnace (fuel: 1 x coal)
F5 fuel anchor scan returned empty (attempt 1/2) at [-142,64,408] yard d=30 - the palette empty-return class, re-querying
F5 fuel anchor scan returned empty (attempt 2/2) at [-142,64,408] yard d=30
F5 fuel anchor scan empty x2 - the singular probe rescued the scan (chest at [-142,68,406])
F5 fuel commons: the anchor chest is read first
F9 tunnel: 7 blocks (branch mine at the floor, steered, floor lock)
F9 bank trip: skipped (pockets full, 31s left < 150s - the end-phase owns the deadline banking)
F8 [toolupgrade] [upgrade] upgraded: stone_pickaxe,wooden_pickaxe,wooden_pickaxe,wooden_shovel
F8 tool upgrade: OK -> stone_pickaxe (stone_pickaxe,wooden_pickaxe,wooden_pickaxe,wooden_shovel)
F8 [F8] craft torches: skip (no coal: sticks 3 coals 0)
F8 tunnel: steering coal_ore @ 3.4b (axis z--1, cross 0.5, ore detour)
F18 tunnel: 2 blocks (branch mine at the floor, steered, floor lock)
F5 fuel commons: chest holds no fuel
F14 [F14] craft torches: skip (the pocket torch cap: held 24 of 24 - sticks 5 coals 3)
F14 [F14] digShaft: water hazard 8.8b away (live 19) - refusing this column, the caller rotates
F14 [F14] craft torches: skip (the pocket torch cap: held 24 of 24 - sticks 5 coals 3)
F14 [F14] digShaft: water hazard 8.8b away (live 19) - refusing this column, the caller rotates
F14 tunnel: steering coal_ore @ 5.6b (axis z+, cross 0.5, floor lock)
F14 tunnel: 0 blocks (branch mine at the floor, steered, floor lock)
F2 [F2] craft torches: skip (the pocket torch cap: held 22 of 24 - sticks 4 coals 6)
F18 [F18] vein sweep: 4 drop(s) in reach (1 dug)
t-28s alive=19/19 mined=2621 map=1264p/21ch banked=172 smelted=7 pocket=2590u/295s | sand=101 gravel=9 dirt=161 stone=8
   deficits: 157926/101 (0.1%) 149380/9 (0.0%) 31860/0 (0.0%) 27420/0 (0.0%) 10725/99 (0.9%)
   F1=199[cobblestone:134 torch:22 oak_log:3] | F2=88[raw_copper:35 cobblestone:31 andesite:23] | F3=56[cobblestone:27 andesite:12 dirt:8] | F4=165[cobblestone:62 coal:10 leaf_litter:9] | F5=112[granite:43 cobblestone:41 torch:12] | F6=197[cobblestone:77 dirt:44 leaf_litter:24] | F7=194[cobblestone:82 sand:26 raw_copper:14] | F8=166[cobblestone:50 dirt:13 raw_iron:6] | F9=159[cobblestone:72 raw_copper:36 dirt:32] | F10=200[oak_log:7 oak_planks:6 dirt:2] | F11=119[cobblestone:65 andesite:30 coal:24] | F12=136[cobblestone:73 raw_copper:29 granite:27] | F13=109[cobblestone:63 andesite:26 oak_log:4] | F14=145[cobblestone:59 torch:24 stick:5] | F15=144[coal:44 torch:24 cobblestone:23] | F16=103[cobblestone:57 torch:22 sand:10] | F17=117[cobblestone:72 diorite:20 dirt:16] | F18=79[raw_copper:40 cobblestone:27 torch:24] | F19=133[cobblestone:69 torch:24 coal:19]
   mem: heap=139M/174M old=-1M ext=176M ab=173M rss=452M cols=1907 ents=2287 evicted=1641 path=6a/2q (max 6) stale=0
F2 [F2] water: drowning rescue start (drowning, oxygen 0)
F2 [F2] water: pass 0 head=wet shore=none land=n/a y=51.9 o2=0 probes=0 at=[-129,52,412]
F10 [F10] craft torches: stick-dry but 6 planks held - one stick batch first
F4 [F4] water: air-bar glitch ignored (oxygen 0 on dry land at [-78,56,404], 244 total)
F10 [F10] water: air-bar glitch ignored (oxygen 0 on dry land at [-84,64,388], 88 total)
F2 [F2] died - respawning (cause: server: drowned [kind=drown] | inferred: fall/env (0s before death at [-130,52,411]) [the inference CONTRADICTS the server verdict - the nearest harm was not the killer (the server kind stays the authority)])
F2 [F2] death drop: ~148u lost at [-130,52,411] (raw_copper 35, cobblestone 31, andesite 23, torch 22, oak_planks 7, +13 more)
F2 [F2] water: death spot memorized as a hazard at [-130,52,411] (17 live, fleet-wide)
F10 [F10] craft torches: skip (no coal: sticks 4 coals 0)
F10 tool recovery: OK (wooden_pickaxe)
F10 spare pick due: spare (planks available)
F5 fuel commons: path nudge approach: 1 segment(s) walked in 0.3s, goal now d=4.1 (inside the direct envelope)
F5 fuel commons: path nudge inside the direct envelope
F4 [F4] water: air-bar glitch override - 40 consecutive critical-on-dry reads, believing the bar at [-78,56,405]
F4 [F4] water: drowning rescue start (drowning, oxygen 0)
F4 [F4] water: rescue complete in 0.0s
F4 [F4] water: dry-land proof (rescue saw no water in 0.0s) - the critical-on-dry streak restarts, the next glitch page waits 20s
F4 [F4] water: liar ladder ratchets - confirmed no-op glitch page #6, the next override needs 40 fresh critical-on-dry reads
F2 [F2] water: pass 2 head=dry shore=hit r=1 land=none y=68.0 o2=0 probes=0 at=[-126,68,394]
F14 [F14] craft torches: skip (the pocket torch cap: held 24 of 24 - sticks 5 coals 3)
F8 tunnel: 2 blocks (branch mine at the floor, steered, ore detour)
F8 [F8] craft torches: skip (no coal: sticks 3 coals 0)
F8 tunnel: steering coal_ore @ 4.3b (axis z--1, cross 0.6999999999999886, floor lock)
F10 spare pick: OK (wooden_pickaxe, holds 2)
F10 [F10] craft torches: stick-dry with logs held - one plank conversion first
F14 [F14] digShaft: water hazard 1.4b away (live 17) - refusing this column, the caller rotates
F14 [F14] craft torches: skip (the pocket torch cap: held 24 of 24 - sticks 5 coals 3)
F14 [F14] digShaft: water hazard 1.4b away (live 17) - refusing this column, the caller rotates
F14 tunnel: steering coal_ore @ 2.6b (axis x+, cross 0.384930778955777, floor lock)
F2 tunnel: 0 blocks (branch mine at the floor, ore detour)
F2 reloot: no walk (unarmed) - the empty pocket bootstraps first, the read re-arms (a delay, not a verdict)
F2 [F2] craft torches: skip (no spare sticks: sticks 0 coals 0)
F11 [F11] craft torches: skip (the pocket torch cap: held 23 of 24 - sticks 5 coals 24)
F11 bank trip: skipped (pockets full, 24s left < 150s - the end-phase owns the deadline banking)
F11 [F11] craft torches: skip (the pocket torch cap: held 23 of 24 - sticks 5 coals 24)
F11 tunnel: steering coal_ore @ 7.5b (axis z+, cross 3.4996618124581005, floor lock)
[F7] walk nudge: approach: the stall side-step (right) stalled too
[F7] walk nudge: approach: 1 segment(s) walked in 13.5s, goal now d=31.1 (still outside - a segment stalled (no position delta))
[F7] walk nudge: closed to d=31.1 - retrying the machine from the new start
F5 fuel commons: the nudge retry landed
F5 fuel commons: chest holds no fuel
F5 fuel commons: budget spent (0/1 units)
F5 smelted 0 () rescued=0 fired=8
F2 [F2] water: pass 6 head=dry shore=hit r=1 land=none y=68.2 o2=0 probes=0 at=[-121,68,395]
F16 bank trip: skipped (pockets full, 22s left < 150s - the end-phase owns the deadline banking)
F10 [F10] craft torches: stick-dry but 9 planks held - one stick batch first
F5 iron commune: chest holds 0 ingot(s) - nothing to complete here
F10 [F10] craft torches: skip (no coal: sticks 6 coals 0)
F8 tunnel: 0 blocks (branch mine at the floor, steered, floor lock)
F18 [F18] vein sweep: the drop walk to [-137,47,413] failed - sweep drops: timeout after 4000ms (dy -1.0, range 2)
F16 [F16] craft torches: skip (the pocket torch cap: held 22 of 24 - sticks 5 coals 4)
F16 tunnel: steering coal_ore @ 5.8b (axis x--1, cross 1.3000000000000114, ore detour)
F16 tunnel: 0 blocks (branch mine at the floor, steered, ore detour)
F16 bank trip: skipped (pockets full, 21s left < 150s - the end-phase owns the deadline banking)
F16 [F16] craft torches: skip (the pocket torch cap: held 22 of 24 - sticks 5 coals 4)
F16 tunnel: steering coal_ore @ 6.7b (axis z--1, cross 2.614687999999987, floor lock)
F9 [F9] craft torches: the metal fuel reserve holds all 5 coal for the furnace (36 raw metal held)
F2 [F2] water: pass 8 head=dry shore=hit r=2 land=none y=69.2 o2=0 probes=0 at=[-119,69,397]
F19 tunnel: 9 blocks (branch mine at the floor, steered, ore detour)
F19 bank trip: skipped (pockets full, 20s left < 150s - the end-phase owns the deadline banking)
F19 [F19] craft torches: skip (the pocket torch cap: held 24 of 24 - sticks 3 coals 19)
F19 tunnel: steering coal_ore @ 5.6b (axis x--1, cross 1.3133314670586174, floor lock)
F19 tunnel: 0 blocks (branch mine at the floor, steered, floor lock)
F19 bank trip: skipped (pockets full, 20s left < 150s - the end-phase owns the deadline banking)
[hb] n=29 ts=581s rss=460M late=141ms mainLate=2043ms
F14 [F14] water: drowning rescue start (drowning, oxygen 13)
F14 [F14] water: pass 0 head=wet shore=none land=n/a y=59.0 o2=13 probes=0 at=[-125,59,386]
F9 tunnel: steering coal_ore @ 5.7b (axis x--1, cross 2.3969570817234285, ore detour)
F12 tunnel: 12 blocks (branch mine at the floor, steered, floor lock)
F12 bank trip: skipped (pockets full, 19s left < 150s - the end-phase owns the deadline banking)
F18 [F18] vein sweep: the drop walk to [-138,47,414] failed - No path to the goal! (dy -0.3, range 1)
F18 [F18] vein sweep: +1u walked from the drops (1 dug)
F18 [F18] vein sweep: 1 below-plane walk(s) still failed on the wide goal (range 2) - the drop rests deeper than the lip
F18 [F18] vein sweep: 2 deep drop(s) skipped (dy < -2 - the lip sphere cannot reach, the walk was a guaranteed spiral)
F18 vein sweep: 1 ores dug beside the gallery (floor lock)
F18 bank trip: skipped (pockets full, 19s left < 150s - the end-phase owns the deadline banking)
F5 iron commune: iron commune: path nudge approach: 1 segment(s) walked in 0.2s, goal now d=4.3 (inside the direct envelope)
F5 iron commune: iron commune: path nudge inside the direct envelope
F16 tunnel: 1 blocks (branch mine at the floor, steered, floor lock)
F16 bank trip: skipped (pockets full, 18s left < 150s - the end-phase owns the deadline banking)
F2 [F2] water: pass 10 head=dry shore=hit r=1 land=none y=69.0 o2=0 probes=0 at=[-117,69,399]
F5 iron commune: iron commune: the nudge retry landed
F11 tunnel: 2 blocks (branch mine at the floor, steered, floor lock)
F14 [F14] water: pass 5 head=dry shore=hit r=1 land=none y=62.0 o2=17 probes=0 at=[-124,62,386]
[F1] walk nudge: approach: 1 segment(s) walked in 6.5s, goal now d=23.3 (inside the direct envelope)
[F1] walk nudge: inside the direct envelope
F2 [F2] water: pass 12 head=dry shore=hit r=1 land=none y=68.1 o2=0 probes=0 at=[-114,68,401]
F15 [F15] craft torches: skip (the pocket torch cap: held 24 of 24 - sticks 6 coals 44)
F15 [F15] craft torches: skip (the pocket torch cap: held 24 of 24 - sticks 6 coals 44)
F15 tunnel: steering coal_ore @ 9.7b (axis x+, cross 1.678343182116464, floor lock)
F8 [F8] craft torches: skip (no coal: sticks 3 coals 0)
F2 tunnel: 0 blocks (branch mine at the floor, floor lock)
F14 [F14] water: pass 9 head=dry shore=hit r=1 land=none y=63.8 o2=20 probes=0 at=[-122,64,386]
F2 reloot: no walk (unarmed) - the empty pocket bootstraps first, the read re-arms (a delay, not a verdict)
F2 [F2] craft torches: skip (no spare sticks: sticks 0 coals 0)
t-13s alive=19/19 mined=2663 map=1297p/21ch banked=172 smelted=7 pocket=2503u/284s | sand=101 gravel=7 dirt=158 stone=8
   deficits: 157926/101 (0.1%) 149380/7 (0.0%) 31860/0 (0.0%) 27420/0 (0.0%) 10725/78 (0.7%)
   F1=199[cobblestone:134 torch:22 oak_log:3] | F2=88[empty] | F3=59[cobblestone:27 andesite:12 dirt:8] | F4=177[cobblestone:75 coal:10 leaf_litter:9] | F5=112[granite:43 cobblestone:41 torch:12] | F6=197[cobblestone:77 dirt:44 leaf_litter:24] | F7=194[cobblestone:77 sand:26 raw_copper:14] | F8=167[cobblestone:54 dirt:13 raw_iron:6] | F9=165[cobblestone:83 raw_copper:36 dirt:32] | F10=207[oak_planks:7 stick:6 oak_log:5] | F11=121[cobblestone:69 andesite:32 coal:24] | F12=144[cobblestone:82 raw_copper:29 granite:27] | F13=109[cobblestone:63 andesite:26 oak_log:4] | F14=145[cobblestone:59 torch:24 stick:5] | F15=146[coal:44 cobblestone:24 torch:24] | F16=104[cobblestone:59 torch:22 sand:10] | F17=117[cobblestone:72 diorite:20 dirt:16] | F18=79[raw_copper:40 cobblestone:29 torch:24] | F19=133[cobblestone:69 torch:24 coal:19]
   mem: heap=141M/178M old=-1M ext=174M ab=172M rss=459M cols=1895 ents=2545 evicted=1681 path=6a/4q (max 6) stale=0
F2 [F2] water: pass 13 head=dry shore=hit r=2 land=none y=69.0 o2=0 probes=0 at=[-114,69,401]
F10 [F10] torch: the placement did not land (dry) x8 - the streak names itself once, a landing re-arms it
F3 [F3] vein sweep: 0 drop(s) in reach (6 dug)
F3 vein sweep: 6 ores dug beside the gallery (floor lock)
F10 [F10] water: air-bar glitch override - 24 consecutive critical-on-dry reads, believing the bar at [-84,56,388]
F10 [F10] water: drowning rescue start (drowning, oxygen 0)
F10 [F10] water: rescue complete in 0.0s
F10 [F10] water: dry-land proof (rescue saw no water in 0.0s) - the critical-on-dry streak restarts, the next glitch page waits 20s
F10 [F10] water: liar ladder ratchets - confirmed no-op glitch page #3, the next override needs 32 fresh critical-on-dry reads
F10 reloot: walking to the own death spot [-196,56,429] (119b, budget 32s, window 150s)
F14 [F14] water: pass 10 head=dry shore=hit r=1 land=none y=63.5 o2=20 probes=0 at=[-123,63,386]
F12 pre-position: 52b from yard, t-10s - walking home
F2 [F2] water: pass 15 head=dry shore=hit r=1 land=none y=69.3 o2=0 probes=0 at=[-117,69,401]
F5 iron commune: chest holds 0 ingot(s) - nothing to complete here
F5 [F5] chest skip (doomed goal cached 10s ago at [-142,68,402])
F12 [F12] hop: chest at [-142,68,406] d=40 zero: chest unreachable (Took to long to decide path to goal!)
F12 [F12] chest skip (no path cached 0s ago at [-142,68,404])
F12 [F12] chest skip (no path cached 0s ago at [-142,68,402])
F14 [F14] water: pass 12 head=dry shore=hit r=1 land=none y=63.3 o2=20 probes=0 at=[-125,63,386]
F2 [F2] water: pass 16 head=dry shore=hit r=3 land=none y=69.2 o2=0 probes=0 at=[-119,69,402]
F7 smelt: 0 (raw_iron@blast_furnace: machine unreachable (Took to long to decide path to goal!); raw_iron@blast_furnace: machine unreachable (visit budget spent (walk slice)))
F13 [F13] vein sweep: refused a cell - gravity roof: sand/gravel still rides this column at +3 after 6 pass(es) (cleared 0) - the dig waits
F13 [F13] vein sweep: 2 drop(s) in reach (3 dug)
F12 [F12] hop: chest at [-142,68,400] d=41 zero: chest unreachable (Took to long to decide path to goal!)
F2 [F2] water: pass 18 head=dry shore=hit r=1 land=none y=68.1 o2=0 probes=0 at=[-122,68,402]
F14 [F14] water: pass 14 head=dry shore=hit r=1 land=none y=63.6 o2=20 probes=0 at=[-126,64,385]
F2 [F2] water: rescue complete in 25.1s
F2 [F2] water: frozen-return gate clears - the rescue completed with living physics
F2 [F2] water: hazard memorized at [-130,52,411] (14 live, fleet-wide)
F2 tunnel: 0 blocks (branch mine at the floor, ore detour)
F2 tunnel: 0 blocks x3 - sealed or flooded, cooling down 15s
F2 [F2] water: air-bar glitch ignored (oxygen 0 on dry land at [-127,68,401], 1 total)
F9 tunnel: 12 blocks (branch mine at the floor, steered, ore detour)
F14 [F14] water: pass 19 head=dry shore=hit r=1 land=none y=64.4 o2=20 probes=0 at=[-121,64,385]
F4 climb out (pre-position): OK +20 levels (20 steps, 60 dug, 64s)
F4 [F4] hop: chest at [-102,68,406] d=26 zero: chest unreachable (budget exhausted (walk floor))
F4 [F4] hop: chest at [-102,68,404] d=26 zero: chest unreachable (budget exhausted (walk floor))
F4 [F4] hop: chest at [-102,68,402] d=27 zero: chest unreachable (budget exhausted (walk floor))
F4 [F4] hop: chest at [-102,68,400] d=28 zero: chest unreachable (budget exhausted (walk floor))
F4 [F4] hop: chest at [-107,68,406] d=31 zero: chest unreachable (budget exhausted (walk floor))
F4 [F4] hop: chest at [-107,68,404] d=31 zero: chest unreachable (budget exhausted (walk floor))
F4 [F4] hop: chest at [-107,68,402] d=32 zero: chest unreachable (budget exhausted (walk floor))
F4 [F4] hop: chest at [-107,68,400] d=33 zero: chest unreachable (budget exhausted (walk floor))
F4 bank fallback: none (chest unreachable (budget exhausted (walk floor)))
F4 end-bank budget spent - smelt skipped
F4 fuel anchor: skipped - the final leg clock (1.4s) cannot afford the walk while the pocket holds 4 over the bound
F4 [F4] hop: chest at [-102,68,406] d=26 zero: chest unreachable (budget exhausted (walk floor))
F4 [F4] hop: chest at [-102,68,404] d=26 zero: chest unreachable (budget exhausted (walk floor))
F4 [F4] hop: chest at [-102,68,402] d=27 zero: chest unreachable (budget exhausted (walk floor))
F4 [F4] hop: chest at [-102,68,400] d=28 zero: chest unreachable (budget exhausted (walk floor))
F4 [F4] hop: chest at [-107,68,406] d=31 zero: chest unreachable (budget exhausted (walk floor))
F4 [F4] hop: chest at [-107,68,404] d=31 zero: chest unreachable (budget exhausted (walk floor))
F4 [F4] hop: chest at [-107,68,402] d=32 zero: chest unreachable (budget exhausted (walk floor))
F4 [F4] hop: chest at [-107,68,400] d=33 zero: chest unreachable (budget exhausted (walk floor))
F4 pre-position bank: 0 (chest unreachable (budget exhausted (walk floor)))
F9 [F9] vein sweep: 4 drop(s) in reach (1 dug)
F14 [F14] water: rescue complete in 18.5s
F14 [F14] water: hazard memorized at [-126,62,385] (15 live, fleet-wide)
F5 [F5] raw hop failed: raw walk timeout after 9083ms (d=4.0) - pathfinder retry
[hb] n=30 ts=601s rss=461M late=146ms mainLate=916ms
[worldmap] autosave: merged 46 from disk, 1363 positions on file
F5 [F5] hop: chest at [-142,68,404] d=4 zero: chest unreachable (budget exhausted (walk floor))
F5 pre-position bank: 0 (budget exhausted)
F5 final bank: staggered +72s
F12 [F12] hop: chest at [-137,68,406] d=42 zero: chest unreachable (Took to long to decide path to goal!)
F12 bank fallback: none (budget exhausted)
F12 end-bank budget spent - smelt skipped
F12 pre-position bank: 0 (budget exhausted)
F12 final bank: staggered +48s
F15 tunnel: 12 blocks (branch mine at the floor, steered, floor lock)
F15 final bank: staggered +48s
F10 reloot: walk failed (No path to the goal!) - the drops stay lost
F10 tool upgrade due: cobble available -> stone_pickaxe
F19 final bank: staggered +56s
F14 tunnel: 1 blocks (branch mine at the floor, steered, floor lock)
F14 final bank: staggered +104s
t-0s alive=19/19 mined=2701 map=1363p/21ch banked=172 smelted=7 pocket=2553u/286s | sand=101 gravel=7 dirt=168 stone=8
   deficits: 157926/101 (0.1%) 149380/7 (0.0%) 31860/0 (0.0%) 27420/0 (0.0%) 10725/79 (0.7%)
   F1=199[cobblestone:134 torch:22 oak_log:3] | F2=88[empty] | F3=60[cobblestone:27 andesite:13 dirt:8] | F4=191[cobblestone:78 dirt:19 coal:10] | F5=112[granite:43 cobblestone:41 torch:12] | F6=197[cobblestone:78 dirt:44 leaf_litter:24] | F7=194[cobblestone:70 sand:26 raw_copper:14] | F8=167[cobblestone:65 dirt:13 raw_iron:6] | F9=174[cobblestone:91 raw_copper:36 dirt:32] | F10=209[oak_planks:7 cobblestone:7 stick:6] | F11=122[cobblestone:69 andesite:32 coal:24] | F12=144[cobblestone:85 raw_copper:29 granite:27] | F13=109[cobblestone:63 andesite:26 oak_log:4] | F14=146[cobblestone:59 torch:24 stick:5] | F15=156[coal:44 cobblestone:24 torch:24] | F16=104[cobblestone:65 torch:22 sand:10] | F17=117[cobblestone:72 diorite:20 dirt:16] | F18=79[raw_copper:40 cobblestone:29 torch:24] | F19=133[cobblestone:69 torch:24 coal:19]
   mem: heap=146M/177M old=-1M ext=173M ab=170M rss=460M cols=1284 ents=1776 evicted=1188 path=6a/3q (max 6) stale=0
F4 [F4] water: air-bar glitch ignored (oxygen 0 on dry land at [-78,65,414], 273 total)
F10 [F10] water: air-bar glitch ignored (oxygen 0 on dry land at [-84,55,388], 118 total)
F2 [F2] water: air-bar glitch override - 8 consecutive critical-on-dry reads, believing the bar at [-127,68,401]
F2 [F2] water: drowning rescue start (drowning, oxygen 0)
F2 [F2] water: rescue complete in 0.0s
F2 [F2] water: dry-land proof (rescue saw no water in 0.0s) - the critical-on-dry streak restarts, the next glitch page waits 20s
F2 [F2] water: liar ladder ratchets - confirmed no-op glitch page #1, the next override needs 16 fresh critical-on-dry reads
F4 final climb: OK +2 levels (2 steps, 6 dug, 4s)
F4 bank: holding 47s of 187s for the smelt leg
F11 [F11] vein sweep: 1 drop(s) in reach (2 dug)
F11 [F11] vein sweep: the drop walks picked nothing (pocket delta 0, 0 failed walk(s))
F11 vein sweep: 2 ores dug beside the gallery (floor lock)
F11 final bank: staggered +64s
F6 yard approach: approach: 8 segment(s) walked in 103.6s, goal now d=40.1 (still outside - the approach clock is spent)
F6 bank: end-bank budget spent - yard walk cancelled
F6 end-bank budget spent - smelt skipped
F6 [F6] chest skip (no path cached 13s ago at [-142,68,406])
F6 [F6] chest skip (no path cached 10s ago at [-142,68,404])
F6 [F6] chest skip (no path cached 5s ago at [-137,68,406])
F6 [F6] chest skip (no path cached 5s ago at [-137,68,404])
F6 [F6] chest skip (no path cached 10s ago at [-142,68,402])
F6 [F6] chest skip (no path cached 10s ago at [-142,68,400])
F6 [F6] chest skip (vertical doom: the yard stands 23 levels up over 8b lateral - the walk ladder cannot climb)
F6 [F6] chest skip (vertical doom: the yard stands 23 levels up over 8b lateral - the walk ladder cannot climb)
F6 bank: 0 (no chest in range)
F13 [F13] vein sweep: the drop walk to [-81,52,369] failed - sweep drops: timeout after 4000ms (dy -2.0, range 2)
F13 [F13] vein sweep: the drop walks picked nothing (pocket delta 0, 1 failed walk(s))
F13 [F13] vein sweep: 1 below-plane walk(s) still failed on the wide goal (range 2) - the drop rests deeper than the lip
F13 vein sweep: 3 ores dug beside the gallery (ore detour)
F13 final bank: staggered +56s
F9 [F9] vein sweep: the drop walk to [-155,46,410] failed - sweep drops: timeout after 4000ms (dy 3.2, range 2)
F9 [F9] vein sweep: the drop walks picked nothing (pocket delta 0, 1 failed walk(s))
F9 [F9] vein sweep: 1 below-plane walk(s) still failed on the wide goal (range 2) - the drop rests deeper than the lip
F9 vein sweep: 1 ores dug beside the gallery (ore detour)
F9 final bank: staggered +56s
F10 [toolupgrade] [upgrade] upgraded: stone_pickaxe,wooden_shovel,wooden_pickaxe,wooden_pickaxe
F10 tool upgrade: OK -> stone_pickaxe (stone_pickaxe,wooden_shovel,wooden_pickaxe,wooden_pickaxe)
F10 sword due: planks available
F3 final bank: staggered +64s
F16 final bank: staggered +64s
F10 sword: OK (wooden_sword, holds 1)
F10 sword: OK (wooden_sword)
F10 [F10] craft torches: skip (no coal: sticks 3 coals 0)
F10 final bank deferred: night (tod=12588) - the pocket rides out the dark alive (the v0.140.1 night hold)
F1 smelted 2 (iron_ingot:1 stone:1) rescued=0
F1 iron commune: pool seed: chest the yard stands 28 levels up over 21b lateral - the walk ladder cannot climb, the seed rides (it retries near the yard)
F1 iron commune: iron commune: chest the yard stands 28 levels up over 21b lateral - the walk ladder cannot climb, the fragments ride (the ask retries near the yard)
F1 [F1] chest skip (vertical doom: the yard stands 28 levels up over 21b lateral - the walk ladder cannot climb)
F1 [F1] chest skip (vertical doom: the yard stands 28 levels up over 22b lateral - the walk ladder cannot climb)
F1 [F1] chest skip (vertical doom: the yard stands 28 levels up over 22b lateral - the walk ladder cannot climb)
F1 [F1] chest skip (vertical doom: the yard stands 28 levels up over 23b lateral - the walk ladder cannot climb)
F1 [F1] chest skip (vertical doom: the yard stands 28 levels up over 23b lateral - the walk ladder cannot climb)
F1 [F1] chest skip (vertical doom: the yard stands 28 levels up over 24b lateral - the walk ladder cannot climb)
F1 [F1] chest skip (vertical doom: the yard stands 28 levels up over 24b lateral - the walk ladder cannot climb)
F1 [F1] chest skip (vertical doom: the yard stands 28 levels up over 24b lateral - the walk ladder cannot climb)
F1 bank: +27
F6 final bank: staggered +56s
F18 final bank deferred: night (tod=12638) - the pocket rides out the dark alive (the v0.140.1 night hold)
F7 iron commune: chest walk failed (iron commune walk: timeout after 14990ms)
F7 iron commune: budget spent (0/3 units)
F7 [F7] direct deposit: 27 chest slots derived from the 63-slot view
F7 [F7] banked 113 items at (-142, 68, 402) (direct=6 fallback=0 mirror=true kept: crafting_table, stick, oak_log, wooden_pickaxe)
F7 bank: +193
t-0s alive=19/19 mined=2703 map=1365p/21ch banked=392 smelted=9 pocket=2452u/284s | sand=75 gravel=7 dirt=170 stone=8
   deficits: 157926/75 (0.0%) 149380/7 (0.0%) 31860/0 (0.0%) 27420/0 (0.0%) 10725/79 (0.7%)
   F1=199[cobblestone:136 torch:22 oak_log:3] | F2=88[empty] | F3=60[cobblestone:28 andesite:13 dirt:8] | F4=192[cobblestone:78 dirt:21 leaf_litter:12] | F5=112[granite:43 cobblestone:41 torch:12] | F6=197[cobblestone:80 dirt:44 leaf_litter:24] | F7=194[stick:8 oak_planks:5 cobblestone:3] | F8=167[cobblestone:67 dirt:13 raw_iron:6] | F9=174[cobblestone:91 raw_copper:36 dirt:32] | F10=209[oak_log:5 cobblestone:5 oak_planks:5] | F11=123[cobblestone:69 andesite:32 coal:24] | F12=144[cobblestone:85 raw_copper:29 granite:27] | F13=109[cobblestone:63 andesite:26 oak_log:4] | F14=146[cobblestone:59 torch:24 stick:5] | F15=156[coal:44 cobblestone:24 torch:24] | F16=104[cobblestone:65 torch:22 sand:10] | F17=117[cobblestone:72 diorite:20 dirt:16] | F18=79[raw_copper:40 cobblestone:33 torch:24] | F19=133[cobblestone:69 torch:24 coal:19]
   mem: heap=135M/178M old=-1M ext=174M ab=171M rss=463M cols=384 ents=489 evicted=460 path=4a/0q (max 6) stale=0
[hb] n=31 ts=621s rss=463M late=150ms mainLate=1017ms
F4 [F4] water: air-bar glitch override - 40 consecutive critical-on-dry reads, believing the bar at [-78,57,406]
F4 [F4] water: drowning rescue start (drowning, oxygen 0)
F4 [F4] water: rescue complete in 0.0s
F4 [F4] water: dry-land proof (rescue saw no water in 0.0s) - the critical-on-dry streak restarts, the next glitch page waits 20s
F4 [F4] water: liar ladder ratchets - confirmed no-op glitch page #7, the next override needs 40 fresh critical-on-dry reads
F2 [F2] water: air-bar glitch ignored (oxygen 0 on dry land at [-127,68,401], 40 total)
F10 [F10] water: air-bar glitch override - 32 consecutive critical-on-dry reads, believing the bar at [-84,55,388]
F10 [F10] water: drowning rescue start (drowning, oxygen 0)
F10 [F10] water: rescue complete in 0.0s
F10 [F10] water: dry-land proof (rescue saw no water in 0.0s) - the critical-on-dry streak restarts, the next glitch page waits 20s
F10 [F10] water: liar ladder ratchets - confirmed no-op glitch page #4, the next override needs 40 fresh critical-on-dry reads
F8 final bank deferred: night (tod=13118) - the pocket rides out the dark alive (the v0.140.1 night hold)
t-0s alive=19/19 mined=2703 map=1365p/21ch banked=392 smelted=9 pocket=2453u/284s | sand=75 gravel=7 dirt=170 stone=8
   deficits: 157926/75 (0.0%) 149380/7 (0.0%) 31860/0 (0.0%) 27420/0 (0.0%) 10725/79 (0.7%)
   F1=199[cobblestone:136 torch:22 oak_log:3] | F2=88[empty] | F3=60[cobblestone:28 andesite:13 dirt:8] | F4=192[cobblestone:78 dirt:21 leaf_litter:12] | F5=112[granite:43 cobblestone:41 torch:12] | F6=197[cobblestone:80 dirt:44 leaf_litter:24] | F7=194[stick:8 oak_planks:5 cobblestone:4] | F8=167[cobblestone:67 dirt:13 raw_iron:6] | F9=174[cobblestone:91 raw_copper:36 dirt:32] | F10=209[oak_log:5 cobblestone:5 oak_planks:5] | F11=123[cobblestone:69 andesite:32 coal:24] | F12=144[cobblestone:85 raw_copper:29 granite:27] | F13=109[cobblestone:63 andesite:26 oak_log:4] | F14=146[cobblestone:59 torch:24 stick:5] | F15=156[coal:44 cobblestone:24 torch:24] | F16=104[cobblestone:65 torch:22 sand:10] | F17=117[cobblestone:72 diorite:20 dirt:16] | F18=79[raw_copper:40 cobblestone:33 torch:24] | F19=133[cobblestone:69 torch:24 coal:19]
   mem: heap=137M/178M old=-1M ext=173M ab=170M rss=460M cols=284 ents=321 evicted=344 path=3a/0q (max 6) stale=0
F2 [F2] water: air-bar glitch override - 16 consecutive critical-on-dry reads, believing the bar at [-127,68,401]
F2 [F2] water: drowning rescue start (drowning, oxygen 0)
F2 [F2] water: rescue complete in 0.0s
F2 [F2] water: dry-land proof (rescue saw no water in 0.0s) - the critical-on-dry streak restarts, the next glitch page waits 20s
F2 [F2] water: liar ladder ratchets - confirmed no-op glitch page #2, the next override needs 24 fresh critical-on-dry reads
F4 [F4] water: air-bar glitch ignored (oxygen 0 on dry land at [-78,57,406], 314 total)
F10 [F10] water: air-bar glitch ignored (oxygen 0 on dry land at [-84,55,388], 159 total)
[hb] n=32 ts=641s rss=461M late=155ms mainLate=698ms
t-0s alive=19/19 mined=2703 map=1365p/21ch banked=392 smelted=9 pocket=2457u/284s | sand=75 gravel=7 dirt=171 stone=8
   deficits: 157926/75 (0.0%) 149380/7 (0.0%) 31860/0 (0.0%) 27420/0 (0.0%) 10725/79 (0.7%)
   F1=199[cobblestone:136 torch:22 oak_log:3] | F2=88[empty] | F3=60[cobblestone:28 andesite:13 dirt:8] | F4=192[cobblestone:78 dirt:22 leaf_litter:15] | F5=112[granite:43 cobblestone:41 torch:12] | F6=197[cobblestone:80 dirt:44 leaf_litter:24] | F7=194[stick:8 oak_planks:5 cobblestone:4] | F8=167[cobblestone:67 dirt:13 raw_iron:6] | F9=174[cobblestone:91 raw_copper:36 dirt:32] | F10=209[oak_log:5 cobblestone:5 oak_planks:5] | F11=123[cobblestone:69 andesite:32 coal:24] | F12=144[cobblestone:85 raw_copper:29 granite:27] | F13=109[cobblestone:63 andesite:26 oak_log:4] | F14=146[cobblestone:59 torch:24 stick:5] | F15=156[coal:44 cobblestone:24 torch:24] | F16=104[cobblestone:65 torch:22 sand:10] | F17=117[cobblestone:72 diorite:20 dirt:16] | F18=79[raw_copper:40 cobblestone:33 torch:24] | F19=133[cobblestone:69 torch:24 coal:19]
   mem: heap=139M/178M old=-1M ext=174M ab=171M rss=460M cols=284 ents=308 evicted=344 path=4a/0q (max 6) stale=0
F12 [F12] climb bridge: placed cobblestone at [-168,43,414] (support) - the step re-judges
F4 [F4] approach: 4 segment(s) walked in 47.1s, goal now d=7.8 (inside the direct envelope)
F4 [F4] direct deposit: 27 chest slots derived from the 63-slot view
F4 [F4] fuel tithe: banked 4 x coal (pocket keeps 6)
F4 camp furnace: 13 near machine(s) beyond the 24b direct envelope (nearest d=11.4) - 1 inside the envelope keep the veto
F4 camp furnace: no build (machine near)
F12 [F12] climb bridge: placed cobblestone at [-169,43,414] (pit) - the step re-judges
F12 [F12] climb bridge: placed cobblestone at [-169,44,414] (support) - the step re-judges
F2 [F2] water: air-bar glitch ignored (oxygen 0 on dry land at [-127,68,401], 84 total)
F19 [F19] climb bridge: the server refused the support fill at [-108,41,374] - the rotate ladder owns it (held=cobblestone, 0.8b, ref=stone, post=? (re-read failed))
F19 [F19] climb diag: level at y=41 blocked toward 1,0 (dug=1)
[F4] the clock clips the batch: the 82s window completes ~7 of 8 x raw_iron (the rest re-smelts on the next chain)
[F4] furnace slots after put: input=raw_iron fuel=coal
[F4] smelting 7 x raw_iron in a blast_furnace (fuel: 1 x coal)
[hb] n=33 ts=661s rss=460M late=159ms mainLate=342ms
t-0s alive=19/19 mined=2743 map=1365p/21ch banked=392 smelted=9 pocket=2444u/282s | sand=75 gravel=7 dirt=149 stone=8
   deficits: 157926/75 (0.0%) 149380/7 (0.0%) 31860/0 (0.0%) 27420/0 (0.0%) 10725/79 (0.7%)
   F1=199[cobblestone:136 torch:22 oak_log:3] | F2=88[empty] | F3=60[cobblestone:28 andesite:13 dirt:8] | F4=192[cobblestone:78 raw_iron:8 oak_log:7] | F5=112[granite:43 cobblestone:41 torch:12] | F6=197[cobblestone:80 dirt:44 leaf_litter:24] | F7=194[stick:8 oak_planks:5 cobblestone:4] | F8=167[cobblestone:67 dirt:13 raw_iron:6] | F9=174[cobblestone:91 raw_copper:36 dirt:32] | F10=209[oak_log:5 cobblestone:5 oak_planks:5] | F11=123[cobblestone:69 andesite:32 coal:24] | F12=159[cobblestone:93 raw_copper:29 granite:27] | F13=110[cobblestone:63 andesite:26 oak_log:4] | F14=146[cobblestone:59 torch:24 stick:5] | F15=174[coal:44 cobblestone:28 diorite:27] | F16=104[cobblestone:65 torch:22 sand:10] | F17=117[cobblestone:72 diorite:20 dirt:16] | F18=79[raw_copper:40 cobblestone:33 torch:24] | F19=139[cobblestone:69 torch:24 coal:19]
   mem: heap=136M/177M old=-1M ext=176M ab=173M rss=458M cols=284 ents=322 evicted=344 path=3a/0q (max 6) stale=0
F13 [F13] climb bridge: placed cobblestone at [-82,54,370] (support) - the step re-judges
F9 [F9] climb bridge: placed cobblestone at [-156,43,411] (support) - the step re-judges
F19 [F19] climb diag: level at y=43 blocked toward 0,1 (dug=8)
F4 [F4] water: air-bar glitch ignored (oxygen 0 on dry land at [-129,68,382], 362 total)
F10 [F10] water: air-bar glitch ignored (oxygen 0 on dry land at [-84,55,388], 207 total)
F9 [F9] climb bridge: placed cobblestone at [-157,43,411] (pit) - the step re-judges
[F4] took 1 x iron_ingot (1/7)
F9 [F9] climb bridge: placed cobblestone at [-157,44,411] (support) - the step re-judges
F2 [F2] water: air-bar glitch override - 24 consecutive critical-on-dry reads, believing the bar at [-127,68,401]
F2 [F2] water: drowning rescue start (drowning, oxygen 0)
F2 [F2] water: rescue complete in 0.0s
F2 [F2] water: dry-land proof (rescue saw no water in 0.0s) - the critical-on-dry streak restarts, the next glitch page waits 20s
F2 [F2] water: liar ladder ratchets - confirmed no-op glitch page #3, the next override needs 32 fresh critical-on-dry reads
F11 final climb: the yard stands 29 levels up over 24b lateral - climbing toward the yard's level (the walk ladder cannot)
F9 final climb: OK +2 levels (2 steps, 4 dug, 5s)
F9 bank: smelt hold skipped - no fuel in pocket (coal 5)
F9 [F9] chest skip (vertical doom: the yard stands 23 levels up over 16b lateral - the walk ladder cannot climb)
F9 [F9] chest skip (vertical doom: the yard stands 23 levels up over 17b lateral - the walk ladder cannot climb)
F9 [F9] chest skip (vertical doom: the yard stands 23 levels up over 18b lateral - the walk ladder cannot climb)
F9 [F9] chest skip (vertical doom: the yard stands 23 levels up over 19b lateral - the walk ladder cannot climb)
F9 [F9] chest skip (vertical doom: the yard stands 23 levels up over 20b lateral - the walk ladder cannot climb)
F9 [F9] chest skip (vertical doom: the yard stands 23 levels up over 21b lateral - the walk ladder cannot climb)
F9 [F9] chest skip (vertical doom: the yard stands 23 levels up over 23b lateral - the walk ladder cannot climb)
F4 [F4] water: air-bar glitch override - 40 consecutive critical-on-dry reads, believing the bar at [-129,68,382]
F4 [F4] water: drowning rescue start (drowning, oxygen 0)
F4 [F4] water: rescue complete in 0.0s
F4 [F4] water: dry-land proof (rescue saw no water in 0.0s) - the critical-on-dry streak restarts, the next glitch page waits 20s
F4 [F4] water: liar ladder ratchets - confirmed no-op glitch page #8, the next override needs 40 fresh critical-on-dry reads
F13 [F13] climb wet escape: 3 blocks walked (budget, walked 1/4)
F15 [F15] water: drowning rescue start (drowning, oxygen 12)
F15 [F15] water: pass 0 head=wet shore=none land=n/a y=45.0 o2=12 probes=0 at=[-85,45,393]
F3 final climb: the yard stands 31 levels up over 16b lateral - climbing toward the yard's level (the walk ladder cannot)
[F4] took 1 x iron_ingot (2/7)
F3 [F3] climb bridge: placed cobblestone at [-106,43,410] (support) - the step re-judges
F15 [F15] water: deep-pocket ascend - dug the ceiling stone at [-86,48,392] (jump stalled 4+ passes, o2 16)
F15 [F15] water: pass 8 head=wet shore=none land=n/a y=46.2 o2=18 probes=0 at=[-85,46,393]
F5 final climb: OK +0 levels (0 steps, 0 dug, undefineds)
F5 bank: smelt hold skipped - no fuel in pocket (coal 6)
F15 [F15] water: frozen physics (10 flat passes at y=46.2, o2=20, head WET) - standing down, the reconnect lane owns this
F15 [F15] water: rescue standing down (frozen physics - the walk gate reopens, the reconnect lane owns a dead client) in 3.2s
F15 [F15] water: frozen client relog (#1 consecutive) (frozen while head-wet (1 verdict) - the drowning clock owns this client) - ending the session, the reconnect lane rebuilds the physics; the drowning sentry holds non-critical pages 10s (the frozen-return gate)
F15 [F15] water: hazard memorized at [-86,46,392] (6 live, fleet-wide)
F5 [F5] direct deposit: 27 chest slots derived from the 63-slot view
F5 camp furnace: 9 near machine(s) beyond the 24b direct envelope (nearest d=3.3) - 4 inside the envelope keep the veto
F5 camp furnace: no build (machine near)
F5 fuel anchor scan returned empty (attempt 1/2) at [-142,65,403] yard d=29 - the palette empty-return class, re-querying
F5 fuel anchor scan returned empty (attempt 2/2) at [-142,65,403] yard d=29
F5 fuel anchor scan empty x2 - the singular probe rescued the scan (chest at [-142,68,402])
F5 fuel commons: the anchor chest is read first
F13 [F13] climb wet escape: 4 blocks walked (budget, walked 2/4)
F10 [F10] water: air-bar glitch override - 40 consecutive critical-on-dry reads, believing the bar at [-84,55,388]
F10 [F10] water: drowning rescue start (drowning, oxygen 0)
F10 [F10] water: rescue complete in 0.0s
F10 [F10] water: dry-land proof (rescue saw no water in 0.0s) - the critical-on-dry streak restarts, the next glitch page waits 20s
F10 [F10] water: liar ladder ratchets - confirmed no-op glitch page #5, the next override needs 40 fresh critical-on-dry reads
F3 [F3] climb bridge: placed cobblestone at [-107,43,410] (pit) - the step re-judges
F5 fuel commons: the clicks lied (ghost clicks) - the window is still open, re-firing the same plan once
F5 fuel commons: the clicks lied twice - nothing landed in the pocket (ghost clicks)
F3 [F3] climb bridge: placed cobblestone at [-107,44,410] (support) - the step re-judges
[F4] took 1 x iron_ingot (3/7)
t-0s alive=19/19 mined=2825 map=1365p/21ch banked=392 smelted=9 pocket=2474u/282s | sand=76 gravel=10 dirt=150 stone=8
   deficits: 157926/76 (0.0%) 149380/10 (0.0%) 31860/0 (0.0%) 27420/0 (0.0%) 10725/88 (0.8%)
   F1=199[cobblestone:136 torch:22 oak_log:3] | F2=88[empty] | F3=65[cobblestone:25 dirt:13 andesite:13] | F4=192[cobblestone:78 raw_iron:8 oak_log:7] | F5=112[cobblestone:41 torch:12 coal:9] | F6=210[cobblestone:92 dirt:44 leaf_litter:24] | F7=194[stick:8 oak_planks:5 cobblestone:4] | F8=167[cobblestone:67 dirt:13 raw_iron:6] | F9=178[cobblestone:92 raw_copper:36 dirt:32] | F10=209[oak_log:5 cobblestone:5 oak_planks:5] | F11=131[cobblestone:70 andesite:39 coal:24] | F12=179[cobblestone:101 raw_copper:29 granite:27] | F13=121[cobblestone:73 andesite:26 oak_log:4] | F14=146[cobblestone:59 torch:24 stick:5] | F15=176[coal:44 cobblestone:31 diorite:27] | F16=107[cobblestone:66 torch:22 sand:10] | F17=117[cobblestone:72 diorite:20 dirt:16] | F18=79[raw_copper:40 cobblestone:33 torch:24] | F19=155[cobblestone:69 diorite:29 torch:24]
   mem: heap=138M/178M old=-1M ext=175M ab=172M rss=460M cols=285 ents=306 evicted=344 path=3a/0q (max 6) stale=0
F5 fuel commons: chest holds no fuel
F13 [F13] climb wet escape: 4 blocks walked (budget, walked 3/4)
F5 fuel commons: path nudge approach: 1 segment(s) walked in 0.0s, goal now d=4.0 (inside the direct envelope)
F5 fuel commons: path nudge inside the direct envelope
F5 fuel commons: the nudge retry landed
[hb] n=34 ts=681s rss=458M late=165ms mainLate=911ms
F5 fuel commons: chest holds no fuel
F5 [F5] combat: fighting skeleton (dist 8.2, hp 13.8, 1 nearby, sentry)
F15 [F15] climb diag: level at y=45 blocked toward 0,-1 (dug=20) dig failed at [-86,46,391] stone (held=stone_pickaxe, airborne, post=water STILL THERE (server never broke it))
[F4] took 1 x iron_ingot (4/7)
[F5] furnace within reach - opening without a walk
F13 [F13] climb wet escape: 4 blocks walked (budget, walked 4/4)
[F5] rescued 8 x stone from an idle furnace
[F5] fuel clips the batch: 3 x coal completes 24 of 33 x cobblestone (the rest re-smelts on the next chain)
[F5] the clock clips the batch: the 81s window completes ~7 of 33 x cobblestone (the rest re-smelts on the next chain)
[F5] furnace slots after put: input=cobblestone fuel=coal
[F5] smelting 7 x cobblestone in a furnace (fuel: 3 x coal)
F13 [F13] climb wet escape: 4 blocks walked (budget, walked 5/4)
[F4] took 1 x iron_ingot (5/7)
F19 [F19] climb bridge: placed cobblestone at [-118,49,375] (pit) - the step re-judges
F19 [F19] climb bridge: placed cobblestone at [-118,50,375] (support) - the step re-judges
F13 [F13] climb wet escape: 4 blocks walked (budget, walked 6/4)
F2 [F2] water: air-bar glitch ignored (oxygen 0 on dry land at [-127,68,401], 125 total)
F5 [F5] combat: verdict flipped to flee vs skeleton (hp 4.8)
F5 [F5] combat: shelter try vs skeleton (dist 2.4, sentry re-verdict)
F5 [F5] combat: shelter skip (open field: no diggable wall, skeleton@2.4)
F5 [F5] combat: shelter ring try vs skeleton (dist 2.4, -x+x-z+z first, arrow wall, sentry re-verdict)
F15 [F15] climb diag: level at y=46 blocked toward 1,0 (dug=20, wet) at [0,1,0] water (stop)
F5 [F5] combat: shelter skip (open field: arrow wall incomplete [empty/empty] vs skeleton@2.4)
F5 [F5] combat: flee bearing rotated 90deg (water/hazard vetoes the away target) vs skeleton (sentry re-verdict)
F13 [F13] climb wet escape: 4 blocks walked (budget, walked 7/4)
F3 [F3] climb rise assist: assist did not complete (goto: No path to the goal!)
F8 [F8] combat: fighting skeleton (dist 6.0, hp 20.0, 1 nearby, proximity)
F18 [F18] combat: fighting skeleton (dist 5.2, hp 20.0, 1 nearby, proximity)
[F4] took 1 x iron_ingot (6/7)
F3 [F3] climb run-up: gallery opened toward -1,0 (digs 0) - the rise re-judges from the L-mouth
F3 [F3] climb diag: level at y=48 did not rise (food=20, dug=16) feet=air support=stone step=air head=air
t-0s alive=19/19 mined=2914 map=1365p/21ch banked=392 smelted=9 pocket=2562u/282s | sand=81 gravel=11 dirt=154 stone=8
   deficits: 157926/81 (0.1%) 149380/11 (0.0%) 31860/0 (0.0%) 27420/0 (0.0%) 10725/113 (1.1%)
   F1=199[cobblestone:136 torch:22 oak_log:3] | F2=88[empty] | F3=78[cobblestone:27 andesite:18 dirt:17] | F4=192[cobblestone:78 raw_iron:8 oak_log:7] | F5=112[cobblestone:41 torch:12 coal:9] | F6=229[cobblestone:111 dirt:44 leaf_litter:24] | F7=194[stick:8 oak_planks:5 cobblestone:4] | F8=167[cobblestone:67 dirt:13 raw_iron:6] | F9=178[cobblestone:92 raw_copper:36 dirt:32] | F10=209[oak_log:5 cobblestone:5 oak_planks:5] | F11=143[cobblestone:72 andesite:49 coal:24] | F12=189[cobblestone:104 granite:31 raw_copper:29] | F13=121[cobblestone:73 andesite:26 oak_log:4] | F14=146[cobblestone:59 torch:24 stick:5] | F15=176[coal:44 cobblestone:31 diorite:27] | F16=124[cobblestone:74 torch:22 andesite:19] | F17=117[cobblestone:72 diorite:20 dirt:16] | F18=79[raw_copper:40 cobblestone:33 torch:24] | F19=173[cobblestone:80 diorite:29 torch:24]
   mem: heap=139M/178M old=-1M ext=179M ab=176M rss=461M cols=285 ents=318 evicted=344 path=6a/0q (max 6) stale=0
F13 [F13] climb wet escape: 4 blocks walked (budget, walked 8/4)
F4 [F4] water: air-bar glitch ignored (oxygen 0 on dry land at [-129,68,382], 403 total)
F10 [F10] water: air-bar glitch ignored (oxygen 0 on dry land at [-84,55,388], 249 total)
F3 [F3] climb rise assist: assist did not complete (goto: doomed goal (ledgered 4s ago at [-115,44,409]) - climb rise assist refused)
F5 [F5] died - respawning (cause: server: was shot by Skeleton [kind=mob by Skeleton] | inferred: skeleton@10.6 (0s before death at [-130,64,432]) [the inference corroborates the server verdict])
F5 [F5] death drop: ~88u lost at [-130,64,432] (cobblestone 41, torch 12, sandstone 9, sand 7, coal 6, +10 more)
F5 [F5] water: death spot memorized as a hazard at [-130,64,432] (4 live, fleet-wide)
[F4] took 1 x iron_ingot (7/7)
[F4] blast_furnace within reach - opening without a walk
[F4] furnace slots after put: input=raw_iron fuel=coal
[F4] smelting 1 x raw_iron in a blast_furnace (fuel: 1 x coal)
F3 [F3] climb run-up: gallery opened toward 0,-1 (digs 2) - the rise re-judges from the L-mouth
F3 [F3] climb diag: level at y=43 did not rise (food=19, dug=20) feet=air support=gravel step=gravel head=air
F13 [F13] climb wet escape: 4 blocks walked (budget, walked 9/4)
F12 [F12] climb wet escape: 1 blocks walked (refused, walked 1/4)
F12 [F12] climb diag: level at y=55 blocked toward -1,0 (dug=45, wet) at [0,2,0] water (stop)
F8 [F8] combat: fight ended vs skeleton (mob down, hp 20.0 -> 20.0, swings 5, weapon wooden_sword, 5 rounds)
F18 [F18] combat: fight ended vs skeleton (mob down, hp 20.0 -> 12.8, swings 5, weapon wooden_sword, 5 rounds)
F12 [F12] climb wet escape: oxygen 5 at the floor - the escape yields, the rescue lane owns the air
F12 final climb: no retry (no retry for 'low-o2')
F12 final climb: failed - low-o2
F12 final bank: 0 (still underground after 1 climb attempt - the chain from the shaft bottom is doomed walks)
F12 [F12] water: drowning rescue start (drowning, oxygen 5)
F12 [F12] water: pass 0 head=wet shore=none land=n/a y=55.0 o2=5 probes=0 at=[-180,55,415]
F12 [F12] water: pass 8 head=wet shore=none land=n/a y=58.9 o2=2 probes=0 at=[-180,59,415]
F13 [F13] climb wet escape: 4 blocks walked (budget, walked 10/4)
F15 [F15] climb diag: level at y=46 blocked toward -1,0 (dug=20, wet) at [0,1,0] water (stop)
[hb] n=35 ts=701s rss=461M late=169ms mainLate=1424ms
F12 [F12] water: pass 14 head=dry shore=hit r=2 land=none y=62.7 o2=7 probes=0 at=[-179,63,415]
[F4] took 1 x iron_ingot (1/1)
[F4] furnace within reach - opening without a walk
F12 [F12] water: pass 17 head=dry shore=hit r=1 land=none y=63.4 o2=18 probes=0 at=[-179,63,416]
F13 [F13] climb wet escape: 4 blocks walked (budget, walked 11/4)
[F4] fuel clips the batch: 1 x oak_log completes 1 of 70 x cobblestone (the rest re-smelts on the next chain)
[F4] the clock clips the batch: the 39s window completes ~3 of 70 x cobblestone (the rest re-smelts on the next chain)
[F4] furnace slots after put: input=cobblestone fuel=oak_log
[F4] smelting 1 x cobblestone in a furnace (fuel: 1 x oak_log)
F19 [F19] combat: fighting drowned (dist 4.4, hp 20.0, 1 nearby, proximity)
F12 [F12] water: pass 20 head=dry shore=hit r=1 land=none y=64.2 o2=20 probes=0 at=[-178,64,418]
F13 [F13] climb wet escape: 4 blocks walked (budget, walked 12/4)
F19 [F19] combat: drift return wait vs drowned (@5.8) - the swimmer always comes back
F14 [F14] climb bridge: placed cobblestone at [-122,63,383] (pit) - the step re-judges
t-0s alive=19/19 mined=2975 map=1368p/21ch banked=392 smelted=9 pocket=2533u/269s | sand=74 gravel=16 dirt=167 stone=8
   deficits: 157926/74 (0.0%) 149380/16 (0.0%) 31860/0 (0.0%) 27420/0 (0.0%) 10725/113 (1.1%)
   F1=199[cobblestone:136 torch:22 oak_log:3] | F2=88[empty] | F3=86[cobblestone:30 andesite:18 dirt:17] | F4=192[cobblestone:78 iron_ingot:8 oak_log:7] | F5=112[empty] | F6=243[cobblestone:114 dirt:51 leaf_litter:24] | F7=194[stick:8 oak_planks:5 cobblestone:4] | F8=167[cobblestone:67 dirt:13 raw_iron:6] | F9=178[cobblestone:92 raw_copper:36 dirt:31] | F10=209[oak_log:5 cobblestone:5 oak_planks:5] | F11=155[cobblestone:84 andesite:49 coal:24] | F12=189[cobblestone:104 granite:31 raw_copper:29] | F13=121[cobblestone:73 andesite:26 oak_log:4] | F14=146[cobblestone:57 torch:24 stick:5] | F15=176[coal:44 cobblestone:31 diorite:27] | F16=135[cobblestone:82 torch:22 andesite:19] | F17=117[cobblestone:72 diorite:20 dirt:16] | F18=79[raw_copper:40 cobblestone:33 torch:24] | F19=189[cobblestone:92 diorite:29 torch:24]
   mem: heap=151M/184M old=-1M ext=181M ab=178M rss=466M cols=285 ents=321 evicted=344 path=3a/0q (max 6) stale=0
F14 [F14] climb bridge: placed cobblestone at [-122,64,383] (support) - the step re-judges
F2 [F2] water: air-bar glitch override - 32 consecutive critical-on-dry reads, believing the bar at [-127,68,401]
F2 [F2] water: drowning rescue start (drowning, oxygen 0)
F2 [F2] water: rescue complete in 0.0s
F2 [F2] water: dry-land proof (rescue saw no water in 0.0s) - the critical-on-dry streak restarts, the next glitch page waits 20s
F2 [F2] water: liar ladder ratchets - confirmed no-op glitch page #4, the next override needs 40 fresh critical-on-dry reads
F12 [F12] water: pass 24 head=dry shore=hit r=1 land=none y=65.2 o2=20 probes=0 at=[-177,65,422]
F13 [F13] climb wet escape: 4 blocks walked (budget, walked 13/4)
F14 [F14] climb diag: level at y=65 blocked toward 0,-1 (dug=2)
F12 [F12] water: pass 27 head=dry shore=hit r=2 land=none y=66.2 o2=20 probes=0 at=[-179,66,424]
F14 [F14] climb bridge: placed cobblestone at [-121,64,384] (support) - the step re-judges
F12 [F12] died - respawning (cause: server: was shot by Skeleton [kind=mob by Skeleton] | inferred: spider@2.9 (0s before death at [-181,66,426]) [the inference CONTRADICTS the server verdict - the nearest harm was not the killer (the server kind stays the authority)])
F12 [F12] death drop: ~222u lost at [-181,66,426] (cobblestone 64, cobblestone 40, granite 31, raw_copper 29, diorite 12, +13 more)
F12 [F12] water: death spot memorized as a hazard at [-181,66,426] (5 live, fleet-wide)
F13 [F13] climb wet escape: 4 blocks walked (budget, walked 14/4)
F15 final climb: retry (escalated retry after stalled, 93s fence)
F12 [F12] water: pass 30 head=dry shore=hit r=4 land=none y=69.3 o2=20 probes=0 at=[-130,69,392]
F14 [F14] climb bridge: placed cobblestone at [-120,64,384] (pit) - the step re-judges
[F4] took 1 x stone (1/1)
[F4] furnace within reach - opening without a walk
F14 [F14] climb bridge: placed cobblestone at [-120,65,384] (support) - the step re-judges
F4 [F4] water: air-bar glitch override - 40 consecutive critical-on-dry reads, believing the bar at [-129,68,382]
F4 [F4] water: drowning rescue start (drowning, oxygen 0)
F4 [F4] water: rescue complete in 0.0s
F4 [F4] water: dry-land proof (rescue saw no water in 0.0s) - the critical-on-dry streak restarts, the next glitch page waits 20s
F4 [F4] water: liar ladder ratchets - confirmed no-op glitch page #9, the next override needs 40 fresh critical-on-dry reads
[F4] furnace within reach - opening without a walk
F13 [F13] climb wet escape: 4 blocks walked (budget, walked 15/4)
[F4] furnace within reach - opening without a walk
F12 [F12] water: rescue complete in 18.5s
F12 [F12] water: frozen-return gate clears - the rescue completed with living physics
F12 [F12] water: hazard memorized at [-179,62,415] (6 live, fleet-wide)
F16 [F16] climb diag: level at y=53 blocked toward 0,-1 (dug=31) dig failed at [-108,54,359] dirt (held=wooden_shovel, grounded, post=water STILL THERE (server never broke it))
F19 [F19] climb wet escape: 2 blocks walked (low-o2, walked 1/4)
F19 [F19] climb wet escape: oxygen 5 at the floor - the escape yields, the rescue lane owns the air
F19 final climb: no retry (no retry for 'low-o2')
F19 final climb: failed - low-o2
F19 final bank: 0 (still underground after 1 climb attempt - the chain from the shaft bottom is doomed walks)
F14 [F14] climb diag: level at y=67 did not rise (food=20, dug=4) feet=air support=smooth_stone step=air head=air
F13 [F13] climb wet escape: 4 blocks walked (budget, walked 16/4)
F2 [F2] water: air-bar glitch ignored (oxygen 0 on dry land at [-127,68,401], 167 total)
[F4] furnace within reach - opening without a walk
F14 [F14] climb bridge: placed cobblestone at [-120,65,385] (pit) - the step re-judges
F14 [F14] climb bridge: placed cobblestone at [-120,66,385] (support) - the step re-judges
F13 [F13] climb wet escape: 3 blocks walked (budget, walked 17/4)
[hb] n=36 ts=721s rss=472M late=174ms mainLate=334ms
F15 [F15] climb diag: level at y=46 blocked toward 1,0 (dug=0, wet) at [0,1,0] water (stop)
F14 final climb: OK +4 levels (4 steps, 5 dug, 15s)
F14 bank: holding 45s of 150s for the smelt leg
F14 bank fallback: none (nothing to deposit)
F14 camp furnace: 2 near machine(s) beyond the 24b direct envelope (nearest d=7.2) - 12 inside the envelope keep the veto
F14 camp furnace: no build (machine near)
F6 [F6] combat: fighting skeleton (dist 5.7, hp 9.7, 1 nearby, proximity)
F1 final bank deferred: night (tod=14899) - the pocket rides out the dark alive (the v0.140.1 night hold)
F6 final climb: OK +21 levels (21 steps, 56 dug, 57s)
F6 bank: holding 45s of 178s for the smelt leg
F19 [F19] combat: fight ended vs drowned (deadline, hp 20.0 -> 18.0, swings 4, weapon wooden_sword, 4 rounds)
F19 [F19] combat: fighting drowned (dist 3.4, hp 18.0, 1 nearby, sentry)
t-0s alive=19/19 mined=3021 map=1368p/21ch banked=392 smelted=9 pocket=2351u/252s | sand=62 gravel=13 dirt=178 stone=9
   deficits: 157926/62 (0.0%) 149380/13 (0.0%) 31860/0 (0.0%) 27420/0 (0.0%) 10725/115 (1.1%)
   F1=199[cobblestone:137 torch:22 oak_log:3] | F2=88[empty] | F3=96[cobblestone:40 andesite:19 dirt:17] | F4=192[cobblestone:77 iron_ingot:8 oak_log:6] | F5=112[empty] | F6=253[cobblestone:114 dirt:62 leaf_litter:28] | F7=194[stick:8 oak_planks:5 cobblestone:4] | F8=167[cobblestone:67 dirt:13 raw_iron:6] | F9=178[cobblestone:92 raw_copper:36 dirt:31] | F10=209[oak_log:5 cobblestone:5 oak_planks:5] | F11=167[cobblestone:90 andesite:49 coal:24] | F12=189[empty] | F13=121[cobblestone:73 andesite:26 oak_log:4] | F14=151[cobblestone:52 torch:24 stick:5] | F15=176[coal:44 cobblestone:31 diorite:27] | F16=138[cobblestone:82 torch:22 andesite:20] | F17=117[cobblestone:72 diorite:20 dirt:16] | F18=79[raw_copper:40 cobblestone:33 torch:24] | F19=195[cobblestone:93 diorite:29 torch:24]
   mem: heap=141M/180M old=-1M ext=187M ab=184M rss=474M cols=185 ents=268 evicted=225 path=5a/0q (max 6) stale=0
[F14] furnace slots after put: input=raw_iron fuel=coal
[F14] smelting 4 x raw_iron in a blast_furnace (fuel: 1 x coal)
F10 [F10] water: air-bar glitch override - 40 consecutive critical-on-dry reads, believing the bar at [-84,55,388]
F10 [F10] water: drowning rescue start (drowning, oxygen 0)
F10 [F10] water: rescue complete in 0.0s
F10 [F10] water: dry-land proof (rescue saw no water in 0.0s) - the critical-on-dry streak restarts, the next glitch page waits 20s
F10 [F10] water: liar ladder ratchets - confirmed no-op glitch page #6, the next override needs 40 fresh critical-on-dry reads
F13 [F13] climb wet escape: 4 blocks walked (budget, walked 18/4)
F6 [F6] combat: verdict flipped to flee vs skeleton (hp 5.7)
F6 [F6] combat: shelter try vs skeleton (dist 3.1, proximity re-verdict)
F6 [F6] combat: shelter skip (open field: no diggable wall, skeleton@3.1)
F6 [F6] combat: shelter ring try vs skeleton (dist 3.1, -x+x-z+z first, arrow wall, proximity re-verdict)
F4 [F4] water: air-bar glitch ignored (oxygen 0 on dry land at [-139,65,401], 443 total)
F16 [F16] climb diag: level at y=46 did not rise (food=15, dug=34) feet=water support=andesite step=air head=air
F10 [F10] water: air-bar glitch ignored (oxygen 0 on dry land at [-84,55,388], 292 total)
F6 [F6] combat: sheltering from skeleton (arrow wall, cells 8/8, proximity re-verdict)
F13 [F13] climb wet escape: 4 blocks walked (budget, walked 19/4)
F19 [F19] combat: verdict flipped to flee vs drowned (hp 7.0)
F19 [F19] combat: shelter try vs drowned (dist 5.5, sentry re-verdict)
[F14] took 1 x iron_ingot (1/4)
F13 [F13] climb wet escape: 4 blocks walked (budget, walked 20/4)
F15 [F15] climb diag: level at y=46 blocked toward -1,0 (dug=0, wet) at [0,1,0] water (stop)
F19 [F19] died - respawning (cause: server: drowned [kind=drown] | inferred: drowned@3.0 (0s before death at [-125,58,375]) [the inference CONTRADICTS the server verdict - the nearest harm was not the killer (the server kind stays the authority)])
F19 [F19] death drop: ~219u lost at [-125,58,375] (cobblestone 61, cobblestone 32, diorite 29, torch 24, granite 20, +14 more)
F19 [F19] water: death spot memorized as a hazard at [-125,58,375] (5 live, fleet-wide)
F13 [F13] climb wet escape: 4 blocks walked (budget, walked 21/4)
F6 [F6] approach: 1 segment(s) walked in 11.2s, goal now d=8.5 (inside the direct envelope)
F19 [F19] combat: shelter skip (0,1: step-in incomplete)
[F14] took 1 x iron_ingot (2/4)
F13 [F13] climb wet escape: 4 blocks walked (budget, walked 22/4)
F6 [F6] direct deposit: 27 chest slots derived from the 63-slot view
F6 [F6] fuel tithe: banked 1 x coal (pocket keeps 6)
F6 [F6] banked 128 items at (-142, 68, 406) (direct=6 fallback=0 mirror=true kept: wooden_pickaxe, crafting_table, stick, oak_sapling)
F6 [F6] direct deposit: 27 chest slots derived from the 63-slot view
F6 [F6] banked 47 items at (-142, 68, 406) (direct=1 fallback=0 mirror=true kept: wooden_pickaxe, coal, crafting_table, stick)
F6 camp furnace: 12 near machine(s) beyond the 24b direct envelope (nearest d=1.7) - 1 inside the envelope keep the veto
F6 camp furnace: no build (machine near)
F6 fuel anchor scan returned empty (attempt 1/2) at [-142,65,407] yard d=34 - the palette empty-return class, re-querying
F6 fuel anchor scan returned empty (attempt 2/2) at [-142,65,407] yard d=34
F6 fuel anchor scan empty x2 - the singular probe rescued the scan (chest at [-142,68,406])
F6 fuel commons: the anchor chest is read first
F17 wood trip: gathered (sticks 3 planks 2 logs 0)
t-0s alive=19/19 mined=3059 map=1368p/21ch banked=392 smelted=9 pocket=2034u/226s | sand=62 gravel=13 dirt=105 stone=2
   deficits: 157926/62 (0.0%) 149380/13 (0.0%) 31860/0 (0.0%) 27420/0 (0.0%) 10725/124 (1.2%)
   F1=199[cobblestone:137 torch:22 oak_log:3] | F2=88[empty] | F3=108[cobblestone:42 andesite:29 dirt:17] | F4=192[cobblestone:77 iron_ingot:8 oak_log:6] | F5=112[empty] | F6=253[cobblestone:114 sand:15 coal:6] | F7=194[stick:8 oak_planks:5 cobblestone:4] | F8=167[cobblestone:67 dirt:13 raw_iron:6] | F9=178[cobblestone:92 raw_copper:36 dirt:31] | F10=209[oak_log:5 cobblestone:5 oak_planks:5] | F11=179[cobblestone:91 andesite:49 coal:26] | F12=189[empty] | F13=121[cobblestone:73 andesite:26 oak_log:4] | F14=151[cobblestone:52 torch:24 stick:5] | F15=176[coal:44 cobblestone:31 diorite:27] | F16=152[cobblestone:83 torch:22 andesite:20] | F17=117[cobblestone:72 diorite:20 dirt:16] | F18=79[raw_copper:40 cobblestone:33 torch:24] | F19=195[empty]
   mem: heap=147M/183M old=-1M ext=185M ab=183M rss=479M cols=185 ents=280 evicted=225 path=4a/0q (max 6) stale=0
F6 [F6] died - respawning (cause: server: was shot by Skeleton [kind=mob by Skeleton] | inferred: skeleton@8.2 (0s before death at [-142,65,406]) [the inference corroborates the server verdict])
F6 [F6] death drop: ~148u lost at [-142,65,406] (cobblestone 64, cobblestone 50, sand 15, coal 6, oak_planks 3, +8 more)
F6 [F6] water: death spot memorized as a hazard at [-142,65,406] (6 live, fleet-wide)
[F14] took 1 x iron_ingot (3/4)
F13 [F13] climb wet escape: 4 blocks walked (budget, walked 23/4)
[hb] n=37 ts=741s rss=481M late=177ms mainLate=544ms
F15 [F15] climb diag: level at y=46 blocked toward 1,0 (dug=0, wet) at [0,1,0] water (stop)
F13 [F13] climb wet escape: 4 blocks walked (budget, walked 24/4)
F4 smelted 9 (iron_ingot:8 stone:1) rescued=0
F4 iron commune: the set is complete (8/3) - crafting the pick on the spot
F4 [toolupgrade] craft crafting_table: no craftable recipe variant (ingredients missing?)
F5 [F5] combat: shelter dig-earn: 36 free slot(s), the dig supplies the seal
F5 [F5] combat: shelter try vs skeleton (dist 5.6, proximity)
F5 [F5] combat: shelter skip (open field: no diggable wall, skeleton@5.6)
F5 [F5] combat: shelter skip (open field: ring stock 0/1, ground earns nothing)
F5 [F5] combat: fleeing skeleton (dist 5.6, hp 20.0, 1 nearby, proximity)
F4 [toolupgrade] plank rung: converted 1->4 same-type planks (need 4, from oak_log)
[F14] took 1 x iron_ingot (4/4)
[F14] furnace within reach - opening without a walk
F4 [toolupgrade] spare table: crafted
[F14] fuel clips the batch: 3 x stick completes 1 of 44 x cobblestone (the rest re-smelts on the next chain)
[F14] the clock clips the batch: the 66s window completes ~6 of 44 x cobblestone (the rest re-smelts on the next chain)
[F14] furnace slots after put: input=cobblestone fuel=stick
[F14] smelting 1 x cobblestone in a furnace (fuel: 3 x stick)
F13 [F13] climb wet escape: 4 blocks walked (budget, walked 25/4)
F6 fuel commons: the clicks lied (ghost clicks) - the window is still open, re-firing the same plan once
F6 fuel commons: the clicks lied twice - nothing landed in the pocket (ghost clicks)
F4 [toolupgrade] iron_pickaxe: crafted (iron available)
F4 tool upgrade (commune): OK -> iron_pickaxe (iron available)
F7 final bank deferred: night (tod=15397) - the pocket rides out the dark alive (the v0.140.1 night hold)
F6 fuel commons: chest holds no fuel
F13 [F13] climb wet escape: 3 blocks walked (budget, walked 26/4)
F6 fuel commons: chest holds no fuel
F19 [F19] combat: shelter skip (-1,0: cells not free)
F19 [F19] combat: shelter skip (open field: no diggable wall, threat gone)
F6 fuel commons: chest holds no fuel
F2 [F2] water: air-bar glitch ignored (oxygen 0 on dry land at [-127,68,401], 212 total)
F6 fuel commons: chest holds no fuel
F11 [F11] combat: fighting skeleton (dist 4.4, hp 20.0, 1 nearby, proximity)
F12 [F12] combat: shelter dig-earn: 36 free slot(s), the dig supplies the seal
F12 [F12] combat: shelter try vs skeleton (dist 6.4, proximity)
F12 [F12] combat: shelter skip (open field: no diggable wall, skeleton@6.4)
F12 [F12] combat: shelter skip (open field: ring stock 0/2, ground earns nothing)
F12 [F12] combat: fleeing skeleton (dist 6.4, hp 20.0, 1 nearby, proximity)
F6 fuel commons: chest holds no fuel
F11 [F11] climb bridge: unavailable (no solid floor underfoot)
F11 [F11] climb diag: level at y=64 blocked toward -1,0 (dug=65)
F13 [F13] climb wet escape: 4 blocks walked (budget, walked 27/4)
F4 [F4] raw hop failed: raw walk stalled after 2249ms (d=4.5) - pathfinder retry
F11 [F11] climb bridge: placed cobblestone at [-129,63,395] (pit) - the step re-judges
F11 [F11] climb bridge: the server refused the support fill at [-131,64,397] - the rotate ladder owns it (held=cobblestone, 0.9b, ref=grass_block, post=? (re-read failed))
F11 [F11] climb diag: level at y=64 blocked toward 0,-1 (dug=65)
F2 [F2] combat: shelter dig-earn: 36 free slot(s), the dig supplies the seal
F2 [F2] combat: shelter try vs skeleton (dist 6.8, proximity)
F2 [F2] combat: shelter skip (open field: no diggable wall, skeleton@6.8)
F2 [F2] combat: shelter skip (open field: ring stock 0/2, ground earns nothing)
F2 [F2] combat: fleeing skeleton (dist 6.8, hp 20.0, 1 nearby, proximity)
F6 fuel commons: chest holds no fuel
F6 smelt: 0 (cobblestone@-: no fuel)
F6 iron commune: chest walk failed (goal brake: 6 goals in 5s - iron commune walk refused for 4s)
F6 iron commune: chest walk failed (goal brake: 6 goals in 5s - iron commune walk refused for 4s)
F6 iron commune: chest walk failed (goal brake: 6 goals in 5s - iron commune walk refused for 4s)
F11 [F11] climb bridge: placed cobblestone at [-131,64,397] (support) - the step re-judges
F13 [F13] climb wet escape: 2 blocks walked (budget, walked 28/4)
F13 final climb: retry (escalated retry after timeout (fenced at 90s - the chain keeps its reserve), 61s fence)
t-0s alive=19/19 mined=3092 map=1368p/21ch banked=392 smelted=18 pocket=1918u/217s | sand=47 gravel=13 dirt=113 stone=2
   deficits: 157926/47 (0.0%) 149380/13 (0.0%) 31860/0 (0.0%) 27420/0 (0.0%) 10725/124 (1.2%)
   F1=199[cobblestone:137 torch:22 oak_log:3] | F2=88[empty] | F3=120[cobblestone:53 andesite:29 dirt:17] | F4=192[cobblestone:77 oak_log:5 iron_ingot:5] | F5=112[empty] | F6=253[coal:1] | F7=194[stick:8 oak_planks:5 cobblestone:4] | F8=167[cobblestone:67 dirt:13 raw_iron:6] | F9=178[cobblestone:92 raw_copper:36 dirt:31] | F10=209[oak_log:5 cobblestone:5 oak_planks:5] | F11=188[cobblestone:90 andesite:49 coal:27] | F12=189[empty] | F13=121[cobblestone:73 andesite:26 oak_log:4] | F14=151[cobblestone:52 torch:24 stick:5] | F15=176[coal:44 cobblestone:31 diorite:27] | F16=164[cobblestone:87 diorite:22 torch:22] | F17=117[cobblestone:72 diorite:20 dirt:16] | F18=79[raw_copper:40 cobblestone:33 torch:24] | F19=195[empty]
   mem: heap=155M/184M old=-1M ext=187M ab=184M rss=482M cols=91 ents=110 evicted=106 path=6a/0q (max 6) stale=0
F15 final climb: failed - stalled
F15 final bank: 0 (still underground after 2 climb attempts - the chain from the shaft bottom is doomed walks)
F11 [F11] combat: melee chase ceiling held (chased 8.1b, skeleton @6.2) - the episode breaks, the next drop reopens it
F11 [F11] combat: ranged cooldown armed vs skeleton (10s) - the chase never wins the arrow trade
F11 [F11] combat: fight ended vs skeleton (chase ceiling, hp 20.0 -> 16.0, swings 2, weapon wooden_sword, 2 rounds)
F4 [F4] water: air-bar glitch ignored (oxygen 0 on dry land at [-103,65,393], 488 total)
F6 sweep: 0 collected - machine unreachable (goal brake: 6 goals in 5s - walk to a machine (sweep) refused for 2s) x4, machine unreachable (goal brake: 6 goals in 5s - walk to a machine (sweep) refused for 3s) x4, machine unreachable (goal brake: 6 goals in 5s - walk to a machine (sweep) refused for 1s) x2, machine unreachable (goal brake: 6 goals in 5s - walk to a machine (sweep) refused for 4s) x2, machine unreachable (goal brake: 6 goals in 5s - walk to a machine (sweep) refused for 0s) x1
F13 [F13] climb wet escape: 2 blocks walked (budget, walked 1/4)
F11 [F11] climb rise assist: repositioned to -130,64,400 - the loop re-judges
F10 [F10] water: air-bar glitch ignored (oxygen 0 on dry land at [-84,55,388], 335 total)
[F14] took 1 x stone (1/1)
[F14] furnace within reach - opening without a walk
F6 [F6] direct deposit: 27 chest slots derived from the 63-slot view
F6 final bank: +176
F11 [F11] climb bridge: placed cobblestone at [-129,64,400] (support) - the step re-judges
[F14] furnace within reach - opening without a walk
F11 [F11] combat: shelter skip (night=true armed=true hp=13 attackers=1 poison=off threat=skeleton@7.3)
F11 [F11] combat: fleeing skeleton (dist 7.3, hp 13.0, 1 nearby, sentry)
[F14] furnace within reach - opening without a walk
[hb] n=38 ts=761s rss=476M late=182ms mainLate=1043ms
F11 [F11] combat: flee bearing rotated 180deg (water/hazard vetoes the away target) vs skeleton (sentry)
F11 [F11] climb rise assist: assist did not complete (goto: The goal was changed before it could be completed!)
F11 [F11] climb diag: level at y=64 did not rise (food=17, dug=65) feet=leaf_litter support=cobblestone step=air head=air
F13 [F13] climb wet escape: 4 blocks walked (budget, walked 2/4)
F11 final climb: retry (escalated retry after timeout (fenced at 90s - the chain keeps its reserve), 56s fence)
F11 [F11] combat: flee bearing rotated 180deg (water/hazard vetoes the away target) vs skeleton (sentry)
F11 [F11] climb bridge: placed cobblestone at [-136,64,396] (support) - the step re-judges
F11 [F11] climb bridge: placed cobblestone at [-133,64,398] (support) - the step re-judges
[F14] furnace within reach - opening without a walk
F3 final climb: retry (escalated retry after timeout (fenced at 90s - the chain keeps its reserve), 57s fence)
F11 [F11] climb bridge: placed cobblestone at [-131,64,401] (support) - the step re-judges
F16 final climb: retry (escalated retry after timeout (fenced at 90s - the chain keeps its reserve), 54s fence)
F11 [F11] climb bridge: placed cobblestone at [-128,64,402] (support) - the step re-judges
F13 [F13] climb wet escape: 4 blocks walked (budget, walked 3/4)
F4 [F4] water: air-bar glitch override - 40 consecutive critical-on-dry reads, believing the bar at [-103,65,393]
F4 [F4] water: drowning rescue start (drowning, oxygen 0)
F4 [F4] water: pass 0 head=dry shore=hit r=1 land=none y=65.3 o2=0 probes=0 at=[-102,65,394]
F11 [F11] climb bridge: placed cobblestone at [-126,64,403] (support) - the step re-judges
F2 [F2] combat: shelter dig-earn: 36 free slot(s), the dig supplies the seal
F2 [F2] combat: shelter try vs skeleton (dist 6.9, proximity)
F2 [F2] combat: shelter skip (open field: no diggable wall, skeleton@6.9)
F2 [F2] combat: shelter skip (open field: ring stock 0/2, ground earns nothing)
F2 [F2] combat: fleeing skeleton (dist 6.9, hp 20.0, 1 nearby, proximity)
F4 [F4] hop: chest at [-102,68,396] d=10 zero: chest unreachable (The goal was changed before it could be completed!)
F3 [F3] climb bridge: placed cobblestone at [-101,57,409] (pit) - the step re-judges
F3 [F3] climb bridge: placed cobblestone at [-101,58,409] (support) - the step re-judges
F4 [F4] water: rescue complete in 1.1s
F4 [F4] water: dry-land proof (rescue saw no water in 1.1s) - the critical-on-dry streak restarts, the next glitch page waits 20s
F4 [F4] water: liar ladder ratchets - confirmed no-op glitch page #10, the next override needs 40 fresh critical-on-dry reads
F6 [F6] combat: shelter dig-earn: 36 free slot(s), the dig supplies the seal
F6 [F6] combat: shelter try vs skeleton (dist 5.8, proximity)
F6 [F6] combat: shelter skip (open field: no diggable wall, skeleton@5.8)
F6 [F6] combat: shelter skip (open field: ring stock 0/2, ground earns nothing)
F6 [F6] combat: fleeing skeleton (dist 5.8, hp 20.0, 1 nearby, proximity)
F16 [F16] climb bridge: placed cobblestone at [-107,51,384] (pit) - the step re-judges
F9 [F9] approach: 8 segment(s) walked in 99.1s, goal now d=16.6 (inside the direct envelope)
F16 [F16] climb bridge: placed cobblestone at [-107,52,384] (support) - the step re-judges
F13 [F13] climb wet escape: 4 blocks walked (budget, walked 4/4)
[F14] rescued 7 x stone from a finished fired batch furnace
F14 [F14] combat: fighting skeleton (dist 6.9, hp 20.0, 1 nearby, proximity)
F2 [F2] combat: flee bearing rotated 90deg (water/hazard vetoes the away target) vs skeleton (proximity)
t-0s alive=19/19 mined=3113 map=1368p/21ch banked=568 smelted=18 pocket=1936u/220s | sand=62 gravel=13 dirt=103 stone=10
   deficits: 157926/62 (0.0%) 149380/13 (0.0%) 31860/0 (0.0%) 27420/0 (0.0%) 10725/124 (1.2%)
   F1=199[cobblestone:137 torch:22 oak_log:3] | F2=88[empty] | F3=129[cobblestone:54 andesite:29 dirt:19] | F4=192[cobblestone:77 oak_log:5 iron_ingot:5] | F5=112[empty] | F6=253[empty] | F7=194[stick:8 oak_planks:5 cobblestone:4] | F8=167[cobblestone:67 dirt:13 raw_iron:6] | F9=178[cobblestone:92 raw_copper:36 sand:21] | F10=209[oak_log:5 cobblestone:5 oak_planks:5] | F11=190[cobblestone:84 andesite:49 coal:27] | F12=189[dirt:1] | F13=121[cobblestone:73 andesite:26 oak_log:4] | F14=151[cobblestone:51 torch:24 sand:18] | F15=176[coal:44 cobblestone:31 diorite:27] | F16=174[cobblestone:94 diorite:22 torch:22] | F17=117[cobblestone:72 diorite:20 dirt:16] | F18=79[raw_copper:40 cobblestone:33 torch:24] | F19=195[empty]
   mem: heap=149M/191M old=-1M ext=188M ab=185M rss=483M cols=91 ents=110 evicted=106 path=3a/0q (max 6) stale=0
F11 [F11] climb diag: level at y=65 blocked toward -1,0 (dug=2)
[F14] walk refused by the churn governor - waiting 13s out
F13 [F13] climb wet escape: 4 blocks walked (budget, walked 5/4)
F11 [F11] died - respawning (cause: server: was shot by Skeleton [kind=mob by Skeleton] | inferred: skeleton@10.7 (0s before death at [-127,65,403]) [the inference corroborates the server verdict])
F11 [F11] death drop: ~242u lost at [-127,65,403] (cobblestone 57, andesite 49, coal 27, cobblestone 27, diorite 23, +11 more)
F11 [F11] water: death spot memorized as a hazard at [-127,65,403] (7 live, fleet-wide)
F11 [F11] climb: walkable surface at y=68 (+4 levels, dug=3) - the walk takes over (blocked step)
F11 final climb: OK +4 levels (1 steps, 3 dug, undefineds)
F11 bank fallback: none (nothing to deposit)
F11 camp furnace: 8 near machine(s) beyond the 24b direct envelope (nearest d=15.5) - 6 inside the envelope keep the veto
F11 camp furnace: no build (machine near)
F11 smelt: 0 (nothing to smelt)
F11 iron commune: chest holds 0 ingot(s) - nothing to complete here
F4 [F4] raw hop failed: raw walk stalled after 2051ms (d=5.7) - pathfinder retry
F13 [F13] climb wet escape: 5 blocks walked (budget, walked 6/4)
F10 [F10] water: air-bar glitch override - 40 consecutive critical-on-dry reads, believing the bar at [-84,55,388]
F10 [F10] water: drowning rescue start (drowning, oxygen 0)
F10 [F10] water: rescue complete in 0.0s
F10 [F10] water: dry-land proof (rescue saw no water in 0.0s) - the critical-on-dry streak restarts, the next glitch page waits 20s
F10 [F10] water: liar ladder ratchets - confirmed no-op glitch page #7, the next override needs 40 fresh critical-on-dry reads
F2 [F2] water: air-bar glitch override - 40 consecutive critical-on-dry reads, believing the bar at [-92,64,449]
F2 [F2] water: drowning rescue start (drowning, oxygen 0)
F2 [F2] water: rescue complete in 0.0s
F2 [F2] water: dry-land proof (rescue saw no water in 0.0s) - the critical-on-dry streak restarts, the next glitch page waits 20s
F2 [F2] water: liar ladder ratchets - confirmed no-op glitch page #5, the next override needs 40 fresh critical-on-dry reads
F6 [F6] combat: shelter dig-earn: 36 free slot(s), the dig supplies the seal
F6 [F6] combat: shelter try vs skeleton (dist 11.3, sentry)
F6 [F6] combat: shelter skip (open field: no diggable wall, skeleton@11.3)
F6 [F6] combat: shelter skip (open field: ring stock 0/2, threat@11.3 beyond the earn edge - the flee wins)
F6 [F6] combat: fleeing skeleton (dist 11.3, hp 16.0, 1 nearby, sentry)
F6 [F6] combat: flee bearing rotated 90deg (water/hazard vetoes the away target) vs skeleton (sentry)
F11 iron commune: chest holds 0 ingot(s) - nothing to complete here
F11 iron commune: chest holds 0 ingot(s) - nothing to complete here
F5 smelted 0 () rescued=8
F2 [F2] combat: shelter dig-earn: 36 free slot(s), the dig supplies the seal
F2 [F2] combat: shelter try vs creeper (dist 5.5, proximity)
F2 [F2] combat: shelter skip (open field: no diggable wall, creeper@5.5)
F2 [F2] combat: shelter skip (open field: ring not buildable [-o oo -o oo] vs creeper@5.5)
F2 [F2] combat: fleeing creeper (dist 5.5, hp 20.0, 3 nearby, proximity, kite)
F2 [F2] combat: flee kite hop toward the yard (-97,439) vs creeper (proximity)
F5 [F5] hop: raw walk in (d=7.6 visible, 660ms - no pathfinder: the CPU-starved A* cannot decide a short walk in time)
F5 [F5] direct deposit: 27 chest slots derived from the 63-slot view
F5 [F5] hop: chest at [-132,68,396] d=8 zero: nothing to deposit
F5 final bank: +57
F9 [F9] raw hop failed: raw walk: no net progress for 8096ms (best d=15.6) - pathfinder retry
F6 [F6] combat: flee bearing rotated 90deg (water/hazard vetoes the away target) vs skeleton (sentry)
F13 [F13] climb wet escape: 4 blocks walked (budget, walked 7/4)
F14 [F14] combat: verdict flipped to flee vs skeleton (hp 6.0)
F14 [F14] combat: shelter try vs skeleton (dist 7.5, proximity re-verdict)
F14 [F14] combat: shelter skip (open field: no diggable wall, skeleton@7.5)
F14 [F14] combat: shelter ring try vs skeleton (dist 7.5, +z-z-x+x first, arrow wall, proximity re-verdict)
F11 [F11] combat: shelter dig-earn: 36 free slot(s), the dig supplies the seal
F11 [F11] combat: shelter try vs drowned (dist 7.0, proximity)
F11 [F11] combat: shelter skip (open field: no diggable wall, drowned@7.0)
F11 [F11] combat: shelter skip (open field: ring stock 0/7, ground earns nothing)
F11 [F11] combat: fleeing drowned (dist 7.0, hp 20.0, 1 nearby, proximity)
F12 [F12] combat: shelter try vs drowned (dist 6.3, proximity)
F12 [F12] combat: shelter skip (open field: no diggable wall, drowned@6.3)
F12 [F12] combat: shelter skip (open field: ring not buildable [oo -o -o oo] vs drowned@6.3)
F12 [F12] combat: fleeing drowned (dist 6.3, hp 20.0, 1 nearby, proximity)
F12 [F12] combat: flee toward shore (3,2 step 1) vs drowned (proximity)
F2 [F2] combat: flee kite hop toward the yard (-103,429) vs creeper (proximity)
F13 [F13] climb wet escape: 5 blocks walked (budget, walked 8/4)
[hb] n=39 ts=781s rss=489M late=187ms mainLate=681ms
F9 [F9] combat: fighting skeleton (dist 5.7, hp 20.0, 1 nearby, proximity)
F9 [F9] hop: chest at [-132,68,406] d=34 zero: chest unreachable (The goal was changed before it could be completed!)
F9 bank: chest unreachable (The goal was changed before it could be completed!) (19 blocks from yard) - walking back
F9 bank: yard walk arrived in 0s (1 attempt)
F9 camp furnace: 8 near machine(s) beyond the 24b direct envelope (nearest d=4.0) - 5 inside the envelope keep the veto
F9 camp furnace: no build (machine near)
F14 [F14] combat: sheltering from skeleton (arrow wall, cells 8/8, proximity re-verdict)
[F14] walk refused by the churn governor - waiting 13s out
t-0s alive=19/19 mined=3141 map=1368p/21ch banked=625 smelted=26 pocket=1729u/213s | sand=62 gravel=13 dirt=96 stone=10
   deficits: 157926/62 (0.0%) 149380/13 (0.0%) 31860/0 (0.0%) 27420/0 (0.0%) 10725/75 (0.7%)
   F1=199[cobblestone:137 torch:22 oak_log:3] | F2=88[leaf_litter:4 dirt:3 rotten_flesh:2] | F3=145[cobblestone:61 andesite:29 dirt:27] | F4=192[cobblestone:77 oak_log:5 iron_ingot:5] | F5=112[empty] | F6=253[oak_planks:3 wooden_sword:1 stone_pickaxe:1] | F7=194[stick:8 oak_planks:5 cobblestone:4] | F8=167[cobblestone:67 dirt:13 raw_iron:6] | F9=178[cobblestone:92 raw_copper:36 sand:21] | F10=209[oak_log:5 cobblestone:5 oak_planks:5] | F11=191[empty] | F12=189[dirt:1] | F13=121[cobblestone:73 andesite:26 oak_log:4] | F14=151[cobblestone:43 torch:24 sand:18] | F15=176[coal:44 cobblestone:31 diorite:27] | F16=185[cobblestone:106 diorite:22 torch:22] | F17=117[cobblestone:72 diorite:20 dirt:16] | F18=79[raw_copper:40 cobblestone:33 torch:24] | F19=195[empty]
   mem: heap=148M/185M old=-1M ext=190M ab=187M rss=492M cols=91 ents=110 evicted=106 path=6a/1q (max 6) stale=0
F13 [F13] climb wet escape: 4 blocks walked (budget, walked 9/4)
F2 [F2] water: air-bar glitch ignored (oxygen 0 on dry land at [-103,66,429], 222 total)
F2 [F2] water: drowning witnessed by damage (health 20 -> 14.531477928161621 on a 'dry' critical bar) - the witness outranks the ladder and the gate
F2 [F2] water: drowning rescue start (drowning, oxygen 0)
F2 [F2] water: rescue complete in 0.0s
F2 [F2] water: liar ladder ratchets - confirmed no-op glitch page #6, the next override needs 40 fresh critical-on-dry reads
F9 [F9] combat: melee chase ceiling held (chased 6.9b, skeleton @7.0) - the episode breaks, the next drop reopens it
F9 [F9] combat: ranged cooldown armed vs skeleton (10s) - the chase never wins the arrow trade
F9 [F9] combat: fight ended vs skeleton (chase ceiling, hp 20.0 -> 20.0, swings 2, weapon wooden_sword, 2 rounds)
F4 [F4] water: air-bar glitch ignored (oxygen 0 on dry land at [-103,65,393], 525 total)
F3 [F3] combat: shelter try vs skeleton (dist 6.9, proximity pre-fight)
F13 [F13] climb wet escape: 4 blocks walked (budget, walked 10/4)
F10 [F10] water: air-bar glitch ignored (oxygen 0 on dry land at [-84,55,388], 373 total)
F2 [F2] water: drowning rescue start (drowning, oxygen 0)
F2 [F2] water: rescue complete in 0.0s
F2 [F2] water: liar ladder ratchets - confirmed no-op glitch page #7, the next override needs 40 fresh critical-on-dry reads
F4 [F4] hop: chest at [-107,68,396] d=5 zero: chest unreachable (walk to chest (retry): timeout after 15000ms)
F4 [F4] hop: chest at [-102,68,398] d=5 zero: chest unreachable (budget exhausted (walk floor))
F4 [F4] hop: chest at [-107,68,398] d=7 zero: chest unreachable (budget exhausted (walk floor))
F4 [F4] hop: chest at [-112,68,396] d=10 zero: chest unreachable (budget exhausted (walk floor))
F4 [F4] hop: chest at [-102,68,400] d=7 zero: chest unreachable (budget exhausted (walk floor))
F4 [F4] hop: chest at [-107,68,400] d=8 zero: chest unreachable (budget exhausted (walk floor))
F4 [F4] hop: chest at [-102,68,402] d=9 zero: chest unreachable (budget exhausted (walk floor))
F4 final bank: +48
[F9] the run clock caps the fired batch: 18 of 36 x raw_copper (the rest re-smelts on the next chain)
[F9] furnace slots after put: input=raw_copper fuel=coal
[F9] smelting 18 x raw_copper in a blast_furnace (fuel: 5 x coal)
F2 [F2] combat: shelter try vs enderman (dist 6.1, proximity)
F2 [F2] combat: shelter skip (open field: no diggable wall, enderman@6.1)
F2 [F2] combat: shelter skip (open field: ring stock 3/8, ground earns nothing)
F2 [F2] combat: fleeing enderman (dist 6.1, hp 15.4, 1 nearby, proximity)
F13 [F13] climb wet escape: 4 blocks walked (budget, walked 11/4)
[F9] furnace within reach - opening without a walk
F3 [F3] combat: shelter skip (0,1: step-in incomplete)
F11 [F11] combat: shelter dig-earn: 36 free slot(s), the dig supplies the seal
F11 [F11] combat: shelter try vs skeleton (dist 5.0, proximity)
F11 [F11] combat: shelter skip (open field: no diggable wall, skeleton@5.0)
F11 [F11] combat: shelter skip (open field: ring stock 0/2, ground earns nothing)
F11 [F11] combat: fleeing skeleton (dist 5.0, hp 20.0, 1 nearby, proximity)
[F9] furnace within reach - opening without a walk
F11 sweep: 0 collected - machine unreachable (The goal was changed before it could be completed!) x4, machine unreachable (walk governor: bot churned 4 goals without progress - walk to a machine (sweep) refused for 12s) x1, machine unreachable (walk governor: bot churned 5 goals without progress - walk to a machine (sweep) refused for 12s) x1
F11 final bank: 0 (nothing to deposit)
F3 [F3] climb rise assist: assist did not complete (goto: climb rise assist: timeout after 4500ms)
F11 [F11] combat: shelter dig-earn: 36 free slot(s), the dig supplies the seal
F11 [F11] combat: shelter try vs skeleton (dist 5.0, proximity)
F11 [F11] combat: shelter skip (open field: no diggable wall, skeleton@5.0)
F11 [F11] combat: shelter skip (open field: ring stock 0/2, ground earns nothing)
F11 [F11] combat: fleeing skeleton (dist 5.0, hp 20.0, 1 nearby, proximity)
F3 [F3] climb diag: level at y=66 did not rise (food=16, dug=20) feet=air support=air step=air head=air
[F9] furnace within reach - opening without a walk
F2 [F2] water: drowning rescue start (drowning, oxygen 0)
F2 [F2] water: rescue complete in 0.0s
F2 [F2] water: liar ladder ratchets - confirmed no-op glitch page #8, the next override needs 40 fresh critical-on-dry reads
F6 [F6] combat: fighting skeleton (dist 11.8, hp 14.0, 1 nearby, sentry)
F13 [F13] climb wet escape: 4 blocks walked (budget, walked 12/4)
F11 [F11] combat: shelter dig-earn: 36 free slot(s), the dig supplies the seal
F11 [F11] combat: shelter try vs skeleton (dist 5.0, proximity)
F11 [F11] combat: shelter skip (open field: no diggable wall, skeleton@5.0)
F11 [F11] combat: shelter skip (open field: ring stock 0/2, ground earns nothing)
F11 [F11] combat: fleeing skeleton (dist 5.0, hp 20.0, 1 nearby, proximity, kite)
F11 [F11] combat: flee kite hop toward the yard (-134,400) vs skeleton (proximity)
F11 [F11] combat: flee kite hop toward the yard (-134,400) vs skeleton (proximity)
F11 [F11] combat: flee kite hop toward the yard (-134,400) vs skeleton (proximity)
F3 [F3] combat: shelter skip (-1,0: step-in incomplete)
F3 [F3] climb diag: level at y=67 blocked toward 0,-1 (dug=21)
F3 [F3] climb diag: level at y=67 blocked toward 1,0 (dug=21)
[F9] furnace within reach - opening without a walk
F11 [F11] combat: shelter dig-earn: 36 free slot(s), the dig supplies the seal
F11 [F11] combat: shelter try vs skeleton (dist 5.3, proximity)
F11 [F11] combat: shelter skip (open field: no diggable wall, skeleton@5.3)
F11 [F11] combat: shelter skip (open field: ring stock 0/2, ground earns nothing)
F11 [F11] combat: fleeing skeleton (dist 5.3, hp 20.0, 1 nearby, proximity, kite)
F11 [F11] combat: flee kite hop toward the yard (-134,400) vs skeleton (proximity)
F11 [F11] combat: flee kite hop toward the yard (-134,400) vs skeleton (proximity)
F11 [F11] combat: flee kite hop toward the yard (-134,400) vs skeleton (proximity)
F13 [F13] climb wet escape: 3 blocks walked (budget, walked 13/4)
F11 [F11] combat: shelter dig-earn: 36 free slot(s), the dig supplies the seal
F11 [F11] combat: shelter try vs skeleton (dist 6.9, proximity)
F11 [F11] combat: shelter skip (open field: no diggable wall, skeleton@6.9)
F11 [F11] combat: shelter skip (open field: ring stock 0/2, ground earns nothing)
F11 [F11] combat: fleeing skeleton (dist 6.9, hp 20.0, 1 nearby, proximity)
F2 [F2] water: drowning rescue start (drowning, oxygen 0)
F2 [F2] water: rescue complete in 0.0s
F2 [F2] water: liar ladder ratchets - confirmed no-op glitch page #9, the next override needs 40 fresh critical-on-dry reads
F3 [F3] combat: fighting skeleton (dist 6.9, hp 8.2, 1 nearby, proximity)
F6 [F6] combat: verdict flipped to flee vs skeleton (hp 5.0)
F6 [F6] combat: shelter try vs skeleton (dist 4.8, sentry re-verdict)
F6 [F6] combat: shelter skip (open field: no diggable wall, skeleton@4.8)
F6 [F6] combat: shelter ring try vs skeleton (dist 4.8, -z+z-x+x first, arrow wall, sentry re-verdict)
F13 [F13] climb wet escape: 4 blocks walked (budget, walked 14/4)
F14 fuel anchor scan returned empty (attempt 1/2) at [-139,64,406] yard d=18 - the palette empty-return class, re-querying
F14 fuel anchor scan returned empty (attempt 2/2) at [-139,64,406] yard d=18
F14 fuel anchor scan empty x2 - the singular probe rescued the scan (chest at [-142,68,404])
F14 fuel commons: the anchor chest is read first
F2 [F2] water: drowning rescue start (drowning, oxygen 0)
F2 [F2] water: rescue complete in 0.0s
F2 [F2] water: liar ladder ratchets - confirmed no-op glitch page #10, the next override needs 40 fresh critical-on-dry reads
t-0s alive=19/19 mined=3159 map=1368p/21ch banked=673 smelted=26 pocket=1727u/212s | sand=62 gravel=13 dirt=109 stone=10
   deficits: 157926/62 (0.0%) 149380/13 (0.0%) 31860/0 (0.0%) 27420/0 (0.0%) 10725/75 (0.7%)
   F1=199[cobblestone:137 torch:22 oak_log:3] | F2=88[leaf_litter:4 dirt:3 rotten_flesh:2] | F3=148[cobblestone:61 dirt:34 andesite:29] | F4=192[cobblestone:77 oak_log:5 iron_ingot:5] | F5=112[empty] | F6=253[wooden_sword:1 stone_pickaxe:1 oak_planks:1] | F7=194[stick:8 oak_planks:5 cobblestone:4] | F8=167[cobblestone:67 dirt:13 raw_iron:6] | F9=178[cobblestone:92 sand:21 raw_copper:18] | F10=209[oak_log:5 cobblestone:5 oak_planks:5] | F11=191[empty] | F12=189[dirt:1] | F13=121[cobblestone:73 andesite:26 oak_log:4] | F14=151[cobblestone:43 torch:24 sand:18] | F15=176[coal:44 cobblestone:31 diorite:27] | F16=200[cobblestone:111 diorite:22 torch:22] | F17=117[cobblestone:72 diorite:20 dirt:16] | F18=79[raw_copper:40 cobblestone:33 torch:24] | F19=195[empty]
   mem: heap=142M/186M old=-1M ext=189M ab=186M rss=492M cols=91 ents=110 evicted=106 path=3a/0q (max 6) stale=0
F6 [F6] combat: sheltering from skeleton (arrow wall, cells 3/8, sentry re-verdict)
F6 [F6] died - respawning (cause: server: was shot by Skeleton [kind=mob by Skeleton] | inferred: skeleton@1.8 (0s before death at [-143,64,419]) [the inference corroborates the server verdict])
F6 [F6] death drop: ~2u lost at [-143,64,419] (stone_pickaxe 1, wooden_sword 1)
F6 [F6] water: death spot memorized as a hazard at [-143,64,419] (7 live, fleet-wide)
[hb] n=40 ts=801s rss=490M late=192ms mainLate=687ms
F11 [F11] combat: shelter dig-earn: 36 free slot(s), the dig supplies the seal
F11 [F11] combat: shelter try vs skeleton (dist 9.1, sentry)
F11 [F11] combat: shelter skip (open field: no diggable wall, skeleton@9.1)
F11 [F11] combat: shelter skip (open field: ring stock 0/2, threat@9.1 beyond the earn edge - the flee wins)
F11 [F11] combat: fleeing skeleton (dist 9.1, hp 17.8, 1 nearby, sentry)
F14 smelted 5 (iron_ingot:4 stone:1) rescued=7
F14 iron commune: the set is complete (4/3) - crafting the pick on the spot
F3 [F3] combat: verdict flipped to flee vs skeleton (hp 4.2)
F3 [F3] combat: shelter try vs skeleton (dist 5.5, proximity re-verdict)
F3 [F3] combat: shelter skip (open field: no diggable wall, skeleton@5.5)
F3 [F3] combat: shelter ring ranged mode: the full ring is refused, the arrow wall owns it vs skeleton@5.5
F3 [F3] combat: shelter ring try vs skeleton (dist 5.5, +x-x-z+z first, arrow wall, proximity re-verdict)
F3 [F3] combat: sheltering from skeleton (arrow wall, cells 2/8, proximity re-verdict)
F13 [F13] climb wet escape: 4 blocks walked (budget, walked 15/4)
F14 [toolupgrade] spare table: crafted
F3 final climb: failed - stalled
F3 final bank: 0 (still underground after 2 climb attempts - the chain from the shaft bottom is doomed walks)
F14 [toolupgrade] iron_pickaxe: crafted (iron available)
F14 tool upgrade (commune): OK -> iron_pickaxe (iron available)
F2 [F2] water: drowning rescue start (drowning, oxygen 0)
F2 [F2] water: rescue complete in 0.0s
F2 [F2] water: liar ladder ratchets - confirmed no-op glitch page #11, the next override needs 40 fresh critical-on-dry reads
F3 [F3] died - respawning (cause: server: was shot by Skeleton [kind=mob by Skeleton] | inferred: skeleton@3.9 (0s before death at [-111,66,408]) [the inference corroborates the server verdict])
F3 [F3] death drop: ~150u lost at [-111,66,408] (cobblestone 58, dirt 35, andesite 29, gravel 10, oak_sapling 5, +8 more)
F3 [F3] water: death spot memorized as a hazard at [-111,66,408] (8 live, fleet-wide)
F13 [F13] climb wet escape: 4 blocks walked (budget, walked 16/4)
F16 [F16] climb diag: level at y=63 blocked toward 0,-1 (dug=29)
F2 [F2] water: drowning rescue start (drowning, oxygen 0)
F2 [F2] water: rescue complete in 0.0s
F2 [F2] water: liar ladder ratchets - confirmed no-op glitch page #12, the next override needs 40 fresh critical-on-dry reads
F13 [F13] climb wet escape: 4 blocks walked (budget, walked 17/4)
F19 [F19] combat: shelter dig-earn: 36 free slot(s), the dig supplies the seal
F19 [F19] combat: shelter try vs skeleton (dist 5.6, proximity)
F19 [F19] combat: shelter skip (open field: no diggable wall, skeleton@5.6)
F19 [F19] combat: shelter skip (open field: ring stock 0/2, ground earns nothing)
F19 [F19] combat: fleeing skeleton (dist 5.6, hp 20.0, 1 nearby, proximity)
F2 [F2] water: drowning rescue start (drowning, oxygen 0)
F2 [F2] water: rescue complete in 0.0s
F2 [F2] water: liar ladder ratchets - confirmed no-op glitch page #13, the next override needs 40 fresh critical-on-dry reads
F13 [F13] climb wet escape: 4 blocks walked (budget, walked 18/4)
F14 [F14] raw hop failed: raw walk: no net progress for 8087ms (best d=4.0) - pathfinder retry
F14 [F14] direct deposit: 27 chest slots derived from the 63-slot view
F14 [F14] banked 81 items at (-137, 68, 404) (direct=6 fallback=0 mirror=true kept: crafting_table, oak_planks, stick, wooden_shovel)
F14 final bank: +81
F4 [F4] water: air-bar glitch override - 40 consecutive critical-on-dry reads, believing the bar at [-103,65,393]
F4 [F4] water: drowning rescue start (drowning, oxygen 0)
F4 [F4] water: rescue complete in 0.0s
F4 [F4] water: dry-land proof (rescue saw no water in 0.0s) - the critical-on-dry streak restarts, the next glitch page waits 20s
F4 [F4] water: liar ladder ratchets - confirmed no-op glitch page #11, the next override needs 40 fresh critical-on-dry reads
F2 [F2] water: drowning rescue start (drowning, oxygen 0)
F2 [F2] water: rescue complete in 0.0s
F2 [F2] water: liar ladder ratchets - confirmed no-op glitch page #14, the next override needs 40 fresh critical-on-dry reads
F16 [F16] climb rise assist: assist did not complete (goto: climb rise assist: timeout after 4500ms)
F13 [F13] climb wet escape: 4 blocks walked (budget, walked 19/4)
F16 [F16] climb diag: level at y=63 did not rise (food=14, dug=30) feet=air support=grass_block step=leaf_litter head=air
F13 [F13] climb wet escape: 1 blocks walked (budget, walked 20/4)
F13 final climb: failed - timeout
F13 final bank: 0 (still underground after 2 climb attempts - the chain from the shaft bottom is doomed walks)
t-0s alive=19/19 mined=3160 map=1368p/21ch banked=754 smelted=38 pocket=1492u/193s | sand=44 gravel=3 dirt=76 stone=2
   deficits: 157926/44 (0.0%) 149380/3 (0.0%) 31860/0 (0.0%) 27420/0 (0.0%) 10725/46 (0.4%)
   F1=199[cobblestone:137 torch:22 oak_log:3] | F2=88[leaf_litter:4 dirt:3 rotten_flesh:2] | F3=148[empty] | F4=192[cobblestone:77 oak_log:5 iron_ingot:5] | F5=112[empty] | F6=253[empty] | F7=194[stick:8 oak_planks:5 cobblestone:4] | F8=167[cobblestone:67 dirt:13 raw_iron:6] | F9=178[cobblestone:92 sand:21 raw_copper:18] | F10=209[oak_log:5 cobblestone:5 oak_planks:5] | F11=191[empty] | F12=189[dirt:1] | F13=121[cobblestone:73 andesite:26 oak_log:4] | F14=151[torch:24 oak_sapling:3 wooden_pickaxe:3] | F15=176[coal:44 cobblestone:31 diorite:27] | F16=201[cobblestone:111 diorite:22 torch:22] | F17=117[cobblestone:72 diorite:20 dirt:16] | F18=79[raw_copper:40 cobblestone:33 torch:24] | F19=195[empty]
   mem: heap=164M/191M old=-1M ext=192M ab=189M rss=492M cols=91 ents=110 evicted=106 path=2a/0q (max 6) stale=0
F12 [F12] combat: shelter try vs drowned (dist 6.6, proximity)
F12 [F12] combat: shelter skip (open field: no diggable wall, drowned@6.6)
F12 [F12] combat: shelter skip (open field: ring stock 1/8, ground earns nothing)
F12 [F12] combat: fleeing drowned (dist 6.6, hp 20.0, 1 nearby, proximity)
F16 [F16] climb bridge: placed cobblestone at [-107,61,376] (pit) - the step re-judges
F2 [F2] water: air-bar glitch ignored (oxygen 0 on dry land at [-109,67,439], 231 total)
F2 [F2] water: drowning witnessed by damage (health 20 -> 17.364810943603516 on a 'dry' critical bar) - the witness outranks the ladder and the gate
F2 [F2] water: drowning rescue start (drowning, oxygen 0)
F2 [F2] water: rescue complete in 0.0s
F2 [F2] water: liar ladder ratchets - confirmed no-op glitch page #15, the next override needs 40 fresh critical-on-dry reads
F9 smelted 0 () rescued=0 fired=18
F16 [F16] climb bridge: placed cobblestone at [-107,62,376] (support) - the step re-judges
F4 [F4] water: air-bar glitch ignored (oxygen 0 on dry land at [-103,65,393], 568 total)
F16 [F16] climb diag: level at y=64 blocked toward 0,1 (dug=30)
F6 [F6] combat: shelter dig-earn: 36 free slot(s), the dig supplies the seal
F6 [F6] combat: shelter try vs skeleton (dist 10.9, sentry)
F6 [F6] combat: shelter skip (open field: no diggable wall, skeleton@10.9)
F6 [F6] combat: shelter skip (open field: ring stock 0/2, threat@10.9 beyond the earn edge - the flee wins)
F6 [F6] combat: fleeing skeleton (dist 10.9, hp 17.0, 1 nearby, sentry)
F6 [F6] combat: flee bearing rotated 90deg (water/hazard vetoes the away target) vs skeleton (sentry)
F10 [F10] water: air-bar glitch ignored (oxygen 0 on dry land at [-84,55,388], 418 total)
F16 final climb: failed - stalled
F16 final bank: 0 (still underground after 2 climb attempts - the chain from the shaft bottom is doomed walks)
F2 [F2] water: drowning rescue start (drowning, oxygen 0)
F2 [F2] water: rescue complete in 0.0s
F2 [F2] water: liar ladder ratchets - confirmed no-op glitch page #16, the next override needs 40 fresh critical-on-dry reads
F9 iron commune: chest holds 0 ingot(s) - nothing to complete here
F10 [F10] water: air-bar glitch override - 40 consecutive critical-on-dry reads, believing the bar at [-84,55,388]
F10 [F10] water: drowning rescue start (drowning, oxygen 0)
F10 [F10] water: rescue complete in 0.0s
F10 [F10] water: dry-land proof (rescue saw no water in 0.0s) - the critical-on-dry streak restarts, the next glitch page waits 20s
F10 [F10] water: liar ladder ratchets - confirmed no-op glitch page #8, the next override needs 40 fresh critical-on-dry reads
F11 [F11] combat: shelter dig-earn: 36 free slot(s), the dig supplies the seal
F11 [F11] combat: shelter try vs skeleton (dist 11.1, sentry)
F11 [F11] combat: shelter skip (open field: no diggable wall, skeleton@11.1)
F11 [F11] combat: shelter skip (open field: ring stock 0/2, threat@11.1 beyond the earn edge - the flee wins)
F11 [F11] combat: fleeing skeleton (dist 11.1, hp 15.2, 1 nearby, sentry)
[hb] n=41 ts=821s rss=493M late=195ms mainLate=904ms
F9 iron commune: chest holds 0 ingot(s) - nothing to complete here
F2 [F2] water: drowning rescue start (drowning, oxygen 0)
F2 [F2] water: rescue complete in 0.0s
F2 [F2] water: liar ladder ratchets - confirmed no-op glitch page #17, the next override needs 40 fresh critical-on-dry reads
F9 iron commune: chest holds 0 ingot(s) - nothing to complete here
F9 [F9] direct deposit: 27 chest slots derived from the 63-slot view
F9 [F9] direct deposit: 27 chest slots derived from the 63-slot view
F9 final bank: +192
F6 [F6] combat: shelter dig-earn: 36 free slot(s), the dig supplies the seal
F6 [F6] combat: shelter try vs skeleton (dist 10.8, sentry)
F6 [F6] combat: shelter skip (open field: no diggable wall, skeleton@10.8)
F6 [F6] combat: shelter skip (open field: ring stock 0/2, threat@10.8 beyond the earn edge - the flee wins)
F6 [F6] combat: fleeing skeleton (dist 10.8, hp 16.0, 1 nearby, sentry)
F8 [F8] combat: fighting skeleton (dist 1.6, hp 20.0, 1 nearby, proximity)
F18 [F18] combat: fighting skeleton (dist 1.6, hp 13.8, 1 nearby, proximity)
F2 [F2] water: drowning rescue start (drowning, oxygen 0)
F2 [F2] water: rescue complete in 0.0s
F2 [F2] water: liar ladder ratchets - confirmed no-op glitch page #18, the next override needs 40 fresh critical-on-dry reads
F16 [F16] combat: fighting drowned (dist 3.0, hp 18.5, 1 nearby, proximity)
F18 [F18] combat: verdict flipped to flee vs skeleton (hp 8.8)
F18 [F18] combat: shelter skip (night=true armed=true hp=8.833333969116211 attackers=1 poison=off threat=skeleton@1.4)
F8 [F8] combat: fight ended vs skeleton (mob down, hp 20.0 -> 19.0, swings 4, weapon wooden_sword, 4 rounds)
F2 [F2] water: drowning rescue start (drowning, oxygen 0)
F2 [F2] water: rescue complete in 0.0s
F2 [F2] water: liar ladder ratchets - confirmed no-op glitch page #19, the next override needs 40 fresh critical-on-dry reads
F16 [F16] combat: fight ended vs drowned (mob down, hp 18.5 -> 18.5, swings 2, weapon wooden_sword, 2 rounds)
t-0s alive=19/19 mined=3160 map=1368p/21ch banked=946 smelted=38 pocket=1328u/183s | sand=23 gravel=3 dirt=63 stone=2
   deficits: 157926/23 (0.0%) 149380/3 (0.0%) 31860/0 (0.0%) 27420/0 (0.0%) 10725/46 (0.4%)
   F1=199[cobblestone:137 torch:22 oak_log:3] | F2=88[leaf_litter:4 dirt:3 rotten_flesh:2] | F3=148[empty] | F4=192[cobblestone:77 oak_log:5 iron_ingot:5] | F5=112[empty] | F6=253[empty] | F7=194[stick:8 oak_planks:5 cobblestone:4] | F8=167[cobblestone:67 dirt:13 raw_iron:6] | F9=178[stick:3 wooden_pickaxe:3 birch_log:2] | F10=209[oak_log:5 cobblestone:5 oak_planks:5] | F11=191[empty] | F12=189[dirt:1] | F13=121[cobblestone:73 andesite:26 oak_log:4] | F14=151[torch:24 oak_sapling:3 wooden_pickaxe:3] | F15=176[coal:44 cobblestone:31 diorite:27] | F16=201[cobblestone:109 diorite:22 torch:22] | F17=117[cobblestone:72 diorite:20 dirt:16] | F18=79[raw_copper:40 cobblestone:33 torch:24] | F19=195[empty]
   mem: heap=158M/189M old=-1M ext=194M ab=192M rss=495M cols=91 ents=110 evicted=106 path=2a/0q (max 6) stale=0
F2 [F2] water: drowning rescue start (drowning, oxygen 0)
F2 [F2] water: rescue complete in 0.0s
F2 [F2] water: liar ladder ratchets - confirmed no-op glitch page #20, the next override needs 40 fresh critical-on-dry reads
F2 [F2] water: drowning rescue start (drowning, oxygen 0)
F2 [F2] water: rescue complete in 0.0s
F2 [F2] water: liar ladder ratchets - confirmed no-op glitch page #21, the next override needs 40 fresh critical-on-dry reads
F9 [F9] combat: fighting skeleton (dist 10.0, hp 9.0, 1 nearby, sentry)
F6 [F6] water: drowning rescue start (drowning, oxygen 14)
F6 [F6] water: pass 0 head=wet shore=none land=n/a y=59.0 o2=14 probes=0 at=[-120,59,371]
F2 [F2] water: drowning rescue start (drowning, oxygen 0)
F2 [F2] water: rescue complete in 0.0s
F2 [F2] water: liar ladder ratchets - confirmed no-op glitch page #22, the next override needs 40 fresh critical-on-dry reads
F14 [F14] died - respawning (cause: server: was shot by Skeleton [kind=mob by Skeleton] | inferred: zombie@8.1 (0s before death at [-137,64,404]) [the inference CONTRADICTS the server verdict - the nearest harm was not the killer (the server kind stays the authority)])
F14 [F14] death drop: ~38u lost at [-137,64,404] (torch 24, oak_sapling 3, crafting_table 1, iron_pickaxe 1, oak_planks 1, +8 more)
F14 [F14] water: death spot memorized as a hazard at [-137,64,404] (6 live, fleet-wide)
F9 [F9] combat: verdict flipped to flee vs skeleton (hp 5.0)
F9 [F9] combat: shelter try vs skeleton (dist 3.8, sentry re-verdict)
F9 [F9] combat: shelter skip (open field: no diggable wall, skeleton@3.8)
F9 [F9] combat: shelter ring try vs skeleton (dist 3.8, +x-x+z-z first, arrow wall, sentry re-verdict)
F6 [F6] water: pass 6 head=wet shore=none land=n/a y=61.9 o2=20 probes=0 at=[-120,62,371]
F17 final bank: staggered +88s
F9 [F9] combat: sheltering from skeleton (arrow wall, cells 5/8, sentry re-verdict)
F2 [F2] water: drowning rescue start (drowning, oxygen 0)
F2 [F2] water: rescue complete in 0.0s
F2 [F2] water: liar ladder ratchets - confirmed no-op glitch page #23, the next override needs 40 fresh critical-on-dry reads
[hb] n=42 ts=841s rss=491M late=198ms mainLate=329ms
F6 [F6] water: pass 11 head=dry shore=hit r=3 land=none y=62.1 o2=20 probes=0 at=[-118,62,373]
F11 [F11] combat: shelter dig-earn: 36 free slot(s), the dig supplies the seal
F11 [F11] combat: shelter try vs zombie (dist 6.2, proximity)
F11 [F11] combat: shelter skip (open field: no diggable wall, zombie@6.2)
F11 [F11] combat: shelter skip (open field: ring stock 0/8, ground earns nothing)
F11 [F11] combat: fleeing zombie (dist 6.2, hp 17.3, 2 nearby, proximity)
F2 [F2] water: drowning rescue start (drowning, oxygen 0)
F2 [F2] water: rescue complete in 0.0s
F2 [F2] water: liar ladder ratchets - confirmed no-op glitch page #24, the next override needs 40 fresh critical-on-dry reads
F6 [F6] water: pass 16 head=dry shore=hit r=1 land=none y=62.1 o2=20 probes=0 at=[-114,62,376]
F9 [F9] died - respawning (cause: server: was shot by Skeleton [kind=mob by Skeleton] | inferred: skeleton@0.4 (0s before death at [-111,68,398]) [the inference corroborates the server verdict])
F9 [F9] death drop: ~8u lost at [-111,68,398] (stick 3, stone_pickaxe 1, wooden_pickaxe 1, wooden_pickaxe 1, wooden_pickaxe 1, +1 more)
F9 [F9] water: death spot memorized as a hazard at [-111,68,398] (7 live, fleet-wide)
t-0s alive=19/19 mined=3160 map=1368p/21ch banked=946 smelted=38 pocket=1277u/161s | sand=23 gravel=3 dirt=63 stone=2
   deficits: 157926/23 (0.0%) 149380/3 (0.0%) 31860/0 (0.0%) 27420/0 (0.0%) 10725/46 (0.4%)
   F1=199[cobblestone:137 torch:22 oak_log:3] | F2=88[leaf_litter:4 dirt:3 rotten_flesh:2] | F3=148[empty] | F4=192[cobblestone:77 oak_log:5 iron_ingot:5] | F5=112[empty] | F6=253[empty] | F7=194[stick:8 oak_planks:5 cobblestone:4] | F8=167[cobblestone:67 dirt:13 raw_iron:6] | F9=178[empty] | F10=209[oak_log:5 cobblestone:5 oak_planks:5] | F11=191[empty] | F12=189[dirt:1] | F13=121[cobblestone:73 andesite:26 oak_log:4] | F14=151[empty] | F15=176[coal:44 cobblestone:31 diorite:27] | F16=201[cobblestone:109 diorite:22 torch:22] | F17=117[cobblestone:72 diorite:20 dirt:16] | F18=79[raw_copper:40 cobblestone:33 torch:24] | F19=195[empty]
   mem: heap=152M/188M old=-1M ext=200M ab=198M rss=497M cols=0 ents=0 evicted=0 path=0a/0q (max 6) stale=0
F6 [F6] water: pass 20 head=dry shore=hit r=1 land=none y=64.0 o2=20 probes=0 at=[-112,64,376]
F2 [F2] water: air-bar glitch ignored (oxygen 0 on dry land at [-109,67,439], 241 total)
F2 [F2] water: drowning witnessed by damage (health 20 -> 17.364810943603516 on a 'dry' critical bar) - the witness outranks the ladder and the gate
F2 [F2] water: drowning rescue start (drowning, oxygen 0)
F2 [F2] water: rescue complete in 0.0s
F2 [F2] water: liar ladder ratchets - confirmed no-op glitch page #25, the next override needs 40 fresh critical-on-dry reads
F4 [F4] water: air-bar glitch ignored (oxygen 0 on dry land at [-103,65,393], 618 total)
F11 [F11] combat: shelter dig-earn: 36 free slot(s), the dig supplies the seal
F11 [F11] combat: shelter try vs spider (dist 5.3, proximity)
F11 [F11] combat: shelter skip (open field: no diggable wall, spider@5.3)
F11 [F11] combat: shelter skip (open field: ring stock 0/8, ground earns nothing)
F11 [F11] combat: fleeing spider (dist 5.3, hp 17.3, 3 nearby, proximity)
F11 [F11] combat: flee bearing rotated 180deg (water/hazard vetoes the away target) vs spider (proximity)
F10 [F10] water: air-bar glitch ignored (oxygen 0 on dry land at [-84,55,388], 463 total)
F2 [F2] water: drowning rescue start (drowning, oxygen 0)
F2 [F2] water: rescue complete in 0.0s
F2 [F2] water: liar ladder ratchets - confirmed no-op glitch page #26, the next override needs 40 fresh critical-on-dry reads
F6 [F6] water: pass 24 head=dry shore=hit r=1 land=none y=63.8 o2=20 probes=0 at=[-114,64,379]
F6 [F6] water: rescue complete in 14.1s
F6 [F6] water: hazard memorized at [-115,62,375] (8 live, fleet-wide)
F2 [F2] water: drowning rescue start (drowning, oxygen 0)
F2 [F2] water: rescue complete in 0.0s
F2 [F2] water: liar ladder ratchets - confirmed no-op glitch page #27, the next override needs 40 fresh critical-on-dry reads
F2 [F2] water: witness stands down - a zombie at 7.1b owns the decline (combat, not a drain)
F2 [F2] combat: shelter try vs zombie (dist 6.5, proximity)
F2 [F2] combat: shelter skip (open field: no diggable wall, zombie@6.5)
F2 [F2] combat: shelter skip (open field: ring not buildable [-o oo oo -o] vs zombie@6.5)
F2 [F2] combat: fleeing zombie (dist 6.5, hp 17.4, 1 nearby, proximity)
F4 [F4] water: air-bar glitch override - 40 consecutive critical-on-dry reads, believing the bar at [-103,65,393]
F4 [F4] water: drowning rescue start (drowning, oxygen 0)
F4 [F4] water: rescue complete in 0.0s
F4 [F4] water: dry-land proof (rescue saw no water in 0.0s) - the critical-on-dry streak restarts, the next glitch page waits 20s
F4 [F4] water: liar ladder ratchets - confirmed no-op glitch page #12, the next override needs 40 fresh critical-on-dry reads
F2 [F2] water: drowning rescue start (drowning, oxygen 0)
F2 [F2] water: rescue complete in 0.0s
F2 [F2] water: liar ladder ratchets - confirmed no-op glitch page #28, the next override needs 40 fresh critical-on-dry reads
F11 [F11] died - respawning (cause: server: was slain by Spider [kind=mob by Spider] | inferred: spider@1.0 (0s before death at [-163,65,439]) [the inference corroborates the server verdict])
F11 [F11] death drop: pocket read empty at death (0u)
F11 [F11] water: death spot memorized as a hazard at [-163,65,439] (8 live, fleet-wide)
t-0s alive=19/19 mined=3160 map=1368p/21ch banked=946 smelted=38 pocket=1277u/161s | sand=23 gravel=3 dirt=63 stone=2
   deficits: 157926/23 (0.0%) 149380/3 (0.0%) 31860/0 (0.0%) 27420/0 (0.0%) 10725/46 (0.4%)
   F1=199[cobblestone:137 torch:22 oak_log:3] | F2=88[leaf_litter:4 dirt:3 rotten_flesh:2] | F3=148[empty] | F4=192[cobblestone:77 oak_log:5 iron_ingot:5] | F5=112[empty] | F6=253[empty] | F7=194[stick:8 oak_planks:5 cobblestone:4] | F8=167[cobblestone:67 dirt:13 raw_iron:6] | F9=178[empty] | F10=209[oak_log:5 cobblestone:5 oak_planks:5] | F11=191[empty] | F12=189[dirt:1] | F13=121[cobblestone:73 andesite:26 oak_log:4] | F14=151[empty] | F15=176[coal:44 cobblestone:31 diorite:27] | F16=201[cobblestone:109 diorite:22 torch:22] | F17=117[cobblestone:72 diorite:20 dirt:16] | F18=79[raw_copper:40 cobblestone:33 torch:24] | F19=195[empty]
   mem: heap=148M/188M old=-1M ext=196M ab=193M rss=496M cols=0 ents=0 evicted=0 path=0a/0q (max 6) stale=0
[hb] n=43 ts=861s rss=494M late=204ms mainLate=85ms
F2 [F2] combat: shelter try vs zombie (dist 4.9, proximity)
F2 [F2] combat: shelter skip (open field: no diggable wall, zombie@4.9)
F2 [F2] combat: shelter skip (open field: ring stock 3/8, ground earns nothing)
F2 [F2] combat: fleeing zombie (dist 4.9, hp 17.4, 1 nearby, proximity)
F11 [F11] combat: shelter dig-earn: 36 free slot(s), the dig supplies the seal
F11 [F11] combat: shelter try vs skeleton (dist 6.9, proximity)
F11 [F11] combat: shelter skip (open field: no diggable wall, skeleton@6.9)
F11 [F11] combat: shelter skip (open field: ring stock 0/2, ground earns nothing)
F11 [F11] combat: fleeing skeleton (dist 6.9, hp 20.0, 1 nearby, proximity)
F10 [F10] water: air-bar glitch override - 40 consecutive critical-on-dry reads, believing the bar at [-84,55,388]
F10 [F10] water: drowning rescue start (drowning, oxygen 0)
F10 [F10] water: rescue complete in 0.0s
F10 [F10] water: dry-land proof (rescue saw no water in 0.0s) - the critical-on-dry streak restarts, the next glitch page waits 20s
F10 [F10] water: liar ladder ratchets - confirmed no-op glitch page #9, the next override needs 40 fresh critical-on-dry reads
F2 [F2] combat: flee bearing rotated 90deg (water/hazard vetoes the away target) vs zombie (proximity)
F3 [F3] combat: shelter dig-earn: 36 free slot(s), the dig supplies the seal
F3 [F3] combat: shelter try vs skeleton (dist 6.2, proximity)
F3 [F3] combat: shelter skip (open field: no diggable wall, skeleton@6.2)
F3 [F3] combat: shelter skip (open field: ring stock 0/2, ground earns nothing)
F3 [F3] combat: fleeing skeleton (dist 6.2, hp 20.0, 1 nearby, proximity)
F3 [F3] combat: flee bearing rotated 90deg (water/hazard vetoes the away target) vs skeleton (proximity)
F9 [F9] combat: shelter dig-earn: 36 free slot(s), the dig supplies the seal
F9 [F9] combat: shelter try vs skeleton (dist 4.4, proximity)
F9 [F9] combat: shelter skip (open field: no diggable wall, skeleton@4.4)
F9 [F9] combat: shelter skip (open field: ring stock 0/1, ground earns nothing)
F9 [F9] combat: fleeing skeleton (dist 4.4, hp 20.0, 1 nearby, proximity)
F9 [F9] combat: flee bearing rotated 90deg (water/hazard vetoes the away target) vs skeleton (proximity)
F19 [F19] combat: shelter dig-earn: 36 free slot(s), the dig supplies the seal
F19 [F19] combat: shelter try vs skeleton (dist 6.0, proximity)
F19 [F19] combat: shelter skip (open field: no diggable wall, skeleton@6.0)
F19 [F19] combat: shelter skip (open field: ring stock 0/2, ground earns nothing)
F19 [F19] combat: fleeing skeleton (dist 6.0, hp 20.0, 1 nearby, proximity)
F19 [F19] combat: flee bearing rotated 90deg (water/hazard vetoes the away target) vs skeleton (proximity)
F2 [F2] water: drowning rescue start (drowning, oxygen 0)
F2 [F2] water: rescue complete in 0.0s
F2 [F2] water: liar ladder ratchets - confirmed no-op glitch page #29, the next override needs 40 fresh critical-on-dry reads
F2 [F2] combat: shelter try vs zombie (dist 5.3, proximity)
F2 [F2] combat: shelter skip (open field: no diggable wall, zombie@5.3)
F2 [F2] combat: shelter skip (open field: ring stock 3/8, ground earns nothing)
F2 [F2] combat: fleeing zombie (dist 5.3, hp 17.4, 1 nearby, proximity)
F14 [F14] combat: shelter dig-earn: 36 free slot(s), the dig supplies the seal
F14 [F14] combat: shelter try vs skeleton (dist 6.1, proximity)
F14 [F14] combat: shelter skip (open field: no diggable wall, skeleton@6.1)
F14 [F14] combat: shelter skip (open field: ring stock 0/2, ground earns nothing)
F14 [F14] combat: fleeing skeleton (dist 6.1, hp 20.0, 1 nearby, proximity)
F14 [F14] combat: flee bearing rotated 90deg (water/hazard vetoes the away target) vs skeleton (proximity)
t-0s alive=19/19 mined=3160 map=1368p/21ch banked=946 smelted=38 pocket=1288u/163s | sand=23 gravel=13 dirt=63 stone=2
   deficits: 157926/23 (0.0%) 149380/13 (0.0%) 31860/0 (0.0%) 27420/0 (0.0%) 10725/46 (0.4%)
   F1=199[cobblestone:137 torch:22 oak_log:3] | F2=88[gravel:10 leaf_litter:4 dirt:3] | F3=148[empty] | F4=192[cobblestone:77 oak_log:5 iron_ingot:5] | F5=112[empty] | F6=253[empty] | F7=194[stick:8 oak_planks:5 cobblestone:4] | F8=167[cobblestone:67 dirt:13 raw_iron:6] | F9=178[empty] | F10=209[oak_log:5 cobblestone:5 oak_planks:5] | F11=191[empty] | F12=189[dirt:1] | F13=121[cobblestone:73 andesite:26 oak_log:4] | F14=151[empty] | F15=176[coal:44 cobblestone:31 diorite:27] | F16=201[cobblestone:109 diorite:22 torch:22] | F17=117[cobblestone:72 diorite:20 dirt:16] | F18=79[raw_copper:40 cobblestone:33 torch:24] | F19=195[empty]
   mem: heap=152M/190M old=-1M ext=196M ab=194M rss=498M cols=0 ents=0 evicted=0 path=2a/0q (max 6) stale=0
F3 [F3] combat: shelter dig-earn: 36 free slot(s), the dig supplies the seal
F3 [F3] combat: shelter try vs skeleton (dist 8.0, sentry)
F3 [F3] combat: shelter skip (open field: no diggable wall, skeleton@8.0)
F3 [F3] combat: shelter skip (open field: ring stock 0/1, threat@8.0 beyond the earn edge - the flee wins)
F3 [F3] combat: fleeing skeleton (dist 8.0, hp 16.0, 1 nearby, sentry)
F4 [F4] water: air-bar glitch ignored (oxygen 0 on dry land at [-103,65,393], 664 total)
F11 [F11] combat: shelter dig-earn: 36 free slot(s), the dig supplies the seal
F11 [F11] combat: shelter try vs skeleton (dist 5.5, proximity)
F11 [F11] combat: shelter skip (open field: no diggable wall, skeleton@5.5)
F11 [F11] combat: shelter ring ranged mode: the full ring is refused, the arrow wall owns it vs skeleton@5.5
F11 [F11] combat: shelter skip (open field: ring stock 0/2, ground earns nothing)
F11 [F11] combat: fleeing skeleton (dist 5.5, hp 20.0, 1 nearby, proximity)
F11 [F11] combat: flee bearing rotated 90deg (water/hazard vetoes the away target) vs skeleton (proximity)
F10 [F10] water: air-bar glitch ignored (oxygen 0 on dry land at [-84,55,388], 509 total)
F9 [F9] water: drowning rescue start (drowning, oxygen 11)
F9 [F9] water: pass 0 head=wet shore=none land=n/a y=57.9 o2=11 probes=0 at=[-134,58,377]
[hb] n=44 ts=881s rss=496M late=209ms mainLate=51ms
F3 [F3] combat: shelter dig-earn: 36 free slot(s), the dig supplies the seal
F3 [F3] combat: shelter try vs skeleton (dist 1.7, sentry)
F2 [F2] water: air-bar glitch ignored (oxygen 0 on dry land at [-88,64,386], 249 total)
F2 [F2] water: drowning witnessed by damage (health 20 -> 17.364810943603516 on a 'dry' critical bar) - the witness outranks the ladder and the gate
F2 [F2] water: drowning rescue start (drowning, oxygen 0)
F2 [F2] water: rescue complete in 0.0s
F2 [F2] water: liar ladder ratchets - confirmed no-op glitch page #30, the next override needs 40 fresh critical-on-dry reads
F9 [F9] water: pass 7 head=wet shore=none land=n/a y=61.9 o2=18 probes=0 at=[-134,62,377]
F14 [F14] water: drowning rescue start (drowning, oxygen 12)
F14 [F14] water: pass 0 head=wet shore=none land=n/a y=54.7 o2=12 probes=0 at=[-147,55,378]
F2 [F2] water: drowning rescue start (drowning, oxygen 0)
F2 [F2] water: rescue complete in 0.0s
F2 [F2] water: liar ladder ratchets - confirmed no-op glitch page #31, the next override needs 40 fresh critical-on-dry reads
F9 [F9] water: pass 13 head=dry shore=hit r=5 land=none y=62.4 o2=20 probes=0 at=[-131,62,380]
F14 [F14] water: pass 9 head=wet shore=none land=n/a y=61.8 o2=10 probes=0 at=[-147,62,378]
F9 [F9] water: pass 18 head=dry shore=hit r=2 land=none y=62.4 o2=20 probes=0 at=[-128,62,384]
F2 [F2] water: drowning rescue start (drowning, oxygen 0)
F2 [F2] water: rescue complete in 0.0s
F2 [F2] water: liar ladder ratchets - confirmed no-op glitch page #32, the next override needs 40 fresh critical-on-dry reads
F14 [F14] water: pass 14 head=dry shore=hit r=9 land=none y=62.7 o2=20 probes=0 at=[-148,63,376]
F4 [F4] water: drowning witnessed by damage (health 20 -> 16 on a 'dry' critical bar) - the witness outranks the ladder and the gate
F4 [F4] water: drowning rescue start (drowning, oxygen 0)
F4 [F4] water: rescue complete in 0.0s
F4 [F4] water: dry-land proof (rescue saw no water in 0.0s) - the critical-on-dry streak restarts, the next glitch page waits 20s
F4 [F4] water: liar ladder ratchets - confirmed no-op glitch page #13, the next override needs 40 fresh critical-on-dry reads
F4 [F4] combat: fighting skeleton (dist 10.5, hp 16.0, 1 nearby, sentry)
t-0s alive=19/19 mined=3160 map=1368p/21ch banked=946 smelted=38 pocket=1290u/165s | sand=23 gravel=13 dirt=64 stone=2
   deficits: 157926/23 (0.0%) 149380/13 (0.0%) 31860/0 (0.0%) 27420/0 (0.0%) 10725/46 (0.4%)
   F1=199[cobblestone:137 torch:22 oak_log:3] | F2=88[gravel:10 leaf_litter:4 dirt:3] | F3=148[dirt:1] | F4=192[cobblestone:77 oak_log:5 iron_ingot:5] | F5=112[empty] | F6=253[empty] | F7=194[stick:8 oak_planks:5 cobblestone:4] | F8=167[cobblestone:67 dirt:13 raw_iron:6] | F9=178[empty] | F10=209[oak_log:5 cobblestone:5 oak_planks:5] | F11=191[empty] | F12=189[dirt:1] | F13=121[cobblestone:73 andesite:26 oak_log:4] | F14=151[empty] | F15=176[coal:44 cobblestone:31 diorite:27] | F16=201[cobblestone:109 diorite:22 torch:22] | F17=117[cobblestone:72 diorite:20 dirt:16] | F18=79[raw_copper:40 cobblestone:33 torch:24] | F19=195[empty]
   mem: heap=151M/188M old=-1M ext=198M ab=195M rss=496M cols=0 ents=0 evicted=0 path=1a/0q (max 6) stale=0
F9 [F9] water: pass 22 head=dry shore=hit r=1 land=none y=62.2 o2=20 probes=0 at=[-126,62,386]
F14 [F14] water: pass 19 head=dry shore=hit r=6 land=none y=62.3 o2=20 probes=0 at=[-152,62,373]
F2 [F2] water: witness stands down - a skeleton at 7.1b owns the decline (combat, not a drain)
F3 [F3] combat: sheltering from skeleton (seal spent, sentry)
F2 [F2] combat: shelter try vs skeleton (dist 6.6, proximity pre-fight)
F2 [F2] combat: shelter skip (open field: no diggable wall, skeleton@6.6)
F2 [F2] combat: shelter ring try vs skeleton (dist 6.6, -x+x-z+z first, arrow wall, proximity pre-fight)
F4 [F4] combat: melee chase ceiling held (chased 10.1b, skeleton @4.0) - the episode breaks, the next drop reopens it
F4 [F4] combat: ranged cooldown armed vs skeleton (10s) - the chase never wins the arrow trade
F4 [F4] combat: fight ended vs skeleton (chase ceiling, hp 16.0 -> 13.2, swings 1, weapon wooden_sword, 1 rounds)
F9 [F9] water: pass 25 head=dry shore=hit r=1 land=none y=62.3 o2=20 probes=0 at=[-126,62,385]
F14 [F14] water: pass 24 head=dry shore=hit r=2 land=none y=62.0 o2=20 probes=0 at=[-155,62,370]
F3 [F3] died - respawning (cause: server: was shot by Skeleton [kind=mob by Skeleton] | inferred: skeleton@1.2 (0s before death at [-126,60,377]) [the inference corroborates the server verdict])
F3 [F3] death drop: pocket read empty at death (0u)
F3 [F3] water: death spot memorized as a hazard at [-126,60,377] (7 live, fleet-wide)
F5 [F5] combat: shelter dig-earn: 36 free slot(s), the dig supplies the seal
F5 [F5] combat: shelter try vs zombie (dist 6.2, proximity)
F5 [F5] combat: shelter skip (open field: no diggable wall, zombie@6.2)
F5 [F5] combat: shelter skip (open field: ring stock 0/8, ground earns nothing)
F5 [F5] combat: fleeing zombie (dist 6.2, hp 20.0, 1 nearby, proximity)
F2 [F2] combat: sheltering from skeleton (arrow wall, cells 5/8, proximity pre-fight)
F14 [F14] water: pass 28 head=dry shore=hit r=1 land=none y=62.0 o2=20 probes=0 at=[-158,62,368]
F9 [F9] water: pass 28 head=dry shore=hit r=1 land=none y=62.1 o2=20 probes=0 at=[-128,62,385]
F2 [F2] water: drowning rescue start (drowning, oxygen 0)
F2 [F2] water: rescue complete in 0.0s
F2 [F2] water: liar ladder ratchets - confirmed no-op glitch page #33, the next override needs 40 fresh critical-on-dry reads
F9 [F9] water: rescue complete in 16.1s
F9 [F9] water: hazard memorized at [-128,62,385] (8 live, fleet-wide)
F9 [F9] combat: shelter dig-earn: 36 free slot(s), the dig supplies the seal
F9 [F9] combat: shelter try vs skeleton (dist 3.7, proximity)
F9 [F9] combat: shelter skip (open field: no diggable wall, skeleton@3.7)
F9 [F9] combat: shelter skip (open field: ring not buildable [-o -o -o -o], no arrow wall either vs skeleton@3.7)
F9 [F9] combat: fleeing skeleton (dist 3.7, hp 20.0, 2 nearby, proximity)
F12 [F12] combat: shelter try vs skeleton (dist 5.6, proximity)
F12 [F12] combat: shelter skip (open field: no diggable wall, skeleton@5.6)
F12 [F12] combat: shelter skip (open field: ring stock 1/2, ground earns nothing)
F12 [F12] combat: fleeing skeleton (dist 5.6, hp 20.0, 1 nearby, proximity)
F14 [F14] water: pass 33 head=dry shore=hit r=1 land=none y=63.4 o2=20 probes=0 at=[-163,63,368]
F2 [F2] water: drowning rescue start (drowning, oxygen 0)
F2 [F2] water: rescue complete in 0.0s
F2 [F2] water: liar ladder ratchets - confirmed no-op glitch page #34, the next override needs 40 fresh critical-on-dry reads
F14 [F14] water: pass 37 head=dry shore=hit r=1 land=none y=65.3 o2=20 probes=0 at=[-168,65,365]
F5 [F5] combat: shelter dig-earn: 36 free slot(s), the dig supplies the seal
F5 [F5] combat: shelter try vs zombie (dist 5.2, proximity)
F5 [F5] combat: shelter skip (open field: no diggable wall, zombie@5.2)
F5 [F5] combat: shelter skip (open field: ring stock 0/7, ground earns nothing)
F5 [F5] combat: fleeing zombie (dist 5.2, hp 20.0, 1 nearby, proximity)
F4 [F4] water: drowning rescue start (drowning, oxygen 0)
F4 [F4] water: rescue complete in 0.0s
F4 [F4] water: liar ladder ratchets - confirmed no-op glitch page #14, the next override needs 40 fresh critical-on-dry reads
[worldmap] autosave: merged 1 from disk, 1369 positions on file
[hb] n=45 ts=901s rss=499M late=213ms mainLate=71ms
F2 [F2] water: drowning rescue start (drowning, oxygen 0)
F2 [F2] water: rescue complete in 0.0s
F2 [F2] water: liar ladder ratchets - confirmed no-op glitch page #35, the next override needs 40 fresh critical-on-dry reads
F14 [F14] water: pass 40 head=dry shore=hit r=12 land=none y=66.2 o2=20 probes=0 at=[-169,66,362]
F5 [F5] combat: shelter dig-earn: 36 free slot(s), the dig supplies the seal
F5 [F5] combat: shelter try vs zombie (dist 4.2, proximity)
F5 [F5] combat: shelter skip (open field: no diggable wall, zombie@4.2)
F5 [F5] combat: shelter skip (open field: ring stock 0/7, ground earns nothing)
F5 [F5] combat: fleeing zombie (dist 4.2, hp 20.0, 1 nearby, proximity)
F4 [F4] water: drowning rescue start (drowning, oxygen 0)
F4 [F4] water: rescue complete in 0.0s
F4 [F4] water: liar ladder ratchets - confirmed no-op glitch page #15, the next override needs 40 fresh critical-on-dry reads
t-0s alive=19/19 mined=3160 map=1369p/21ch banked=946 smelted=38 pocket=1287u/164s | sand=23 gravel=13 dirt=61 stone=2
   deficits: 157926/23 (0.0%) 149380/13 (0.0%) 31860/0 (0.0%) 27420/0 (0.0%) 10725/46 (0.4%)
   F1=199[cobblestone:137 torch:22 oak_log:3] | F2=88[gravel:10 leaf_litter:4 rotten_flesh:2] | F3=148[empty] | F4=192[cobblestone:77 oak_log:5 iron_ingot:5] | F5=112[empty] | F6=253[empty] | F7=194[stick:8 oak_planks:5 cobblestone:4] | F8=167[cobblestone:67 dirt:13 raw_iron:6] | F9=178[empty] | F10=209[oak_log:5 cobblestone:5 oak_planks:5] | F11=191[empty] | F12=189[dirt:1] | F13=121[cobblestone:73 andesite:26 oak_log:4] | F14=151[empty] | F15=176[coal:44 cobblestone:31 diorite:27] | F16=201[cobblestone:109 diorite:22 torch:22] | F17=117[cobblestone:72 diorite:20 dirt:16] | F18=79[raw_copper:40 cobblestone:33 torch:24] | F19=195[empty]
   mem: heap=150M/188M old=-1M ext=197M ab=195M rss=497M cols=0 ents=0 evicted=0 path=0a/0q (max 6) stale=0
F5 [F5] combat: shelter dig-earn: 36 free slot(s), the dig supplies the seal
F5 [F5] combat: shelter try vs zombie (dist 2.8, proximity)
F5 [F5] combat: shelter skip (open field: no diggable wall, zombie@2.8)
F5 [F5] combat: shelter skip (open field: ring not buildable [-o -o oo oo] vs zombie@2.8)
F5 [F5] combat: fleeing zombie (dist 2.8, hp 20.0, 1 nearby, proximity)
F2 [F2] water: drowning rescue start (drowning, oxygen 0)
F2 [F2] water: rescue complete in 0.0s
F2 [F2] water: liar ladder ratchets - confirmed no-op glitch page #36, the next override needs 40 fresh critical-on-dry reads
F14 [F14] water: pass 43 head=dry shore=hit r=10 land=none y=66.2 o2=20 probes=0 at=[-168,66,360]
F4 [F4] combat: shelter try vs skeleton (dist 6.9, proximity)
F4 [F4] combat: shelter skip (open field: no diggable wall, skeleton@6.9)
F4 [F4] combat: shelter ring try vs skeleton (dist 6.9, -z+z+x-x first, arrow wall, proximity)
F5 [F5] combat: shelter dig-earn: 36 free slot(s), the dig supplies the seal
F5 [F5] combat: shelter try vs zombie (dist 1.3, proximity)
F5 [F5] combat: shelter skip (open field: no diggable wall, zombie@1.3)
F5 [F5] combat: shelter skip (open field: ring not buildable [-o -o oo oo] vs zombie@1.3)
F5 [F5] combat: fleeing zombie (dist 1.3, hp 17.0, 1 nearby, proximity)
F5 [F5] combat: shelter dig-earn: 36 free slot(s), the dig supplies the seal
F5 [F5] combat: shelter try vs zombie (dist 0.4, sentry)
F5 [F5] combat: shelter skip (open field: no diggable wall, zombie@0.4)
F5 [F5] combat: shelter skip (open field: ring not buildable [-o -o oo oo] vs zombie@0.4)
F5 [F5] combat: fleeing zombie (dist 0.4, hp 15.5, 1 nearby, sentry)
F5 [F5] combat: shelter dig-earn: 36 free slot(s), the dig supplies the seal
F5 [F5] combat: shelter try vs zombie (dist 0.8, proximity)
F5 [F5] combat: shelter skip (open field: no diggable wall, zombie@0.8)
F5 [F5] combat: shelter skip (open field: ring not buildable [-o -o xo oo] vs zombie@0.8)
F5 [F5] combat: fleeing zombie (dist 0.8, hp 16.0, 1 nearby, proximity, kite)
F5 [F5] combat: flee kite hop toward the yard (-136,387) vs zombie (proximity)
F5 [F5] combat: flee kite hop toward the yard (-136,387) vs zombie (proximity)
F5 [F5] combat: flee kite hop toward the yard (-136,387) vs zombie (proximity)
F5 [F5] combat: shelter dig-earn: 36 free slot(s), the dig supplies the seal
F5 [F5] combat: shelter try vs zombie (dist 0.6, sentry)
F5 [F5] combat: shelter skip (open field: no diggable wall, zombie@0.6)
F5 [F5] combat: shelter skip (open field: ring not buildable [-o -o xo oo] vs zombie@0.6)
F5 [F5] combat: fleeing zombie (dist 0.6, hp 13.3, 1 nearby, sentry, kite)
F5 [F5] combat: flee kite hop toward the yard (-136,387) vs zombie (sentry)
F5 [F5] combat: flee kite hop toward the yard (-136,387) vs zombie (sentry)
F5 [F5] combat: flee kite hop toward the yard (-136,387) vs zombie (sentry)
F10 [F10] water: air-bar glitch ignored (oxygen 0 on dry land at [-84,55,388], 558 total)
F10 [F10] water: air-bar glitch override - 40 consecutive critical-on-dry reads, believing the bar at [-84,55,388]
F10 [F10] water: drowning rescue start (drowning, oxygen 0)
F10 [F10] water: rescue complete in 0.0s
F10 [F10] water: dry-land proof (rescue saw no water in 0.0s) - the critical-on-dry streak restarts, the next glitch page waits 20s
F10 [F10] water: liar ladder ratchets - confirmed no-op glitch page #10, the next override needs 40 fresh critical-on-dry reads
F9 [F9] combat: shelter dig-earn: 36 free slot(s), the dig supplies the seal
F9 [F9] combat: shelter try vs skeleton (dist 7.0, sentry)
F9 [F9] combat: shelter skip (open field: no diggable wall, skeleton@7.0)
F9 [F9] combat: shelter skip (open field: ring stock 0/2, ground earns nothing)
F9 [F9] combat: fleeing skeleton (dist 7.0, hp 17.0, 1 nearby, sentry)
F14 [F14] water: rescue complete in 25.9s
F14 [F14] water: hazard memorized at [-158,62,368] (9 live, fleet-wide)
F4 [F4] combat: sheltering from skeleton (arrow wall, cells 8/8, proximity)
F2 [F2] water: drowning rescue start (drowning, oxygen 0)
F2 [F2] water: rescue complete in 0.0s
F2 [F2] water: liar ladder ratchets - confirmed no-op glitch page #37, the next override needs 40 fresh critical-on-dry reads
F5 [F5] died - respawning (cause: server: was slain by Zombie [kind=mob by Zombie] | inferred: zombie@0.8 (0s before death at [-148,69,383]) [the inference corroborates the server verdict])
F5 [F5] death drop: pocket read empty at death (0u)
F5 [F5] water: death spot memorized as a hazard at [-148,69,383] (10 live, fleet-wide)
F2 [F2] water: air-bar glitch ignored (oxygen 0 on dry land at [-87,64,386], 262 total)
F2 [F2] water: drowning witnessed by damage (health 20 -> 17.364810943603516 on a 'dry' critical bar) - the witness outranks the ladder and the gate
F2 [F2] water: drowning rescue start (drowning, oxygen 0)
F2 [F2] water: rescue complete in 0.0s
F2 [F2] water: liar ladder ratchets - confirmed no-op glitch page #38, the next override needs 40 fresh critical-on-dry reads
F19 [F19] combat: shelter dig-earn: 36 free slot(s), the dig supplies the seal
F19 [F19] combat: shelter try vs zombie (dist 5.5, proximity)
F19 [F19] combat: shelter skip (open field: no diggable wall, zombie@5.5)
F19 [F19] combat: shelter skip (open field: ring stock 0/8, ground earns nothing)
F19 [F19] combat: fleeing zombie (dist 5.5, hp 20.0, 1 nearby, proximity)
F19 [F19] combat: flee bearing rotated 90deg (water/hazard vetoes the away target) vs zombie (proximity)
F2 [F2] water: drowning rescue start (drowning, oxygen 0)
F2 [F2] water: rescue complete in 0.0s
F2 [F2] water: liar ladder ratchets - confirmed no-op glitch page #39, the next override needs 40 fresh critical-on-dry reads
F19 [F19] combat: flee bearing rotated 90deg (water/hazard vetoes the away target) vs zombie (proximity)
F2 [F2] water: drowning rescue start (drowning, oxygen 0)
F2 [F2] water: rescue complete in 0.0s
F2 [F2] water: liar ladder ratchets - confirmed no-op glitch page #40, the next override needs 40 fresh critical-on-dry reads
t-0s alive=19/19 mined=3160 map=1369p/21ch banked=946 smelted=38 pocket=1403u/172s | sand=23 gravel=13 dirt=76 stone=2
   deficits: 157926/23 (0.0%) 149380/13 (0.0%) 31860/0 (0.0%) 27420/0 (0.0%) 10725/46 (0.4%)
   F1=199[cobblestone:137 torch:22 oak_log:3] | F2=88[gravel:10 leaf_litter:4 rotten_flesh:2] | F3=148[empty] | F4=192[cobblestone:69 oak_log:5 iron_ingot:5] | F5=112[empty] | F6=253[empty] | F7=194[stick:8 oak_planks:5 cobblestone:4] | F8=167[cobblestone:67 dirt:13 raw_iron:6] | F9=178[cobblestone:57 coal:27 torch:20] | F10=209[oak_log:5 cobblestone:5 oak_planks:5] | F11=191[empty] | F12=189[dirt:1] | F13=121[cobblestone:73 andesite:26 oak_log:4] | F14=151[empty] | F15=176[coal:44 cobblestone:31 diorite:27] | F16=201[cobblestone:109 diorite:22 torch:22] | F17=117[cobblestone:72 diorite:20 dirt:16] | F18=79[raw_copper:40 cobblestone:33 torch:24] | F19=195[empty]
   mem: heap=150M/188M old=-1M ext=196M ab=194M rss=497M cols=0 ents=0 evicted=0 path=1a/0q (max 6) stale=0
F12 [F12] died - respawning (cause: server: was impaled by Drowned [kind=mob by Drowned] | inferred: fall/env (0s before death at [-105,63,368]) [the inference CONTRADICTS the server verdict - the nearest harm was not the killer (the server kind stays the authority)])
F12 [F12] death drop: ~1u lost at [-105,63,368] (dirt 1)
F12 [F12] water: death spot memorized as a hazard at [-105,63,368] (10 live, fleet-wide)
[hb] n=46 ts=921s rss=502M late=218ms mainLate=207ms
F2 [F2] water: drowning rescue start (drowning, oxygen 0)
F2 [F2] water: rescue complete in 0.0s
F2 [F2] water: liar ladder ratchets - confirmed no-op glitch page #41, the next override needs 40 fresh critical-on-dry reads
F9 [F9] combat: fighting skeleton (dist 11.6, hp 17.0, 1 nearby, sentry)
F2 [F2] water: drowning rescue start (drowning, oxygen 0)
F2 [F2] water: rescue complete in 0.0s
F2 [F2] water: liar ladder ratchets - confirmed no-op glitch page #42, the next override needs 40 fresh critical-on-dry reads
F19 [F19] combat: shelter dig-earn: 36 free slot(s), the dig supplies the seal
F19 [F19] combat: shelter try vs skeleton (dist 8.0, sentry)
F19 [F19] combat: shelter skip (open field: no diggable wall, skeleton@8.0)
F19 [F19] combat: shelter ring ranged mode: the full ring is refused, the arrow wall owns it vs skeleton@8.0
F19 [F19] combat: shelter skip (open field: ring stock 0/2, threat@8.0 beyond the earn edge - the flee wins)
F19 [F19] combat: fleeing skeleton (dist 8.0, hp 16.0, 1 nearby, sentry)
F19 [F19] combat: flee bearing rotated 90deg (water/hazard vetoes the away target) vs skeleton (sentry)
F9 [F9] combat: melee chase ceiling held (chased 11.8b, skeleton @5.0) - the episode breaks, the next drop reopens it
F9 [F9] combat: ranged cooldown armed vs skeleton (10s) - the chase never wins the arrow trade
F9 [F9] combat: fight ended vs skeleton (chase ceiling, hp 17.0 -> 14.0, swings 1, weapon wooden_sword, 1 rounds)
F9 [F9] combat: shelter skip (night=true armed=true hp=14 attackers=1 poison=off threat=skeleton@5.0)
F9 [F9] combat: fleeing skeleton (dist 5.0, hp 14.0, 1 nearby, proximity)
F17 final climb: failed - climb skipped (slice 0s < min 15s - the chain keeps its budget)
F17 bank: smelt hold skipped - no fuel in pocket (coal 0)
F2 [F2] water: drowning rescue start (drowning, oxygen 0)
F2 [F2] water: rescue complete in 0.0s
F2 [F2] water: liar ladder ratchets - confirmed no-op glitch page #43, the next override needs 40 fresh critical-on-dry reads
F17 [F17] raw hop failed: raw walk stalled after 2249ms (d=15.6) - pathfinder retry
F12 [F12] combat: shelter dig-earn: 36 free slot(s), the dig supplies the seal
F12 [F12] combat: shelter try vs zombie (dist 6.2, proximity)
F12 [F12] combat: shelter skip (open field: no diggable wall, zombie@6.2)
F12 [F12] combat: shelter skip (open field: ring stock 0/8, ground earns nothing)
F12 [F12] combat: fleeing zombie (dist 6.2, hp 20.0, 1 nearby, proximity)
F12 [F12] combat: flee bearing rotated 90deg (water/hazard vetoes the away target) vs zombie (proximity)
F2 [F2] water: drowning rescue start (drowning, oxygen 0)
F2 [F2] water: rescue complete in 0.0s
F2 [F2] water: liar ladder ratchets - confirmed no-op glitch page #44, the next override needs 40 fresh critical-on-dry reads
F16 [F16] died - respawning (cause: server: was impaled by Drowned [kind=mob by Drowned] | inferred: fall/env (0s before death at [-107,64,376]) [the inference CONTRADICTS the server verdict - the nearest harm was not the killer (the server kind stays the authority)])
F16 [F16] death drop: ~246u lost at [-107,64,376] (cobblestone 64, cobblestone 45, diorite 22, torch 22, andesite 20, +15 more)
F16 [F16] water: death spot memorized as a hazard at [-107,64,376] (10 live, fleet-wide)
F5 [F5] combat: shelter dig-earn: 36 free slot(s), the dig supplies the seal
F5 [F5] combat: shelter try vs zombie (dist 6.3, proximity)
F5 [F5] combat: shelter skip (open field: no diggable wall, zombie@6.3)
F5 [F5] combat: shelter skip (open field: ring stock 0/7, ground earns nothing)
F5 [F5] combat: fleeing zombie (dist 6.3, hp 20.0, 1 nearby, proximity)
F5 [F5] combat: flee bearing rotated 90deg (water/hazard vetoes the away target) vs zombie (proximity)
F16 [F16] combat: shelter dig-earn: 36 free slot(s), the dig supplies the seal
F16 [F16] combat: shelter try vs zombie (dist 5.6, proximity)
F16 [F16] combat: shelter skip (open field: no diggable wall, zombie@5.6)
F16 [F16] combat: shelter skip (open field: ring not buildable [-o -o -o -o] vs zombie@5.6)
F16 [F16] combat: fleeing zombie (dist 5.6, hp 20.0, 1 nearby, proximity)
F16 [F16] combat: flee bearing rotated 270deg (water/hazard vetoes the away target) vs zombie (proximity)
F2 [F2] water: drowning rescue start (drowning, oxygen 0)
F2 [F2] water: rescue complete in 0.0s
F2 [F2] water: liar ladder ratchets - confirmed no-op glitch page #45, the next override needs 40 fresh critical-on-dry reads
t-0s alive=19/19 mined=3160 map=1369p/21ch banked=946 smelted=38 pocket=1184u/157s | sand=23 gravel=10 dirt=55 stone=2
   deficits: 157926/23 (0.0%) 149380/10 (0.0%) 31860/0 (0.0%) 27420/0 (0.0%) 10725/26 (0.2%)
   F1=199[cobblestone:137 torch:22 oak_log:3] | F2=88[gravel:10 leaf_litter:4 rotten_flesh:2] | F3=148[empty] | F4=192[cobblestone:69 oak_log:5 iron_ingot:5] | F5=112[empty] | F6=253[empty] | F7=194[stick:8 oak_planks:5 cobblestone:4] | F8=167[cobblestone:67 dirt:13 raw_iron:6] | F9=178[cobblestone:57 coal:27 torch:20] | F10=209[oak_log:5 cobblestone:5 oak_planks:5] | F11=191[sand:10] | F12=189[empty] | F13=121[cobblestone:73 andesite:26 oak_log:4] | F14=151[empty] | F15=176[coal:44 cobblestone:31 diorite:27] | F16=201[empty] | F17=117[cobblestone:72 diorite:20 dirt:16] | F18=79[raw_copper:40 cobblestone:33 torch:24] | F19=195[wooden_sword:1 bone:1]
   mem: heap=155M/188M old=-1M ext=199M ab=197M rss=502M cols=0 ents=0 evicted=0 path=5a/0q (max 6) stale=0
F9 [F9] combat: shelter try vs zombie (dist 9.0, sentry)
F6 [F6] died - respawning (cause: server: was impaled by Drowned [kind=mob by Drowned] | inferred: fall/env (0s before death at [-116,63,378]) [the inference CONTRADICTS the server verdict - the nearest harm was not the killer (the server kind stays the authority)])
F6 [F6] death drop: pocket read empty at death (0u)
F6 [F6] water: death spot memorized as a hazard at [-116,63,378] (11 live, fleet-wide)
F2 [F2] water: drowning rescue start (drowning, oxygen 0)
F2 [F2] water: rescue complete in 0.0s
F2 [F2] water: liar ladder ratchets - confirmed no-op glitch page #46, the next override needs 40 fresh critical-on-dry reads
F6 [F6] combat: shelter dig-earn: 36 free slot(s), the dig supplies the seal
F6 [F6] combat: shelter try vs zombie (dist 9.9, sentry)
F6 [F6] combat: shelter skip (open field: no diggable wall, zombie@9.9)
F6 [F6] combat: shelter skip (open field: ring stock 0/8, threat@9.9 beyond the earn edge - the flee wins)
F6 [F6] combat: fleeing zombie (dist 9.9, hp 20.0, 1 nearby, sentry)
F9 [F9] combat: sheltering from zombie (seal dirt, sentry)
F10 [F10] water: air-bar glitch ignored (oxygen 0 on dry land at [-84,55,388], 604 total)
F4 [F4] water: air-bar glitch ignored (oxygen 0 on dry land at [-92,65,392], 686 total)
F4 [F4] water: drowning witnessed by damage (health 20 -> 7.166666030883789 on a 'dry' critical bar) - the witness outranks the ladder and the gate
F4 [F4] water: drowning rescue start (drowning, oxygen 0)
F4 [F4] water: rescue complete in 0.0s
F4 [F4] water: dry-land proof (rescue saw no water in 0.0s) - the critical-on-dry streak restarts, the next glitch page waits 20s
F4 [F4] water: liar ladder ratchets - confirmed no-op glitch page #16, the next override needs 40 fresh critical-on-dry reads
F2 [F2] water: drowning rescue start (drowning, oxygen 0)
F2 [F2] water: rescue complete in 0.0s
F2 [F2] water: liar ladder ratchets - confirmed no-op glitch page #47, the next override needs 40 fresh critical-on-dry reads
[hb] n=47 ts=941s rss=500M late=223ms mainLate=476ms
F11 [F11] combat: shelter dig-earn: 35 free slot(s), the dig supplies the seal
F11 [F11] combat: shelter earn: dropped 1 sand for a seal slot
F11 [F11] combat: shelter try vs skeleton (dist 11.3, sentry)
F11 [F11] combat: shelter skip (open field: no diggable wall, skeleton@11.3)
F11 [F11] combat: shelter ring ranged mode: the full ring is refused, the arrow wall owns it vs skeleton@11.3
F11 [F11] combat: shelter skip (open field: ring stock 0/2, threat@11.3 beyond the earn edge - the flee wins)
F11 [F11] combat: fleeing skeleton (dist 11.3, hp 4.0, 1 nearby, sentry)
F11 [F11] combat: flee bearing rotated 180deg (water/hazard vetoes the away target) vs skeleton (sentry)
F4 [F4] water: drowning rescue start (drowning, oxygen 0)
F4 [F4] water: rescue complete in 0.0s
F4 [F4] water: liar ladder ratchets - confirmed no-op glitch page #17, the next override needs 40 fresh critical-on-dry reads
F2 [F2] water: air-bar glitch ignored (oxygen 0 on dry land at [-87,64,386], 272 total)
F2 [F2] water: drowning witnessed by damage (health 20 -> 17.364810943603516 on a 'dry' critical bar) - the witness outranks the ladder and the gate
F2 [F2] water: drowning rescue start (drowning, oxygen 0)
F2 [F2] water: rescue complete in 0.0s
F2 [F2] water: liar ladder ratchets - confirmed no-op glitch page #48, the next override needs 40 fresh critical-on-dry reads
F5 [F5] combat: shelter dig-earn: 36 free slot(s), the dig supplies the seal
F5 [F5] combat: shelter try vs skeleton (dist 6.6, proximity)
F5 [F5] combat: shelter skip (open field: no diggable wall, skeleton@6.6)
F5 [F5] combat: shelter skip (open field: ring stock 0/2, ground earns nothing)
F5 [F5] combat: fleeing skeleton (dist 6.6, hp 20.0, 1 nearby, proximity)
F4 [F4] water: drowning rescue start (drowning, oxygen 0)
F4 [F4] water: rescue complete in 0.0s
F4 [F4] water: liar ladder ratchets - confirmed no-op glitch page #18, the next override needs 40 fresh critical-on-dry reads
F2 [F2] water: drowning rescue start (drowning, oxygen 0)
F2 [F2] water: rescue complete in 0.0s
F2 [F2] water: liar ladder ratchets - confirmed no-op glitch page #49, the next override needs 40 fresh critical-on-dry reads
F3 [F3] combat: shelter dig-earn: 36 free slot(s), the dig supplies the seal
F3 [F3] combat: shelter try vs zombie (dist 6.4, proximity)
F3 [F3] combat: shelter skip (open field: no diggable wall, zombie@6.4)
F3 [F3] combat: shelter skip (open field: ring stock 0/8, ground earns nothing)
F3 [F3] combat: fleeing zombie (dist 6.4, hp 20.0, 1 nearby, proximity)
F3 [F3] combat: flee bearing rotated 270deg (water/hazard vetoes the away target) vs zombie (proximity)
F17 [F17] raw hop failed: raw walk stalled after 2249ms (d=15.6) - pathfinder retry
F4 [F4] water: drowning rescue start (drowning, oxygen 0)
F4 [F4] water: rescue complete in 0.0s
F4 [F4] water: liar ladder ratchets - confirmed no-op glitch page #19, the next override needs 40 fresh critical-on-dry reads
F2 [F2] water: drowning rescue start (drowning, oxygen 0)
F2 [F2] water: rescue complete in 0.0s
F2 [F2] water: liar ladder ratchets - confirmed no-op glitch page #50, the next override needs 40 fresh critical-on-dry reads
t-0s alive=19/19 mined=3160 map=1369p/21ch banked=946 smelted=38 pocket=1192u/159s | sand=22 gravel=10 dirt=56 stone=2
   deficits: 157926/22 (0.0%) 149380/10 (0.0%) 31860/0 (0.0%) 27420/0 (0.0%) 10725/26 (0.2%)
   F1=199[cobblestone:137 torch:22 oak_log:3] | F2=88[gravel:10 leaf_litter:4 rotten_flesh:2] | F3=148[empty] | F4=192[cobblestone:71 oak_log:5 iron_ingot:5] | F5=112[empty] | F6=253[empty] | F7=194[stick:8 oak_planks:5 cobblestone:4] | F8=167[cobblestone:67 dirt:13 raw_iron:6] | F9=178[cobblestone:57 coal:27 torch:20] | F10=209[oak_log:5 cobblestone:5 oak_planks:5] | F11=191[sand:9 oak_sapling:1 wooden_pickaxe:1] | F12=189[empty] | F13=121[cobblestone:73 andesite:26 oak_log:4] | F14=151[empty] | F15=176[coal:44 cobblestone:31 diorite:27] | F16=201[empty] | F17=117[cobblestone:72 diorite:20 dirt:16] | F18=79[raw_copper:40 cobblestone:33 torch:24] | F19=195[wooden_sword:1 bone:1]
   mem: heap=158M/188M old=-1M ext=204M ab=202M rss=505M cols=0 ents=0 evicted=0 path=3a/0q (max 6) stale=0
F3 [F3] combat: flee bearing rotated 90deg (water/hazard vetoes the away target) vs zombie (proximity)
F3 [F3] combat: flee bearing rotated 270deg (water/hazard vetoes the away target) vs zombie (proximity)
F11 [F11] died - respawning (cause: server: was impaled by Drowned [kind=mob by Drowned] | inferred: skeleton@2.6 (0s before death at [-128,64,396]) [the inference CONTRADICTS the server verdict - the nearest harm was not the killer (the server kind stays the authority)])
F11 [F11] death drop: ~11u lost at [-128,64,396] (sand 9, oak_sapling 1, wooden_pickaxe 1)
F11 [F11] water: death spot memorized as a hazard at [-128,64,396] (12 live, fleet-wide)
F4 [F4] water: drowning rescue start (drowning, oxygen 0)
F4 [F4] water: rescue complete in 0.0s
F4 [F4] water: liar ladder ratchets - confirmed no-op glitch page #20, the next override needs 40 fresh critical-on-dry reads
F10 [F10] water: air-bar glitch override - 40 consecutive critical-on-dry reads, believing the bar at [-84,55,388]
F10 [F10] water: drowning rescue start (drowning, oxygen 0)
F10 [F10] water: rescue complete in 0.0s
F10 [F10] water: dry-land proof (rescue saw no water in 0.0s) - the critical-on-dry streak restarts, the next glitch page waits 20s
F10 [F10] water: liar ladder ratchets - confirmed no-op glitch page #11, the next override needs 40 fresh critical-on-dry reads
F2 [F2] water: drowning rescue start (drowning, oxygen 0)
F2 [F2] water: rescue complete in 0.0s
F2 [F2] water: liar ladder ratchets - confirmed no-op glitch page #51, the next override needs 40 fresh critical-on-dry reads
F9 [F9] died - respawning (cause: server: was shot by Skeleton [kind=mob by Skeleton] | inferred: skeleton@8.7 (0s before death at [-120,64,398]) [the inference corroborates the server verdict])
F9 [F9] death drop: ~145u lost at [-120,64,398] (cobblestone 57, coal 27, torch 20, dirt 16, leaf_litter 12, +6 more)
F9 [F9] water: death spot memorized as a hazard at [-120,64,398] (13 live, fleet-wide)
F16 [F16] combat: shelter dig-earn: 36 free slot(s), the dig supplies the seal
F16 [F16] combat: shelter try vs zombie (dist 6.6, proximity)
F16 [F16] combat: shelter skip (open field: no diggable wall, zombie@6.6)
F16 [F16] combat: shelter skip (open field: ring stock 0/7, ground earns nothing)
F16 [F16] combat: fleeing zombie (dist 6.6, hp 20.0, 1 nearby, proximity)
F4 [F4] water: drowning rescue start (drowning, oxygen 0)
F4 [F4] water: rescue complete in 0.0s
F4 [F4] water: liar ladder ratchets - confirmed no-op glitch page #21, the next override needs 40 fresh critical-on-dry reads
F2 [F2] water: drowning rescue start (drowning, oxygen 0)
F2 [F2] water: rescue complete in 0.0s
F2 [F2] water: liar ladder ratchets - confirmed no-op glitch page #52, the next override needs 40 fresh critical-on-dry reads
F3 [F3] combat: shelter dig-earn: 36 free slot(s), the dig supplies the seal
F3 [F3] combat: shelter try vs zombie (dist 5.1, proximity)
F3 [F3] combat: shelter skip (open field: no diggable wall, zombie@5.1)
F3 [F3] combat: shelter skip (open field: ring stock 0/8, ground earns nothing)
F3 [F3] combat: fleeing zombie (dist 5.1, hp 20.0, 2 nearby, proximity)
F9 [F9] combat: shelter dig-earn: 36 free slot(s), the dig supplies the seal
F9 [F9] combat: shelter try vs skeleton (dist 5.6, proximity)
F9 [F9] combat: shelter skip (open field: no diggable wall, skeleton@5.6)
F9 [F9] combat: shelter skip (open field: ring stock 0/2, ground earns nothing)
F9 [F9] combat: fleeing skeleton (dist 5.6, hp 20.0, 2 nearby, proximity)
F4 [F4] water: drowning rescue start (drowning, oxygen 0)
F4 [F4] water: rescue complete in 0.0s
F4 [F4] water: liar ladder ratchets - confirmed no-op glitch page #22, the next override needs 40 fresh critical-on-dry reads
F2 [F2] water: drowning rescue start (drowning, oxygen 0)
F2 [F2] water: rescue complete in 0.0s
F2 [F2] water: liar ladder ratchets - confirmed no-op glitch page #53, the next override needs 40 fresh critical-on-dry reads
[hb] n=48 ts=961s rss=501M late=226ms mainLate=74ms
F4 [F4] water: drowning rescue start (drowning, oxygen 0)
F4 [F4] water: rescue complete in 0.0s
F4 [F4] water: liar ladder ratchets - confirmed no-op glitch page #23, the next override needs 40 fresh critical-on-dry reads
F2 [F2] water: drowning rescue start (drowning, oxygen 0)
F2 [F2] water: rescue complete in 0.0s
F2 [F2] water: liar ladder ratchets - confirmed no-op glitch page #54, the next override needs 40 fresh critical-on-dry reads
F17 [F17] hop: chest at [-121,68,380] d=16 zero: chest unreachable (walk to chest (retry): timeout after 15000ms)
F4 [F4] water: drowning rescue start (drowning, oxygen 0)
F4 [F4] water: rescue complete in 0.0s
F4 [F4] water: liar ladder ratchets - confirmed no-op glitch page #24, the next override needs 40 fresh critical-on-dry reads
F2 [F2] water: drowning rescue start (drowning, oxygen 0)
F2 [F2] water: rescue complete in 0.0s
F2 [F2] water: liar ladder ratchets - confirmed no-op glitch page #55, the next override needs 40 fresh critical-on-dry reads
t-0s alive=19/19 mined=3160 map=1369p/21ch banked=946 smelted=38 pocket=1192u/160s | sand=13 gravel=10 dirt=40 stone=2
   deficits: 157926/13 (0.0%) 149380/10 (0.0%) 31860/0 (0.0%) 27420/0 (0.0%) 10725/26 (0.2%)
   F1=199[cobblestone:137 torch:22 oak_log:3] | F2=88[gravel:10 leaf_litter:4 rotten_flesh:2] | F3=148[cobblestone:114 torch:24 coal:6] | F4=192[cobblestone:71 oak_log:5 iron_ingot:5] | F5=112[empty] | F6=253[empty] | F7=194[stick:8 oak_planks:5 cobblestone:4] | F8=167[cobblestone:67 dirt:13 raw_iron:6] | F9=178[iron_pickaxe:1] | F10=209[oak_log:5 cobblestone:5 oak_planks:5] | F11=191[empty] | F12=189[empty] | F13=121[cobblestone:73 andesite:26 oak_log:4] | F14=151[empty] | F15=176[coal:44 cobblestone:31 diorite:27] | F16=201[empty] | F17=117[cobblestone:72 diorite:20 dirt:16] | F18=79[raw_copper:40 cobblestone:33 torch:24] | F19=195[wooden_sword:1 bone:1]
   mem: heap=156M/189M old=-1M ext=203M ab=200M rss=505M cols=0 ents=0 evicted=0 path=2a/0q (max 6) stale=0
F17 [F17] raw hop failed: raw walk stalled after 2249ms (d=15.8) - pathfinder retry
F4 [F4] water: drowning rescue start (drowning, oxygen 0)
F4 [F4] water: rescue complete in 0.0s
F4 [F4] water: liar ladder ratchets - confirmed no-op glitch page #25, the next override needs 40 fresh critical-on-dry reads
F2 [F2] water: drowning rescue start (drowning, oxygen 0)
F2 [F2] water: rescue complete in 0.0s
F2 [F2] water: liar ladder ratchets - confirmed no-op glitch page #56, the next override needs 40 fresh critical-on-dry reads
F10 [F10] water: air-bar glitch ignored (oxygen 0 on dry land at [-84,55,388], 650 total)
F12 [F12] combat: shelter dig-earn: 36 free slot(s), the dig supplies the seal
F12 [F12] combat: shelter try vs skeleton (dist 10.8, sentry)
F12 [F12] combat: shelter skip (open field: no diggable wall, skeleton@10.8)
F12 [F12] combat: shelter skip (open field: ring stock 0/2, threat@10.8 beyond the earn edge - the flee wins)
F12 [F12] combat: fleeing skeleton (dist 10.8, hp 17.0, 1 nearby, sentry)
F2 [F2] water: drowning rescue start (drowning, oxygen 0)
F2 [F2] water: rescue complete in 0.0s
F2 [F2] water: liar ladder ratchets - confirmed no-op glitch page #57, the next override needs 40 fresh critical-on-dry reads
F4 [F4] water: air-bar glitch ignored (oxygen 0 on dry land at [-92,65,392], 696 total)
F4 [F4] water: drowning witnessed by damage (health 20 -> 7.166666030883789 on a 'dry' critical bar) - the witness outranks the ladder and the gate
F4 [F4] water: drowning rescue start (drowning, oxygen 0)
F4 [F4] water: rescue complete in 0.0s
F4 [F4] water: liar ladder ratchets - confirmed no-op glitch page #26, the next override needs 40 fresh critical-on-dry reads
F2 [F2] water: air-bar glitch ignored (oxygen 0 on dry land at [-87,64,386], 282 total)
F2 [F2] water: drowning witnessed by damage (health 20 -> 17.364810943603516 on a 'dry' critical bar) - the witness outranks the ladder and the gate
F2 [F2] water: drowning rescue start (drowning, oxygen 0)
F2 [F2] water: rescue complete in 0.0s
F2 [F2] water: liar ladder ratchets - confirmed no-op glitch page #58, the next override needs 40 fresh critical-on-dry reads
F4 [F4] water: drowning rescue start (drowning, oxygen 0)
F4 [F4] water: rescue complete in 0.0s
F4 [F4] water: liar ladder ratchets - confirmed no-op glitch page #27, the next override needs 40 fresh critical-on-dry reads
F14 [F14] combat: shelter dig-earn: 36 free slot(s), the dig supplies the seal
F14 [F14] combat: shelter try vs skeleton (dist 8.0, sentry)
F14 [F14] combat: shelter skip (open field: no diggable wall, skeleton@8.0)
F14 [F14] combat: shelter skip (open field: ring stock 0/2, ground earns nothing)
F14 [F14] combat: fleeing skeleton (dist 8.0, hp 17.0, 1 nearby, sentry)
F2 [F2] water: drowning rescue start (drowning, oxygen 0)
F2 [F2] water: rescue complete in 0.0s
F2 [F2] water: liar ladder ratchets - confirmed no-op glitch page #59, the next override needs 40 fresh critical-on-dry reads
F3 [F3] combat: fighting zombie (dist 3.4, hp 20.0, 2 nearby, proximity)
F4 [F4] water: drowning rescue start (drowning, oxygen 0)
F4 [F4] water: rescue complete in 0.0s
F4 [F4] water: liar ladder ratchets - confirmed no-op glitch page #28, the next override needs 40 fresh critical-on-dry reads
F9 [F9] combat: shelter dig-earn: 35 free slot(s), the dig supplies the seal
F9 [F9] combat: shelter try vs zombie (dist 4.6, proximity pre-fight)
F9 [F9] combat: shelter skip (open field: no diggable wall, zombie@4.6)
F9 [F9] combat: shelter skip (open field: ring stock 0/8, ground earns nothing)
F9 [F9] combat: fighting zombie (dist 4.6, hp 20.0, 1 nearby, proximity)
F19 [F19] combat: fighting zombie (dist 2.6, hp 9.3, 1 nearby, proximity)
t-0s alive=19/19 mined=3160 map=1369p/21ch banked=946 smelted=38 pocket=1192u/160s | sand=13 gravel=10 dirt=40 stone=2
   deficits: 157926/13 (0.0%) 149380/10 (0.0%) 31860/0 (0.0%) 27420/0 (0.0%) 10725/26 (0.2%)
   F1=199[cobblestone:137 torch:22 oak_log:3] | F2=88[gravel:10 leaf_litter:4 rotten_flesh:2] | F3=148[cobblestone:114 torch:24 coal:6] | F4=192[cobblestone:71 oak_log:5 iron_ingot:5] | F5=112[empty] | F6=253[empty] | F7=194[stick:8 oak_planks:5 cobblestone:4] | F8=167[cobblestone:67 dirt:13 raw_iron:6] | F9=178[iron_pickaxe:1] | F10=209[oak_log:5 cobblestone:5 oak_planks:5] | F11=191[empty] | F12=189[empty] | F13=121[cobblestone:73 andesite:26 oak_log:4] | F14=151[empty] | F15=176[coal:44 cobblestone:31 diorite:27] | F16=201[empty] | F17=117[cobblestone:72 diorite:20 dirt:16] | F18=79[raw_copper:40 cobblestone:33 torch:24] | F19=195[wooden_sword:1 bone:1]
   mem: heap=147M/189M old=-1M ext=199M ab=197M rss=505M cols=0 ents=0 evicted=0 path=2a/0q (max 6) stale=0
F2 [F2] water: drowning rescue start (drowning, oxygen 0)
F2 [F2] water: rescue complete in 0.0s
F2 [F2] water: liar ladder ratchets - confirmed no-op glitch page #60, the next override needs 40 fresh critical-on-dry reads
F19 [F19] combat: verdict flipped to flee vs zombie (hp 6.3)
F19 [F19] combat: shelter dig-earn: 34 free slot(s), the dig supplies the seal
F19 [F19] combat: shelter earn: dropped 1 bone for a seal slot
F19 [F19] combat: shelter try vs zombie (dist 1.2, proximity re-verdict)
F19 [F19] combat: shelter skip (open field: no diggable wall, zombie@1.2)
F19 [F19] combat: shelter skip (open field: ring not buildable [oB xo oB oB] vs zombie@1.2)
F3 [F3] combat: drift return wait vs zombie (@6.2) - the swimmer always comes back
F14 [F14] combat: shelter dig-earn: 36 free slot(s), the dig supplies the seal
F14 [F14] combat: shelter try vs skeleton (dist 10.1, sentry)
F14 [F14] combat: shelter skip (open field: no diggable wall, skeleton@10.1)
F14 [F14] combat: shelter ring ranged mode: the full ring is refused, the arrow wall owns it vs skeleton@10.1
F14 [F14] combat: shelter skip (open field: ring stock 0/1, threat@10.1 beyond the earn edge - the flee wins)
F14 [F14] combat: fleeing skeleton (dist 10.1, hp 16.0, 1 nearby, sentry)
F14 [F14] combat: flee bearing rotated 180deg (water/hazard vetoes the away target) vs skeleton (sentry)
F4 [F4] water: drowning rescue start (drowning, oxygen 0)
F4 [F4] water: rescue complete in 0.0s
F4 [F4] water: liar ladder ratchets - confirmed no-op glitch page #29, the next override needs 40 fresh critical-on-dry reads
[hb] n=49 ts=981s rss=500M late=231ms mainLate=177ms
F2 [F2] water: drowning rescue start (drowning, oxygen 0)
F2 [F2] water: rescue complete in 0.0s
F2 [F2] water: liar ladder ratchets - confirmed no-op glitch page #61, the next override needs 40 fresh critical-on-dry reads
F3 [F3] combat: verdict flipped to flee vs zombie (hp 12.3)
F3 [F3] combat: shelter try vs zombie (dist 2.9, proximity re-verdict)
F3 [F3] combat: shelter skip (open field: no diggable wall, zombie@2.9)
F3 [F3] combat: shelter ring try vs zombie (dist 2.9, -x-z+z+x first, full ring, proximity re-verdict)
F17 [F17] raw hop failed: raw walk stalled after 2250ms (d=15.8) - pathfinder retry
F4 [F4] water: drowning rescue start (drowning, oxygen 0)
F4 [F4] water: rescue complete in 0.0s
F4 [F4] water: liar ladder ratchets - confirmed no-op glitch page #30, the next override needs 40 fresh critical-on-dry reads
F2 [F2] water: drowning rescue start (drowning, oxygen 0)
F2 [F2] water: rescue complete in 0.0s
F2 [F2] water: liar ladder ratchets - confirmed no-op glitch page #62, the next override needs 40 fresh critical-on-dry reads
F3 [F3] combat: shelter skip (open field: ring incomplete 6/8)
F12 [F12] combat: shelter dig-earn: 36 free slot(s), the dig supplies the seal
F12 [F12] combat: shelter try vs spider (dist 3.1, proximity)
F12 [F12] combat: shelter skip (open field: no diggable wall, spider@3.1)
F3 [F3] died - respawning (cause: server: was slain by Zombie [kind=mob by Zombie] | inferred: skeleton@1.2 (0s before death at [-156,65,433]) [the inference CONTRADICTS the server verdict - the nearest harm was not the killer (the server kind stays the authority)])
F3 [F3] death drop: ~150u lost at [-156,65,433] (cobblestone 64, cobblestone 45, torch 24, coal 6, crafting_table 2, +9 more)
F3 [F3] water: death spot memorized as a hazard at [-156,65,433] (10 live, fleet-wide)
F4 [F4] water: drowning rescue start (drowning, oxygen 0)
F4 [F4] water: rescue complete in 0.0s
F4 [F4] water: liar ladder ratchets - confirmed no-op glitch page #31, the next override needs 40 fresh critical-on-dry reads
F12 [F12] combat: shelter skip (open field: ring stock 0/6 after digging 1)
F12 [F12] combat: fleeing spider (dist 3.1, hp 6.8, 3 nearby, proximity)
F9 [F9] combat: verdict flipped to flee vs zombie (hp 12.0)
F9 [F9] combat: shelter dig-earn: 35 free slot(s), the dig supplies the seal
F9 [F9] combat: shelter try vs zombie (dist 2.1, proximity re-verdict)
F9 [F9] combat: shelter skip (open field: no diggable wall, zombie@2.1)
F9 [F9] combat: shelter skip (open field: ring not buildable [oo BB -o oo] vs zombie@2.1)
F2 [F2] water: drowning rescue start (drowning, oxygen 0)
F2 [F2] water: rescue complete in 0.0s
F2 [F2] water: liar ladder ratchets - confirmed no-op glitch page #63, the next override needs 40 fresh critical-on-dry reads
F4 [F4] water: drowning rescue start (drowning, oxygen 0)
F4 [F4] water: rescue complete in 0.0s
F4 [F4] water: liar ladder ratchets - confirmed no-op glitch page #32, the next override needs 40 fresh critical-on-dry reads
F3 [F3] combat: flee bearing rotated 270deg (water/hazard vetoes the away target) vs zombie (proximity re-verdict)
F2 [F2] water: drowning rescue start (drowning, oxygen 0)
F2 [F2] water: rescue complete in 0.0s
F2 [F2] water: liar ladder ratchets - confirmed no-op glitch page #64, the next override needs 40 fresh critical-on-dry reads
F11 [F11] combat: shelter dig-earn: 36 free slot(s), the dig supplies the seal
F11 [F11] combat: shelter try vs drowned (dist 7.3, sentry)
F11 [F11] combat: shelter skip (open field: no diggable wall, drowned@7.3)
F11 [F11] combat: shelter skip (open field: ring stock 0/8, ground earns nothing)
F11 [F11] combat: fleeing drowned (dist 7.3, hp 16.0, 2 nearby, sentry)
F17 [F17] hop: chest at [-122,68,380] d=16 zero: chest unreachable (walk to chest (retry): timeout after 9599ms)
F17 bank fallback: none (budget exhausted)
F17 end-bank budget spent - smelt skipped
F17 final bank: 0 (budget exhausted)
================ FLEET RESULT (normal end - deadline 600s reached) ================
bots=19 spawned=19 reconnects=9 kicks=0 tools=17 recovered=4 reboots=0 upgraded=26 swords=19 alive=19 climbs=26 banked=946 smelted=38 planted=7 torched=9 fights=87 kills=4 shelters=9 rescues=148 airGlitches=1680 claims=14 claimedHolds=0 wet=10 wt=0
sentry per-bot: F1 g0/r1 F2 g288/r68 F4 g702/r35 F5 g0/r1 F6 g0/r1 F8 g0/r2 F9 g0/r1 F10 g690/r13 F12 g0/r6 F13 g0/r1 F14 g0/r8 F15 g0/r1 F16 g0/r5 F17 g0/r2 F18 g0/r3 | 4 g0/r0
server guard: losses=0 (window 0/10) relogins=28 probe=n/a dead=no revives=0 restarts=0
pickaxe tiers at end: wooden_pickaxe,stone_pickaxe,iron_pickaxe -> wooden=16 stone=8 iron=2
blocks mined: 3160 in ~600s = 5.27 blocks/s (316/min)
loot ledger: mined=3160 banked=946 smelted=38 pocket=1047u/146s accounted=2031 unaccounted=1129 surplus=0u conversion=64.3%
sweep drop ledger: sweeps=38 picked=235u failed=92 (below x82, plane x10) deepSkip=28 lipDig=0
  sand          collected      13 (0.008% of 157,926)
  gravel        collected      10 (0.007% of 149,380)
  dirt          collected      40
  stone         collected     495 (7.394% of 6,695)
materials: {"oak_log":185,"dirt":280,"stone":1450,"copper_ore":127,"coal_ore":303,"gravel":29,"grass_block":52,"andesite":161,"iron_ore":49,"diorite":212,"birch_log":32,"granite":152,"sandstone":12,"oak_leaves":8,"sand":97,"lapis_ore":1,"birch_leaves":1,"smooth_stone":8,"cobblestone":1}
kicks handled: 0 (reconnect attempts: 9)
no-path ledger: 3 live verdict(s) at end phase
full-chest ledger: 0 live verdict(s) at end phase
doomed-goal ledger: 164 recorded, 173 re-issues refused at the funnel, 7 re-dooms absorbed (the v0.96.0 backoff - the storm can no longer out-pace the ttl), 1 live at end phase (v0.72.0 spiral breaker)
walk governor: 5 stall(s) opened, 44 churn re-issues refused (v0.74.0 churn breaker - goals queued+done with zero progress during the run68-class storms)
fleet churn ceiling: 0 open(s), 0 aggregate re-issues refused (v0.77.0 - the per-bot limit leaves the fleet-wide burst unbounded)
goal brake: 27 burst open(s), 1136 re-issues refused, 1 fleet-ceiling open(s), 130 fleet refusals (v0.143.0 - the re-issue CADENCE is the storm's rate knob: run 35994461858's flood walkers progressed 1-3 blocks per walk so the progress-judged governors never fired, and their near goals flowed through the closed valve, while ~90MB searches marched at 2.5 goals/s per walker into a frozen main)
alloc valve: 0 close(s) (0 by the worker probe, 0 by the queue-pressure arm, 0 by the funnel probe, 0 by the slow envelope), 0 strike(s), 0 long walks refused, 0 short walks passed while closed, 0 aquifer-gate refusals (v0.105.0 one valve two feeders + the aquifer gate - the run93 fix: the ticker feeds the consulted singleton, the worker's probe verdict rides the storm cell for the freeze class, and while closed the near exemption refuses live-hazard goals - near is not cheap in a flooded region; v0.115.0 the queue-pressure arm closes on the SUSTAINED pathfinder saturation - run101's 8-12q wall warned 80s before the rss burst; v0.121.0 the funnel probe - run105's storm starved the timers that carried both feeders while the walk funnel itself marched through the kill window, so the funnel now carries its own verdict and applies the worker's cell inline; v0.144.0 the slow envelope - run80's ramp sawtoothed past the fast anchor's dip rule while the consults marched, the 5s slide is the dip-immune read)
storm duck: 0 arm(s), 0 walk(s) refused fleet-wide while ducked (v0.143.0 - run58: the storm's next-column class is near BY CONSTRUCTION and rode the closed valve's near exemption to the 3000M ceiling; a live storm verdict now shuts EVERY goal for 15s and sweeps the in-flight goals, the A* starves within one think window, the worker's grace lands the cure instead of the ceiling landing the kill)
worldmap: 1369 positions, 21 chunks scanned, top: coal_ore=385 sand=360 copper_ore=238 oak_log=209 iron_ore=70
report: data/fleet-report.json written
plan progress: 2/31 resources complete
