launching 19 bots for 600s -> targets sand, gravel, dirt, stone
[hb] n=1 ts=21s rss=253M late=6ms mainLate=0ms
[hb] n=2 ts=41s rss=334M late=12ms mainLate=289ms
[hb] n=3 ts=61s rss=366M late=16ms mainLate=668ms
t-536s alive=19/19 mined=108 map=334p/9ch banked=0 smelted=0 pocket=84u/25s | sand=0 gravel=0 dirt=0 stone=0
   deficits: 157926/0 (0.0%) 149380/0 (0.0%) 31860/0 (0.0%) 27420/0 (0.0%) 10725/0 (0.0%)
   F1=10[oak_log:7 oak_planks:1 oak_button:1] | F2=7[oak_log:8 oak_sapling:1] | F3=7[oak_log:2 birch_log:1] | F4=5[oak_log:10] | F5=9[birch_log:1] | F6=8[oak_log:1] | F7=5[oak_log:7] | F8=8[oak_log:5] | F9=4[oak_log:7 birch_log:6] | F10=4[birch_log:4 oak_log:2] | F11=5[oak_log:2] | F12=6[oak_log:2 stick:2] | F13=6[oak_log:6] | F14=4[oak_log:4] | F15=6[birch_log:1] | F16=4[empty] | F17=2[empty] | F18=5[oak_log:1] | F19=3[empty]
   mem: heap=103M/140M old=-1M ext=129M ab=127M rss=367M cols=2068 ents=2223 evicted=254 path=6a/11q (max 6) stale=0
F1 dir=(1.00,0.00) logs=7 tools=wooden_pickaxe
t-521s alive=19/19 mined=122 map=342p/9ch banked=0 smelted=0 pocket=129u/43s | sand=0 gravel=0 dirt=4 stone=0
   deficits: 157926/0 (0.0%) 149380/0 (0.0%) 31860/0 (0.0%) 27420/0 (0.0%) 10725/0 (0.0%)
   F1=18[oak_log:7 dirt:4 cobblestone:3] | F2=7[oak_log:7 stick:4 oak_planks:3] | F3=7[oak_log:4 birch_log:1] | F4=5[oak_log:7 oak_planks:3 stick:2] | F5=9[birch_log:3 oak_log:2 oak_sapling:1] | F6=8[oak_log:1] | F7=5[oak_log:7] | F8=12[oak_log:8] | F9=4[oak_planks:12 oak_log:4 birch_log:3] | F10=4[birch_log:4 oak_log:2] | F11=5[oak_log:2] | F12=6[oak_log:6 stick:2] | F13=6[oak_log:6] | F14=4[oak_log:4] | F15=6[birch_log:1] | F16=4[birch_log:1] | F17=2[oak_sapling:1] | F18=5[oak_log:1] | F19=5[birch_log:1]
   mem: heap=111M/140M old=-1M ext=129M ab=126M rss=368M cols=2048 ents=2008 evicted=340 path=6a/10q (max 6) stale=0
[hb] n=4 ts=81s rss=370M late=21ms mainLate=574ms
F9 dir=(-0.88,0.48) logs=7 tools=wooden_pickaxe
F9 spare pick due: spare (planks available)
F2 dir=(0.95,0.32) logs=7 tools=wooden_pickaxe
F2 sword due: planks available
F9 spare pick: OK (wooden_pickaxe, holds 2)
F9 sword due: planks available
F4 dir=(0.55,0.84) logs=7 tools=wooden_pickaxe
F9 sword: OK (wooden_sword, holds 1)
F9 sword: OK (wooden_sword)
F2 sword: OK (wooden_sword, holds 1)
F2 sword: OK (wooden_sword)
t-506s alive=19/19 mined=153 map=387p/9ch banked=0 smelted=0 pocket=172u/55s | sand=0 gravel=0 dirt=8 stone=0
   deficits: 157926/0 (0.0%) 149380/0 (0.0%) 31860/0 (0.0%) 27420/0 (0.0%) 10725/0 (0.0%)
   F1=32[cobblestone:15 oak_log:7 dirt:4] | F2=7[oak_log:7 stick:1 wooden_pickaxe:1] | F3=7[oak_log:4 birch_log:1] | F4=9[oak_log:7 dirt:3 oak_planks:2] | F5=9[birch_log:3 oak_log:3 oak_sapling:2] | F6=8[oak_log:1] | F7=5[oak_log:7] | F8=12[oak_planks:10 oak_log:5] | F9=7[oak_planks:7 oak_log:4 birch_log:3] | F10=5[birch_log:4 oak_log:3] | F11=5[oak_log:2 oak_sapling:2] | F12=6[oak_log:6 stick:2] | F13=6[oak_log:6] | F14=8[oak_log:4 birch_log:4] | F15=6[birch_log:1] | F16=5[oak_log:4 birch_log:3] | F17=6[oak_sapling:1] | F18=5[oak_log:5 stick:2] | F19=5[birch_log:3]
   mem: heap=108M/140M old=-1M ext=129M ab=126M rss=369M cols=2040 ents=1925 evicted=427 path=6a/6q (max 6) stale=0
F1 tunnel: steering copper_ore @ 3.1b (axis x+, cross 0.5001567364080302, floor lock)
F1 tunnel: 0 blocks (branch mine at the floor, steered, floor lock)
[hb] n=5 ts=101s rss=367M late=25ms mainLate=477ms
t-491s alive=19/19 mined=225 map=433p/10ch banked=0 smelted=0 pocket=231u/67s | sand=0 gravel=0 dirt=20 stone=0
   deficits: 157926/0 (0.0%) 149380/0 (0.0%) 31860/0 (0.0%) 27420/0 (0.0%) 10725/0 (0.0%)
   F1=33[cobblestone:15 oak_log:7 dirt:4] | F2=25[oak_log:7 cobblestone:7 dirt:6] | F3=8[oak_log:4 birch_log:1] | F4=11[oak_log:7 dirt:5 oak_planks:2] | F5=12[oak_log:5 birch_log:3 oak_sapling:2] | F6=12[oak_log:1] | F7=9[oak_log:7] | F8=12[oak_planks:11 oak_log:6] | F9=19[oak_planks:7 diorite:6 dirt:5] | F10=10[oak_log:4 birch_log:4] | F11=8[oak_log:4 oak_sapling:2] | F12=12[oak_log:6 stick:2] | F13=6[oak_log:6] | F14=8[oak_planks:12 birch_planks:2 oak_log:1] | F15=12[birch_log:1] | F16=5[oak_planks:8 birch_log:3 oak_sapling:1] | F17=8[oak_log:1 apple:1] | F18=6[oak_planks:8 stick:2] | F19=9[birch_log:3]
   mem: heap=110M/141M old=-1M ext=127M ab=124M rss=370M cols=2015 ents=2040 evicted=500 path=6a/3q (max 6) stale=0
F14 dir=(-0.40,-0.92) logs=2 tools=wooden_pickaxe
F14 spare pick due: spare (planks available)
F2 tunnel: steering copper_ore @ 5b (axis z+, cross 3.4180214637239317, floor lock)
F9 tool upgrade due: cobble available -> stone_pickaxe
F14 spare pick: OK (wooden_pickaxe, holds 2)
F14 sword due: planks available
F4 tool upgrade due: cobble available -> stone_pickaxe
F14 sword: OK (wooden_sword, holds 1)
F14 sword: OK (wooden_sword)
F9 [toolupgrade] [upgrade] upgraded: stone_pickaxe,wooden_shovel,wooden_pickaxe,wooden_pickaxe
F9 tool upgrade: OK -> stone_pickaxe (stone_pickaxe,wooden_shovel,wooden_pickaxe,wooden_pickaxe)
F9 tunnel: 0 blocks (branch mine at the floor, ore detour)
F2 tunnel: 2 blocks (branch mine at the floor, steered, floor lock)
F4 [toolupgrade] [upgrade] upgraded: stone_pickaxe,wooden_shovel,wooden_pickaxe
F4 tool upgrade: OK -> stone_pickaxe (stone_pickaxe,wooden_shovel,wooden_pickaxe)
F4 sword due: planks available
[hb] n=6 ts=121s rss=372M late=30ms mainLate=325ms
F1 vein sweep: 4 ores dug beside the gallery (floor lock)
F4 sword: OK (wooden_sword, holds 1)
F4 sword: OK (wooden_sword)
F1 tunnel: steering copper_ore @ 3.3b (axis x+, cross 0.5001032648370938, floor lock)
t-476s alive=19/19 mined=285 map=446p/10ch banked=0 smelted=0 pocket=319u/97s | sand=0 gravel=0 dirt=25 stone=0
   deficits: 157926/0 (0.0%) 149380/0 (0.0%) 31860/0 (0.0%) 27420/0 (0.0%) 10725/0 (0.0%)
   F1=36[cobblestone:15 oak_log:7 dirt:4] | F2=30[cobblestone:12 oak_log:7 dirt:6] | F3=11[oak_log:4 birch_log:2] | F4=27[cobblestone:8 oak_log:5 dirt:5] | F5=12[oak_log:8 birch_log:3 oak_sapling:2] | F6=16[oak_log:1] | F7=10[oak_log:10 stick:1] | F8=12[oak_planks:10 oak_log:6 oak_pressure_plate:1] | F9=31[diorite:6 cobblestone:5 dirt:5] | F10=10[oak_planks:12 birch_planks:10 oak_log:5] | F11=8[oak_log:4 oak_sapling:2] | F12=12[oak_log:6 stick:2] | F13=9[oak_log:6 stick:2 oak_sapling:1] | F14=20[oak_planks:7 dirt:5 cobblestone:5] | F15=12[birch_log:1 oak_sapling:1 oak_log:1] | F16=5[oak_planks:12 oak_log:4 birch_planks:2] | F17=9[birch_log:4 oak_log:2 apple:1] | F18=6[oak_log:6 oak_planks:2 stick:2] | F19=9[oak_log:4 birch_log:3]
   mem: heap=101M/140M old=-1M ext=124M ab=122M rss=366M cols=1989 ents=2100 evicted=552 path=6a/7q (max 6) stale=0
F2 vein sweep: 1 ores dug beside the gallery (floor lock)
F14 tool upgrade due: cobble available -> stone_pickaxe
F2 tunnel: steering copper_ore @ 5.3b (axis x--1, cross 2.324854523452757, floor lock)
F16 dir=(0.25,-0.97) logs=4 tools=wooden_pickaxe
F16 spare pick due: spare (planks available)
F18 dir=(0.79,-0.61) logs=6 tools=wooden_pickaxe
F18 sword due: planks available
F4 tunnel: steering copper_ore @ 4.8b (axis x--1, cross 3.3422774532032236, floor lock)
F16 spare pick: OK (wooden_pickaxe, holds 2)
F16 sword due: planks available
F18 sword: OK (wooden_sword, holds 1)
F18 sword: OK (wooden_sword)
F14 [toolupgrade] [upgrade] upgraded: stone_pickaxe,wooden_shovel,wooden_pickaxe,wooden_pickaxe
F14 tool upgrade: OK -> stone_pickaxe (stone_pickaxe,wooden_shovel,wooden_pickaxe,wooden_pickaxe)
F16 sword: OK (wooden_sword, holds 1)
F16 sword: OK (wooden_sword)
F10 dir=(-0.99,0.16) logs=6 tools=wooden_pickaxe
F10 spare pick due: spare (planks available)
F10 spare pick: OK (wooden_pickaxe, holds 2)
F10 sword due: planks available
F10 sword: OK (wooden_sword, holds 1)
F10 sword: OK (wooden_sword)
F14 tunnel: steering coal_ore @ 7b (axis z--1, cross 1.5004487753182616, floor lock)
t-460s alive=19/19 mined=385 map=513p/10ch banked=0 smelted=0 pocket=411u/128s | sand=0 gravel=7 dirt=40 stone=0
   deficits: 157926/0 (0.0%) 149380/7 (0.0%) 31860/0 (0.0%) 27420/0 (0.0%) 10725/12 (0.1%)
   F1=47[cobblestone:26 oak_log:7 dirt:4] | F2=40[cobblestone:19 oak_log:7 dirt:6] | F3=15[oak_log:5 birch_log:2] | F4=37[diorite:10 cobblestone:8 gravel:7] | F5=12[oak_planks:12 birch_planks:8 oak_log:5] | F6=16[oak_log:1] | F7=10[oak_log:7 oak_planks:2 wooden_pickaxe:1] | F8=17[oak_planks:10 oak_log:6 oak_pressure_plate:1] | F9=46[diorite:6 cobblestone:5 dirt:5] | F10=16[oak_planks:7 oak_log:5 dirt:4] | F11=8[stick:4 oak_sapling:2 oak_log:1] | F12=13[oak_log:6 dirt:3 leaf_litter:3] | F13=9[oak_planks:15 oak_log:2 birch_planks:2] | F14=31[andesite:10 dirt:5 cobblestone:4] | F15=13[birch_log:1 oak_sapling:1 oak_log:1] | F16=14[oak_planks:7 cobblestone:5 oak_log:4] | F17=13[oak_log:5 birch_log:4 apple:1] | F18=16[oak_log:6 cobblestone:5 dirt:4] | F19=12[oak_log:4 birch_log:3 oak_sapling:1]
   mem: heap=108M/143M old=-1M ext=124M ab=122M rss=373M cols=1987 ents=2548 evicted=597 path=6a/0q (max 6) stale=0
F1 tunnel: 12 blocks (branch mine at the floor, steered, floor lock)
[hb] n=7 ts=141s rss=373M late=35ms mainLate=723ms
F16 tool upgrade due: cobble available -> stone_pickaxe
F4 tunnel: 12 blocks (branch mine at the floor, steered, floor lock)
F9 vein sweep: 23 ores dug beside the gallery (ore detour)
F9 tunnel: steering coal_ore @ 4.1b (axis x+, cross 2.5, floor lock)
F9 tunnel: 0 blocks (branch mine at the floor, steered, floor lock)
F13 dir=(-0.68,-0.74) logs=3 tools=wooden_pickaxe
F13 spare pick due: spare (planks available)
F7 dir=(-0.40,0.92) logs=7 tools=wooden_pickaxe
F7 sword due: planks available
F14 tunnel: 2 blocks (branch mine at the floor, steered, floor lock)
F9 tunnel: steering coal_ore @ 4.6b (axis z+, cross 2.5, ore detour)
F2 tunnel: 12 blocks (branch mine at the floor, steered, floor lock)
F13 spare pick: OK (wooden_pickaxe, holds 2)
F13 sword due: planks available
F6 dir=(-0.08,1.00) logs=0 tools=none
F6 tool recovery: no pickaxe - spare-pick craft first
F6 spare pick: skip (no pickaxe materials (need 3 ingots / 3 cobble / 3 planks of ONE type))
F6 tool recovery: spare craft failed (no pickaxe materials (need 3 ingots / 3 cobble / 3 planks of ONE type)) - re-running the bootstrap
F7 sword: OK (wooden_sword, holds 1)
F7 sword: OK (wooden_sword)
F11 dir=(-0.99,-0.16) logs=1 tools=wooden_pickaxe
F4 vein sweep: 5 ores dug beside the gallery (floor lock)
F13 sword: OK (wooden_sword, holds 1)
F13 sword: OK (wooden_sword)
F16 [toolupgrade] [upgrade] upgraded: stone_pickaxe,wooden_shovel,wooden_pickaxe,wooden_pickaxe
F16 tool upgrade: OK -> stone_pickaxe (stone_pickaxe,wooden_shovel,wooden_pickaxe,wooden_pickaxe)
F9 tunnel: 4 blocks (branch mine at the floor, steered, ore detour)
F3 dir=(0.79,0.61) logs=3 tools=wooden_pickaxe
F3 spare pick due: spare (planks available)
F18 tunnel: steering coal_ore @ 4.7b (axis x--1, cross 2.500000000000284, floor lock)
F8 dir=(-0.68,0.74) logs=10 tools=wooden_pickaxe
F9 vein sweep: 3 ores dug beside the gallery (ore detour)
F10 tool upgrade due: cobble available -> stone_pickaxe
F3 spare pick: OK (wooden_pickaxe, holds 2)
F3 sword due: planks available
F9 tunnel: steering coal_ore @ 3.8b (axis x+, cross 0.30000000000001137, floor lock)
F3 sword: OK (wooden_sword, holds 1)
F3 sword: OK (wooden_sword)
F17 dir=(0.55,-0.84) logs=3 tools=wooden_pickaxe
F17 spare pick due: spare (planks available)
F19 dir=(0.95,-0.32) logs=4 tools=wooden_pickaxe
F19 spare pick due: spare (planks available)
F16 tunnel: steering coal_ore @ 2b (axis z--1, cross 0.5146757633883823, floor lock)
F13 tool upgrade due: cobble available -> stone_pickaxe
t-445s alive=19/19 mined=524 map=620p/11ch banked=0 smelted=0 pocket=581u/173s | sand=2 gravel=7 dirt=62 stone=0
   deficits: 157926/2 (0.0%) 149380/7 (0.0%) 31860/0 (0.0%) 27420/0 (0.0%) 10725/16 (0.1%)
   F1=50[cobblestone:28 oak_log:7 dirt:4] | F2=45[cobblestone:19 oak_log:7 dirt:6] | F3=21[dirt:4 oak_log:3 oak_planks:2] | F4=44[cobblestone:10 diorite:10 gravel:7] | F5=12[oak_planks:11 birch_planks:8 oak_log:5] | F6=19[stick:2 oak_planks:1 wooden_shovel:1] | F7=25[cobblestone:9 oak_log:7 dirt:6] | F8=24[oak_log:10 dirt:5 oak_pressure_plate:1] | F9=58[raw_copper:14 cobblestone:13 coal:9] | F10=26[cobblestone:7 oak_log:5 stick:5] | F11=21[diorite:7 leaf_litter:3 oak_planks:2] | F12=14[oak_log:6 dirt:3 leaf_litter:3] | F13=21[oak_planks:8 stick:7 cobblestone:7] | F14=44[andesite:10 dirt:5 cobblestone:4] | F15=18[oak_log:6 birch_log:1 oak_sapling:1] | F16=27[cobblestone:19 oak_log:4 stick:3] | F17=13[oak_planks:12 stick:4 oak_log:2] | F18=30[granite:9 cobblestone:8 oak_log:6] | F19=12[oak_planks:12 oak_log:4 stick:4]
   mem: heap=103M/143M old=-1M ext=124M ab=121M rss=371M cols=1992 ents=2375 evicted=657 path=2a/0q (max 6) stale=0
F17 spare pick: OK (wooden_pickaxe, holds 2)
F17 sword due: planks available
F19 spare pick: OK (wooden_pickaxe, holds 2)
F19 sword due: planks available
F14 vein sweep: 15 ores dug beside the gallery (floor lock)
F17 sword: OK (wooden_sword, holds 1)
F17 sword: OK (wooden_sword)
F19 sword: OK (wooden_sword, holds 1)
F19 sword: OK (wooden_sword)
F10 [toolupgrade] [upgrade] upgraded: stone_pickaxe,wooden_shovel,wooden_pickaxe,wooden_pickaxe
F10 tool upgrade: OK -> stone_pickaxe (stone_pickaxe,wooden_shovel,wooden_pickaxe,wooden_pickaxe)
F14 tunnel: steering coal_ore @ 6.3b (axis z--1, cross 1.5523422325398144, floor lock)
F13 [toolupgrade] [upgrade] upgraded: stone_pickaxe,wooden_shovel,wooden_pickaxe,wooden_pickaxe
F13 tool upgrade: OK -> stone_pickaxe (stone_pickaxe,wooden_shovel,wooden_pickaxe,wooden_pickaxe)
F7 tunnel: steering coal_ore @ 3b (axis x--1, cross 1.4358397656524176, floor lock)
[hb] n=8 ts=161s rss=374M late=40ms mainLate=568ms
F5 dir=(0.25,0.97) logs=6 tools=none
F5 tool recovery: no pickaxe - spare-pick craft first
F5 craft stick: storm cooldown 3992ms left (3 consecutive timeouts) - refusing
F5 spare pick: stick craft did not land
F5 tool recovery: spare craft failed (no sticks and no planks for sticks) - re-running the bootstrap
F3 tool upgrade due: cobble available -> stone_pickaxe
F16 tunnel: 6 blocks (branch mine at the floor, steered, floor lock)
F9 tunnel: 12 blocks (branch mine at the floor, steered, floor lock)
F10 tunnel: steering iron_ore @ 14b (axis z--1, cross 3.5028098815554216, floor lock)
F11 tunnel: steering coal_ore @ 7.2b (axis z+, cross 3.627347225979463, floor lock)
F14 tunnel: 4 blocks (branch mine at the floor, steered, floor lock)
F19 tool upgrade due: cobble available -> stone_pickaxe
F17 tool upgrade due: cobble available -> stone_pickaxe
F9 vein sweep: 3 ores dug beside the gallery (floor lock)
F18 tunnel: 12 blocks (branch mine at the floor, steered, floor lock)
F9 tunnel: steering coal_ore @ 3.1b (axis x+, cross 0.47822663217635863, ore detour)
F4 tunnel: steering coal_ore @ 16.6b (axis x--1, cross 0.32284082076404275, floor lock)
F13 tunnel: steering iron_ore @ 2.1b (axis z+, cross 0.5003087431038864, floor lock)
F11 tunnel: 2 blocks (branch mine at the floor, steered, floor lock)
F3 [toolupgrade] [upgrade] upgraded: stone_pickaxe,wooden_shovel,wooden_pickaxe,wooden_pickaxe
F3 tool upgrade: OK -> stone_pickaxe (stone_pickaxe,wooden_shovel,wooden_pickaxe,wooden_pickaxe)
F11 tunnel: steering coal_ore @ 7.2b (axis z+, cross 1.6999999999999886, floor lock)
F10 tunnel: 8 blocks (branch mine at the floor, steered, floor lock)
F8 tunnel: steering coal_ore @ 4.6b (axis z+, cross 0.5, floor lock)
F17 [toolupgrade] [upgrade] upgraded: stone_pickaxe,wooden_pickaxe,wooden_shovel,wooden_pickaxe
F17 tool upgrade: OK -> stone_pickaxe (stone_pickaxe,wooden_pickaxe,wooden_shovel,wooden_pickaxe)
F10 vein sweep: 1 ores dug beside the gallery (floor lock)
F19 [toolupgrade] [upgrade] upgraded: stone_pickaxe,wooden_shovel,wooden_pickaxe,wooden_pickaxe
F19 tool upgrade: OK -> stone_pickaxe (stone_pickaxe,wooden_shovel,wooden_pickaxe,wooden_pickaxe)
F10 tunnel: steering iron_ore @ 5b (axis x--1, cross 0.30000000000001137, floor lock)
t-430s alive=19/19 mined=686 map=744p/11ch banked=0 smelted=0 pocket=729u/201s | sand=2 gravel=10 dirt=71 stone=0
   deficits: 157926/2 (0.0%) 149380/10 (0.0%) 31860/0 (0.0%) 27420/0 (0.0%) 10725/31 (0.3%)
   F1=53[cobblestone:28 oak_log:7 dirt:4] | F2=47[cobblestone:19 oak_log:7 dirt:6] | F3=32[cobblestone:8 dirt:5 oak_planks:4] | F4=46[cobblestone:12 diorite:10 gravel:7] | F5=14[oak_planks:12 birch_planks:8 oak_log:6] | F6=19[oak_sapling:3 stick:2 wooden_shovel:1] | F7=38[cobblestone:11 dirt:8 oak_log:7] | F8=39[cobblestone:16 oak_log:10 dirt:5] | F9=74[diorite:19 raw_copper:16 cobblestone:14] | F10=41[cobblestone:15 oak_log:5 torch:4] | F11=30[diorite:8 granite:7 leaf_litter:3] | F12=17[oak_log:6 oak_planks:6 stick:6] | F13=32[cobblestone:18 stick:5 dirt:5] | F14=56[andesite:14 dirt:5 cobblestone:4] | F15=21[oak_planks:8 oak_log:6 stick:4] | F16=40[cobblestone:23 oak_log:4 coal:4] | F17=27[oak_planks:5 dirt:5 cobblestone:3] | F18=38[cobblestone:16 granite:10 oak_log:6] | F19=22[cobblestone:5 oak_log:4 stick:3]
   mem: heap=102M/144M old=-1M ext=123M ab=120M rss=371M cols=1979 ents=2496 evicted=691 path=1a/0q (max 6) stale=0
F13 tunnel: 2 blocks (branch mine at the floor, steered, floor lock)
F11 tunnel: 0 blocks (branch mine at the floor, steered, floor lock)
F11 tunnel: steering coal_ore @ 7.5b (axis z+, cross 2.6999999999999886, floor lock)
F3 tunnel: steering coal_ore @ 2.1b (axis x--1, cross 1.5, floor lock)
F8 tunnel: 2 blocks (branch mine at the floor, steered, floor lock)
F14 vein sweep: 10 ores dug beside the gallery (floor lock)
F15 dir=(-0.08,-1.00) logs=6 tools=wooden_pickaxe
F15 spare pick due: spare (planks available)
F11 tunnel: 0 blocks (branch mine at the floor, steered, floor lock)
F11 tunnel: steering coal_ore @ 7.6b (axis z+, cross 3.6999999999999886, floor lock)
F12 dir=(-0.88,-0.48) logs=6 tools=wooden_pickaxe
F12 sword due: planks available
F2 vein sweep: 6 ores dug beside the gallery (floor lock)
F7 tunnel: 12 blocks (branch mine at the floor, steered, floor lock)
F15 spare pick: OK (wooden_pickaxe, holds 2)
F12 sword: OK (wooden_sword, holds 1)
F12 sword: OK (wooden_sword)
F2 [F2] climb diag: level at y=43 blocked toward 1,0 (dug=2)
F17 tunnel: steering coal_ore @ 5b (axis x+, cross 3.4669290224325664, floor lock)
F11 tunnel: 0 blocks (branch mine at the floor, steered, floor lock)
F11 tunnel: 0 blocks x3 - sealed or flooded, cooling down 15s
F19 tunnel: steering coal_ore @ 2.5b (axis x+, cross 0.4999999999997158, floor lock)
F4 tunnel: 12 blocks (branch mine at the floor, steered, floor lock)
[hb] n=9 ts=181s rss=370M late=45ms mainLate=562ms
F10 tunnel: 12 blocks (branch mine at the floor, steered, floor lock)
F14 tunnel: steering coal_ore @ 6.8b (axis z--1, cross 2.408184288799376, ore detour)
F3 tunnel: 12 blocks (branch mine at the floor, steered, floor lock)
t-415s alive=19/19 mined=852 map=787p/12ch banked=0 smelted=0 pocket=878u/216s | sand=2 gravel=13 dirt=77 stone=0
   deficits: 157926/2 (0.0%) 149380/13 (0.0%) 31860/0 (0.0%) 27420/0 (0.0%) 10725/45 (0.4%)
   F1=56[cobblestone:28 oak_log:7 dirt:4] | F2=56[cobblestone:19 andesite:12 oak_log:7] | F3=49[cobblestone:26 dirt:5 oak_planks:4] | F4=62[cobblestone:26 diorite:10 dirt:7] | F5=17[birch_planks:12 oak_planks:12 oak_log:6] | F6=23[oak_sapling:4 oak_log:3 stick:2] | F7=46[cobblestone:13 dirt:8 andesite:8] | F8=42[cobblestone:18 oak_log:10 dirt:5] | F9=78[diorite:23 raw_copper:16 cobblestone:15] | F10=55[cobblestone:28 oak_log:5 torch:4] | F11=30[diorite:8 granite:7 leaf_litter:3] | F12=24[oak_log:6 leaf_litter:4 cobblestone:4] | F13=46[cobblestone:18 stick:5 dirt:5] | F14=63[andesite:21 raw_copper:15 cobblestone:8] | F15=29[oak_log:6 cobblestone:4 dirt:3] | F16=55[cobblestone:23 coal:7 oak_log:4] | F17=40[cobblestone:21 oak_planks:5 dirt:5] | F18=42[cobblestone:16 granite:10 oak_log:6] | F19=39[cobblestone:22 oak_log:4 stick:3]
   mem: heap=105M/145M old=-1M ext=122M ab=120M rss=376M cols=1971 ents=3018 evicted=728 path=0a/0q (max 6) stale=0
F14 tunnel: 2 blocks (branch mine at the floor, steered, ore detour)
F16 vein sweep: 24 ores dug beside the gallery (floor lock)
F14 vein sweep: 1 ores dug beside the gallery (ore detour)
F10 vein sweep: 4 ores dug beside the gallery (floor lock)
F13 vein sweep: 17 ores dug beside the gallery (floor lock)
F15 tool upgrade due: cobble available -> stone_pickaxe
F15 [toolupgrade] [upgrade] craft stick: no craftable recipe variant (ingredients missing?)
F8 vein sweep: 3 ores dug beside the gallery (floor lock)
F14 tunnel: steering coal_ore @ 4b (axis z--1, cross 0.5, ore detour)
F17 tunnel: 12 blocks (branch mine at the floor, steered, floor lock)
F8 tunnel: steering coal_ore @ 4.6b (axis z+, cross 1.3000000000000114, floor lock)
F16 tunnel: steering iron_ore @ 3.6b (axis x--1, cross 1.5, ore detour)
F10 tunnel: steering coal_ore @ 8.3b (axis x--1, cross 0.4999860631915567, floor lock)
F9 tunnel: 9 blocks (branch mine at the floor, steered, ore detour)
F13 tunnel: steering coal_ore @ 8.9b (axis x+, cross 2.575689526746771, floor lock)
F8 tunnel: 0 blocks (branch mine at the floor, steered, floor lock)
F8 tunnel: steering coal_ore @ 4.9b (axis z+, cross 1.3000000000000114, floor lock)
F19 tunnel: 12 blocks (branch mine at the floor, steered, floor lock)
F18 vein sweep: 7 ores dug beside the gallery (floor lock)
F14 tunnel: 2 blocks (branch mine at the floor, steered, ore detour)
F8 tunnel: 0 blocks (branch mine at the floor, steered, floor lock)
F8 tunnel: steering coal_ore @ 5.3b (axis z+, cross 0.30000000000001137, floor lock)
F15 [toolupgrade] [upgrade] upgraded: stone_pickaxe,wooden_shovel,wooden_pickaxe,wooden_pickaxe
F15 tool upgrade: OK -> stone_pickaxe (stone_pickaxe,wooden_shovel,wooden_pickaxe,wooden_pickaxe)
F15 sword due: planks available
F15 [tools] closing stale craft window (minecraft:inventory) - grid recovery
F15 craft wooden_sword: no craftable recipe variant (ingredients missing?)
F15 sword: craft did not land (wooden_sword, holds 0)
F8 tunnel: 0 blocks (branch mine at the floor, steered, floor lock)
F8 tunnel: 0 blocks x3 - sealed or flooded, cooling down 15s
F12 tunnel: steering coal_ore @ 4.1b (axis z+, cross 1.3726000203460842, floor lock)
F14 vein sweep: 7 ores dug beside the gallery (ore detour)
F14 tunnel: steering coal_ore @ 3.9b (axis z--1, cross 0.29999999999999716, floor lock)
F16 tunnel: 12 blocks (branch mine at the floor, steered, ore detour)
t-400s alive=19/19 mined=1035 map=855p/13ch banked=0 smelted=0 pocket=1037u/226s | sand=2 gravel=13 dirt=87 stone=0
   deficits: 157926/2 (0.0%) 149380/13 (0.0%) 31860/0 (0.0%) 27420/0 (0.0%) 10725/65 (0.6%)
   F1=58[cobblestone:28 oak_log:7 dirt:4] | F2=67[cobblestone:25 andesite:17 oak_log:7] | F3=64[cobblestone:27 dirt:5 oak_planks:4] | F4=79[cobblestone:29 dirt:13 diorite:10] | F5=17[oak_planks:12 birch_planks:11 oak_log:6] | F6=26[oak_sapling:5 birch_log:4 oak_log:3] | F7=52[cobblestone:13 coal:9 dirt:8] | F8=43[cobblestone:18 oak_log:10 dirt:5] | F9=88[diorite:23 raw_copper:20 cobblestone:16] | F10=68[cobblestone:34 andesite:7 oak_log:5] | F11=35[diorite:8 granite:7 andesite:5] | F12=39[cobblestone:18 oak_log:6 leaf_litter:4] | F13=60[cobblestone:32 raw_iron:6 stick:5] | F14=73[andesite:24 raw_copper:20 cobblestone:8] | F15=41[cobblestone:11 stick:8 dirt:7] | F16=69[cobblestone:33 coal:15 oak_log:4] | F17=56[cobblestone:21 diorite:9 oak_planks:5] | F18=45[cobblestone:16 granite:11 oak_log:6] | F19=55[cobblestone:29 oak_log:4 stick:3]
   mem: heap=105M/146M old=-1M ext=122M ab=120M rss=377M cols=1971 ents=3710 evicted=761 path=3a/0q (max 6) stale=0
F13 tunnel: 12 blocks (branch mine at the floor, steered, floor lock)
[hb] n=10 ts=201s rss=377M late=51ms mainLate=705ms
F17 vein sweep: 11 ores dug beside the gallery (floor lock)
F10 tunnel: 11 blocks (branch mine at the floor, steered, floor lock)
F13 vein sweep: 1 ores dug beside the gallery (floor lock)
F15 tunnel: steering coal_ore @ 3.9b (axis x+, cross 0.4335940984045692, floor lock)
F19 vein sweep: 11 ores dug beside the gallery (floor lock)
F12 tunnel: 2 blocks (branch mine at the floor, steered, floor lock)
F16 vein sweep: 3 ores dug beside the gallery (ore detour)
F14 tunnel: 0 blocks (branch mine at the floor, steered, floor lock)
F12 vein sweep: 1 ores dug beside the gallery (floor lock)
F16 map trip skipped: sand,gravel unreachable
F3 vein sweep: 21 ores dug beside the gallery (floor lock)
F10 [F10] water: drowning rescue start (drowning, oxygen 14)
F10 [F10] water: pass 0 head=wet shore=none land=n/a y=40.0 o2=14 probes=0 at=[-129,40,409]
F14 [F14] climb diag: level at y=45 blocked toward 0,-1 (dug=4)
F14 [F14] climb diag: level at y=44 blocked toward 1,0 (dug=4)
F10 [F10] water: pass 3 head=wet shore=none land=n/a y=40.6 o2=20 probes=0 at=[-129,41,409]
F12 tunnel: steering coal_ore @ 4.2b (axis z+, cross 0.5, floor lock)
F14 [F14] climb diag: level at y=44 blocked toward 0,1 (dug=5)
F19 tunnel: steering coal_ore @ 4.2b (axis x+, cross 2.5365034110533315, floor lock)
F10 [F10] water: rescue complete in 4.4s
F10 [F10] water: hazard memorized at [-130,41,408] (1 live, fleet-wide)
F11 tunnel: 12 blocks (branch mine at the floor, floor lock)
F8 tunnel: steering copper_ore @ 5.2b (axis x--1, cross 3.6999999999999886, floor lock)
F12 tunnel: 0 blocks (branch mine at the floor, steered, floor lock)
F12 tunnel: steering coal_ore @ 4.4b (axis z+, cross 2.299999999999997, floor lock)
t-385s alive=19/19 mined=1105 map=924p/14ch banked=0 smelted=0 pocket=1127u/229s | sand=2 gravel=13 dirt=87 stone=0
   deficits: 157926/2 (0.0%) 149380/13 (0.0%) 31860/0 (0.0%) 27420/0 (0.0%) 10725/78 (0.7%)
   F1=61[cobblestone:28 oak_log:7 dirt:4] | F2=72[cobblestone:30 andesite:17 oak_log:7] | F3=70[cobblestone:31 dirt:5 oak_planks:4] | F4=91[cobblestone:39 dirt:13 diorite:10] | F5=17[birch_planks:12 oak_planks:11 oak_log:6] | F6=28[oak_sapling:5 oak_log:4 birch_log:4] | F7=55[cobblestone:13 coal:9 dirt:8] | F8=44[cobblestone:18 oak_log:10 dirt:5] | F9=89[diorite:23 raw_copper:20 cobblestone:16] | F10=68[cobblestone:34 andesite:8 oak_log:5] | F11=42[andesite:9 diorite:8 granite:7] | F12=40[cobblestone:18 oak_log:6 leaf_litter:4] | F13=62[cobblestone:34 raw_iron:6 stick:5] | F14=82[andesite:31 raw_copper:20 coal:11] | F15=49[cobblestone:25 stick:8 dirt:7] | F16=72[cobblestone:44 coal:15 oak_log:4] | F17=57[cobblestone:22 diorite:9 oak_planks:5] | F18=45[cobblestone:16 granite:11 oak_log:6] | F19=61[cobblestone:38 oak_log:4 torch:4]
   mem: heap=108M/148M old=-1M ext=121M ab=119M rss=376M cols=1957 ents=3735 evicted=804 path=6a/0q (max 6) stale=0
F12 tunnel: 0 blocks (branch mine at the floor, steered, floor lock)
F11 tool upgrade due: cobble available -> stone_pickaxe
F15 tunnel: 12 blocks (branch mine at the floor, steered, floor lock)
F7 vein sweep: 15 ores dug beside the gallery (floor lock)
F5 recovery brake: 1 consecutive failures - next attempt in 45s
F5 tool recovery: failed (none)
F5 spare pick due: spare (planks available)
F5 craft stick: storm cooldown 3915ms left (3 consecutive timeouts) - refusing
F5 spare pick: stick craft did not land
F5 sword due: planks available
F5 craft stick: storm cooldown 3915ms left (3 consecutive timeouts) - refusing
F5 sword: stick craft did not land
F5 sword: failed (wooden_sword)
F5 tool recovery: no pickaxe - spare-pick craft first
F5 craft stick: storm cooldown 3909ms left (3 consecutive timeouts) - refusing
F5 spare pick: stick craft did not land
F5 tool recovery: spare craft failed (no sticks and no planks for sticks) - re-running the bootstrap
F5 recovery brake: 2 consecutive failures - next attempt in 90s
F5 tool recovery: failed (none)
[hb] n=11 ts=221s rss=379M late=55ms mainLate=556ms
F9 vein sweep: 10 ores dug beside the gallery (ore detour)
F9 tunnel: steering coal_ore @ 3.9b (axis x+, cross 0.6785482121760538, floor lock)
F9 tunnel: 0 blocks (branch mine at the floor, steered, floor lock)
F11 [toolupgrade] [upgrade] upgraded: wooden_shovel,stone_pickaxe,wooden_pickaxe
F11 tool upgrade: OK -> stone_pickaxe (wooden_shovel,stone_pickaxe,wooden_pickaxe)
F11 tunnel: steering coal_ore @ 7.3b (axis z+, cross 2.5169977484739547, floor lock)
F19 tunnel: 12 blocks (branch mine at the floor, steered, floor lock)
F9 [F9] climb diag: level at y=43 blocked toward -1,0 (dug=2)
F13 tunnel: steering coal_ore @ 5.8b (axis x+, cross 3.499134289992014, floor lock)
F7 [F7] climb diag: level at y=45 blocked toward 0,1 (dug=5)
F11 tunnel: 4 blocks (branch mine at the floor, steered, floor lock)
F16 tunnel: steering coal_ore @ 3.4b (axis z--1, cross 0.5080403683935799, ore detour)
F1 vein sweep: 16 ores dug beside the gallery (floor lock)
F1 bank trip: planned budget 169s
F11 [F11] climb diag: level at y=43 blocked toward -1,0 (dug=2)
F8 tunnel: 12 blocks (branch mine at the floor, steered, floor lock)
F1 [F1] climb diag: level at y=43 blocked toward 1,0 (dug=2)
F16 tunnel: 1 blocks (branch mine at the floor, steered, ore detour)
t-370s alive=19/19 mined=1250 map=955p/14ch banked=0 smelted=0 pocket=1262u/236s | sand=2 gravel=13 dirt=104 stone=0
   deficits: 157926/2 (0.0%) 149380/13 (0.0%) 31860/0 (0.0%) 27420/0 (0.0%) 10725/82 (0.8%)
   F1=67[cobblestone:30 oak_log:7 dirt:4] | F2=74[cobblestone:30 andesite:17 oak_log:7] | F3=70[cobblestone:31 dirt:5 oak_planks:4] | F4=113[cobblestone:48 dirt:25 diorite:10] | F5=21[birch_planks:12 oak_planks:12 oak_log:6] | F6=30[oak_planks:12 oak_sapling:5 oak_log:4] | F7=66[cobblestone:21 coal:9 dirt:8] | F8=55[cobblestone:30 oak_log:10 dirt:5] | F9=101[diorite:29 cobblestone:20 raw_copper:20] | F10=78[cobblestone:34 andesite:8 oak_log:5] | F11=52[granite:20 andesite:9 diorite:8] | F12=40[cobblestone:20 oak_log:6 leaf_litter:4] | F13=71[cobblestone:44 raw_iron:6 stick:5] | F14=90[andesite:35 raw_copper:20 cobblestone:14] | F15=67[cobblestone:29 stick:8 dirt:7] | F16=73[cobblestone:51 coal:15 oak_log:4] | F17=57[cobblestone:28 diorite:9 oak_planks:5] | F18=45[cobblestone:16 granite:11 oak_log:6] | F19=80[cobblestone:39 diorite:9 oak_log:4]
   mem: heap=105M/146M old=-1M ext=121M ab=118M rss=377M cols=1956 ents=4358 evicted=840 path=5a/0q (max 6) stale=0
F3 tunnel: steering iron_ore @ 14.3b (axis z--1, cross 2.5397431693738213, floor lock)
F13 tunnel: 12 blocks (branch mine at the floor, steered, floor lock)
F6 tool recovery: OK (wooden_pickaxe)
F6 spare pick due: spare (planks available)
F10 vein sweep: 14 ores dug beside the gallery (floor lock)
F6 spare pick: OK (wooden_pickaxe, holds 2)
F6 sword due: planks available
F18 tunnel: steering coal_ore @ 5.3b (axis x--1, cross 2.6783600500937723, floor lock)
F14 [F14] climb wet escape: 5 blocks walked (budget)
F10 [F10] climb diag: level at y=42 blocked toward -1,0 (dug=2)
F6 sword: OK (wooden_sword, holds 1)
F6 sword: OK (wooden_sword)
F14 [F14] water: drowning rescue start (drowning, oxygen 12)
F14 [F14] water: pass 0 head=wet shore=none land=n/a y=46.9 o2=12 probes=0 at=[-128,47,412]
F13 vein sweep: 3 ores dug beside the gallery (floor lock)
F14 climb out (trip): failed - stalled (traversed 5)
F14 map trip skipped: cannot leave the shaft
F3 tunnel: 2 blocks (branch mine at the floor, steered, floor lock)
F14 [F14] water: pass 9 head=wet shore=none land=n/a y=51.2 o2=9 probes=0 at=[-128,51,412]
F10 [F10] climb diag: level at y=43 blocked toward 0,-1 (dug=5)
F12 tunnel: steering coal_ore @ 3.8b (axis z+, cross 0.4866356501222526, floor lock)
F15 vein sweep: 23 ores dug beside the gallery (floor lock)
F4 [F4] climb diag: level at y=64 blocked toward 0,1 (dug=61)
F10 [F10] climb diag: level at y=42 blocked toward 1,0 (dug=6)
F4 [F4] climb diag: level at y=64 blocked toward -1,0 (dug=63)
F14 [F14] water: pass 16 head=wet shore=none land=n/a y=51.2 o2=7 probes=0 at=[-128,51,412]
F14 [F14] water: frozen physics (10 flat passes at y=51.2, o2=6, head WET) - standing down, the reconnect lane owns this
F14 [F14] water: rescue standing down (frozen physics - the walk gate reopens, the reconnect lane owns a dead client) in 4.7s
F14 [F14] water: frozen client relog (frozen while head-wet (1 verdict) - the drowning clock owns this client) - ending the session, the reconnect lane rebuilds the physics
F14 [F14] water: hazard memorized at [-129,51,411] (2 live, fleet-wide)
F4 [F4] climb diag: level at y=64 blocked toward 0,-1 (dug=64)
F16 vein sweep: 11 ores dug beside the gallery (ore detour)
F16 tunnel: steering coal_ore @ 3.5b (axis z--1, cross 1.2999999999999972, floor lock)
F4 climb out (trip): failed - stalled
F4 map trip skipped: cannot leave the shaft
[hb] n=12 ts=241s rss=377M late=61ms mainLate=685ms
F6 tool upgrade due: cobble available -> stone_pickaxe
F12 tunnel: 2 blocks (branch mine at the floor, steered, floor lock)
F19 vein sweep: 24 ores dug beside the gallery (floor lock)
F16 tunnel: 0 blocks (branch mine at the floor, steered, floor lock)
F17 tunnel: steering coal_ore @ 4.8b (axis z+, cross 0.5054681631270626, floor lock)
F19 [F19] climb diag: level at y=42 blocked toward 1,0 (dug=2)
F12 vein sweep: 1 ores dug beside the gallery (floor lock)
F8 vein sweep: 3 ores dug beside the gallery (floor lock)
F14 retry #1 in 4.7s (Timeout waiting for 1 ticks after 5050ms)
F12 tunnel: steering coal_ore @ 3.8b (axis z+, cross 0.7000000000000028, floor lock)
F10 [F10] climb rise assist: assist did not complete (goto: No path to the goal!)
t-355s alive=19/19 mined=1433 map=1026p/15ch banked=0 smelted=0 pocket=1418u/245s | sand=2 gravel=13 dirt=118 stone=0
   deficits: 157926/2 (0.0%) 149380/13 (0.0%) 31860/0 (0.0%) 27420/0 (0.0%) 10725/104 (1.0%)
   F1=72[cobblestone:35 oak_log:7 dirt:4] | F2=77[cobblestone:30 andesite:17 oak_log:7] | F3=84[cobblestone:38 coal:8 dirt:5] | F4=128[cobblestone:49 dirt:34 diorite:10] | F5=21[birch_planks:12 oak_planks:12 dirt:7] | F6=40[oak_sapling:6 cobblestone:5 oak_log:4] | F7=76[cobblestone:31 coal:9 dirt:8] | F8=59[cobblestone:30 oak_log:10 dirt:5] | F9=119[cobblestone:35 diorite:32 raw_copper:20] | F10=92[cobblestone:34 raw_copper:19 andesite:16] | F11=70[granite:26 andesite:19 diorite:8] | F12=43[cobblestone:22 oak_log:6 leaf_litter:4] | F13=90[cobblestone:54 raw_iron:6 diorite:6] | F14=92[andesite:37 raw_copper:20 cobblestone:14] | F15=76[cobblestone:30 stick:8 dirt:7] | F16=84[cobblestone:51 coal:15 oak_log:4] | F17=60[cobblestone:30 diorite:9 oak_planks:5] | F18=52[cobblestone:23 granite:11 oak_log:6] | F19=98[cobblestone:39 diorite:12 oak_log:4]
   mem: heap=112M/148M old=-1M ext=121M ab=118M rss=377M cols=1956 ents=4632 evicted=885 path=3a/0q (max 6) stale=0
F6 [toolupgrade] [upgrade] upgraded: stone_pickaxe,wooden_shovel,wooden_pickaxe,wooden_pickaxe
F6 tool upgrade: OK -> stone_pickaxe (stone_pickaxe,wooden_shovel,wooden_pickaxe,wooden_pickaxe)
F10 [F10] climb run-up: gallery opened toward 0,1 (digs 2) - the rise re-judges from the L-mouth
F12 tunnel: 0 blocks (branch mine at the floor, steered, floor lock)
F12 tunnel: steering iron_ore @ 7.9b (axis z+, cross 1.7000000000000028, floor lock)
F17 tunnel: 3 blocks (branch mine at the floor, steered, floor lock)
F10 [F10] climb wet escape: 2 blocks walked (budget)
F12 tunnel: 0 blocks (branch mine at the floor, steered, floor lock)
F12 tunnel: steering iron_ore @ 8.2b (axis z+, cross 2.700000000000003, floor lock)
F14 [F14] water: drowning rescue start (drowning, oxygen 5)
F14 [F14] water: pass 0 head=wet shore=none land=n/a y=51.2 o2=5 probes=0 at=[-128,51,412]
F18 tunnel: 12 blocks (branch mine at the floor, steered, floor lock)
F4 tunnel: steering copper_ore @ 8.5b (axis z--1, cross 2.5350177080788967, ore detour)
F12 tunnel: 0 blocks (branch mine at the floor, steered, floor lock)
F12 tunnel: 0 blocks x3 - sealed or flooded, cooling down 15s
F14 [F14] water: pass 8 head=wet shore=none land=n/a y=51.2 o2=2 probes=0 at=[-128,51,412]
F14 [F14] water: frozen physics (10 flat passes at y=51.2, o2=2, head WET) - standing down, the reconnect lane owns this
F14 [F14] water: rescue standing down (frozen physics - the walk gate reopens, the reconnect lane owns a dead client) in 2.4s
F14 [F14] water: frozen client relog (frozen while head-wet (1 verdict) - the drowning clock owns this client) - ending the session, the reconnect lane rebuilds the physics
F14 [F14] water: hazard memorized at [-129,51,411] (3 live, fleet-wide)
F10 [F10] climb rise assist: repositioned to -122,42,408 - the loop re-judges
F4 tunnel: 2 blocks (branch mine at the floor, steered, ore detour)
F4 bank trip: planned budget 197s
F10 climb out (trip): failed - stalled (traversed 2)
F10 map trip skipped: cannot leave the shaft
F16 tunnel: steering coal_ore @ 3.5b (axis z+, cross 0.5023699621213638, ore detour)
F10 tunnel: steering coal_ore @ 5.3b (axis x--1, cross 0.4685514138864164, floor lock)
F10 tunnel: 0 blocks (branch mine at the floor, steered, floor lock)
F17 [F17] climb diag: level at y=44 blocked toward 0,-1 (dug=14)
F14 retry #1 in 3.3s (Timeout waiting for 3 ticks after 5150ms)
F17 [F17] climb diag: level at y=43 blocked toward 1,0 (dug=14)
F15 sword due: cobble available
F15 sword: no table reachable or placeable
F15 sword: failed (no table)
F15 tunnel: steering coal_ore @ 2b (axis z+, cross 0.5, floor lock)
F17 [F17] climb diag: level at y=43 blocked toward 0,1 (dug=15)
t-340s alive=19/19 mined=1635 map=1058p/15ch banked=0 smelted=0 pocket=1617u/250s | sand=7 gravel=13 dirt=132 stone=0
   deficits: 157926/7 (0.0%) 149380/13 (0.0%) 31860/0 (0.0%) 27420/0 (0.0%) 10725/114 (1.1%)
   F1=75[cobblestone:35 oak_log:7 dirt:4] | F2=79[cobblestone:30 andesite:17 oak_log:7] | F3=98[cobblestone:39 diorite:12 coal:8] | F4=151[cobblestone:69 dirt:34 diorite:10] | F5=21[birch_planks:12 oak_planks:12 dirt:7] | F6=65[cobblestone:27 oak_sapling:6 oak_log:4] | F7=79[cobblestone:31 coal:9 dirt:8] | F8=72[cobblestone:43 oak_log:10 dirt:5] | F9=139[cobblestone:50 diorite:32 raw_copper:20] | F10=101[cobblestone:39 andesite:20 raw_copper:19] | F11=88[granite:26 andesite:19 dirt:14] | F12=43[cobblestone:22 oak_log:6 leaf_litter:4] | F13=110[cobblestone:60 diorite:21 raw_iron:6] | F14=92[andesite:37 raw_copper:20 cobblestone:14] | F15=80[cobblestone:33 stick:8 dirt:7] | F16=90[cobblestone:61 coal:15 oak_log:4] | F17=77[cobblestone:46 diorite:10 oak_planks:5] | F18=58[cobblestone:28 granite:11 oak_log:6] | F19=117[cobblestone:44 diorite:26 oak_log:4]
   mem: heap=108M/149M old=-1M ext=127M ab=125M rss=382M cols=1953 ents=4483 evicted=866 path=1a/0q (max 6) stale=0
[hb] n=13 ts=261s rss=378M late=65ms mainLate=321ms
F14 [F14] water: drowning rescue start (drowning, oxygen 1)
F14 [F14] water: pass 0 head=wet shore=none land=n/a y=51.2 o2=1 probes=0 at=[-128,51,412]
F16 tunnel: 6 blocks (branch mine at the floor, steered, ore detour)
F10 [F10] water: drowning rescue start (drowning, oxygen 12)
F10 [F10] water: pass 0 head=wet shore=none land=n/a y=42.0 o2=12 probes=0 at=[-126,42,408]
F15 tunnel: 4 blocks (branch mine at the floor, steered, floor lock)
F14 [F14] water: pass 9 head=wet shore=none land=n/a y=51.2 o2=-1 probes=0 at=[-128,51,412]
F14 [F14] water: frozen physics (10 flat passes at y=51.2, o2=-1, head WET) - standing down, the reconnect lane owns this
F14 [F14] water: rescue standing down (frozen physics - the walk gate reopens, the reconnect lane owns a dead client) in 2.3s
F14 [F14] water: frozen client relog (frozen while head-wet (1 verdict) - the drowning clock owns this client) - ending the session, the reconnect lane rebuilds the physics
F14 [F14] water: hazard memorized at [-129,51,411] (4 live, fleet-wide)
F10 [F10] water: rescue complete in 1.7s
F10 [F10] water: hazard memorized at [-127,43,408] (5 live, fleet-wide)
F16 vein sweep: 5 ores dug beside the gallery (ore detour)
F16 tunnel: steering coal_ore @ 4.1b (axis x--1, cross 0.30000000000001137, floor lock)
F14 retry #1 in 4.1s (Timeout waiting for 1 ticks after 5050ms)
F15 vein sweep: 9 ores dug beside the gallery (floor lock)
F15 [F15] climb diag: level at y=43 blocked toward 0,-1 (dug=2)
F11 [F11] climb wet escape: 12 blocks walked (budget)
F16 tunnel: 12 blocks (branch mine at the floor, steered, floor lock)
F14 [F14] water: drowning rescue start (drowning, oxygen 0)
F14 [F14] water: pass 0 head=wet shore=none land=n/a y=51.2 o2=0 probes=0 at=[-128,51,411]
F6 climb out (trip): OK +11 levels (11 steps, 32 dug, 25s)
F6 map trip skipped: sand,gravel unreachable
t-324s alive=19/19 mined=1849 map=1116p/16ch banked=0 smelted=0 pocket=1827u/256s | sand=10 gravel=13 dirt=138 stone=0
   deficits: 157926/10 (0.0%) 149380/13 (0.0%) 31860/0 (0.0%) 27420/0 (0.0%) 10725/117 (1.1%)
   F1=78[cobblestone:35 oak_log:7 dirt:4] | F2=81[cobblestone:30 andesite:17 oak_log:7] | F3=119[cobblestone:51 diorite:13 granite:13] | F4=171[cobblestone:74 dirt:34 diorite:24] | F5=21[birch_planks:12 oak_planks:12 dirt:7] | F6=83[cobblestone:42 oak_sapling:6 oak_log:4] | F7=81[cobblestone:31 coal:9 dirt:8] | F8=81[cobblestone:53 oak_log:10 dirt:5] | F9=151[cobblestone:58 diorite:32 raw_copper:20] | F10=103[cobblestone:40 raw_copper:31 andesite:20] | F11=110[cobblestone:31 granite:26 andesite:19] | F12=51[cobblestone:28 oak_log:6 leaf_litter:4] | F13=130[cobblestone:74 diorite:23 dirt:7] | F14=92[andesite:37 raw_copper:20 cobblestone:14] | F15=96[cobblestone:40 stick:8 dirt:7] | F16=107[cobblestone:65 coal:15 diorite:10] | F17=98[cobblestone:54 diorite:23 oak_planks:5] | F18=61[cobblestone:28 granite:11 oak_log:6] | F19=135[cobblestone:60 diorite:26 raw_copper:10]
   mem: heap=124M/156M old=-1M ext=139M ab=137M rss=392M cols=1927 ents=4557 evicted=924 path=3a/0q (max 6) stale=0
F14 [F14] water: pass 4 head=wet shore=none land=n/a y=51.2 o2=0 probes=0 at=[-128,51,412]
F10 vein sweep: 4 ores dug beside the gallery (floor lock)
F10 bank trip: pockets full budget 162s
F10 [F10] climb diag: level at y=44 blocked toward 0,-1 (dug=1)
F3 [F3] climb wet escape: 12 blocks walked (budget)
F14 [F14] water: pass 8 head=wet shore=none land=n/a y=51.2 o2=-1 probes=0 at=[-128,51,412]
F14 [F14] water: frozen physics (10 flat passes at y=51.2, o2=-1, head WET) - standing down, the reconnect lane owns this
F14 [F14] water: rescue standing down (frozen physics - the walk gate reopens, the reconnect lane owns a dead client) in 5.5s
F14 [F14] water: frozen client relog (frozen while head-wet (1 verdict) - the drowning clock owns this client) - ending the session, the reconnect lane rebuilds the physics
F14 [F14] water: hazard memorized at [-129,51,411] (6 live, fleet-wide)
F14 [F14] water: drowning rescue start (drowning, oxygen -1)
F14 [F14] water: pass 0 head=wet shore=none land=n/a y=51.2 o2=-1 probes=0 at=[-128,51,412]
[hb] n=14 ts=281s rss=390M late=70ms mainLate=707ms
F6 [F6] digShaft: water strike at y=49 -> water table (regions 1); fluid below (-116, 50, 392) - moving sideways
F6 [F6] digShaft: water strike at y=49 -> water table (regions 1); fluid below (-116, 50, 392) - moving sideways
F13 [F13] climb: walkable surface at y=63 (+21 levels, dug=56) - the walk takes over (blocked step)
F13 climb out (trip): OK +21 levels (20 steps, 56 dug, undefineds)
F14 [F14] water: pass 2 head=wet shore=none land=n/a y=51.2 o2=-1 probes=0 at=[-128,51,412]
F14 retry #1 in 4.0s (Timeout waiting for 4 ticks after 5200ms)
F14 [F14] water: pass 3 head=wet shore=none land=n/a y=51.2 o2=-1 probes=0 at=[-128,51,412]
F2 climb out (trip): failed - timeout
F2 map trip skipped: cannot leave the shaft
F5 tunnel: steering coal_ore @ 7b (axis z--1, cross 0.5, floor lock)
F2 tool recovery: no pickaxe - spare-pick craft first
F2 spare pick: skip (no sticks and no planks for sticks)
F2 tool recovery: spare craft failed (no sticks and no planks for sticks) - re-running the bootstrap
F14 [F14] water: pass 4 head=wet shore=none land=n/a y=51.2 o2=-1 probes=0 at=[-128,51,412]
F14 [F14] water: drowning rescue start (drowning, oxygen 0)
F14 [F14] water: pass 0 head=wet shore=none land=n/a y=51.2 o2=0 probes=0 at=[-128,51,412]
F14 [F14] water: pass 5 head=wet shore=none land=n/a y=51.2 o2=-1 probes=0 at=[-128,51,412]
F5 tunnel: 2 blocks (branch mine at the floor, steered, floor lock)
t-309s alive=19/19 mined=1990 map=1155p/16ch banked=0 smelted=0 pocket=1977u/259s | sand=15 gravel=16 dirt=151 stone=0
   deficits: 157926/15 (0.0%) 149380/16 (0.0%) 31860/0 (0.0%) 27420/0 (0.0%) 10725/127 (1.2%)
   F1=80[cobblestone:35 oak_log:7 dirt:4] | F2=83[cobblestone:30 andesite:17 oak_log:7] | F3=138[cobblestone:70 diorite:13 granite:13] | F4=190[cobblestone:84 dirt:36 diorite:30] | F5=23[birch_planks:12 oak_planks:12 dirt:9] | F6=85[cobblestone:46 diorite:7 oak_sapling:6] | F7=84[cobblestone:31 coal:9 dirt:8] | F8=84[cobblestone:53 oak_log:10 dirt:5] | F9=151[cobblestone:59 diorite:32 raw_copper:20] | F10=118[cobblestone:50 raw_copper:31 andesite:20] | F11=115[cobblestone:37 granite:26 andesite:19] | F12=63[cobblestone:38 oak_log:6 andesite:5] | F13=133[cobblestone:74 diorite:23 sand:8] | F14=92[andesite:37 raw_copper:20 cobblestone:14] | F15=115[cobblestone:50 stick:8 andesite:8] | F16=107[cobblestone:74 coal:15 diorite:12] | F17=115[cobblestone:61 diorite:23 dirt:13] | F18=64[cobblestone:28 granite:11 oak_log:6] | F19=150[cobblestone:75 diorite:26 raw_copper:10]
   mem: heap=131M/157M old=-1M ext=146M ab=143M rss=399M cols=1918 ents=4622 evicted=962 path=3a/0q (max 6) stale=0
F6 tunnel: steering coal_ore @ 7.8b (axis x--1, cross 3.5, ore detour)
F14 [F14] water: pass 8 head=wet shore=none land=n/a y=51.2 o2=0 probes=0 at=[-128,51,412]
F14 [F14] water: pass 6 head=wet shore=none land=n/a y=51.2 o2=-1 probes=0 at=[-128,51,412]
F14 [F14] water: frozen physics (10 flat passes at y=51.2, o2=-1, head WET) - standing down, the reconnect lane owns this
F14 [F14] water: rescue standing down (frozen physics - the walk gate reopens, the reconnect lane owns a dead client) in 2.4s
F14 [F14] water: frozen client relog (frozen while head-wet (1 verdict) - the drowning clock owns this client) - ending the session, the reconnect lane rebuilds the physics
F14 [F14] water: hazard memorized at [-129,51,411] (7 live, fleet-wide)
F6 tunnel: 2 blocks (branch mine at the floor, steered, ore detour)
F9 [F9] climb wet escape: 6 blocks walked (refused)
F9 [F9] climb diag: level at y=57 blocked toward 1,0 (dug=62, wet) at [0,2,0] water (stop)
F14 [F14] water: pass 7 head=wet shore=none land=n/a y=51.2 o2=-1 probes=0 at=[-128,51,412]
F16 tool upgrade due: worn (left=2/131) -> stone_pickaxe
F16 [toolupgrade] craft crafting_table: no craftable recipe variant (ingredients missing?)
F14 [F14] water: pass 8 head=wet shore=none land=n/a y=51.2 o2=-1 probes=0 at=[-128,51,412]
F11 [F11] climb diag: level at y=56 blocked toward 1,0 (dug=69) dig failed at [-135,57,392] stone (held=stone_pickaxe, grounded, post=water STILL THERE (server never broke it))
F16 [toolupgrade] plank rung: converted 1->5 same-type planks (need 4, from oak_log)
F14 retry #1 in 4.1s (Timeout waiting for 4 ticks after 5200ms)
F16 [toolupgrade] spare table: crafted
F6 [F6] water: drowning rescue start (drowning, oxygen 14)
F6 [F6] water: pass 0 head=wet shore=none land=n/a y=47.0 o2=14 probes=0 at=[-117,47,392]
F13 [F13] water: drowning rescue start (drowning, oxygen 14)
F13 [F13] water: pass 0 head=wet shore=none land=n/a y=60.0 o2=14 probes=0 at=[-143,60,390]
F14 [F14] water: pass 9 head=wet shore=none land=n/a y=51.2 o2=-1 probes=0 at=[-128,51,412]
F14 [F14] water: frozen physics (10 flat passes at y=51.2, o2=-1, head WET) - standing down, the reconnect lane owns this
F14 [F14] water: rescue standing down (frozen physics - the walk gate reopens, the reconnect lane owns a dead client) in 18.5s
F14 [F14] water: frozen client relog (frozen while head-wet (1 verdict) - the drowning clock owns this client) - ending the session, the reconnect lane rebuilds the physics
F14 [F14] water: hazard memorized at [-129,51,411] (8 live, fleet-wide)
F6 [F6] water: pass 6 head=wet shore=none land=n/a y=49.1 o2=18 probes=0 at=[-116,49,392]
F13 [F13] water: pass 6 head=dry shore=hit r=2 land=none y=62.0 o2=20 probes=0 at=[-141,62,392]
[hb] n=15 ts=301s rss=403M late=75ms mainLate=552ms
F16 [toolupgrade] stone_pickaxe: crafted (worn (left=2/131))
F16 tool upgrade: OK -> stone_pickaxe (worn (left=2/131))
F16 tunnel: steering coal_ore @ 5.3b (axis x+, cross 0.5424298167397978, ore detour)
F16 tunnel: 0 blocks (branch mine at the floor, steered, ore detour)
F16 tunnel: steering coal_ore @ 6b (axis x+, cross 0.5424298167397978, floor lock)
F16 tunnel: 0 blocks (branch mine at the floor, steered, floor lock)
F13 [F13] water: rescue complete in 3.9s
F13 [F13] water: hazard memorized at [-141,62,392] (9 live, fleet-wide)
F6 tunnel: steering coal_ore @ 8b (axis z--1, cross 2.700000000000003, floor lock)
F14 [F14] water: drowning rescue start (drowning, oxygen 0)
F14 [F14] water: pass 0 head=wet shore=none land=n/a y=51.2 o2=0 probes=0 at=[-128,51,412]
F10 [F10] climb wet escape: 12 blocks walked (budget)
F6 [F6] water: pass 11 head=dry shore=hit r=1 land=none y=51.5 o2=20 probes=0 at=[-115,51,392]
F14 [F14] died - respawning (cause: fall/env (0s before death at [-129,51,411]))
F14 [F14] water: death spot memorized as a hazard at [-129,51,411] (10 live, fleet-wide)
F19 climb out (trip): OK +24 levels (23 steps, 70 dug, 62s)
F6 [F6] water: rescue complete in 6.0s
F6 [F6] water: hazard memorized at [-117,49,392] (11 live, fleet-wide)
F14 tunnel: 0 blocks (branch mine at the floor, ore detour)
F14 [F14] water: pass 3 head=dry shore=hit r=1 land=none y=70.8 o2=-1 probes=0 at=[-127,71,420]
t-293s alive=19/19 mined=2139 map=1174p/16ch banked=0 smelted=0 pocket=2003u/245s | sand=18 gravel=22 dirt=192 stone=0
   deficits: 157926/18 (0.0%) 149380/22 (0.0%) 31860/0 (0.0%) 27420/0 (0.0%) 10725/101 (0.9%)
   F1=83[cobblestone:35 oak_log:7 dirt:4] | F2=83[cobblestone:30 andesite:17 oak_log:7] | F3=153[cobblestone:78 dirt:13 diorite:13] | F4=196[cobblestone:84 dirt:42 diorite:30] | F5=24[birch_planks:12 oak_planks:12 dirt:9] | F6=91[cobblestone:51 diorite:7 oak_sapling:6] | F7=87[cobblestone:31 coal:9 dirt:8] | F8=87[cobblestone:53 oak_log:10 dirt:5] | F9=166[cobblestone:61 diorite:32 dirt:24] | F10=137[cobblestone:56 raw_copper:31 andesite:20] | F11=127[cobblestone:40 granite:26 dirt:23] | F12=75[cobblestone:49 oak_log:6 andesite:5] | F13=134[cobblestone:74 diorite:23 sand:10] | F14=92[empty] | F15=131[cobblestone:57 andesite:18 stick:8] | F16=113[cobblestone:75 coal:15 diorite:14] | F17=130[cobblestone:77 diorite:23 dirt:14] | F18=66[cobblestone:28 granite:11 oak_log:6] | F19=164[cobblestone:79 diorite:26 dirt:14]
   mem: heap=132M/163M old=-1M ext=155M ab=152M rss=420M cols=1947 ents=4864 evicted=990 path=3a/0q (max 6) stale=0
F4 [F4] climb rise assist: assist did not complete (goto: Took to long to decide path to goal!)
F19 map trip skipped: sand,gravel unreachable
F14 [F14] water: pass 5 head=dry shore=hit r=1 land=none y=70.8 o2=-1 probes=0 at=[-126,71,421]
F4 [F4] climb run-up: gallery opened toward 0,1 (digs 2) - the rise re-judges from the L-mouth
F4 [F4] climb diag: level at y=62 did not rise (food=20, dug=55) feet=air support=air step=air head=air
F6 tunnel: 2 blocks (branch mine at the floor, steered, floor lock)
F19 tool upgrade due: cobble available -> stone_pickaxe
F19 [toolupgrade] [upgrade] craft stick: no craftable recipe variant (ingredients missing?)
F14 [F14] water: pass 8 head=dry shore=hit r=1 land=none y=70.8 o2=-1 probes=0 at=[-123,71,423]
F9 climb out (trip): failed - timeout (traversed 6)
F9 map trip skipped: cannot leave the shaft
F14 tunnel: 0 blocks (branch mine at the floor, floor lock)
F5 vein sweep: 2 ores dug beside the gallery (floor lock)
F9 tool upgrade due: worn (left=8/131) -> stone_pickaxe
F9 [toolupgrade] craft crafting_table: no craftable recipe variant (ingredients missing?)
F14 [F14] water: pass 12 head=dry shore=hit r=1 land=none y=70.5 o2=-1 probes=0 at=[-126,70,422]
F9 [toolupgrade] plank rung: converted 1->5 same-type planks (need 4, from oak_log)
F9 [toolupgrade] spare table: crafted
F19 [toolupgrade] [upgrade] upgraded: stone_pickaxe,wooden_shovel,wooden_pickaxe,wooden_pickaxe
F19 tool upgrade: OK -> stone_pickaxe (stone_pickaxe,wooden_shovel,wooden_pickaxe,wooden_pickaxe)
F14 [F14] water: rescue complete in 13.0s
F14 [F14] water: hazard memorized at [-129,51,411] (12 live, fleet-wide)
F14 tunnel: 0 blocks (branch mine at the floor, ore detour)
F14 tunnel: 0 blocks x3 - sealed or flooded, cooling down 15s
F9 [toolupgrade] stone_pickaxe: crafted (worn (left=8/131))
F9 tool upgrade: OK -> stone_pickaxe (worn (left=8/131))
F7 climb out (trip): failed - timeout
F7 map trip skipped: cannot leave the shaft
F7 tool recovery: no pickaxe - spare-pick craft first
F7 spare pick: skip (no sticks and no planks for sticks)
F7 tool recovery: spare craft failed (no sticks and no planks for sticks) - re-running the bootstrap
F1 climb out (bank): failed - timeout
F1 tool recovery: no pickaxe - spare-pick craft first
F1 spare pick: skip (no sticks and no planks for sticks)
F1 tool recovery: spare craft failed (no sticks and no planks for sticks) - re-running the bootstrap
[hb] n=16 ts=321s rss=427M late=81ms mainLate=336ms
F19 [F19] digShaft: water table y=53 (region strike) - stopping above the aquifer, the tunnel owns this level (regions 1)
F19 tunnel: steering coal_ore @ 11.6b (axis x--1, cross 0.49804896071105986, ore detour)
F3 climb out (trip): OK +21 levels (21 steps, 86 dug, 12 traversed, 86s)
t-278s alive=19/19 mined=2267 map=1223p/17ch banked=0 smelted=0 pocket=2152u/250s | sand=24 gravel=22 dirt=217 stone=0
   deficits: 157926/24 (0.0%) 149380/22 (0.0%) 31860/0 (0.0%) 27420/0 (0.0%) 10725/115 (1.1%)
   F1=86[cobblestone:35 oak_log:7 dirt:4] | F2=83[cobblestone:30 andesite:17 oak_planks:6] | F3=158[cobblestone:78 dirt:17 diorite:13] | F4=206[cobblestone:87 dirt:43 diorite:30] | F5=25[dirt:12 birch_planks:12 oak_planks:12] | F6=91[cobblestone:58 diorite:7 oak_sapling:6] | F7=89[cobblestone:31 coal:9 dirt:8] | F8=89[cobblestone:53 oak_log:10 dirt:5] | F9=178[cobblestone:61 diorite:36 dirt:29] | F10=155[cobblestone:60 andesite:34 raw_copper:31] | F11=144[cobblestone:41 dirt:28 granite:26] | F12=78[cobblestone:51 oak_log:6 andesite:5] | F13=134[cobblestone:74 diorite:23 sand:11] | F14=92[empty] | F15=139[cobblestone:62 andesite:18 raw_copper:9] | F16=129[cobblestone:91 coal:15 diorite:14] | F17=146[cobblestone:88 diorite:23 dirt:17] | F18=67[cobblestone:28 granite:11 oak_log:6] | F19=178[cobblestone:83 diorite:28 dirt:19]
   mem: heap=122M/165M old=-1M ext=152M ab=149M rss=425M cols=1908 ents=4737 evicted=1047 path=4a/0q (max 6) stale=0
F11 [F11] climb wet escape: 7 blocks walked (stalled)
F11 [F11] climb diag: level at y=58 blocked toward 0,1 (dug=102, wet) at [0,2,0] water (stop)
F11 climb out (trip): failed - timeout (traversed 19)
F11 map trip skipped: cannot leave the shaft
F11 sword due: cobble available
F11 sword: no table reachable or placeable
F11 sword: failed (no table)
F2 tool recovery: OK (wooden_pickaxe,stone_pickaxe)
F9 [F9] digShaft: water strike at y=44 -> water table (regions 2); fluid below (-134, 45, 404) - moving sideways
F9 [F9] digShaft: water table y=48 (region strike) - stopping above the aquifer, the tunnel owns this level (regions 2)
F9 bank trip: pockets full budget 160s
F15 [F15] climb wet escape: 1 blocks walked (low-o2)
F15 [F15] climb wet escape: oxygen 2 at the floor - the escape yields, the rescue lane owns the air
F15 climb out (trip): failed - low-o2 (traversed 1)
F15 map trip skipped: cannot leave the shaft
F15 sword due: cobble available
F15 sword: no table reachable or placeable
F15 sword: failed (no table)
F15 [F15] water: drowning rescue start (drowning, oxygen 2)
F15 [F15] water: pass 0 head=wet shore=none land=n/a y=58.0 o2=2 probes=0 at=[-83,58,374]
F15 tunnel: steering copper_ore @ 2.3b (axis z--1, cross 0.29999999999999716, floor lock)
F13 map trip: sand
F11 bank trip: pockets full budget 152s
F11 [F11] died - respawning (cause: fall/env (0s before death at [-147,58,402]))
F11 [F11] water: death spot memorized as a hazard at [-147,58,402] (13 live, fleet-wide)
F4 [F4] climb wet escape: 6 blocks walked (budget)
F9 [F9] climb wet escape: 2 blocks walked (stalled)
F9 [F9] climb diag: level at y=46 blocked toward 0,-1 (dug=2, wet) at [-1,2,0] water (stop)
F15 [F15] water: pass 8 head=dry shore=hit r=1 land=none y=62.8 o2=1 probes=0 at=[-83,63,374]
F15 [F15] water: pass 10 head=dry shore=hit r=1 land=none y=63.5 o2=12 probes=0 at=[-84,64,374]
F2 tunnel: steering iron_ore @ 10.9b (axis z--1, cross 2.5, ore detour)
F17 climb out (trip): OK +24 levels (32 steps, 97 dug, 86s)
F19 tunnel: 12 blocks (branch mine at the floor, steered, ore detour)
F9 [F9] climb diag: level at y=47 blocked toward 1,0 (dug=5)
F15 [F15] water: pass 12 head=wet shore=none land=n/a y=61.9 o2=20 probes=0 at=[-83,62,372]
F15 tunnel: 2 blocks (branch mine at the floor, steered, floor lock)
F14 tunnel: 0 blocks (branch mine at the floor, floor lock)
F17 tool upgrade due: worn (left=7/131) -> stone_pickaxe
F17 [toolupgrade] spare table: crafted
F15 [F15] water: pass 18 head=dry shore=hit r=1 land=none y=64.3 o2=20 probes=0 at=[-85,64,373]
F2 tunnel: 3 blocks (branch mine at the floor, steered, ore detour)
t-263s alive=19/19 mined=2372 map=1273p/18ch banked=0 smelted=0 pocket=2096u/242s | sand=19 gravel=27 dirt=210 stone=0
   deficits: 157926/19 (0.0%) 149380/27 (0.0%) 31860/0 (0.0%) 27420/0 (0.0%) 10725/101 (0.9%)
   F1=86[cobblestone:35 oak_log:7 dirt:4] | F2=98[cobblestone:27 andesite:22 granite:9] | F3=158[cobblestone:78 dirt:17 diorite:13] | F4=212[cobblestone:88 dirt:43 diorite:32] | F5=25[dirt:12 birch_planks:12 oak_planks:12] | F6=91[cobblestone:59 diorite:7 oak_sapling:6] | F7=89[cobblestone:31 coal:9 dirt:8] | F8=92[cobblestone:53 oak_log:10 dirt:5] | F9=193[cobblestone:73 diorite:39 dirt:29] | F10=171[cobblestone:73 andesite:34 raw_copper:31] | F11=148[dirt:1] | F12=80[cobblestone:51 oak_log:6 andesite:5] | F13=134[cobblestone:74 diorite:23 sand:11] | F14=92[empty] | F15=143[cobblestone:62 andesite:18 raw_copper:13] | F16=142[cobblestone:94 coal:17 diorite:14] | F17=157[cobblestone:88 dirt:28 diorite:23] | F18=68[cobblestone:28 granite:11 oak_log:6] | F19=193[cobblestone:93 diorite:28 dirt:19]
   mem: heap=131M/167M old=-1M ext=152M ab=149M rss=423M cols=1923 ents=5243 evicted=1103 path=6a/0q (max 6) stale=0
F15 [F15] water: pass 21 head=dry shore=hit r=1 land=none y=63.8 o2=20 probes=0 at=[-88,64,374]
F16 [F16] climb wet escape: 2 blocks walked (budget)
F14 tunnel: 0 blocks (branch mine at the floor, ore detour)
F17 [toolupgrade] stone_pickaxe: crafted (worn (left=7/131))
F17 tool upgrade: OK -> stone_pickaxe (worn (left=7/131))
F17 [F17] digShaft: water hazard 5.1b away (live 13) - refusing this column, the caller rotates
F17 bank trip: pockets full budget 145s
F17 [F17] climb diag: level at y=64 blocked toward 0,-1 (dug=0)
F4 [F4] climb diag: level at y=53 did not rise (food=20, dug=69) feet=water support=diorite step=air head=air
F17 [F17] climb diag: level at y=66 blocked toward 1,0 (dug=0)
[hb] n=17 ts=341s rss=424M late=86ms mainLate=1033ms
F17 [F17] climb diag: level at y=65 blocked toward 0,1 (dug=0)
F15 [F15] water: pass 23 head=dry shore=hit r=1 land=none y=63.5 o2=20 probes=0 at=[-89,64,374]
F17 climb out (bank): failed - stalled
F17 [F17] digShaft: water hazard 6.8b away (live 13) - refusing this column, the caller rotates
F17 tunnel: steering iron_ore @ 19.5b (axis z+, cross 3.1340711174335354, floor lock)
F16 [F16] climb wet escape: 1 blocks walked (low-o2)
F16 [F16] climb wet escape: oxygen 6 at the floor - the escape yields, the rescue lane owns the air
F16 climb out (trip): failed - low-o2 (traversed 3)
F16 map trip skipped: cannot leave the shaft
F18 vein sweep: 12 ores dug beside the gallery (floor lock)
F17 tunnel: 0 blocks (branch mine at the floor, steered, floor lock)
F17 bank trip: pockets full budget 142s
F17 [F17] climb diag: level at y=64 blocked toward 1,0 (dug=0)
F16 [F16] water: drowning rescue start (drowning, oxygen 6)
F16 [F16] water: pass 0 head=wet shore=none land=n/a y=53.1 o2=6 probes=0 at=[-128,53,371]
F17 [F17] climb diag: level at y=64 blocked toward 0,1 (dug=0)
F19 vein sweep: 9 ores dug beside the gallery (ore detour)
F19 bank trip: pockets full budget 169s
F17 [F17] climb diag: level at y=64 blocked toward -1,0 (dug=0)
F16 tunnel: steering coal_ore @ 13.9b (axis z+, cross 2.3240119871521756, ore detour)
F18 tool recovery: no pickaxe - spare-pick craft first
F18 spare pick: skip (no sticks and no planks for sticks)
F18 tool recovery: spare craft failed (no sticks and no planks for sticks) - re-running the bootstrap
F15 [F15] water: pass 25 head=dry shore=hit r=1 land=none y=63.8 o2=20 probes=0 at=[-88,64,374]
F17 climb out (bank): failed - stalled [stage 1]
F17 [F17] climb diag: level at y=64 blocked toward 0,1 (dug=0)
F14 tunnel: 0 blocks (branch mine at the floor, floor lock)
F14 tunnel: 0 blocks x3 - sealed or flooded, cooling down 15s
F13 [F13] water: drowning rescue start (drowning, oxygen 13)
F13 [F13] water: pass 0 head=wet shore=none land=n/a y=58.4 o2=13 probes=0 at=[-151,58,383]
F19 [F19] climb diag: level at y=55 blocked toward 1,0 (dug=2)
F17 [F17] climb diag: level at y=64 blocked toward -1,0 (dug=0)
F17 [F17] climb diag: level at y=64 blocked toward 0,-1 (dug=0)
F16 [F16] water: pass 7 head=wet shore=none land=n/a y=58.0 o2=2 probes=0 at=[-128,58,371]
F15 [F15] water: pass 28 head=dry shore=hit r=1 land=none y=63.8 o2=20 probes=0 at=[-92,64,374]
F13 [F13] water: pass 5 head=dry shore=hit r=10 land=none y=62.3 o2=19 probes=0 at=[-150,62,383]
F17 climb out (trip): failed - stalled [stage 2]
F17 map trip skipped: cannot leave the shaft
F16 [F16] water: pass 14 head=dry shore=hit r=7 land=none y=62.1 o2=7 probes=0 at=[-128,62,372]
F8 climb out (trip): failed - timeout
F8 map trip skipped: cannot leave the shaft
F15 [F15] water: pass 30 head=dry shore=hit r=1 land=none y=63.2 o2=20 probes=0 at=[-92,63,374]
F13 bank trip: pockets full budget 157s
F13 climb out (bank): failed - rescue owns the bot
F8 tool recovery: no pickaxe - spare-pick craft first
F8 spare pick: skip (no sticks and no planks for sticks)
F8 tool recovery: spare craft failed (no sticks and no planks for sticks) - re-running the bootstrap
F9 [F9] climb wet escape: 1 blocks walked (budget)
F9 [F9] climb diag: level at y=48 blocked toward 0,1 (dug=15, wet) at [0,2,0] water (stop)
F4 [F4] climb diag: level at y=50 blocked toward 0,-1 (dug=72)
F15 [F15] water: rescue complete in 20.5s
F15 [F15] water: hazard memorized at [-92,62,374] (13 live, fleet-wide)
F4 [F4] water: drowning rescue start (drowning, oxygen 20)
F4 [F4] water: pass 0 head=wet shore=none land=n/a y=46.0 o2=20 probes=0 at=[-129,46,456]
F4 climb out (bank): failed - timeout (traversed 6)
F4 climb out (trip): failed - rescue owns the bot
F4 map trip skipped: cannot leave the shaft
F4 tool upgrade due: cobble available -> stone_pickaxe
F13 [F13] water: pass 10 head=dry shore=hit r=6 land=none y=62.4 o2=20 probes=0 at=[-147,62,386]
F15 vein sweep: 1 ores dug beside the gallery (floor lock)
F15 [F15] climb diag: level at y=63 blocked toward 0,-1 (dug=0)
F15 [F15] climb diag: level at y=63 blocked toward 1,0 (dug=0)
F16 [F16] water: pass 19 head=dry shore=hit r=4 land=none y=62.2 o2=19 probes=0 at=[-125,62,375]
F9 climb out (bank): failed - stalled (traversed 3)
F15 [F15] climb diag: level at y=63 blocked toward 0,1 (dug=0)
F15 climb out (trip): failed - stalled
F15 map trip skipped: cannot leave the shaft
F4 [F4] water: pass 3 head=dry shore=hit r=12 land=none y=46.2 o2=20 probes=0 at=[-129,46,455]
F16 [F16] water: pass 22 head=dry shore=hit r=2 land=none y=62.8 o2=20 probes=0 at=[-123,63,376]
F13 [F13] water: pass 14 head=dry shore=hit r=3 land=none y=62.5 o2=20 probes=0 at=[-144,63,389]
F16 [F16] water: rescue complete in 10.1s
F16 [F16] water: hazard memorized at [-122,62,377] (14 live, fleet-wide)
F6 [F6] water: drowning rescue start (drowning, oxygen 15)
F6 [F6] water: pass 0 head=wet shore=none land=n/a y=47.0 o2=15 probes=0 at=[-115,47,397]
F4 [F4] water: pass 7 head=dry shore=hit r=12 land=none y=46.2 o2=20 probes=0 at=[-129,46,455]
F5 tool recovery: no pickaxe - spare-pick craft first
t-248s alive=19/19 mined=2459 map=1377p/20ch banked=0 smelted=0 pocket=2207u/253s | sand=21 gravel=29 dirt=231 stone=0
   deficits: 157926/21 (0.0%) 149380/29 (0.0%) 31860/0 (0.0%) 27420/0 (0.0%) 10725/113 (1.1%)
   F1=86[cobblestone:35 oak_planks:7 oak_log:4] | F2=114[cobblestone:33 andesite:31 granite:9] | F3=158[cobblestone:78 dirt:17 diorite:16] | F4=215[cobblestone:88 dirt:43 diorite:35] | F5=25[dirt:12 oak_planks:12 birch_planks:10] | F6=94[cobblestone:60 diorite:7 oak_sapling:6] | F7=89[cobblestone:31 coal:9 dirt:8] | F8=94[cobblestone:53 oak_planks:10 oak_log:6] | F9=203[cobblestone:82 diorite:40 dirt:29] | F10=188[cobblestone:80 andesite:34 raw_copper:31] | F11=148[dirt:4] | F12=84[cobblestone:51 oak_log:6 andesite:5] | F13=134[cobblestone:74 diorite:23 sand:11] | F14=92[empty] | F15=143[cobblestone:62 andesite:18 raw_copper:13] | F16=144[cobblestone:94 coal:17 diorite:14] | F17=168[cobblestone:91 dirt:32 diorite:23] | F18=69[cobblestone:28 granite:11 oak_log:6] | F19=211[cobblestone:103 diorite:28 dirt:19]
   mem: heap=130M/166M old=-1M ext=151M ab=149M rss=425M cols=1912 ents=5355 evicted=1152 path=2a/0q (max 6) stale=0
F13 tunnel: steering coal_ore @ 17.5b (axis x+, cross 2.1290862470652314, floor lock)
F13 [F13] water: pass 20 head=dry shore=hit r=1 land=none y=63.1 o2=20 probes=0 at=[-140,63,393]
F4 [F4] water: frozen physics (10 flat passes at y=46.2, o2=20) - standing down, the reconnect lane owns this
F4 [F4] water: rescue standing down (frozen physics - the walk gate reopens, the reconnect lane owns a dead client) in 5.2s
F4 [F4] water: hazard memorized at [-129,46,455] (15 live, fleet-wide)
F5 spare pick: no table reachable or placeable
F5 tool recovery: spare craft failed (no table) - re-running the bootstrap
F7 tool recovery: OK (wooden_pickaxe,stone_pickaxe)
F17 [F17] digShaft: water table y=48 (region strike) - stopping above the aquifer, the tunnel owns this level (regions 2)
F17 tunnel: steering coal_ore @ 8.6b (axis z+, cross 1.5, ore detour)
F7 [F7] digShaft: water table y=48 (region strike) - stopping above the aquifer, the tunnel owns this level (regions 2)
F7 tunnel: steering coal_ore @ 6.2b (axis z--1, cross 0.30000000000001137, ore detour)
F6 [F6] water: pass 7 head=wet shore=none land=n/a y=49.6 o2=18 probes=0 at=[-115,50,396]
F13 [F13] water: rescue complete in 11.8s
F13 [F13] water: hazard memorized at [-142,62,391] (16 live, fleet-wide)
F1 tool recovery: OK (wooden_pickaxe,stone_pickaxe)
F1 sword due: cobble available
F6 [F6] water: rescue complete in 3.3s
F6 [F6] water: hazard memorized at [-116,50,396] (17 live, fleet-wide)
F13 tunnel: 0 blocks (branch mine at the floor, steered, floor lock)
F13 bank trip: pockets full budget 153s
F13 bank: holding 45s of 153s for the smelt leg
F11 [F11] climb diag: level at y=58 blocked toward -1,0 (dug=0) dig failed at [-147,60,402] sand (held=dirt, grounded, post=sand STILL THERE (server never broke it))
F16 tunnel: 2 blocks (branch mine at the floor, steered, ore detour)
F16 bank trip: pockets full budget 154s
F16 bank: holding 45s of 154s for the smelt leg
F15 tool upgrade due: worn (left=11/131) -> stone_pickaxe
F15 [toolupgrade] craft crafting_table: no craftable recipe variant (ingredients missing?)
F12 [F12] water: drowning rescue start (drowning, oxygen 13)
F12 [F12] water: pass 0 head=wet shore=none land=n/a y=55.0 o2=13 probes=0 at=[-115,55,369]
F15 [toolupgrade] plank rung: converted 1->4 same-type planks (need 4, from oak_log)
F1 sword: OK (stone_sword, holds 1)
F1 sword: OK (stone_sword)
F17 tunnel: 2 blocks (branch mine at the floor, steered, ore detour)
F17 bank trip: pockets full budget 152s
F17 climb out (bank): failed - exhausted (wait 78s)
F12 [F12] water: pass 4 head=wet shore=none land=n/a y=57.2 o2=11 probes=0 at=[-114,57,369]
F15 [toolupgrade] spare table: crafted
F9 [F9] climb wet escape: 6 blocks walked (budget)
F14 tool recovery: no pickaxe - spare-pick craft first
F14 spare pick: skip (no sticks and no planks for sticks)
F14 tool recovery: spare craft failed (no sticks and no planks for sticks) - re-running the bootstrap
[hb] n=18 ts=361s rss=426M late=90ms mainLate=668ms
F17 [F17] digShaft: water hazard 11.6b away (live 17) - refusing this column, the caller rotates
F17 tunnel: steering coal_ore @ 8.2b (axis z+, cross 2.3000000000000114, ore detour)
F4 [toolupgrade] [upgrade] upgraded: stone_pickaxe,wooden_shovel,wooden_pickaxe
F4 tool upgrade: OK -> stone_pickaxe (stone_pickaxe,wooden_shovel,wooden_pickaxe)
F4 tunnel: steering coal_ore @ 5.5b (axis z--1, cross 3.3000000000000114, ore detour)
F10 [F10] climb diag: level at y=69 blocked toward 1,0 (dug=87)
F10 [F10] climb diag: level at y=68 blocked toward 0,1 (dug=87)
F7 tunnel: 4 blocks (branch mine at the floor, steered, ore detour)
F7 map trip skipped: sand,gravel unreachable
F12 [F12] water: pass 9 head=wet shore=none land=n/a y=57.2 o2=20 probes=0 at=[-114,57,369]
F6 [F6] digShaft: water hazard 1.0b away (live 17) - refusing this column, the caller rotates
F6 tunnel: steering coal_ore @ 8.4b (axis x--1, cross 1.707600035028122, ore detour)
F10 climb out (bank): failed - stalled (traversed 12) [stage 1]
F10 [F10] climb diag: level at y=68 blocked toward -1,0 (dug=0)
F12 [F12] water: frozen physics (10 flat passes at y=57.2, o2=20, head WET) - standing down, the reconnect lane owns this
F12 [F12] water: rescue standing down (frozen physics - the walk gate reopens, the reconnect lane owns a dead client) in 5.5s
F12 [F12] water: frozen client relog (frozen while head-wet (1 verdict) - the drowning clock owns this client) - ending the session, the reconnect lane rebuilds the physics
F12 [F12] water: hazard memorized at [-115,57,369] (17 live, fleet-wide)
F10 [F10] climb diag: level at y=68 blocked toward 0,-1 (dug=0)
F10 [F10] climb diag: level at y=68 blocked toward 1,0 (dug=0)
F1 tunnel: steering copper_ore @ 8b (axis z--1, cross 3.299999999999997, ore detour)
F4 [F4] water: drowning rescue start (drowning, oxygen 14)
F4 [F4] water: pass 0 head=wet shore=none land=n/a y=43.0 o2=14 probes=0 at=[-128,43,453]
F10 climb out (trip): failed - stalled
F10 map trip skipped: cannot leave the shaft
F7 [F7] digShaft: water table y=48 (region strike) - stopping above the aquifer, the tunnel owns this level (regions 2)
F7 tunnel: steering coal_ore @ 6.4b (axis z--1, cross 0.49996242058841744, ore detour)
F4 tunnel: 0 blocks (branch mine at the floor, steered, ore detour)
F17 tunnel: 0 blocks (branch mine at the floor, steered, ore detour)
F17 bank trip: pockets full budget 146s
F17 climb out (bank): failed - exhausted (wait 72s)
F17 [F17] digShaft: water hazard 11.6b away (live 17) - refusing this column, the caller rotates
F17 tunnel: steering coal_ore @ 8.4b (axis z+, cross 1.3000000000000114, floor lock)
F15 [toolupgrade] stone_pickaxe: crafted (worn (left=11/131))
F15 tool upgrade: OK -> stone_pickaxe (worn (left=11/131))
F10 tool upgrade due: cobble available -> stone_pickaxe
F10 [toolupgrade] [upgrade] craft stick: no craftable recipe variant (ingredients missing?)
F4 [F4] water: pass 7 head=wet shore=none land=n/a y=43.4 o2=20 probes=0 at=[-129,43,453]
F17 tunnel: 0 blocks (branch mine at the floor, steered, floor lock)
F17 bank trip: pockets full budget 144s
F17 climb out (bank): failed - exhausted (wait 70s)
F17 [F17] digShaft: water hazard 11.6b away (live 17) - refusing this column, the caller rotates
F17 tunnel: steering coal_ore @ 8.5b (axis z+, cross 0.30000000000001137, ore detour)
F1 tunnel: 2 blocks (branch mine at the floor, steered, ore detour)
F7 tunnel: 0 blocks (branch mine at the floor, steered, ore detour)
F7 [F7] digShaft: water table y=48 (region strike) - stopping above the aquifer, the tunnel owns this level (regions 2)
F7 tunnel: steering coal_ore @ 5.3b (axis z--1, cross 0.6999999999999886, floor lock)
F5 tool recovery: OK (wooden_pickaxe)
F5 spare pick due: spare (cobble available)
F2 climb out (trip): OK +11 levels (11 steps, 32 dug, 30s)
F11 [F11] climb diag: level at y=64 blocked toward 0,-1 (dug=5)
F11 [F11] climb diag: level at y=64 blocked toward 1,0 (dug=5)
F5 spare pick: no table reachable or placeable
F5 sword due: planks available
F5 sword: no table reachable or placeable
F5 sword: failed (no table)
t-233s alive=19/19 mined=2551 map=1425p/21ch banked=0 smelted=0 pocket=2307u/269s | sand=21 gravel=32 dirt=254 stone=0
   deficits: 157926/21 (0.0%) 149380/32 (0.0%) 31860/0 (0.0%) 27420/0 (0.0%) 10725/115 (1.1%)
   F1=97[cobblestone:38 oak_log:4 dirt:4] | F2=129[cobblestone:48 andesite:31 granite:9] | F3=158[cobblestone:78 diorite:20 dirt:17] | F4=215[cobblestone:86 dirt:43 diorite:35] | F5=30[dirt:13 oak_planks:12 leaf_litter:8] | F6=102[cobblestone:66 diorite:7 oak_sapling:6] | F7=94[cobblestone:35 coal:9 dirt:8] | F8=94[cobblestone:53 oak_planks:11 oak_log:7] | F9=209[cobblestone:90 diorite:40 dirt:29] | F10=191[cobblestone:80 andesite:34 raw_copper:31] | F11=153[dirt:9 leaf_litter:5] | F12=84[cobblestone:51 oak_log:6 andesite:5] | F13=134[cobblestone:74 diorite:23 sand:11] | F14=92[oak_sapling:3 oak_log:3 stick:2] | F15=154[cobblestone:67 andesite:18 raw_copper:13] | F16=145[cobblestone:94 coal:17 diorite:14] | F17=173[cobblestone:98 dirt:32 diorite:23] | F18=69[cobblestone:28 granite:11 oak_planks:8] | F19=228[cobblestone:110 dirt:29 diorite:28]
   mem: heap=126M/167M old=-1M ext=150M ab=148M rss=428M cols=1885 ents=5292 evicted=1205 path=2a/0q (max 6) stale=0
F16 [F16] water: drowning rescue start (drowning, oxygen 13)
F16 [F16] water: pass 0 head=wet shore=none land=n/a y=60.5 o2=13 probes=0 at=[-132,61,392]
F4 [F4] water: pass 14 head=wet shore=none land=n/a y=43.1 o2=20 probes=0 at=[-129,43,453]
F10 [toolupgrade] [upgrade] upgraded: stone_pickaxe,wooden_shovel,wooden_pickaxe,wooden_pickaxe
F10 tool upgrade: OK -> stone_pickaxe (stone_pickaxe,wooden_shovel,wooden_pickaxe,wooden_pickaxe)
F5 [F5] digShaft: water table y=53 (region strike) - stopping above the aquifer, the tunnel owns this level (regions 2)
F5 tunnel: steering coal_ore @ 3.9b (axis z--1, cross 1.4180220697139703, ore detour)
F17 tunnel: 0 blocks (branch mine at the floor, steered, ore detour)
F17 tunnel: 0 blocks x3 - sealed or flooded, cooling down 15s
F7 tunnel: 0 blocks (branch mine at the floor, steered, floor lock)
F11 climb out (bank): failed - stalled
F11 tool recovery: no pickaxe - spare-pick craft first
F11 spare pick: skip (no sticks and no planks for sticks)
F11 tool recovery: spare craft failed (no sticks and no planks for sticks) - re-running the bootstrap
F16 [F16] water: pass 5 head=dry shore=hit r=1 land=none y=62.3 o2=20 probes=0 at=[-132,62,393]
F4 [F4] water: pass 18 head=wet shore=none land=n/a y=43.0 o2=20 probes=0 at=[-129,43,453]
F7 [F7] digShaft: water table y=48 (region strike) - stopping above the aquifer, the tunnel owns this level (regions 2)
F7 tunnel: steering coal_ore @ 5.7b (axis z--1, cross 0.6999999999999886, ore detour)
F13 [F13] raw hop failed: raw walk timeout after 15165ms (d=6.0) - pathfinder retry
F12 [F12] climb diag: level at y=56 blocked toward -1,0 (dug=41) dig failed at [-116,57,369] sand (held=wooden_shovel, airborne, post=water STILL THERE (server never broke it))
F16 [F16] approach: 1 segment(s) walked in 15.0s, goal now d=8.6 (inside the direct envelope)
F13 [F13] direct deposit: 27 chest slots derived from the 63-slot view
F13 camp furnace: no build (machine near)
[F13] blast_furnace yard-adjacent (<= 10b) - the doomed consult re-arms every attempt
F4 [F4] water: pass 23 head=dry shore=hit r=12 land=none y=44.5 o2=20 probes=0 at=[-129,45,453]
F6 tunnel: 12 blocks (branch mine at the floor, steered, ore detour)
F12 climb out (trip): failed - timeout
F12 map trip skipped: cannot leave the shaft
F16 [F16] water: pass 11 head=dry shore=hit r=1 land=none y=63.3 o2=20 probes=0 at=[-134,63,394]
F5 tunnel: 2 blocks (branch mine at the floor, steered, ore detour)
F7 tunnel: 0 blocks (branch mine at the floor, steered, ore detour)
F7 tunnel: 0 blocks x3 - sealed or flooded, cooling down 15s
F18 tool recovery: OK (wooden_pickaxe,stone_pickaxe)
F18 tunnel: steering coal_ore @ 4.1b (axis x+, cross 1.504228698949646, floor lock)
F18 tunnel: 0 blocks (branch mine at the floor, steered, floor lock)
F3 map trip: gravel
F4 [F4] water: pass 29 head=wet shore=none land=n/a y=43.3 o2=20 probes=0 at=[-128,43,453]
F19 [F19] climb diag: level at y=67 blocked toward 0,1 (dug=35)
F3 tool upgrade due: cobble available -> stone_pickaxe
F15 tunnel: steering coal_ore @ 9.2b (axis x--1, cross 3.336118609740481, ore detour)
F16 [F16] water: pass 16 head=wet shore=none land=n/a y=59.1 o2=20 probes=0 at=[-135,59,395]
F18 vein sweep: 2 ores dug beside the gallery (floor lock)
F19 [F19] climb diag: level at y=67 blocked toward -1,0 (dug=37)
F10 [F10] digShaft: water table y=53 (region strike) - stopping above the aquifer, the tunnel owns this level (regions 2)
F19 climb out (bank): failed - stalled
F4 [F4] water: pass 34 head=dry shore=hit r=12 land=none y=45.2 o2=20 probes=0 at=[-129,45,453]
F16 [F16] water: pass 21 head=wet shore=none land=n/a y=59.5 o2=20 probes=0 at=[-135,60,395]
F4 vein sweep: 4 ores dug beside the gallery (ore detour)
F4 bank trip: pockets full budget 132s
F4 climb out (bank): failed - rescue owns the bot
F4 tunnel: steering coal_ore @ 5.9b (axis z--1, cross 3.3000000000000114, floor lock)
F19 map trip skipped: sand,gravel unreachable
F4 [F4] water: pass 38 head=wet shore=none land=n/a y=43.5 o2=20 probes=0 at=[-128,44,453]
F18 [F18] climb diag: level at y=44 blocked toward 1,0 (dug=5)
F15 tunnel: 6 blocks (branch mine at the floor, steered, ore detour)
F16 [F16] water: pass 28 head=dry shore=hit r=3 land=none y=61.4 o2=20 probes=0 at=[-135,61,395]
[hb] n=19 ts=381s rss=429M late=95ms mainLate=502ms
F4 [F4] water: pass 43 head=wet shore=none land=n/a y=43.1 o2=20 probes=0 at=[-128,43,453]
F9 [F9] climb diag: level at y=48 blocked toward 0,-1 (dug=10, wet) at [0,1,0] water (stop)
F10 tunnel: 4 blocks (branch mine at the floor, ore detour)
F16 [F16] water: pass 34 head=dry shore=hit r=3 land=none y=60.2 o2=20 probes=0 at=[-135,60,395]
F3 [toolupgrade] [upgrade] craft crafting_table: variant#2 attempt0 failed: craft crafting_table: timeout after 7000ms
F3 [toolupgrade] [upgrade] [tools] closing stale craft window (minecraft:inventory) - grid recovery
t-218s alive=19/19 mined=2669 map=1474p/21ch banked=0 smelted=0 pocket=2389u/274s | sand=22 gravel=32 dirt=268 stone=0
   deficits: 157926/22 (0.0%) 149380/32 (0.0%) 31860/0 (0.0%) 27420/0 (0.0%) 10725/116 (1.1%)
   F1=114[cobblestone:55 oak_log:4 dirt:4] | F2=129[cobblestone:48 andesite:32 granite:9] | F3=158[cobblestone:79 diorite:20 dirt:17] | F4=220[cobblestone:87 dirt:43 diorite:35] | F5=38[dirt:13 oak_planks:12 leaf_litter:8] | F6=119[cobblestone:84 diorite:7 oak_sapling:6] | F7=94[cobblestone:36 coal:9 dirt:8] | F8=94[cobblestone:53 oak_planks:12 oak_log:7] | F9=211[cobblestone:90 diorite:40 dirt:29] | F10=209[cobblestone:89 andesite:34 raw_copper:31] | F11=155[dirt:10 leaf_litter:6 oak_sapling:3] | F12=84[cobblestone:51 oak_log:6 andesite:5] | F13=134[cobblestone:69 sand:11 torch:8] | F14=96[oak_sapling:3 oak_log:3 stick:2] | F15=173[cobblestone:78 andesite:18 raw_copper:17] | F16=145[cobblestone:94 coal:17 diorite:14] | F17=173[cobblestone:98 dirt:32 diorite:23] | F18=80[cobblestone:33 granite:11 dirt:4] | F19=243[cobblestone:111 dirt:37 diorite:28]
   mem: heap=125M/169M old=-1M ext=150M ab=147M rss=429M cols=1892 ents=5309 evicted=1220 path=4a/0q (max 6) stale=0
F9 [F9] climb diag: level at y=48 blocked toward 1,0 (dug=12, wet) at [0,2,0] water (stop)
F9 [F9] climb diag: level at y=48 blocked toward 0,1 (dug=12, wet) at [0,2,0] water (stop)
F10 vein sweep: 2 ores dug beside the gallery (ore detour)
F10 bank trip: pockets full budget 127s
F9 climb out (trip): failed - stalled (traversed 6)
F9 map trip skipped: cannot leave the shaft
F4 [F4] water: pass 49 head=dry shore=hit r=12 land=none y=44.5 o2=20 probes=0 at=[-128,45,453]
F9 [F9] digShaft: water hazard 4.0b away (live 17) - refusing this column, the caller rotates
F9 bank trip: pockets full budget 127s
F1 climb out (trip): OK +7 levels (7 steps, 20 dug, 17s)
F10 [F10] climb diag: level at y=52 blocked toward 0,-1 (dug=1)
F17 bank trip: pockets full budget 127s
F17 climb out (bank): failed - exhausted (wait 52s)
F17 [F17] digShaft: water hazard 11.6b away (live 17) - refusing this column, the caller rotates
F17 tunnel: steering iron_ore @ 2.9b (axis z--1, cross 1.3000000000000114, floor lock)
F16 [F16] water: pass 40 head=dry shore=hit r=3 land=none y=60.7 o2=20 probes=0 at=[-135,61,395]
F8 recovery brake: 1 consecutive failures - next attempt in 45s
F8 tool recovery: failed (no crafting table)
F8 spare pick due: spare (cobble available)
F8 craft stick: storm cooldown 3999ms left (3 consecutive timeouts) - refusing
F8 spare pick: stick craft did not land
F8 sword due: cobble available
F8 craft stick: storm cooldown 3999ms left (3 consecutive timeouts) - refusing
F8 sword: stick craft did not land
F8 sword: failed (stone_sword)
F4 tunnel: 2 blocks (branch mine at the floor, steered, floor lock)
F4 bank trip: pockets full budget 125s
F4 climb out (bank): failed - rescue owns the bot
F19 [F19] digShaft: water table y=53 (region strike) - stopping above the aquifer, the tunnel owns this level (regions 2)
F19 bank trip: pockets full budget 125s
F15 vein sweep: 7 ores dug beside the gallery (ore detour)
F15 bank trip: pockets full budget 124s
F4 tunnel: steering iron_ore @ 33.6b (axis z--1, cross 0.30000000000001137, ore detour)
F16 [F16] water: pass 44 head=wet shore=none land=n/a y=59.1 o2=20 probes=0 at=[-135,59,395]
F1 map trip skipped: sand,gravel unreachable
F17 tunnel: 2 blocks (branch mine at the floor, steered, floor lock)
F17 bank trip: pockets full budget 122s
F17 climb out (bank): failed - exhausted (wait 48s)
F4 [F4] water: rescue timeout (still wet, 58 passes, 0 probes, tail wet/dry/wet) in 25.2s
F4 [F4] water: hazard memorized at [-129,43,453] (15 live, fleet-wide)
F7 [F7] digShaft: water table y=48 (region strike) - stopping above the aquifer, the tunnel owns this level (regions 2)
F7 tunnel: steering iron_ore @ 12.1b (axis z--1, cross 1.3000000000000114, floor lock)
F4 tunnel: 0 blocks (branch mine at the floor, steered, ore detour)
F4 bank trip: pockets full budget 121s
F16 [F16] water: pass 50 head=dry shore=hit r=3 land=none y=60.4 o2=20 probes=0 at=[-135,60,395]
F17 [F17] digShaft: water hazard 11.5b away (live 15) - refusing this column, the caller rotates
F17 tunnel: steering iron_ore @ 3.3b (axis x+, cross 1.3000000000000114, ore detour)
[F13] furnace slots after put: input=raw_iron fuel=stick
[F13] smelting 6 x raw_iron in a blast_furnace (fuel: 1 x stick)
F8 tunnel: steering coal_ore @ 3.4b (axis x--1, cross 0.5819511620219942, floor lock)
F7 tunnel: 0 blocks (branch mine at the floor, steered, floor lock)
F7 [F7] digShaft: water table y=48 (region strike) - stopping above the aquifer, the tunnel owns this level (regions 2)
F7 tunnel: steering iron_ore @ 12.2b (axis z--1, cross 2.3000000000000114, ore detour)
F16 [F16] water: rescue timeout (still wet, 60 passes, 0 probes, tail wet/dry/dry) in 25.1s
F16 [F16] water: hazard memorized at [-135,60,394] (16 live, fleet-wide)
F16 [F16] water: drowning rescue start (drowning, oxygen 20)
F16 [F16] water: pass 0 head=wet shore=none land=n/a y=58.9 o2=20 probes=0 at=[-135,59,395]
F7 tunnel: 0 blocks (branch mine at the floor, steered, ore detour)
F7 [F7] digShaft: water table y=48 (region strike) - stopping above the aquifer, the tunnel owns this level (regions 2)
F7 tunnel: steering iron_ore @ 12.4b (axis z--1, cross 1.3000000000000114, floor lock)
F16 [F16] water: pass 7 head=wet shore=none land=n/a y=59.5 o2=20 probes=0 at=[-135,60,395]
F7 tunnel: 0 blocks (branch mine at the floor, steered, floor lock)
F7 tunnel: 0 blocks x3 - sealed or flooded, cooling down 15s
F16 [F16] water: pass 13 head=dry shore=hit r=3 land=none y=60.0 o2=20 probes=0 at=[-135,60,395]
F17 tunnel: 10 blocks (branch mine at the floor, steered, ore detour)
F17 bank trip: pockets full budget 120s
F17 climb out (bank): failed - exhausted (wait 39s)
F3 [toolupgrade] [upgrade] craft crafting_table: variant#2 attempt1 failed: craft crafting_table: timeout after 7000ms
F3 [toolupgrade] [upgrade] [tools] closing stale craft window (minecraft:inventory) - grid recovery
t-203s alive=19/19 mined=2805 map=1516p/21ch banked=0 smelted=0 pocket=2536u/279s | sand=22 gravel=32 dirt=274 stone=0
   deficits: 157926/22 (0.0%) 149380/32 (0.0%) 31860/0 (0.0%) 27420/0 (0.0%) 10725/118 (1.1%)
   F1=115[cobblestone:62 granite:6 oak_log:4] | F2=129[cobblestone:48 andesite:32 granite:9] | F3=158[cobblestone:79 diorite:20 dirt:17] | F4=227[cobblestone:94 dirt:43 diorite:35] | F5=46[dirt:13 oak_planks:12 leaf_litter:8] | F6=137[cobblestone:97 dirt:8 diorite:7] | F7=94[cobblestone:36 coal:9 dirt:8] | F8=95[cobblestone:53 oak_planks:12 oak_log:7] | F9=225[cobblestone:105 diorite:40 dirt:29] | F10=227[cobblestone:104 raw_copper:38 andesite:34] | F11=155[dirt:10 leaf_litter:6 oak_sapling:3] | F12=84[cobblestone:51 oak_log:6 andesite:5] | F13=134[cobblestone:68 sand:11 torch:8] | F14=98[oak_log:7 oak_planks:6 oak_sapling:2] | F15=191[cobblestone:89 andesite:20 raw_copper:17] | F16=145[cobblestone:94 coal:17 diorite:14] | F17=185[cobblestone:112 dirt:32 diorite:23] | F18=98[cobblestone:50 granite:11 dirt:4] | F19=262[cobblestone:131 dirt:37 diorite:28]
   mem: heap=127M/169M old=-1M ext=151M ab=148M rss=430M cols=1877 ents=5387 evicted=1249 path=4a/0q (max 6) stale=0
F17 [F17] digShaft: water table y=48 (region strike) - stopping above the aquifer, the tunnel owns this level (regions 2)
F17 tunnel: steering coal_ore @ 8.6b (axis z+, cross 1.8067464568451896, floor lock)
F17 tunnel: 2 blocks (branch mine at the floor, steered, floor lock)
F17 bank trip: pockets full budget 120s
F17 bank: holding 45s of 120s for the smelt leg
F16 [F16] water: pass 19 head=dry shore=hit r=3 land=none y=60.5 o2=20 probes=0 at=[-135,60,395]
F3 [toolupgrade] [upgrade] craft crafting_table: all 1 variant(s) failed, last: craft crafting_table: timeout after 7000ms
F3 tool upgrade: failed -> none (no table material)
[hb] n=20 ts=401s rss=427M late=100ms mainLate=1131ms
F16 [F16] water: pass 25 head=dry shore=hit r=3 land=none y=61.0 o2=20 probes=0 at=[-135,61,395]
F17 [F17] raw hop failed: raw walk stalled after 2021ms (d=20.1) - pathfinder retry
F16 [F16] water: pass 31 head=wet shore=none land=n/a y=59.0 o2=20 probes=0 at=[-135,59,395]
F9 [F9] climb wet escape: 11 blocks walked (budget)
F5 vein sweep: 18 ores dug beside the gallery (ore detour)
F16 [F16] water: pass 36 head=dry shore=hit r=3 land=none y=61.3 o2=20 probes=0 at=[-135,61,395]
F5 map trip skipped: sand,gravel unreachable
F17 [F17] hop: chest at [-135,70,397] d=21 zero: chest unreachable (No path to the goal!)
F16 [F16] water: pass 40 head=dry shore=hit r=3 land=none y=61.2 o2=20 probes=0 at=[-135,61,395]
F5 [F5] digShaft: water table y=53 (region strike) - stopping above the aquifer, the tunnel owns this level (regions 2)
F5 tunnel: steering coal_ore @ 3.4b (axis z--1, cross 1.5, ore detour)
F6 [F6] climb rise assist: assist did not complete (goto: climb rise assist: timeout after 4500ms)
F6 [F6] climb diag: level at y=64 did not rise (food=20, dug=37) feet=air support=grass_block step=air head=air
F4 [F4] climb wet escape: 10 blocks walked (budget)
F16 [F16] water: pass 48 head=dry shore=hit r=3 land=none y=60.8 o2=20 probes=0 at=[-135,61,395]
F5 tunnel: 0 blocks (branch mine at the floor, steered, ore detour)
F5 [F5] digShaft: water table y=53 (region strike) - stopping above the aquifer, the tunnel owns this level (regions 2)
F5 tunnel: steering coal_ore @ 3.5b (axis z--1, cross 0.29999999999999716, floor lock)
F19 climb out (bank): OK +12 levels (11 steps, 26 dug, 25s)
F19 bank: holding 45s of 125s for the smelt leg
F6 [F6] climb diag: level at y=65 blocked toward -1,0 (dug=38)
F6 [F6] climb diag: level at y=65 blocked toward 0,-1 (dug=38)
F7 [F7] digShaft: water table y=48 (region strike) - stopping above the aquifer, the tunnel owns this level (regions 2)
F7 tunnel: steering iron_ore @ 12.6b (axis z--1, cross 2.3000000000000114, ore detour)
F2 map trip skipped: sand,gravel unreachable
F6 climb out (trip): failed - stalled
F6 map trip skipped: cannot leave the shaft
F16 [F16] water: pass 54 head=wet shore=none land=n/a y=59.5 o2=19 probes=0 at=[-135,60,395]
t-188s alive=19/19 mined=2931 map=1534p/21ch banked=0 smelted=0 pocket=2692u/285s | sand=23 gravel=32 dirt=298 stone=0
   deficits: 157926/23 (0.0%) 149380/32 (0.0%) 31860/0 (0.0%) 27420/0 (0.0%) 10725/118 (1.1%)
   F1=123[cobblestone:70 granite:7 diorite:5] | F2=129[cobblestone:48 andesite:32 granite:9] | F3=158[cobblestone:79 diorite:20 dirt:17] | F4=244[cobblestone:110 dirt:43 diorite:35] | F5=51[dirt:13 oak_planks:12 leaf_litter:8] | F6=145[cobblestone:97 dirt:16 diorite:7] | F7=94[cobblestone:36 coal:9 dirt:8] | F8=97[cobblestone:53 oak_planks:12 oak_log:7] | F9=242[cobblestone:123 diorite:40 dirt:29] | F10=246[cobblestone:119 raw_copper:38 andesite:34] | F11=155[dirt:10 leaf_litter:6 oak_sapling:3] | F12=84[cobblestone:51 oak_log:6 andesite:5] | F13=134[cobblestone:68 sand:11 torch:8] | F14=98[oak_planks:14 oak_log:5 oak_button:2] | F15=209[cobblestone:107 andesite:20 raw_copper:17] | F16=145[cobblestone:94 coal:17 diorite:14] | F17=187[cobblestone:118 dirt:32 diorite:23] | F18=116[cobblestone:52 diorite:18 granite:11] | F19=274[cobblestone:133 dirt:48 diorite:28]
   mem: heap=139M/168M old=-1M ext=150M ab=147M rss=430M cols=1882 ents=5337 evicted=1282 path=4a/0q (max 6) stale=0
F5 tunnel: 0 blocks (branch mine at the floor, steered, floor lock)
F16 [F16] raw hop failed: raw walk timeout after 20242ms (d=8.7) - pathfinder retry
F16 [F16] hop: chest at [-135,70,397] d=25 zero: chest unreachable (water rescue in progress (walk to chest (retry) refused))
F5 [F5] digShaft: water table y=53 (region strike) - stopping above the aquifer, the tunnel owns this level (regions 2)
F5 tunnel: steering iron_ore @ 9.8b (axis x--1, cross 2.3000000000000114, ore detour)
F12 tool recovery: no pickaxe - spare-pick craft first
F12 spare pick: skip (no sticks and no planks for sticks)
F12 tool recovery: spare craft failed (no sticks and no planks for sticks) - re-running the bootstrap
F7 tunnel: 0 blocks (branch mine at the floor, steered, ore detour)
F7 [F7] digShaft: water table y=48 (region strike) - stopping above the aquifer, the tunnel owns this level (regions 2)
F7 tunnel: steering copper_ore @ 5.5b (axis z--1, cross 0.30000000000001137, floor lock)
F4 climb out (bank): OK +2 levels (2 steps, 26 dug, 10 traversed, 26s)
F4 bank: holding 45s of 121s for the smelt leg
F2 [F2] climb diag: level at y=43 blocked toward 1,0 (dug=1)
F11 [F11] water: drowning rescue start (drowning, oxygen 15)
F11 [F11] water: pass 0 head=wet shore=none land=n/a y=60.0 o2=15 probes=0 at=[-147,60,404]
F16 [F16] water: rescue timeout (still wet, 65 passes, 0 probes, tail wet/dry/dry) in 25.7s
F16 [F16] water: hazard memorized at [-135,60,394] (14 live, fleet-wide)
F17 [F17] raw hop failed: raw walk stalled after 2167ms (d=25.3) - pathfinder retry
F7 tunnel: 0 blocks (branch mine at the floor, steered, floor lock)
F16 [F16] water: repeat wet page at the same cell (o2 20) - standing down, the walk machinery owns the exit
F7 [F7] digShaft: water table y=48 (region strike) - stopping above the aquifer, the tunnel owns this level (regions 2)
F7 tunnel: steering copper_ore @ 5.7b (axis z--1, cross 1.3000000000000114, ore detour)
F4 [F4] approach: 1 segment(s) walked in 4.1s, goal now d=39.3 (still outside - a segment stalled (no position delta))
F11 [F11] water: pass 3 head=dry shore=hit r=1 land=none y=62.4 o2=19 probes=0 at=[-147,62,404]
[hb] n=21 ts=421s rss=427M late=106ms mainLate=368ms
F6 [F6] digShaft: water table y=53 (region strike) - stopping above the aquifer, the tunnel owns this level (regions 2)
F6 bank trip: pockets full budget 120s
F3 bank trip: pockets full budget 120s
F1 tunnel: steering iron_ore @ 5.1b (axis z+, cross 3.5, floor lock)
F11 [F11] water: pass 5 head=dry shore=hit r=1 land=none y=63.8 o2=20 probes=0 at=[-145,64,403]
F19 [F19] approach: 1 segment(s) walked in 12.8s, goal now d=16.6 (inside the direct envelope)
F10 climb out (bank): OK +16 levels (15 steps, 39 dug, 41s)
F10 bank: holding 45s of 127s for the smelt leg
F16 [F16] raw hop failed: raw walk stalled after 2221ms (d=20.7) - pathfinder retry
F7 tunnel: 0 blocks (branch mine at the floor, steered, ore detour)
F7 tunnel: 0 blocks x3 - sealed or flooded, cooling down 15s
F11 [F11] water: pass 7 head=dry shore=hit r=1 land=none y=63.4 o2=20 probes=0 at=[-145,63,401]
F17 [F17] hop: chest at [-131,70,413] d=24 zero: chest unreachable (No path to the goal!)
F16 [F16] water: drowning rescue start (drowning, oxygen 10)
F16 [F16] water: pass 0 head=wet shore=none land=n/a y=58.0 o2=10 probes=0 at=[-135,58,395]
F2 climb out (trip): OK +3 levels (3 steps, 9 dug, 11s)
F19 [F19] raw hop failed: raw walk stalled after 2314ms (d=15.6) - pathfinder retry
t-172s alive=19/19 mined=3019 map=1556p/21ch banked=0 smelted=0 pocket=2940u/295s | sand=30 gravel=36 dirt=360 stone=0
   deficits: 157926/30 (0.0%) 149380/36 (0.0%) 31860/0 (0.0%) 27420/0 (0.0%) 10725/148 (1.4%)
   F1=127[cobblestone:73 dirt:11 granite:7] | F2=141[cobblestone:48 andesite:40 gravel:10] | F3=162[cobblestone:79 diorite:21 torch:20] | F4=247[cobblestone:114 dirt:43 diorite:35] | F5=60[dirt:13 cobblestone:12 oak_planks:12] | F6=161[cobblestone:105 dirt:22 leaf_litter:9] | F7=94[cobblestone:36 coal:9 dirt:8] | F8=100[cobblestone:53 oak_planks:12 oak_log:7] | F9=252[cobblestone:130 diorite:40 dirt:33] | F10=249[cobblestone:119 raw_copper:38 andesite:34] | F11=155[cobblestone:41 dirt:38 granite:26] | F12=84[cobblestone:51 oak_log:6 andesite:5] | F13=134[cobblestone:68 sand:11 torch:8] | F14=98[stick:6 oak_log:5 oak_button:2] | F15=220[cobblestone:118 andesite:20 raw_copper:17] | F16=145[cobblestone:94 coal:17 diorite:14] | F17=187[cobblestone:125 dirt:32 diorite:23] | F18=129[cobblestone:53 diorite:19 dirt:17] | F19=274[cobblestone:133 dirt:48 diorite:28]
   mem: heap=124M/169M old=-1M ext=149M ab=147M rss=430M cols=1881 ents=5066 evicted=1310 path=3a/0q (max 6) stale=0
F11 [F11] water: pass 9 head=dry shore=hit r=1 land=none y=65.2 o2=20 probes=0 at=[-145,65,402]
F16 [F16] water: pass 5 head=wet shore=none land=n/a y=59.1 o2=18 probes=0 at=[-135,59,395]
F2 map trip skipped: sand,gravel unreachable
F2 tunnel: steering coal_ore @ 10.5b (axis z--1, cross 2.3067258761201828, floor lock)
F1 tunnel: 4 blocks (branch mine at the floor, steered, floor lock)
F9 [F9] climb wet escape: 12 blocks walked (budget)
F1 vein sweep: 1 ores dug beside the gallery (floor lock)
F16 [F16] water: pass 12 head=wet shore=none land=n/a y=58.9 o2=20 probes=0 at=[-135,59,395]
F15 [F15] water: drowning rescue start (drowning, oxygen 12)
F15 [F15] water: pass 0 head=wet shore=none land=n/a y=57.0 o2=12 probes=0 at=[-74,57,381]
F5 tunnel: 12 blocks (branch mine at the floor, steered, ore detour)
F18 [F18] climb: walkable surface at y=65 (+22 levels, dug=58) - the walk takes over (blocked step)
F18 climb out (trip): OK +22 levels (21 steps, 58 dug, undefineds)
F11 [F11] water: pass 13 head=dry shore=hit r=1 land=none y=64.2 o2=20 probes=0 at=[-145,64,403]
F16 [F16] water: pass 16 head=wet shore=none land=n/a y=59.0 o2=20 probes=0 at=[-135,59,395]
F15 [F15] water: pass 5 head=wet shore=none land=n/a y=58.2 o2=16 probes=0 at=[-75,58,381]
F19 [F19] direct deposit: 27 chest slots derived from the 63-slot view
F19 camp furnace: no build (machine near)
F2 tunnel: 2 blocks (branch mine at the floor, steered, floor lock)
F2 bank trip: pockets full budget 120s
F16 [F16] water: pass 19 head=dry shore=hit r=3 land=none y=60.6 o2=20 probes=0 at=[-135,61,395]
F15 [F15] water: pass 8 head=wet shore=none land=n/a y=58.2 o2=20 probes=0 at=[-75,58,381]
F14 recovery brake: 1 consecutive failures - next attempt in 45s
F14 tool recovery: failed (none)
F14 spare pick due: spare (planks available)
F14 craft wooden_pickaxe: storm cooldown 3987ms left (3 consecutive timeouts) - refusing
F14 spare pick: craft did not land (wooden_pickaxe, holds 0)
F14 sword due: planks available
F14 craft wooden_sword: storm cooldown 3981ms left (3 consecutive timeouts) - refusing
F14 sword: craft did not land (wooden_sword, holds 0)
F14 tool recovery: no pickaxe - spare-pick craft first
F14 craft wooden_pickaxe: storm cooldown 3976ms left (3 consecutive timeouts) - refusing
F14 spare pick: craft did not land (wooden_pickaxe, holds 0)
F14 tool recovery: spare craft failed (undefined) - re-running the bootstrap
F11 [F11] water: pass 15 head=dry shore=hit r=1 land=none y=63.4 o2=20 probes=0 at=[-145,63,403]
F15 [F15] water: frozen physics (10 flat passes at y=58.2, o2=20, head WET) - standing down, the reconnect lane owns this
F15 [F15] water: rescue standing down (frozen physics - the walk gate reopens, the reconnect lane owns a dead client) in 5.4s
F15 [F15] water: frozen client relog (frozen while head-wet (1 verdict) - the drowning clock owns this client) - ending the session, the reconnect lane rebuilds the physics
F15 [F15] water: hazard memorized at [-75,58,380] (11 live, fleet-wide)
F16 [F16] water: pass 24 head=dry shore=hit r=3 land=none y=60.5 o2=20 probes=0 at=[-135,61,395]
F11 [F11] water: pass 19 head=dry shore=hit r=1 land=none y=62.7 o2=20 probes=0 at=[-147,63,404]
F5 vein sweep: 2 ores dug beside the gallery (ore detour)
F5 tool upgrade due: cobble available -> stone_pickaxe
F16 [F16] water: pass 32 head=dry shore=hit r=3 land=none y=61.0 o2=20 probes=0 at=[-135,61,395]
F11 [F11] water: rescue complete in 21.1s
F11 [F11] water: hazard memorized at [-147,62,403] (12 live, fleet-wide)
F7 [F7] digShaft: water table y=48 (region strike) - stopping above the aquifer, the tunnel owns this level (regions 2)
F7 tunnel: steering copper_ore @ 6b (axis z--1, cross 0.30000000000001137, floor lock)
F4 [F4] raw hop failed: raw walk timeout after 20143ms (d=39.0) - pathfinder retry
[hb] n=22 ts=441s rss=425M late=110ms mainLate=702ms
F16 [F16] water: pass 37 head=wet shore=none land=n/a y=59.9 o2=20 probes=0 at=[-135,60,395]
t-157s alive=19/19 mined=3080 map=1584p/21ch banked=0 smelted=0 pocket=2923u/296s | sand=31 gravel=39 dirt=331 stone=0
   deficits: 157926/31 (0.0%) 149380/39 (0.0%) 31860/0 (0.0%) 27420/0 (0.0%) 10725/154 (1.4%)
   F1=128[cobblestone:73 dirt:15 granite:7] | F2=153[cobblestone:48 andesite:40 gravel:13] | F3=173[cobblestone:80 diorite:29 torch:20] | F4=247[cobblestone:116 dirt:43 diorite:35] | F5=65[cobblestone:14 dirt:13 oak_planks:12] | F6=174[cobblestone:105 dirt:36 leaf_litter:9] | F7=94[cobblestone:36 coal:9 dirt:8] | F8=103[cobblestone:53 oak_planks:12 oak_log:7] | F9=265[cobblestone:143 diorite:40 dirt:33] | F10=249[cobblestone:119 raw_copper:41 andesite:34] | F11=155[cobblestone:41 dirt:38 granite:26] | F12=84[cobblestone:51 oak_log:6 andesite:5] | F13=134[cobblestone:68 sand:11 torch:8] | F14=100[oak_planks:12 oak_log:5 oak_button:2] | F15=220[cobblestone:118 andesite:20 raw_copper:17] | F16=145[cobblestone:94 coal:17 diorite:14] | F17=187[cobblestone:125 dirt:32 diorite:23] | F18=130[cobblestone:53 diorite:19 dirt:18] | F19=274[cobblestone:133 raw_copper:15 oak_planks:5]
   mem: heap=134M/170M old=-1M ext=149M ab=147M rss=430M cols=1884 ents=5051 evicted=1337 path=6a/0q (max 6) stale=0
F16 [F16] water: pass 41 head=wet shore=none land=n/a y=59.7 o2=20 probes=0 at=[-135,60,395]
F7 tunnel: 0 blocks (branch mine at the floor, steered, floor lock)
F5 [toolupgrade] [upgrade] upgraded: wooden_shovel,stone_pickaxe,wooden_pickaxe
F5 tool upgrade: OK -> stone_pickaxe (wooden_shovel,stone_pickaxe,wooden_pickaxe)
F5 sword due: cobble available
F16 [F16] hop: chest at [-152,70,397] d=20 zero: cannot open chest (open chest: timeout after 10000ms)
F15 [F15] climb diag: level at y=57 blocked toward 1,0 (dug=43) dig failed at [-74,58,380] stone (held=stone_pickaxe, airborne, post=water STILL THERE (server never broke it))
F7 [F7] climb diag: level at y=50 blocked toward 0,1 (dug=1)
F16 [F16] water: pass 44 head=wet shore=none land=n/a y=59.1 o2=20 probes=0 at=[-135,59,395]
F17 [F17] raw hop failed: raw walk timeout after 20454ms (d=21.9) - pathfinder retry
F6 [F6] climb rise assist: assist did not complete (goto: climb rise assist: timeout after 4500ms)
F5 sword: OK (stone_sword, holds 1)
F5 sword: OK (stone_sword)
F5 [F5] digShaft: water table y=53 (region strike) - stopping above the aquifer, the tunnel owns this level (regions 2)
F5 tunnel: steering coal_ore @ 4.4b (axis z--1, cross 1.7000000000000028, floor lock)
F6 [F6] climb diag: level at y=63 did not rise (food=20, dug=21) feet=air support=grass_block step=air head=air
F16 [F16] water: rescue timeout (still wet, 49 passes, 0 probes, tail dry/wet/dry) in 25.6s
F16 [F16] water: hazard memorized at [-135,60,394] (12 live, fleet-wide)
F16 [F16] water: repeat wet page at the same cell (o2 20) - standing down, the walk machinery owns the exit
F9 [F9] climb wet escape: 8 blocks walked (budget)
F6 climb out (bank): OK +9 levels (8 steps, 22 dug, 32s)
F6 bank: holding 45s of 120s for the smelt leg
F15 [F15] climb diag: level at y=58 blocked toward 0,1 (dug=43, wet) at [0,1,0] water (stop)
F16 [F16] raw hop failed: raw walk stalled after 2587ms (d=21.6) - pathfinder retry
t-141s alive=19/19 mined=3119 map=1584p/21ch banked=0 smelted=0 pocket=2974u/300s | sand=33 gravel=42 dirt=334 stone=0
   deficits: 157926/33 (0.0%) 149380/42 (0.0%) 31860/0 (0.0%) 27420/0 (0.0%) 10725/158 (1.5%)
   F1=128[cobblestone:73 dirt:15 andesite:8] | F2=159[cobblestone:50 andesite:40 gravel:16] | F3=180[cobblestone:85 diorite:30 torch:20] | F4=247[cobblestone:118 dirt:43 diorite:35] | F5=67[dirt:13 oak_planks:12 cobblestone:11] | F6=176[cobblestone:105 dirt:38 leaf_litter:10] | F7=102[cobblestone:45 coal:9 dirt:8] | F8=105[cobblestone:53 oak_planks:12 oak_log:7] | F9=273[cobblestone:151 diorite:40 dirt:33] | F10=249[cobblestone:119 raw_copper:41 andesite:34] | F11=155[cobblestone:41 dirt:39 granite:26] | F12=84[cobblestone:51 oak_log:6 andesite:5] | F13=134[cobblestone:68 sand:11 torch:8] | F14=102[oak_log:8 oak_planks:6 stick:6] | F15=220[cobblestone:118 andesite:20 raw_copper:17] | F16=145[cobblestone:94 coal:17 diorite:14] | F17=187[cobblestone:127 dirt:32 diorite:29] | F18=132[cobblestone:53 diorite:19 dirt:18] | F19=274[cobblestone:133 raw_copper:15 oak_planks:5]
   mem: heap=138M/172M old=-1M ext=149M ab=146M rss=429M cols=1865 ents=4831 evicted=1366 path=6a/1q (max 6) stale=0
F5 tunnel: 2 blocks (branch mine at the floor, steered, floor lock)
F16 [F16] water: drowning rescue start (drowning, oxygen 10)
F16 [F16] water: pass 0 head=wet shore=none land=n/a y=58.0 o2=10 probes=0 at=[-135,58,395]
[hb] n=23 ts=461s rss=432M late=116ms mainLate=770ms
F13 smelt: 0 (raw_iron@blast_furnace: timeout)
F8 tunnel: 12 blocks (branch mine at the floor, steered, floor lock)
F16 [F16] water: pass 3 head=dry shore=hit r=3 land=none y=60.4 o2=11 probes=0 at=[-135,60,395]
[F19] furnace slots after put: input=raw_copper fuel=coal
[F19] smelting 15 x raw_copper in a blast_furnace (fuel: 2 x coal)
F13 [F13] raw hop failed: raw walk stalled after 3163ms (d=8.6) - pathfinder retry
F16 [F16] water: pass 5 head=dry shore=hit r=3 land=none y=60.1 o2=20 probes=0 at=[-135,60,395]
F7 [F7] climb diag: level at y=54 blocked toward -1,0 (dug=13)
F6 [F6] raw hop failed: raw walk timeout after 15434ms (d=6.0) - pathfinder retry
F16 [F16] water: pass 7 head=wet shore=none land=n/a y=59.8 o2=20 probes=0 at=[-135,60,395]
F15 [F15] climb diag: level at y=58 blocked toward 0,-1 (dug=43, wet) at [0,1,0] water (stop)
F1 bank trip: pockets full budget 120s
F11 tool recovery: OK (wooden_pickaxe,stone_pickaxe,stone_pickaxe)
F11 sword due: cobble available
[F19] took 1 x copper_ingot (1/15)
F6 [F6] direct deposit: 27 chest slots derived from the 63-slot view
F6 camp furnace: no build (machine near)
F10 [F10] approach: 3 segment(s) walked in 49.6s, goal now d=22.7 (inside the direct envelope)
F16 [F16] water: pass 10 head=wet shore=none land=n/a y=59.1 o2=19 probes=0 at=[-135,59,395]
t-125s alive=19/19 mined=3158 map=1584p/21ch banked=0 smelted=0 pocket=2948u/299s | sand=35 gravel=43 dirt=301 stone=0
   deficits: 157926/35 (0.0%) 149380/43 (0.0%) 31860/0 (0.0%) 27420/0 (0.0%) 10725/156 (1.5%)
   F1=131[cobblestone:81 dirt:15 andesite:12] | F2=167[cobblestone:57 andesite:40 gravel:17] | F3=187[cobblestone:92 diorite:30 torch:20] | F4=247[cobblestone:118 dirt:43 diorite:35] | F5=67[dirt:15 oak_planks:12 cobblestone:11] | F6=176[cobblestone:105 oak_sapling:6 oak_log:4] | F7=110[cobblestone:53 coal:9 dirt:8] | F8=107[cobblestone:53 oak_planks:12 oak_log:7] | F9=282[cobblestone:158 diorite:40 dirt:33] | F10=249[cobblestone:119 raw_copper:41 andesite:34] | F11=155[dirt:39 cobblestone:35 granite:26] | F12=84[cobblestone:51 andesite:5 dirt:4] | F13=134[cobblestone:66 sand:11 torch:8] | F14=102[oak_log:8 oak_planks:2 stick:2] | F15=220[cobblestone:118 andesite:20 raw_copper:17] | F16=145[cobblestone:94 coal:17 diorite:14] | F17=187[cobblestone:137 dirt:35 diorite:29] | F18=134[cobblestone:53 diorite:19 dirt:18] | F19=274[cobblestone:133 raw_copper:15 oak_planks:5]
   mem: heap=125M/170M old=-1M ext=148M ab=146M rss=430M cols=1866 ents=4745 evicted=1414 path=5a/0q (max 6) stale=0
F11 sword: OK (stone_sword, holds 1)
F11 sword: OK (stone_sword)
F11 [F11] digShaft: water hazard 1.7b away (live 12) - refusing this column, the caller rotates
F11 tunnel: steering iron_ore @ 16.4b (axis z+, cross 3.3000000000000114, floor lock)
[F19] took 1 x copper_ingot (2/15)
F9 climb out (bank): failed - timeout (traversed 31) [stage 1]
F4 [F4] approach: 1 segment(s) walked in 5.3s, goal now d=37.9 (still outside - a segment stalled (no position delta))
F13 [F13] direct deposit: 27 chest slots derived from the 63-slot view
F16 [F16] water: pass 13 head=wet shore=none land=n/a y=59.3 o2=20 probes=0 at=[-135,59,395]
F13 [F13] direct deposit: 27 chest slots derived from the 63-slot view
F13 bank: +114
F17 [F17] hop: chest at [-136,70,413] d=23 zero: chest unreachable (budget exhausted (walk floor))
F17 bank fallback: none (budget exhausted)
F17 camp furnace: no build (machine near)
F4 [F4] raw hop failed: raw walk stalled after 2679ms (d=37.7) - pathfinder retry
F16 [F16] water: pass 16 head=wet shore=none land=n/a y=58.9 o2=20 probes=0 at=[-135,59,395]
F9 [F9] digShaft: water table y=48 (region strike) - stopping above the aquifer, the tunnel owns this level (regions 2)
F9 tunnel: steering iron_ore @ 14.9b (axis x+, cross 1.500003653924523, ore detour)
F5 [F5] digShaft: water table y=53 (region strike) - stopping above the aquifer, the tunnel owns this level (regions 2)
[hb] n=24 ts=481s rss=433M late=120ms mainLate=1213ms
F16 [F16] water: pass 18 head=dry shore=hit r=3 land=none y=60.9 o2=20 probes=0 at=[-135,61,395]
[F19] took 1 x copper_ingot (3/15)
F14 tool recovery: OK (wooden_pickaxe)
F11 tunnel: 1 blocks (branch mine at the floor, steered, floor lock)
F11 bank trip: pockets full budget 117s
F11 [F11] climb diag: level at y=63 blocked toward -1,0 (dug=0)
F11 [F11] climb diag: level at y=63 blocked toward 0,-1 (dug=0)
F10 [F10] raw hop failed: raw walk stalled after 2919ms (d=22.8) - pathfinder retry
F16 [F16] water: pass 21 head=wet shore=none land=n/a y=59.4 o2=19 probes=0 at=[-135,59,395]
F16 [F16] hop: chest at [-136,70,413] d=20 zero: cannot open chest (open chest: timeout after 10000ms)
F16 bank fallback: none (budget exhausted)
F16 end-bank budget spent - smelt skipped
F16 [F16] water: rescue timeout (still wet, 22 passes, 0 probes, tail dry/wet/wet) in 26.0s
F16 [F16] water: hazard memorized at [-135,59,394] (7 live, fleet-wide)
F15 climb out (bank): failed - timeout [stage 1]
[F19] took 1 x copper_ingot (4/15)
[F6] furnace slots after put: input=cobblestone fuel=empty (pocket keeps 33)
[F6] smelting 64 x cobblestone in a furnace (fuel: 1 x stick)
F11 [F11] climb diag: level at y=65 blocked toward 1,0 (dug=2)
F18 map trip: sand
t-109s alive=19/19 mined=3217 map=1621p/22ch banked=114 smelted=0 pocket=2949u/301s | sand=26 gravel=43 dirt=325 stone=0
   deficits: 157926/26 (0.0%) 149380/43 (0.0%) 31860/0 (0.0%) 27420/0 (0.0%) 10725/161 (1.5%)
   F1=140[cobblestone:87 dirt:15 andesite:12] | F2=176[cobblestone:65 andesite:40 gravel:17] | F3=194[cobblestone:96 diorite:30 torch:20] | F4=247[cobblestone:118 dirt:43 diorite:35] | F5=69[dirt:21 cobblestone:13 oak_planks:12] | F6=176[cobblestone:105 oak_sapling:6 oak_log:4] | F7=120[cobblestone:61 dirt:9 coal:9] | F8=108[cobblestone:53 oak_planks:12 oak_log:7] | F9=291[cobblestone:163 diorite:40 dirt:33] | F10=249[cobblestone:119 raw_copper:41 andesite:34] | F11=159[dirt:40 cobblestone:35 granite:26] | F12=84[cobblestone:51 andesite:5 dirt:4] | F13=134[torch:8 raw_iron:6 oak_planks:4] | F14=107[oak_log:8 dirt:4 leaf_litter:3] | F15=220[cobblestone:118 andesite:20 raw_copper:17] | F16=145[cobblestone:94 coal:17 diorite:14] | F17=187[cobblestone:137 dirt:47 diorite:29] | F18=137[cobblestone:53 diorite:19 dirt:18] | F19=274[cobblestone:133 raw_copper:15 oak_planks:5]
   mem: heap=132M/170M old=-1M ext=149M ab=147M rss=430M cols=1876 ents=4513 evicted=1455 path=6a/1q (max 6) stale=0
F11 climb out (bank): failed - stalled
[F19] took 1 x copper_ingot (5/15)
F17 smelt: 0 (raw_copper@blast_furnace: machine unreachable (visit budget spent (walk slice)))
F16 [F16] raw hop failed: raw walk stalled after 2101ms (d=20.8) - pathfinder retry
F16 [F16] water: repeat wet page at the same cell (o2 13) - standing down, the walk machinery owns the exit
F4 [F4] hop: chest at [-141,70,423] d=39 zero: chest unreachable (walk to chest (retry): timeout after 15334ms)
F4 bank fallback: none (budget exhausted)
F4 camp furnace: craft-table (118 cobble + 4 planks - table first)
F14 [F14] digShaft: water table y=53 (region strike) - stopping above the aquifer, the tunnel owns this level (regions 2)
[F19] took 1 x copper_ingot (6/15)
F16 [F16] water: drowning rescue start (drowning, oxygen 10)
F16 [F16] water: pass 0 head=wet shore=none land=n/a y=58.0 o2=10 probes=0 at=[-135,58,395]
F5 tunnel: steering coal_ore @ 6.5b (axis x--1, cross 0.4217914188361078, floor lock)
F13 [F13] digShaft: water hazard 3.9b away (live 7) - refusing this column, the caller rotates
F13 [F13] digShaft: water hazard 3.9b away (live 7) - refusing this column, the caller rotates
F13 tunnel: steering coal_ore @ 15.3b (axis x+, cross 3.5, floor lock)
F14 sword due: planks available
F14 sword: no table reachable or placeable
F14 sword: failed (no table)
F14 [F14] digShaft: water table y=53 (region strike) - stopping above the aquifer, the tunnel owns this level (regions 2)
F14 [F14] digShaft: water table y=53 (region strike) - stopping above the aquifer, the tunnel owns this level (regions 2)
F14 tunnel: steering coal_ore @ 4.6b (axis x+, cross 0.5, floor lock)
F9 tunnel: 5 blocks (branch mine at the floor, steered, ore detour)
F9 bank trip: pockets full budget 103s
F16 [F16] water: pass 12 head=wet shore=none land=n/a y=58.9 o2=15 probes=0 at=[-135,59,395]
[F19] took 1 x copper_ingot (7/15)
F16 [F16] water: pass 28 head=dry shore=hit r=3 land=none y=61.3 o2=20 probes=0 at=[-135,61,395]
[hb] n=25 ts=501s rss=430M late=127ms mainLate=1078ms
F18 [F18] water: drowning rescue start (drowning, oxygen 15)
F18 [F18] water: pass 0 head=wet shore=none land=n/a y=58.0 o2=15 probes=0 at=[-146,58,395]
F11 [F11] digShaft: water table y=48 (region strike) - stopping above the aquifer, the tunnel owns this level (regions 2)
F11 tunnel: steering coal_ore @ 6.7b (axis z+, cross 3.676984319501827, ore detour)
F9 [F9] climb diag: level at y=50 blocked toward -1,0 (dug=2)
F4 camp furnace: BUILT (furnace at -140,46,452) in 6s
[F4] furnace within reach - opening without a walk
F18 tunnel: steering coal_ore @ 19.1b (axis x+, cross 1.055777429020793, ore detour)
[F4] furnace slots after put: input=raw_iron fuel=stick
[F4] smelting 1 x raw_iron in a furnace (fuel: 1 x stick)
F18 [F18] water: rescue complete in 1.6s
F18 [F18] water: hazard memorized at [-144,62,396] (8 live, fleet-wide)
F16 [F16] water: pass 44 head=wet shore=none land=n/a y=59.1 o2=20 probes=0 at=[-135,59,395]
F10 [F10] direct deposit: 27 chest slots derived from the 63-slot view
F10 camp furnace: no build (machine near)
F13 [F13] water: drowning rescue start (drowning, oxygen 13)
F13 [F13] water: pass 0 head=wet shore=none land=n/a y=61.0 o2=13 probes=0 at=[-135,61,393]
F7 [F7] climb diag: level at y=65 blocked toward 0,-1 (dug=39)
F11 tunnel: 2 blocks (branch mine at the floor, steered, ore detour)
F11 bank trip: pockets full budget 97s
F7 climb out (trip): failed - stalled
F7 map trip skipped: cannot leave the shaft
F13 tunnel: 5 blocks (branch mine at the floor, steered, floor lock)
F13 tunnel: steering coal_ore @ 11.4b (axis x+, cross 2.084036274694313, floor lock)
F16 [F16] water: pass 54 head=wet shore=none land=n/a y=59.2 o2=20 probes=0 at=[-135,59,395]
[F19] blast_furnace yard-adjacent (<= 10b) - the doomed consult re-arms every attempt
F5 tunnel: 12 blocks (branch mine at the floor, steered, floor lock)
F19 fuel commons: chest holds no fuel
F13 [F13] water: pass 9 head=dry shore=hit r=1 land=none y=63.2 o2=20 probes=0 at=[-137,63,395]
[F10] rescued 1 x copper_ingot from an idle blast_furnace
[F10] furnace slots after put: input=raw_copper fuel=coal
[F10] smelting 41 x raw_copper in a blast_furnace (fuel: 6 x coal)
F19 fuel commons: chest holds no fuel
t-94s alive=19/19 mined=3351 map=1667p/23ch banked=114 smelted=0 pocket=2973u/298s | sand=31 gravel=31 dirt=317 stone=0
   deficits: 157926/31 (0.0%) 149380/31 (0.0%) 31860/0 (0.0%) 27420/0 (0.0%) 10725/137 (1.3%)
   F1=160[cobblestone:94 diorite:20 dirt:15] | F2=196[cobblestone:68 andesite:40 granite:25] | F3=206[cobblestone:97 diorite:30 granite:28] | F4=247[cobblestone:110 dirt:43 diorite:35] | F5=82[dirt:21 cobblestone:17 oak_planks:12] | F6=176[cobblestone:105 oak_sapling:6 oak_log:4] | F7=138[cobblestone:62 dirt:26 coal:9] | F8=109[cobblestone:53 oak_planks:12 oak_log:7] | F9=295[cobblestone:164 diorite:40 dirt:33] | F10=249[cobblestone:119 raw_copper:41 coal:6] | F11=178[dirt:44 cobblestone:37 granite:26] | F12=84[cobblestone:51 andesite:5 dirt:4] | F13=140[torch:8 raw_iron:6 oak_planks:4] | F14=119[oak_log:8 granite:7 cobblestone:6] | F15=220[cobblestone:118 andesite:20 raw_copper:17] | F16=145[cobblestone:94 coal:17 diorite:14] | F17=187[cobblestone:137 dirt:47 diorite:29] | F18=146[cobblestone:53 dirt:21 diorite:19] | F19=274[cobblestone:133 copper_ingot:7 raw_copper:7]
   mem: heap=128M/170M old=-1M ext=151M ab=148M rss=432M cols=1902 ents=3945 evicted=1480 path=2a/0q (max 6) stale=0
F19 fuel commons: chest holds no fuel
F9 [F9] climb wet escape: 1 blocks walked (budget)
F19 fuel commons: chest holds no fuel
F9 [F9] climb diag: level at y=47 blocked toward 0,-1 (dug=4, wet) at [0,1,0] water (stop)
F19 fuel commons: chest walk failed (doomed goal (ledgered 80s ago at [-131,70,413]) - fuel commons walk refused)
F19 fuel commons: chest walk failed (doomed goal (ledgered 80s ago at [-131,70,415]) - fuel commons walk refused)
F9 [F9] climb diag: level at y=47 blocked toward 1,0 (dug=4, wet) at [0,1,0] water (stop)
F9 climb out (bank): failed - stalled (traversed 1)
F9 [F9] water: drowning rescue start (drowning, oxygen 10)
F9 [F9] water: pass 0 head=wet shore=none land=n/a y=47.0 o2=10 probes=0 at=[-129,47,398]
F9 tunnel: steering coal_ore @ 7b (axis z--1, cross 1.3000000000000114, ore detour)
F9 tunnel: 0 blocks (branch mine at the floor, steered, ore detour)
F9 bank trip: pockets full budget 94s
F9 climb out (bank): failed - rescue owns the bot
F9 tunnel: steering coal_ore @ 7.5b (axis z--1, cross 1.3000000000000114, floor lock)
F9 tunnel: 0 blocks (branch mine at the floor, steered, floor lock)
F9 bank trip: pockets full budget 94s
F9 climb out (bank): failed - rescue owns the bot
F19 fuel commons: chest holds no fuel
F9 tunnel: steering coal_ore @ 7.7b (axis x--1, cross 2.3000000000000114, ore detour)
F16 [F16] water: pass 69 head=dry shore=hit r=2 land=none y=61.0 o2=20 probes=0 at=[-135,61,395]
F4 smelt: 0 (raw_iron@furnace: timeout)
F19 fuel commons: chest holds no fuel
F19 smelted 7 (copper_ingot:7) rescued=0
F19 [F19] direct deposit: 27 chest slots derived from the 63-slot view
F19 bank: +244
F17 [F17] raw hop failed: raw walk timeout after 15391ms (d=8.9) - pathfinder retry
F13 [F13] water: rescue complete in 4.5s
F13 [F13] water: hazard memorized at [-135,62,393] (9 live, fleet-wide)
F9 [F9] water: pass 7 head=wet shore=none land=n/a y=47.2 o2=19 probes=0 at=[-129,47,398]
F16 [F16] water: pass 75 head=wet shore=none land=n/a y=59.7 o2=20 probes=0 at=[-135,60,395]
F13 tunnel: 3 blocks (branch mine at the floor, steered, floor lock)
F9 [F9] water: frozen physics (10 flat passes at y=47.2, o2=20, head WET) - standing down, the reconnect lane owns this
F9 [F9] water: rescue standing down (frozen physics - the walk gate reopens, the reconnect lane owns a dead client) in 3.6s
F9 [F9] water: frozen client relog (frozen while head-wet (1 verdict) - the drowning clock owns this client) - ending the session, the reconnect lane rebuilds the physics
F9 [F9] water: hazard memorized at [-129,47,398] (9 live, fleet-wide)
F9 [F9] water: drowning rescue start (drowning, oxygen 20)
F9 [F9] water: pass 0 head=wet shore=none land=n/a y=47.2 o2=20 probes=0 at=[-129,47,398]
F14 tunnel: 12 blocks (branch mine at the floor, steered, floor lock)
F16 [F16] water: pass 79 head=wet shore=none land=n/a y=60.0 o2=20 probes=0 at=[-135,60,395]
F7 [F7] digShaft: water table y=48 (region strike) - stopping above the aquifer, the tunnel owns this level (regions 2)
F7 bank trip: pockets full budget 89s
[F10] took 1 x copper_ingot (1/41)
F5 vein sweep: 7 ores dug beside the gallery (floor lock)
F9 [F9] water: pass 1 head=wet shore=none land=n/a y=47.2 o2=20 probes=0 at=[-129,47,398]
F16 [F16] water: pass 82 head=dry shore=hit r=3 land=none y=60.1 o2=20 probes=0 at=[-135,60,395]
F18 tunnel: 12 blocks (branch mine at the floor, steered, ore detour)
F18 bank trip: pockets full budget 85s
F18 [F18] climb diag: level at y=63 blocked toward 1,0 (dug=0)
F13 [F13] water: drowning rescue start (drowning, oxygen 13)
F13 [F13] water: pass 0 head=wet shore=none land=n/a y=58.0 o2=13 probes=0 at=[-134,58,395]
F9 [F9] water: pass 2 head=wet shore=none land=n/a y=47.2 o2=20 probes=0 at=[-129,47,398]
F16 [F16] hop: chest at [-152,70,397] d=20 zero: cannot open chest (open chest: timeout after 10000ms)
F16 bank: 0 (budget exhausted)
F16 tunnel: steering coal_ore @ 10.7b (axis x+, cross 0.30000000000001137, floor lock)
F16 tunnel: 0 blocks (branch mine at the floor, steered, floor lock)
F16 [F16] water: pass 84 head=wet shore=none land=n/a y=58.9 o2=20 probes=0 at=[-135,59,395]
F3 climb out (bank): failed - timeout
F3 pre-position: 52b from yard, t-84s - walking home
F17 [F17] hop: chest at [-136,70,413] d=8 zero: chest unreachable (Took to long to decide path to goal!)
F17 [F17] hop: chest at [-141,70,413] d=8 zero: chest unreachable (budget exhausted (walk floor))
F17 [F17] hop: chest at [-131,70,413] d=8 zero: chest unreachable (budget exhausted (walk floor))
F17 [F17] hop: chest at [-141,70,415] d=8 zero: chest unreachable (budget exhausted (walk floor))
F17 [F17] hop: chest at [-131,70,415] d=8 zero: chest unreachable (budget exhausted (walk floor))
F17 [F17] hop: chest at [-136,70,419] d=8 zero: chest unreachable (budget exhausted (walk floor))
F17 bank: 0 (chest unreachable (budget exhausted (walk floor)))
F9 [F9] water: pass 3 head=wet shore=none land=n/a y=47.2 o2=20 probes=0 at=[-129,47,398]
[F10] took 1 x copper_ingot (2/41)
F18 [F18] climb diag: level at y=64 blocked toward 0,1 (dug=2)
F18 [F18] climb diag: level at y=64 blocked toward -1,0 (dug=3)
F13 [F13] water: pass 4 head=wet shore=none land=n/a y=59.3 o2=18 probes=0 at=[-135,59,395]
F18 climb out (bank): failed - stalled
F9 [F9] water: pass 4 head=wet shore=none land=n/a y=47.2 o2=20 probes=0 at=[-129,47,398]
F19 tunnel: 0 blocks (branch mine at the floor, floor lock)
F18 [F18] digShaft: water hazard 10.1b away (live 9) - refusing this column, the caller rotates
F18 tunnel: steering coal_ore @ 5.2b (axis x+, cross 0.43910029540683126, ore detour)
F13 [F13] water: pass 10 head=wet shore=none land=n/a y=59.3 o2=20 probes=0 at=[-135,59,395]
[hb] n=26 ts=521s rss=430M late=132ms mainLate=1169ms
t-79s alive=19/19 mined=3459 map=1727p/23ch banked=358 smelted=7 pocket=2948u/294s | sand=34 gravel=31 dirt=345 stone=0
   deficits: 157926/34 (0.0%) 149380/31 (0.0%) 31860/0 (0.0%) 27420/0 (0.0%) 10725/146 (1.4%)
   F1=174[cobblestone:108 diorite:20 dirt:15] | F2=209[cobblestone:71 andesite:40 granite:25] | F3=218[cobblestone:104 diorite:30 granite:28] | F4=247[cobblestone:110 dirt:43 diorite:35] | F5=88[dirt:21 andesite:19 cobblestone:19] | F6=176[cobblestone:105 oak_sapling:6 oak_log:4] | F7=155[cobblestone:75 dirt:28 coal:9] | F8=110[cobblestone:53 oak_planks:12 oak_log:7] | F9=295[cobblestone:165 diorite:40 dirt:33] | F10=249[cobblestone:119 raw_copper:41 coal:6] | F11=194[dirt:44 cobblestone:37 diorite:32] | F12=84[cobblestone:51 andesite:5 dirt:4] | F13=144[torch:8 sand:7 raw_iron:6] | F14=126[cobblestone:10 oak_log:8 granite:7] | F15=220[cobblestone:118 andesite:20 raw_copper:17] | F16=146[cobblestone:94 coal:17 diorite:14] | F17=191[cobblestone:138 dirt:50 diorite:29] | F18=159[cobblestone:53 dirt:29 leaf_litter:25] | F19=274[oak_planks:5 cobblestone:5 oak_log:2]
   mem: heap=127M/171M old=-1M ext=149M ab=147M rss=428M cols=1863 ents=4103 evicted=1543 path=4a/0q (max 6) stale=0
F16 [F16] water: rescue timeout (still wet, 99 passes, 0 probes, tail dry/dry/dry) in 25.1s
F16 [F16] water: hazard memorized at [-135,60,394] (9 live, fleet-wide)
F10 smelted 2 (copper_ingot:2) rescued=1
F9 [F9] water: pass 5 head=wet shore=none land=n/a y=47.2 o2=20 probes=0 at=[-129,47,398]
F16 [F16] water: repeat wet page at the same cell (o2 19) - standing down, the walk machinery owns the exit
F13 [F13] water: pass 18 head=dry shore=hit r=1 land=none y=61.5 o2=20 probes=0 at=[-135,61,395]
F17 [F17] digShaft: water strike at y=52 -> water table (regions 2); fluid below (-132, 53, 408) - moving sideways
F2 [F2] climb diag: level at y=68 blocked toward 1,0 (dug=66)
F2 climb out (bank): failed - timeout
F9 [F9] water: pass 6 head=wet shore=none land=n/a y=47.2 o2=20 probes=0 at=[-129,47,398]
F13 [F13] water: pass 20 head=wet shore=none land=n/a y=59.5 o2=19 probes=0 at=[-134,59,395]
F17 bank trip: pockets full budget 75s
F5 tunnel: steering coal_ore @ 5.9b (axis x--1, cross 0.31497817459376165, floor lock)
F10 [F10] direct deposit: 27 chest slots derived from the 63-slot view
F10 bank: +260
F9 [F9] water: pass 7 head=wet shore=none land=n/a y=47.2 o2=20 probes=0 at=[-129,47,398]
F13 [F13] water: pass 24 head=wet shore=none land=n/a y=59.1 o2=20 probes=0 at=[-135,59,395]
F17 [F17] climb diag: level at y=56 blocked toward 0,-1 (dug=2)
F10 [F10] digShaft: water hazard 9.6b away (live 9) - refusing this column, the caller rotates
F10 tunnel: 0 blocks (branch mine at the floor, ore detour)
F10 [F10] digShaft: water hazard 12.6b away (live 9) - refusing this column, the caller rotates
F15 pre-position: 63b from yard, t-72s - walking home
F15 bank: holding 42s of 72s for the smelt leg
F15 [F15] scan: no chest within 64b (bankable 38)
F15 bank: no chest in range (63 blocks from yard) - walking back
F9 [F9] water: pass 8 head=wet shore=none land=n/a y=47.2 o2=20 probes=0 at=[-129,47,398]
F16 [F16] water: drowning rescue start (drowning, oxygen 10)
F16 [F16] water: pass 0 head=wet shore=none land=n/a y=58.0 o2=10 probes=0 at=[-135,58,395]
F10 tunnel: 0 blocks (branch mine at the floor, floor lock)
F13 [F13] water: pass 37 head=dry shore=hit r=1 land=none y=61.2 o2=20 probes=0 at=[-135,61,395]
F10 [F10] digShaft: water hazard 3.0b away (live 9) - refusing this column, the caller rotates
F2 pre-position: 48b from yard, t-70s - walking home
F9 [F9] water: pass 9 head=wet shore=none land=n/a y=47.2 o2=20 probes=0 at=[-129,47,398]
F9 [F9] water: frozen physics (10 flat passes at y=47.2, o2=20, head WET) - standing down, the reconnect lane owns this
F9 [F9] water: rescue standing down (frozen physics - the walk gate reopens, the reconnect lane owns a dead client) in 20.8s
F9 [F9] water: frozen client relog (frozen while head-wet (1 verdict) - the drowning clock owns this client) - ending the session, the reconnect lane rebuilds the physics
F9 [F9] water: hazard memorized at [-129,47,398] (10 live, fleet-wide)
F16 [F16] water: pass 13 head=dry shore=hit r=1 land=none y=61.4 o2=16 probes=0 at=[-135,61,395]
F18 tunnel: 12 blocks (branch mine at the floor, steered, ore detour)
F18 bank trip: pockets full budget 69s
F18 [F18] climb diag: level at y=63 blocked toward 1,0 (dug=0)
F19 [F19] digShaft: water table y=53 (region strike) - stopping above the aquifer, the tunnel owns this level (regions 2)
F19 tunnel: steering coal_ore @ 3.2b (axis x+, cross 1.4999156715911681, ore detour)
F11 [F11] climb wet escape: 4 blocks walked (budget)
F13 [F13] water: pass 51 head=dry shore=hit r=3 land=none y=60.6 o2=20 probes=0 at=[-135,61,395]
F10 tunnel: 0 blocks (branch mine at the floor, ore detour)
F10 tunnel: 0 blocks x3 - sealed or flooded, cooling down 15s
F4 [F4] approach: 2 segment(s) walked in 24.9s, goal now d=36.5 (still outside - a segment stalled (no position delta))
F4 [F4] hop: chest at [-141,70,423] d=38 zero: chest unreachable (budget exhausted (walk floor))
F4 [F4] hop: chest at [-136,70,423] d=37 zero: chest unreachable (budget exhausted (walk floor))
F4 [F4] hop: chest at [-131,70,423] d=38 zero: chest unreachable (budget exhausted (walk floor))
F4 [F4] hop: chest at [-141,70,421] d=38 zero: chest unreachable (budget exhausted (walk floor))
F4 [F4] hop: chest at [-136,70,421] d=38 zero: chest unreachable (budget exhausted (walk floor))
F4 [F4] hop: chest at [-131,70,421] d=39 zero: chest unreachable (budget exhausted (walk floor))
F4 [F4] hop: chest at [-141,70,419] d=40 zero: chest unreachable (budget exhausted (walk floor))
F4 [F4] hop: chest at [-136,70,419] d=40 zero: chest unreachable (budget exhausted (walk floor))
F4 bank: 0 (chest unreachable (budget exhausted (walk floor)))
F4 pre-position: 57b from yard, t-68s - walking home
F18 [F18] climb diag: level at y=65 blocked toward 0,1 (dug=1)
F11 [F11] climb diag: level at y=60 blocked toward -1,0 (dug=36, wet) at [0,2,0] water (stop)
F11 [F11] climb diag: level at y=60 blocked toward 0,-1 (dug=36, wet) at [0,2,0] water (stop)
F11 [F11] climb diag: level at y=60 blocked toward 1,0 (dug=36, wet) at [0,2,0] water (stop)
F11 climb out (bank): failed - stalled (traversed 4)
F18 [F18] climb diag: level at y=65 blocked toward -1,0 (dug=1)
F4 [F4] climb diag: level at y=47 blocked toward 0,1 (dug=1)
F18 climb out (bank): failed - stalled
F16 [F16] water: pass 24 head=wet shore=none land=n/a y=59.0 o2=20 probes=0 at=[-135,59,395]
F3 [F3] climb: walkable surface at y=67 (+7 levels, dug=15) - the walk takes over (blocked step)
F3 climb out (pre-position): OK +7 levels (7 steps, 15 dug, undefineds)
F3 bank: holding 37s of 67s for the smelt leg
F5 tunnel: 12 blocks (branch mine at the floor, steered, floor lock)
F13 [F13] water: pass 62 head=dry shore=hit r=3 land=none y=60.1 o2=20 probes=0 at=[-135,60,395]
F16 [F16] water: pass 38 head=dry shore=hit r=3 land=none y=60.1 o2=20 probes=0 at=[-135,60,395]
F9 tunnel: 0 blocks (branch mine at the floor, steered, ore detour)
F9 tunnel: 0 blocks x3 - sealed or flooded, cooling down 15s
t-64s alive=19/19 mined=3626 map=1777p/24ch banked=618 smelted=9 pocket=2977u/296s | sand=47 gravel=32 dirt=398 stone=0
   deficits: 157926/47 (0.0%) 149380/32 (0.0%) 31860/0 (0.0%) 27420/0 (0.0%) 10725/151 (1.4%)
   F1=194[cobblestone:121 dirt:23 diorite:20] | F2=228[cobblestone:81 andesite:40 dirt:27] | F3=227[cobblestone:105 diorite:30 dirt:29] | F4=253[cobblestone:116 dirt:43 diorite:35] | F5=103[cobblestone:38 dirt:21 andesite:19] | F6=176[cobblestone:105 oak_sapling:6 oak_log:4] | F7=176[cobblestone:91 dirt:32 coal:9] | F8=111[cobblestone:53 oak_planks:12 oak_log:7] | F9=295[cobblestone:165 diorite:40 dirt:33] | F10=249[oak_planks:5 oak_log:3 torch:3] | F11=211[dirt:44 cobblestone:37 diorite:32] | F12=84[cobblestone:51 andesite:5 dirt:4] | F13=145[torch:8 sand:7 raw_iron:6] | F14=130[cobblestone:10 oak_log:8 granite:7] | F15=220[cobblestone:118 andesite:20 raw_copper:17] | F16=147[cobblestone:94 coal:17 diorite:14] | F17=210[cobblestone:153 dirt:55 diorite:29] | F18=174[cobblestone:53 leaf_litter:46 dirt:44] | F19=293[cobblestone:14 oak_planks:5 andesite:5]
   mem: heap=123M/171M old=-1M ext=148M ab=145M rss=430M cols=1852 ents=3536 evicted=1598 path=2a/0q (max 6) stale=0
F13 [F13] water: pass 74 head=wet shore=none land=n/a y=59.7 o2=20 probes=0 at=[-135,60,395]
F1 [F1] climb diag: level at y=66 blocked toward 1,0 (dug=66)
F11 [F11] digShaft: water table y=56 (region strike) - stopping above the aquifer, the tunnel owns this level (regions 2)
F11 bank trip: pockets full budget 63s
F1 [F1] climb diag: level at y=68 blocked toward 0,1 (dug=66)
F16 [F16] water: pass 44 head=dry shore=hit r=3 land=none y=60.9 o2=20 probes=0 at=[-135,61,395]
F1 [F1] climb diag: level at y=67 blocked toward -1,0 (dug=66)
F1 [F1] climb: walkable surface at y=66 (+23 levels, dug=66) - the walk takes over (blocked step)
F1 climb out (bank): OK +23 levels (24 steps, 66 dug, undefineds)
F1 bank: holding 45s of 120s for the smelt leg
F19 tunnel: 12 blocks (branch mine at the floor, steered, ore detour)
F16 [F16] water: pass 48 head=wet shore=none land=n/a y=59.7 o2=20 probes=0 at=[-135,60,395]
F13 [F13] water: rescue timeout (still wet, 83 passes, 0 probes, tail dry/dry/wet) in 25.1s
F13 [F13] water: hazard memorized at [-135,59,394] (10 live, fleet-wide)
[hb] n=27 ts=541s rss=428M late=137ms mainLate=643ms
F2 [F2] climb diag: level at y=65 blocked toward 1,0 (dug=16)
F2 [F2] climb diag: level at y=65 blocked toward 0,1 (dug=16)
F13 [F13] water: drowning rescue start (drowning, oxygen 19)
F13 [F13] water: pass 0 head=wet shore=none land=n/a y=58.7 o2=19 probes=0 at=[-135,59,395]
F2 [F2] climb diag: level at y=65 blocked toward -1,0 (dug=16)
F2 climb out (pre-position): failed - stalled
F2 final climb: OK +0 levels (0 steps, 0 dug, undefineds)
F2 bank: holding 47s of 188s for the smelt leg
F16 [F16] water: pass 55 head=dry shore=hit r=1 land=none y=61.2 o2=20 probes=0 at=[-134,61,395]
[F6] furnace yard-adjacent (<= 10b) - the doomed consult re-arms every attempt
F6 smelt: 0 (cobblestone@furnace: timeout; cobblestone@furnace: machine unreachable (visit budget spent (walk slice)))
F7 climb out (bank): OK +14 levels (13 steps, 38 dug, 31s)
F7 bank: holding 45s of 89s for the smelt leg
F13 [F13] water: pass 5 head=wet shore=none land=n/a y=59.3 o2=19 probes=0 at=[-135,59,395]
F16 [F16] water: pass 58 head=wet shore=none land=n/a y=59.0 o2=20 probes=0 at=[-135,59,395]
F5 vein sweep: 14 ores dug beside the gallery (floor lock)
F14 vein sweep: 11 ores dug beside the gallery (floor lock)
F13 [F13] water: pass 12 head=wet shore=none land=n/a y=58.9 o2=20 probes=0 at=[-135,59,395]
F11 [F11] climb wet escape: 4 blocks walked (low-o2)
F11 [F11] climb wet escape: oxygen 6 at the floor - the escape yields, the rescue lane owns the air
F11 climb out (bank): failed - low-o2 (traversed 4)
F11 [F11] water: drowning rescue start (drowning, oxygen 6)
F11 [F11] water: pass 0 head=wet shore=none land=n/a y=61.6 o2=6 probes=0 at=[-164,62,407]
F11 bank trip: pockets full budget 54s
F11 climb out (bank): failed - rescue owns the bot
F14 tool upgrade due: cobble available -> stone_pickaxe
F10 [F10] digShaft: water hazard 6.8b away (live 10) - refusing this column, the caller rotates
F16 [F16] water: pass 65 head=wet shore=none land=n/a y=59.3 o2=20 probes=0 at=[-135,59,395]
F17 climb out (bank): OK +11 levels (10 steps, 23 dug, 22s)
F17 bank: holding 45s of 75s for the smelt leg
F1 [F1] approach: 2 segment(s) walked in 9.8s, goal now d=18.5 (inside the direct envelope)
F11 tunnel: 1 blocks (branch mine at the floor, floor lock)
F11 bank trip: pockets full budget 53s
F11 climb out (bank): failed - rescue owns the bot
F13 [F13] water: pass 16 head=wet shore=none land=n/a y=59.4 o2=19 probes=0 at=[-135,59,395]
F11 bank trip: pockets full budget 52s
F11 climb out (bank): failed - rescue owns the bot
F11 tunnel: 0 blocks (branch mine at the floor, floor lock)
F11 bank trip: pockets full budget 52s
F11 climb out (bank): failed - rescue owns the bot
F3 [F3] approach: 1 segment(s) walked in 15.0s, goal now d=21.8 (inside the direct envelope)
F11 bank trip: pockets full budget 52s
F11 climb out (bank): failed - rescue owns the bot
F11 tunnel: 0 blocks (branch mine at the floor, floor lock)
F11 bank trip: pockets full budget 52s
F11 climb out (bank): failed - rescue owns the bot
F11 [F11] water: pass 4 head=dry shore=hit r=1 land=none y=62.8 o2=20 probes=0 at=[-164,63,407]
F11 bank trip: pockets full budget 51s
F11 climb out (bank): failed - rescue owns the bot
F14 [toolupgrade] [upgrade] upgraded: stone_pickaxe,wooden_shovel,wooden_pickaxe
F14 tool upgrade: OK -> stone_pickaxe (stone_pickaxe,wooden_shovel,wooden_pickaxe)
F14 [F14] digShaft: water table y=53 (region strike) - stopping above the aquifer, the tunnel owns this level (regions 2)
F14 [F14] digShaft: water table y=53 (region strike) - stopping above the aquifer, the tunnel owns this level (regions 2)
F14 tunnel: steering coal_ore @ 3.4b (axis x--1, cross 0.5, floor lock)
F7 [F7] raw hop failed: raw walk stalled after 2152ms (d=16.2) - pathfinder retry
F16 [F16] water: pass 72 head=dry shore=hit r=1 land=none y=61.1 o2=20 probes=0 at=[-135,61,395]
F13 vein sweep: 7 ores dug beside the gallery (floor lock)
F16 vein sweep: 6 ores dug beside the gallery (floor lock)
F16 bank trip: pockets full budget 51s
F16 climb out (bank): failed - rescue owns the bot
F1 [F1] raw hop failed: raw walk stalled after 2476ms (d=18.5) - pathfinder retry
F3 [F3] raw hop failed: raw walk stalled after 2547ms (d=21.8) - pathfinder retry
F13 tool upgrade due: worn (left=10/131) -> wooden_pickaxe
F13 [F13] water: pass 23 head=dry shore=hit r=3 land=none y=61.0 o2=20 probes=0 at=[-135,61,395]
F11 [F11] water: pass 8 head=dry shore=hit r=1 land=none y=63.5 o2=20 probes=0 at=[-163,63,407]
F16 tunnel: steering coal_ore @ 10.7b (axis x+, cross 0.30000000000001137, ore detour)
F16 tunnel: 0 blocks (branch mine at the floor, steered, ore detour)
F16 bank trip: pockets full budget 49s
F16 climb out (bank): failed - rescue owns the bot
F16 tunnel: steering coal_ore @ 10.8b (axis x+, cross 1.3000000000000114, floor lock)
F16 tunnel: 0 blocks (branch mine at the floor, steered, floor lock)
F16 bank trip: pockets full budget 49s
F16 climb out (bank): failed - rescue owns the bot
F9 bank trip: pockets full budget 49s
t-49s alive=19/19 mined=3715 map=1821p/24ch banked=618 smelted=9 pocket=3046u/299s | sand=55 gravel=32 dirt=425 stone=0
   deficits: 157926/55 (0.0%) 149380/32 (0.0%) 31860/3 (0.0%) 27420/0 (0.0%) 10725/151 (1.4%)
   F1=194[cobblestone:121 dirt:24 diorite:20] | F2=233[cobblestone:81 andesite:40 dirt:33] | F3=227[cobblestone:105 diorite:30 dirt:29] | F4=270[cobblestone:120 diorite:47 dirt:43] | F5=114[cobblestone:38 dirt:21 andesite:19] | F6=176[cobblestone:105 oak_sapling:6 oak_log:4] | F7=185[cobblestone:91 dirt:41 coal:9] | F8=111[cobblestone:53 oak_planks:12 oak_log:7] | F9=295[cobblestone:165 diorite:40 dirt:33] | F10=249[oak_planks:5 oak_log:3 torch:3] | F11=221[dirt:45 cobblestone:37 diorite:32] | F12=84[cobblestone:51 andesite:5 dirt:4] | F13=149[torch:8 sand:7 raw_iron:6] | F14=134[cobblestone:7 granite:7 oak_log:6] | F15=220[cobblestone:118 andesite:20 raw_copper:17] | F16=151[cobblestone:94 coal:17 diorite:14] | F17=217[cobblestone:153 dirt:63 diorite:29] | F18=174[cobblestone:53 leaf_litter:46 dirt:44] | F19=311[cobblestone:19 oak_planks:5 andesite:5]
   mem: heap=127M/171M old=-1M ext=148M ab=146M rss=433M cols=1767 ents=3639 evicted=1561 path=5a/0q (max 6) stale=0
F13 [F13] water: pass 27 head=dry shore=hit r=1 land=none y=61.2 o2=20 probes=0 at=[-135,61,395]
F11 [F11] water: pass 12 head=dry shore=hit r=1 land=none y=63.5 o2=20 probes=0 at=[-162,63,407]
F13 [toolupgrade] spare table: crafted
F10 tunnel: 0 blocks (branch mine at the floor, floor lock)
F16 [F16] water: rescue timeout (still wet, 79 passes, 0 probes, tail dry/wet/wet) in 25.2s
F16 [F16] water: hazard memorized at [-135,59,394] (11 live, fleet-wide)
F16 [F16] water: repeat wet page at the same cell (o2 20) - standing down, the walk machinery owns the exit
F13 [F13] water: pass 30 head=wet shore=none land=n/a y=60.0 o2=19 probes=0 at=[-134,60,395]
F11 [F11] water: pass 15 head=dry shore=hit r=1 land=none y=64.1 o2=20 probes=0 at=[-160,64,408]
F16 [F16] digShaft: water hazard 0.8b away (live 11) - refusing this column, the caller rotates
F16 tunnel: steering coal_ore @ 10.8b (axis x+, cross 1.3000000000000114, ore detour)
F16 tunnel: 0 blocks (branch mine at the floor, steered, ore detour)
F16 tunnel: 0 blocks x3 - sealed or flooded, cooling down 15s
F6 [F6] raw hop failed: raw walk timeout after 15482ms (d=6.5) - pathfinder retry
F15 bank walk path event: path_stop (explicit)
F13 [F13] water: rescue complete in 18.4s
F13 [F13] water: hazard memorized at [-135,61,394] (10 live, fleet-wide)
F15 bank: yard walk attempt 1 failed: Error: walk to yard: timeout after 29612ms
F15 bank: yard walk retry 2/3
F15 bank: end-bank budget spent - yard walk cancelled
F15 camp furnace: craft-planks (3 log(s) in pocket - craft planks (largest same-type stack 1/4))
F19 vein sweep: 22 ores dug beside the gallery (ore detour)
[hb] n=28 ts=561s rss=431M late=142ms mainLate=859ms
F11 [F11] water: pass 17 head=dry shore=hit r=2 land=none y=65.0 o2=20 probes=0 at=[-160,65,409]
F9 [F9] climb diag: level at y=47 blocked toward 0,-1 (dug=0, wet) at [0,1,0] water (stop)
F1 [F1] direct deposit: 27 chest slots derived from the 63-slot view
F1 camp furnace: no build (machine near)
F11 [F11] water: pass 18 head=dry shore=hit r=2 land=none y=65.2 o2=20 probes=0 at=[-158,65,410]
F17 [F17] raw hop failed: raw walk timeout after 16012ms (d=6.0) - pathfinder retry
F6 [F6] hop: chest at [-137,70,397] d=7 zero: chest unreachable (Took to long to decide path to goal!)
F16 [F16] water: drowning rescue start (drowning, oxygen 9)
F16 [F16] water: pass 0 head=wet shore=none land=n/a y=58.0 o2=9 probes=0 at=[-135,58,395]
F3 [F3] hop: chest at [-116,70,423] d=24 zero: chest unreachable (budget exhausted (walk floor))
F3 bank fallback: none (budget exhausted)
F3 camp furnace: no build (machine near)
F11 [F11] water: pass 20 head=dry shore=hit r=1 land=none y=64.1 o2=20 probes=0 at=[-156,64,412]
t-33s alive=19/19 mined=3744 map=1834p/24ch banked=618 smelted=9 pocket=3006u/294s | sand=58 gravel=30 dirt=403 stone=0
   deficits: 157926/58 (0.0%) 149380/30 (0.0%) 31860/3 (0.0%) 27420/0 (0.0%) 10725/139 (1.3%)
   F1=194[cobblestone:121 oak_log:4 stick:3] | F2=233[cobblestone:81 andesite:40 dirt:33] | F3=227[cobblestone:105 diorite:30 dirt:29] | F4=280[cobblestone:121 diorite:56 dirt:43] | F5=114[cobblestone:38 dirt:21 andesite:19] | F6=176[cobblestone:105 oak_sapling:6 oak_log:4] | F7=185[cobblestone:92 dirt:43 coal:9] | F8=113[cobblestone:53 oak_planks:12 oak_log:7] | F9=295[cobblestone:165 diorite:40 dirt:33] | F10=249[oak_planks:5 oak_log:3 torch:3] | F11=221[dirt:45 cobblestone:37 diorite:32] | F12=84[cobblestone:51 andesite:5 dirt:4] | F13=149[sand:9 torch:8 raw_iron:6] | F14=143[cobblestone:16 granite:7 oak_log:6] | F15=220[cobblestone:118 andesite:20 raw_copper:17] | F16=151[cobblestone:94 coal:17 diorite:14] | F17=217[cobblestone:153 dirt:63 diorite:29] | F18=174[cobblestone:53 leaf_litter:46 dirt:44] | F19=319[cobblestone:22 oak_planks:5 andesite:5]
   mem: heap=130M/172M old=-1M ext=148M ab=145M rss=433M cols=1758 ents=3610 evicted=1588 path=6a/0q (max 6) stale=0
F16 [F16] water: pass 3 head=wet shore=none land=n/a y=60.1 o2=5 probes=0 at=[-135,60,395]
F15 camp furnace: craft oak_planks: variant#2 attempt0 failed: craft oak_planks: timeout after 7000ms
F15 camp furnace: [tools] closing stale craft window (minecraft:inventory) - grid recovery
F11 [F11] water: pass 21 head=dry shore=hit r=1 land=none y=65.2 o2=20 probes=0 at=[-156,65,412]
F14 tunnel: 12 blocks (branch mine at the floor, steered, floor lock)
F16 [F16] water: pass 7 head=dry shore=hit r=1 land=none y=61.5 o2=19 probes=0 at=[-135,61,394]
F7 [F7] raw hop failed: raw walk stalled after 2061ms (d=11.4) - pathfinder retry
F11 [F11] water: rescue complete in 25.5s
F11 [F11] water: hazard memorized at [-163,62,406] (11 live, fleet-wide)
F9 [F9] climb diag: level at y=47 blocked toward 1,0 (dug=0, wet) at [0,1,0] water (stop)
F5 bank trip: pockets full budget 28s
F16 bank trip: pockets full budget 28s
F16 climb out (bank): failed - rescue owns the bot
F16 tunnel: steering copper_ore @ 6.2b (axis x+, cross 0.5854836579862308, floor lock)
F16 tunnel: 0 blocks (branch mine at the floor, steered, floor lock)
F16 bank trip: pockets full budget 28s
F16 climb out (bank): failed - rescue owns the bot
F16 tunnel: steering copper_ore @ 6.1b (axis x+, cross 1.3917824178699334, ore detour)
F16 [F16] water: pass 10 head=dry shore=hit r=1 land=none y=63.2 o2=20 probes=0 at=[-137,63,395]
F6 [F6] raw hop failed: raw walk timeout after 10000ms (d=8.2) - pathfinder retry
F14 vein sweep: 3 ores dug beside the gallery (floor lock)
F16 tunnel: 0 blocks (branch mine at the floor, steered, ore detour)
F16 bank trip: pockets full budget 25s
F16 climb out (bank): failed - rescue owns the bot
F16 tunnel: steering copper_ore @ 5.1b (axis x+, cross 0.30000000000001137, floor lock)
F16 tunnel: 0 blocks (branch mine at the floor, steered, floor lock)
F16 tunnel: 0 blocks x3 - sealed or flooded, cooling down 15s
F16 [F16] water: pass 12 head=wet shore=none land=n/a y=61.6 o2=20 probes=0 at=[-136,62,395]
F13 [F13] water: drowning rescue start (drowning, oxygen 12)
F13 [F13] water: pass 0 head=wet shore=none land=n/a y=61.0 o2=12 probes=0 at=[-136,61,395]
F3 smelt: 0 (cobblestone@furnace: machine unreachable (visit budget spent (walk slice)))
[F1] furnace slots after put: input=cobblestone fuel=stick (pocket keeps 49)
[F1] smelting 64 x cobblestone in a furnace (fuel: 1 x stick)
F17 [F17] direct deposit: 27 chest slots derived from the 63-slot view
F17 camp furnace: no build (machine near)
F15 camp furnace: craft oak_planks: variant#2 attempt1 failed: craft oak_planks: timeout after 7000ms
F15 camp furnace: [tools] closing stale craft window (minecraft:inventory) - grid recovery
F13 [F13] water: pass 2 head=dry shore=hit r=1 land=none y=62.9 o2=20 probes=0 at=[-136,63,395]
F16 [F16] water: pass 14 head=dry shore=hit r=1 land=none y=63.0 o2=20 probes=0 at=[-136,63,395]
[hb] n=29 ts=581s rss=431M late=147ms mainLate=681ms
F6 [F6] hop: chest at [-152,70,397] d=17 zero: chest unreachable (Took to long to decide path to goal!)
F6 bank: +63
t-17s alive=19/19 mined=3768 map=1848p/25ch banked=681 smelted=9 pocket=2929u/290s | sand=61 gravel=30 dirt=350 stone=0
   deficits: 157926/61 (0.0%) 149380/30 (0.0%) 31860/3 (0.0%) 27420/0 (0.0%) 10725/139 (1.3%)
   F1=194[cobblestone:121 oak_log:4 stick:3] | F2=233[cobblestone:81 andesite:40 dirt:33] | F3=227[cobblestone:105 diorite:30 dirt:29] | F4=290[cobblestone:122 diorite:56 dirt:51] | F5=121[cobblestone:46 dirt:21 andesite:20] | F6=176[cobblestone:105 oak_sapling:6 oak_log:4] | F7=185[cobblestone:92 dirt:45 coal:9] | F8=114[cobblestone:53 oak_planks:12 oak_log:7] | F9=295[cobblestone:165 diorite:40 dirt:33] | F10=249[oak_planks:5 oak_log:3 torch:3] | F11=221[dirt:45 cobblestone:37 diorite:32] | F12=84[cobblestone:51 andesite:5 dirt:4] | F13=149[sand:11 torch:8 raw_iron:6] | F14=149[cobblestone:19 granite:7 oak_log:6] | F15=220[cobblestone:118 andesite:20 raw_copper:17] | F16=151[cobblestone:94 coal:17 diorite:14] | F17=217[cobblestone:153 coal:6 raw_copper:6] | F18=174[cobblestone:53 leaf_litter:46 dirt:44] | F19=319[cobblestone:30 oak_planks:5 andesite:5]
   mem: heap=135M/171M old=-1M ext=148M ab=145M rss=431M cols=1758 ents=3520 evicted=1630 path=6a/2q (max 6) stale=0
F13 [F13] water: pass 3 head=wet shore=none land=n/a y=61.9 o2=20 probes=0 at=[-136,62,395]
F16 [F16] water: pass 16 head=dry shore=hit r=2 land=none y=64.0 o2=20 probes=0 at=[-138,64,393]
F9 [F9] climb diag: level at y=47 blocked toward 0,1 (dug=0, wet) at [0,1,0] water (stop)
F13 [F13] water: pass 7 head=wet shore=none land=n/a y=61.8 o2=20 probes=0 at=[-135,62,395]
F16 [F16] water: pass 17 head=dry shore=hit r=2 land=none y=64.0 o2=20 probes=0 at=[-138,64,394]
F15 camp furnace: craft oak_planks: all 1 variant(s) failed, last: craft oak_planks: timeout after 7000ms
F15 camp furnace: no build (plank craft failed)
F15 smelt: 0 (raw_copper@blast_furnace/furnace: no machine in reach (blast_furnace/furnace within 48b); cobblestone@furnace: no machine in reach (furnace within 48b))
F15 [F15] scan: no chest within 64b (bankable 173)
F15 pre-position bank: 0 (no chest in range)
F15 final climb: OK +0 levels (0 steps, 0 dug, undefineds)
F15 bank: holding 50s of 198s for the smelt leg
F15 [F15] scan: no chest within 64b (bankable 38)
F15 bank: no chest in range (63 blocks from yard) - walking back
F16 [F16] water: pass 18 head=dry shore=hit r=1 land=none y=64.0 o2=20 probes=0 at=[-138,64,395]
F13 [F13] water: pass 9 head=dry shore=hit r=1 land=none y=63.0 o2=20 probes=0 at=[-136,63,396]
F7 [F7] direct deposit: 27 chest slots derived from the 63-slot view
F7 camp furnace: no build (machine near)
F16 [F16] water: rescue complete in 26.2s
F16 [F16] water: hazard memorized at [-136,62,394] (11 live, fleet-wide)
F19 tool upgrade due: worn (left=5/131) -> stone_pickaxe
F13 [F13] water: pass 11 head=dry shore=hit r=2 land=none y=65.0 o2=20 probes=0 at=[-137,65,396]
F13 tool upgrade: failed -> none (no crafting table placeable)
F13 tunnel: steering coal_ore @ 16.3b (axis x+, cross 0.2945212618798223, floor lock)
F13 tunnel: 0 blocks (branch mine at the floor, steered, floor lock)
F16 bank trip: pockets full budget 8s
F16 [F16] climb diag: level at y=64 blocked toward 0,-1 (dug=0)
F19 [toolupgrade] spare table: crafted
F16 [F16] climb diag: level at y=64 blocked toward 1,0 (dug=0)
F16 [F16] climb diag: level at y=64 blocked toward 0,1 (dug=0)
F2 [F2] approach: 2 segment(s) walked in 50.9s, goal now d=23.4 (inside the direct envelope)
F13 tunnel: steering coal_ore @ 16.4b (axis x+, cross 0.6999999999999886, floor lock)
F16 climb out (bank): failed - stalled
F13 [F13] water: pass 14 head=dry shore=hit r=1 land=none y=63.8 o2=20 probes=0 at=[-139,64,398]
[F17] rescued 1 x copper_ingot from an idle blast_furnace
F3 [F3] raw hop failed: raw walk timeout after 15539ms (d=6.0) - pathfinder retry
[F17] furnace slots after put: input=raw_copper fuel=coal
[F17] smelting 6 x raw_copper in a blast_furnace (fuel: 1 x coal)
F17 smelted 0 () rescued=1
F10 [F10] digShaft: water table y=53 (region strike) - stopping above the aquifer, the tunnel owns this level (regions 2)
F6 [F6] digShaft: water table y=56 (region strike) - stopping above the aquifer, the tunnel owns this level (regions 2)
F13 [F13] water: pass 16 head=dry shore=hit r=1 land=none y=64.2 o2=20 probes=0 at=[-136,64,397]
F4 climb out (pre-position): OK +18 levels (17 steps, 45 dug, 64s)
F4 [F4] hop: chest at [-156,70,423] d=29 zero: chest unreachable (budget exhausted (walk floor))
F4 [F4] hop: chest at [-151,70,423] d=30 zero: chest unreachable (budget exhausted (walk floor))
F4 [F4] hop: chest at [-156,70,421] d=31 zero: chest unreachable (budget exhausted (walk floor))
F4 [F4] hop: chest at [-146,70,423] d=31 zero: chest unreachable (budget exhausted (walk floor))
F4 [F4] hop: chest at [-151,70,421] d=32 zero: chest unreachable (budget exhausted (walk floor))
F4 [F4] hop: chest at [-156,70,419] d=33 zero: chest unreachable (budget exhausted (walk floor))
F4 [F4] hop: chest at [-146,70,421] d=33 zero: chest unreachable (budget exhausted (walk floor))
F4 [F4] hop: chest at [-151,70,419] d=34 zero: chest unreachable (budget exhausted (walk floor))
F4 bank fallback: none (chest unreachable (budget exhausted (walk floor)))
F4 end-bank budget spent - smelt skipped
F4 [F4] hop: chest at [-156,70,423] d=29 zero: chest unreachable (budget exhausted (walk floor))
F4 [F4] hop: chest at [-151,70,423] d=30 zero: chest unreachable (budget exhausted (walk floor))
F4 [F4] hop: chest at [-156,70,421] d=31 zero: chest unreachable (budget exhausted (walk floor))
F4 [F4] hop: chest at [-146,70,423] d=31 zero: chest unreachable (budget exhausted (walk floor))
F4 [F4] hop: chest at [-151,70,421] d=32 zero: chest unreachable (budget exhausted (walk floor))
F4 [F4] hop: chest at [-156,70,419] d=33 zero: chest unreachable (budget exhausted (walk floor))
F4 [F4] hop: chest at [-146,70,421] d=33 zero: chest unreachable (budget exhausted (walk floor))
F4 [F4] hop: chest at [-151,70,419] d=34 zero: chest unreachable (budget exhausted (walk floor))
F4 pre-position bank: 0 (chest unreachable (budget exhausted (walk floor)))
F4 final climb: OK +0 levels (0 steps, 0 dug, undefineds)
F4 bank: holding 48s of 191s for the smelt leg
F16 [F16] digShaft: water hazard 1.3b away (live 11) - refusing this column, the caller rotates
F16 tunnel: steering copper_ore @ 6.6b (axis x+, cross 2.3000000000000114, ore detour)
F13 [F13] water: rescue complete in 19.7s
F13 [F13] water: hazard memorized at [-136,62,394] (12 live, fleet-wide)
t-2s alive=19/19 mined=3797 map=1851p/25ch banked=681 smelted=9 pocket=2890u/290s | sand=62 gravel=29 dirt=318 stone=0
   deficits: 157926/62 (0.0%) 149380/29 (0.0%) 31860/3 (0.0%) 27420/0 (0.0%) 10725/135 (1.3%)
   F1=194[cobblestone:121 oak_log:4 stick:3] | F2=233[cobblestone:81 andesite:40 dirt:33] | F3=227[cobblestone:105 diorite:30 dirt:29] | F4=292[cobblestone:122 diorite:56 dirt:55] | F5=130[cobblestone:46 andesite:24 dirt:21] | F6=184[cobblestone:108 dirt:7 oak_sapling:6] | F7=185[cobblestone:92 coal:6 oak_log:4] | F8=115[cobblestone:53 oak_planks:12 oak_log:7] | F9=295[cobblestone:165 diorite:40 dirt:33] | F10=258[cobblestone:7 oak_planks:5 dirt:4] | F11=221[dirt:45 cobblestone:37 diorite:32] | F12=84[cobblestone:51 andesite:5 dirt:4] | F13=149[sand:12 torch:8 raw_iron:6] | F14=149[cobblestone:24 granite:9 oak_log:6] | F15=220[cobblestone:118 andesite:20 raw_copper:17] | F16=151[cobblestone:94 coal:17 diorite:14] | F17=217[cobblestone:153 raw_copper:6 coal:5] | F18=174[cobblestone:53 leaf_litter:46 dirt:44] | F19=319[cobblestone:27 andesite:5 dirt:4]
   mem: heap=136M/170M old=-1M ext=148M ab=146M rss=433M cols=1577 ents=3313 evicted=1502 path=5a/0q (max 6) stale=0
F19 [toolupgrade] stone_pickaxe: crafted (worn (left=5/131))
F19 tool upgrade: OK -> stone_pickaxe (worn (left=5/131))
F19 [F19] digShaft: water table y=53 (region strike) - stopping above the aquifer, the tunnel owns this level (regions 2)
F19 tunnel: steering coal_ore @ 2b (axis x--1, cross 0.5058336002217061, ore detour)
F17 [F17] direct deposit: 27 chest slots derived from the 63-slot view
F17 bank: +279
F7 smelt: 0 (cobblestone@furnace: machine unreachable (doomed goal (ledgered 1s ago at [-150,70,397]) - walk to furnace refused); cobblestone@furnace: machine unreachable (visit budget spent (walk slice)))
F16 tunnel: 1 blocks (branch mine at the floor, steered, ore detour)
F16 bank trip: pockets full budget 1s
F8 vein sweep: 10 ores dug beside the gallery (floor lock)
F16 [F16] climb diag: level at y=61 blocked toward 0,-1 (dug=0, wet) at [0,1,0] water (stop)
F6 tunnel: 2 blocks (branch mine at the floor, ore detour)
F6 bank trip: pockets full budget 0s
F3 [F3] direct deposit: 27 chest slots derived from the 63-slot view
F3 pre-position bank: +220
F16 [F16] climb diag: level at y=61 blocked toward 0,-1 (dug=0, wet) at [0,1,0] water (stop)
F18 final bank: staggered +80s
F13 tunnel: 1 blocks (branch mine at the floor, steered, floor lock)
F13 final bank: staggered +88s
F16 climb out (bank): failed - stopped
F16 final bank: staggered +80s
F5 climb out (bank): failed - stopped
F5 final bank: staggered +56s
F8 final bank: staggered +56s
[hb] n=30 ts=601s rss=433M late=153ms mainLate=1234ms
F19 tunnel: 2 blocks (branch mine at the floor, steered, ore detour)
F19 final bank: staggered +80s
F6 climb out (bank): failed - stopped
F16 [F16] water: drowning rescue start (drowning, oxygen 16)
F16 [F16] water: pass 0 head=wet shore=none land=n/a y=61.0 o2=16 probes=0 at=[-135,61,393]
F14 final bank: staggered +64s
F9 climb out (bank): failed - stopped [stage 1]
F9 final bank: staggered +80s
F16 [F16] water: pass 3 head=dry shore=hit r=1 land=none y=62.7 o2=20 probes=0 at=[-136,63,395]
F16 [F16] water: rescue complete in 4.0s
F16 [F16] water: hazard memorized at [-136,62,394] (13 live, fleet-wide)
F11 tunnel: 0 blocks (branch mine at the floor, floor lock)
F11 tunnel: 0 blocks x3 - sealed or flooded, cooling down 15s
F4 [F4] approach: 1 segment(s) walked in 15.2s, goal now d=20.0 (inside the direct envelope)
F2 [F2] raw hop failed: raw walk timeout after 20108ms (d=15.9) - pathfinder retry
t-0s alive=19/19 mined=3807 map=1892p/26ch banked=1180 smelted=9 pocket=2524u/273s | sand=63 gravel=27 dirt=292 stone=0
   deficits: 157926/63 (0.0%) 149380/27 (0.0%) 31860/3 (0.0%) 27420/0 (0.0%) 10725/126 (1.2%)
   F1=194[cobblestone:121 oak_log:4 stick:3] | F2=233[cobblestone:81 andesite:40 dirt:33] | F3=227[torch:20 oak_planks:4 oak_log:2] | F4=292[cobblestone:122 diorite:56 dirt:55] | F5=133[cobblestone:46 andesite:24 dirt:21] | F6=186[cobblestone:110 dirt:10 oak_sapling:6] | F7=185[cobblestone:92 coal:6 oak_log:4] | F8=116[cobblestone:53 oak_planks:12 oak_log:7] | F9=295[cobblestone:165 diorite:40 dirt:33] | F10=258[cobblestone:9 oak_planks:5 dirt:4] | F11=221[dirt:45 cobblestone:37 diorite:32] | F12=84[cobblestone:51 andesite:5 dirt:4] | F13=150[sand:12 torch:8 raw_iron:6] | F14=149[cobblestone:24 granite:9 oak_log:6] | F15=220[cobblestone:118 andesite:20 raw_copper:17] | F16=152[cobblestone:94 coal:17 diorite:14] | F17=217[cobblestone:7 wooden_pickaxe:2 oak_sapling:2] | F18=174[cobblestone:53 leaf_litter:46 dirt:44] | F19=321[cobblestone:28 andesite:6 dirt:4]
   mem: heap=136M/171M old=-1M ext=151M ab=148M rss=433M cols=687 ents=1362 evicted=730 path=6a/0q (max 6) stale=0
F7 [F7] raw hop failed: raw walk timeout after 15006ms (d=6.2) - pathfinder retry
F2 [F2] direct deposit: 27 chest slots derived from the 63-slot view
F2 [F2] direct deposit: 27 chest slots derived from the 63-slot view
F2 camp furnace: no build (machine near)
F7 [F7] hop: chest at [-151,70,413] d=6 zero: chest unreachable (Took to long to decide path to goal!)
F2 fuel commons: chest holds no fuel
[hb] n=31 ts=621s rss=433M late=155ms mainLate=1964ms
F11 final bank: staggered +88s
F5 [F5] combat: shelter skip (night=true armed=true hp=15.666666984558105 attackers=1 threat=creeper@7.0)
F5 [F5] combat: fleeing creeper (dist 7.0, hp 15.7, 1 nearby, proximity)
F2 fuel commons: the clicks lied - nothing landed in the pocket (ghost clicks)
F10 final bank: staggered +88s
F2 fuel commons: chest holds no fuel
F17 final bank: staggered +96s
F2 fuel commons: chest holds no fuel
F4 [F4] raw hop failed: raw walk stalled after 2446ms (d=10.6) - pathfinder retry
F2 fuel commons: chest holds no fuel
F2 fuel commons: chest holds no fuel
F2 fuel commons: chest holds no fuel
F2 fuel commons: chest holds no fuel
F1 smelt: 0 (cobblestone@furnace: timeout)
F1 [F1] direct deposit: 27 chest slots derived from the 63-slot view
F1 [F1] direct deposit: 27 chest slots derived from the 63-slot view
F1 bank: +188
t-0s alive=19/19 mined=3807 map=1892p/26ch banked=1368 smelted=9 pocket=2336u/266s | sand=63 gravel=10 dirt=271 stone=0
   deficits: 157926/63 (0.0%) 149380/10 (0.0%) 31860/3 (0.0%) 27420/0 (0.0%) 10725/86 (0.8%)
   F1=194[cobblestone:48 oak_log:4 stick:2] | F2=233[cobblestone:81 oak_log:4 coal:4] | F3=227[torch:20 oak_planks:4 oak_log:2] | F4=292[cobblestone:122 diorite:56 dirt:55] | F5=133[cobblestone:46 andesite:24 dirt:21] | F6=186[cobblestone:110 dirt:22 oak_sapling:6] | F7=185[cobblestone:92 coal:6 oak_log:4] | F8=116[cobblestone:53 oak_planks:12 oak_log:7] | F9=295[cobblestone:165 diorite:40 dirt:33] | F10=258[cobblestone:9 oak_planks:5 dirt:4] | F11=221[dirt:45 cobblestone:37 diorite:32] | F12=84[cobblestone:51 andesite:5 dirt:4] | F13=150[sand:12 torch:8 raw_iron:6] | F14=149[cobblestone:24 granite:9 oak_log:6] | F15=220[cobblestone:118 andesite:20 raw_copper:17] | F16=152[cobblestone:94 coal:17 diorite:14] | F17=217[cobblestone:7 wooden_pickaxe:2 oak_sapling:2] | F18=174[cobblestone:53 leaf_litter:46 dirt:44] | F19=321[cobblestone:28 andesite:6 dirt:4]
   mem: heap=124M/172M old=-1M ext=148M ab=146M rss=431M cols=388 ents=762 evicted=363 path=5a/0q (max 6) stale=0
F4 [F4] hop: chest at [-156,70,423] d=29 zero: chest unreachable (Took to long to decide path to goal!)
F6 final bank: staggered +96s
F1 final bank: staggered +96s
F7 [F7] raw hop failed: raw walk timeout after 10803ms (d=6.2) - pathfinder retry
[F2] furnace slots after put: input=cobblestone fuel=coal (pocket keeps 9)
[F2] smelting 64 x cobblestone in a furnace (fuel: 4 x coal)
F7 [F7] hop: chest at [-156,70,413] d=8 zero: chest unreachable (Took to long to decide path to goal!)
F7 bank: +72
F5 [F5] combat: shelter skip (night=true armed=true hp=15.666666984558105 attackers=1 threat=creeper@6.2)
F5 [F5] combat: fleeing creeper (dist 6.2, hp 15.7, 1 nearby, proximity)
[hb] n=32 ts=641s rss=431M late=157ms mainLate=487ms
[F2] took 1 x stone (1/73)
t-0s alive=19/19 mined=3807 map=1898p/26ch banked=1440 smelted=9 pocket=2342u/267s | sand=63 gravel=10 dirt=273 stone=0
   deficits: 157926/63 (0.0%) 149380/10 (0.0%) 31860/3 (0.0%) 27420/0 (0.0%) 10725/86 (0.8%)
   F1=194[cobblestone:48 oak_log:4 stick:2] | F2=233[cobblestone:81 oak_log:4 coal:4] | F3=227[torch:20 oak_planks:4 oak_log:2] | F4=292[cobblestone:122 diorite:56 dirt:55] | F5=133[cobblestone:46 andesite:24 dirt:21] | F6=186[cobblestone:110 dirt:24 oak_sapling:6] | F7=185[cobblestone:93 coal:6 oak_log:4] | F8=116[cobblestone:53 oak_planks:12 oak_log:7] | F9=295[cobblestone:165 diorite:40 dirt:33] | F10=258[cobblestone:9 oak_planks:5 dirt:4] | F11=221[dirt:45 cobblestone:37 diorite:32] | F12=84[cobblestone:51 andesite:5 dirt:4] | F13=150[sand:12 torch:8 raw_iron:6] | F14=149[cobblestone:24 granite:9 oak_log:6] | F15=220[cobblestone:118 andesite:20 raw_copper:17] | F16=152[cobblestone:94 coal:17 diorite:14] | F17=217[cobblestone:7 wooden_pickaxe:2 oak_sapling:2] | F18=174[cobblestone:53 leaf_litter:46 dirt:44] | F19=321[cobblestone:28 andesite:6 dirt:4]
   mem: heap=134M/171M old=-1M ext=150M ab=147M rss=431M cols=194 ents=400 evicted=167 path=3a/0q (max 6) stale=0
F4 [F4] raw hop failed: raw walk timeout after 15323ms (d=6.1) - pathfinder retry
F4 [F4] hop: chest at [-151,70,423] d=8 zero: chest unreachable (Took to long to decide path to goal!)
F12 recovery brake: 1 consecutive failures - next attempt in 45s
F12 tool recovery: failed (no crafting table)
[F2] took 1 x stone (2/73)
F5 [F5] climb diag: level at y=42 blocked toward 0,1 (dug=2)
t-0s alive=19/19 mined=3810 map=1898p/26ch banked=1440 smelted=9 pocket=2352u/267s | sand=63 gravel=10 dirt=278 stone=0
   deficits: 157926/63 (0.0%) 149380/10 (0.0%) 31860/3 (0.0%) 27420/0 (0.0%) 10725/86 (0.8%)
   F1=194[cobblestone:48 oak_log:4 stick:2] | F2=233[cobblestone:81 oak_log:4 coal:4] | F3=227[torch:20 oak_planks:4 oak_log:2] | F4=292[cobblestone:122 diorite:56 dirt:55] | F5=136[cobblestone:50 dirt:26 andesite:24] | F6=186[cobblestone:110 dirt:24 oak_sapling:6] | F7=185[cobblestone:93 coal:6 oak_log:4] | F8=116[cobblestone:53 oak_planks:12 oak_log:7] | F9=295[cobblestone:165 diorite:40 dirt:33] | F10=258[cobblestone:9 oak_planks:5 dirt:4] | F11=221[dirt:45 cobblestone:37 diorite:32] | F12=84[cobblestone:51 andesite:5 dirt:4] | F13=150[sand:12 torch:8 raw_iron:6] | F14=149[cobblestone:24 granite:9 oak_log:6] | F15=220[cobblestone:118 andesite:20 raw_copper:17] | F16=152[cobblestone:94 coal:17 diorite:14] | F17=217[cobblestone:7 wooden_pickaxe:2 oak_sapling:2] | F18=174[cobblestone:53 leaf_litter:46 dirt:44] | F19=321[cobblestone:28 andesite:6 dirt:4]
   mem: heap=120M/170M old=-1M ext=149M ab=147M rss=431M cols=194 ents=404 evicted=167 path=2a/0q (max 6) stale=0
[hb] n=33 ts=661s rss=433M late=161ms mainLate=405ms
[F2] took 1 x stone (3/73)
F7 final bank: staggered +72s
F4 [F4] raw hop failed: raw walk timeout after 15137ms (d=6.0) - pathfinder retry
F14 [F14] climb diag: level at y=55 blocked toward 0,-1 (dug=2)
F4 [F4] hop: chest at [-146,70,423] d=8 zero: chest unreachable (Took to long to decide path to goal!)
F4 bank: chest unreachable (Took to long to decide path to goal!) (26 blocks from yard) - walking back
F4 bank: yard walk arrived in 0s (1 attempt)
F4 camp furnace: no build (machine near)
[F2] took 1 x stone (4/73)
t-0s alive=19/19 mined=3843 map=1898p/26ch banked=1440 smelted=9 pocket=2382u/267s | sand=63 gravel=10 dirt=279 stone=0
   deficits: 157926/63 (0.0%) 149380/10 (0.0%) 31860/3 (0.0%) 27420/0 (0.0%) 10725/86 (0.8%)
   F1=194[cobblestone:48 oak_log:4 stick:2] | F2=233[cobblestone:81 oak_log:4 coal:4] | F3=227[torch:20 oak_planks:4 oak_log:2] | F4=292[cobblestone:122 diorite:56 dirt:55] | F5=156[cobblestone:58 dirt:27 andesite:24] | F6=186[cobblestone:110 dirt:24 oak_sapling:6] | F7=185[cobblestone:93 coal:6 diorite:5] | F8=119[cobblestone:53 oak_planks:12 oak_log:7] | F9=295[cobblestone:165 diorite:40 dirt:33] | F10=258[cobblestone:9 oak_planks:5 dirt:4] | F11=221[dirt:45 cobblestone:37 diorite:32] | F12=84[cobblestone:51 andesite:5 dirt:4] | F13=150[sand:12 torch:8 raw_iron:6] | F14=159[cobblestone:33 granite:10 oak_log:6] | F15=220[cobblestone:118 andesite:20 raw_copper:17] | F16=152[cobblestone:94 coal:17 diorite:14] | F17=217[cobblestone:7 wooden_pickaxe:2 oak_sapling:2] | F18=174[cobblestone:53 leaf_litter:46 dirt:44] | F19=321[cobblestone:28 andesite:6 dirt:4]
   mem: heap=130M/171M old=-1M ext=149M ab=147M rss=431M cols=94 ents=248 evicted=82 path=2a/0q (max 6) stale=0
F19 [F19] combat: fighting skeleton (dist 6.9, hp 20.0, 1 nearby, proximity)
F16 [F16] combat: fighting drowned (dist 4.9, hp 20.0, 1 nearby, proximity)
F16 final climb: OK +0 levels (0 steps, 0 dug, undefineds)
F16 bank: holding 45s of 161s for the smelt leg
[hb] n=34 ts=681s rss=431M late=166ms mainLate=514ms
F18 final climb: OK +2 levels (1 steps, 0 dug, 1s)
F18 bank: holding 45s of 163s for the smelt leg
F15 bank walk path event: path_stop (explicit)
F15 bank: yard walk attempt 1 failed: Error: walk to yard: timeout after 93000ms
F15 bank: yard walk retry 2/3
F19 [F19] climb diag: level at y=55 blocked toward 1,0 (dug=2)
[F2] took 1 x stone (5/73)
t-0s alive=19/19 mined=3891 map=1898p/26ch banked=1440 smelted=9 pocket=2434u/267s | sand=63 gravel=10 dirt=291 stone=0
   deficits: 157926/63 (0.0%) 149380/10 (0.0%) 31860/3 (0.0%) 27420/0 (0.0%) 10725/86 (0.8%)
   F1=194[cobblestone:48 oak_log:4 stick:2] | F2=233[cobblestone:81 oak_log:4 coal:4] | F3=227[torch:20 oak_planks:4 oak_log:2] | F4=292[cobblestone:123 diorite:56 dirt:55] | F5=171[cobblestone:72 dirt:27 andesite:24] | F6=186[cobblestone:110 dirt:24 oak_sapling:6] | F7=185[cobblestone:93 coal:6 diorite:5] | F8=121[cobblestone:53 oak_planks:12 oak_log:7] | F9=295[cobblestone:165 diorite:40 dirt:33] | F10=258[cobblestone:9 oak_planks:5 dirt:4] | F11=221[dirt:45 cobblestone:37 diorite:32] | F12=84[cobblestone:51 andesite:5 dirt:4] | F13=151[sand:12 torch:8 raw_iron:6] | F14=179[cobblestone:39 dirt:16 leaf_litter:10] | F15=220[cobblestone:118 andesite:20 raw_copper:17] | F16=152[cobblestone:94 coal:17 diorite:14] | F17=217[cobblestone:7 wooden_pickaxe:2 oak_sapling:2] | F18=174[cobblestone:53 leaf_litter:47 dirt:44] | F19=331[cobblestone:38 andesite:6 dirt:4]
   mem: heap=130M/172M old=-1M ext=150M ab=148M rss=433M cols=94 ents=248 evicted=82 path=2a/0q (max 6) stale=0
F13 [F13] climb diag: level at y=60 blocked toward 0,-1 (dug=1)
F9 [F9] climb diag: level at y=47 blocked toward 1,0 (dug=0, wet) at [0,1,0] water (stop)
[F2] took 1 x stone (6/73)
F14 [F14] climb: walkable surface at y=66 (+11 levels, dug=32) - the walk takes over (blocked step)
F14 final climb: OK +11 levels (11 steps, 32 dug, undefineds)
F14 bank: holding 45s of 172s for the smelt leg
F14 [F14] combat: shelter try vs skeleton (dist 6.9, proximity pre-fight)
F14 [F14] combat: shelter skip (open field: no diggable wall, skeleton@6.9)
F14 [F14] combat: shelter skip (open field: ring not buildable [oo -o oB oo] vs skeleton@6.9)
F14 [F14] combat: fighting skeleton (dist 6.9, hp 20.0, 1 nearby, proximity)
F13 final climb: OK +3 levels (2 steps, 6 dug, 4s)
F13 bank: holding 45s of 155s for the smelt leg
F16 [F16] raw hop failed: raw walk timeout after 15037ms (d=8.3) - pathfinder retry
F2 smelted 6 (stone:6) rescued=0
F2 [F2] direct deposit: 27 chest slots derived from the 63-slot view
F2 final bank: +232
F16 [F16] hop: chest at [-137,70,397] d=8 zero: chest unreachable (Took to long to decide path to goal!)
[hb] n=35 ts=701s rss=431M late=171ms mainLate=515ms
F9 [F9] climb diag: level at y=47 blocked toward 0,1 (dug=0, wet) at [0,1,0] water (stop)
F18 [F18] raw hop failed: raw walk timeout after 20220ms (d=6.1) - pathfinder retry
t-0s alive=19/19 mined=3924 map=1898p/26ch banked=1672 smelted=15 pocket=2390u/266s | sand=64 gravel=10 dirt=308 stone=0
   deficits: 157926/64 (0.0%) 149380/10 (0.0%) 31860/3 (0.0%) 27420/0 (0.0%) 10725/86 (0.8%)
   F1=194[cobblestone:48 oak_log:4 stick:2] | F2=233[oak_log:4 oak_planks:3 wooden_sword:1] | F3=227[torch:20 oak_planks:4 oak_log:2] | F4=292[cobblestone:123 diorite:56 dirt:55] | F5=180[cobblestone:80 dirt:29 andesite:24] | F6=186[cobblestone:110 dirt:24 oak_sapling:6] | F7=185[cobblestone:93 coal:6 diorite:5] | F8=123[cobblestone:53 oak_planks:12 oak_log:7] | F9=295[cobblestone:165 diorite:40 dirt:33] | F10=258[cobblestone:9 oak_planks:5 dirt:4] | F11=221[dirt:45 cobblestone:37 diorite:32] | F12=84[cobblestone:51 andesite:5 dirt:4] | F13=156[sand:12 torch:8 dirt:7] | F14=181[cobblestone:39 dirt:16 leaf_litter:12] | F15=220[cobblestone:118 andesite:20 raw_copper:17] | F16=152[cobblestone:94 coal:17 diorite:14] | F17=217[cobblestone:7 wooden_pickaxe:2 oak_sapling:2] | F18=174[cobblestone:53 leaf_litter:47 dirt:44] | F19=346[cobblestone:43 dirt:12 andesite:6]
   mem: heap=120M/172M old=-1M ext=151M ab=149M rss=433M cols=94 ents=248 evicted=82 path=3a/0q (max 6) stale=0
F19 [F19] climb diag: level at y=66 blocked toward 0,1 (dug=25)
F19 [F19] climb diag: level at y=65 blocked toward -1,0 (dug=25)
F13 [F13] raw hop failed: raw walk timeout after 15155ms (d=11.8) - pathfinder retry
F19 final climb: retry (escalated retry after stalled, 118s fence)
F19 [F19] climb diag: level at y=66 blocked toward 1,0 (dug=0)
F19 [F19] climb diag: level at y=66 blocked toward 0,1 (dug=0)
F11 [F11] climb diag: level at y=64 blocked toward -1,0 (dug=0)
F11 [F11] climb diag: level at y=64 blocked toward 0,-1 (dug=0)
F19 [F19] climb diag: level at y=66 blocked toward -1,0 (dug=0)
F11 [F11] climb diag: level at y=64 blocked toward 1,0 (dug=0)
F19 final climb: failed - stalled
F19 final bank: 0 (still underground after 2 climb attempts - the chain from the shaft bottom is doomed walks)
F11 final climb: retry (escalated retry after stalled, 121s fence)
F11 [F11] climb diag: level at y=64 blocked toward -1,0 (dug=0)
F11 [F11] climb diag: level at y=64 blocked toward 0,-1 (dug=0)
F11 [F11] climb diag: level at y=64 blocked toward 1,0 (dug=0)
F9 [F9] climb diag: level at y=47 blocked toward -1,0 (dug=0, wet) at [0,1,0] water (stop)
F11 final climb: failed - stalled
F11 final bank: 0 (still underground after 2 climb attempts - the chain from the shaft bottom is doomed walks)
F14 [F14] raw hop failed: raw walk timeout after 20233ms (d=9.8) - pathfinder retry
[F4] blast_furnace yard-adjacent (<= 10b) - the doomed consult re-arms every attempt
F14 [F14] direct deposit: 27 chest slots derived from the 63-slot view
F14 camp furnace: no build (machine near)
F8 [F8] climb diag: level at y=57 blocked toward 0,1 (dug=9)
[F4] blast_furnace yard-adjacent (<= 10b) - the doomed consult re-arms every attempt
t-0s alive=19/19 mined=3955 map=1898p/26ch banked=1672 smelted=15 pocket=2377u/262s | sand=64 gravel=10 dirt=305 stone=0
   deficits: 157926/64 (0.0%) 149380/10 (0.0%) 31860/3 (0.0%) 27420/0 (0.0%) 10725/86 (0.8%)
   F1=194[cobblestone:48 oak_log:4 stick:2] | F2=233[oak_log:4 oak_planks:3 wooden_sword:1] | F3=227[torch:20 oak_planks:4 oak_log:2] | F4=292[cobblestone:123 diorite:56 dirt:55] | F5=193[cobblestone:80 dirt:41 andesite:24] | F6=186[cobblestone:110 dirt:24 oak_sapling:6] | F7=185[cobblestone:93 coal:6 diorite:5] | F8=125[cobblestone:53 oak_planks:12 oak_log:7] | F9=295[cobblestone:165 diorite:40 dirt:33] | F10=270[cobblestone:18 oak_planks:5 dirt:4] | F11=221[dirt:45 cobblestone:37 diorite:32] | F12=84[cobblestone:51 andesite:5 dirt:4] | F13=156[sand:12 torch:8 dirt:7] | F14=181[cobblestone:39 oak_log:6 stick:6] | F15=220[cobblestone:118 andesite:20 raw_copper:17] | F16=152[cobblestone:94 coal:17 diorite:14] | F17=217[cobblestone:7 wooden_pickaxe:2 oak_sapling:2] | F18=174[cobblestone:53 leaf_litter:47 dirt:44] | F19=350[cobblestone:43 dirt:13 andesite:6]
   mem: heap=127M/172M old=-1M ext=152M ab=149M rss=431M cols=94 ents=248 evicted=82 path=3a/0q (max 6) stale=0
[F4] furnace slots after put: input=raw_iron fuel=coal
[F4] smelting 1 x raw_iron in a blast_furnace (fuel: 1 x coal)
F16 [F16] raw hop failed: raw walk timeout after 20174ms (d=18.0) - pathfinder retry
[hb] n=36 ts=721s rss=431M late=177ms mainLate=361ms
F18 [F18] raw hop failed: raw walk timeout after 20033ms (d=6.1) - pathfinder retry
F13 [F13] raw hop failed: raw walk timeout after 15141ms (d=11.8) - pathfinder retry
F17 [F17] climb diag: level at y=59 blocked toward 0,-1 (dug=5)
F18 [F18] direct deposit: 27 chest slots derived from the 63-slot view
F18 camp furnace: no build (machine near)
[F18] blast_furnace yard-adjacent (<= 10b) - the doomed consult re-arms every attempt
F5 [F5] climb diag: level at y=64 blocked toward -1,0 (dug=61)
F5 [F5] climb diag: level at y=63 blocked toward 0,-1 (dug=61)
[F4] took 1 x iron_ingot (1/1)
[F4] furnace yard-adjacent (<= 10b) - the doomed consult re-arms every attempt
F1 final climb: OK +0 levels (0 steps, 0 dug, undefineds)
F1 bank: holding 45s of 150s for the smelt leg
F1 bank fallback: none (nothing to deposit)
F1 camp furnace: no build (machine near)
[F14] furnace slots after put: input=cobblestone fuel=coal
[F14] smelting 31 x cobblestone in a furnace (fuel: 2 x coal)
F1 fuel commons: chest holds no fuel
[F18] furnace slots after put: input=raw_iron fuel=coal
[F18] smelting 1 x raw_iron in a blast_furnace (fuel: 1 x coal)
F1 fuel commons: chest holds no fuel
F13 [F13] direct deposit: 27 chest slots derived from the 63-slot view
F13 camp furnace: no build (machine near)
F13 fuel commons: chest holds no fuel
F13 fuel commons: chest walk failed (doomed goal (ledgered 33s ago at [-136,70,397]) - fuel commons walk refused)
F13 fuel commons: chest walk failed (doomed goal (ledgered 34s ago at [-137,70,397]) - fuel commons walk refused)
t-0s alive=19/19 mined=3988 map=1898p/26ch banked=1672 smelted=15 pocket=2276u/257s | sand=67 gravel=10 dirt=280 stone=0
   deficits: 157926/67 (0.0%) 149380/10 (0.0%) 31860/0 (0.0%) 27420/0 (0.0%) 10725/86 (0.8%)
   F1=194[cobblestone:48 oak_log:4 stick:2] | F2=233[oak_log:4 oak_planks:3 wooden_sword:1] | F3=227[torch:20 oak_planks:4 oak_log:2] | F4=292[cobblestone:123 diorite:56 dirt:55] | F5=197[cobblestone:80 dirt:41 andesite:24] | F6=192[cobblestone:110 dirt:29 oak_sapling:6] | F7=185[cobblestone:93 coal:6 diorite:5] | F8=127[cobblestone:53 oak_planks:12 oak_log:7] | F9=295[cobblestone:165 diorite:40 dirt:33] | F10=279[cobblestone:19 dirt:14 oak_planks:5] | F11=221[dirt:45 cobblestone:37 diorite:32] | F12=84[cobblestone:51 andesite:5 dirt:4] | F13=156[sand:12 torch:8 raw_iron:6] | F14=181[cobblestone:39 oak_log:6 stick:6] | F15=220[cobblestone:118 andesite:20 raw_copper:17] | F16=152[cobblestone:94 coal:17 diorite:14] | F17=229[dirt:11 cobblestone:7 wooden_pickaxe:2] | F18=174[cobblestone:51 sand:8 oak_planks:3] | F19=350[cobblestone:43 dirt:13 andesite:6]
   mem: heap=122M/174M old=-1M ext=152M ab=150M rss=431M cols=94 ents=248 evicted=82 path=3a/0q (max 6) stale=0
F1 fuel commons: chest holds no fuel
F16 [F16] hop: chest at [-152,70,397] d=17 zero: chest unreachable (Took to long to decide path to goal!)
F10 [F10] climb diag: level at y=65 blocked toward -1,0 (dug=21)
F1 fuel commons: chest holds no fuel
F10 [F10] climb diag: level at y=64 blocked toward 0,-1 (dug=21)
F10 [F10] climb diag: level at y=64 blocked toward 1,0 (dug=21)
F5 final climb: retry (escalated retry after stalled, 78s fence)
F5 [F5] climb diag: level at y=64 blocked toward 0,1 (dug=0)
F10 final climb: retry (escalated retry after stalled, 100s fence)
F10 [F10] climb diag: level at y=64 blocked toward -1,0 (dug=0)
F5 [F5] climb diag: level at y=64 blocked toward -1,0 (dug=0)
F10 [F10] climb diag: level at y=64 blocked toward 0,-1 (dug=0)
F5 [F5] climb diag: level at y=64 blocked toward 0,-1 (dug=0)
F10 [F10] climb diag: level at y=64 blocked toward 1,0 (dug=0)
F13 fuel commons: chest walk failed (Took to long to decide path to goal!)
F1 fuel commons: the clicks lied - nothing landed in the pocket (ghost clicks)
F5 final climb: failed - stalled
F5 final bank: 0 (still underground after 2 climb attempts - the chain from the shaft bottom is doomed walks)
F15 bank walk path event: path_stop (explicit)
F10 final climb: failed - stalled
F10 final bank: 0 (still underground after 2 climb attempts - the chain from the shaft bottom is doomed walks)
F1 fuel commons: chest holds no fuel
F15 bank: yard walk attempt 2 failed: Error: walk to yard: timeout after 54486.965087890625ms
F15 bank: yard walk failed (walk to yard: timeout after 54486.965087890625ms) - smelting locally if a furnace is near
F15 camp furnace: craft-planks (2 log(s) in pocket - craft planks (largest same-type stack 1/4))
F1 fuel commons: chest holds no fuel
F13 fuel commons: chest walk failed (Took to long to decide path to goal!)
F13 fuel commons: chest walk failed (doomed goal (ledgered 0s ago at [-131,70,415]) - fuel commons walk refused)
[F18] took 1 x iron_ingot (1/1)
[F18] furnace yard-adjacent (<= 10b) - the doomed consult re-arms every attempt
F13 fuel commons: chest walk failed (doomed goal (ledgered 2s ago at [-136,70,415]) - fuel commons walk refused)
F1 fuel commons: chest holds no fuel
[F14] took 1 x stone (1/31)
[F4] furnace yard-adjacent (<= 10b) - the doomed consult re-arms every attempt
[hb] n=37 ts=741s rss=432M late=180ms mainLate=374ms
F17 final climb: OK +7 levels (6 steps, 13 dug, 22s)
F13 fuel commons: chest walk failed (Took to long to decide path to goal!)
F13 smelt: 0 (raw_iron@-: no fuel; raw_copper@-: no fuel; sand@-: no fuel)
F6 final climb: OK +6 levels (5 steps, 9 dug, 17s)
F6 bank: holding 45s of 151s for the smelt leg
[F4] furnace yard-adjacent (<= 10b) - the doomed consult re-arms every attempt
[F1] furnace yard-adjacent (<= 10b) - the doomed consult re-arms every attempt
F15 camp furnace: craft oak_planks: variant#2 attempt0 failed: craft oak_planks: timeout after 7000ms
F15 camp furnace: [tools] closing stale craft window (minecraft:inventory) - grid recovery
[F1] furnace slots after put: input=cobblestone fuel=coal
[F1] smelting 40 x cobblestone in a furnace (fuel: 5 x coal)
F17 [F17] raw hop failed: raw walk stalled after 2025ms (d=10.4) - pathfinder retry
F15 camp furnace: craft storm: 3 consecutive craft timeouts - cooldown 4000ms (server stall?)
F15 camp furnace: craft oak_planks: all 1 variant(s) failed, last: craft oak_planks: timeout after 7000ms
F15 camp furnace: no build (plank craft failed)
F15 smelt: 0 (raw_copper@blast_furnace/furnace: no machine in reach (blast_furnace/furnace within 48b); cobblestone@furnace: no machine in reach (furnace within 48b))
F15 [F15] scan: no chest within 64b (bankable 173)
F15 final bank: 0 (no chest in range)
[F4] furnace yard-adjacent (<= 10b) - the doomed consult re-arms every attempt
t-0s alive=19/19 mined=4009 map=1898p/26ch banked=1672 smelted=15 pocket=2311u/260s | sand=67 gravel=10 dirt=289 stone=0
   deficits: 157926/67 (0.0%) 149380/10 (0.0%) 31860/0 (0.0%) 27420/0 (0.0%) 10725/86 (0.8%)
   F1=194[cobblestone:48 coal:5 oak_log:4] | F2=233[oak_log:4 oak_planks:3 wooden_sword:1] | F3=227[torch:20 oak_planks:4 oak_log:2] | F4=292[cobblestone:123 diorite:56 dirt:55] | F5=197[cobblestone:80 dirt:41 andesite:24] | F6=195[cobblestone:110 dirt:34 oak_sapling:6] | F7=199[cobblestone:102 diorite:9 coal:6] | F8=130[cobblestone:53 oak_planks:12 oak_log:7] | F9=295[cobblestone:165 diorite:40 dirt:33] | F10=279[cobblestone:19 dirt:14 oak_planks:5] | F11=221[dirt:45 cobblestone:37 diorite:32] | F12=84[cobblestone:51 andesite:5 dirt:4] | F13=156[sand:12 torch:8 raw_iron:6] | F14=181[cobblestone:39 oak_log:6 stick:6] | F15=220[cobblestone:118 andesite:20 raw_copper:17] | F16=152[cobblestone:94 coal:17 diorite:14] | F17=230[dirt:14 leaf_litter:7 cobblestone:7] | F18=174[cobblestone:48 sand:8 oak_planks:3] | F19=350[cobblestone:43 dirt:13 andesite:6]
   mem: heap=134M/175M old=-1M ext=155M ab=152M rss=433M cols=94 ents=248 evicted=82 path=3a/0q (max 6) stale=0
F8 final climb: retry (escalated retry after timeout (fenced at 90s - the chain keeps its reserve), 61s fence)
[F14] took 1 x stone (2/31)
[F4] furnace slots after put: input=cobblestone fuel=coal (pocket keeps 50)
[F4] smelting 64 x cobblestone in a furnace (fuel: 2 x coal)
[F18] furnace within reach - opening without a walk
[F18] furnace slots after put: input=cobblestone fuel=coal
[F18] smelting 45 x cobblestone in a furnace (fuel: 1 x coal)
F16 [F16] raw hop failed: raw walk timeout after 20098ms (d=6.0) - pathfinder retry
[F1] took 1 x stone (1/40)
F4 smelted 1 (iron_ingot:1) rescued=0
F13 [F13] raw hop failed: raw walk timeout after 15169ms (d=6.0) - pathfinder retry
F6 [F6] raw hop failed: raw walk timeout after 15089ms (d=6.0) - pathfinder retry
F9 final climb: retry (escalated retry after stalled, 69s fence)
F16 [F16] hop: chest at [-151,70,413] d=16 zero: chest unreachable (Took to long to decide path to goal!)
F6 [F6] direct deposit: 27 chest slots derived from the 63-slot view
[hb] n=38 ts=761s rss=434M late=185ms mainLate=1256ms
F6 camp furnace: no build (machine near)
[F14] took 1 x stone (3/31)
F6 fuel commons: chest walk failed (No path to the goal!)
F6 fuel commons: chest walk failed (doomed goal (ledgered 0s ago at [-156,70,419]) - fuel commons walk refused)
F7 final climb: OK +11 levels (10 steps, 29 dug, 26s)
F7 bank: holding 45s of 169s for the smelt leg
F6 fuel commons: chest walk failed (No path to the goal!)
F6 fuel commons: chest walk failed (doomed goal (ledgered 0s ago at [-156,70,423]) - fuel commons walk refused)
[F18] took 1 x stone (1/45)
t-0s alive=19/19 mined=4029 map=1898p/26ch banked=1672 smelted=16 pocket=2292u/259s | sand=67 gravel=10 dirt=274 stone=0
   deficits: 157926/67 (0.0%) 149380/10 (0.0%) 31860/0 (0.0%) 27420/0 (0.0%) 10725/86 (0.8%)
   F1=194[cobblestone:48 coal:5 oak_log:4] | F2=233[oak_log:4 oak_planks:3 wooden_sword:1] | F3=227[torch:20 oak_planks:4 oak_log:2] | F4=292[cobblestone:123 diorite:56 dirt:55] | F5=197[cobblestone:80 dirt:41 andesite:24] | F6=195[cobblestone:110 oak_sapling:6 oak_planks:4] | F7=214[cobblestone:102 dirt:17 diorite:9] | F8=135[cobblestone:53 oak_planks:12 dirt:8] | F9=295[cobblestone:165 diorite:40 dirt:33] | F10=279[cobblestone:19 dirt:14 oak_planks:5] | F11=221[dirt:45 cobblestone:37 diorite:32] | F12=84[cobblestone:51 andesite:5 dirt:4] | F13=156[sand:12 torch:8 raw_iron:6] | F14=181[cobblestone:39 oak_log:6 stick:6] | F15=220[cobblestone:118 andesite:20 raw_copper:17] | F16=152[cobblestone:94 coal:17 diorite:14] | F17=230[dirt:14 leaf_litter:7 cobblestone:7] | F18=174[cobblestone:46 sand:8 oak_planks:3] | F19=350[cobblestone:43 dirt:13 andesite:6]
   mem: heap=139M/172M old=-1M ext=156M ab=154M rss=434M cols=94 ents=248 evicted=82 path=1a/0q (max 6) stale=0
[F1] took 1 x stone (2/40)
F17 [F17] combat: fighting zombie (dist 4.5, hp 20.0, 1 nearby, proximity)
F6 fuel commons: chest walk failed (No path to the goal!)
F6 fuel commons: chest walk failed (doomed goal (ledgered 0s ago at [-151,70,419]) - fuel commons walk refused)
F6 fuel commons: chest walk failed (doomed goal (ledgered 0s ago at [-151,70,423]) - fuel commons walk refused)
F7 [F7] raw hop failed: raw walk stalled after 2122ms (d=11.1) - pathfinder retry
F9 [F9] climb diag: level at y=47 blocked toward 0,-1 (dug=0, wet) at [0,1,0] water (stop)
F6 fuel commons: chest walk failed (No path to the goal!)
F7 [F7] raw hop failed: raw walk stalled after 2114ms (d=11.1) - pathfinder retry
F6 fuel commons: chest holds no fuel
F6 fuel commons: chest walk failed (doomed goal (ledgered 2s ago at [-151,70,419]) - fuel commons walk refused)
F17 [F17] combat: fighting zombie (dist 0.4, hp 14.2, 1 nearby, proximity)
F10 [F10] combat: fighting zombie (dist 2.8, hp 20.0, 1 nearby, proximity)
F6 fuel commons: chest walk failed (doomed goal (ledgered 4s ago at [-151,70,421]) - fuel commons walk refused)
[F14] took 1 x stone (4/31)
F6 fuel commons: chest walk failed (doomed goal (ledgered 8s ago at [-156,70,417]) - fuel commons walk refused)
F4 [F4] raw hop failed: raw walk timeout after 15575ms (d=11.1) - pathfinder retry
F6 fuel commons: chest walk failed (Took to long to decide path to goal!)
F13 [F13] raw hop failed: raw walk timeout after 15606ms (d=6.0) - pathfinder retry
F6 fuel commons: chest walk failed (doomed goal (ledgered 0s ago at [-146,70,419]) - fuel commons walk refused)
F7 [F7] hop: chest at [-156,70,423] d=8 zero: chest unreachable (Took to long to decide path to goal!)
F16 [F16] raw hop failed: raw walk timeout after 15345ms (d=6.0) - pathfinder retry
F17 [F17] combat: verdict flipped to flee vs zombie (hp 6.2)
F17 [F17] combat: shelter try vs zombie (dist 1.3, proximity re-verdict)
F17 [F17] combat: shelter skip (open field: no diggable wall, zombie@1.3)
F17 [F17] combat: shelter ring try vs zombie (dist 1.3, -z+x-x+z first, proximity re-verdict)
[F18] took 1 x stone (2/45)
F17 [F17] raw hop failed: raw walk timeout after 15478ms (d=6.0) - pathfinder retry
[F1] took 1 x stone (3/40)
F16 [F16] direct deposit: 27 chest slots derived from the 63-slot view
F16 camp furnace: no build (machine near)
F6 fuel commons: chest walk failed (Took to long to decide path to goal!)
F19 [F19] combat: fighting spider (dist 2.7, hp 11.7, 1 nearby, proximity)
F6 fuel commons: chest walk failed (doomed goal (ledgered 1s ago at [-146,70,423]) - fuel commons walk refused)
F6 smelt: 0 (cobblestone@-: no fuel; sand@-: no fuel)
F8 [F8] combat: shelter try vs skeleton (dist 3.6, sentry pre-fight)
t-0s alive=19/19 mined=4037 map=1898p/26ch banked=1672 smelted=16 pocket=2268u/257s | sand=67 gravel=10 dirt=269 stone=0
   deficits: 157926/67 (0.0%) 149380/10 (0.0%) 31860/0 (0.0%) 27420/0 (0.0%) 10725/84 (0.8%)
   F1=194[cobblestone:48 coal:5 oak_log:4] | F2=233[oak_log:4 oak_planks:3 wooden_sword:1] | F3=227[torch:20 oak_planks:4 oak_log:2] | F4=292[cobblestone:123 diorite:56 dirt:55] | F5=197[cobblestone:80 dirt:41 andesite:24] | F6=195[cobblestone:110 oak_sapling:6 oak_planks:4] | F7=214[cobblestone:102 dirt:18 diorite:9] | F8=143[cobblestone:53 dirt:15 oak_planks:12] | F9=295[cobblestone:165 diorite:40 dirt:33] | F10=279[cobblestone:19 dirt:14 oak_planks:5] | F11=221[dirt:45 cobblestone:37 diorite:32] | F12=84[cobblestone:51 andesite:5 dirt:4] | F13=156[sand:12 torch:8 raw_iron:6] | F14=181[cobblestone:39 oak_log:6 stick:6] | F15=220[cobblestone:118 andesite:20 raw_copper:17] | F16=152[cobblestone:94 sand:7 coal:6] | F17=230[dirt:14 leaf_litter:7 cobblestone:7] | F18=174[cobblestone:46 sand:8 oak_planks:3] | F19=350[cobblestone:43 dirt:13 andesite:6]
   mem: heap=134M/173M old=-1M ext=153M ab=151M rss=434M cols=94 ents=248 evicted=82 path=3a/0q (max 6) stale=0
F13 [F13] hop: chest at [-141,70,415] d=6 zero: chest unreachable (Took to long to decide path to goal!)
F19 [F19] combat: verdict flipped to flee vs spider (hp 7.7)
F19 [F19] combat: shelter try vs spider (dist 1.4, proximity re-verdict)
F19 [F19] combat: shelter skip (open field: no diggable wall, spider@1.4)
F19 [F19] combat: shelter ring try vs spider (dist 1.4, -x-z+z+x first, proximity re-verdict)
[hb] n=39 ts=781s rss=434M late=189ms mainLate=1048ms
[F14] took 1 x stone (5/31)
F9 [F9] climb diag: level at y=47 blocked toward 1,0 (dug=0, wet) at [0,1,0] water (stop)
F17 [F17] hop: chest at [-126,70,413] d=10 zero: chest unreachable (Took to long to decide path to goal!)
F19 [F19] died - respawning (cause: spider@1.7 (0s before death at [-105,66,427]))
F19 [F19] water: death spot memorized as a hazard at [-105,66,427] (1 live, fleet-wide)
F8 [F8] climb diag: level at y=63 blocked toward 0,1 (dug=13)
F4 [F4] hop: chest at [-137,70,397] d=6 zero: chest unreachable (No path to the goal!)
F4 [F4] hop: chest at [-136,70,413] d=16 zero: chest unreachable (budget exhausted (walk floor))
F4 [F4] hop: chest at [-131,70,413] d=16 zero: chest unreachable (budget exhausted (walk floor))
F4 [F4] hop: chest at [-152,70,397] d=19 zero: chest unreachable (budget exhausted (walk floor))
F4 [F4] hop: chest at [-136,70,415] d=18 zero: chest unreachable (budget exhausted (walk floor))
F4 final bank: 0 (chest unreachable (budget exhausted (walk floor)))
[F18] took 1 x stone (3/45)
F17 [F17] combat: shelter skip (open field: ring incomplete 6/8)
F8 [F8] climb: walkable surface at y=64 (+6 levels, dug=14) - the walk takes over (blocked step)
F8 final climb: OK +6 levels (6 steps, 14 dug, undefineds)
F8 bank: holding 45s of 179s for the smelt leg
F19 [F19] combat: shelter skip (open field: ring incomplete 3/8)
F8 [F8] combat: sheltering from skeleton (seal dirt, sentry pre-fight)
[F1] took 1 x stone (4/40)
F8 [F8] died - respawning (cause: spider@1.5 (0s before death at [-150,64,457]))
F8 [F8] water: death spot memorized as a hazard at [-150,64,457] (2 live, fleet-wide)
[F16] furnace yard-adjacent (<= 10b) - the doomed consult re-arms every attempt
[F14] took 1 x stone (6/31)
F7 [F7] raw hop failed: raw walk timeout after 15149ms (d=6.1) - pathfinder retry
F9 [F9] climb diag: level at y=47 blocked toward 0,1 (dug=0, wet) at [0,1,0] water (stop)
F6 [F6] raw hop failed: raw walk timeout after 15172ms (d=6.0) - pathfinder retry
[F18] took 1 x stone (4/45)
t-0s alive=19/19 mined=4038 map=1898p/26ch banked=1672 smelted=16 pocket=2082u/233s | sand=67 gravel=10 dirt=235 stone=0
   deficits: 157926/67 (0.0%) 149380/10 (0.0%) 31860/0 (0.0%) 27420/0 (0.0%) 10725/78 (0.7%)
   F1=194[cobblestone:48 coal:5 oak_log:4] | F2=233[oak_log:4 oak_planks:3 wooden_sword:1] | F3=227[torch:20 oak_planks:4 oak_log:2] | F4=292[cobblestone:123 diorite:56 dirt:55] | F5=197[cobblestone:80 dirt:41 andesite:24] | F6=195[cobblestone:110 oak_sapling:6 oak_planks:4] | F7=214[cobblestone:102 dirt:18 diorite:9] | F8=144[empty] | F9=295[cobblestone:165 diorite:40 dirt:33] | F10=279[cobblestone:19 dirt:14 oak_planks:5] | F11=221[dirt:45 cobblestone:37 diorite:32] | F12=84[cobblestone:51 andesite:5 dirt:4] | F13=156[sand:12 torch:8 raw_iron:6] | F14=181[cobblestone:39 oak_log:6 stick:6] | F15=220[cobblestone:118 andesite:20 raw_copper:17] | F16=152[cobblestone:94 sand:7 coal:6] | F17=230[dirt:8 leaf_litter:7 cobblestone:7] | F18=174[cobblestone:46 sand:8 oak_planks:3] | F19=350[empty]
   mem: heap=129M/175M old=-1M ext=160M ab=157M rss=439M cols=94 ents=248 evicted=82 path=0a/0q (max 6) stale=0
F13 [F13] raw hop failed: raw walk timeout after 15040ms (d=6.0) - pathfinder retry
[F1] took 1 x stone (5/40)
F17 [F17] raw hop failed: raw walk timeout after 15097ms (d=7.1) - pathfinder retry
[F16] furnace yard-adjacent (<= 10b) - the doomed consult re-arms every attempt
[F14] took 1 x stone (7/31)
[hb] n=40 ts=801s rss=439M late=194ms mainLate=1770ms
[F18] took 1 x stone (5/45)
[F16] furnace slots after put: input=cobblestone fuel=coal (pocket keeps 22)
[F16] smelting 64 x cobblestone in a furnace (fuel: 6 x coal)
F7 [F7] raw hop failed: raw walk timeout after 15160ms (d=5.0) - pathfinder retry
[F1] took 1 x stone (6/40)
F14 smelted 7 (stone:7) rescued=0
F13 [F13] direct deposit: 27 chest slots derived from the 63-slot view
F13 final bank: +29
F6 [F6] raw hop failed: raw walk timeout after 15437ms (d=6.0) - pathfinder retry
t-0s alive=19/19 mined=4038 map=1898p/26ch banked=1701 smelted=23 pocket=2066u/231s | sand=55 gravel=10 dirt=235 stone=7
   deficits: 157926/55 (0.0%) 149380/10 (0.0%) 31860/0 (0.0%) 27420/0 (0.0%) 10725/78 (0.7%)
   F1=194[cobblestone:48 coal:5 oak_log:4] | F2=233[oak_log:4 oak_planks:3 wooden_sword:1] | F3=227[torch:20 oak_planks:4 oak_log:2] | F4=292[cobblestone:123 diorite:56 dirt:55] | F5=197[cobblestone:80 dirt:41 andesite:24] | F6=195[cobblestone:110 oak_sapling:6 oak_planks:4] | F7=214[cobblestone:102 dirt:18 diorite:9] | F8=144[empty] | F9=295[cobblestone:165 diorite:40 dirt:33] | F10=279[cobblestone:19 dirt:14 oak_planks:5] | F11=221[dirt:45 cobblestone:37 diorite:32] | F12=84[cobblestone:51 andesite:5 dirt:4] | F13=156[torch:8 raw_iron:6 stick:2] | F14=181[cobblestone:32 stone:7 oak_log:6] | F15=220[cobblestone:118 andesite:20 raw_copper:17] | F16=152[cobblestone:94 sand:7 coal:6] | F17=230[dirt:8 cobblestone:7 leaf_litter:7] | F18=174[cobblestone:46 sand:8 oak_planks:3] | F19=350[empty]
   mem: heap=141M/181M old=-1M ext=158M ab=155M rss=443M cols=94 ents=248 evicted=82 path=1a/0q (max 6) stale=0
F17 [F17] direct deposit: 27 chest slots derived from the 63-slot view
F7 [F7] hop: chest at [-151,70,423] d=10 zero: chest unreachable (Took to long to decide path to goal!)
F17 [F17] direct deposit: 27 chest slots derived from the 63-slot view
F17 camp furnace: no build (machine near)
F17 smelt: 0 (nothing to smelt)
F17 final bank: +32
F14 [F14] direct deposit: 27 chest slots derived from the 63-slot view
F14 final bank: +81
F16 smelt: 0 (cobblestone@furnace: machine unreachable (doomed goal (ledgered 1s ago at [-150,70,397]) - walk to furnace refused); cobblestone@furnace: machine unreachable (doomed goal (ledgered 1s ago at [-148,70,397]) - walk to furnace refused); cobblestone@furnace: cannot open (open furnace: timeout after 10000ms); cobblestone@furnace: timeout)
F9 final climb: failed - stalled [stage 1]
F9 final bank: 0 (still underground after 2 climb attempts - the chain from the shaft bottom is doomed walks)
F6 [F6] hop: chest at [-146,70,419] d=6 zero: chest unreachable (Took to long to decide path to goal!)
F6 final bank: +40
F18 smelted 6 (iron_ingot:1 stone:5) rescued=0
[F1] took 1 x stone (7/40)
F16 [F16] raw hop failed: raw walk stalled after 2250ms (d=10.1) - pathfinder retry
F16 [F16] hop: chest at [-152,70,397] d=13 zero: chest unreachable (No path to the goal!)
F1 smelted 7 (stone:7) rescued=0
F1 [F1] direct deposit: 27 chest slots derived from the 63-slot view
F1 [F1] direct deposit: 27 chest slots derived from the 63-slot view
F1 final bank: +61
[hb] n=41 ts=821s rss=446M late=198ms mainLate=749ms
F18 [F18] direct deposit: 27 chest slots derived from the 63-slot view
F18 final bank: +171
t-0s alive=19/19 mined=4038 map=1898p/26ch banked=2086 smelted=36 pocket=1893u/219s | sand=47 gravel=10 dirt=227 stone=0
   deficits: 157926/47 (0.0%) 149380/10 (0.0%) 31860/0 (0.0%) 27420/0 (0.0%) 10725/78 (0.7%)
   F1=194[oak_log:4 stick:2 oak_planks:2] | F2=233[oak_log:4 oak_planks:3 wooden_sword:1] | F3=227[torch:20 oak_planks:4 oak_log:2] | F4=292[cobblestone:123 diorite:56 dirt:55] | F5=197[cobblestone:80 dirt:41 andesite:24] | F6=195[cobblestone:110 oak_sapling:6 oak_planks:4] | F7=214[cobblestone:102 dirt:18 diorite:9] | F8=144[empty] | F9=295[cobblestone:165 diorite:40 dirt:33] | F10=279[cobblestone:19 dirt:14 oak_planks:5] | F11=221[dirt:45 cobblestone:37 diorite:32] | F12=84[cobblestone:51 andesite:5 dirt:4] | F13=156[torch:8 raw_iron:6 stick:2] | F14=181[oak_log:6 stick:6 oak_planks:4] | F15=220[cobblestone:118 andesite:20 raw_copper:17] | F16=152[cobblestone:94 sand:7 coal:6] | F17=230[wooden_pickaxe:2 oak_sapling:2 oak_log:2] | F18=174[oak_planks:3 oak_log:3 iron_ingot:1] | F19=350[empty]
   mem: heap=135M/176M old=-1M ext=159M ab=156M rss=448M cols=94 ents=248 evicted=82 path=0a/0q (max 6) stale=0
F7 [F7] raw hop failed: raw walk timeout after 15014ms (d=6.0) - pathfinder retry
F7 [F7] hop: chest at [-146,70,423] d=8 zero: chest unreachable (Took to long to decide path to goal!)
F7 bank: chest unreachable (Took to long to decide path to goal!) (25 blocks from yard) - walking back
F7 bank: yard walk arrived in 0s (1 attempt)
F7 camp furnace: no build (machine near)
[F7] furnace slots after put: input=cobblestone fuel=coal (pocket keeps 30)
[F7] smelting 64 x cobblestone in a furnace (fuel: 6 x coal)
F16 [F16] raw hop failed: raw walk timeout after 20216ms (d=6.0) - pathfinder retry
t-0s alive=19/19 mined=4038 map=1898p/26ch banked=2086 smelted=36 pocket=1893u/219s | sand=47 gravel=10 dirt=227 stone=0
   deficits: 157926/47 (0.0%) 149380/10 (0.0%) 31860/0 (0.0%) 27420/0 (0.0%) 10725/78 (0.7%)
   F1=194[oak_log:4 stick:2 oak_planks:2] | F2=233[oak_log:4 oak_planks:3 wooden_sword:1] | F3=227[torch:20 oak_planks:4 oak_log:2] | F4=292[cobblestone:123 diorite:56 dirt:55] | F5=197[cobblestone:80 dirt:41 andesite:24] | F6=195[cobblestone:110 oak_sapling:6 oak_planks:4] | F7=214[cobblestone:102 dirt:18 diorite:9] | F8=144[empty] | F9=295[cobblestone:165 diorite:40 dirt:33] | F10=279[cobblestone:19 dirt:14 oak_planks:5] | F11=221[dirt:45 cobblestone:37 diorite:32] | F12=84[cobblestone:51 andesite:5 dirt:4] | F13=156[torch:8 raw_iron:6 stick:2] | F14=181[oak_log:6 stick:6 oak_planks:4] | F15=220[cobblestone:118 andesite:20 raw_copper:17] | F16=152[cobblestone:94 sand:7 coal:6] | F17=230[wooden_pickaxe:2 oak_sapling:2 oak_log:2] | F18=174[oak_planks:3 oak_log:3 iron_ingot:1] | F19=350[empty]
   mem: heap=141M/176M old=-1M ext=159M ab=156M rss=444M cols=94 ents=248 evicted=82 path=1a/0q (max 6) stale=0
[hb] n=42 ts=841s rss=444M late=203ms mainLate=627ms
F16 [F16] hop: chest at [-146,70,413] d=17 zero: chest unreachable (Took to long to decide path to goal!)
F16 final bank: +42
F8 [F8] approach: 4 segment(s) walked in 61.0s, goal now d=30.8 (still outside - a segment stalled (no position delta))
[F7] took 1 x stone (1/94)
t-0s alive=19/19 mined=4038 map=1898p/26ch banked=2128 smelted=36 pocket=1893u/219s | sand=47 gravel=10 dirt=227 stone=0
   deficits: 157926/47 (0.0%) 149380/10 (0.0%) 31860/0 (0.0%) 27420/0 (0.0%) 10725/78 (0.7%)
   F1=194[oak_log:4 stick:2 oak_planks:2] | F2=233[oak_log:4 oak_planks:3 wooden_sword:1] | F3=227[torch:20 oak_planks:4 oak_log:2] | F4=292[cobblestone:123 diorite:56 dirt:55] | F5=197[cobblestone:80 dirt:41 andesite:24] | F6=195[cobblestone:110 oak_sapling:6 oak_planks:4] | F7=214[cobblestone:102 dirt:18 diorite:9] | F8=144[empty] | F9=295[cobblestone:165 diorite:40 dirt:33] | F10=279[cobblestone:19 dirt:14 oak_planks:5] | F11=221[dirt:45 cobblestone:37 diorite:32] | F12=84[cobblestone:51 andesite:5 dirt:4] | F13=156[torch:8 raw_iron:6 stick:2] | F14=181[oak_log:6 stick:6 oak_planks:4] | F15=220[cobblestone:118 andesite:20 raw_copper:17] | F16=152[cobblestone:94 sand:7 coal:6] | F17=230[wooden_pickaxe:2 oak_sapling:2 oak_log:2] | F18=174[oak_planks:3 oak_log:3 iron_ingot:1] | F19=350[empty]
   mem: heap=132M/177M old=-1M ext=159M ab=157M rss=444M cols=94 ents=248 evicted=82 path=0a/0q (max 6) stale=0
[F7] took 1 x stone (2/94)
[hb] n=43 ts=861s rss=444M late=207ms mainLate=659ms
F8 [F8] raw hop failed: raw walk timeout after 20102ms (d=29.6) - pathfinder retry
F8 [F8] hop: chest at [-151,70,423] d=37 zero: chest unreachable (No path to the goal!)
F8 bank: chest unreachable (No path to the goal!) (33 blocks from yard) - walking back
[F7] took 1 x stone (3/94)
t-0s alive=19/19 mined=4038 map=1898p/26ch banked=2128 smelted=36 pocket=1893u/219s | sand=47 gravel=10 dirt=227 stone=0
   deficits: 157926/47 (0.0%) 149380/10 (0.0%) 31860/0 (0.0%) 27420/0 (0.0%) 10725/78 (0.7%)
   F1=194[oak_log:4 stick:2 oak_planks:2] | F2=233[oak_log:4 oak_planks:3 wooden_sword:1] | F3=227[torch:20 oak_planks:4 oak_log:2] | F4=292[cobblestone:123 diorite:56 dirt:55] | F5=197[cobblestone:80 dirt:41 andesite:24] | F6=195[cobblestone:110 oak_sapling:6 oak_planks:4] | F7=214[cobblestone:102 dirt:18 diorite:9] | F8=144[empty] | F9=295[cobblestone:165 diorite:40 dirt:33] | F10=279[cobblestone:19 dirt:14 oak_planks:5] | F11=221[dirt:45 cobblestone:37 diorite:32] | F12=84[cobblestone:51 andesite:5 dirt:4] | F13=156[torch:8 raw_iron:6 stick:2] | F14=181[oak_log:6 stick:6 oak_planks:4] | F15=220[cobblestone:118 andesite:20 raw_copper:17] | F16=152[cobblestone:94 sand:7 coal:6] | F17=230[wooden_pickaxe:2 oak_sapling:2 oak_log:2] | F18=174[oak_planks:3 oak_log:3 iron_ingot:1] | F19=350[empty]
   mem: heap=130M/176M old=-1M ext=159M ab=156M rss=441M cols=94 ents=248 evicted=82 path=1a/0q (max 6) stale=0
[F7] took 1 x stone (4/94)
F8 bank: yard walk arrived in 11s (1 attempt)
F8 camp furnace: no build (machine near)
F8 smelt: 0 (nothing to smelt)
F8 final bank: 0 (nothing to deposit)
[hb] n=44 ts=881s rss=446M late=211ms mainLate=189ms
t-0s alive=19/19 mined=4038 map=1898p/26ch banked=2128 smelted=36 pocket=1893u/219s | sand=47 gravel=10 dirt=227 stone=0
   deficits: 157926/47 (0.0%) 149380/10 (0.0%) 31860/0 (0.0%) 27420/0 (0.0%) 10725/78 (0.7%)
   F1=194[oak_log:4 stick:2 oak_planks:2] | F2=233[oak_log:4 oak_planks:3 wooden_sword:1] | F3=227[torch:20 oak_planks:4 oak_log:2] | F4=292[cobblestone:123 diorite:56 dirt:55] | F5=197[cobblestone:80 dirt:41 andesite:24] | F6=195[cobblestone:110 oak_sapling:6 oak_planks:4] | F7=214[cobblestone:102 dirt:18 diorite:9] | F8=144[empty] | F9=295[cobblestone:165 diorite:40 dirt:33] | F10=279[cobblestone:19 dirt:14 oak_planks:5] | F11=221[dirt:45 cobblestone:37 diorite:32] | F12=84[cobblestone:51 andesite:5 dirt:4] | F13=156[torch:8 raw_iron:6 stick:2] | F14=181[oak_log:6 stick:6 oak_planks:4] | F15=220[cobblestone:118 andesite:20 raw_copper:17] | F16=152[cobblestone:94 sand:7 coal:6] | F17=230[wooden_pickaxe:2 oak_sapling:2 oak_log:2] | F18=174[oak_planks:3 oak_log:3 iron_ingot:1] | F19=350[empty]
   mem: heap=129M/176M old=-1M ext=159M ab=156M rss=446M cols=94 ents=248 evicted=82 path=0a/0q (max 6) stale=0
[F7] took 1 x stone (5/94)
F10 [F10] combat: fighting skeleton (dist 11.5, hp 14.0, 1 nearby, sentry)
[F7] took 1 x stone (6/94)
t-0s alive=19/19 mined=4038 map=1898p/26ch banked=2128 smelted=36 pocket=1895u/220s | sand=47 gravel=10 dirt=227 stone=0
   deficits: 157926/47 (0.0%) 149380/10 (0.0%) 31860/0 (0.0%) 27420/0 (0.0%) 10725/78 (0.7%)
   F1=194[oak_log:4 stick:2 oak_planks:2] | F2=233[oak_log:4 oak_planks:3 wooden_sword:1] | F3=227[torch:20 oak_planks:4 oak_log:2] | F4=292[cobblestone:123 diorite:56 dirt:55] | F5=197[cobblestone:80 dirt:41 andesite:24] | F6=195[cobblestone:110 oak_sapling:6 oak_planks:4] | F7=214[cobblestone:102 dirt:18 diorite:9] | F8=144[empty] | F9=295[cobblestone:165 diorite:40 dirt:33] | F10=279[cobblestone:19 dirt:14 oak_planks:5] | F11=221[dirt:45 cobblestone:37 diorite:32] | F12=84[cobblestone:51 andesite:5 dirt:4] | F13=156[torch:8 raw_iron:6 stick:2] | F14=181[oak_log:6 stick:6 oak_planks:4] | F15=220[cobblestone:118 andesite:20 raw_copper:17] | F16=152[cobblestone:94 sand:7 coal:6] | F17=230[wooden_pickaxe:2 oak_sapling:2 oak_log:2] | F18=174[oak_planks:3 oak_log:3 iron_ingot:1] | F19=350[empty]
   mem: heap=138M/177M old=-1M ext=159M ab=157M rss=441M cols=94 ents=248 evicted=82 path=0a/0q (max 6) stale=0
[hb] n=45 ts=901s rss=444M late=216ms mainLate=35ms
F7 smelted 6 (stone:6) rescued=0
F10 [F10] died - respawning (cause: spider@1.4 (0s before death at [-125,64,441]))
F10 [F10] water: death spot memorized as a hazard at [-125,64,441] (2 live, fleet-wide)
t-0s alive=19/19 mined=4038 map=1898p/26ch banked=2128 smelted=42 pocket=1832u/206s | sand=47 gravel=10 dirt=213 stone=6
   deficits: 157926/47 (0.0%) 149380/10 (0.0%) 31860/0 (0.0%) 27420/0 (0.0%) 10725/78 (0.7%)
   F1=194[oak_log:4 stick:2 oak_planks:2] | F2=233[oak_log:4 oak_planks:3 wooden_sword:1] | F3=227[torch:20 oak_planks:4 oak_log:2] | F4=292[cobblestone:123 diorite:56 dirt:55] | F5=197[cobblestone:80 dirt:41 andesite:24] | F6=195[cobblestone:110 oak_sapling:6 oak_planks:4] | F7=214[cobblestone:96 dirt:18 diorite:9] | F8=144[empty] | F9=295[cobblestone:165 diorite:40 dirt:33] | F10=279[empty] | F11=221[dirt:45 cobblestone:37 diorite:32] | F12=84[cobblestone:51 andesite:5 dirt:4] | F13=156[torch:8 raw_iron:6 stick:2] | F14=181[oak_log:6 stick:6 oak_planks:4] | F15=220[cobblestone:118 andesite:20 raw_copper:17] | F16=152[cobblestone:94 sand:7 coal:6] | F17=230[wooden_pickaxe:2 oak_sapling:2 oak_log:2] | F18=174[oak_planks:3 oak_log:3 iron_ingot:1] | F19=350[empty]
   mem: heap=133M/177M old=-1M ext=161M ab=159M rss=447M cols=94 ents=248 evicted=82 path=0a/0q (max 6) stale=0
F7 [F7] raw hop failed: raw walk timeout after 15043ms (d=7.0) - pathfinder retry
F7 [F7] direct deposit: 27 chest slots derived from the 63-slot view
F7 [F7] direct deposit: 27 chest slots derived from the 63-slot view
F7 final bank: +181
================ FLEET RESULT (normal end - deadline 600s reached) ================
bots=19 spawned=19 reconnects=5 kicks=0 tools=17 recovered=8 reboots=0 upgraded=22 swords=17 alive=19 climbs=25 banked=2309 smelted=42 planted=10 torched=9 fights=11 shelters=1 rescues=36 airGlitches=0 claims=12 claimedHolds=0 wet=2 wt=2
server guard: losses=0 (window 0/10) relogins=24 probe=n/a dead=no revives=0 restarts=0
pickaxe tiers at end: wooden_pickaxe,stone_pickaxe,iron_pickaxe -> wooden=21 stone=18 iron=0
blocks mined: 4038 in ~600s = 6.73 blocks/s (404/min)
loot ledger: mined=4038 banked=2309 smelted=42 pocket=1694u/199s accounted=4045 unaccounted=0 conversion=100.2%
  sand          collected      47 (0.030% of 157,926)
  gravel        collected      10 (0.007% of 149,380)
  dirt          collected     195
  stone         collected     778 (11.621% of 6,695)
materials: {"oak_log":191,"grass_block":110,"dirt":516,"stone":1834,"diorite":338,"copper_ore":178,"gravel":54,"iron_ore":41,"granite":127,"andesite":199,"lapis_ore":2,"birch_log":49,"coal_ore":279,"oak_leaves":30,"sand":71,"sandstone":15,"birch_leaves":4}
kicks handled: 0 (reconnect attempts: 5)
no-path ledger: 5 live verdict(s) at end phase
full-chest ledger: 0 live verdict(s) at end phase
doomed-goal ledger: 208 recorded, 475 re-issues refused at the funnel, 10 re-dooms absorbed (the v0.96.0 backoff - the storm can no longer out-pace the ttl), 6 live at end phase (v0.72.0 spiral breaker)
walk governor: 4 stall(s) opened, 85 churn re-issues refused (v0.74.0 churn breaker - goals queued+done with zero progress during the run68-class storms)
fleet churn ceiling: 0 open(s), 0 aggregate re-issues refused (v0.77.0 - the per-bot limit leaves the fleet-wide burst unbounded)
alloc valve: 0 close(s) (0 by the worker probe), 0 strike(s), 0 long walks refused, 0 short walks passed while closed, 0 aquifer-gate refusals (v0.105.0 one valve two feeders + the aquifer gate - the run93 fix: the ticker feeds the consulted singleton, the worker's probe verdict rides the storm cell for the freeze class, and while closed the near exemption refuses live-hazard goals - near is not cheap in a flooded region)
worldmap: 1898 positions, 26 chunks scanned, top: coal_ore=622 copper_ore=369 oak_log=337 sand=299 iron_ore=129
report: data/fleet-report.json written
plan progress: 2/31 resources complete
