launching 19 bots for 600s -> targets sand, gravel, dirt, stone
[hb] n=1 ts=21s rss=250M late=5ms mainLate=0ms
[hb] n=2 ts=41s rss=319M late=10ms mainLate=564ms
[hb] n=3 ts=61s rss=371M late=15ms mainLate=633ms
t-531s alive=19/19 mined=47 map=205p/6ch banked=0 smelted=0 pocket=25u/7s | sand=0 gravel=0 dirt=0 stone=0
   deficits: 157926/0 (0.0%) 149380/0 (0.0%) 31860/0 (0.0%) 27420/0 (0.0%) 10725/0 (0.0%)
   F1=10[oak_log:8 birch_log:5] | F2=5[empty] | F3=0[empty] | F4=0[empty] | F5=7[oak_log:4 stick:2] | F6=0[empty] | F7=0[empty] | F8=4[empty] | F9=4[empty] | F10=6[birch_log:3] | F11=4[birch_log:1] | F12=4[empty] | F13=1[empty] | F14=0[empty] | F15=1[oak_log:2] | F16=0[empty] | F17=1[empty] | F18=0[empty] | F19=0[empty]
   mem: heap=115M/139M old=-1M ext=132M ab=129M rss=374M cols=2054 ents=2040 evicted=209 path=6a/9q (max 6) stale=0
[hb] n=4 ts=81s rss=375M late=22ms mainLate=845ms
t-516s alive=19/19 mined=70 map=240p/7ch banked=0 smelted=0 pocket=71u/18s | sand=0 gravel=0 dirt=0 stone=0
   deficits: 157926/0 (0.0%) 149380/0 (0.0%) 31860/0 (0.0%) 27420/0 (0.0%) 10725/0 (0.0%)
   F1=10[oak_planks:12 birch_planks:6 oak_log:5] | F2=9[oak_log:9] | F3=3[empty] | F4=0[empty] | F5=7[oak_log:4 stick:2] | F6=0[empty] | F7=0[empty] | F8=4[birch_log:4 oak_log:4 oak_sapling:1] | F9=4[empty] | F10=6[birch_log:3] | F11=4[birch_log:1] | F12=4[oak_log:4] | F13=3[empty] | F14=2[oak_log:4 oak_sapling:2] | F15=1[oak_log:2] | F16=0[empty] | F17=4[empty] | F18=5[empty] | F19=4[empty]
   mem: heap=116M/141M old=-1M ext=135M ab=133M rss=372M cols=2076 ents=2116 evicted=285 path=6a/4q (max 6) stale=0
F1 [F1] craft torches: stick-dry but 14 planks held - one stick batch first
F1 [F1] craft torches: skip (no coal: sticks 4 coals 0)
F1 dir=(1.00,0.00) logs=7 tools=wooden_pickaxe
F1 spare pick due: spare (planks available)
F1 spare pick: OK (wooden_pickaxe, holds 2)
F1 sword due: planks available
t-501s alive=19/19 mined=111 map=261p/7ch banked=0 smelted=0 pocket=134u/38s | sand=0 gravel=0 dirt=2 stone=0
   deficits: 157926/0 (0.0%) 149380/0 (0.0%) 31860/0 (0.0%) 27420/0 (0.0%) 10725/0 (0.0%)
   F1=10[oak_planks:9 oak_log:5 stick:2] | F2=9[oak_planks:12 oak_log:8 birch_planks:6] | F3=8[oak_log:5 birch_log:4] | F4=5[empty] | F5=7[oak_log:4 stick:2] | F6=4[empty] | F7=5[empty] | F8=4[oak_planks:12 birch_planks:6 stick:4] | F9=4[empty] | F10=9[birch_log:3] | F11=6[birch_log:1] | F12=8[oak_log:9] | F13=5[dirt:1 oak_sapling:1] | F14=5[oak_log:7 oak_sapling:2 stick:2] | F15=1[oak_log:2] | F16=2[empty] | F17=6[oak_log:3] | F18=8[oak_log:1] | F19=5[oak_log:4 oak_sapling:1]
   mem: heap=108M/143M old=-1M ext=129M ab=127M rss=378M cols=2033 ents=2067 evicted=380 path=6a/1q (max 6) stale=0
F1 sword: OK (wooden_sword, holds 1)
F1 sword: OK (wooden_sword)
F1 [F1] craft torches: stick-dry but 7 planks held - one stick batch first
[hb] n=5 ts=101s rss=375M late=27ms mainLate=765ms
F1 [F1] craft torches: skip (no coal: sticks 5 coals 0)
F2 [F2] craft torches: stick-dry but 14 planks held - one stick batch first
F8 [F8] craft torches: stick-dry but 14 planks held - one stick batch first
F2 [F2] craft torches: skip (no coal: sticks 4 coals 0)
F8 [F8] craft torches: skip (no coal: sticks 4 coals 0)
F8 dir=(-0.68,0.74) logs=2 tools=wooden_pickaxe
F8 spare pick due: spare (planks available)
F1 tunnel: steering coal_ore @ 13.2b (axis x+, cross 0.49958084451594686, ore detour)
F1 tunnel: 0 blocks (branch mine at the floor, steered, ore detour)
F1 [F1] craft torches: skip (no coal: sticks 5 coals 0)
F1 tunnel: steering iron_ore @ 8.3b (axis x+, cross 1.4995808445159469, floor lock)
F1 tunnel: 0 blocks (branch mine at the floor, steered, floor lock)
F8 spare pick: OK (wooden_pickaxe, holds 2)
F8 sword due: planks available
F8 sword: OK (wooden_sword, holds 1)
F8 sword: OK (wooden_sword)
F8 [F8] craft torches: stick-dry but 7 planks held - one stick batch first
F8 [F8] craft torches: skip (no coal: sticks 5 coals 0)
F1 [F1] craft torches: skip (no coal: sticks 5 coals 0)
F5 [F5] craft torches: stick-dry with logs held - one plank conversion first
F5 [F5] craft torches: stick-dry but 6 planks held - one stick batch first
F5 [F5] craft torches: skip (no coal: sticks 6 coals 0)
F8 [F8] torch: the placement did not land (dry) x1 - the streak names itself once, a landing re-arms it
t-485s alive=19/19 mined=148 map=303p/7ch banked=0 smelted=0 pocket=192u/63s | sand=0 gravel=0 dirt=10 stone=0
   deficits: 157926/0 (0.0%) 149380/0 (0.0%) 31860/0 (0.0%) 27420/0 (0.0%) 10725/0 (0.0%)
   F1=15[oak_log:5 oak_planks:5 stick:5] | F2=9[oak_planks:12 oak_log:8 stick:4] | F3=8[oak_planks:12 birch_planks:6 stick:4] | F4=5[birch_log:1 oak_log:1] | F5=7[stick:6 oak_planks:4 crafting_table:1] | F6=9[empty] | F7=5[oak_log:2] | F8=14[cobblestone:6 oak_planks:5 stick:5] | F9=6[empty] | F10=12[birch_log:3 oak_sapling:1] | F11=8[oak_log:2 leaf_litter:2 birch_log:1] | F12=8[oak_log:7 oak_planks:6 stick:4] | F13=9[dirt:1 oak_sapling:1] | F14=8[oak_log:8 oak_sapling:2 stick:2] | F15=1[oak_log:3] | F16=4[oak_log:6] | F17=7[oak_log:5] | F18=8[oak_log:1] | F19=5[oak_log:6 oak_sapling:1]
   mem: heap=113M/143M old=-1M ext=130M ab=127M rss=380M cols=2022 ents=2183 evicted=437 path=6a/6q (max 6) stale=0
F8 tool upgrade due: cobble available -> stone_pickaxe
F2 dir=(0.95,0.32) logs=10 tools=wooden_pickaxe
F2 spare pick due: spare (planks available)
F2 spare pick: OK (wooden_pickaxe, holds 2)
F2 sword due: planks available
F12 [F12] craft torches: stick-dry with logs held - one plank conversion first
F3 [F3] craft torches: stick-dry but 14 planks held - one stick batch first
F3 [F3] craft torches: skip (no coal: sticks 4 coals 0)
F3 dir=(0.79,0.61) logs=3 tools=wooden_pickaxe
F3 spare pick due: spare (planks available)
F2 sword: OK (wooden_sword, holds 1)
F2 sword: OK (wooden_sword)
F2 [F2] craft torches: stick-dry but 7 planks held - one stick batch first
F12 [F12] craft torches: stick-dry but 6 planks held - one stick batch first
F2 [F2] craft torches: skip (no spare sticks: sticks 1 coals 0)
F12 [F12] craft torches: skip (no coal: sticks 4 coals 0)
F3 spare pick: OK (wooden_pickaxe, holds 2)
F3 sword due: planks available
F1 [F1] torch: the placement did not land (dry) x1 - the streak names itself once, a landing re-arms it
F3 sword: OK (wooden_sword, holds 1)
F3 sword: OK (wooden_sword)
F3 [F3] craft torches: stick-dry but 7 planks held - one stick batch first
F3 [F3] craft torches: skip (no coal: sticks 5 coals 0)
F8 [toolupgrade] [upgrade] upgraded: stone_pickaxe,wooden_shovel,wooden_pickaxe,wooden_pickaxe
F8 tool upgrade: OK -> stone_pickaxe (stone_pickaxe,wooden_shovel,wooden_pickaxe,wooden_pickaxe)
F8 [F8] craft torches: skip (no coal: sticks 3 coals 0)
F5 dir=(0.25,0.97) logs=0 tools=wooden_pickaxe
F5 spare pick due: spare (planks available)
F5 spare pick: OK (wooden_pickaxe, holds 2)
F5 [F5] craft torches: skip (no coal: sticks 4 coals 0)
[hb] n=6 ts=121s rss=378M late=32ms mainLate=466ms
F2 [F2] torch: the placement did not land (dry) x1 - the streak names itself once, a landing re-arms it
F3 [F3] torch: the placement did not land (dry) x1 - the streak names itself once, a landing re-arms it
F2 tool upgrade due: cobble available -> stone_pickaxe
F5 [F5] torch: the placement did not land (dry) x1 - the streak names itself once, a landing re-arms it
F8 [F8] water: drowning rescue start (drowning, oxygen 14)
F8 [F8] water: pass 0 head=wet shore=none land=n/a y=49.0 o2=14 probes=0 at=[-122,49,410]
F8 [F8] craft torches: skip (no coal: sticks 3 coals 0)
F3 tool upgrade due: cobble available -> stone_pickaxe
F8 [F8] water: transit toward known land (oak_log) at [-121,413] d=4
F2 [toolupgrade] [upgrade] upgraded: stone_pickaxe,wooden_shovel,wooden_pickaxe,wooden_pickaxe
F2 tool upgrade: OK -> stone_pickaxe (stone_pickaxe,wooden_shovel,wooden_pickaxe,wooden_pickaxe)
F2 [F2] craft torches: skip (no coal: sticks 3 coals 0)
F8 [F8] water: pass 8 head=wet shore=none land=n/a y=51.4 o2=18 probes=0 at=[-122,51,410]
F7 dir=(-0.40,0.92) logs=0 tools=none
F7 tool recovery: no pickaxe - spare-pick craft first
F7 spare pick: skip (no pickaxe materials (need 3 ingots / 3 cobble / 3 planks of ONE type))
F7 tool recovery: spare craft failed (no pickaxe materials (need 3 ingots / 3 cobble / 3 planks of ONE type)) - re-running the bootstrap
F3 [toolupgrade] [upgrade] upgraded: stone_pickaxe,wooden_shovel,wooden_pickaxe,wooden_pickaxe
F3 tool upgrade: OK -> stone_pickaxe (stone_pickaxe,wooden_shovel,wooden_pickaxe,wooden_pickaxe)
F3 [F3] craft torches: skip (no coal: sticks 3 coals 0)
t-470s alive=19/19 mined=229 map=373p/8ch banked=0 smelted=0 pocket=247u/91s | sand=0 gravel=0 dirt=28 stone=0
   deficits: 157926/0 (0.0%) 149380/0 (0.0%) 31860/0 (0.0%) 27420/0 (0.0%) 10725/15 (0.1%)
   F1=34[andesite:10 dirt:8 oak_log:5] | F2=25[cobblestone:9 oak_log:8 dirt:4] | F3=22[cobblestone:7 dirt:4 stick:3] | F4=5[birch_log:1 oak_log:1] | F5=21[andesite:5 stick:4 dirt:4] | F6=9[oak_log:8 oak_sapling:1] | F7=5[stick:2 oak_planks:1 wooden_shovel:1] | F8=20[cobblestone:8 dirt:7 stick:3] | F9=6[birch_sapling:1] | F10=12[birch_log:3 oak_log:1] | F11=8[oak_log:2 leaf_litter:2 birch_log:1] | F12=8[oak_log:6 oak_planks:4 stick:4] | F13=10[stick:2 dirt:1 oak_sapling:1] | F14=9[oak_log:13 oak_sapling:2 stick:2] | F15=4[oak_log:7] | F16=8[oak_log:6] | F17=7[oak_log:5] | F18=11[oak_log:1] | F19=5[oak_log:6 oak_sapling:1]
   mem: heap=108M/145M old=-1M ext=129M ab=127M rss=381M cols=2011 ents=2061 evicted=496 path=6a/9q (max 6) stale=0
F8 [F8] water: transit toward known land (oak_log) at [-121,413] d=4
F8 [F8] water: pass 13 head=dry shore=none land=oak_log d=4 y=53.2 o2=20 probes=0 at=[-122,53,410]
F8 [F8] water: transit toward known land (oak_log) at [-121,413] d=4
F8 [F8] water: transit toward known land (oak_log) at [-121,413] d=4
F8 [F8] water: pass 18 head=wet shore=none land=n/a y=51.1 o2=20 probes=0 at=[-122,51,410]
F8 [F8] water: transit toward known land (oak_log) at [-121,413] d=4
F8 [F8] water: transit toward known land (oak_log) at [-121,413] d=4
F8 [F8] water: transit stalled (d=4 after 15 passes - the walls own this swim; the release takes over)
F8 [F8] water: transit toward known land (oak_log) at [-121,413] d=4
F8 [F8] water: rescue released (surface-safe, open water - no land known; the walk gate reopens) in 8.2s
F8 [F8] water: hazard memorized at [-123,52,409] (1 live, fleet-wide)
F8 [F8] digShaft: water hazard 1.0b away (live 1) - refusing this column, the caller rotates
F8 [F8] craft torches: skip (no coal: sticks 3 coals 0)
F8 [F8] digShaft: water hazard 1.0b away (live 1) - refusing this column, the caller rotates
F8 tunnel: steering coal_ore @ 3.4b (axis x+, cross 0.6999999999999886, floor lock)
F5 tool upgrade due: cobble available -> stone_pickaxe
F1 [F1] craft torches: skip (no coal: sticks 5 coals 0)
F1 [F1] craft torches: skip (no coal: sticks 5 coals 0)
F1 tunnel: steering coal_ore @ 6.5b (axis x+, cross 0.500038144378891, floor lock)
F5 [toolupgrade] [upgrade] upgraded: stone_pickaxe,wooden_shovel,wooden_pickaxe,wooden_pickaxe
F5 tool upgrade: OK -> stone_pickaxe (stone_pickaxe,wooden_shovel,wooden_pickaxe,wooden_pickaxe)
F5 [F5] craft torches: skip (no spare sticks: sticks 2 coals 0)
F3 [F3] craft torches: skip (no coal: sticks 3 coals 0)
F3 [F3] craft torches: skip (no coal: sticks 3 coals 0)
F3 tunnel: steering copper_ore @ 3.5b (axis z--1, cross 1.5, floor lock)
F5 wood trip: famine (sticks 2 planks 1 logs 0) - gathering
[hb] n=7 ts=141s rss=378M late=37ms mainLate=440ms
F12 dir=(-0.88,-0.48) logs=6 tools=wooden_pickaxe
F12 spare pick due: spare (planks available)
F2 [F2] craft torches: skip (no coal: sticks 3 coals 0)
F2 [F2] craft torches: skip (no coal: sticks 3 coals 0)
F2 tunnel: steering coal_ore @ 6.7b (axis x--1, cross 0.49997891314779963, floor lock)
F3 tunnel: 2 blocks (branch mine at the floor, steered, floor lock)
F12 spare pick: OK (wooden_pickaxe, holds 2)
F12 [F12] craft torches: stick-dry with logs held - one plank conversion first
F12 [F12] craft oak_planks: no craftable recipe variant (ingredients missing?)
F12 [F12] craft torches: stick-dry but 5 planks held - one stick batch first
F12 [F12] craft torches: skip (no coal: sticks 6 coals 0)
F6 [F6] craft torches: stick-dry with logs held - one plank conversion first
F6 [F6] craft torches: stick-dry but 6 planks held - one stick batch first
F6 [F6] craft torches: skip (no coal: sticks 4 coals 0)
F6 dir=(-0.08,1.00) logs=4 tools=wooden_pickaxe
F6 spare pick due: spare (planks available)
t-455s alive=19/19 mined=306 map=418p/9ch banked=0 smelted=0 pocket=341u/103s | sand=0 gravel=0 dirt=35 stone=0
   deficits: 157926/0 (0.0%) 149380/0 (0.0%) 31860/0 (0.0%) 27420/0 (0.0%) 10725/23 (0.2%)
   F1=41[andesite:15 dirt:12 cobblestone:6] | F2=40[cobblestone:26 oak_log:8 dirt:4] | F3=36[cobblestone:19 dirt:4 stick:3] | F4=5[birch_log:1 oak_log:1 oak_sapling:1] | F5=38[cobblestone:15 andesite:8 dirt:4] | F6=9[oak_log:4 stick:2 wooden_pickaxe:2] | F7=9[stick:2 oak_planks:1 wooden_shovel:1] | F8=30[cobblestone:18 dirt:7 stick:3] | F9=6[oak_log:2 birch_sapling:1] | F10=15[birch_planks:6 oak_planks:4 stick:4] | F11=8[oak_log:2 leaf_litter:2 birch_log:1] | F12=13[stick:6 oak_log:5 oak_planks:3] | F13=10[stick:2 dirt:1 oak_sapling:1] | F14=9[oak_log:17 oak_sapling:2 stick:2] | F15=4[oak_log:7] | F16=8[oak_log:7] | F17=9[oak_log:5] | F18=11[oak_log:1] | F19=5[oak_log:6 stick:4 oak_sapling:2]
   mem: heap=115M/145M old=-1M ext=129M ab=126M rss=382M cols=2017 ents=2059 evicted=532 path=6a/2q (max 6) stale=0
F6 spare pick: OK (wooden_pickaxe, holds 2)
F6 [F6] craft torches: stick-dry with logs held - one plank conversion first
F5 climb out (wood trip): OK +3 levels (3 steps, 8 dug, 7s)
F8 tunnel: 12 blocks (branch mine at the floor, steered, floor lock)
F6 [F6] craft torches: stick-dry but 9 planks held - one stick batch first
F12 [F12] torch: the placement did not land (dry) x1 - the streak names itself once, a landing re-arms it
F6 [F6] craft torches: skip (no coal: sticks 6 coals 0)
F10 [F10] craft torches: stick-dry but 6 planks held - one stick batch first
F10 [F10] craft torches: skip (no spare sticks: sticks 0 coals 0)
F10 dir=(-0.99,0.16) logs=3 tools=wooden_pickaxe
F10 spare pick due: spare (planks available)
F10 plank rung: fell short 4->4 same-type planks (need 5, from birch_log)
F10 spare pick: skip (sticks 4 < 2, one-type planks 4 cannot unlock the craft)
F10 sword due: planks available
F2 tunnel: 12 blocks (branch mine at the floor, steered, floor lock)
F10 sword: OK (wooden_sword, holds 1)
F10 sword: OK (wooden_sword)
F10 [F10] craft torches: skip (no coal: sticks 3 coals 0)
F13 dir=(-0.68,-0.74) logs=0 tools=no planks recipe
F13 tool recovery: no pickaxe - spare-pick craft first
F13 spare pick: skip (no pickaxe materials (need 3 ingots / 3 cobble / 3 planks of ONE type))
F13 tool recovery: spare craft failed (no pickaxe materials (need 3 ingots / 3 cobble / 3 planks of ONE type)) - re-running the bootstrap
F3 [F3] vein sweep: 7 drop(s) in reach (10 dug)
F1 tunnel: 13 blocks (branch mine at the floor, steered, floor lock)
F6 [F6] torch: the placement did not land (dry) x1 - the streak names itself once, a landing re-arms it
F8 [F8] vein sweep: 7 drop(s) in reach (8 dug)
F8 [F8] vein sweep: the drop walk to [-117,52,409] failed - doomed goal (ledgered 3s ago at [-118,52,409]) - sweep drops refused (dy 4.0, range 2)
F8 [F8] vein sweep: the drop walk to [-116,52,408] failed - doomed goal (ledgered 4s ago at [-117,52,408]) - sweep drops refused (dy 4.0, range 2)
F3 [F3] vein sweep: the drop walk to [-112,41,419] failed - sweep drops: timeout after 4000ms (dy -2.0, range 2)
F10 [F10] torch: the placement did not land (dry) x1 - the streak names itself once, a landing re-arms it
F3 [F3] vein sweep: the drop walk to [-111,41,418] failed - doomed goal (ledgered 1s ago at [-111,41,418]) - sweep drops refused (dy -1.0, range 2)
F3 [F3] vein sweep: +5u walked from the drops (10 dug)
F3 [F3] vein sweep: 2 below-plane walk(s) still failed on the wide goal (range 2) - the drop rests deeper than the lip
F3 [F3] vein sweep: 5 deep drop(s) skipped (dy < -2 - the lip sphere cannot reach, the walk was a guaranteed spiral)
F3 vein sweep: 10 ores dug beside the gallery (floor lock)
F3 [F3] craft torches: skip (no coal: sticks 3 coals 0)
F3 [F3] craft torches: skip (no coal: sticks 3 coals 0)
F3 tunnel: steering coal_ore @ 9b (axis z--1, cross 1.6782932555546637, floor lock)
F6 tool upgrade due: cobble available -> stone_pickaxe
F9 dir=(-0.88,0.48) logs=0 tools=none
F9 tool recovery: no pickaxe - spare-pick craft first
F9 spare pick: skip (no pickaxe materials (need 3 ingots / 3 cobble / 3 planks of ONE type))
F9 tool recovery: spare craft failed (no pickaxe materials (need 3 ingots / 3 cobble / 3 planks of ONE type)) - re-running the bootstrap
F10 [F10] digShaft: water strike at y=52 -> water table (regions 1); fluid below (-139, 53, 413) - moving sideways
F4 dir=(0.55,0.84) logs=0 tools=none
F4 tool recovery: no pickaxe - spare-pick craft first
F4 spare pick: skip (no pickaxe materials (need 3 ingots / 3 cobble / 3 planks of ONE type))
F4 tool recovery: spare craft failed (no pickaxe materials (need 3 ingots / 3 cobble / 3 planks of ONE type)) - re-running the bootstrap
F12 [F12] digShaft: water table y=56 (region strike) - stopping above the aquifer, the tunnel owns this level (regions 1)
F3 tunnel: 2 blocks (branch mine at the floor, steered, floor lock)
F12 sword due: planks available
F12 sword: no table reachable or placeable
F12 sword: failed (no table)
F12 [F12] craft torches: skip (no coal: sticks 6 coals 0)
t-440s alive=19/19 mined=392 map=488p/9ch banked=0 smelted=0 pocket=472u/128s | sand=0 gravel=0 dirt=46 stone=0
   deficits: 157926/0 (0.0%) 149380/0 (0.0%) 31860/0 (0.0%) 27420/0 (0.0%) 10725/24 (0.2%)
   F1=49[andesite:16 dirt:12 cobblestone:11] | F2=56[cobblestone:33 oak_log:8 coal:5] | F3=44[cobblestone:26 dirt:4 stick:3] | F4=5[stick:2 birch_planks:1 wooden_shovel:1] | F5=38[cobblestone:21 andesite:8 dirt:4] | F6=20[cobblestone:8 stick:6 dirt:4] | F7=9[oak_log:7 stick:5 oak_planks:1] | F8=40[cobblestone:22 dirt:7 stick:3] | F9=6[birch_sapling:2 stick:2 oak_planks:1] | F10=25[granite:6 dirt:5 oak_planks:4] | F11=10[oak_log:2 leaf_litter:2 birch_log:1] | F12=26[diorite:10 stick:6 oak_log:5] | F13=10[stick:2 dirt:1 oak_sapling:1] | F14=9[oak_log:14 oak_planks:6 stick:6] | F15=7[oak_planks:6 oak_log:4 stick:4] | F16=11[oak_planks:12 birch_planks:6 oak_log:4] | F17=10[oak_log:5 stick:2] | F18=11[oak_log:1] | F19=6[oak_log:6 stick:4 oak_sapling:2]
   mem: heap=109M/147M old=-1M ext=126M ab=124M rss=384M cols=1978 ents=2322 evicted=604 path=6a/0q (max 6) stale=0
F10 [F10] craft torches: skip (no coal: sticks 3 coals 0)
F10 [F10] digShaft: water strike at y=52 -> water table (regions 1); fluid below (-139, 53, 413) - moving sideways
F10 [F10] craft torches: skip (no coal: sticks 3 coals 0)
F10 [F10] digShaft: water strike at y=52 -> water table (regions 1); fluid below (-139, 53, 413) - moving sideways
[hb] n=8 ts=161s rss=384M late=42ms mainLate=301ms
F10 tunnel: steering coal_ore @ 5.6b (axis x+, cross 1.6399724820862502, floor lock)
F6 [toolupgrade] [upgrade] upgraded: stone_pickaxe,wooden_shovel,wooden_pickaxe,wooden_pickaxe
F6 tool upgrade: OK -> stone_pickaxe (stone_pickaxe,wooden_shovel,wooden_pickaxe,wooden_pickaxe)
F6 sword due: planks available
F3 [F3] vein sweep: 7 drop(s) in reach (2 dug)
F3 [F3] vein sweep: the drop walk to [-109,40,420] failed - doomed goal (ledgered 7s ago at [-110,40,419]) - sweep drops refused (dy -2.0, range 2)
F3 [F3] vein sweep: the drop walk to [-109,40,419] failed - doomed goal (ledgered 7s ago at [-109,40,418]) - sweep drops refused (dy -2.0, range 2)
F3 [F3] vein sweep: the drop walks picked nothing (pocket delta 0, 7 failed walk(s))
F3 [F3] vein sweep: 7 below-plane walk(s) still failed on the wide goal (range 2) - the drop rests deeper than the lip
F3 vein sweep: 2 ores dug beside the gallery (floor lock)
F3 [F3] craft torches: skip (no coal: sticks 3 coals 0)
F3 [F3] craft torches: skip (no coal: sticks 3 coals 0)
F3 tunnel: steering copper_ore @ 6.4b (axis x--1, cross 3.3000000000000114, floor lock)
F6 sword: OK (wooden_sword, holds 1)
F6 sword: OK (wooden_sword)
F6 [F6] craft torches: skip (no coal: sticks 3 coals 0)
F14 [F14] craft torches: stick-dry with logs held - one plank conversion first
F16 [F16] craft torches: stick-dry but 14 planks held - one stick batch first
F16 [F16] craft torches: skip (no coal: sticks 4 coals 0)
F16 dir=(0.25,-0.97) logs=4 tools=wooden_pickaxe
F16 spare pick due: spare (planks available)
F14 [F14] craft torches: stick-dry but 6 planks held - one stick batch first
F12 tunnel: steering coal_ore @ 3.9b (axis z+, cross 1.4566230782303364, ore detour)
F14 [F14] craft torches: skip (no coal: sticks 6 coals 0)
F14 dir=(-0.40,-0.92) logs=13 tools=wooden_pickaxe
F14 spare pick due: spare (planks available)
F15 [F15] craft torches: stick-dry with logs held - one plank conversion first
F8 [F8] vein sweep: +2u walked from the drops (8 dug)
F8 [F8] vein sweep: 6 above-plane walk(s) timed out on the wide goal (range 2) - the ledge family (the v0.189.0 class, the triage names it)
F8 [F8] vein sweep: 1 deep drop(s) skipped (dy < -2 - the lip sphere cannot reach, the walk was a guaranteed spiral)
F8 vein sweep: 8 ores dug beside the gallery (floor lock)
F16 spare pick: OK (wooden_pickaxe, holds 2)
F16 sword due: planks available
F15 [F15] craft torches: stick-dry but 6 planks held - one stick batch first
F14 spare pick: OK (wooden_pickaxe, holds 2)
F14 [F14] craft torches: skip (no coal: sticks 4 coals 0)
F15 [F15] craft torches: skip (no coal: sticks 4 coals 0)
F15 dir=(-0.08,-1.00) logs=3 tools=wooden_pickaxe
F15 spare pick due: spare (planks available)
F8 [F8] craft torches: skip (no coal: sticks 3 coals 0)
F16 sword: OK (wooden_sword, holds 1)
F16 sword: OK (wooden_sword)
F16 [F16] craft torches: stick-dry but 7 planks held - one stick batch first
F16 [F16] craft torches: skip (no coal: sticks 5 coals 0)
F15 spare pick: OK (wooden_pickaxe, holds 2)
F15 [F15] craft torches: stick-dry with logs held - one plank conversion first
F12 tunnel: 2 blocks (branch mine at the floor, steered, ore detour)
F15 [F15] craft torches: stick-dry but 9 planks held - one stick batch first
F15 [F15] craft torches: skip (no coal: sticks 6 coals 0)
F16 [F16] digShaft: water table y=56 (region strike) - stopping above the aquifer, the tunnel owns this level (regions 1)
F14 [F14] torch: the placement did not land (dry) x1 - the streak names itself once, a landing re-arms it
F19 [F19] craft torches: stick-dry with logs held - one plank conversion first
F6 [F6] craft torches: skip (no coal: sticks 3 coals 0)
F6 [F6] craft torches: skip (no coal: sticks 3 coals 0)
F6 tunnel: steering iron_ore @ 12.7b (axis z--1, cross 1.5, floor lock)
F7 [F7] craft torches: skip (no coal: sticks 3 coals 0)
F19 [F19] craft torches: stick-dry but 8 planks held - one stick batch first
F2 [F2] vein sweep: 8 drop(s) in reach (23 dug)
F16 [F16] craft torches: skip (no coal: sticks 5 coals 0)
F16 [F16] digShaft: water table y=56 (region strike) - stopping above the aquifer, the tunnel owns this level (regions 1)
F16 [F16] craft torches: skip (no coal: sticks 5 coals 0)
F16 [F16] digShaft: water table y=56 (region strike) - stopping above the aquifer, the tunnel owns this level (regions 1)
F16 tunnel: steering coal_ore @ 4.7b (axis z+, cross 1.349202314368938, floor lock)
F19 [F19] craft torches: skip (no coal: sticks 4 coals 0)
F2 [F2] vein sweep: lip dig refused - sealed floor (air 0, dy -1.0)
F15 [F15] digShaft: water table y=56 (region strike) - stopping above the aquifer, the tunnel owns this level (regions 1)
F8 [F8] water: drowning rescue start (drowning, oxygen 14)
F8 [F8] water: pass 0 head=wet shore=none land=n/a y=44.6 o2=14 probes=0 at=[-116,45,409]
F2 [F2] vein sweep: lip dig refused - sealed floor (air 0, dy 0.0)
F7 tool recovery: OK (wooden_pickaxe)
F7 spare pick due: spare (planks available)
F15 sword due: planks available
F15 sword: no table reachable or placeable
F15 sword: failed (no table)
F15 [F15] craft torches: skip (no coal: sticks 6 coals 0)
F15 [F15] digShaft: water table y=56 (region strike) - stopping above the aquifer, the tunnel owns this level (regions 1)
F15 [F15] craft torches: skip (no coal: sticks 6 coals 0)
F15 [F15] digShaft: water table y=56 (region strike) - stopping above the aquifer, the tunnel owns this level (regions 1)
F15 tunnel: steering coal_ore @ 5.1b (axis z+, cross 2.5, floor lock)
F2 [F2] vein sweep: the drop walk to [-98,41,409] failed - spin breaker: sweep drops re-issued 2x inside the 10s window after its own pf:done - sweep drops refused for 30s (the sync re-issue breaker: the goal->done->goal churn starves the timers, the run53 alloc-storm class) (dy -1.0, range 2)
F19 dir=(0.95,-0.32) logs=4 tools=wooden_pickaxe
F19 spare pick due: spare (planks available)
F2 [F2] vein sweep: the drop walk to [-96,42,409] failed - spin breaker: sweep drops re-issued 2x inside the 10s window after its own pf:done - sweep drops refused for 30s (the sync re-issue breaker: the goal->done->goal churn starves the timers, the run53 alloc-storm class, hold live) (dy 0.0, range 1)
F2 [F2] vein sweep: +13u walked from the drops (23 dug)
F2 [F2] vein sweep: 1 below-plane walk(s) still failed on the wide goal (range 2) - the drop rests deeper than the lip
F2 vein sweep: 23 ores dug beside the gallery (floor lock)
t-425s alive=19/19 mined=502 map=560p/9ch banked=0 smelted=0 pocket=565u/159s | sand=0 gravel=2 dirt=66 stone=0
   deficits: 157926/0 (0.0%) 149380/2 (0.0%) 31860/0 (0.0%) 27420/0 (0.0%) 10725/25 (0.2%)
   F1=52[andesite:16 dirt:12 cobblestone:11] | F2=69[cobblestone:33 coal:14 oak_log:8] | F3=57[cobblestone:36 dirt:4 stick:3] | F4=5[stick:2 birch_planks:1 wooden_shovel:1] | F5=38[cobblestone:24 andesite:8 dirt:4] | F6=36[cobblestone:13 granite:9 dirt:4] | F7=9[oak_log:6 oak_planks:3 wooden_pickaxe:2] | F8=44[cobblestone:26 dirt:7 stick:3] | F9=10[birch_log:4 stick:2 oak_planks:1] | F10=36[granite:9 cobblestone:7 dirt:5] | F11=15[oak_log:6 leaf_litter:2 birch_log:1] | F12=32[diorite:15 stick:6 oak_log:5] | F13=13[stick:2 oak_log:2 dirt:1] | F14=21[oak_log:13 stick:4 dirt:4] | F15=14[oak_planks:7 dirt:7 stick:6] | F16=19[dirt:9 oak_planks:5 stick:5] | F17=14[oak_log:6 stick:2] | F18=11[oak_log:1] | F19=7[oak_planks:6 oak_log:4 stick:4]
   mem: heap=106M/147M old=-1M ext=126M ab=124M rss=384M cols=1971 ents=2527 evicted=643 path=5a/0q (max 6) stale=0
F8 tunnel: steering coal_ore @ 4.7b (axis z--1, cross 1.2999999999999972, ore detour)
F6 tunnel: 2 blocks (branch mine at the floor, steered, floor lock)
F7 spare pick: OK (wooden_pickaxe, holds 2)
F7 sword due: planks available
F8 [F8] water: pass 6 head=dry shore=hit r=1 land=none y=49.1 o2=20 probes=0 at=[-116,49,409]
F19 spare pick: OK (wooden_pickaxe, holds 2)
F19 sword due: planks available
F8 [F8] water: transit toward known land (oak_log) at [-121,413] d=7
F3 tunnel: 13 blocks (branch mine at the floor, steered, floor lock)
F6 [F6] craft torches: skip (no coal: sticks 3 coals 0)
F6 [F6] craft torches: skip (no coal: sticks 3 coals 0)
F6 tunnel: steering iron_ore @ 12.1b (axis z--1, cross 2.4521668015972864, floor lock)
F10 tunnel: 13 blocks (branch mine at the floor, steered, floor lock)
F8 [F8] water: rescue complete in 4.8s
F8 [F8] water: hazard memorized at [-117,48,409] (2 live, fleet-wide)
F7 sword: OK (wooden_sword, holds 1)
F7 sword: OK (wooden_sword)
F7 [F7] craft torches: stick-dry with logs held - one plank conversion first
F14 [F14] craft torches: 1 batch(es) -> 4 torches (sticks 4 coals 1)
F19 sword: OK (wooden_sword, holds 1)
F19 sword: OK (wooden_sword)
F19 [F19] craft torches: stick-dry with logs held - one plank conversion first
[hb] n=9 ts=181s rss=381M late=48ms mainLate=429ms
F2 [F2] craft torches: 1 batch(es) -> 4 torches (sticks 3 coals 14, the metal reserve keeps 1)
F7 [F7] craft torches: stick-dry but 9 planks held - one stick batch first
F10 tool upgrade due: cobble available -> stone_pickaxe
F7 [F7] craft torches: skip (no coal: sticks 4 coals 0)
F14 [F14] digShaft: water hazard 3.8b away (live 2) - refusing this column, the caller rotates
F19 [F19] craft torches: stick-dry but 9 planks held - one stick batch first
F2 [F2] craft torches: stick-dry with logs held - one plank conversion first
F19 [F19] craft torches: skip (no coal: sticks 5 coals 0)
F14 [F14] craft torches: 1 batch(es) -> 4 torches (sticks 3 coals 1)
F6 tunnel: 2 blocks (branch mine at the floor, steered, floor lock)
F16 tunnel: 6 blocks (branch mine at the floor, steered, floor lock)
F15 tunnel: 6 blocks (branch mine at the floor, steered, floor lock)
F8 tunnel: 4 blocks (branch mine at the floor, steered, ore detour)
F14 [F14] digShaft: water hazard 3.8b away (live 2) - refusing this column, the caller rotates
F14 [F14] craft torches: stick-dry with logs held - one plank conversion first
F2 [F2] craft torches: stick-dry but 9 planks held - one stick batch first
F2 [F2] craft torches: 4 batch(es) -> 16 torches (sticks 2 coals 13, the metal reserve keeps 1)
F14 [F14] craft torches: stick-dry but 9 planks held - one stick batch first
F14 [F14] craft torches: skip (no coal: sticks 6 coals 0)
F14 [F14] digShaft: water hazard 3.8b away (live 2) - refusing this column, the caller rotates
F14 tunnel: steering iron_ore @ 14.1b (axis x--1, cross 2.5, floor lock)
F19 [F19] digShaft: water table y=56 (region strike) - stopping above the aquifer, the tunnel owns this level (regions 1)
F12 [F12] vein sweep: 0 drop(s) in reach (3 dug)
F12 vein sweep: 3 ores dug beside the gallery (ore detour)
F2 tunnel: steering coal_ore @ 5.7b (axis x--1, cross 1.3027974511803109, floor lock)
F16 [F16] vein sweep: 2 drop(s) in reach (2 dug)
F15 [F15] vein sweep: 2 drop(s) in reach (2 dug)
F10 [toolupgrade] [upgrade] upgraded: stone_pickaxe,wooden_shovel,wooden_pickaxe
F10 tool upgrade: OK -> stone_pickaxe (stone_pickaxe,wooden_shovel,wooden_pickaxe)
F10 [F10] craft torches: skip (no coal: sticks 5 coals 0)
F10 [F10] digShaft: water strike at y=52 -> water table (regions 1); fluid below (-139, 53, 413) - moving sideways
F10 [F10] craft torches: skip (no coal: sticks 5 coals 0)
F10 [F10] digShaft: water strike at y=52 -> water table (regions 1); fluid below (-139, 53, 413) - moving sideways
F12 [F12] craft torches: skip (no coal: sticks 6 coals 0)
F12 tunnel: steering coal_ore @ 4.5b (axis z+, cross 0.6999999999999886, ore detour)
F7 [F7] torch: the placement did not land (dry) x1 - the streak names itself once, a landing re-arms it
F10 tunnel: steering coal_ore @ 6.4b (axis x+, cross 1.4991792210346375, floor lock)
F10 tunnel: 0 blocks (branch mine at the floor, steered, floor lock)
F10 [F10] craft torches: skip (no coal: sticks 5 coals 0)
F10 [F10] digShaft: water strike at y=52 -> water table (regions 1); fluid below (-139, 53, 413) - moving sideways
F10 [F10] craft torches: skip (no coal: sticks 5 coals 0)
F10 [F10] digShaft: water strike at y=52 -> water table (regions 1); fluid below (-139, 53, 413) - moving sideways
F10 tunnel: steering coal_ore @ 7.9b (axis z--1, cross 1.301826109648772, floor lock)
F12 tunnel: 0 blocks (branch mine at the floor, steered, ore detour)
F12 [F12] craft torches: skip (no coal: sticks 6 coals 0)
F12 tunnel: steering coal_ore @ 4.7b (axis z+, cross 2.6999999999999886, floor lock)
F17 [F17] craft torches: stick-dry with logs held - one plank conversion first
F17 [F17] craft torches: stick-dry but 6 planks held - one stick batch first
F17 [F17] craft torches: skip (no coal: sticks 6 coals 0)
F17 dir=(0.55,-0.84) logs=2 tools=wooden_pickaxe
F17 spare pick due: spare (planks available)
F17 spare pick: OK (wooden_pickaxe, holds 2)
F17 [F17] craft torches: skip (no coal: sticks 4 coals 0)
t-410s alive=19/19 mined=580 map=575p/9ch banked=0 smelted=0 pocket=687u/176s | sand=0 gravel=2 dirt=80 stone=0
   deficits: 157926/0 (0.0%) 149380/2 (0.0%) 31860/0 (0.0%) 27420/0 (0.0%) 10725/26 (0.2%)
   F1=55[andesite:16 dirt:12 cobblestone:11] | F2=75[cobblestone:44 torch:20 coal:9] | F3=59[cobblestone:43 dirt:4 stick:3] | F4=7[stick:2 birch_planks:1 wooden_shovel:1] | F5=38[cobblestone:24 andesite:8 dirt:4] | F6=38[granite:19 cobblestone:13 dirt:4] | F7=18[oak_planks:7 cobblestone:5 oak_log:4] | F8=57[cobblestone:28 dirt:7 stick:3] | F9=14[birch_log:4 oak_log:4 stick:2] | F10=40[granite:12 cobblestone:7 stick:5] | F11=17[oak_log:9 leaf_litter:2 birch_log:1] | F12=34[diorite:15 stick:6 oak_log:5] | F13=14[oak_log:7 stick:3 birch_log:2] | F14=25[oak_log:11 coal:10 oak_planks:7] | F15=21[dirt:11 oak_planks:7 stick:6] | F16=25[dirt:10 oak_planks:5 stick:5] | F17=14[stick:4 oak_log:2 wooden_pickaxe:2] | F18=16[oak_log:1] | F19=13[oak_planks:7 stick:5 dirt:5]
   mem: heap=108M/148M old=-1M ext=125M ab=123M rss=383M cols=1955 ents=2488 evicted=686 path=6a/3q (max 6) stale=0
F10 tunnel: 2 blocks (branch mine at the floor, steered, floor lock)
F10 [F10] craft torches: skip (no coal: sticks 5 coals 0)
F10 [F10] digShaft: water strike at y=52 -> water table (regions 1); fluid below (-139, 53, 413) - moving sideways
F16 [F16] vein sweep: the drop walk to [-136,58,424] failed - sweep drops: timeout after 4000ms (dy 0.0, range 1)
F10 [F10] craft torches: skip (no coal: sticks 5 coals 0)
F10 [F10] digShaft: water strike at y=52 -> water table (regions 1); fluid below (-139, 53, 413) - moving sideways
F10 tunnel: steering coal_ore @ 8.2b (axis z--1, cross 2.6999999999999886, floor lock)
F12 tunnel: 0 blocks (branch mine at the floor, steered, floor lock)
F19 [F19] craft torches: skip (no coal: sticks 5 coals 0)
F19 [F19] digShaft: water table y=56 (region strike) - stopping above the aquifer, the tunnel owns this level (regions 1)
F19 [F19] craft torches: skip (no coal: sticks 5 coals 0)
F19 [F19] digShaft: water table y=56 (region strike) - stopping above the aquifer, the tunnel owns this level (regions 1)
F19 tunnel: steering coal_ore @ 8.4b (axis x+, cross 3.5, floor lock)
F12 [F12] craft torches: skip (no coal: sticks 6 coals 0)
F12 tunnel: steering coal_ore @ 4.8b (axis z+, cross 1.6999999999999886, ore detour)
F15 [F15] vein sweep: the drop walk to [-136,58,424] failed - sweep drops: timeout after 4000ms (dy 0.0, range 1)
F1 [F1] vein sweep: 8 drop(s) in reach (9 dug)
F10 tunnel: 0 blocks (branch mine at the floor, steered, floor lock)
F12 tunnel: 0 blocks (branch mine at the floor, steered, ore detour)
F12 tunnel: 0 blocks x3 - sealed or flooded, cooling down 15s
F8 [F8] vein sweep: 8 drop(s) in reach (13 dug)
F7 tool upgrade due: cobble available -> stone_pickaxe
F2 tunnel: 12 blocks (branch mine at the floor, steered, floor lock)
F17 [F17] torch: the placement did not land (dry) x1 - the streak names itself once, a landing re-arms it
F7 [toolupgrade] [upgrade] upgraded: wooden_pickaxe,stone_pickaxe,wooden_shovel,wooden_pickaxe
F7 tool upgrade: OK -> stone_pickaxe (wooden_pickaxe,stone_pickaxe,wooden_shovel,wooden_pickaxe)
F7 [F7] craft torches: stick-dry but 7 planks held - one stick batch first
F7 [F7] craft torches: skip (no spare sticks: sticks 2 coals 0)
F16 [F16] vein sweep: the drop walk to [-136,58,426] failed - sweep drops: timeout after 4000ms (dy 0.2, range 2)
F16 [F16] vein sweep: the drop walks picked nothing (pocket delta 0, 2 failed walk(s))
F16 [F16] vein sweep: 1 above-plane walk(s) timed out on the wide goal (range 2) - the ledge family (the v0.189.0 class, the triage names it)
F16 vein sweep: 2 ores dug beside the gallery (floor lock)
F16 [F16] craft torches: skip (no coal: sticks 5 coals 0)
F16 [F16] digShaft: water table y=56 (region strike) - stopping above the aquifer, the tunnel owns this level (regions 1)
F16 [F16] craft torches: skip (no coal: sticks 5 coals 0)
F16 [F16] digShaft: water table y=56 (region strike) - stopping above the aquifer, the tunnel owns this level (regions 1)
F16 tunnel: steering coal_ore @ 9.7b (axis x+, cross 3.3000000000000114, floor lock)
F17 tool upgrade due: cobble available -> stone_pickaxe
[hb] n=10 ts=201s rss=381M late=52ms mainLate=691ms
F15 [F15] vein sweep: the drop walk to [-136,58,426] failed - sweep drops: timeout after 4000ms (dy 0.2, range 2)
F15 [F15] vein sweep: +1u walked from the drops (2 dug)
F15 [F15] vein sweep: 1 above-plane walk(s) timed out on the wide goal (range 2) - the ledge family (the v0.189.0 class, the triage names it)
F15 vein sweep: 2 ores dug beside the gallery (floor lock)
F16 tunnel: 0 blocks (branch mine at the floor, steered, floor lock)
F16 [F16] craft torches: skip (no coal: sticks 5 coals 0)
F16 [F16] digShaft: water table y=56 (region strike) - stopping above the aquifer, the tunnel owns this level (regions 1)
F16 [F16] craft torches: skip (no coal: sticks 5 coals 0)
F16 [F16] digShaft: water table y=56 (region strike) - stopping above the aquifer, the tunnel owns this level (regions 1)
F16 tunnel: steering iron_ore @ 6.6b (axis x--1, cross 2.6999999999999886, floor lock)
F6 [F6] craft torches: skip (no coal: sticks 3 coals 0)
F6 [F6] craft torches: skip (no coal: sticks 3 coals 0)
F6 tunnel: steering iron_ore @ 3.9b (axis x+, cross 0.32164059978174464, floor lock)
F1 [F1] vein sweep: lip dig refused - sealed floor (air 0, dy -0.9)
F17 [toolupgrade] [upgrade] upgraded: stone_pickaxe,wooden_shovel,wooden_pickaxe,wooden_pickaxe
F17 tool upgrade: OK -> stone_pickaxe (stone_pickaxe,wooden_shovel,wooden_pickaxe,wooden_pickaxe)
F17 sword due: planks available
F14 tunnel: 13 blocks (branch mine at the floor, steered, floor lock)
F10 [F10] craft torches: skip (no coal: sticks 5 coals 0)
F10 [F10] digShaft: water strike at y=52 -> water table (regions 1); fluid below (-139, 53, 413) - moving sideways
F10 [F10] craft torches: skip (no coal: sticks 5 coals 0)
F10 [F10] digShaft: water strike at y=52 -> water table (regions 1); fluid below (-139, 53, 413) - moving sideways
F10 tunnel: steering iron_ore @ 6.8b (axis z+, cross 3.6999999999999886, floor lock)
F8 [F8] vein sweep: lip dig refused - the fall reads too deep (air 3, dy -0.9)
F3 [F3] craft torches: skip (no coal: sticks 3 coals 0)
F3 [F3] craft torches: skip (no coal: sticks 3 coals 0)
F3 tunnel: steering coal_ore @ 10.7b (axis z--1, cross 2.507266879168924, floor lock)
F17 sword: OK (wooden_sword, holds 1)
F17 sword: OK (wooden_sword)
F17 [F17] craft torches: skip (no spare sticks: sticks 1 coals 0)
F2 [F2] vein sweep: 8 drop(s) in reach (10 dug)
t-395s alive=19/19 mined=669 map=563p/9ch banked=0 smelted=0 pocket=778u/182s | sand=0 gravel=4 dirt=92 stone=0
   deficits: 157926/0 (0.0%) 149380/4 (0.0%) 31860/0 (0.0%) 27420/0 (0.0%) 10725/26 (0.2%)
   F1=56[andesite:16 dirt:12 cobblestone:11] | F2=91[cobblestone:50 torch:20 raw_copper:14] | F3=61[cobblestone:45 dirt:4 stick:3] | F4=9[stick:2 birch_planks:1 wooden_shovel:1] | F5=38[cobblestone:24 andesite:8 dirt:4] | F6=42[granite:23 cobblestone:13 dirt:4] | F7=31[cobblestone:14 stick:6 oak_planks:5] | F8=62[cobblestone:28 dirt:7 gravel:4] | F9=14[birch_log:4 oak_log:4 stick:2] | F10=42[granite:15 cobblestone:7 stick:5] | F11=17[oak_log:9 leaf_litter:2 birch_log:1] | F12=34[diorite:15 stick:6 oak_log:5] | F13=14[oak_planks:8 stick:5 oak_sapling:2] | F14=37[coal:19 oak_log:11 cobblestone:8] | F15=21[dirt:13 oak_planks:7 stick:6] | F16=29[dirt:10 oak_planks:5 stick:5] | F17=30[cobblestone:7 dirt:6 oak_planks:3] | F18=17[oak_log:1] | F19=24[cobblestone:14 oak_planks:7 dirt:6]
   mem: heap=114M/147M old=-1M ext=125M ab=123M rss=383M cols=1957 ents=2386 evicted=707 path=6a/3q (max 6) stale=0
F1 [F1] vein sweep: lip dig refused - sealed floor (air 0, dy 0.0)
F8 [F8] vein sweep: the drop walk to [-114,52,407] failed - doomed goal (ledgered 27s ago at [-115,52,407]) - sweep drops refused (dy 7.1, range 2)
F2 [F2] vein sweep: lip dig refused - sealed floor (air 0, dy -1.0)
F7 [F7] craft torches: skip (no coal: sticks 6 coals 0)
F7 [F7] craft torches: skip (no coal: sticks 6 coals 0)
F7 tunnel: steering coal_ore @ 12b (axis z--1, cross 3.465882912469084, floor lock)
F19 tunnel: 13 blocks (branch mine at the floor, steered, floor lock)
F10 tunnel: 2 blocks (branch mine at the floor, steered, floor lock)
F2 [F2] vein sweep: lip dig refused - sealed floor (air 0, dy -1.0)
F8 [F8] vein sweep: the drop walk to [-114,53,409] failed - doomed goal (ledgered 29s ago at [-115,53,408]) - sweep drops refused (dy 10.2, range 2)
F2 [F2] vein sweep: the drop walk to [-97,42,413] failed - spin breaker: sweep drops re-issued 2x inside the 10s window after its own pf:done - sweep drops refused for 30s (the sync re-issue breaker: the goal->done->goal churn starves the timers, the run53 alloc-storm class) (dy 0.0, range 1)
F2 [F2] vein sweep: the drop walk to [-97,42,414] failed - spin breaker: sweep drops re-issued 2x inside the 10s window after its own pf:done - sweep drops refused for 30s (the sync re-issue breaker: the goal->done->goal churn starves the timers, the run53 alloc-storm class, hold live) (dy 0.0, range 1)
F17 wood trip: famine (sticks 1 planks 3 logs 0) - gathering
F12 [F12] craft torches: skip (no coal: sticks 6 coals 0)
F12 tunnel: steering copper_ore @ 4.6b (axis x--1, cross 2.3000000000000114, floor lock)
F8 [F8] vein sweep: +3u walked from the drops (13 dug)
F8 [F8] vein sweep: 4 above-plane walk(s) timed out on the wide goal (range 2) - the ledge family (the v0.189.0 class, the triage names it)
F8 vein sweep: 13 ores dug beside the gallery (ore detour)
F2 [F2] vein sweep: the drop walks picked nothing (pocket delta 0, 6 failed walk(s))
F2 [F2] vein sweep: 2 below-plane walk(s) still failed on the wide goal (range 2) - the drop rests deeper than the lip
F2 [F2] vein sweep: 1 above-plane walk(s) timed out on the wide goal (range 2) - the ledge family (the v0.189.0 class, the triage names it)
F2 vein sweep: 10 ores dug beside the gallery (floor lock)
F19 tool upgrade due: cobble available -> stone_pickaxe
F3 tunnel: 4 blocks (branch mine at the floor, steered, floor lock)
F7 tunnel: 2 blocks (branch mine at the floor, steered, floor lock)
F6 tunnel: 12 blocks (branch mine at the floor, steered, floor lock)
F7 [F7] vein sweep: 8 drop(s) in reach (1 dug)
F16 tunnel: 12 blocks (branch mine at the floor, steered, floor lock)
F13 [F13] craft torches: stick-dry but 12 planks held - one stick batch first
F13 [F13] craft torches: skip (no coal: sticks 5 coals 0)
F19 [toolupgrade] [upgrade] upgraded: stone_pickaxe,wooden_shovel,wooden_pickaxe,wooden_pickaxe
F19 tool upgrade: OK -> stone_pickaxe (stone_pickaxe,wooden_shovel,wooden_pickaxe,wooden_pickaxe)
F19 [F19] craft torches: skip (no coal: sticks 3 coals 0)
F19 [F19] digShaft: water hazard 5.7b away (live 2) - refusing this column, the caller rotates
F19 [F19] craft torches: skip (no coal: sticks 3 coals 0)
F19 [F19] digShaft: water hazard 5.7b away (live 2) - refusing this column, the caller rotates
F19 tunnel: steering coal_ore @ 5.3b (axis z+, cross 0.5, floor lock)
F13 tool recovery: OK (wooden_pickaxe)
F13 spare pick due: spare (planks available)
F11 [F11] craft torches: stick-dry but 6 planks held - one stick batch first
F11 [F11] craft torches: skip (no spare sticks: sticks 0 coals 0)
F13 spare pick: OK (wooden_pickaxe, holds 2)
F13 sword due: planks available
F11 dir=(-0.99,-0.16) logs=6 tools=wooden_pickaxe
F11 spare pick due: spare (planks available)
F13 sword: OK (wooden_sword, holds 1)
F13 sword: OK (wooden_sword)
F13 [F13] craft torches: stick-dry but 5 planks held - one stick batch first
F13 [F13] craft torches: skip (no coal: sticks 6 coals 0)
F2 [F2] craft torches: stick-dry but 7 planks held - one stick batch first
F11 spare pick: OK (wooden_pickaxe, holds 2)
F11 [F11] craft torches: stick-dry with logs held - one plank conversion first
F2 [F2] craft torches: 1 batch(es) -> 4 torches (sticks 2 coals 10, the metal reserve keeps 2)
F1 [F1] vein sweep: +13u walked from the drops (9 dug)
F1 vein sweep: 9 ores dug beside the gallery (floor lock)
F19 tunnel: 2 blocks (branch mine at the floor, steered, floor lock)
F11 [F11] craft torches: stick-dry but 9 planks held - one stick batch first
F9 [F9] craft torches: skip (no coal: sticks 4 coals 0)
F11 [F11] craft torches: skip (no coal: sticks 6 coals 0)
[hb] n=11 ts=221s rss=382M late=57ms mainLate=526ms
t-379s alive=19/19 mined=747 map=568p/9ch banked=0 smelted=0 pocket=920u/200s | sand=0 gravel=4 dirt=106 stone=0
   deficits: 157926/0 (0.0%) 149380/4 (0.0%) 31860/0 (0.0%) 27420/0 (0.0%) 10725/26 (0.2%)
   F1=57[andesite:16 cobblestone:15 dirt:12] | F2=94[cobblestone:61 torch:24 raw_copper:14] | F3=74[cobblestone:58 dirt:4 stick:3] | F4=9[stick:2 birch_planks:1 wooden_shovel:1] | F5=38[cobblestone:28 andesite:8 dirt:4] | F6=57[granite:25 cobblestone:19 dirt:4] | F7=34[cobblestone:17 stick:6 oak_planks:5] | F8=62[cobblestone:30 dirt:7 gravel:4] | F9=14[oak_planks:13 stick:4 birch_planks:3] | F10=42[granite:17 cobblestone:11 stick:5] | F11=18[stick:6 oak_planks:6 oak_log:4] | F12=42[diorite:19 cobblestone:8 stick:6] | F13=19[stick:6 dirt:5 oak_log:5] | F14=38[coal:21 oak_log:11 cobblestone:8] | F15=21[dirt:19 oak_planks:7 stick:6] | F16=37[dirt:14 cobblestone:8 oak_planks:5] | F17=46[cobblestone:24 dirt:6 oak_planks:3] | F18=17[oak_log:3] | F19=28[cobblestone:17 dirt:6 oak_planks:3]
   mem: heap=107M/148M old=-1M ext=125M ab=122M rss=384M cols=1949 ents=2548 evicted=738 path=6a/1q (max 6) stale=0
F7 [F7] vein sweep: the drop walk to [-114,42,427] failed - sweep drops: timeout after 4000ms (dy -0.8, range 2)
F19 [F19] craft torches: skip (no coal: sticks 3 coals 0)
F19 [F19] digShaft: water hazard 4.5b away (live 2) - refusing this column, the caller rotates
F19 [F19] craft torches: skip (no coal: sticks 3 coals 0)
F19 [F19] digShaft: water hazard 4.5b away (live 2) - refusing this column, the caller rotates
F19 tunnel: steering coal_ore @ 5.3b (axis z+, cross 0.5, floor lock)
F1 [F1] climb bridge: placed cobblestone at [-97,43,412] (support) - the step re-judges
F6 [F6] vein sweep: 8 drop(s) in reach (9 dug)
F7 [F7] vein sweep: the drop walk to [-111,48,420] failed - No path to the goal! (dy 5.0, range 2)
F7 [F7] vein sweep: +3u walked from the drops (1 dug)
F7 [F7] vein sweep: 1 below-plane walk(s) still failed on the wide goal (range 2) - the drop rests deeper than the lip
F7 [F7] vein sweep: 2 above-plane walk(s) timed out on the wide goal (range 2) - the ledge family (the v0.189.0 class, the triage names it)
F7 [F7] vein sweep: 5 deep drop(s) skipped (dy < -2 - the lip sphere cannot reach, the walk was a guaranteed spiral)
F7 vein sweep: 1 ores dug beside the gallery (floor lock)
F9 tool recovery: OK (wooden_pickaxe)
F9 spare pick due: spare (planks available)
F5 wood trip: gathered (sticks 2 planks 1 logs 0)
F13 [F13] torch: the placement did not land (dry) x1 - the streak names itself once, a landing re-arms it
F11 [F11] digShaft: water table y=56 (region strike) - stopping above the aquifer, the tunnel owns this level (regions 1)
F9 spare pick: OK (wooden_pickaxe, holds 2)
F9 sword due: planks available
F5 climb out (trip): OK +2 levels (2 steps, 0 dug, 2s)
F12 tunnel: 12 blocks (branch mine at the floor, steered, floor lock)
F15 [F15] craft torches: skip (no coal: sticks 6 coals 0)
F5 map trip skipped: sand,coal_ore unreachable
F9 sword: OK (wooden_sword, holds 1)
F9 sword: OK (wooden_sword)
F9 [F9] craft torches: stick-dry but 11 planks held - one stick batch first
F9 [F9] craft torches: skip (no coal: sticks 5 coals 0)
F19 tunnel: 2 blocks (branch mine at the floor, steered, floor lock)
F1 [F1] climb bridge: placed cobblestone at [-96,43,412] (pit) - the step re-judges
F6 [F6] vein sweep: the drop walk to [-79,45,426] failed - sweep drops: timeout after 4000ms (dy 2.0, range 2)
F6 [F6] vein sweep: the drop walk to [-78,45,424] failed - spin breaker: sweep drops re-issued 2x inside the 10s window after its own pf:done - sweep drops refused for 30s (the sync re-issue breaker: the goal->done->goal churn starves the timers, the run53 alloc-storm class) (dy 2.0, range 2)
F5 sword due: cobble available
F5 sword: no table reachable or placeable
F5 sword: failed (no table)
F5 [F5] craft torches: skip (no spare sticks: sticks 2 coals 0)
F1 [F1] climb bridge: placed cobblestone at [-96,44,412] (support) - the step re-judges
F6 [F6] vein sweep: +6u walked from the drops (9 dug)
F6 [F6] vein sweep: 6 above-plane walk(s) timed out on the wide goal (range 2) - the ledge family (the v0.189.0 class, the triage names it)
F6 vein sweep: 9 ores dug beside the gallery (floor lock)
F13 tool upgrade due: cobble available -> stone_pickaxe
F15 [F15] digShaft: water strike at y=53 -> water table (regions 1); fluid below (-139, 54, 416) - moving sideways
F5 tunnel: steering coal_ore @ 9.3b (axis x+, cross 1.4198998762822157, ore detour)
F15 tunnel: steering coal_ore @ 6.3b (axis x+, cross 1.6112958735407688, ore detour)
F11 sword due: planks available
F19 [F19] craft torches: skip (no coal: sticks 3 coals 0)
F19 [F19] digShaft: water hazard 4.7b away (live 2) - refusing this column, the caller rotates
F19 [F19] craft torches: skip (no coal: sticks 3 coals 0)
F19 [F19] digShaft: water hazard 4.7b away (live 2) - refusing this column, the caller rotates
F19 tunnel: steering coal_ore @ 5.5b (axis z+, cross 3.5, floor lock)
F10 [F10] craft torches: skip (no coal: sticks 5 coals 0)
F13 [toolupgrade] [upgrade] upgraded: stone_pickaxe,wooden_shovel,wooden_pickaxe,wooden_pickaxe
F13 tool upgrade: OK -> stone_pickaxe (stone_pickaxe,wooden_shovel,wooden_pickaxe,wooden_pickaxe)
F13 [F13] craft torches: skip (no coal: sticks 4 coals 0)
F11 sword: OK (wooden_sword, holds 1)
F11 sword: OK (wooden_sword)
F11 [F11] craft torches: skip (no coal: sticks 5 coals 0)
F11 [F11] digShaft: water table y=57 (region strike) - stopping above the aquifer, the tunnel owns this level (regions 1)
F11 [F11] craft torches: skip (no coal: sticks 5 coals 0)
F11 [F11] digShaft: water table y=57 (region strike) - stopping above the aquifer, the tunnel owns this level (regions 1)
F11 tunnel: steering coal_ore @ 3b (axis x--1, cross 1.509452247250067, floor lock)
F9 [F9] torch: the placement did not land (dry) x1 - the streak names itself once, a landing re-arms it
F17 climb out (wood trip): OK +8 levels (8 steps, 23 dug, 23s)
F8 [F8] climb diag: level at y=43 blocked toward 0,1 (dug=0, wet) at [0,2,0] water (stop)
F8 [F8] water: drowning rescue start (drowning, oxygen -1)
F8 [F8] water: pass 0 head=wet shore=none land=n/a y=43.0 o2=-1 probes=0 at=[-116,43,410]
F8 [F8] died - respawning (cause: server: drowned [kind=drown] | inferred: fall/env (0s before death at [-117,43,409]) [the inference is blind to this kind - the hint is noise by construction (the server kind stays the authority)])
F8 [F8] death drop: ~56u lost at [-117,43,409] (cobblestone 30, dirt 7, gravel 4, stick 3, leaf_litter 2, +9 more)
F8 [F8] water: death spot memorized as a hazard at [-117,43,409] (3 live, fleet-wide)
F19 tunnel: 2 blocks (branch mine at the floor, steered, floor lock)
F8 climb out (trip): OK +39 levels (0 steps, 0 dug, 25s)
F8 [F8] water: pass 1 head=dry shore=hit r=1 land=none y=82.0 o2=-1 probes=0 at=[-124,82,407]
F8 map trip skipped: sand,coal_ore unreachable
F6 [F6] climb rise assist: assist did not complete (goto: climb rise assist: timeout after 4500ms)
F19 [F19] craft torches: skip (no coal: sticks 3 coals 0)
F19 [F19] digShaft: water hazard 4.3b away (live 3) - refusing this column, the caller rotates
F19 [F19] craft torches: skip (no coal: sticks 3 coals 0)
F19 [F19] digShaft: water hazard 4.3b away (live 3) - refusing this column, the caller rotates
F19 tunnel: steering coal_ore @ 5.4b (axis z+, cross 2.5, floor lock)
F8 reloot: no walk (unarmed) - the empty pocket bootstraps first, the read re-arms (a delay, not a verdict)
F8 tool recovery: no pickaxe - spare-pick craft first
F8 spare pick: skip (no sticks and no planks for sticks)
F8 tool recovery: spare craft failed (no sticks and no planks for sticks) - re-running the bootstrap
F6 [F6] climb run-up: gallery opened toward 0,1 (digs 1) - the rise re-judges from the L-mouth
F6 [F6] climb diag: level at y=43 did not rise (food=20, dug=1) feet=air support=air step=air head=air
t-364s alive=19/19 mined=902 map=630p/11ch banked=0 smelted=0 pocket=1032u/206s | sand=0 gravel=6 dirt=126 stone=0
   deficits: 157926/0 (0.0%) 149380/6 (0.0%) 31860/0 (0.0%) 27420/0 (0.0%) 10725/31 (0.3%)
   F1=64[cobblestone:17 andesite:16 dirt:12] | F2=113[cobblestone:80 torch:22 raw_copper:14] | F3=90[cobblestone:70 dirt:4 stick:3] | F4=9[oak_log:3 stick:2 oak_sapling:2] | F5=48[cobblestone:38 andesite:9 dirt:4] | F6=60[granite:25 cobblestone:21 dirt:4] | F7=44[cobblestone:21 stick:6 gravel:6] | F8=62[empty] | F9=26[oak_planks:9 stick:5 dirt:4] | F10=52[cobblestone:24 granite:17 stick:5] | F11=29[dirt:18 stick:5 leaf_litter:5] | F12=48[diorite:19 cobblestone:12 stick:6] | F13=37[cobblestone:12 dirt:9 oak_log:5] | F14=47[coal:22 oak_log:11 cobblestone:8] | F15=28[dirt:19 granite:8 oak_planks:7] | F16=38[dirt:14 cobblestone:8 oak_planks:5] | F17=58[cobblestone:37 dirt:6 coal:4] | F18=17[stick:4 oak_sapling:1 dirt:1] | F19=32[cobblestone:29 dirt:6 oak_planks:3]
   mem: heap=106M/148M old=-1M ext=124M ab=122M rss=385M cols=1957 ents=2808 evicted=785 path=2a/0q (max 6) stale=0
F10 tunnel: steering coal_ore @ 8.4b (axis z--1, cross 0.49978794783308444, ore detour)
F8 [F8] water: rescue complete in 4.4s
F8 [F8] water: hazard memorized at [-117,43,409] (4 live, fleet-wide)
F13 [F13] climb bridge: unavailable (no solid floor underfoot)
F13 [F13] climb diag: level at y=46 blocked toward 0,-1 (dug=3)
F5 tunnel: 12 blocks (branch mine at the floor, steered, ore detour)
F9 tool upgrade due: cobble available -> stone_pickaxe
F2 map trip: coal_ore
[hb] n=12 ts=241s rss=381M late=62ms mainLate=573ms
F18 [F18] craft torches: skip (no spare sticks: sticks 0 coals 0)
F18 dir=(0.79,-0.61) logs=0 tools=wooden_pickaxe
F18 [F18] craft torches: skip (no spare sticks: sticks 0 coals 0)
F19 tunnel: 2 blocks (branch mine at the floor, steered, floor lock)
F10 tunnel: 2 blocks (branch mine at the floor, steered, ore detour)
F2 [F2] craft torches: skip (the pocket torch cap: held 22 of 24 - sticks 5 coals 9)
F2 bank trip: pockets full budget 206s
F2 climb out (bank): the yard stands 70 levels up over 13b lateral - the climb raises its target to the yard's level
F11 tunnel: 12 blocks (branch mine at the floor, steered, floor lock)
F6 [F6] climb bridge: unavailable (no solid floor underfoot)
F6 [F6] climb diag: level at y=46 blocked toward -1,0 (dug=10)
F9 [toolupgrade] [upgrade] upgraded: stone_pickaxe,wooden_pickaxe,wooden_pickaxe,wooden_shovel
F9 tool upgrade: OK -> stone_pickaxe (stone_pickaxe,wooden_pickaxe,wooden_pickaxe,wooden_shovel)
F9 [F9] craft torches: skip (no coal: sticks 3 coals 0)
F19 [F19] craft torches: skip (no coal: sticks 3 coals 0)
F19 [F19] digShaft: water hazard 3.1b away (live 4) - refusing this column, the caller rotates
F19 [F19] craft torches: skip (no coal: sticks 3 coals 0)
F19 [F19] digShaft: water hazard 3.1b away (live 4) - refusing this column, the caller rotates
F19 tunnel: steering coal_ore @ 2.6b (axis x+, cross 0.5, floor lock)
F15 tunnel: 13 blocks (branch mine at the floor, steered, ore detour)
F18 [F18] torch: the placement did not land (dry) x1 - the streak names itself once, a landing re-arms it
t-349s alive=19/19 mined=1019 map=624p/11ch banked=0 smelted=0 pocket=1165u/215s | sand=0 gravel=7 dirt=152 stone=0
   deficits: 157926/0 (0.0%) 149380/7 (0.0%) 31860/0 (0.0%) 27420/0 (0.0%) 10725/41 (0.4%)
   F1=70[cobblestone:23 andesite:16 dirt:12] | F2=122[cobblestone:90 torch:22 raw_copper:14] | F3=102[cobblestone:70 granite:9 diorite:7] | F4=10[oak_log:5 stick:2 crafting_table:1] | F5=52[cobblestone:38 andesite:17 dirt:14] | F6=71[cobblestone:29 granite:25 raw_iron:11] | F7=56[cobblestone:33 gravel:7 stick:6] | F8=62[oak_sapling:2] | F9=33[cobblestone:8 oak_planks:5 dirt:4] | F10=62[cobblestone:25 granite:17 stick:5] | F11=35[dirt:26 stick:5 leaf_litter:5] | F12=50[diorite:19 cobblestone:12 stick:6] | F13=43[cobblestone:17 dirt:9 oak_log:5] | F14=55[coal:26 oak_log:11 cobblestone:8] | F15=38[dirt:19 cobblestone:9 granite:8] | F16=39[dirt:14 cobblestone:8 oak_planks:5] | F17=58[cobblestone:38 dirt:6 coal:4] | F18=25[dirt:9 cobblestone:3 oak_planks:2] | F19=36[cobblestone:41 dirt:6 oak_planks:3]
   mem: heap=114M/148M old=-1M ext=123M ab=121M rss=382M cols=1938 ents=2924 evicted=822 path=3a/0q (max 6) stale=0
F13 [F13] climb bridge: unavailable (no solid floor underfoot)
F13 [F13] climb diag: level at y=48 blocked toward 1,0 (dug=12)
F15 [F15] vein sweep: 8 drop(s) in reach (4 dug)
F10 [F10] vein sweep: 8 drop(s) in reach (10 dug)
F13 [F13] climb bridge: placed cobblestone at [-118,47,417] (support) - the step re-judges
F18 tool upgrade due: cobble available -> stone_pickaxe
F18 [toolupgrade] [upgrade] upgraded: stone_pickaxe,wooden_shovel,wooden_pickaxe
F18 tool upgrade: OK -> stone_pickaxe (stone_pickaxe,wooden_shovel,wooden_pickaxe)
F18 [F18] craft torches: skip (no spare sticks: sticks 2 coals 0)
F13 climb out (trip): OK +6 levels (7 steps, 16 dug, 24s)
F15 [F15] vein sweep: the drop walk to [-132,44,414] failed - sweep drops: timeout after 4000ms (dy 1.0, range 2)
F14 [F14] vein sweep: 8 drop(s) in reach (23 dug)
F19 tunnel: 12 blocks (branch mine at the floor, steered, floor lock)
F13 map trip skipped: sand,coal_ore unreachable
F13 [F13] craft torches: skip (no coal: sticks 4 coals 0)
F10 [F10] vein sweep: the drop walk to [-131,45,414] failed - sweep drops: timeout after 4000ms (dy 2.0, range 2)
F10 [F10] vein sweep: the drop walk to [-132,46,418] failed - spin breaker: sweep drops re-issued 2x inside the 10s window after its own pf:done - sweep drops refused for 30s (the sync re-issue breaker: the goal->done->goal churn starves the timers, the run53 alloc-storm class) (dy 3.0, range 2)
F10 [F10] vein sweep: +2u walked from the drops (10 dug)
F10 [F10] vein sweep: 7 above-plane walk(s) timed out on the wide goal (range 2) - the ledge family (the v0.189.0 class, the triage names it)
F10 vein sweep: 10 ores dug beside the gallery (ore detour)
F18 wood trip: famine (sticks 2 planks 0 logs 0) - gathering
F13 tunnel: steering iron_ore @ 15.4b (axis x--1, cross 3.5, ore detour)
[hb] n=13 ts=261s rss=385M late=68ms mainLate=966ms
F16 [F16] vein sweep: 3 drop(s) in reach (3 dug)
F15 [F15] vein sweep: the drop walk to [-132,46,418] failed - sweep drops: timeout after 4000ms (dy 3.0, range 2)
F16 [F16] vein sweep: lip dig refused - sealed floor (air 0, dy -1.0)
F14 [F14] vein sweep: the drop walk to [-113,54,409] failed - sweep drops: timeout after 4000ms (dy 2.0, range 2)
F14 [F14] vein sweep: the drop walk to [-115,55,409] failed - spin breaker: sweep drops re-issued 2x inside the 10s window after its own pf:done - sweep drops refused for 30s (the sync re-issue breaker: the goal->done->goal churn starves the timers, the run53 alloc-storm class) (dy 2.0, range 2)
F14 [F14] vein sweep: +8u walked from the drops (23 dug)
F14 [F14] vein sweep: 4 above-plane walk(s) timed out on the wide goal (range 2) - the ledge family (the v0.189.0 class, the triage names it)
F14 vein sweep: 23 ores dug beside the gallery (floor lock)
F14 [F14] climb bridge: placed cobblestone at [-115,52,407] (support) - the step re-judges
t-334s alive=19/19 mined=1222 map=666p/12ch banked=0 smelted=0 pocket=1362u/222s | sand=0 gravel=11 dirt=157 stone=0
   deficits: 157926/0 (0.0%) 149380/11 (0.0%) 31860/0 (0.0%) 27420/0 (0.0%) 10725/45 (0.4%)
   F1=84[cobblestone:23 andesite:16 diorite:14] | F2=138[cobblestone:107 torch:22 raw_copper:14] | F3=122[cobblestone:88 granite:10 diorite:7] | F4=15[oak_log:11 stick:2 crafting_table:1] | F5=52[cobblestone:38 andesite:17 dirt:14] | F6=91[cobblestone:49 granite:25 raw_iron:12] | F7=77[cobblestone:49 gravel:7 stick:6] | F8=66[oak_sapling:2 oak_log:1] | F9=54[cobblestone:29 oak_planks:5 dirt:4] | F10=74[cobblestone:33 granite:17 stick:5] | F11=36[dirt:26 stick:5 leaf_litter:5] | F12=53[diorite:19 cobblestone:12 stick:6] | F13=63[cobblestone:37 dirt:9 oak_log:5] | F14=59[coal:37 oak_log:11 oak_planks:7] | F15=41[dirt:19 cobblestone:13 granite:8] | F16=40[dirt:16 cobblestone:8 oak_planks:5] | F17=58[cobblestone:38 dirt:6 coal:4] | F18=44[cobblestone:16 dirt:11 gravel:4] | F19=55[cobblestone:44 dirt:6 diorite:5]
   mem: heap=121M/148M old=-1M ext=125M ab=122M rss=382M cols=1932 ents=2855 evicted=851 path=6a/0q (max 6) stale=0
F16 [F16] vein sweep: the drop walk to [-136,58,424] failed - sweep drops: timeout after 4000ms (dy 0.0, range 1)
F13 tunnel: 12 blocks (branch mine at the floor, steered, ore detour)
F19 [F19] vein sweep: 8 drop(s) in reach (15 dug)
F19 [F19] vein sweep: the drop walk to [-112,57,404] failed - doomed goal (ledgered 26s ago at [-112,57,403]) - sweep drops refused (dy 0.0, range 1)
F19 [F19] vein sweep: the drop walk to [-113,57,403] failed - doomed goal (ledgered 26s ago at [-113,57,403]) - sweep drops refused (dy 0.0, range 1)
F19 [F19] vein sweep: the drop walks picked nothing (pocket delta 0, 6 failed walk(s))
F19 [F19] vein sweep: 1 below-plane walk(s) still failed on the wide goal (range 2) - the drop rests deeper than the lip
F19 [F19] vein sweep: 2 deep drop(s) skipped (dy < -2 - the lip sphere cannot reach, the walk was a guaranteed spiral)
F19 vein sweep: 15 ores dug beside the gallery (floor lock)
F9 climb out (trip): OK +8 levels (8 steps, 23 dug, 19s)
F16 [F16] vein sweep: the drop walk to [-135,58,426] failed - sweep drops: timeout after 4000ms (dy 0.0, range 1)
F16 [F16] vein sweep: +2u walked from the drops (3 dug)
F16 vein sweep: 3 ores dug beside the gallery (floor lock)
F15 [F15] vein sweep: lip dig refused - sealed floor (air 0, dy 0.0)
F10 [F10] water: drowning rescue start (drowning, oxygen 12)
F10 [F10] water: pass 0 head=wet shore=none land=n/a y=46.0 o2=12 probes=0 at=[-136,46,417]
F19 [F19] climb bridge: placed cobblestone at [-111,57,406] (support) - the step re-judges
F16 [F16] climb bridge: placed cobblestone at [-136,58,421] (support) - the step re-judges
F18 climb out (wood trip): OK +6 levels (6 steps, 17 dug, 14s)
F10 [F10] water: deep-pocket ascend - dug the ceiling stone at [-136,49,416] (jump stalled 4+ passes, o2 17)
F10 [F10] water: pass 8 head=wet shore=none land=n/a y=47.2 o2=19 probes=0 at=[-135,47,417]
F10 [F10] water: frozen physics (10 flat passes at y=47.3, o2=20, head WET) - standing down, the reconnect lane owns this
F10 [F10] water: rescue standing down (frozen physics - the walk gate reopens, the reconnect lane owns a dead client) in 3.0s
F10 [F10] water: frozen client relog (#1 consecutive) (frozen while head-wet (1 verdict) - the drowning clock owns this client) - ending the session, the reconnect lane rebuilds the physics; the drowning sentry holds non-critical pages 10s (the frozen-return gate)
F10 [F10] water: hazard memorized at [-136,47,416] (4 live, fleet-wide)
F13 [F13] vein sweep: 4 drop(s) in reach (8 dug)
F3 [F3] climb bridge: unavailable (no solid floor underfoot)
F3 [F3] climb diag: level at y=44 blocked toward 1,0 (dug=64)
F15 [F15] vein sweep: +6u walked from the drops (4 dug)
F15 [F15] vein sweep: 1 below-plane walk(s) still failed on the wide goal (range 2) - the drop rests deeper than the lip
F15 [F15] vein sweep: 5 above-plane walk(s) timed out on the wide goal (range 2) - the ledge family (the v0.189.0 class, the triage names it)
F15 vein sweep: 4 ores dug beside the gallery (ore detour)
F3 [F3] climb bridge: placed cobblestone at [-86,43,422] (support) - the step re-judges
F5 [F5] craft torches: skip (no spare sticks: sticks 2 coals 0)
F13 [F13] vein sweep: +25u walked from the drops (8 dug)
F13 vein sweep: 8 ores dug beside the gallery (ore detour)
F5 bank trip: planned budget 178s
F5 climb out (bank): the yard stands 39 levels up over 19b lateral - the climb raises its target to the yard's level
[hb] n=14 ts=281s rss=385M late=72ms mainLate=854ms
F7 [F7] climb bridge: unavailable (no solid floor underfoot)
F7 [F7] climb diag: level at y=65 blocked toward 0,1 (dug=57)
F14 [F14] climb rise assist: assist did not complete (goto: doomed goal (ledgered 5s ago at [-114,53,406]) - climb rise assist refused)
F13 [F13] craft torches: skip (no coal: sticks 4 coals 0)
t-319s alive=19/19 mined=1357 map=736p/12ch banked=0 smelted=0 pocket=1527u/224s | sand=0 gravel=13 dirt=182 stone=0
   deficits: 157926/0 (0.0%) 149380/13 (0.0%) 31860/0 (0.0%) 27420/0 (0.0%) 10725/49 (0.5%)
   F1=95[cobblestone:31 diorite:17 andesite:16] | F2=150[cobblestone:119 torch:22 raw_copper:14] | F3=131[cobblestone:88 granite:18 diorite:7] | F4=15[oak_planks:12 oak_log:8 stick:2] | F5=56[cobblestone:42 andesite:18 dirt:16] | F6=108[cobblestone:55 granite:35 raw_iron:12] | F7=91[cobblestone:50 dirt:16 gravel:7] | F8=70[oak_log:3 oak_sapling:2] | F9=60[cobblestone:36 oak_planks:5 dirt:4] | F10=75[cobblestone:36 granite:17 stick:5] | F11=37[dirt:26 stick:5 leaf_litter:5] | F12=56[diorite:19 cobblestone:12 stick:6] | F13=75[cobblestone:42 raw_copper:31 dirt:9] | F14=64[coal:39 oak_log:11 oak_planks:7] | F15=42[dirt:19 cobblestone:14 granite:8] | F16=50[dirt:25 cobblestone:7 oak_planks:5] | F17=58[cobblestone:38 dirt:6 coal:4] | F18=53[cobblestone:25 dirt:11 gravel:6] | F19=71[cobblestone:51 dirt:7 diorite:5]
   mem: heap=109M/150M old=-1M ext=123M ab=121M rss=383M cols=1925 ents=3115 evicted=881 path=3a/0q (max 6) stale=0
F3 [F3] climb bridge: placed cobblestone at [-86,43,423] (pit) - the step re-judges
F7 [F7] climb bridge: placed cobblestone at [-112,64,445] (support) - the step re-judges
F15 [F15] climb bridge: unavailable (no solid floor underfoot)
F15 [F15] climb diag: level at y=45 blocked toward 0,-1 (dug=2)
F3 [F3] climb bridge: placed cobblestone at [-86,44,423] (support) - the step re-judges
F7 [F7] climb bridge: placed cobblestone at [-112,64,446] (support) - the step re-judges
F13 [F13] craft torches: skip (no coal: sticks 4 coals 0)
F13 [F13] craft torches: skip (no coal: sticks 4 coals 0)
F13 tunnel: steering coal_ore @ 5b (axis z--1, cross 2.636154088482016, floor lock)
F7 [F7] climb diag: level at y=66 blocked toward -1,0 (dug=57)
F14 [F14] climb run-up: gallery opened toward 0,-1 (digs 2) - the rise re-judges from the L-mouth
F14 [F14] climb diag: level at y=54 did not rise (food=20, dug=7) feet=air support=andesite step=air head=air
F7 [F7] climb diag: level at y=65 blocked toward 0,-1 (dug=57)
F10 [F10] climb diag: level at y=46 blocked toward -1,0 (dug=10) dig failed at [-137,47,416] stone (held=stone_pickaxe, airborne, post=water STILL THERE (server never broke it))
F7 climb out (trip): failed - stalled
F7 map trip skipped: cannot leave the shaft
F16 [F16] climb diag: level at y=65 blocked toward 0,-1 (dug=11)
F13 tunnel: 2 blocks (branch mine at the floor, steered, floor lock)
F7 [F7] craft torches: skip (no coal: sticks 6 coals 0)
F16 [F16] climb bridge: placed cobblestone at [-135,64,415] (support) - the step re-judges
F13 [F13] vein sweep: 8 drop(s) in reach (1 dug)
F16 [F16] climb diag: level at y=66 blocked toward 1,0 (dug=11)
F16 [F16] climb diag: level at y=65 blocked toward 0,1 (dug=11)
F14 [F14] climb diag: level at y=53 blocked toward 1,0 (dug=11)
F11 [F11] vein sweep: 1 drop(s) in reach (4 dug)
F14 [F14] climb bridge: the server refused the support fill at [-114,52,407] - the rotate ladder owns it (held=cobblestone, 0.9b, ref=diorite, post=? (re-read failed))
F14 [F14] climb diag: level at y=52 blocked toward 0,1 (dug=11)
F12 [F12] vein sweep: 0 drop(s) in reach (12 dug)
F12 vein sweep: 12 ores dug beside the gallery (floor lock)
F1 [F1] climb diag: level at y=59 blocked toward 1,0 (dug=48)
F12 [F12] climb bridge: placed cobblestone at [-145,43,405] (support) - the step re-judges
F11 [F11] vein sweep: the drop walk to [-147,57,423] failed - sweep drops: timeout after 4000ms (dy -2.0, range 2)
F11 [F11] vein sweep: +1u walked from the drops (4 dug)
F11 [F11] vein sweep: 1 below-plane walk(s) still failed on the wide goal (range 2) - the drop rests deeper than the lip
F11 vein sweep: 4 ores dug beside the gallery (floor lock)
F13 [F13] vein sweep: the drop walk to [-125,45,412] failed - sweep drops: timeout after 4000ms (dy 0.2, range 2)
F1 [F1] climb bridge: placed cobblestone at [-82,57,413] (pit) - the step re-judges
F11 [F11] climb bridge: placed cobblestone at [-150,59,420] (support) - the step re-judges
F1 [F1] climb bridge: placed cobblestone at [-82,58,413] (support) - the step re-judges
t-303s alive=19/19 mined=1508 map=766p/13ch banked=0 smelted=0 pocket=1672u/227s | sand=0 gravel=13 dirt=213 stone=0
   deficits: 157926/0 (0.0%) 149380/13 (0.0%) 31860/0 (0.0%) 27420/0 (0.0%) 10725/69 (0.6%)
   F1=106[cobblestone:39 diorite:17 andesite:16] | F2=162[cobblestone:131 torch:22 raw_copper:14] | F3=145[cobblestone:96 granite:23 diorite:7] | F4=15[oak_planks:12 oak_log:8 stick:3] | F5=73[cobblestone:58 andesite:18 dirt:16] | F6=129[cobblestone:64 granite:35 dirt:14] | F7=111[cobblestone:65 dirt:19 leaf_litter:9] | F8=74[oak_log:5 birch_log:3 oak_sapling:1] | F9=60[cobblestone:36 oak_planks:5 dirt:4] | F10=75[cobblestone:36 granite:17 stick:5] | F11=43[dirt:31 stick:5 leaf_litter:5] | F12=63[diorite:19 cobblestone:15 stick:6] | F13=79[cobblestone:45 raw_copper:31 dirt:9] | F14=73[coal:39 oak_log:11 andesite:10] | F15=52[dirt:19 cobblestone:16 andesite:9] | F16=53[dirt:27 oak_planks:5 stick:5] | F17=58[cobblestone:40 dirt:6 coal:4] | F18=53[cobblestone:25 dirt:11 gravel:6] | F19=84[cobblestone:55 dirt:18 diorite:5]
   mem: heap=105M/152M old=-1M ext=123M ab=120M rss=384M cols=1919 ents=3039 evicted=928 path=5a/0q (max 6) stale=0
F14 [F14] climb rise assist: assist did not complete (goto: doomed goal (ledgered 21s ago at [-116,54,406]) - climb rise assist refused)
F19 [F19] climb diag: level at y=68 blocked toward 1,0 (dug=23)
F13 [F13] vein sweep: the drop walk to [-117,43,411] failed - sweep drops: timeout after 4000ms (dy -1.7, range 2)
F11 [F11] climb bridge: placed dirt at [-151,59,420] (pit) - the step re-judges
F4 [F4] craft torches: stick-dry but 10 planks held - one stick batch first
F6 [F6] climb bridge: placed cobblestone at [-82,65,404] (support) - the step re-judges
F10 [F10] climb diag: level at y=47 blocked toward 0,1 (dug=10, wet) at [0,1,0] water (stop)
F11 [F11] climb bridge: placed dirt at [-151,60,420] (support) - the step re-judges
F19 [F19] climb bridge: placed cobblestone at [-102,68,408] (support) - the step re-judges
F19 [F19] climb diag: level at y=70 blocked toward 0,1 (dug=23)
F19 [F19] climb diag: level at y=69 blocked toward -1,0 (dug=23)
[hb] n=15 ts=301s rss=383M late=77ms mainLate=444ms
F7 tunnel: 2 blocks (branch mine at the floor, ore detour)
F6 climb out (trip): OK +26 levels (25 steps, 76 dug, 73s)
F16 [F16] climb rise assist: repositioned to -128,64,416 - the loop re-judges
F6 map trip skipped: sand,coal_ore unreachable
F15 [F15] climb wet escape: 8 blocks walked (budget, walked 1/4)
F15 [F15] climb bridge: unavailable (no solid floor underfoot)
F15 [F15] climb diag: level at y=44 blocked toward 1,0 (dug=17)
F6 [F6] craft torches: skip (no coal: sticks 3 coals 0)
F4 [F4] craft stick: variant#2 attempt0 failed: craft stick: timeout after 7000ms
F4 [F4] [tools] closing stale craft window (minecraft:inventory) - grid recovery
F7 [F7] vein sweep: 4 drop(s) in reach (5 dug)
F3 climb out (trip): failed - timeout
F3 map trip skipped: cannot leave the shaft
F11 climb out (trip): OK +5 levels (5 steps, 9 dug, 14s)
F16 [F16] climb rise assist: repositioned to -120,64,416 - the loop re-judges
F19 climb out (trip): failed - stalled
F19 map trip skipped: cannot leave the shaft
F3 tool upgrade due: cobble available -> stone_pickaxe
F3 [toolupgrade] [upgrade] craft stick: no craftable recipe variant (ingredients missing?)
F7 [F7] vein sweep: the drop walk to [-111,41,449] failed - sweep drops: timeout after 4000ms (dy -2.0, range 2)
F11 [F11] craft torches: skip (no coal: sticks 5 coals 0)
F16 climb out (trip): failed - stalled
F16 map trip skipped: cannot leave the shaft
F19 [F19] craft torches: skip (no coal: sticks 3 coals 0)
F11 [F11] digShaft: water table y=57 (region strike) - stopping above the aquifer, the tunnel owns this level (regions 1)
F11 map trip: coal_ore
F1 climb out (trip): failed - timeout
F1 map trip skipped: cannot leave the shaft
F16 [F16] craft torches: skip (no coal: sticks 5 coals 0)
t-288s alive=19/19 mined=1627 map=767p/13ch banked=0 smelted=0 pocket=1813u/236s | sand=0 gravel=13 dirt=226 stone=0
   deficits: 157926/0 (0.0%) 149380/13 (0.0%) 31860/0 (0.0%) 27420/0 (0.0%) 10725/82 (0.8%)
   F1=117[cobblestone:49 diorite:17 andesite:16] | F2=173[cobblestone:142 torch:22 raw_copper:14] | F3=152[cobblestone:99 granite:23 diorite:7] | F4=15[oak_log:8 oak_planks:8 stick:1] | F5=91[cobblestone:71 andesite:18 dirt:16] | F6=148[cobblestone:72 granite:35 dirt:18] | F7=119[cobblestone:69 dirt:19 leaf_litter:9] | F8=74[oak_planks:12 birch_planks:6 stick:4] | F9=60[cobblestone:36 oak_planks:5 dirt:4] | F10=75[cobblestone:36 granite:17 stick:5] | F11=50[dirt:36 leaf_litter:8 stick:5] | F12=74[cobblestone:23 diorite:23 stick:6] | F13=79[cobblestone:48 raw_copper:31 dirt:9] | F14=83[coal:39 raw_copper:18 diorite:14] | F15=62[dirt:19 andesite:17 cobblestone:17] | F16=57[dirt:27 oak_planks:5 stick:5] | F17=58[cobblestone:41 dirt:6 coal:4] | F18=53[cobblestone:25 dirt:11 gravel:6] | F19=87[cobblestone:53 dirt:20 diorite:5]
   mem: heap=106M/151M old=-1M ext=123M ab=120M rss=389M cols=1918 ents=3073 evicted=969 path=6a/1q (max 6) stale=0
F4 [F4] craft stick: variant#2 attempt1 failed: craft stick: timeout after 7000ms
F4 [F4] [tools] closing stale craft window (minecraft:inventory) - grid recovery
F6 tool upgrade due: worn (left=11/131) -> stone_pickaxe
F6 [toolupgrade] craft crafting_table: no craftable recipe variant (ingredients missing?)
F13 [F13] vein sweep: +7u walked from the drops (1 dug)
F13 [F13] vein sweep: 1 below-plane walk(s) still failed on the wide goal (range 2) - the drop rests deeper than the lip
F13 [F13] vein sweep: 5 above-plane walk(s) timed out on the wide goal (range 2) - the ledge family (the v0.189.0 class, the triage names it)
F13 vein sweep: 1 ores dug beside the gallery (floor lock)
F13 bank trip: planned budget 175s
F13 climb out (bank): the yard stands 40 levels up over 4b lateral - the climb raises its target to the yard's level
F10 [F10] climb diag: level at y=47 blocked toward 0,1 (dug=10, wet) at [0,1,0] water (stop)
F7 [F7] vein sweep: the drop walk to [-115,46,454] failed - sweep drops: timeout after 4000ms (dy 3.0, range 2)
F7 [F7] vein sweep: +2u walked from the drops (5 dug)
F7 [F7] vein sweep: 1 below-plane walk(s) still failed on the wide goal (range 2) - the drop rests deeper than the lip
F7 [F7] vein sweep: 1 above-plane walk(s) timed out on the wide goal (range 2) - the ledge family (the v0.189.0 class, the triage names it)
F7 [F7] vein sweep: 2 deep drop(s) skipped (dy < -2 - the lip sphere cannot reach, the walk was a guaranteed spiral)
F7 vein sweep: 5 ores dug beside the gallery (ore detour)
F7 bank trip: planned budget 186s
F7 climb out (bank): the yard stands 38 levels up over 35b lateral - the climb raises its target to the yard's level
F3 [toolupgrade] [upgrade] upgraded: wooden_shovel,stone_pickaxe,wooden_pickaxe,wooden_pickaxe
F3 tool upgrade: OK -> stone_pickaxe (wooden_shovel,stone_pickaxe,wooden_pickaxe,wooden_pickaxe)
F3 [F3] craft torches: stick-dry but 5 planks held - one stick batch first
F4 [F4] craft stick: all 1 variant(s) failed, last: craft stick: timeout after 7000ms
F4 [F4] craft torches: skip (no spare sticks: sticks 1 coals 0)
F4 tool recovery: OK (wooden_pickaxe)
F4 spare pick due: spare (planks available)
F6 [toolupgrade] plank rung: converted 1->5 same-type planks (need 4, from oak_log)
F19 [F19] torch: the placement did not land (dry) x1 - the streak names itself once, a landing re-arms it
F3 [F3] craft torches: skip (no coal: sticks 5 coals 0)
F8 [F8] craft torches: stick-dry but 14 planks held - one stick batch first
F8 [F8] craft torches: skip (no coal: sticks 4 coals 0)
F6 [toolupgrade] spare table: crafted
F16 [F16] digShaft: water hazard 0.7b away (live 4) - refusing this column, the caller rotates
F16 tunnel: steering coal_ore @ 3.3b (axis x--1, cross 0.5, ore detour)
F9 map trip skipped: sand,coal_ore unreachable
F8 tool recovery: OK (wooden_pickaxe)
F8 spare pick due: spare (planks available)
F8 spare pick: OK (wooden_pickaxe, holds 2)
F8 sword due: planks available
F6 [toolupgrade] stone_pickaxe: crafted (worn (left=11/131))
F6 tool upgrade: OK -> stone_pickaxe (worn (left=11/131))
F6 [F6] craft torches: stick-dry with logs held - one plank conversion first
F8 sword: OK (wooden_sword, holds 1)
F8 sword: OK (wooden_sword)
F8 [F8] craft torches: stick-dry but 7 planks held - one stick batch first
F8 [F8] craft torches: skip (no coal: sticks 5 coals 0)
F3 tunnel: steering iron_ore @ 5.7b (axis z--1, cross 1.4999987248026088, ore detour)
F6 [F6] [tools] closing stale craft window (minecraft:inventory) - grid recovery
F6 [F6] craft oak_planks: no craftable recipe variant (ingredients missing?)
F6 [F6] craft torches: skip (no spare sticks: sticks 1 coals 0)
[hb] n=16 ts=321s rss=385M late=78ms mainLate=430ms
F13 [F13] climb rise assist: assist did not complete (goto: climb rise assist: timeout after 4500ms)
F9 [F9] craft torches: skip (no coal: sticks 3 coals 0)
F13 [F13] climb diag: level at y=42 did not rise (food=20, dug=1) feet=air support=air step=stone head=air
F4 craft stick: variant#2 attempt0 failed: craft stick: timeout after 7000ms
F4 [tools] closing stale craft window (minecraft:inventory) - grid recovery
F4 craft storm: 3 consecutive craft timeouts - cooldown 4000ms (server stall?)
F4 craft stick: all 1 variant(s) failed, last: craft stick: timeout after 7000ms
F4 spare pick: stick craft did not land
F4 sword due: planks available
F4 craft wooden_sword: storm cooldown 3993ms left (3 consecutive timeouts) - refusing
F4 sword: craft did not land (wooden_sword, holds 0)
F4 [F4] craft torches: stick-dry but 9 planks held - one stick batch first
F4 [F4] craft stick: storm cooldown 3992ms left (3 consecutive timeouts) - refusing
F4 [F4] craft torches: skip (no spare sticks: sticks 1 coals 0)
F3 tunnel: 2 blocks (branch mine at the floor, steered, ore detour)
F6 tunnel: steering iron_ore @ 4.6b (axis x--1, cross 0.5, ore detour)
F19 tunnel: steering iron_ore @ 4b (axis x--1, cross 0.5, ore detour)
F9 tunnel: steering coal_ore @ 7.1b (axis z+, cross 0.5, ore detour)
F3 [F3] vein sweep: 5 drop(s) in reach (5 dug)
t-273s alive=19/19 mined=1812 map=767p/13ch banked=0 smelted=0 pocket=2012u/249s | sand=0 gravel=13 dirt=273 stone=0
   deficits: 157926/0 (0.0%) 149380/13 (0.0%) 31860/0 (0.0%) 27420/0 (0.0%) 10725/86 (0.8%)
   F1=117[cobblestone:49 dirt:20 diorite:17] | F2=185[cobblestone:154 torch:22 raw_copper:14] | F3=167[cobblestone:104 granite:25 diorite:7] | F4=22[oak_planks:9 oak_log:8 cobblestone:4] | F5=109[cobblestone:80 dirt:26 andesite:18] | F6=166[cobblestone:81 granite:40 dirt:18] | F7=128[cobblestone:79 dirt:19 leaf_litter:9] | F8=87[dirt:7 oak_planks:5 stick:5] | F9=68[cobblestone:40 oak_planks:5 dirt:4] | F10=75[cobblestone:36 granite:17 stick:5] | F11=50[dirt:49 leaf_litter:8 stick:5] | F12=86[cobblestone:29 diorite:29 stick:6] | F13=87[cobblestone:55 raw_copper:31 dirt:9] | F14=97[coal:39 cobblestone:21 raw_copper:18] | F15=70[cobblestone:22 andesite:20 dirt:19] | F16=72[dirt:31 cobblestone:12 oak_planks:5] | F17=58[cobblestone:41 dirt:6 coal:4] | F18=53[cobblestone:25 dirt:11 gravel:6] | F19=115[cobblestone:78 dirt:21 diorite:7]
   mem: heap=120M/150M old=-1M ext=122M ab=120M rss=386M cols=1893 ents=3078 evicted=1015 path=5a/0q (max 6) stale=0
F4 [F4] torch: the placement did not land (dry) x1 - the streak names itself once, a landing re-arms it
F9 tunnel: 2 blocks (branch mine at the floor, steered, ore detour)
F4 tool upgrade due: cobble available -> stone_pickaxe
F8 reloot: walking to the own death spot [-117,43,409] (19b, budget 14s, window 203s)
F8 reloot: no-path retry at range 8 (budget 14s) - the dry rim inside the sphere counts as arrival
F10 climb out (trip): failed - stalled
F10 map trip skipped: cannot leave the shaft
F8 reloot: surface retry at [-117,49,409] (budget 14s) - the floating stacks live at the water surface
F3 [F3] vein sweep: the drop walk to [-84,46,430] failed - sweep drops: timeout after 4000ms (dy 3.0, range 2)
F6 tunnel: 12 blocks (branch mine at the floor, steered, ore detour)
F11 [F11] craft torches: skip (no coal: sticks 5 coals 0)
F11 [F11] digShaft: water table y=57 (region strike) - stopping above the aquifer, the tunnel owns this level (regions 1)
F11 [F11] craft torches: skip (no coal: sticks 5 coals 0)
F11 [F11] digShaft: water table y=57 (region strike) - stopping above the aquifer, the tunnel owns this level (regions 1)
F11 tunnel: steering coal_ore @ 8.6b (axis x+, cross 2.4995999602247707, floor lock)
F8 reloot: surface failed (No path to the goal!) - the drops stay lost
F8 tool upgrade due: cobble available -> stone_pickaxe
F19 tunnel: 12 blocks (branch mine at the floor, steered, ore detour)
F5 [F5] climb bridge: unavailable (no solid floor underfoot)
F5 [F5] climb diag: level at y=66 blocked toward 0,1 (dug=57)
F4 [toolupgrade] [upgrade] upgraded: stone_pickaxe,wooden_pickaxe,wooden_shovel
F4 tool upgrade: OK -> stone_pickaxe (stone_pickaxe,wooden_pickaxe,wooden_shovel)
F4 [F4] craft torches: skip (no coal: sticks 3 coals 0)
F5 [F5] climb bridge: placed cobblestone at [-106,65,442] (support) - the step re-judges
F19 [F19] vein sweep: 8 drop(s) in reach (4 dug)
F16 [F16] water: drowning rescue start (drowning, oxygen 12)
F16 [F16] water: pass 0 head=wet shore=none land=n/a y=48.0 o2=12 probes=0 at=[-123,48,410]
F2 climb out (bank): failed - timeout
F2 climb out (bank): retry (escalated retry after timeout, fenced to 90s of the 114s the chain has left)
F8 [toolupgrade] [upgrade] upgraded: stone_pickaxe,wooden_shovel,wooden_pickaxe,wooden_pickaxe
F8 tool upgrade: OK -> stone_pickaxe (stone_pickaxe,wooden_shovel,wooden_pickaxe,wooden_pickaxe)
F8 [F8] craft torches: skip (no coal: sticks 3 coals 0)
F5 [F5] climb bridge: placed cobblestone at [-107,65,442] (pit) - the step re-judges
F9 [F9] vein sweep: refused a cell - drop of 4 below the cell (cave?) - the ore waits for a safe angle
F9 [F9] vein sweep: refused a cell - drop of 4 below the cell (cave?) - the ore waits for a safe angle
F9 [F9] vein sweep: 4 drop(s) in reach (10 dug)
F5 [F5] climb bridge: placed cobblestone at [-107,66,442] (support) - the step re-judges
F6 [F6] vein sweep: 7 drop(s) in reach (7 dug)
F16 [F16] water: pass 8 head=dry shore=hit r=2 land=none y=52.6 o2=12 probes=0 at=[-122,53,410]
F4 [F4] craft torches: 1 batch(es) -> 4 torches (sticks 3 coals 1)
F19 [F19] vein sweep: lip dig refused - sealed floor (air 0, dy -1.9)
F3 [F3] vein sweep: the drop walk to [-84,45,432] failed - sweep drops: timeout after 4000ms (dy 1.0, range 2)
F3 [F3] vein sweep: +13u walked from the drops (5 dug)
F3 [F3] vein sweep: 4 above-plane walk(s) timed out on the wide goal (range 2) - the ledge family (the v0.189.0 class, the triage names it)
F3 vein sweep: 5 ores dug beside the gallery (ore detour)
F3 bank trip: planned budget 171s
F3 climb out (bank): the yard stands 38 levels up over 32b lateral - the climb raises its target to the yard's level
F6 [F6] vein sweep: lip dig refused - sealed floor (air 0, dy -2.0)
F16 [F16] water: pass 12 head=wet shore=none land=n/a y=51.3 o2=20 probes=0 at=[-122,51,409]
[hb] n=17 ts=341s rss=389M late=85ms mainLate=1008ms
F16 [F16] water: pass 16 head=wet shore=none land=n/a y=52.0 o2=20 probes=0 at=[-122,52,409]
t-258s alive=19/19 mined=1978 map=805p/13ch banked=0 smelted=0 pocket=2221u/263s | sand=5 gravel=13 dirt=302 stone=0
   deficits: 157926/5 (0.0%) 149380/13 (0.0%) 31860/0 (0.0%) 27420/0 (0.0%) 10725/98 (0.9%)
   F1=117[cobblestone:49 dirt:31 diorite:17] | F2=198[cobblestone:166 torch:22 raw_copper:14] | F3=169[cobblestone:111 granite:26 raw_copper:13] | F4=38[oak_log:8 cobblestone:8 granite:5] | F5=115[cobblestone:77 dirt:27 andesite:18] | F6=179[cobblestone:90 granite:40 dirt:18] | F7=146[cobblestone:79 diorite:22 dirt:19] | F8=102[cobblestone:8 andesite:8 dirt:7] | F9=78[cobblestone:40 raw_copper:30 oak_planks:5] | F10=75[cobblestone:36 granite:17 stick:5] | F11=61[dirt:59 leaf_litter:8 stick:5] | F12=100[diorite:36 cobblestone:29 stick:6] | F13=106[cobblestone:70 raw_copper:31 andesite:10] | F14=103[coal:39 cobblestone:21 raw_copper:18] | F15=80[cobblestone:23 andesite:20 dirt:19] | F16=75[dirt:31 cobblestone:14 coal:9] | F17=58[cobblestone:41 dirt:6 coal:4] | F18=53[cobblestone:25 dirt:11 gravel:6] | F19=125[cobblestone:82 dirt:21 diorite:12]
   mem: heap=106M/152M old=-1M ext=119M ab=117M rss=387M cols=1863 ents=2998 evicted=1055 path=6a/2q (max 6) stale=0
F19 [F19] vein sweep: lip dig refused - sealed floor (air 0, dy -0.2)
F11 tunnel: 12 blocks (branch mine at the floor, steered, floor lock)
F6 [F6] vein sweep: the drop walk to [-92,42,412] failed - sweep drops: timeout after 4000ms (dy -0.9, range 2)
F5 [F5] climb: walkable surface at y=68 (+25 levels, dug=61) - the walk takes over (blocked step)
F5 climb out (bank): OK +25 levels (24 steps, 61 dug, undefineds)
F5 bank: smelt hold skipped - no fuel in pocket (coal 0)
F16 [F16] water: pass 24 head=wet shore=none land=n/a y=51.5 o2=20 probes=0 at=[-122,52,409]
F16 tunnel: 11 blocks (branch mine at the floor, steered, ore detour)
F16 [F16] water: pass 31 head=wet shore=none land=n/a y=51.2 o2=19 probes=0 at=[-122,51,409]
F11 [F11] vein sweep: 3 drop(s) in reach (3 dug)
F11 [F11] vein sweep: the drop walks picked nothing (pocket delta 0, 0 failed walk(s))
F11 [F11] vein sweep: 3 deep drop(s) skipped (dy < -2 - the lip sphere cannot reach, the walk was a guaranteed spiral)
F11 vein sweep: 3 ores dug beside the gallery (floor lock)
F9 [F9] vein sweep: the drop walk to [-105,47,435] failed - sweep drops: timeout after 4000ms (dy 3.0, range 2)
F9 [F9] vein sweep: the drop walk to [-105,47,433] failed - spin breaker: sweep drops re-issued 2x inside the 10s window after its own pf:done - sweep drops refused for 30s (the sync re-issue breaker: the goal->done->goal churn starves the timers, the run53 alloc-storm class) (dy 3.1, range 2)
F9 [F9] vein sweep: +11u walked from the drops (10 dug)
F9 [F9] vein sweep: 2 above-plane walk(s) timed out on the wide goal (range 2) - the ledge family (the v0.189.0 class, the triage names it)
F9 vein sweep: 10 ores dug beside the gallery (ore detour)
F9 bank trip: planned budget 162s
F9 climb out (bank): the yard stands 38 levels up over 34b lateral - the climb raises its target to the yard's level
F16 [F16] water: pass 38 head=dry shore=hit r=2 land=none y=52.1 o2=20 probes=0 at=[-122,52,409]
F19 [F19] vein sweep: the drop walk to [-96,41,407] failed - spin breaker: sweep drops re-issued 2x inside the 10s window after its own pf:done - sweep drops refused for 30s (the sync re-issue breaker: the goal->done->goal churn starves the timers, the run53 alloc-storm class) (dy 0.0, range 1)
F19 [F19] vein sweep: the drop walk to [-96,42,409] failed - spin breaker: sweep drops re-issued 2x inside the 10s window after its own pf:done - sweep drops refused for 30s (the sync re-issue breaker: the goal->done->goal churn starves the timers, the run53 alloc-storm class, hold live) (dy 1.0, range 2)
F19 [F19] vein sweep: +10u walked from the drops (4 dug)
F19 [F19] vein sweep: 1 above-plane walk(s) timed out on the wide goal (range 2) - the ledge family (the v0.189.0 class, the triage names it)
F19 vein sweep: 4 ores dug beside the gallery (ore detour)
F19 bank trip: planned budget 161s
F19 climb out (bank): the yard stands 41 levels up over 32b lateral - the climb raises its target to the yard's level
F11 [F11] craft torches: skip (no coal: sticks 5 coals 0)
F11 [F11] digShaft: water table y=57 (region strike) - stopping above the aquifer, the tunnel owns this level (regions 1)
F11 [F11] craft torches: skip (no coal: sticks 5 coals 0)
F11 [F11] digShaft: water table y=57 (region strike) - stopping above the aquifer, the tunnel owns this level (regions 1)
F11 tunnel: steering coal_ore @ 6.4b (axis x+, cross 3.4997459162683526, floor lock)
F16 [F16] water: pass 44 head=wet shore=none land=n/a y=50.9 o2=20 probes=0 at=[-122,51,409]
F19 [F19] climb bridge: placed cobblestone at [-97,41,407] (support) - the step re-judges
F6 [F6] vein sweep: the drop walk to [-96,41,408] failed - sweep drops: timeout after 4000ms (dy -1.0, range 2)
F16 [F16] water: pass 51 head=wet shore=none land=n/a y=51.7 o2=20 probes=0 at=[-122,52,409]
F8 climb out (trip): OK +6 levels (6 steps, 17 dug, 15s)
F1 tool upgrade due: cobble available -> stone_pickaxe
F14 climb out (trip): failed - timeout
F14 map trip skipped: cannot leave the shaft
F16 [F16] water: pass 57 head=wet shore=none land=n/a y=51.1 o2=20 probes=0 at=[-122,51,409]
F5 [F5] approach: 1 segment(s) walked in 11.5s, goal now d=19.9 (inside the direct envelope)
F14 tool upgrade due: cobble available -> stone_pickaxe
F6 [F6] vein sweep: +6u walked from the drops (7 dug)
F6 [F6] vein sweep: 3 below-plane walk(s) still failed on the wide goal (range 2) - the drop rests deeper than the lip
F6 [F6] vein sweep: 3 deep drop(s) skipped (dy < -2 - the lip sphere cannot reach, the walk was a guaranteed spiral)
F6 vein sweep: 7 ores dug beside the gallery (ore detour)
F6 bank trip: planned budget 154s
F6 climb out (bank): the yard stands 40 levels up over 23b lateral - the climb raises its target to the yard's level
F16 bank trip: planned budget 154s
F16 climb out (bank): the yard stands 31 levels up over 6b lateral - the climb raises its target to the yard's level
F16 climb out (bank): failed - rescue owns the bot
F16 climb out (bank): no retry (no retry for 'rescue owns the bot')
F16 climb out (trip): failed - rescue owns the bot
F16 map trip skipped: cannot leave the shaft
F16 tool upgrade due: cobble available -> stone_pickaxe
F1 [toolupgrade] [upgrade] upgraded: stone_pickaxe,wooden_shovel,wooden_pickaxe
F1 tool upgrade: OK -> stone_pickaxe (stone_pickaxe,wooden_shovel,wooden_pickaxe)
F1 [F1] craft torches: the metal fuel reserve holds all 1 coal for the furnace (9 raw metal held)
t-243s alive=19/19 mined=2132 map=802p/13ch banked=0 smelted=0 pocket=2393u/270s | sand=15 gravel=13 dirt=312 stone=0
   deficits: 157926/15 (0.0%) 149380/13 (0.0%) 31860/0 (0.0%) 27420/0 (0.0%) 10725/106 (1.0%)
   F1=118[cobblestone:46 dirt:32 diorite:17] | F2=210[cobblestone:169 torch:22 raw_copper:14] | F3=190[cobblestone:130 granite:26 raw_copper:17] | F4=56[cobblestone:15 granite:14 oak_log:8] | F5=115[cobblestone:77 dirt:27 andesite:18] | F6=181[cobblestone:94 granite:40 dirt:18] | F7=164[cobblestone:87 diorite:28 dirt:19] | F8=114[cobblestone:19 raw_copper:17 andesite:8] | F9=85[cobblestone:45 raw_copper:30 diorite:8] | F10=75[cobblestone:36 granite:17 stick:5] | F11=71[dirt:67 leaf_litter:8 stick:5] | F12=108[diorite:36 cobblestone:29 sand:15] | F13=125[cobblestone:81 raw_copper:31 andesite:18] | F14=106[coal:39 cobblestone:19 raw_copper:18] | F15=94[cobblestone:30 granite:23 andesite:20] | F16=75[dirt:31 cobblestone:11 coal:9] | F17=58[cobblestone:41 dirt:6 coal:4] | F18=53[cobblestone:25 dirt:11 gravel:6] | F19=134[cobblestone:83 dirt:21 diorite:18]
   mem: heap=105M/150M old=-1M ext=120M ab=117M rss=386M cols=1875 ents=3018 evicted=1073 path=4a/0q (max 6) stale=0
F16 [toolupgrade] [upgrade] upgraded: stone_pickaxe,wooden_shovel,wooden_pickaxe,wooden_pickaxe
F16 tool upgrade: OK -> stone_pickaxe (stone_pickaxe,wooden_shovel,wooden_pickaxe,wooden_pickaxe)
F16 [F16] craft torches: 1 batch(es) -> 4 torches (sticks 3 coals 9)
F14 [toolupgrade] [upgrade] upgraded: wooden_shovel,stone_pickaxe,wooden_pickaxe
F14 tool upgrade: OK -> stone_pickaxe (wooden_shovel,stone_pickaxe,wooden_pickaxe)
F14 sword due: cobble available
F14 sword: OK (stone_sword, holds 1)
F14 sword: OK (stone_sword)
F14 [F14] craft torches: 1 batch(es) -> 4 torches (sticks 3 coals 39, the metal reserve keeps 3)
F1 [F1] craft torches: the metal fuel reserve holds all 1 coal for the furnace (9 raw metal held)
F16 [F16] water: rescue timeout (still wet, 73 passes, 0 probes, tail dry/dry/wet) in 25.2s
F16 [F16] water: hazard memorized at [-123,51,409] (3 live, fleet-wide)
[hb] n=18 ts=361s rss=389M late=91ms mainLate=333ms
F1 [F1] craft torches: the metal fuel reserve holds all 1 coal for the furnace (9 raw metal held)
F16 [F16] water: drowning rescue start (drowning, oxygen 19)
F16 [F16] water: pass 0 head=wet shore=none land=n/a y=50.9 o2=19 probes=0 at=[-122,51,409]
F1 [F1] craft torches: the metal fuel reserve holds all 1 coal for the furnace (9 raw metal held)
F1 [F1] craft torches: the metal fuel reserve holds all 1 coal for the furnace (9 raw metal held)
F1 [F1] craft torches: the metal fuel reserve holds all 1 coal for the furnace (9 raw metal held)
F6 [F6] climb bridge: placed cobblestone at [-93,42,411] (pit) - the step re-judges
F1 [F1] craft torches: the metal fuel reserve holds all 1 coal for the furnace (9 raw metal held)
F11 tunnel: 12 blocks (branch mine at the floor, steered, floor lock)
F1 [F1] craft torches: the metal fuel reserve holds all 1 coal for the furnace (9 raw metal held)
F15 climb out (trip): OK +12 levels (15 steps, 57 dug, 8 traversed, 86s)
F6 [F6] climb bridge: placed cobblestone at [-93,43,411] (support) - the step re-judges
F16 [F16] water: pass 8 head=wet shore=none land=n/a y=51.9 o2=20 probes=0 at=[-122,52,409]
F1 [F1] craft torches: the metal fuel reserve holds all 1 coal for the furnace (9 raw metal held)
F11 [F11] craft torches: skip (no coal: sticks 5 coals 0)
F11 [F11] digShaft: water table y=57 (region strike) - stopping above the aquifer, the tunnel owns this level (regions 1)
F11 [F11] craft torches: skip (no coal: sticks 5 coals 0)
F11 [F11] digShaft: water table y=57 (region strike) - stopping above the aquifer, the tunnel owns this level (regions 1)
F11 tunnel: steering coal_ore @ 3.9b (axis z+, cross 0.5, floor lock)
F15 map trip skipped: sand,coal_ore unreachable
F1 [F1] craft torches: the metal fuel reserve holds all 1 coal for the furnace (9 raw metal held)
F1 [F1] craft torches: the metal fuel reserve holds all 1 coal for the furnace (9 raw metal held)
F7 [F7] climb bridge: placed cobblestone at [-114,63,472] (support) - the step re-judges
F5 [F5] raw hop failed: raw walk: no net progress for 8014ms (best d=18.8) - pathfinder retry
F1 [F1] craft torches: the metal fuel reserve holds all 1 coal for the furnace (9 raw metal held)
F16 [F16] water: pass 13 head=wet shore=none land=n/a y=51.0 o2=20 probes=0 at=[-122,51,409]
F15 tool upgrade due: cobble available -> stone_pickaxe
F7 [F7] climb diag: level at y=65 blocked toward 0,1 (dug=53)
F7 [F7] climb diag: level at y=64 blocked toward -1,0 (dug=53)
F1 [F1] craft torches: the metal fuel reserve holds all 1 coal for the furnace (9 raw metal held)
F1 [F1] craft torches: the metal fuel reserve holds all 1 coal for the furnace (9 raw metal held)
F16 tunnel: steering coal_ore @ 2.5b (axis x+, cross 0.6999999999999886, ore detour)
F1 [F1] craft torches: the metal fuel reserve holds all 1 coal for the furnace (9 raw metal held)
F6 [F6] climb bridge: placed cobblestone at [-93,43,412] (pit) - the step re-judges
F16 [F16] water: pass 18 head=wet shore=none land=n/a y=51.1 o2=20 probes=0 at=[-122,51,409]
F4 climb out (trip): OK +11 levels (11 steps, 32 dug, 27s)
F1 [F1] craft torches: the metal fuel reserve holds all 1 coal for the furnace (9 raw metal held)
F1 tunnel: steering copper_ore @ 3b (axis x+, cross 1.6999999999999886, ore detour)
F7 [F7] climb diag: level at y=65 blocked toward 0,-1 (dug=54)
F6 [F6] climb bridge: placed cobblestone at [-93,44,412] (support) - the step re-judges
F14 [F14] digShaft: water strike at y=48 -> water table (regions 2); fluid below (-118, 49, 391) - moving sideways
F4 [F4] craft torches: stick-dry with logs held - one plank conversion first
F12 [F12] climb wet escape: 2 blocks walked (stalled, walked 1/4)
F12 [F12] climb diag: level at y=58 blocked toward 0,-1 (dug=59, wet) at [0,2,0] water (stop)
F12 [F12] water: drowning rescue start (drowning, oxygen 10)
F12 [F12] water: pass 0 head=wet shore=none land=n/a y=58.9 o2=10 probes=0 at=[-159,59,405]
F16 [F16] water: pass 21 head=dry shore=hit r=2 land=none y=52.1 o2=20 probes=0 at=[-122,52,410]
F11 tunnel: 2 blocks (branch mine at the floor, steered, floor lock)
F4 [F4] craft torches: stick-dry but 8 planks held - one stick batch first
F4 [F4] craft torches: 2 batch(es) -> 8 torches (sticks 2 coals 2)
F12 [F12] water: pass 4 head=dry shore=hit r=1 land=none y=62.6 o2=10 probes=0 at=[-158,63,406]
F10 [F10] craft torches: skip (no coal: sticks 5 coals 0)
F16 [F16] water: pass 24 head=wet shore=none land=n/a y=51.2 o2=20 probes=0 at=[-121,51,410]
t-227s alive=19/19 mined=2303 map=827p/14ch banked=0 smelted=0 pocket=2579u/273s | sand=21 gravel=13 dirt=332 stone=0
   deficits: 157926/21 (0.0%) 149380/13 (0.0%) 31860/0 (0.0%) 27420/0 (0.0%) 10725/106 (1.0%)
   F1=143[cobblestone:71 dirt:33 diorite:17] | F2=222[cobblestone:177 torch:22 granite:14] | F3=205[cobblestone:138 granite:26 raw_copper:17] | F4=68[cobblestone:27 granite:14 torch:11] | F5=115[cobblestone:77 dirt:27 andesite:18] | F6=189[cobblestone:98 granite:40 dirt:18] | F7=173[cobblestone:89 diorite:28 dirt:23] | F8=114[cobblestone:19 raw_copper:17 andesite:8] | F9=101[cobblestone:61 raw_copper:30 diorite:8] | F10=75[cobblestone:36 granite:17 stick:5] | F11=80[dirt:74 leaf_litter:8 stick:5] | F12=119[diorite:36 cobblestone:29 sand:21] | F13=142[cobblestone:96 raw_copper:31 andesite:18] | F14=121[coal:38 dirt:21 diorite:21] | F15=98[cobblestone:36 granite:23 dirt:21] | F16=77[dirt:32 cobblestone:12 coal:10] | F17=58[cobblestone:41 dirt:6 coal:4] | F18=53[cobblestone:25 dirt:11 gravel:6] | F19=150[cobblestone:100 dirt:21 diorite:18]
   mem: heap=121M/151M old=-1M ext=120M ab=117M rss=387M cols=1872 ents=2908 evicted=1110 path=5a/0q (max 6) stale=0
F12 [F12] water: rescue complete in 3.6s
F12 [F12] water: hazard memorized at [-159,62,405] (4 live, fleet-wide)
F5 [F5] hop: chest at [-109,82,423] d=24 zero: chest unreachable (Took to long to decide path to goal!)
F5 [F5] chest skip (no path cached 0s ago at [-109,82,421])
F5 [F5] chest skip (no path cached 0s ago at [-109,82,419])
F16 [F16] water: deep-pocket ascend - dug the ceiling crafting_table at [-122,53,409] (jump stalled 4+ passes, o2 20)
F15 [toolupgrade] [upgrade] upgraded: stone_pickaxe,wooden_shovel,wooden_pickaxe
F15 tool upgrade: OK -> stone_pickaxe (stone_pickaxe,wooden_shovel,wooden_pickaxe)
F15 sword due: cobble available
F15 sword: OK (stone_sword, holds 1)
F15 sword: OK (stone_sword)
F15 [F15] craft torches: 1 batch(es) -> 4 torches (sticks 3 coals 2, the metal reserve keeps 1)
F16 [F16] water: pass 32 head=wet shore=none land=n/a y=51.2 o2=20 probes=0 at=[-121,51,410]
F16 [F16] water: frozen physics (10 flat passes at y=51.2, o2=20, head WET) - standing down, the reconnect lane owns this
F16 [F16] water: rescue standing down (frozen physics - the walk gate reopens, the reconnect lane owns a dead client) in 13.5s
F16 [F16] water: frozen client relog (#1 consecutive) (frozen while head-wet (1 verdict) - the drowning clock owns this client) - ending the session, the reconnect lane rebuilds the physics; the drowning sentry holds non-critical pages 10s (the frozen-return gate)
F16 [F16] water: hazard memorized at [-122,51,409] (5 live, fleet-wide)
F15 [F15] digShaft: water table y=52 (region strike) - stopping above the aquifer, the tunnel owns this level (regions 2)
F12 [F12] climb wet escape: 6 blocks walked (budget, walked 2/4)
F11 [F11] vein sweep: 5 drop(s) in reach (4 dug)
F10 retry #1 in 6.0s (Timeout waiting for 4 ticks after 5200ms)
F15 [F15] climb bridge: placed cobblestone at [-125,54,425] (pit) - the step re-judges
F15 [F15] climb bridge: the server refused the support fill at [-125,55,425] - the rotate ladder owns it (held=cobblestone, 0.8b, ref=cobblestone, post=? (re-read failed))
F15 [F15] climb diag: level at y=55 blocked toward 0,-1 (dug=1)
F1 tunnel: 12 blocks (branch mine at the floor, steered, ore detour)
F11 [F11] vein sweep: the drop walks picked nothing (pocket delta 0, 0 failed walk(s))
F11 [F11] vein sweep: 4 deep drop(s) skipped (dy < -2 - the lip sphere cannot reach, the walk was a guaranteed spiral)
F11 vein sweep: 4 ores dug beside the gallery (floor lock)
F12 [F12] climb bridge: placed cobblestone at [-162,62,406] (support) - the step re-judges
F14 tunnel: steering coal_ore @ 6.5b (axis z--1, cross 1.4991889256721151, ore detour)
F7 climb out (bank): failed - stalled
F7 climb out (bank): retry (escalated retry after stalled, fenced to 90s of the 122s the chain has left)
F7 [F7] climb bridge: the server refused the support fill at [-117,64,472] - the rotate ladder owns it (held=cobblestone, 0.8b, ref=grass_block, post=? (re-read failed))
F7 [F7] climb diag: level at y=64 blocked toward 0,1 (dug=0)
F12 [F12] climb bridge: placed cobblestone at [-161,62,406] (pit) - the step re-judges
F12 [F12] climb: walkable surface at y=63 (+20 levels, dug=65) - the walk takes over (blocked step)
F12 climb out (trip): OK +20 levels (19 steps, 65 dug, 8 traversed, undefineds)
F12 map trip skipped: sand,coal_ore unreachable
F15 climb out (trip): OK +2 levels (2 steps, 3 dug, 4s)
F15 map trip skipped: sand,coal_ore unreachable
F11 [F11] climb bridge: placed dirt at [-143,59,419] (support) - the step re-judges
F7 [F7] climb bridge: placed cobblestone at [-118,64,471] (support) - the step re-judges
F12 tool upgrade due: cobble available -> stone_pickaxe
[hb] n=19 ts=381s rss=387M late=95ms mainLate=445ms
F5 [F5] raw hop failed: raw walk: no net progress for 8110ms (best d=15.6) - pathfinder retry
F17 [F17] water: drowning rescue start (drowning, oxygen 12)
F17 [F17] water: pass 0 head=wet shore=none land=n/a y=43.2 o2=12 probes=0 at=[-118,43,420]
F15 [F15] craft torches: stick-dry with logs held - one plank conversion first
F17 wood trip: gathered (sticks 1 planks 3 logs 0)
F14 tunnel: 2 blocks (branch mine at the floor, steered, ore detour)
F14 bank trip: pockets full budget 127s
F14 climb out (bank): the yard stands 32 levels up over 16b lateral - the climb raises its target to the yard's level
F15 [F15] craft torches: stick-dry but 7 planks held - one stick batch first
F17 climb out (trip): failed - rescue owns the bot
F17 map trip skipped: cannot leave the shaft
F17 [F17] craft torches: skip (no spare sticks: sticks 1 coals 4)
F17 [F17] craft torches: skip (no spare sticks: sticks 1 coals 4)
F17 tunnel: steering coal_ore @ 6.9b (axis x--1, cross 1.14971716700353, floor lock)
F11 [F11] climb bridge: placed dirt at [-144,59,419] (pit) - the step re-judges
F15 [F15] craft torches: the metal fuel reserve holds all 1 coal for the furnace (1 raw metal held)
F15 [F15] digShaft: water table y=52 (region strike) - stopping above the aquifer, the tunnel owns this level (regions 2)
F15 [F15] craft torches: the metal fuel reserve holds all 1 coal for the furnace (1 raw metal held)
F15 [F15] digShaft: water table y=52 (region strike) - stopping above the aquifer, the tunnel owns this level (regions 2)
F15 tunnel: steering coal_ore @ 8.2b (axis x--1, cross 2.6999999999999886, floor lock)
F17 [F17] water: pass 4 head=dry shore=hit r=3 land=none y=44.8 o2=19 probes=0 at=[-119,45,421]
F11 [F11] climb bridge: placed dirt at [-144,60,419] (support) - the step re-judges
F7 [F7] climb bridge: placed cobblestone at [-119,64,471] (pit) - the step re-judges
F17 [F17] water: rescue complete in 3.7s
F17 [F17] water: hazard memorized at [-119,44,419] (6 live, fleet-wide)
F10 [F10] craft torches: skip (no coal: sticks 5 coals 0)
F10 [F10] digShaft: water hazard 1.0b away (live 6) - refusing this column, the caller rotates
F10 tunnel: steering coal_ore @ 2.7b (axis z--1, cross 0.30000000000001137, ore detour)
F7 [F7] climb bridge: placed cobblestone at [-119,65,471] (support) - the step re-judges
F13 [F13] climb bridge: placed cobblestone at [-90,68,415] (support) - the step re-judges
F12 [toolupgrade] [upgrade] upgraded: stone_pickaxe,wooden_shovel,wooden_pickaxe
F12 tool upgrade: OK -> stone_pickaxe (stone_pickaxe,wooden_shovel,wooden_pickaxe)
F12 sword due: cobble available
F12 sword: OK (stone_sword, holds 1)
F12 sword: OK (stone_sword)
F12 [F12] craft torches: skip (no coal: sticks 3 coals 0)
F4 map trip: coal_ore
t-212s alive=19/19 mined=2478 map=845p/14ch banked=0 smelted=0 pocket=2721u/279s | sand=26 gravel=13 dirt=364 stone=0
   deficits: 157926/26 (0.0%) 149380/13 (0.0%) 31860/0 (0.0%) 27420/0 (0.0%) 10725/106 (1.0%)
   F1=162[cobblestone:77 dirt:33 diorite:17] | F2=234[cobblestone:189 torch:22 granite:14] | F3=220[cobblestone:138 granite:26 dirt:21] | F4=92[cobblestone:51 granite:14 torch:8] | F5=115[cobblestone:77 dirt:27 andesite:18] | F6=207[cobblestone:102 granite:40 dirt:18] | F7=177[cobblestone:83 diorite:28 dirt:23] | F8=114[cobblestone:19 raw_copper:17 andesite:8] | F9=121[cobblestone:79 raw_copper:30 diorite:8] | F10=76[cobblestone:36 granite:17 stick:5] | F11=91[dirt:79 leaf_litter:8 stick:5] | F12=124[diorite:36 sand:26 cobblestone:22] | F13=154[cobblestone:96 raw_copper:31 dirt:21] | F14=128[coal:38 cobblestone:26 dirt:21] | F15=108[cobblestone:33 granite:29 dirt:21] | F16=77[dirt:32 cobblestone:12 coal:10] | F17=63[cobblestone:45 dirt:6 coal:4] | F18=53[cobblestone:25 dirt:11 gravel:6] | F19=162[cobblestone:103 diorite:27 dirt:21]
   mem: heap=122M/154M old=-1M ext=127M ab=125M rss=388M cols=1894 ents=3010 evicted=1100 path=3a/0q (max 6) stale=0
F3 [F3] climb bridge: unavailable (no solid floor underfoot)
F3 [F3] climb diag: level at y=65 blocked toward 1,0 (dug=53)
F3 [F3] climb: walkable surface at y=64 (+20 levels, dug=53) - the walk takes over (blocked step)
F3 climb out (bank): OK +20 levels (20 steps, 53 dug, undefineds)
F3 bank: holding 45s of 171s for the smelt leg
F1 [F1] vein sweep: 8 drop(s) in reach (12 dug)
F10 [F10] water: drowning rescue start (drowning, oxygen 13)
F10 [F10] water: pass 0 head=wet shore=none land=n/a y=46.0 o2=13 probes=0 at=[-135,46,417]
F4 sword due: cobble available
F4 sword: no table reachable or placeable
F4 sword: failed (no table)
F4 [F4] craft torches: skip (no coal: sticks 4 coals 0)
F4 [F4] craft torches: skip (no coal: sticks 4 coals 0)
F4 tunnel: steering iron_ore @ 4.5b (axis x--1, cross 2.627400033817139, floor lock)
F16 tunnel: 2 blocks (branch mine at the floor, steered, ore detour)
F16 [F16] craft torches: stick-dry but 5 planks held - one stick batch first
F10 [F10] water: pass 2 head=wet shore=none land=n/a y=47.2 o2=10 probes=0 at=[-135,47,417]
F7 [F7] climb rise assist: assist did not complete (goto: Took to long to decide path to goal!)
F7 [F7] climb diag: level at y=67 did not rise (food=20, dug=4) feet=air support=air step=air head=air
F12 [F12] water: drowning rescue start (drowning, oxygen 15)
F12 [F12] water: pass 0 head=wet shore=none land=n/a y=59.0 o2=15 probes=0 at=[-164,59,406]
F13 [F13] climb rise assist: repositioned to -87,68,415 - the loop re-judges
F10 [F10] water: pass 5 head=wet shore=none land=n/a y=47.2 o2=20 probes=0 at=[-135,47,417]
F1 [F1] vein sweep: the drop walk to [-74,43,416] failed - spin breaker: sweep drops re-issued 2x inside the 10s window after its own pf:done - sweep drops refused for 30s (the sync re-issue breaker: the goal->done->goal churn starves the timers, the run53 alloc-storm class) (dy 0.0, range 1)
F13 [F13] climb: walkable surface at y=68 (+26 levels, dug=78) - the walk takes over (blocked step)
F13 climb out (bank): OK +26 levels (28 steps, 78 dug, undefineds)
F13 bank: holding 45s of 175s for the smelt leg
F7 [F7] climb bridge: placed cobblestone at [-119,65,470] (pit) - the step re-judges
F1 [F1] vein sweep: the drop walk to [-75,43,417] failed - spin breaker: sweep drops re-issued 2x inside the 10s window after its own pf:done - sweep drops refused for 30s (the sync re-issue breaker: the goal->done->goal churn starves the timers, the run53 alloc-storm class, hold live) (dy 0.0, range 1)
F12 [F12] water: pass 4 head=dry shore=hit r=1 land=none y=62.0 o2=12 probes=0 at=[-164,62,406]
F1 [F1] vein sweep: +37u walked from the drops (12 dug)
F1 [F1] vein sweep: 1 above-plane walk(s) timed out on the wide goal (range 2) - the ledge family (the v0.189.0 class, the triage names it)
F1 vein sweep: 12 ores dug beside the gallery (ore detour)
F1 bank trip: pockets full budget 120s
F10 [F10] water: deep-pocket ascend - dug the ceiling stone at [-136,49,416] (jump stalled 4+ passes, o2 20)
F7 [F7] climb bridge: placed cobblestone at [-119,66,470] (support) - the step re-judges
F7 [F7] climb diag: level at y=68 blocked toward 0,-1 (dug=4)
F10 tunnel: 3 blocks (branch mine at the floor, steered, ore detour)
F10 [F10] water: pass 10 head=wet shore=none land=n/a y=47.4 o2=20 probes=0 at=[-135,47,417]
F12 [F12] water: pass 8 head=dry shore=hit r=1 land=none y=63.5 o2=20 probes=0 at=[-161,63,406]
F17 tunnel: 12 blocks (branch mine at the floor, steered, floor lock)
F15 tunnel: 12 blocks (branch mine at the floor, steered, floor lock)
F10 [F10] water: frozen physics (10 flat passes at y=47.4, o2=20, head WET) - standing down, the reconnect lane owns this
F10 [F10] water: rescue standing down (frozen physics - the walk gate reopens, the reconnect lane owns a dead client) in 7.7s
F10 [F10] water: frozen client relog (#2 consecutive) (frozen while head-wet (1 verdict) - the drowning clock owns this client) - ending the session, the reconnect lane rebuilds the physics; the drowning sentry holds non-critical pages 20s (the frozen-return gate)
F10 [F10] water: hazard memorized at [-136,47,416] (6 live, fleet-wide)
F16 [F16] craft stick: variant#2 attempt0 failed: craft stick: timeout after 7000ms
F16 [F16] [tools] closing stale craft window (minecraft:inventory) - grid recovery
F8 map trip skipped: sand,coal_ore unreachable
F15 [F15] vein sweep: 2 drop(s) in reach (1 dug)
F12 [F12] water: pass 10 head=dry shore=hit r=2 land=none y=64.3 o2=20 probes=0 at=[-161,64,407]
F15 [F15] vein sweep: the drop walk to [-135,58,426] failed - No path to the goal! (dy 4.0, range 2)
F15 [F15] vein sweep: the drop walks picked nothing (pocket delta 0, 1 failed walk(s))
F15 [F15] vein sweep: 1 above-plane walk(s) timed out on the wide goal (range 2) - the ledge family (the v0.189.0 class, the triage names it)
F15 [F15] vein sweep: 1 deep drop(s) skipped (dy < -2 - the lip sphere cannot reach, the walk was a guaranteed spiral)
F15 vein sweep: 1 ores dug beside the gallery (floor lock)
F15 bank trip: pockets full budget 120s
F15 climb out (bank): the yard stands 28 levels up over 26b lateral - the climb raises its target to the yard's level
F7 [F7] climb rise assist: assist did not complete (goto: doomed goal (ledgered 7s ago at [-119,65,470]) - climb rise assist refused)
[hb] n=20 ts=401s rss=391M late=100ms mainLate=427ms
F11 [F11] climb: walkable surface at y=64 (+5 levels, dug=9) - the walk takes over
F11 climb out (trip): OK +5 levels (6 steps, 9 dug, undefineds)
F5 [F5] hop: chest at [-104,82,423] d=16 zero: cannot open chest (open chest: timeout after 10000ms)
F12 [F12] water: pass 13 head=dry shore=hit r=1 land=none y=63.5 o2=20 probes=0 at=[-162,63,408]
F7 [F7] climb: walkable surface at y=64 (+0 levels, dug=7) - the walk takes over (blocked step)
F7 bank: holding 47s of 186s for the smelt leg
F7 [F7] hop: chest at [-124,82,423] d=50 zero: chest beyond the hop search radius 48 - walking home instead
F7 bank: no chest in range (55 blocks from yard) - walking back
F7 yard approach: 55b beyond the 24b envelope (attempt 1)
t-197s alive=19/19 mined=2581 map=866p/14ch banked=0 smelted=0 pocket=2876u/283s | sand=28 gravel=13 dirt=378 stone=0
   deficits: 157926/28 (0.0%) 149380/13 (0.0%) 31860/0 (0.0%) 27420/0 (0.0%) 10725/108 (1.0%)
   F1=171[cobblestone:81 raw_copper:46 dirt:33] | F2=242[cobblestone:197 torch:22 granite:14] | F3=220[cobblestone:138 granite:26 dirt:21] | F4=102[cobblestone:65 granite:14 torch:8] | F5=115[cobblestone:77 dirt:27 andesite:18] | F6=221[cobblestone:103 granite:47 diorite:21] | F7=180[cobblestone:81 diorite:28 dirt:23] | F8=114[cobblestone:24 raw_copper:17 andesite:8] | F9=133[cobblestone:79 raw_copper:30 dirt:18] | F10=78[cobblestone:39 granite:17 stick:5] | F11=92[dirt:81 leaf_litter:13 stick:5] | F12=125[diorite:36 sand:28 cobblestone:22] | F13=157[cobblestone:96 raw_copper:31 dirt:21] | F14=140[coal:38 cobblestone:38 dirt:21] | F15=119[cobblestone:38 granite:36 dirt:21] | F16=77[dirt:32 cobblestone:12 coal:10] | F17=74[cobblestone:51 raw_copper:11 dirt:6] | F18=53[cobblestone:25 dirt:11 gravel:6] | F19=168[cobblestone:108 diorite:27 dirt:21]
   mem: heap=112M/153M old=-1M ext=127M ab=124M rss=387M cols=1887 ents=3001 evicted=1150 path=4a/0q (max 6) stale=0
F8 [F8] craft torches: skip (no coal: sticks 3 coals 0)
F4 tunnel: 12 blocks (branch mine at the floor, steered, floor lock)
F9 [F9] climb bridge: unavailable (no solid floor underfoot)
F9 [F9] climb diag: level at y=65 blocked toward -1,0 (dug=56)
F9 [F9] climb bridge: placed cobblestone at [-129,64,432] (support) - the step re-judges
F12 [F12] water: pass 20 head=dry shore=hit r=1 land=none y=62.4 o2=20 probes=0 at=[-168,62,410]
F12 climb out (trip): failed - rescue owns the bot
F12 map trip skipped: cannot leave the shaft
F12 [F12] craft torches: skip (no coal: sticks 3 coals 0)
F8 tunnel: steering coal_ore @ 6.6b (axis x+, cross 1.3103534097390934, ore detour)
F12 [F12] craft torches: skip (no coal: sticks 3 coals 0)
F13 [F13] raw hop failed: raw walk: no net progress for 8148ms (best d=15.5) - pathfinder retry
F9 [F9] climb rise assist: repositioned to -128,64,426 - the loop re-judges
F17 [F17] vein sweep: 6 drop(s) in reach (10 dug)
F9 [F9] climb bridge: placed cobblestone at [-128,64,425] (support) - the step re-judges
F12 [F12] water: rescue complete in 15.2s
F12 [F12] water: hazard memorized at [-169,62,409] (7 live, fleet-wide)
F16 [F16] craft stick: variant#2 attempt1 failed: craft stick: timeout after 7000ms
F16 [F16] [tools] closing stale craft window (minecraft:inventory) - grid recovery
F17 [F17] vein sweep: the drop walk to [-123,44,424] failed - spin breaker: sweep drops re-issued 2x inside the 10s window after its own pf:done - sweep drops refused for 30s (the sync re-issue breaker: the goal->done->goal churn starves the timers, the run53 alloc-storm class) (dy 0.0, range 1)
F17 [F17] vein sweep: the drop walk to [-125,43,415] failed - spin breaker: sweep drops re-issued 2x inside the 10s window after its own pf:done - sweep drops refused for 30s (the sync re-issue breaker: the goal->done->goal churn starves the timers, the run53 alloc-storm class, hold live) (dy -1.0, range 2)
F9 [F9] climb diag: level at y=66 blocked toward 0,-1 (dug=59)
F5 [F5] raw hop failed: raw walk: no net progress for 8376ms (best d=7.5) - pathfinder retry
F17 [F17] vein sweep: +21u walked from the drops (10 dug)
F17 [F17] vein sweep: 1 below-plane walk(s) still failed on the wide goal (range 2) - the drop rests deeper than the lip
F17 [F17] vein sweep: 1 above-plane walk(s) timed out on the wide goal (range 2) - the ledge family (the v0.189.0 class, the triage names it)
F17 vein sweep: 10 ores dug beside the gallery (floor lock)
F9 [F9] climb bridge: the server refused the support fill at [-127,64,424] - the rotate ladder owns it (held=cobblestone, 1.2b, ref=grass_block, post=? (re-read failed))
F9 [F9] climb diag: level at y=64 blocked toward 1,0 (dug=59)
F16 [F16] craft stick: all 1 variant(s) failed, last: craft stick: timeout after 7000ms
F16 [F16] craft torches: skip (no spare sticks: sticks 2 coals 10)
F16 [F16] digShaft: water hazard 0.9b away (live 7) - refusing this column, the caller rotates
F16 tunnel: steering coal_ore @ 2.2b (axis x+, cross 0.4307423228971743, floor lock)
F3 [F3] approach: 2 segment(s) walked in 28.5s, goal now d=15.8 (inside the direct envelope)
t-182s alive=19/19 mined=2689 map=887p/15ch banked=0 smelted=0 pocket=3008u/285s | sand=31 gravel=13 dirt=393 stone=0
   deficits: 157926/31 (0.0%) 149380/13 (0.0%) 31860/0 (0.0%) 27420/0 (0.0%) 10725/108 (1.0%)
   F1=184[cobblestone:92 raw_copper:48 dirt:33] | F2=244[cobblestone:197 torch:22 granite:14] | F3=220[cobblestone:138 granite:26 dirt:21] | F4=116[cobblestone:67 raw_copper:24 granite:14] | F5=115[cobblestone:77 dirt:27 andesite:18] | F6=234[cobblestone:116 granite:47 diorite:21] | F7=180[cobblestone:81 diorite:28 dirt:23] | F8=128[cobblestone:39 raw_copper:17 andesite:8] | F9=138[cobblestone:76 raw_copper:30 dirt:18] | F10=78[cobblestone:39 granite:17 stick:5] | F11=92[dirt:82 leaf_litter:13 stick:5] | F12=130[diorite:36 sand:31 cobblestone:22] | F13=157[cobblestone:96 raw_copper:31 dirt:21] | F14=155[cobblestone:48 coal:38 dirt:26] | F15=133[cobblestone:45 granite:36 dirt:29] | F16=77[dirt:32 cobblestone:12 coal:10] | F17=80[cobblestone:52 raw_copper:34 dirt:6] | F18=53[cobblestone:25 dirt:11 gravel:6] | F19=175[cobblestone:113 diorite:27 dirt:21]
   mem: heap=110M/155M old=-1M ext=125M ab=123M rss=392M cols=1870 ents=3066 evicted=1221 path=4a/0q (max 6) stale=0
F4 [F4] vein sweep: 5 drop(s) in reach (14 dug)
[hb] n=21 ts=421s rss=392M late=105ms mainLate=911ms
F17 [F17] craft torches: skip (no spare sticks: sticks 1 coals 4)
F8 tunnel: 12 blocks (branch mine at the floor, steered, ore detour)
F17 [F17] craft torches: skip (no spare sticks: sticks 1 coals 4)
F17 tunnel: steering coal_ore @ 7.8b (axis x--1, cross 0.6921369243346476, floor lock)
F14 [F14] climb bridge: unavailable (no solid floor underfoot)
F14 [F14] climb diag: level at y=64 blocked toward 0,-1 (dug=32)
F14 [F14] climb: walkable surface at y=63 (+13 levels, dug=32) - the walk takes over (blocked step)
F14 climb out (bank): OK +13 levels (13 steps, 32 dug, undefineds)
F14 bank: holding 45s of 127s for the smelt leg
F3 [F3] raw hop failed: raw walk: no net progress for 8942ms (best d=15.0) - pathfinder retry
F2 climb out (bank): retry failed - timeout
F2 tool recovery: no pickaxe - spare-pick craft first
F2 spare pick: no table reachable or placeable
F2 tool recovery: spare craft failed (no table) - re-running the bootstrap
F17 [F17] water: drowning rescue start (drowning, oxygen 14)
F17 [F17] water: pass 0 head=wet shore=none land=n/a y=43.0 o2=14 probes=0 at=[-119,43,420]
F4 [F4] vein sweep: the drop walk to [-112,28,447] failed - sweep drops: timeout after 4000ms (dy 0.0, range 1)
F13 [F13] hop: chest at [-99,82,415] d=19 zero: chest unreachable (Took to long to decide path to goal!)
F4 [F4] vein sweep: +9u walked from the drops (14 dug)
F4 vein sweep: 14 ores dug beside the gallery (floor lock)
F4 bank trip: pockets full budget 120s
F4 climb out (bank): the yard stands 54 levels up over 31b lateral - the climb raises its target to the yard's level
F17 [F17] water: pass 3 head=wet shore=none land=n/a y=43.9 o2=20 probes=0 at=[-118,44,420]
F5 [F5] hop: chest at [-99,82,419] d=8 zero: cannot open chest (open chest: timeout after 10000ms)
F5 [F5] chest skip (no path cached 3s ago at [-99,82,417])
F3 [F3] hop: chest at [-99,82,423] d=40 zero: chest unreachable (Took to long to decide path to goal!)
F3 [F3] chest skip (no path cached 0s ago at [-99,82,419])
F3 [F3] chest skip (no path cached 0s ago at [-99,82,421])
F3 [F3] chest skip (no path cached 3s ago at [-99,82,417])
t-167s alive=19/19 mined=2752 map=880p/16ch banked=0 smelted=0 pocket=3096u/290s | sand=32 gravel=13 dirt=421 stone=0
   deficits: 157926/32 (0.0%) 149380/13 (0.0%) 31860/0 (0.0%) 27420/0 (0.0%) 10725/108 (1.0%)
   F1=194[cobblestone:99 raw_copper:50 dirt:33] | F2=246[cobblestone:197 torch:22 granite:14] | F3=220[cobblestone:138 granite:26 dirt:21] | F4=121[cobblestone:75 raw_copper:24 granite:14] | F5=115[cobblestone:77 dirt:27 andesite:18] | F6=245[cobblestone:116 granite:47 dirt:28] | F7=180[cobblestone:81 diorite:28 dirt:23] | F8=140[cobblestone:43 raw_copper:17 andesite:8] | F9=138[cobblestone:76 raw_copper:30 dirt:18] | F10=78[cobblestone:39 granite:17 stick:5] | F11=92[dirt:82 leaf_litter:13 stick:5] | F12=137[diorite:36 sand:32 cobblestone:22] | F13=157[cobblestone:96 raw_copper:31 dirt:21] | F14=155[cobblestone:48 coal:38 dirt:27] | F15=139[cobblestone:45 granite:36 dirt:35] | F16=77[dirt:32 cobblestone:12 coal:10] | F17=80[cobblestone:53 raw_copper:34 dirt:6] | F18=53[cobblestone:25 dirt:11 gravel:6] | F19=185[cobblestone:119 diorite:27 dirt:26]
   mem: heap=119M/155M old=-1M ext=127M ab=124M rss=388M cols=1888 ents=3222 evicted=1249 path=3a/0q (max 6) stale=0
F6 [F6] climb bridge: placed cobblestone at [-93,66,434] (support) - the step re-judges
F12 tunnel: 12 blocks (branch mine at the floor, floor lock)
F12 bank trip: pockets full budget 120s
F12 [F12] climb bridge: placed cobblestone at [-153,63,409] (support) - the step re-judges
F17 [F17] water: pass 12 head=dry shore=hit r=1 land=none y=44.1 o2=20 probes=0 at=[-119,44,420]
F16 tunnel: 0 blocks (branch mine at the floor, steered, floor lock)
F17 [F17] water: rescue complete in 6.7s
F17 [F17] water: hazard memorized at [-119,44,419] (8 live, fleet-wide)
F15 [F15] climb bridge: placed cobblestone at [-131,64,415] (support) - the step re-judges
F12 [F12] climb diag: level at y=64 blocked toward -1,0 (dug=2)
F6 [F6] climb diag: level at y=68 did not rise (food=20, dug=67) feet=air support=oak_leaves step=air head=air
F4 [F4] climb bridge: placed cobblestone at [-113,28,450] (pit) - the step re-judges
F8 [F8] vein sweep: 7 drop(s) in reach (13 dug)
F12 [F12] climb bridge: placed cobblestone at [-154,64,406] (support) - the step re-judges
F6 [F6] climb bridge: placed cobblestone at [-94,66,434] (pit) - the step re-judges
F4 [F4] climb bridge: placed cobblestone at [-113,29,450] (support) - the step re-judges
F6 [F6] climb bridge: placed cobblestone at [-94,67,434] (support) - the step re-judges
F19 [F19] climb bridge: placed cobblestone at [-73,64,407] (support) - the step re-judges
F9 climb out (bank): failed - timeout
F9 climb out (bank): retry (escalated retry after timeout, fenced to 72s of the 72s the chain has left)
F9 [F9] climb bridge: unavailable (no solid floor underfoot)
F9 [F9] climb diag: level at y=66 blocked toward -1,0 (dug=0)
F15 [F15] climb diag: level at y=66 did not rise (food=16, dug=26) feet=air support=birch_leaves step=air head=air
F9 [F9] climb bridge: unavailable (no solid floor underfoot)
F9 [F9] climb diag: level at y=65 blocked toward 0,-1 (dug=0)
F13 [F13] raw hop failed: raw walk: no net progress for 8199ms (best d=10.9) - pathfinder retry
[hb] n=22 ts=441s rss=392M late=110ms mainLate=756ms
F5 [F5] raw hop failed: raw walk: no net progress for 8679ms (best d=6.8) - pathfinder retry
F8 [F8] vein sweep: the drop walk to [-107,44,401] failed - sweep drops: timeout after 4000ms (dy 1.0, range 2)
F6 [F6] climb: walkable surface at y=66 (+25 levels, dug=67) - the walk takes over
F6 climb out (bank): OK +25 levels (25 steps, 67 dug, undefineds)
F6 bank: smelt hold skipped - no fuel in pocket (coal 0)
F6 [F6] chest skip (no path cached 9s ago at [-99,82,423])
F9 [F9] climb bridge: placed cobblestone at [-127,64,426] (support) - the step re-judges
F19 [F19] climb bridge: placed cobblestone at [-72,64,407] (pit) - the step re-judges
F19 climb out (bank): failed - timeout
F19 climb out (bank): retry (escalated retry after timeout, fenced to 68s of the 68s the chain has left)
F16 [F16] climb diag: level at y=51 blocked toward 0,-1 (dug=0, wet) at [0,1,0] water (stop)
F12 [F12] climb diag: level at y=66 blocked toward 0,-1 (dug=5)
F15 [F15] climb bridge: placed cobblestone at [-130,64,415] (pit) - the step re-judges
F3 [F3] raw hop failed: raw walk: no net progress for 8578ms (best d=15.0) - pathfinder retry
F19 [F19] climb bridge: placed cobblestone at [-72,65,407] (support) - the step re-judges
F15 [F15] climb bridge: placed cobblestone at [-130,65,415] (support) - the step re-judges
F7 yard approach: approach: 3 segment(s) walked in 42.4s, goal now d=21.3 (inside the direct envelope)
F12 [F12] climb bridge: the server refused the support fill at [-153,63,404] - the rotate ladder owns it (held=cobblestone, 1.1b, ref=grass_block, post=? (re-read failed))
F12 [F12] climb diag: level at y=63 blocked toward 1,0 (dug=5)
F7 bank: yard walk arrived in 1s (1 attempt)
F7 camp furnace: 11 near machine(s) all beyond the 24b direct envelope (nearest d=36.4) - the bay reads as empty, the camp ladder decides on its own merits
F7 camp furnace: place-table (table item held - place it first)
F11 map trip skipped: sand,coal_ore unreachable
F13 [F13] hop: chest at [-104,82,413] d=11 zero: chest unreachable (Took to long to decide path to goal!)
F13 [F13] chest skip (no path cached 0s ago at [-104,82,415])
F3 [F3] hop: chest at [-104,82,419] d=16 zero: chest unreachable (Took to long to decide path to goal!)
F3 [F3] chest skip (no path cached 0s ago at [-104,82,417])
F3 [F3] chest skip (no path cached 0s ago at [-104,82,421])
F3 [F3] chest skip (no path cached 0s ago at [-104,82,423])
F3 bank: chest unreachable (Took to long to decide path to goal!) (19 blocks from yard) - walking back
F9 [F9] climb rise assist: repositioned to -123,64,426 - the loop re-judges
t-151s alive=19/19 mined=2798 map=881p/16ch banked=0 smelted=0 pocket=3126u/291s | sand=32 gravel=13 dirt=424 stone=0
   deficits: 157926/32 (0.0%) 149380/13 (0.0%) 31860/0 (0.0%) 27420/0 (0.0%) 10725/108 (1.0%)
   F1=206[cobblestone:110 raw_copper:50 dirt:33] | F2=246[cobblestone:197 torch:22 granite:14] | F3=220[cobblestone:138 granite:26 dirt:21] | F4=130[cobblestone:83 raw_copper:24 granite:14] | F5=115[cobblestone:77 dirt:27 andesite:18] | F6=246[cobblestone:114 granite:47 dirt:28] | F7=180[cobblestone:81 diorite:28 dirt:23] | F8=144[cobblestone:49 raw_copper:17 coal:10] | F9=138[cobblestone:75 raw_copper:30 dirt:18] | F10=78[cobblestone:39 granite:17 stick:5] | F11=92[dirt:82 leaf_litter:13 stick:5] | F12=143[diorite:36 sand:32 cobblestone:19] | F13=157[cobblestone:96 raw_copper:31 dirt:21] | F14=155[cobblestone:48 coal:38 dirt:27] | F15=146[cobblestone:42 granite:36 dirt:35] | F16=77[dirt:32 cobblestone:12 coal:10] | F17=80[cobblestone:53 raw_copper:34 dirt:6] | F18=53[cobblestone:25 dirt:11 gravel:6] | F19=192[cobblestone:116 dirt:28 diorite:27]
   mem: heap=130M/158M old=-1M ext=125M ab=123M rss=395M cols=1857 ents=2815 evicted=1310 path=5a/0q (max 6) stale=0
F3 bank: yard walk arrived in 1s (1 attempt)
F3 camp furnace: 5 near machine(s) all beyond the 24b direct envelope (nearest d=32.8) - the bay reads as empty, the camp ladder decides on its own merits
F3 camp furnace: craft-planks (1 log(s) in pocket - craft planks (largest same-type stack 3/4))
F8 [F8] vein sweep: the drop walk to [-106,43,401] failed - sweep drops: timeout after 4000ms (dy 0.0, range 1)
F12 climb out (bank): failed - stalled
F12 climb out (bank): retry (escalated retry after stalled, fenced to 90s of the 104s the chain has left)
F19 [F19] climb diag: level at y=67 blocked toward 1,0 (dug=2)
F11 [F11] craft torches: skip (no coal: sticks 5 coals 0)
F11 [F11] digShaft: water table y=57 (region strike) - stopping above the aquifer, the tunnel owns this level (regions 2)
F11 [F11] craft torches: skip (no coal: sticks 5 coals 0)
F11 [F11] digShaft: water table y=57 (region strike) - stopping above the aquifer, the tunnel owns this level (regions 2)
F11 tunnel: steering coal_ore @ 5.9b (axis x+, cross 2.500126296031681, floor lock)
F5 [F5] raw hop failed: raw walk: no net progress for 8198ms (best d=15.0) - pathfinder retry
F15 [F15] climb diag: level at y=67 blocked toward 1,0 (dug=31)
F6 [F6] raw hop failed: raw walk: no net progress for 8267ms (best d=19.9) - pathfinder retry
F3 camp furnace: craft-table (138 cobble + 7 planks - table first)
F2 tool recovery: OK (wooden_pickaxe,stone_pickaxe)
F2 [F2] craft torches: stick-dry but 14 planks held - one stick batch first
F12 [F12] climb bridge: placed cobblestone at [-154,63,403] (support) - the step re-judges
F6 [F6] hop: chest at [-104,82,423] d=20 zero: chest unreachable (Took to long to decide path to goal!)
F6 [F6] chest skip (no path cached 0s ago at [-104,82,421])
F6 [F6] chest skip (vertical doom: the yard stands 36 levels up over 13b lateral - the walk ladder cannot climb)
F6 [F6] chest skip (vertical doom: the yard stands 36 levels up over 13b lateral - the walk ladder cannot climb)
F6 [F6] chest skip (vertical doom: the yard stands 36 levels up over 15b lateral - the walk ladder cannot climb)
F6 [F6] chest skip (no path cached 0s ago at [-104,82,419])
F6 [F6] chest skip (vertical doom: the yard stands 36 levels up over 15b lateral - the walk ladder cannot climb)
F6 bank: chest unreachable (Took to long to decide path to goal!) (45 blocks from yard) - walking back
F6 bank: the yard stands 36 levels up over 27b lateral - the walk ladder cannot climb, the pocket rides the next window
F6 camp furnace: craft-table (114 cobble + 5 planks - table first)
F2 [F2] craft torches: skip (the pocket torch cap: held 22 of 24 - sticks 5 coals 9)
F9 [F9] climb bridge: placed cobblestone at [-122,64,426] (support) - the step re-judges
F19 [F19] climb bridge: placed cobblestone at [-71,64,408] (support) - the step re-judges
F15 [F15] climb bridge: placed cobblestone at [-131,66,415] (pit) - the step re-judges
F19 [F19] climb diag: level at y=66 blocked toward 0,1 (dug=2)
F15 [F15] climb bridge: placed cobblestone at [-131,67,415] (support) - the step re-judges
F16 [F16] climb diag: level at y=51 blocked toward 0,1 (dug=0, wet) at [0,1,0] water (stop)
F19 [F19] climb diag: level at y=65 blocked toward -1,0 (dug=4)
F15 [F15] climb diag: level at y=69 blocked toward 0,1 (dug=31)
F8 [F8] vein sweep: +20u walked from the drops (13 dug)
F8 [F8] vein sweep: 2 above-plane walk(s) timed out on the wide goal (range 2) - the ledge family (the v0.189.0 class, the triage names it)
F8 vein sweep: 13 ores dug beside the gallery (ore detour)
F10 [F10] craft torches: skip (no coal: sticks 5 coals 0)
[hb] n=23 ts=461s rss=395M late=115ms mainLate=1275ms
F13 [F13] raw hop failed: raw walk: no net progress for 8444ms (best d=8.1) - pathfinder retry
F7 camp furnace: BUILT (furnace at -116,64,428) in 15s
F9 [F9] climb bridge: placed cobblestone at [-121,64,426] (pit) - the step re-judges
F8 [F8] craft torches: 1 batch(es) -> 4 torches (sticks 3 coals 13, the metal reserve keeps 3)
F10 retry #1 in 6.3s (Timeout waiting for 4 ticks after 5200ms)
F9 [F9] climb bridge: placed cobblestone at [-121,65,426] (support) - the step re-judges
F12 [F12] climb diag: level at y=65 blocked toward 0,-1 (dug=3)
F12 [F12] climb diag: level at y=65 blocked toward 1,0 (dug=3)
t-135s alive=19/19 mined=2849 map=884p/17ch banked=0 smelted=0 pocket=3140u/296s | sand=35 gravel=13 dirt=437 stone=0
   deficits: 157926/35 (0.0%) 149380/13 (0.0%) 31860/0 (0.0%) 27420/0 (0.0%) 10725/112 (1.0%)
   F1=216[cobblestone:112 raw_copper:50 dirt:40] | F2=254[cobblestone:197 torch:21 granite:19] | F3=220[cobblestone:130 granite:26 dirt:22] | F4=141[cobblestone:93 raw_copper:24 granite:14] | F5=115[cobblestone:77 dirt:27 andesite:18] | F6=246[cobblestone:106 granite:47 dirt:28] | F7=180[cobblestone:73 diorite:28 dirt:23] | F8=144[cobblestone:54 raw_copper:17 coal:12] | F9=143[cobblestone:72 raw_copper:30 dirt:18] | F10=78[cobblestone:39 granite:17 stick:5] | F11=97[dirt:87 leaf_litter:13 stick:5] | F12=146[diorite:36 sand:32 cobblestone:17] | F13=157[cobblestone:96 raw_copper:31 dirt:21] | F14=155[cobblestone:48 coal:38 dirt:27] | F15=147[cobblestone:38 granite:36 dirt:35] | F16=77[dirt:32 cobblestone:12 coal:10] | F17=85[cobblestone:54 raw_copper:34 dirt:6] | F18=53[cobblestone:25 dirt:11 gravel:6] | F19=195[cobblestone:112 dirt:28 diorite:27]
   mem: heap=119M/157M old=-1M ext=125M ab=123M rss=395M cols=1871 ents=2777 evicted=1330 path=3a/0q (max 6) stale=0
F8 tunnel: steering coal_ore @ 8.3b (axis x+, cross 2.4997951511047063, ore detour)
F5 [F5] hop: chest at [-99,82,421] d=8 zero: chest unreachable (walk to chest (retry): timeout after 15000ms)
F13 [F13] hop: chest at [-109,82,413] d=11 zero: chest unreachable (Took to long to decide path to goal!)
F13 [F13] chest skip (no path cached 0s ago at [-109,82,415])
F13 [F13] chest skip (no path cached 0s ago at [-109,82,417])
F15 climb out (bank): failed - stalled
F15 climb out (bank): retry (escalated retry after stalled, fenced to 54s of the 54s the chain has left)
F15 [F15] climb bridge: the server refused the support fill at [-129,69,417] - the rotate ladder owns it (held=cobblestone, 0.9b, ref=oak_leaves, post=? (re-read failed))
F15 [F15] climb diag: level at y=69 blocked toward 0,-1 (dug=0)
F15 [F15] climb bridge: placed cobblestone at [-128,69,418] (support) - the step re-judges
F3 camp furnace: BUILT (furnace at -103,66,419) in 17s
F12 [F12] climb diag: level at y=65 blocked toward 0,1 (dug=4)
F15 [F15] climb diag: level at y=71 blocked toward 1,0 (dug=0)
F16 [F16] climb diag: level at y=51 blocked toward 0,-1 (dug=0, wet) at [0,1,0] water (stop)
F15 [F15] climb diag: level at y=70 blocked toward 0,1 (dug=0)
F12 climb out (bank): retry failed - stalled [stage 1]
F12 [F12] craft torches: skip (no coal: sticks 3 coals 0)
F6 camp furnace: BUILT (furnace at -103,45,433) in 16s
F6 fuel anchor scan returned empty (attempt 1/2) at [-101,45,434] yard d=46 - the palette empty-return class, re-querying
F6 fuel anchor scan returned empty (attempt 2/2) at [-101,45,434] yard d=46
F6 fuel anchor scan empty x2 - the singular probe rescued the scan (chest at [-104,82,423])
F6 fuel commons: the anchor chest is read first
F6 fuel commons: chest at [-104,82,423] the yard stands 37 levels up over 11b lateral - the walk ladder cannot climb, the ask rides (the tithe owns the deep resupply)
F6 fuel anchor scan returned empty (attempt 1/2) at [-101,45,434] yard d=46 - the palette empty-return class, re-querying
F6 fuel anchor scan returned empty (attempt 2/2) at [-101,45,434] yard d=46
F6 fuel anchor scan empty x2 - the singular probe rescued the scan (chest at [-104,82,423])
F6 fuel commons: the anchor chest is read first
F6 fuel commons: chest at [-104,82,423] the yard stands 37 levels up over 11b lateral - the walk ladder cannot climb, the ask rides (the tithe owns the deep resupply)
F6 fuel anchor scan returned empty (attempt 1/2) at [-101,45,434] yard d=46 - the palette empty-return class, re-querying
F6 fuel anchor scan returned empty (attempt 2/2) at [-101,45,434] yard d=46
F6 fuel anchor scan empty x2 - the singular probe rescued the scan (chest at [-104,82,423])
F6 fuel commons: the anchor chest is read first
F6 fuel commons: chest at [-104,82,423] the yard stands 37 levels up over 11b lateral - the walk ladder cannot climb, the ask rides (the tithe owns the deep resupply)
F6 smelt: 0 (raw_iron@-: no fuel; raw_copper@-: no fuel; cobblestone@-: no fuel)
F6 iron commune: iron commune: chest the yard stands 37 levels up over 11b lateral - the walk ladder cannot climb, the fragments ride (the ask retries near the yard)
F13 [F13] raw hop failed: raw walk stalled after 3264ms (d=16.1) - pathfinder retry
F1 [F1] water: drowning rescue start (drowning, oxygen 9)
F1 [F1] water: pass 0 head=wet shore=none land=n/a y=60.0 o2=9 probes=0 at=[-56,60,418]
F17 tunnel: 13 blocks (branch mine at the floor, steered, floor lock)
F1 [F1] water: pass 3 head=dry shore=hit r=1 land=none y=62.4 o2=12 probes=0 at=[-57,62,418]
F6 sweep: 0 collected - machine unreachable (Took to long to decide path to goal!) x2
F6 [F6] chest skip (vertical doom: the yard stands 36 levels up over 11b lateral - the walk ladder cannot climb)
F6 [F6] chest skip (vertical doom: the yard stands 36 levels up over 11b lateral - the walk ladder cannot climb)
F6 [F6] chest skip (vertical doom: the yard stands 36 levels up over 12b lateral - the walk ladder cannot climb)
F6 [F6] chest skip (vertical doom: the yard stands 36 levels up over 13b lateral - the walk ladder cannot climb)
F6 [F6] chest skip (vertical doom: the yard stands 36 levels up over 13b lateral - the walk ladder cannot climb)
F6 [F6] chest skip (vertical doom: the yard stands 36 levels up over 14b lateral - the walk ladder cannot climb)
F6 [F6] chest skip (vertical doom: the yard stands 36 levels up over 15b lateral - the walk ladder cannot climb)
F6 [F6] chest skip (vertical doom: the yard stands 36 levels up over 15b lateral - the walk ladder cannot climb)
F6 bank: 0 (no chest in range)
F5 [F5] raw hop failed: raw walk: no net progress for 8046ms (best d=14.7) - pathfinder retry
F15 [F15] climb rise assist: repositioned to -130,64,419 - the loop re-judges
F9 [F9] climb bridge: placed cobblestone at [-117,69,426] (support) - the step re-judges
F19 [F19] climb: walkable surface at y=69 (+4 levels, dug=5) - the walk takes over (blocked step)
F19 climb out (bank): retry OK +4 levels (7 steps, 5 dug, undefineds)
F19 bank: smelt hold skipped - no fuel in pocket (coal 0)
F11 [F11] torch: the placement did not land (dry) x1 - the streak names itself once, a landing re-arms it
F12 [F12] water: drowning rescue start (drowning, oxygen 16)
F12 [F12] water: pass 0 head=wet shore=none land=n/a y=61.0 o2=16 probes=0 at=[-160,61,398]
F10 [F10] craft torches: skip (no coal: sticks 5 coals 0)
F10 [F10] digShaft: water hazard 0.9b away (live 8) - refusing this column, the caller rotates
F10 tunnel: steering coal_ore @ 2.5b (axis z--1, cross 0.30000000000001137, ore detour)
F1 [F1] water: pass 4 head=wet shore=none land=n/a y=61.2 o2=20 probes=0 at=[-56,61,417]
F13 [F13] hop: chest at [-114,82,413] d=17 zero: chest unreachable (Took to long to decide path to goal!)
F13 [F13] chest skip (no path cached 0s ago at [-114,82,415])
F13 bank: chest unreachable (Took to long to decide path to goal!) (18 blocks from yard) - walking back
[F7] walk nudge: approach: 1 segment(s) walked in 12.0s, goal now d=23.4 (inside the direct envelope)
[F7] walk nudge: inside the direct envelope
F13 bank: yard walk arrived in 1s (1 attempt)
F13 camp furnace: 8 near machine(s) all beyond the 24b direct envelope (nearest d=26.5) - the bay reads as empty, the camp ladder decides on its own merits
F13 camp furnace: craft-planks (5 log(s) in pocket - craft planks (largest same-type stack 3/4))
F9 [F9] climb diag: level at y=71 blocked toward 1,0 (dug=10)
F12 [F12] water: pass 2 head=dry shore=hit r=1 land=none y=62.5 o2=20 probes=0 at=[-160,62,398]
F1 [F1] water: pass 6 head=dry shore=hit r=1 land=none y=62.2 o2=20 probes=0 at=[-57,62,417]
[F3] walk nudge: approach: 1 segment(s) walked in 10.5s, goal now d=20.6 (inside the direct envelope)
[F3] walk nudge: inside the direct envelope
F9 [F9] climb: walkable surface at y=69 (+3 levels, dug=10) - the walk takes over (blocked step)
F9 climb out (bank): retry OK +3 levels (5 steps, 10 dug, undefineds)
F9 bank: smelt hold skipped - no fuel in pocket (coal 0)
F13 camp furnace: craft-table (96 cobble + 7 planks - table first)
F12 [F12] water: pass 3 head=dry shore=hit r=1 land=none y=62.4 o2=20 probes=0 at=[-159,62,398]
F11 tunnel: 13 blocks (branch mine at the floor, steered, floor lock)
F5 [F5] hop: chest at [-99,82,423] d=15 zero: chest unreachable (Took to long to decide path to goal!)
F5 bank: chest unreachable (Took to long to decide path to goal!) (30 blocks from yard) - walking back
F5 yard approach: 30b beyond the 24b envelope (attempt 1)
F1 [F1] water: pass 8 head=dry shore=hit r=1 land=none y=62.1 o2=20 probes=0 at=[-56,62,417]
t-120s alive=19/19 mined=2906 map=917p/18ch banked=0 smelted=0 pocket=3199u/296s | sand=36 gravel=13 dirt=438 stone=0
   deficits: 157926/36 (0.0%) 149380/13 (0.0%) 31860/0 (0.0%) 27420/0 (0.0%) 10725/122 (1.1%)
   F1=216[cobblestone:112 raw_copper:50 dirt:40] | F2=267[cobblestone:208 torch:21 granite:20] | F3=220[cobblestone:130 granite:26 dirt:22] | F4=151[cobblestone:104 raw_copper:24 granite:14] | F5=115[cobblestone:77 dirt:27 andesite:18] | F6=246[cobblestone:110 granite:47 dirt:28] | F7=180[cobblestone:73 diorite:28 dirt:23] | F8=151[cobblestone:60 raw_copper:17 coal:13] | F9=148[cobblestone:71 raw_copper:30 dirt:18] | F10=79[cobblestone:39 granite:17 stick:5] | F11=105[dirt:88 leaf_litter:13 cobblestone:7] | F12=147[diorite:36 sand:33 cobblestone:17] | F13=157[cobblestone:96 raw_copper:31 dirt:21] | F14=155[cobblestone:51 coal:38 dirt:27] | F15=150[granite:36 dirt:35 cobblestone:35] | F16=77[dirt:32 cobblestone:12 coal:10] | F17=93[cobblestone:55 raw_copper:34 andesite:16] | F18=53[cobblestone:25 dirt:11 gravel:6] | F19=196[cobblestone:111 dirt:28 diorite:27]
   mem: heap=125M/157M old=-1M ext=133M ab=131M rss=396M cols=1884 ents=2650 evicted=1377 path=5a/0q (max 6) stale=0
F6 [F6] craft torches: skip (no spare sticks: sticks 1 coals 0)
F6 tunnel: steering coal_ore @ 6.9b (axis z+, cross 1.3667505323081741, ore detour)
[hb] n=24 ts=481s rss=396M late=120ms mainLate=1525ms
F1 [F1] water: pass 10 head=wet shore=none land=n/a y=62.0 o2=20 probes=0 at=[-57,62,417]
F12 [F12] water: pass 6 head=dry shore=hit r=1 land=none y=63.4 o2=20 probes=0 at=[-157,63,399]
F11 tool upgrade due: cobble available -> stone_pickaxe
F16 climb out (trip): failed - stalled
F16 map trip skipped: cannot leave the shaft
F1 [F1] water: pass 13 head=dry shore=hit r=1 land=none y=62.9 o2=20 probes=0 at=[-56,63,417]
F12 [F12] water: pass 8 head=dry shore=hit r=1 land=none y=64.2 o2=20 probes=0 at=[-158,64,400]
F2 tunnel: 12 blocks (branch mine at the floor, ore detour)
F2 bank trip: skipped (pockets full, 115s left < 150s - the end-phase owns the deadline banking)
F10 tunnel: 2 blocks (branch mine at the floor, steered, ore detour)
F2 [F2] craft torches: skip (the pocket torch cap: held 21 of 24 - sticks 5 coals 9)
F2 tunnel: steering iron_ore @ 7.9b (axis z--1, cross 1.381978392553485, ore detour)
F17 [F17] craft torches: skip (no spare sticks: sticks 1 coals 4)
F17 [F17] digShaft: water hazard 4.5b away (live 8) - refusing this column, the caller rotates
F17 bank trip: skipped (pockets full, 114s left < 150s - the end-phase owns the deadline banking)
F17 [F17] craft torches: skip (no spare sticks: sticks 1 coals 4)
F17 [F17] digShaft: water hazard 4.5b away (live 8) - refusing this column, the caller rotates
F17 tunnel: steering coal_ore @ 3.8b (axis z--1, cross 1.4980261254906537, floor lock)
F9 [F9] raw hop failed: raw walk: no net progress for 8259ms (best d=13.3) - pathfinder retry
F1 [F1] water: pass 15 head=dry shore=hit r=1 land=none y=62.2 o2=20 probes=0 at=[-57,62,417]
F6 tunnel: 2 blocks (branch mine at the floor, steered, ore detour)
F6 [F6] vein sweep: refused a cell - drop of 4 below the cell (cave?) - the ore waits for a safe angle
F6 bank trip: skipped (pockets full, 113s left < 150s - the end-phase owns the deadline banking)
F6 [F6] craft torches: skip (no spare sticks: sticks 1 coals 0)
F6 tunnel: steering coal_ore @ 7.2b (axis z+, cross 2.700000000000003, floor lock)
F12 [F12] water: pass 9 head=dry shore=hit r=1 land=none y=63.8 o2=20 probes=0 at=[-159,64,400]
F1 [F1] water: pass 17 head=dry shore=hit r=1 land=none y=62.1 o2=20 probes=0 at=[-56,62,417]
F19 [F19] approach: 1 segment(s) walked in 15.8s, goal now d=20.9 (inside the direct envelope)
F8 tunnel: 13 blocks (branch mine at the floor, steered, ore detour)
F12 [F12] water: pass 11 head=dry shore=hit r=1 land=none y=63.4 o2=20 probes=0 at=[-157,63,399]
F1 [F1] water: pass 18 head=dry shore=hit r=1 land=none y=62.2 o2=20 probes=0 at=[-56,62,417]
F15 climb out (bank): retry failed - stalled
F11 [toolupgrade] [upgrade] upgraded: stone_pickaxe,wooden_pickaxe,wooden_pickaxe
F11 tool upgrade: OK -> stone_pickaxe (stone_pickaxe,wooden_pickaxe,wooden_pickaxe)
F11 [F11] craft torches: skip (no coal: sticks 3 coals 0)
F11 [F11] digShaft: water table y=57 (region strike) - stopping above the aquifer, the tunnel owns this level (regions 2)
F11 [F11] craft torches: skip (no coal: sticks 3 coals 0)
F11 [F11] digShaft: water table y=57 (region strike) - stopping above the aquifer, the tunnel owns this level (regions 2)
F11 tunnel: steering coal_ore @ 8.4b (axis x--1, cross 3.499999440866418, floor lock)
F11 tunnel: 0 blocks (branch mine at the floor, steered, floor lock)
F5 yard approach: approach: 1 segment(s) walked in 13.9s, goal now d=19.2 (inside the direct envelope)
F5 bank: yard walk arrived in 0s (1 attempt)
F5 end-bank budget spent - smelt skipped
F12 [F12] water: pass 13 head=dry shore=hit r=1 land=none y=64.2 o2=20 probes=0 at=[-158,64,398]
F1 [F1] water: rescue timeout (still wet, 21 passes, 0 probes, tail dry/wet/dry) in 25.3s
F1 [F1] water: hazard memorized at [-57,61,417] (5 live, fleet-wide)
F6 tunnel: 0 blocks (branch mine at the floor, steered, floor lock)
F6 [F6] vein sweep: refused a cell - drop of 4 below the cell (cave?) - the ore waits for a safe angle
F6 bank trip: skipped (pockets full, 105s left < 150s - the end-phase owns the deadline banking)
F8 [F8] vein sweep: 3 drop(s) in reach (3 dug)
t-104s alive=19/19 mined=2936 map=940p/18ch banked=0 smelted=0 pocket=3224u/302s | sand=36 gravel=13 dirt=439 stone=0
   deficits: 157926/36 (0.0%) 149380/13 (0.0%) 31860/0 (0.0%) 27420/0 (0.0%) 10725/128 (1.2%)
   F1=216[cobblestone:112 raw_copper:50 dirt:40] | F2=275[cobblestone:217 torch:21 granite:20] | F3=220[cobblestone:130 granite:26 dirt:22] | F4=158[cobblestone:111 raw_copper:24 granite:14] | F5=115[cobblestone:77 dirt:27 andesite:18] | F6=248[cobblestone:112 granite:47 dirt:28] | F7=180[cobblestone:73 diorite:28 dirt:23] | F8=160[cobblestone:66 raw_copper:17 coal:13] | F9=148[cobblestone:71 raw_copper:30 dirt:18] | F10=81[cobblestone:41 granite:17 stick:5] | F11=105[dirt:88 leaf_litter:13 oak_log:4] | F12=147[diorite:36 sand:33 cobblestone:17] | F13=157[cobblestone:88 raw_copper:31 dirt:22] | F14=155[cobblestone:51 coal:38 dirt:27] | F15=150[granite:36 dirt:35 cobblestone:33] | F16=77[dirt:32 cobblestone:12 coal:10] | F17=95[cobblestone:57 raw_copper:34 andesite:22] | F18=53[cobblestone:25 dirt:11 gravel:6] | F19=196[cobblestone:111 dirt:28 diorite:27]
   mem: heap=122M/156M old=-1M ext=131M ab=128M rss=395M cols=1857 ents=2618 evicted=1429 path=6a/0q (max 6) stale=0
F6 [F6] craft torches: skip (no spare sticks: sticks 1 coals 0)
F6 tunnel: steering coal_ore @ 7.6b (axis z+, cross 3.700000000000003, ore detour)
F15 [F15] craft torches: the metal fuel reserve holds all 1 coal for the furnace (1 raw metal held)
F13 camp furnace: BUILT (furnace at -112,65,415) in 19s
F17 tunnel: 2 blocks (branch mine at the floor, steered, floor lock)
F12 [F12] water: pass 14 head=wet shore=none land=n/a y=61.6 o2=20 probes=0 at=[-159,62,398]
F11 [F11] craft torches: skip (no coal: sticks 3 coals 0)
F11 [F11] digShaft: water table y=57 (region strike) - stopping above the aquifer, the tunnel owns this level (regions 2)
F11 [F11] craft torches: skip (no coal: sticks 3 coals 0)
F11 [F11] digShaft: water table y=57 (region strike) - stopping above the aquifer, the tunnel owns this level (regions 2)
F11 tunnel: steering coal_ore @ 5.5b (axis z+, cross 0.5, floor lock)
F2 tunnel: 4 blocks (branch mine at the floor, steered, ore detour)
F6 tunnel: 0 blocks (branch mine at the floor, steered, ore detour)
F6 [F6] vein sweep: refused a cell - drop of 4 below the cell (cave?) - the ore waits for a safe angle
F6 bank trip: skipped (pockets full, 102s left < 150s - the end-phase owns the deadline banking)
F6 [F6] craft torches: skip (no spare sticks: sticks 1 coals 0)
F6 tunnel: steering coal_ore @ 7.9b (axis z+, cross 2.700000000000003, floor lock)
F15 [F15] digShaft: water table y=57 (region strike) - stopping above the aquifer, the tunnel owns this level (regions 2)
F15 tunnel: steering iron_ore @ 9.5b (axis x--1, cross 2.5, ore detour)
F12 [F12] water: pass 21 head=dry shore=hit r=1 land=none y=63.5 o2=20 probes=0 at=[-157,63,400]
F5 [F5] died - respawning (cause: server: fell from a high place [kind=fall] | inferred: fall/env (0s before death at [-108,43,410]) [the inference corroborates the server verdict])
F5 [F5] death drop: pocket read empty at death (0u)
F5 [F5] water: death spot memorized as a hazard at [-108,43,410] (6 live, fleet-wide)
F2 [F2] vein sweep: 2 drop(s) in reach (2 dug)
F6 tunnel: 0 blocks (branch mine at the floor, steered, floor lock)
F6 [F6] vein sweep: refused a cell - drop of 4 below the cell (cave?) - the ore waits for a safe angle
F6 tunnel: 0 blocks x3 - sealed or flooded, cooling down 15s
F12 tunnel: 0 blocks (branch mine at the floor, ore detour)
F12 bank trip: skipped (pockets full, 100s left < 150s - the end-phase owns the deadline banking)
F12 [F12] craft torches: skip (no coal: sticks 3 coals 0)
F12 tunnel: 0 blocks (branch mine at the floor, ore detour)
F12 bank trip: skipped (pockets full, 100s left < 150s - the end-phase owns the deadline banking)
F12 [F12] craft torches: skip (no coal: sticks 3 coals 0)
F8 [F8] vein sweep: the drop walk to [-103,43,396] failed - sweep drops: timeout after 4000ms (dy 0.0, range 1)
F17 [F17] vein sweep: 8 drop(s) in reach (4 dug)
[hb] n=25 ts=501s rss=398M late=121ms mainLate=1600ms
F17 [F17] vein sweep: lip dig refused - sealed floor (air 0, dy -0.8)
F12 [F12] water: rescue complete in 25.2s
F12 [F12] water: hazard memorized at [-160,62,398] (7 live, fleet-wide)
F19 [F19] raw hop failed: raw walk: no net progress for 8147ms (best d=20.8) - pathfinder retry
F5 [F5] direct deposit: 27 chest slots derived from the 63-slot view
F5 [F5] hop: chest at [-109,82,413] d=16 zero: nothing to deposit
F5 bank: 0 (nothing to deposit)
F12 tunnel: 0 blocks (branch mine at the floor, floor lock)
F12 tunnel: 0 blocks x3 - sealed or flooded, cooling down 15s
F2 [F2] vein sweep: +9u walked from the drops (2 dug)
F2 vein sweep: 2 ores dug beside the gallery (ore detour)
F2 bank trip: skipped (pockets full, 98s left < 150s - the end-phase owns the deadline banking)
F2 [F2] craft torches: skip (the pocket torch cap: held 21 of 24 - sticks 5 coals 9)
F1 [F1] water: drowning rescue start (drowning, oxygen 14)
F1 [F1] water: pass 0 head=wet shore=none land=n/a y=60.0 o2=14 probes=0 at=[-57,60,417]
F2 bank trip: skipped (pockets full, 97s left < 150s - the end-phase owns the deadline banking)
[F7] walk nudge: approach: 1 segment(s) walked in 11.4s, goal now d=14.4 (inside the direct envelope)
[F7] walk nudge: inside the direct envelope
F14 [F14] approach: 7 segment(s) walked in 78.0s, goal now d=30.6 (still outside - the approach clock is spent)
F14 [F14] hop: chest at [-118,82,397] d=27 zero: chest unreachable (budget exhausted (walk floor))
F14 [F14] chest skip (vertical doom: the yard stands 30 levels up over 4b lateral - the walk ladder cannot climb)
F14 [F14] chest skip (vertical doom: the yard stands 30 levels up over 5b lateral - the walk ladder cannot climb)
F14 [F14] chest skip (vertical doom: the yard stands 30 levels up over 18b lateral - the walk ladder cannot climb)
F14 [F14] chest skip (vertical doom: the yard stands 30 levels up over 20b lateral - the walk ladder cannot climb)
F14 [F14] chest skip (vertical doom: the yard stands 30 levels up over 20b lateral - the walk ladder cannot climb)
F14 [F14] chest skip (vertical doom: the yard stands 30 levels up over 21b lateral - the walk ladder cannot climb)
F14 [F14] chest skip (vertical doom: the yard stands 30 levels up over 21b lateral - the walk ladder cannot climb)
F14 bank fallback: none (chest unreachable (budget exhausted (walk floor)))
F14 camp furnace: build skipped - the leg clock (18s) cannot afford a 18s craft-table build + the 5s put (51 cobble + 7 planks - table first)
F8 [F8] vein sweep: the drop walk to [-104,43,395] failed - sweep drops: timeout after 4000ms (dy 0.5, range 2)
F8 [F8] vein sweep: +3u walked from the drops (3 dug)
F8 [F8] vein sweep: 1 above-plane walk(s) timed out on the wide goal (range 2) - the ledge family (the v0.189.0 class, the triage names it)
F8 vein sweep: 3 ores dug beside the gallery (ore detour)
F8 bank trip: skipped (pockets full, 95s left < 150s - the end-phase owns the deadline banking)
F8 [F8] craft torches: stick-dry with logs held - one plank conversion first
F1 [F1] water: pass 2 head=wet shore=none land=n/a y=61.3 o2=10 probes=0 at=[-57,61,417]
F17 [F17] vein sweep: the drop walk to [-125,45,413] failed - sweep drops: timeout after 4000ms (dy 1.2, range 2)
[F3] walk nudge: approach: 1 segment(s) walked in 11.2s, goal now d=13.1 (inside the direct envelope)
[F3] walk nudge: inside the direct envelope
[F13] walk nudge: approach: 1 segment(s) walked in 9.7s, goal now d=18.7 (inside the direct envelope)
[F13] walk nudge: inside the direct envelope
F5 reloot: no walk (unarmed) - the empty pocket bootstraps first, the read re-arms (a delay, not a verdict)
F5 tool recovery: no pickaxe - spare-pick craft first
F5 spare pick: skip (no sticks and no planks for sticks)
F5 tool recovery: spare craft failed (no sticks and no planks for sticks) - re-running the bootstrap
F12 [F12] water: drowning rescue start (drowning, oxygen 18)
F12 [F12] water: pass 0 head=wet shore=none land=n/a y=61.0 o2=18 probes=0 at=[-152,61,395]
F1 [F1] water: pass 4 head=dry shore=hit r=1 land=none y=63.5 o2=20 probes=0 at=[-56,64,417]
F11 tunnel: 4 blocks (branch mine at the floor, steered, floor lock)
F12 [F12] water: pass 2 head=dry shore=hit r=2 land=none y=62.8 o2=20 probes=0 at=[-152,63,395]
F8 [F8] craft torches: stick-dry but 9 planks held - one stick batch first
F11 [F11] vein sweep: 5 drop(s) in reach (1 dug)
t-89s alive=19/19 mined=2973 map=968p/18ch banked=0 smelted=0 pocket=3130u/286s | sand=36 gravel=13 dirt=429 stone=0
   deficits: 157926/36 (0.0%) 149380/13 (0.0%) 31860/0 (0.0%) 27420/0 (0.0%) 10725/112 (1.0%)
   F1=216[cobblestone:112 raw_copper:50 dirt:40] | F2=278[cobblestone:218 raw_copper:24 torch:21] | F3=220[cobblestone:130 granite:26 dirt:22] | F4=167[cobblestone:120 raw_copper:24 granite:14] | F5=115[empty] | F6=248[cobblestone:112 granite:47 dirt:28] | F7=180[cobblestone:73 diorite:28 dirt:23] | F8=160[cobblestone:68 raw_copper:17 coal:14] | F9=148[cobblestone:71 raw_copper:30 dirt:18] | F10=81[cobblestone:41 granite:17 stick:5] | F11=110[dirt:92 leaf_litter:13 oak_log:4] | F12=148[diorite:36 sand:33 cobblestone:17] | F13=157[cobblestone:88 raw_copper:31 dirt:22] | F14=155[cobblestone:52 coal:38 dirt:27] | F15=165[dirt:48 granite:38 cobblestone:33] | F16=77[dirt:32 cobblestone:12 coal:10] | F17=99[cobblestone:58 raw_copper:34 andesite:24] | F18=53[cobblestone:25 dirt:11 gravel:6] | F19=196[cobblestone:111 dirt:28 diorite:27]
   mem: heap=123M/158M old=-1M ext=134M ab=131M rss=398M cols=1878 ents=2791 evicted=1457 path=6a/4q (max 6) stale=0
F1 [F1] water: pass 6 head=dry shore=hit r=1 land=none y=62.3 o2=20 probes=0 at=[-56,62,417]
F8 [F8] craft torches: 4 batch(es) -> 16 torches (sticks 2 coals 14, the metal reserve keeps 3)
F17 [F17] vein sweep: the drop walk to [-126,45,412] failed - sweep drops: timeout after 4000ms (dy 2.2, range 2)
F9 [F9] hop: chest at [-114,82,423] d=13 zero: cannot open chest (open chest: timeout after 10000ms)
F1 [F1] water: pass 7 head=dry shore=hit r=1 land=none y=62.1 o2=20 probes=0 at=[-57,62,417]
F12 [F12] water: pass 3 head=dry shore=hit r=2 land=none y=62.2 o2=20 probes=0 at=[-153,62,395]
F6 bank trip: skipped (pockets full, 85s left < 150s - the end-phase owns the deadline banking)
F1 [F1] water: pass 9 head=dry shore=hit r=1 land=none y=62.0 o2=20 probes=0 at=[-56,62,417]
F12 [F12] water: pass 5 head=dry shore=hit r=1 land=none y=62.6 o2=20 probes=0 at=[-153,63,397]
F12 bank trip: skipped (pockets full, 83s left < 150s - the end-phase owns the deadline banking)
F12 [F12] craft torches: skip (no coal: sticks 3 coals 0)
F12 tunnel: 0 blocks (branch mine at the floor, ore detour)
F12 bank trip: skipped (pockets full, 81s left < 150s - the end-phase owns the deadline banking)
F12 [F12] craft torches: skip (no coal: sticks 3 coals 0)
F12 tunnel: 0 blocks (branch mine at the floor, floor lock)
F12 bank trip: skipped (pockets full, 81s left < 150s - the end-phase owns the deadline banking)
F15 tunnel: 13 blocks (branch mine at the floor, steered, ore detour)
F15 bank trip: skipped (pockets full, 81s left < 150s - the end-phase owns the deadline banking)
F11 [F11] vein sweep: the drop walk to [-144,56,424] failed - sweep drops: timeout after 4000ms (dy -2.0, range 2)
F11 [F11] vein sweep: the drop walks picked nothing (pocket delta 0, 1 failed walk(s))
F11 [F11] vein sweep: 1 below-plane walk(s) still failed on the wide goal (range 2) - the drop rests deeper than the lip
F11 [F11] vein sweep: 4 deep drop(s) skipped (dy < -2 - the lip sphere cannot reach, the walk was a guaranteed spiral)
F11 vein sweep: 1 ores dug beside the gallery (floor lock)
F12 [F12] water: pass 6 head=dry shore=hit r=1 land=none y=63.5 o2=20 probes=0 at=[-154,64,397]
[hb] n=26 ts=521s rss=397M late=124ms mainLate=1013ms
F12 [F12] craft torches: skip (no coal: sticks 3 coals 0)
F12 tunnel: 0 blocks (branch mine at the floor, ore detour)
F12 tunnel: 0 blocks x3 - sealed or flooded, cooling down 15s
F1 [F1] water: pass 11 head=dry shore=hit r=1 land=none y=62.9 o2=20 probes=0 at=[-56,63,417]
F8 tunnel: steering coal_ore @ 3.7b (axis x--1, cross 2.31521819431282, floor lock)
F9 [F9] raw hop failed: raw walk: no net progress for 8513ms (best d=14.3) - pathfinder retry
F12 [F12] water: pass 7 head=dry shore=hit r=1 land=none y=64.2 o2=20 probes=0 at=[-155,64,398]
F4 climb out (bank): failed - timeout
F4 climb out (bank): retry (escalated retry after timeout, fenced to 28s of the 28s the chain has left)
F1 [F1] water: pass 13 head=dry shore=hit r=1 land=none y=63.4 o2=20 probes=0 at=[-56,63,417]
F17 [F17] vein sweep: +10u walked from the drops (4 dug)
F17 [F17] vein sweep: 3 above-plane walk(s) timed out on the wide goal (range 2) - the ledge family (the v0.189.0 class, the triage names it)
F17 vein sweep: 4 ores dug beside the gallery (floor lock)
F17 bank trip: skipped (pockets full, 75s left < 150s - the end-phase owns the deadline banking)
F2 pre-position: 70b from yard, t-74s - walking home
F12 [F12] water: pass 8 head=dry shore=hit r=1 land=none y=63.4 o2=20 probes=0 at=[-156,63,398]
F18 wood trip: gathered (sticks 2 planks 0 logs 0)
t-72s alive=19/19 mined=2988 map=988p/19ch banked=0 smelted=0 pocket=3182u/287s | sand=36 gravel=13 dirt=429 stone=0
   deficits: 157926/36 (0.0%) 149380/13 (0.0%) 31860/0 (0.0%) 27420/0 (0.0%) 10725/114 (1.1%)
   F1=216[cobblestone:112 raw_copper:50 dirt:40] | F2=280[cobblestone:218 raw_copper:24 torch:21] | F3=220[cobblestone:130 granite:26 dirt:22] | F4=174[cobblestone:127 raw_copper:24 granite:14] | F5=115[empty] | F6=248[cobblestone:112 granite:47 dirt:28] | F7=180[cobblestone:73 diorite:28 dirt:23] | F8=163[cobblestone:69 torch:19 raw_copper:17] | F9=148[cobblestone:71 raw_copper:30 dirt:18] | F10=81[cobblestone:41 granite:17 stick:5] | F11=110[dirt:92 leaf_litter:13 oak_log:4] | F12=148[diorite:36 sand:33 cobblestone:17] | F13=157[cobblestone:88 raw_copper:31 dirt:22] | F14=155[cobblestone:52 coal:38 dirt:27] | F15=168[dirt:48 granite:41 cobblestone:33] | F16=77[dirt:32 cobblestone:12 coal:10] | F17=99[cobblestone:58 raw_copper:34 andesite:26] | F18=53[cobblestone:32 dirt:11 gravel:6] | F19=196[cobblestone:111 dirt:28 diorite:27]
   mem: heap=122M/159M old=-1M ext=130M ab=128M rss=400M cols=1842 ents=2759 evicted=1505 path=6a/5q (max 6) stale=0
F16 [F16] craft torches: stick-dry with logs held - one plank conversion first
F1 [F1] climb diag: level at y=61 blocked toward 1,0 (dug=53) dig failed at [-56,62,417] sand (held=wooden_shovel, grounded, post=water STILL THERE (server never broke it))
F1 [F1] water: rescue timeout (still wet, 15 passes, 0 probes, tail dry/dry/dry) in 26.8s
F1 [F1] water: hazard memorized at [-56,62,417] (5 live, fleet-wide)
F1 climb out (bank): failed - timeout
F1 climb out (bank): no retry (slice left 0s < min 20s)
F3 smelt: 0 (raw_copper@blast_furnace: machine unreachable (Took to long to decide path to goal!); raw_copper@furnace: cannot open (open furnace: timeout after 3983ms))
F6 [F6] craft torches: skip (no spare sticks: sticks 1 coals 0)
F12 [F12] water: pass 9 head=dry shore=hit r=1 land=none y=63.8 o2=20 probes=0 at=[-156,64,399]
F2 [F2] climb bridge: placed cobblestone at [-56,42,410] (support) - the step re-judges
F6 tunnel: steering iron_ore @ 4b (axis x+, cross 0.3177999882497602, ore detour)
F12 [F12] water: rescue complete in 25.2s
F12 [F12] water: hazard memorized at [-154,62,396] (6 live, fleet-wide)
[F14] walk nudge: approach: 2 segment(s) walked in 27.0s, goal now d=24.4 (still outside - the approach clock is spent)
[F14] walk nudge: closed to d=24.4 - retrying the machine from the new start
F1 pre-position: 71b from yard, t-65s - walking home
F14 smelt: 0 (raw_copper@blast_furnace: machine unreachable (the yard stands 30 levels up over 11b lateral - the walk ladder cannot climb); raw_copper@blast_furnace: machine unreachable (the yard stands 30 levels up over 12b lateral - the walk ladder cannot climb); raw_copper@blast_furnace: machine unreachable (the yard stands 30 levels up over 14b lateral - the walk ladder cannot climb); raw_copper@blast_furnace: machine unreachable (the yard stands 30 levels up over 16b lateral - the walk ladder cannot climb); raw_copper@furnace: machine unreachable (visit budget spent (walk slice)))
F14 iron commune: iron commune: chest the yard stands 29 levels up over 3b lateral - the walk ladder cannot climb, the fragments ride (the ask retries near the yard)
F14 fuel anchor: skipped - the final leg clock (16.4s) cannot afford the walk while the pocket holds 32 over the bound
F14 [F14] chest skip (vertical doom: the yard stands 29 levels up over 3b lateral - the walk ladder cannot climb)
F14 [F14] chest skip (vertical doom: the yard stands 29 levels up over 3b lateral - the walk ladder cannot climb)
F14 [F14] chest skip (vertical doom: the yard stands 29 levels up over 4b lateral - the walk ladder cannot climb)
F14 [F14] chest skip (vertical doom: the yard stands 29 levels up over 18b lateral - the walk ladder cannot climb)
F14 [F14] chest skip (vertical doom: the yard stands 29 levels up over 19b lateral - the walk ladder cannot climb)
F14 [F14] chest skip (vertical doom: the yard stands 29 levels up over 20b lateral - the walk ladder cannot climb)
F14 [F14] chest skip (vertical doom: the yard stands 29 levels up over 19b lateral - the walk ladder cannot climb)
F14 [F14] chest skip (vertical doom: the yard stands 29 levels up over 20b lateral - the walk ladder cannot climb)
F14 bank: 0 (no chest in range)
F16 [F16] craft oak_planks: variant#2 attempt0 failed: craft oak_planks: timeout after 7000ms
F16 [F16] [tools] closing stale craft window (minecraft:inventory) - grid recovery
F12 bank trip: skipped (pockets full, 64s left < 150s - the end-phase owns the deadline banking)
F12 [F12] craft torches: skip (no coal: sticks 3 coals 0)
F12 [F12] digShaft: water hazard 2.1b away (live 6) - refusing this column, the caller rotates
F12 tunnel: 0 blocks (branch mine at the floor, floor lock)
F12 bank trip: skipped (pockets full, 64s left < 150s - the end-phase owns the deadline banking)
[F7] walk nudge: approach: 1 segment(s) walked in 2.4s, goal now d=13.0 (inside the direct envelope)
[F7] walk nudge: inside the direct envelope
F7 smelt: 0 (raw_copper@blast_furnace: machine unreachable (Took to long to decide path to goal!); raw_copper@blast_furnace: machine unreachable (Took to long to decide path to goal!); raw_copper@blast_furnace: machine unreachable (visit budget spent (walk slice)))
F11 [F11] craft torches: skip (no coal: sticks 3 coals 0)
F11 [F11] digShaft: water table y=57 (region strike) - stopping above the aquifer, the tunnel owns this level (regions 2)
F11 [F11] craft torches: skip (no coal: sticks 3 coals 0)
F11 [F11] digShaft: water table y=57 (region strike) - stopping above the aquifer, the tunnel owns this level (regions 2)
F11 tunnel: steering coal_ore @ 5.4b (axis x+, cross 2.5, floor lock)
F11 tunnel: 0 blocks (branch mine at the floor, steered, floor lock)
F3 iron commune: iron commune: path nudge approach: 1 segment(s) walked in 0.7s, goal now d=11.6 (inside the direct envelope)
F3 iron commune: iron commune: path nudge inside the direct envelope
F16 [F16] craft storm: 3 consecutive craft timeouts - cooldown 4000ms (server stall?)
F16 [F16] craft oak_planks: all 1 variant(s) failed, last: craft oak_planks: timeout after 7000ms
F16 [F16] craft torches: stick-dry but 5 planks held - one stick batch first
F16 [F16] craft stick: storm cooldown 4000ms left (3 consecutive timeouts) - refusing
F16 [F16] craft torches: skip (no spare sticks: sticks 2 coals 10)
F16 [F16] digShaft: water strike at y=48 -> water table (regions 2); fluid below (-122, 50, 409) - moving sideways
[F13] walk nudge: approach: 1 segment(s) walked in 1.6s, goal now d=15.6 (inside the direct envelope)
[F13] walk nudge: inside the direct envelope
[hb] n=27 ts=541s rss=400M late=128ms mainLate=1292ms
F19 [F19] raw hop failed: raw walk: no net progress for 8012ms (best d=8.1) - pathfinder retry
F2 climb out (pre-position): OK +2 levels (2 steps, 5 dug, 15s)
F2 bank: holding 29s of 59s for the smelt leg
F2 [F2] scan: no chest within 64b (bankable 42)
F2 bank: no chest in range (71 blocks from yard) - walking back
F2 yard approach: 71b beyond the 24b envelope (attempt 1)
F13 smelt: 0 (raw_copper@blast_furnace: machine unreachable (Took to long to decide path to goal!); raw_copper@blast_furnace: machine unreachable (visit budget spent (walk slice)))
F11 [F11] craft torches: skip (no coal: sticks 3 coals 0)
F11 [F11] digShaft: water table y=57 (region strike) - stopping above the aquifer, the tunnel owns this level (regions 2)
F11 [F11] craft torches: skip (no coal: sticks 3 coals 0)
F11 [F11] digShaft: water table y=57 (region strike) - stopping above the aquifer, the tunnel owns this level (regions 2)
F11 tunnel: steering coal_ore @ 7.5b (axis x+, cross 3.5507111296497555, floor lock)
F14 [F14] craft torches: stick-dry but 7 planks held - one stick batch first
F3 iron commune: iron commune: the nudge retry landed
F7 iron commune: iron commune: path nudge approach: 1 segment(s) walked in 0.7s, goal now d=11.6 (inside the direct envelope)
F7 iron commune: iron commune: path nudge inside the direct envelope
F17 [F17] craft torches: skip (no spare sticks: sticks 1 coals 9)
F17 bank trip: skipped (pockets full, 57s left < 150s - the end-phase owns the deadline banking)
F17 [F17] craft torches: skip (no spare sticks: sticks 1 coals 9)
F17 tunnel: steering coal_ore @ 7.6b (axis x--1, cross 1.5003216978071237, floor lock)
F14 [F14] craft torches: 3 batch(es) -> 12 torches (sticks 2 coals 38, the metal reserve keeps 3)
t-56s alive=19/19 mined=3014 map=1046p/20ch banked=0 smelted=0 pocket=3213u/288s | sand=37 gravel=13 dirt=430 stone=0
   deficits: 157926/37 (0.0%) 149380/13 (0.0%) 31860/0 (0.0%) 27420/0 (0.0%) 10725/114 (1.1%)
   F1=220[cobblestone:112 raw_copper:50 dirt:41] | F2=283[cobblestone:217 raw_copper:24 torch:21] | F3=220[cobblestone:130 granite:26 dirt:22] | F4=179[cobblestone:130 raw_copper:24 granite:14] | F5=118[empty] | F6=253[cobblestone:116 granite:47 dirt:28] | F7=180[cobblestone:73 diorite:28 dirt:23] | F8=169[cobblestone:77 torch:19 raw_copper:17] | F9=148[cobblestone:71 raw_copper:30 dirt:18] | F10=81[cobblestone:41 granite:17 stick:5] | F11=110[dirt:92 leaf_litter:13 oak_log:4] | F12=148[diorite:36 sand:33 cobblestone:17] | F13=157[cobblestone:88 raw_copper:31 dirt:22] | F14=155[cobblestone:52 coal:37 dirt:27] | F15=168[dirt:48 granite:46 cobblestone:34] | F16=77[dirt:32 cobblestone:12 coal:10] | F17=99[cobblestone:59 raw_copper:34 andesite:26] | F18=53[cobblestone:34 dirt:11 gravel:6] | F19=196[cobblestone:111 dirt:28 diorite:27]
   mem: heap=122M/158M old=-1M ext=132M ab=129M rss=400M cols=1849 ents=2474 evicted=1529 path=6a/3q (max 6) stale=0
F1 [F1] climb wet escape: 2 blocks walked (low-o2, walked 1/4)
F1 [F1] climb wet escape: oxygen 4 at the floor - the escape yields, the rescue lane owns the air
F1 climb out (pre-position): failed - low-o2 (traversed 2)
F1 [F1] climb wet escape: oxygen 4 at the floor - the escape yields, the rescue lane owns the air
F1 final climb: no retry (no retry for 'low-o2')
F1 final climb: failed - low-o2
F1 final bank: 0 (still underground after 1 climb attempt - the chain from the shaft bottom is doomed walks)
F1 retry #1 in 3.4s ()
F1 [F1] water: drowning rescue start (drowning, oxygen 4)
F1 [F1] water: pass 0 head=wet shore=none land=n/a y=60.9 o2=4 probes=0 at=[-57,61,418]
F13 iron commune: iron commune: path nudge approach: 1 segment(s) walked in 0.5s, goal now d=20.5 (inside the direct envelope)
F13 iron commune: iron commune: path nudge inside the direct envelope
F7 iron commune: iron commune: the nudge retry landed
F19 [F19] hop: chest at [-99,82,415] d=29 zero: chest unreachable (Took to long to decide path to goal!)
F18 sword due: cobble available
F8 tunnel: 13 blocks (branch mine at the floor, steered, floor lock)
F8 bank trip: skipped (pockets full, 52s left < 150s - the end-phase owns the deadline banking)
F9 [F9] raw hop failed: raw walk: no net progress for 8178ms (best d=11.5) - pathfinder retry
F14 [F14] digShaft: water strike at y=48 -> water table (regions 2); fluid below (-118, 49, 389) - moving sideways
F11 tunnel: 0 blocks (branch mine at the floor, steered, floor lock)
F1 [F1] KICKED: {"type":"compound","value":{"translate":{"type":"string","value":"multiplayer.disconnect.duplicate_login"}}}
Error: write EPIPE
    at afterWriteDispatched (node:internal/stream_base_commons:159:15)
    at writeGeneric (node:internal/stream_base_commons:150:3)
    at Socket._writeGeneric (node:net:967:11)
    at Socket._write (node:net:979:8)
    at writeOrBuffer (node:internal/streams/writable:572:12)
    at _write (node:internal/streams/writable:501:10)
    at Writable.write (node:internal/streams/writable:510:10)
    at Framer.ondata (/home/runner/work/privateB/privateB/node_modules/readable-stream/lib/internal/streams/readable.js:707:22)
    at Framer.emit (node:events:519:28)
    at addChunk (/home/runner/work/privateB/privateB/node_modules/readable-stream/lib/internal/streams/readable.js:323:12) {
  errno: -32,
  code: 'EPIPE',
  syscall: 'write'
}
F1 [F1] error: write EPIPE
F1 [F1] socket error: write EPIPE
F1 [F1] water: pass 3 head=wet shore=none land=n/a y=61.2 o2=15 probes=0 at=[-57,61,417]
F13 iron commune: iron commune: chest walk failed after the nudge (Took to long to decide path to goal!)
F13 iron commune: chest walk failed (Took to long to decide path to goal!)
F18 sword: OK (stone_sword, holds 1)
F18 sword: OK (stone_sword)
F18 [F18] craft torches: skip (no spare sticks: sticks 1 coals 0)
F12 pre-position: 49b from yard, t-50s - walking home
F15 [F15] craft torches: the metal fuel reserve holds all 1 coal for the furnace (1 raw metal held)
F1 pre-position: 71b from yard, t-49s - walking home
F1 [F1] water: pass 4 head=wet shore=none land=n/a y=61.2 o2=15 probes=0 at=[-57,61,417]
F14 bank trip: skipped (pockets full, 48s left < 150s - the end-phase owns the deadline banking)
F18 tunnel: steering copper_ore @ 4.5b (axis z+, cross 0.45687937293438097, ore detour)
F11 [F11] craft torches: skip (no coal: sticks 3 coals 0)
F11 [F11] digShaft: water table y=57 (region strike) - stopping above the aquifer, the tunnel owns this level (regions 2)
F11 [F11] craft torches: skip (no coal: sticks 3 coals 0)
F11 [F11] digShaft: water table y=57 (region strike) - stopping above the aquifer, the tunnel owns this level (regions 2)
F11 tunnel: steering iron_ore @ 5.4b (axis x+, cross 0.4968490730304893, floor lock)
F13 iron commune: chest walk failed (Took to long to decide path to goal!)
F1 [F1] water: pass 5 head=wet shore=none land=n/a y=61.2 o2=15 probes=0 at=[-57,61,417]
F16 tunnel: steering coal_ore @ 3.1b (axis x+, cross 0.4307423228971743, ore detour)
F6 tunnel: 12 blocks (branch mine at the floor, steered, ore detour)
F6 bank trip: skipped (pockets full, 46s left < 150s - the end-phase owns the deadline banking)
F6 pre-position: 49b from yard, t-46s - walking home
F6 bank: smelt hold skipped - no fuel in pocket (coal 0)
F6 [F6] chest skip (vertical doom: the yard stands 39 levels up over 11b lateral - the walk ladder cannot climb)
F6 [F6] chest skip (vertical doom: the yard stands 39 levels up over 12b lateral - the walk ladder cannot climb)
F6 [F6] chest skip (vertical doom: the yard stands 39 levels up over 13b lateral - the walk ladder cannot climb)
F6 [F6] chest skip (vertical doom: the yard stands 39 levels up over 14b lateral - the walk ladder cannot climb)
F6 [F6] chest skip (no path cached 8s ago at [-99,82,419])
F6 [F6] chest skip (vertical doom: the yard stands 39 levels up over 15b lateral - the walk ladder cannot climb)
F6 [F6] chest skip (vertical doom: the yard stands 39 levels up over 16b lateral - the walk ladder cannot climb)
F6 [F6] chest skip (vertical doom: the yard stands 39 levels up over 17b lateral - the walk ladder cannot climb)
F6 bank: no chest in range (49 blocks from yard) - walking back
F6 bank: the yard stands 39 levels up over 29b lateral - the walk ladder cannot climb, the pocket rides the next window
F6 camp furnace: 3 near machine(s) beyond the 24b direct envelope (nearest d=5.2) - 1 inside the envelope keep the veto
F6 camp furnace: no build (machine near)
F6 fuel anchor scan returned empty (attempt 1/2) at [-98,43,434] yard d=49 - the palette empty-return class, re-querying
F6 fuel anchor scan returned empty (attempt 2/2) at [-98,43,434] yard d=49
F6 fuel anchor scan empty x2 - the singular probe rescued the scan (chest at [-99,82,423])
F6 fuel commons: the anchor chest is read first
F6 fuel commons: chest at [-99,82,423] the yard stands 39 levels up over 11b lateral - the walk ladder cannot climb, the ask rides (the tithe owns the deep resupply)
F6 fuel anchor scan returned empty (attempt 1/2) at [-98,43,434] yard d=49 - the palette empty-return class, re-querying
F6 fuel anchor scan returned empty (attempt 2/2) at [-98,43,434] yard d=49
F6 fuel anchor scan empty x2 - the singular probe rescued the scan (chest at [-99,82,423])
F6 fuel commons: the anchor chest is read first
F6 fuel commons: chest at [-99,82,423] the yard stands 39 levels up over 11b lateral - the walk ladder cannot climb, the ask rides (the tithe owns the deep resupply)
F6 fuel anchor scan returned empty (attempt 1/2) at [-98,43,434] yard d=49 - the palette empty-return class, re-querying
F6 fuel anchor scan returned empty (attempt 2/2) at [-98,43,434] yard d=49
F6 fuel anchor scan empty x2 - the singular probe rescued the scan (chest at [-99,82,423])
F6 fuel commons: the anchor chest is read first
F6 fuel commons: chest at [-99,82,423] the yard stands 39 levels up over 11b lateral - the walk ladder cannot climb, the ask rides (the tithe owns the deep resupply)
F6 smelt: 0 (raw_iron@-: no fuel; raw_copper@-: no fuel; cobblestone@-: no fuel)
F19 [F19] raw hop failed: raw walk: no net progress for 8333ms (best d=14.4) - pathfinder retry
F1 [F1] water: pass 6 head=wet shore=none land=n/a y=61.2 o2=15 probes=0 at=[-57,61,417]
F3 iron commune: open failed (open commune chest: timeout after 10000ms)
F3 iron commune: budget spent (0/3 units)
F3 [F3] hop: chest at [-135,82,397] d=12 zero: chest unreachable (budget exhausted (walk floor))
F3 [F3] hop: chest at [-137,82,397] d=12 zero: chest unreachable (budget exhausted (walk floor))
F3 [F3] hop: chest at [-120,82,397] d=16 zero: chest unreachable (budget exhausted (walk floor))
F3 [F3] hop: chest at [-119,82,397] d=17 zero: chest unreachable (budget exhausted (walk floor))
F3 [F3] hop: chest at [-118,82,397] d=17 zero: chest unreachable (budget exhausted (walk floor))
F3 [F3] hop: chest at [-134,82,413] d=20 zero: chest unreachable (budget exhausted (walk floor))
F3 [F3] hop: chest at [-129,82,413] d=20 zero: chest unreachable (budget exhausted (walk floor))
F3 [F3] hop: chest at [-139,82,413] d=21 zero: chest unreachable (budget exhausted (walk floor))
F3 bank: 0 (chest unreachable (budget exhausted (walk floor)))
F14 [F14] craft torches: skip (the pocket torch cap: held 22 of 24 - sticks 3 coals 35)
F14 [F14] digShaft: water strike at y=48 -> water table (regions 2); fluid below (-118, 49, 391) - moving sideways
F4 climb out (bank): retry failed - timeout
F13 iron commune: chest walk failed (iron commune walk @-119,415: timeout after 2187ms)
F13 [F13] chest skip (doomed goal cached 4s ago at [-124,82,415])
F13 [F13] chest skip (doomed goal cached 12s ago at [-124,82,413])
F7 iron commune: open failed (open commune chest: timeout after 10000ms)
F7 iron commune: budget spent (0/3 units)
F11 tunnel: 0 blocks (branch mine at the floor, steered, floor lock)
F11 tunnel: 0 blocks x3 - sealed or flooded, cooling down 15s
F1 [F1] water: pass 7 head=wet shore=none land=n/a y=61.2 o2=15 probes=0 at=[-57,61,417]
t-40s alive=19/19 mined=3050 map=1123p/21ch banked=0 smelted=0 pocket=3271u/292s | sand=40 gravel=13 dirt=432 stone=0
   deficits: 157926/40 (0.0%) 149380/13 (0.0%) 31860/0 (0.0%) 27420/0 (0.0%) 10725/124 (1.2%)
   F1=222[cobblestone:112 raw_copper:50 dirt:42] | F2=283[cobblestone:217 raw_copper:24 torch:21] | F3=220[cobblestone:130 granite:26 dirt:22] | F4=181[cobblestone:130 raw_copper:24 granite:14] | F5=118[dirt:1] | F6=260[cobblestone:120 granite:47 dirt:28] | F7=180[cobblestone:73 diorite:28 dirt:23] | F8=173[cobblestone:85 torch:19 raw_copper:17] | F9=148[cobblestone:71 raw_copper:30 dirt:18] | F10=81[cobblestone:41 granite:17 stick:5] | F11=110[dirt:92 leaf_litter:13 oak_log:4] | F12=150[diorite:36 sand:34 cobblestone:17] | F13=157[cobblestone:88 raw_copper:31 dirt:22] | F14=157[cobblestone:56 coal:35 dirt:27] | F15=175[dirt:48 granite:47 cobblestone:41] | F16=77[dirt:32 cobblestone:12 coal:10] | F17=105[cobblestone:59 raw_copper:34 andesite:33] | F18=57[cobblestone:40 dirt:11 gravel:6] | F19=196[cobblestone:111 dirt:28 diorite:27]
   mem: heap=113M/159M old=-1M ext=138M ab=135M rss=406M cols=1877 ents=2281 evicted=1508 path=6a/1q (max 6) stale=0
[hb] n=28 ts=561s rss=406M late=133ms mainLate=1793ms
F3 [F3] craft torches: skip (no coal: sticks 7 coals 0)
F1 [F1] water: pass 8 head=wet shore=none land=n/a y=61.2 o2=15 probes=0 at=[-57,61,417]
F19 [F19] hop: chest at [-104,82,415] d=15 zero: chest unreachable (Took to long to decide path to goal!)
F19 [F19] chest skip (no path cached 0s ago at [-104,82,413])
F8 [F8] craft torches: stick-dry but 7 planks held - one stick batch first
F4 pre-position: 61b from yard, t-35s - walking home
F9 [F9] hop: chest at [-114,82,421] d=14 zero: chest unreachable (walk to chest (retry): timeout after 15000ms)
F1 [F1] water: pass 9 head=wet shore=none land=n/a y=61.2 o2=15 probes=0 at=[-57,61,417]
F8 [F8] craft torches: 1 batch(es) -> 4 torches (sticks 2 coals 10, the metal reserve keeps 3)
F6 sweep: 0 collected - machine unreachable (Took to long to decide path to goal!) x1, machine unreachable (walk to a machine (sweep): timeout after 660ms) x1
F6 [F6] chest skip (vertical doom: the yard stands 38 levels up over 11b lateral - the walk ladder cannot climb)
F6 [F6] chest skip (vertical doom: the yard stands 38 levels up over 11b lateral - the walk ladder cannot climb)
F6 [F6] chest skip (vertical doom: the yard stands 38 levels up over 13b lateral - the walk ladder cannot climb)
F6 [F6] chest skip (vertical doom: the yard stands 38 levels up over 12b lateral - the walk ladder cannot climb)
F6 [F6] chest skip (vertical doom: the yard stands 38 levels up over 13b lateral - the walk ladder cannot climb)
F6 [F6] chest skip (vertical doom: the yard stands 38 levels up over 14b lateral - the walk ladder cannot climb)
F6 [F6] chest skip (no path cached 3s ago at [-104,82,419])
F6 [F6] chest skip (vertical doom: the yard stands 38 levels up over 15b lateral - the walk ladder cannot climb)
F6 pre-position bank: 0 (no chest in range)
F6 final climb: the yard stands 38 levels up over 25b lateral - climbing toward the yard's level (the walk ladder cannot)
F1 [F1] climb wet escape: 4 blocks walked (budget, walked 1/4)
F15 pre-position: 48b from yard, t-33s - walking home
F1 climb out (pre-position): OK +3 levels (1 steps, 5 dug, 4 traversed, 16s)
F1 bank: holding 3s of 33s for the smelt leg
F1 [F1] water: pass 10 head=wet shore=none land=n/a y=61.2 o2=15 probes=0 at=[-57,61,417]
F7 [F7] raw hop failed: raw walk: no net progress for 8354ms (best d=11.5) - pathfinder retry
F8 tunnel: steering coal_ore @ 8.7b (axis x+, cross 0.5, ore detour)
F18 tunnel: 4 blocks (branch mine at the floor, steered, ore detour)
F2 yard approach: approach: 2 segment(s) walked in 27.3s, goal now d=68.9 (still outside - the approach clock is spent)
F2 bank: end-bank budget spent - yard walk cancelled
F2 camp furnace: build skipped - the leg clock (1s) cannot afford a 18s craft-table build + the 5s put (217 cobble + 12 planks - table first)
F2 yard seek: approach: 1 segment(s) walked in 0.4s, goal now d=68.9 (still outside - a segment stalled (no position delta))
[F2] yard seek: did not land - the empty scan stands
F2 smelt: 0 (raw_iron@blast_furnace/furnace: no machine in reach (blast_furnace/furnace within 48b); raw_copper@blast_furnace/furnace: no machine in reach (blast_furnace/furnace within 48b); cobblestone@furnace: no machine in reach (furnace within 48b))
F2 iron commune: no yard chest in range
F2 fuel anchor scan returned empty (attempt 1/2) at [-58,43,412] yard d=69 - the palette empty-return class, re-querying
F2 fuel anchor scan returned empty (attempt 2/2) at [-58,43,412] yard d=69
F2 fuel anchor scan empty x2 - the singular probe found nothing either
F2 fuel anchor: 0 delivered (no anchor chest) - the legacy scatter carries the tithe
F2 [F2] scan: no chest within 64b (bankable 292)
F2 pre-position bank: 0 (no chest in range)
F2 final climb: OK +0 levels (0 steps, 0 dug, undefineds)
F2 bank: holding 51s of 204s for the smelt leg
F2 [F2] scan: no chest within 64b (bankable 42)
F2 bank: no chest in range (69 blocks from yard) - walking back
F2 yard approach: 69b beyond the 24b envelope (attempt 1)
F18 [F18] vein sweep: 8 drop(s) in reach (2 dug)
F13 [F13] raw hop failed: raw walk timeout after 12642ms (d=17.0) - pathfinder retry
F1 [F1] water: pass 11 head=wet shore=none land=n/a y=61.2 o2=15 probes=0 at=[-57,61,417]
F4 [F4] climb bridge: unavailable (no solid floor underfoot)
F4 [F4] climb diag: level at y=49 blocked toward 0,1 (dug=2)
F1 [F1] water: rescue timeout (still wet, 12 passes, 0 probes, tail wet/wet/wet) in 26.9s
F1 [F1] water: hazard memorized at [-57,61,417] (6 live, fleet-wide)
F19 [F19] raw hop failed: raw walk: no net progress for 8752ms (best d=15.3) - pathfinder retry
F14 bank trip: skipped (pockets full, 27s left < 150s - the end-phase owns the deadline banking)
F14 [F14] craft torches: skip (the pocket torch cap: held 22 of 24 - sticks 3 coals 35)
F16 tunnel: 0 blocks (branch mine at the floor, steered, ore detour)
F16 [F16] craft torches: stick-dry but 5 planks held - one stick batch first
F9 [F9] raw hop failed: raw walk: no net progress for 8728ms (best d=10.0) - pathfinder retry
F18 [F18] vein sweep: the drop walk to [-111,46,416] failed - sweep drops: timeout after 4000ms (dy 3.0, range 2)
t-24s alive=19/19 mined=3089 map=1132p/21ch banked=0 smelted=0 pocket=3330u/295s | sand=42 gravel=13 dirt=442 stone=0
   deficits: 157926/42 (0.0%) 149380/13 (0.0%) 31860/0 (0.0%) 27420/0 (0.0%) 10725/126 (1.2%)
   F1=225[cobblestone:112 raw_copper:50 dirt:45] | F2=283[cobblestone:217 raw_copper:24 torch:21] | F3=229[cobblestone:135 dirt:26 granite:26] | F4=185[cobblestone:132 raw_copper:24 granite:14] | F5=119[oak_log:4 dirt:1] | F6=262[cobblestone:121 granite:47 dirt:28] | F7=180[cobblestone:73 diorite:28 dirt:23] | F8=177[cobblestone:93 torch:23 raw_copper:17] | F9=148[cobblestone:71 raw_copper:30 dirt:18] | F10=81[cobblestone:41 granite:17 stick:5] | F11=110[dirt:92 leaf_litter:13 oak_log:4] | F12=150[diorite:36 sand:36 cobblestone:17] | F13=157[cobblestone:88 raw_copper:31 dirt:22] | F14=157[cobblestone:58 coal:35 dirt:27] | F15=187[dirt:51 cobblestone:49 granite:47] | F16=77[dirt:32 cobblestone:12 coal:10] | F17=105[cobblestone:59 raw_copper:34 andesite:33] | F18=61[cobblestone:45 dirt:11 gravel:6] | F19=196[cobblestone:111 dirt:28 diorite:27]
   mem: heap=129M/161M old=-1M ext=138M ab=135M rss=404M cols=1709 ents=2051 evicted=1402 path=6a/0q (max 6) stale=0
F10 [F10] water: drowning rescue start (drowning, oxygen 13)
F10 [F10] water: pass 0 head=wet shore=none land=n/a y=46.0 o2=13 probes=0 at=[-134,46,415]
F3 [F3] digShaft: water table y=52 (region strike) - stopping above the aquifer, the tunnel owns this level (regions 2)
F3 bank trip: skipped (pockets full, 23s left < 150s - the end-phase owns the deadline banking)
F12 [F12] died - respawning (cause: server: drowned [kind=drown] | inferred: fall/env (0s before death at [-164,59,406]) [the inference is blind to this kind - the hint is noise by construction (the server kind stays the authority)])
F12 [F12] death drop: ~138u lost at [-164,59,406] (diorite 36, sand 36, cobblestone 17, dirt 13, leaf_litter 11, +9 more)
F12 [F12] water: death spot memorized as a hazard at [-164,59,406] (7 live, fleet-wide)
F14 [F14] water: drowning rescue start (drowning, oxygen 15)
F14 [F14] water: pass 0 head=wet shore=none land=n/a y=48.7 o2=15 probes=0 at=[-116,49,392]
F11 [F11] craft torches: skip (no coal: sticks 3 coals 0)
F11 [F11] digShaft: water table y=57 (region strike) - stopping above the aquifer, the tunnel owns this level (regions 2)
F11 [F11] craft torches: skip (no coal: sticks 3 coals 0)
F11 [F11] digShaft: water table y=57 (region strike) - stopping above the aquifer, the tunnel owns this level (regions 2)
F11 tunnel: steering copper_ore @ 7.4b (axis x--1, cross 2.4999091886966767, floor lock)
F10 [F10] water: pass 2 head=wet shore=none land=n/a y=47.3 o2=8 probes=0 at=[-134,47,415]
F19 [F19] hop: chest at [-109,82,415] d=16 zero: chest unreachable (Took to long to decide path to goal!)
F19 [F19] chest skip (no path cached 0s ago at [-109,82,413])
F19 [F19] chest skip (no path cached 0s ago at [-109,82,417])
F19 [F19] chest skip (no path cached 0s ago at [-109,82,419])
[hb] n=29 ts=581s rss=407M late=139ms mainLate=2086ms
F3 [F3] craft torches: skip (no coal: sticks 7 coals 0)
F3 [F3] digShaft: water table y=52 (region strike) - stopping above the aquifer, the tunnel owns this level (regions 2)
F3 bank trip: skipped (pockets full, 20s left < 150s - the end-phase owns the deadline banking)
F3 [F3] craft torches: skip (no coal: sticks 7 coals 0)
F3 [F3] digShaft: water table y=52 (region strike) - stopping above the aquifer, the tunnel owns this level (regions 2)
F3 tunnel: steering coal_ore @ 7.1b (axis z--1, cross 3.675722095944664, floor lock)
F18 [F18] vein sweep: the drop walk to [-108,43,411] failed - sweep drops: timeout after 4000ms (dy -1.0, range 2)
F14 [F14] water: pass 2 head=dry shore=hit r=1 land=none y=50.9 o2=18 probes=0 at=[-116,51,392]
F16 [F16] craft stick: variant#2 attempt0 failed: craft stick: timeout after 7000ms
F16 [F16] [tools] closing stale craft window (minecraft:inventory) - grid recovery
F10 [F10] water: pass 4 head=wet shore=none land=n/a y=48.2 o2=6 probes=0 at=[-134,48,416]
F10 [F10] water: deep-pocket ascend - dug the ceiling coal_ore at [-135,50,415] (jump stalled 4+ passes, o2 11)
F14 [F14] water: rescue complete in 5.0s
F14 [F14] water: hazard memorized at [-117,50,392] (8 live, fleet-wide)
F10 [F10] water: pass 10 head=wet shore=none land=n/a y=48.4 o2=17 probes=0 at=[-134,48,416]
F3 tunnel: 2 blocks (branch mine at the floor, steered, floor lock)
F10 [F10] water: frozen physics (10 flat passes at y=48.4, o2=19, head WET) - standing down, the reconnect lane owns this
F10 [F10] water: rescue standing down (frozen physics - the walk gate reopens, the reconnect lane owns a dead client) in 7.8s
F10 [F10] water: frozen client relog (#3 consecutive) (frozen while head-wet (1 verdict) - the drowning clock owns this client) - ending the session, the reconnect lane rebuilds the physics; the drowning sentry holds non-critical pages 40s (the frozen-return gate)
F10 [F10] water: hazard memorized at [-135,48,415] (9 live, fleet-wide)
F16 [F16] craft storm: 4 consecutive craft timeouts - cooldown 8000ms (server stall?)
F16 [F16] craft stick: all 1 variant(s) failed, last: craft stick: timeout after 7000ms
F16 [F16] craft torches: skip (no spare sticks: sticks 2 coals 10)
F16 [F16] digShaft: water strike at y=48 -> water table (regions 2); fluid below (-122, 50, 409) - moving sideways
F8 tunnel: 12 blocks (branch mine at the floor, steered, ore detour)
F3 [F3] vein sweep: 2 drop(s) in reach (3 dug)
F8 [F8] vein sweep: 8 drop(s) in reach (2 dug)
F7 [F7] raw hop failed: raw walk timeout after 6414ms (d=18.0) - pathfinder retry
F19 [F19] raw hop failed: raw walk: no net progress for 8123ms (best d=16.1) - pathfinder retry
F1 [F1] approach: the stall side-step (right) moved the start (d now 46.8)
t-8s alive=19/19 mined=3146 map=1127p/21ch banked=0 smelted=0 pocket=3269u/285s | sand=6 gravel=13 dirt=435 stone=0
   deficits: 157926/6 (0.0%) 149380/13 (0.0%) 31860/0 (0.0%) 27420/0 (0.0%) 10725/128 (1.2%)
   F1=225[cobblestone:112 raw_copper:50 dirt:45] | F2=283[cobblestone:220 raw_copper:24 torch:21] | F3=235[cobblestone:143 dirt:26 granite:26] | F4=194[cobblestone:133 raw_copper:24 diorite:16] | F5=119[oak_log:4 dirt:1] | F6=274[cobblestone:132 granite:47 dirt:28] | F7=180[cobblestone:73 diorite:28 dirt:23] | F8=187[cobblestone:103 torch:23 raw_copper:17] | F9=148[cobblestone:71 raw_copper:30 dirt:18] | F10=81[cobblestone:41 granite:17 stick:5] | F11=117[dirt:96 leaf_litter:13 cobblestone:5] | F12=150[empty] | F13=157[cobblestone:88 raw_copper:31 dirt:22] | F14=157[cobblestone:58 coal:35 dirt:27] | F15=199[cobblestone:57 dirt:51 granite:47] | F16=77[dirt:32 cobblestone:12 coal:10] | F17=106[cobblestone:59 raw_copper:34 andesite:34] | F18=61[cobblestone:48 dirt:13 raw_copper:9] | F19=196[cobblestone:111 dirt:28 diorite:27]
   mem: heap=128M/160M old=-1M ext=134M ab=131M rss=408M cols=1723 ents=2165 evicted=1477 path=6a/0q (max 6) stale=0
F3 [F3] vein sweep: the drop walk to [-129,52,404] failed - sweep drops: timeout after 4000ms (dy -2.0, range 2)
F13 [F13] hop: chest at [-119,82,415] d=18 zero: cannot open chest (open chest: timeout after 10000ms)
F13 bank: 0 (budget exhausted)
F1 [F1] approach: 6 segment(s) walked in 25.8s, goal now d=46.8 (still outside - a segment stalled (no position delta))
F1 [F1] hop: chest at [-99,82,415] d=48 zero: chest unreachable (budget exhausted (walk floor))
F1 [F1] hop: chest at [-104,82,413] d=51 zero: chest beyond the hop search radius 48 - walking home instead
F1 bank fallback: none (chest unreachable (budget exhausted (walk floor)))
F1 end-bank budget spent - smelt skipped
F13 tool upgrade due: worn (left=10/131) -> stone_pickaxe
F7 [F7] hop: chest at [-135,82,397] d=12 zero: chest unreachable (Took to long to decide path to goal!)
F7 bank: 0 (budget exhausted)
F18 [F18] vein sweep: lip dig refused - sealed floor (air 0, dy 0.0)
F18 [F18] vein sweep: +17u walked from the drops (2 dug)
F18 [F18] vein sweep: 1 below-plane walk(s) still failed on the wide goal (range 2) - the drop rests deeper than the lip
F18 [F18] vein sweep: 2 above-plane walk(s) timed out on the wide goal (range 2) - the ledge family (the v0.189.0 class, the triage names it)
F18 vein sweep: 2 ores dug beside the gallery (ore detour)
F3 [F3] vein sweep: lip dig refused - sealed floor (air 0, dy -0.5)
F3 [F3] vein sweep: +6u walked from the drops (3 dug)
F3 [F3] vein sweep: 1 below-plane walk(s) still failed on the wide goal (range 2) - the drop rests deeper than the lip
F3 vein sweep: 3 ores dug beside the gallery (floor lock)
F3 bank trip: skipped (pockets full, 4s left < 150s - the end-phase owns the deadline banking)
F1 [F1] hop: chest at [-99,82,415] d=47 zero: chest unreachable (Took to long to decide path to goal!)
F1 [F1] hop: chest at [-104,82,415] d=52 zero: chest beyond the hop search radius 48 - walking home instead
F1 pre-position bank: 0 (chest unreachable (Took to long to decide path to goal!))
F9 [F9] hop: chest at [-119,82,417] d=10 zero: cannot open chest (open chest: timeout after 10000ms)
F16 tunnel: steering iron_ore @ 6.7b (axis x--1, cross 0.4307423228971743, floor lock)
F16 tunnel: 0 blocks (branch mine at the floor, steered, floor lock)
F16 tunnel: 0 blocks x3 - sealed or flooded, cooling down 15s
F3 [F3] craft torches: skip (no coal: sticks 7 coals 0)
F8 [F8] vein sweep: the drop walk to [-108,43,410] failed - Took to long to decide path to goal! (dy -1.0, range 2)
F8 [F8] vein sweep: the drop walk to [-108,43,410] failed - doomed goal (ledgered 0s ago at [-108,43,410]) - sweep drops refused (dy 0.0, range 1)
F2 yard approach: approach: the stall side-step (right) stalled too
F2 yard approach: approach: 5 segment(s) walked in 27.6s, goal now d=61.7 (still outside - a segment stalled (no position delta))
F18 [F18] craft torches: skip (no coal: sticks 3 coals 0)
F18 tunnel: steering coal_ore @ 9.3b (axis z+, cross 1.5, ore detour)
F2 bank walk path event: path_stop (explicit)
F2 bank: yard walk attempt 1 failed: NoPath: No path to the goal!
F2 bank: yard walk failed (No path to the goal!) - smelting locally if a furnace is near
F2 camp furnace: 1 near machine(s) all beyond the 24b direct envelope (nearest d=42.8) - the bay reads as empty, the camp ladder decides on its own merits
F2 camp furnace: craft-table (220 cobble + 12 planks - table first)
F7 tool upgrade due: cobble available -> stone_pickaxe
F13 [toolupgrade] stone_pickaxe: crafted (worn (left=10/131))
F13 tool upgrade: OK -> stone_pickaxe (worn (left=10/131))
F13 [F13] craft torches: skip (no coal: sticks 3 coals 0)
[worldmap] autosave: merged 58 from disk, 1186 positions on file
[hb] n=30 ts=601s rss=408M late=145ms mainLate=1683ms
F3 tunnel: steering coal_ore @ 5.1b (axis z+, cross 2.5076232618926895, ore detour)
F3 tunnel: 0 blocks (branch mine at the floor, steered, ore detour)
F3 final bank: staggered +56s
F18 tunnel: 4 blocks (branch mine at the floor, steered, ore detour)
F18 final bank: staggered +64s
F11 tunnel: 13 blocks (branch mine at the floor, steered, floor lock)
F11 final bank: staggered +40s
F15 [F15] climb wet escape: 6 blocks walked (budget, walked 1/4)
F15 climb out (pre-position): failed - stopped (traversed 6) [stage 1]
F15 final bank: staggered +48s
F7 [toolupgrade] [upgrade] upgraded: wooden_shovel,stone_pickaxe,wooden_pickaxe,wooden_pickaxe
F7 tool upgrade: OK -> stone_pickaxe (wooden_shovel,stone_pickaxe,wooden_pickaxe,wooden_pickaxe)
F7 [F7] craft torches: the metal fuel reserve holds all 1 coal for the furnace (2 raw metal held)
F7 tunnel: steering iron_ore @ 10.5b (axis x+, cross 1.624879804461159, ore detour)
F7 tunnel: 0 blocks (branch mine at the floor, steered, ore detour)
F7 final bank: staggered +80s
F14 tunnel: steering coal_ore @ 7b (axis x--1, cross 3.4492730928288893, ore detour)
F14 tunnel: 0 blocks (branch mine at the floor, steered, ore detour)
F14 final bank: staggered +72s
F8 [F8] vein sweep: +5u walked from the drops (2 dug)
F8 [F8] vein sweep: 1 below-plane walk(s) still failed on the wide goal (range 2) - the drop rests deeper than the lip
F8 [F8] vein sweep: 1 above-plane walk(s) timed out on the wide goal (range 2) - the ledge family (the v0.189.0 class, the triage names it)
F8 vein sweep: 2 ores dug beside the gallery (ore detour)
F8 final bank: staggered +56s
F13 final bank: staggered +96s
F1 [F1] climb wet escape: 3 blocks walked (budget, walked 1/4)
F5 [F5] craft torches: stick-dry with logs held - one plank conversion first
F5 [F5] [tools] closing stale craft window (minecraft:inventory) - grid recovery
F5 [F5] craft oak_planks: no craftable recipe variant (ingredients missing?)
F5 [F5] craft torches: skip (no spare sticks: sticks 0 coals 0)
F5 tool recovery: OK (wooden_pickaxe)
F5 [F5] craft torches: skip (no spare sticks: sticks 0 coals 0)
F5 final bank: staggered +80s
F12 [F12] climb wet escape: 1 blocks walked (refused, walked 1/4)
F12 [F12] climb: walkable surface at y=82 (+21 levels, dug=2) - the walk takes over (blocked step)
F12 climb out (pre-position): OK +21 levels (0 steps, 2 dug, 1 traversed, undefineds)
F12 pre-position bank: 0 (budget exhausted)
F12 [F12] water: air-bar glitch ignored (oxygen 0 on dry land at [-112,82,417], 1 total)
F10 vein sweep: 1 ores dug beside the gallery (ore detour)
F10 final bank: staggered +64s
F17 tunnel: 8 blocks (branch mine at the floor, steered, floor lock)
F17 final bank: staggered +64s
F2 camp furnace: BUILT (furnace at -67,44,412) in 7s
[F2] furnace within reach - opening without a walk
[F2] furnace slots after put: input=raw_iron fuel=coal
[F2] smelting 2 x raw_iron in a furnace (fuel: 1 x coal)
F9 [F9] raw hop failed: raw walk: no net progress for 8145ms (best d=10.2) - pathfinder retry
t-0s alive=19/19 mined=3202 map=1186p/21ch banked=0 smelted=0 pocket=3466u/292s | sand=7 gravel=13 dirt=474 stone=0
   deficits: 157926/7 (0.0%) 149380/13 (0.0%) 31860/0 (0.0%) 27420/0 (0.0%) 10725/151 (1.4%)
   F1=236[cobblestone:112 dirt:54 raw_copper:50] | F2=283[cobblestone:214 raw_copper:24 torch:21] | F3=240[cobblestone:150 dirt:26 granite:26] | F4=198[cobblestone:133 raw_copper:24 diorite:19] | F5=119[oak_planks:6 wooden_shovel:1 wooden_pickaxe:1] | F6=292[cobblestone:143 granite:53 dirt:28] | F7=180[cobblestone:70 diorite:28 dirt:23] | F8=187[cobblestone:106 torch:23 raw_copper:17] | F9=148[cobblestone:71 raw_copper:30 dirt:18] | F10=81[cobblestone:41 granite:17 stick:5] | F11=123[dirt:99 leaf_litter:13 cobblestone:6] | F12=150[empty] | F13=157[cobblestone:85 raw_copper:31 dirt:22] | F14=158[cobblestone:58 coal:35 dirt:27] | F15=205[cobblestone:61 dirt:51 granite:47] | F16=77[dirt:32 cobblestone:12 coal:10] | F17=107[cobblestone:59 andesite:36 raw_copper:34] | F18=65[cobblestone:127 dirt:40 andesite:21] | F19=196[cobblestone:111 dirt:28 diorite:27]
   mem: heap=122M/159M old=-1M ext=134M ab=131M rss=408M cols=380 ents=497 evicted=367 path=1a/0q (max 6) stale=0
F9 [F9] hop: chest at [-119,82,421] d=11 zero: chest unreachable (Took to long to decide path to goal!)
F9 [F9] chest skip (no path cached 0s ago at [-119,82,423])
F9 [F9] chest skip (vertical doom: the yard stands 37 levels up over 5b lateral - the walk ladder cannot climb)
F9 [F9] chest skip (vertical doom: the yard stands 37 levels up over 4b lateral - the walk ladder cannot climb)
F9 [F9] chest skip (vertical doom: the yard stands 37 levels up over 6b lateral - the walk ladder cannot climb)
F9 bank: chest unreachable (Took to long to decide path to goal!) (43 blocks from yard) - walking back
F9 bank: the yard stands 37 levels up over 22b lateral - the walk ladder cannot climb, the pocket rides the next window
F9 camp furnace: build skipped - the leg clock (3s) cannot afford a 0s none build + the 5s put (machine near)
F9 fuel anchor scan returned empty (attempt 1/2) at [-120,45,421] yard d=43 - the palette empty-return class, re-querying
F9 fuel anchor scan returned empty (attempt 2/2) at [-120,45,421] yard d=43
F9 fuel anchor scan empty x2 - the singular probe rescued the scan (chest at [-119,82,421])
F9 fuel commons: the anchor chest is read first
F9 fuel commons: chest at [-119,82,421] the yard stands 37 levels up over 1b lateral - the walk ladder cannot climb, the ask rides (the tithe owns the deep resupply)
F9 fuel anchor scan returned empty (attempt 1/2) at [-120,45,421] yard d=43 - the palette empty-return class, re-querying
F9 fuel anchor scan returned empty (attempt 2/2) at [-120,45,421] yard d=43
F9 fuel anchor scan empty x2 - the singular probe rescued the scan (chest at [-119,82,421])
F9 fuel commons: the anchor chest is read first
F9 fuel commons: chest at [-119,82,421] the yard stands 37 levels up over 1b lateral - the walk ladder cannot climb, the ask rides (the tithe owns the deep resupply)
F9 fuel anchor scan returned empty (attempt 1/2) at [-120,45,421] yard d=43 - the palette empty-return class, re-querying
F9 fuel anchor scan returned empty (attempt 2/2) at [-120,45,421] yard d=43
F9 fuel anchor scan empty x2 - the singular probe rescued the scan (chest at [-119,82,421])
F9 fuel commons: the anchor chest is read first
F9 fuel commons: chest at [-119,82,421] the yard stands 37 levels up over 1b lateral - the walk ladder cannot climb, the ask rides (the tithe owns the deep resupply)
F9 smelt: 0 (raw_iron@-: no fuel; raw_copper@-: no fuel; cobblestone@-: no fuel)
F9 iron commune: iron commune: chest the yard stands 37 levels up over 1b lateral - the walk ladder cannot climb, the fragments ride (the ask retries near the yard)
F9 [F9] chest skip (no path cached 0s ago at [-119,82,421])
F9 [F9] chest skip (no path cached 0s ago at [-119,82,417])
F9 [F9] chest skip (no path cached 0s ago at [-119,82,423])
F9 [F9] chest skip (vertical doom: the yard stands 37 levels up over 5b lateral - the walk ladder cannot climb)
F9 [F9] chest skip (vertical doom: the yard stands 37 levels up over 4b lateral - the walk ladder cannot climb)
F9 [F9] chest skip (vertical doom: the yard stands 37 levels up over 6b lateral - the walk ladder cannot climb)
F9 [F9] chest skip (vertical doom: the yard stands 37 levels up over 5b lateral - the walk ladder cannot climb)
F9 [F9] chest skip (vertical doom: the yard stands 37 levels up over 6b lateral - the walk ladder cannot climb)
F9 bank: 0 (no chest in range)
F9 final bank: staggered +56s
F12 [F12] water: air-bar glitch override - 8 consecutive critical-on-dry reads, believing the bar at [-112,82,417]
F12 [F12] water: drowning rescue start (drowning, oxygen 0)
F12 [F12] water: rescue complete in 0.0s
F12 [F12] water: dry-land proof (rescue saw no water in 0.0s) - the critical-on-dry streak restarts, the next glitch page waits 20s
F12 [F12] water: liar ladder ratchets - confirmed no-op glitch page #1, the next override needs 16 fresh critical-on-dry reads
F16 final bank: staggered +72s
F19 [F19] hop: chest at [-114,82,415] d=17 zero: cannot open chest (open chest: timeout after 10000ms)
F19 bank: cannot open chest (open chest: timeout after 10000ms) (17 blocks from yard) - walking back
F19 bank: yard walk arrived in 0s (1 attempt)
F19 end-bank budget spent - smelt skipped
F4 climb out (pre-position): failed - stopped
F4 final bank: staggered +32s
[F2] took 1 x iron_ingot (1/2)
F1 [F1] climb wet escape: 12 blocks walked (budget, walked 2/4)
[hb] n=31 ts=621s rss=408M late=150ms mainLate=1287ms
t-0s alive=19/19 mined=3241 map=1186p/21ch banked=0 smelted=0 pocket=3504u/292s | sand=7 gravel=13 dirt=489 stone=0
   deficits: 157926/7 (0.0%) 149380/13 (0.0%) 31860/0 (0.0%) 27420/0 (0.0%) 10725/151 (1.4%)
   F1=256[cobblestone:117 dirt:69 raw_copper:50] | F2=283[cobblestone:214 raw_copper:24 torch:21] | F3=240[cobblestone:150 dirt:26 granite:26] | F4=200[cobblestone:133 raw_copper:24 diorite:19] | F5=119[oak_planks:6 wooden_shovel:1 wooden_pickaxe:1] | F6=309[cobblestone:155 granite:58 dirt:28] | F7=180[cobblestone:70 diorite:28 dirt:23] | F8=187[cobblestone:106 torch:23 raw_copper:17] | F9=148[cobblestone:73 raw_copper:30 dirt:18] | F10=81[cobblestone:41 granite:17 stick:5] | F11=123[dirt:99 leaf_litter:13 cobblestone:6] | F12=150[empty] | F13=157[cobblestone:85 raw_copper:31 dirt:22] | F14=158[cobblestone:58 coal:35 dirt:27] | F15=205[cobblestone:61 dirt:51 granite:47] | F16=77[dirt:32 cobblestone:12 coal:10] | F17=107[cobblestone:59 andesite:36 raw_copper:34] | F18=65[cobblestone:127 dirt:40 andesite:21] | F19=196[cobblestone:111 dirt:28 diorite:27]
   mem: heap=110M/159M old=-1M ext=133M ab=130M rss=406M cols=90 ents=111 evicted=124 path=0a/0q (max 6) stale=0
F19 [F19] raw hop failed: raw walk: no net progress for 8081ms (best d=9.7) - pathfinder retry
F1 final climb: OK +2 levels (2 steps, 34 dug, 15 traversed, 29s)
F1 bank: holding 51s of 206s for the smelt leg
[F2] took 1 x iron_ingot (2/2)
[F2] furnace within reach - opening without a walk
[F2] the clock clips the batch: the 62s window completes ~5 of 24 x raw_copper (the rest re-smelts on the next chain)
[F2] furnace slots after put: input=raw_copper fuel=coal
[F2] smelting 5 x raw_copper in a furnace (fuel: 3 x coal)
F19 [F19] hop: chest at [-114,82,415] d=10 zero: chest unreachable (No path to the goal!)
F19 [F19] chest skip (no path cached 0s ago at [-114,82,413])
F6 [F6] climb bridge: unavailable (no solid floor underfoot)
F6 [F6] climb diag: level at y=68 blocked toward 0,-1 (dug=64)
F6 [F6] climb bridge: placed cobblestone at [-105,67,408] (support) - the step re-judges
F6 [F6] climb bridge: placed cobblestone at [-105,67,407] (support) - the step re-judges
F6 [F6] climb diag: level at y=69 blocked toward 1,0 (dug=64)
F6 [F6] climb diag: level at y=68 blocked toward 0,1 (dug=64)
F6 final climb: retry (escalated retry after stalled, 127s fence)
F6 [F6] climb bridge: unavailable (no solid floor underfoot)
F6 [F6] climb diag: level at y=67 blocked toward 0,-1 (dug=0)
F6 [F6] climb bridge: unavailable (no solid floor underfoot)
F6 [F6] climb diag: level at y=67 blocked toward 1,0 (dug=0)
F6 [F6] climb bridge: unavailable (no solid floor underfoot)
F6 [F6] climb diag: level at y=67 blocked toward 0,1 (dug=0)
F6 final climb: failed - stalled
F6 final bank: 0 (still underground after 2 climb attempts - the chain from the shaft bottom is doomed walks)
F12 [F12] water: air-bar glitch ignored (oxygen 0 on dry land at [-112,82,417], 44 total)
F19 [F19] raw hop failed: raw walk: no net progress for 8013ms (best d=8.5) - pathfinder retry
t-0s alive=19/19 mined=3259 map=1186p/21ch banked=0 smelted=0 pocket=3526u/293s | sand=7 gravel=13 dirt=506 stone=0
   deficits: 157926/7 (0.0%) 149380/13 (0.0%) 31860/0 (0.0%) 27420/0 (0.0%) 10725/151 (1.4%)
   F1=259[cobblestone:117 dirt:74 raw_copper:50] | F2=283[cobblestone:214 raw_copper:24 torch:21] | F3=240[cobblestone:150 dirt:26 granite:26] | F4=200[cobblestone:133 raw_copper:24 diorite:19] | F5=119[oak_planks:6 wooden_shovel:1 wooden_pickaxe:1] | F6=324[cobblestone:157 granite:58 dirt:40] | F7=180[cobblestone:70 diorite:28 dirt:23] | F8=187[cobblestone:106 torch:23 raw_copper:17] | F9=148[cobblestone:73 raw_copper:30 dirt:18] | F10=81[cobblestone:41 granite:17 stick:5] | F11=123[dirt:99 leaf_litter:13 cobblestone:6] | F12=150[empty] | F13=157[cobblestone:85 raw_copper:31 dirt:22] | F14=158[cobblestone:58 coal:35 dirt:27] | F15=205[cobblestone:61 dirt:51 granite:47] | F16=77[dirt:32 cobblestone:12 coal:10] | F17=107[cobblestone:59 andesite:36 raw_copper:34] | F18=65[cobblestone:127 dirt:40 andesite:21] | F19=196[cobblestone:111 dirt:28 diorite:27]
   mem: heap=113M/157M old=-1M ext=134M ab=131M rss=408M cols=97 ents=109 evicted=124 path=0a/0q (max 6) stale=0
[F2] took 1 x copper_ingot (1/5)
F12 [F12] water: air-bar glitch override - 16 consecutive critical-on-dry reads, believing the bar at [-112,82,417]
F12 [F12] water: drowning rescue start (drowning, oxygen 0)
F12 [F12] water: rescue complete in 0.0s
F12 [F12] water: dry-land proof (rescue saw no water in 0.0s) - the critical-on-dry streak restarts, the next glitch page waits 20s
F12 [F12] water: liar ladder ratchets - confirmed no-op glitch page #2, the next override needs 24 fresh critical-on-dry reads
[hb] n=32 ts=641s rss=408M late=155ms mainLate=467ms
F11 [F11] climb bridge: placed cobblestone at [-163,59,419] (support) - the step re-judges
F1 [F1] approach: the stall side-step (right) stalled too
F1 [F1] approach: 3 segment(s) walked in 19.5s, goal now d=33.3 (still outside - a segment stalled (no position delta))
[F2] took 1 x copper_ingot (2/5)
F15 final climb: the yard stands 34 levels up over 31b lateral - climbing toward the yard's level (the walk ladder cannot)
F15 [F15] climb bridge: placed cobblestone at [-141,48,426] (support) - the step re-judges
F11 final climb: OK +5 levels (4 steps, 11 dug, 11s)
t-0s alive=19/19 mined=3273 map=1186p/21ch banked=0 smelted=0 pocket=3540u/293s | sand=7 gravel=13 dirt=517 stone=0
   deficits: 157926/7 (0.0%) 149380/13 (0.0%) 31860/0 (0.0%) 27420/0 (0.0%) 10725/151 (1.4%)
   F1=259[cobblestone:117 dirt:74 raw_copper:50] | F2=283[cobblestone:214 raw_copper:24 torch:21] | F3=240[cobblestone:150 dirt:26 granite:26] | F4=200[cobblestone:133 raw_copper:24 diorite:19] | F5=119[oak_planks:6 wooden_shovel:1 wooden_pickaxe:1] | F6=324[cobblestone:157 granite:58 dirt:40] | F7=180[cobblestone:70 diorite:28 dirt:23] | F8=187[cobblestone:106 torch:23 raw_copper:17] | F9=148[cobblestone:73 raw_copper:30 dirt:18] | F10=81[cobblestone:41 granite:17 stick:5] | F11=134[dirt:110 leaf_litter:16 cobblestone:5] | F12=150[empty] | F13=157[cobblestone:85 raw_copper:31 dirt:22] | F14=158[cobblestone:58 coal:35 dirt:27] | F15=208[cobblestone:62 dirt:51 granite:47] | F16=77[dirt:32 cobblestone:12 coal:10] | F17=107[cobblestone:59 andesite:36 raw_copper:34] | F18=65[cobblestone:127 dirt:40 andesite:21] | F19=196[cobblestone:111 dirt:28 diorite:27]
   mem: heap=109M/158M old=-1M ext=133M ab=131M rss=408M cols=91 ents=118 evicted=130 path=0a/0q (max 6) stale=0
F15 [F15] climb bridge: placed cobblestone at [-141,48,425] (pit) - the step re-judges
F1 [F1] raw hop failed: raw walk: no net progress for 8077ms (best d=32.9) - pathfinder retry
F15 [F15] climb bridge: placed cobblestone at [-141,49,425] (support) - the step re-judges
F1 [F1] hop: chest at [-99,82,415] d=33 zero: chest unreachable (Took to long to decide path to goal!)
F19 [F19] hop: chest at [-119,82,415] d=11 zero: cannot open chest (open chest: timeout after 10000ms)
F19 bank: 0 (budget exhausted)
F19 final bank deferred: night (tod=13575) - the pocket rides out the dark alive (the v0.140.1 night hold)
F3 final climb: the yard stands 35 levels up over 20b lateral - climbing toward the yard's level (the walk ladder cannot)
[F2] took 1 x copper_ingot (3/5)
F8 final climb: the yard stands 39 levels up over 12b lateral - climbing toward the yard's level (the walk ladder cannot)
F8 [F8] climb bridge: placed cobblestone at [-113,43,399] (support) - the step re-judges
[hb] n=33 ts=661s rss=406M late=160ms mainLate=417ms
F8 [F8] climb bridge: placed cobblestone at [-114,43,399] (pit) - the step re-judges
F9 final climb: the yard stands 38 levels up over 23b lateral - climbing toward the yard's level (the walk ladder cannot)
F8 [F8] climb bridge: placed cobblestone at [-114,44,399] (support) - the step re-judges
F18 final climb: the yard stands 39 levels up over 9b lateral - climbing toward the yard's level (the walk ladder cannot)
F12 [F12] water: air-bar glitch ignored (oxygen 0 on dry land at [-112,82,417], 88 total)
[F2] took 1 x copper_ingot (4/5)
t-0s alive=19/19 mined=3311 map=1186p/21ch banked=0 smelted=0 pocket=3567u/294s | sand=7 gravel=13 dirt=517 stone=0
   deficits: 157926/7 (0.0%) 149380/13 (0.0%) 31860/0 (0.0%) 27420/0 (0.0%) 10725/154 (1.4%)
   F1=259[cobblestone:117 dirt:74 raw_copper:50] | F2=283[cobblestone:214 raw_copper:24 torch:21] | F3=250[cobblestone:160 dirt:26 granite:26] | F4=203[cobblestone:133 raw_copper:24 diorite:19] | F5=119[oak_planks:6 wooden_shovel:1 wooden_pickaxe:1] | F6=324[cobblestone:157 granite:58 dirt:40] | F7=180[cobblestone:70 diorite:28 dirt:23] | F8=193[cobblestone:107 torch:23 raw_copper:17] | F9=154[cobblestone:78 raw_copper:30 dirt:18] | F10=81[cobblestone:41 granite:17 stick:5] | F11=134[dirt:110 leaf_litter:16 cobblestone:5] | F12=150[empty] | F13=157[cobblestone:85 raw_copper:31 dirt:22] | F14=158[cobblestone:58 coal:35 dirt:27] | F15=218[cobblestone:68 dirt:51 granite:47] | F16=77[dirt:32 cobblestone:12 coal:10] | F17=107[cobblestone:59 andesite:36 raw_copper:34] | F18=68[cobblestone:127 dirt:40 andesite:24] | F19=196[cobblestone:111 dirt:28 diorite:27]
   mem: heap=121M/158M old=-1M ext=137M ab=134M rss=408M cols=0 ents=0 evicted=0 path=0a/0q (max 6) stale=0
F10 final climb: the yard stands 34 levels up over 17b lateral - climbing toward the yard's level (the walk ladder cannot)
F17 final climb: the yard stands 39 levels up over 8b lateral - climbing toward the yard's level (the walk ladder cannot)
F17 [F17] climb bridge: placed cobblestone at [-127,43,415] (support) - the step re-judges
F14 final climb: the yard stands 30 levels up over 14b lateral - climbing toward the yard's level (the walk ladder cannot)
F12 [F12] water: air-bar glitch override - 24 consecutive critical-on-dry reads, believing the bar at [-112,82,417]
F12 [F12] water: drowning rescue start (drowning, oxygen 0)
F12 [F12] water: rescue complete in 0.0s
F12 [F12] water: dry-land proof (rescue saw no water in 0.0s) - the critical-on-dry streak restarts, the next glitch page waits 20s
F12 [F12] water: liar ladder ratchets - confirmed no-op glitch page #3, the next override needs 32 fresh critical-on-dry reads
F11 [F11] approach: 2 segment(s) walked in 23.3s, goal now d=23.1 (inside the direct envelope)
F1 [F1] approach: the stall side-step (right) moved the start (d now 37.1)
[F2] took 1 x copper_ingot (5/5)
F10 [F10] climb diag: level at y=48 blocked toward 1,0 (dug=0, wet) at [0,1,0] water (stop)
F15 [F15] climb wet escape: 11 blocks walked (budget, walked 1/4)
F3 [F3] climb wet escape: 10 blocks walked (budget, walked 1/4)
[hb] n=34 ts=681s rss=406M late=164ms mainLate=278ms
t-0s alive=19/19 mined=3420 map=1186p/21ch banked=0 smelted=0 pocket=3670u/300s | sand=7 gravel=13 dirt=524 stone=0
   deficits: 157926/7 (0.0%) 149380/13 (0.0%) 31860/0 (0.0%) 27420/0 (0.0%) 10725/172 (1.6%)
   F1=259[cobblestone:117 dirt:74 raw_copper:50] | F2=283[cobblestone:215 torch:21 granite:20] | F3=265[cobblestone:170 dirt:26 granite:26] | F4=207[cobblestone:133 raw_copper:24 diorite:19] | F5=119[oak_planks:6 wooden_shovel:1 wooden_pickaxe:1] | F6=324[cobblestone:157 granite:58 dirt:40] | F7=181[cobblestone:69 diorite:28 dirt:23] | F8=204[cobblestone:118 torch:23 raw_copper:17] | F9=173[cobblestone:83 raw_copper:30 dirt:18] | F10=81[cobblestone:41 granite:17 stick:5] | F11=134[dirt:110 leaf_litter:16 cobblestone:5] | F12=150[empty] | F13=157[cobblestone:85 raw_copper:31 dirt:22] | F14=161[cobblestone:58 coal:35 diorite:29] | F15=238[cobblestone:73 granite:55 dirt:51] | F16=77[dirt:32 cobblestone:12 coal:10] | F17=122[cobblestone:61 andesite:45 raw_copper:34] | F18=89[cobblestone:133 dirt:46 andesite:33] | F19=196[cobblestone:111 dirt:28 diorite:27]
   mem: heap=127M/157M old=-1M ext=136M ab=134M rss=406M cols=0 ents=0 evicted=0 path=1a/0q (max 6) stale=0
F14 [F14] climb rise assist: assist did not complete (goto: climb rise assist: timeout after 4500ms)
F7 [F7] climb bridge: placed cobblestone at [-135,64,408] (support) - the step re-judges
F14 [F14] climb diag: level at y=54 did not rise (food=20, dug=4) feet=air support=diorite step=air head=air
F7 [F7] climb diag: level at y=66 blocked toward 0,1 (dug=1)
F5 final climb: OK +0 levels (0 steps, 0 dug, undefineds)
F7 [F7] climb diag: level at y=65 blocked toward -1,0 (dug=1)
F11 [F11] raw hop failed: raw walk: no net progress for 8186ms (best d=21.9) - pathfinder retry
F16 final climb: the yard stands 31 levels up over 7b lateral - climbing toward the yard's level (the walk ladder cannot)
F7 [F7] climb bridge: the server refused the support fill at [-135,64,409] - the rotate ladder owns it (held=cobblestone, 0.7b, ref=grass_block, post=? (re-read failed))
F7 [F7] climb diag: level at y=64 blocked toward 0,-1 (dug=1)
F8 [F8] climb wet escape: 8 blocks walked (budget, walked 1/4)
F17 [F17] climb wet escape: 4 blocks walked (budget, walked 1/4)
F7 final climb: retry (escalated retry after stalled, 137s fence)
F7 [F7] climb bridge: unavailable (no solid floor underfoot)
F7 [F7] climb diag: level at y=65 blocked toward 0,1 (dug=0)
F7 [F7] climb bridge: unavailable (no solid floor underfoot)
F7 [F7] climb diag: level at y=65 blocked toward -1,0 (dug=0)
F15 [F15] climb bridge: placed cobblestone at [-126,54,427] (support) - the step re-judges
F7 [F7] climb bridge: unavailable (no solid floor underfoot)
F7 [F7] climb diag: level at y=65 blocked toward 0,-1 (dug=0)
[F2] walk nudge: approach: 2 segment(s) walked in 13.9s, goal now d=42.7 (still outside - the approach clock is spent)
[F2] walk nudge: closed to d=42.7 - retrying the machine from the new start
F7 final climb: failed - stalled
F7 final bank: 0 (still underground after 2 climb attempts - the chain from the shaft bottom is doomed walks)
F2 smelted 7 (iron_ingot:2 copper_ingot:5) rescued=0
F2 iron commune: no chest in range for the pool seed
F2 iron commune: no yard chest in range
F2 fuel anchor scan returned empty (attempt 1/2) at [-65,44,413] yard d=62 - the palette empty-return class, re-querying
F2 fuel anchor scan returned empty (attempt 2/2) at [-65,44,413] yard d=62
F2 fuel anchor scan empty x2 - the singular probe rescued the scan (chest at [-99,82,415])
F2 fuel anchor: 0 delivered (the vertical gate: the yard stands 38 levels up over 34b lateral - the walk ladder cannot climb) - the legacy scatter carries the tithe
F2 [F2] hop: chest at [-99,82,415] d=51 zero: chest beyond the hop search radius 48 - walking home instead
F2 final bank: 0 (no chest in range)
F10 [F10] climb diag: level at y=48 blocked toward 1,0 (dug=0, wet) at [0,1,0] water (stop)
F16 [F16] climb diag: level at y=51 blocked toward 0,1 (dug=0, wet) at [0,1,0] water (stop)
F5 [F5] raw hop failed: raw walk: no net progress for 8577ms (best d=14.0) - pathfinder retry
F15 [F15] climb diag: level at y=55 blocked toward 1,0 (dug=40)
F1 [F1] approach: the stall side-step (left) stalled too
F1 [F1] approach: 5 segment(s) walked in 40.0s, goal now d=37.5 (still outside - a segment stalled (no position delta))
F17 [F17] climb wet escape: 3 blocks walked (budget, walked 2/4)
F12 [F12] water: air-bar glitch ignored (oxygen 0 on dry land at [-112,82,417], 129 total)
F1 [F1] raw hop failed: raw walk stalled after 2121ms (d=37.3) - pathfinder retry
t-0s alive=19/19 mined=3496 map=1186p/21ch banked=0 smelted=7 pocket=3744u/303s | sand=7 gravel=13 dirt=527 stone=0
   deficits: 157926/7 (0.0%) 149380/13 (0.0%) 31860/0 (0.0%) 27420/0 (0.0%) 10725/175 (1.6%)
   F1=259[cobblestone:117 dirt:74 raw_copper:50] | F2=283[cobblestone:215 torch:21 granite:20] | F3=278[cobblestone:183 dirt:26 granite:26] | F4=209[cobblestone:133 raw_copper:24 diorite:19] | F5=119[oak_planks:6 wooden_shovel:1 wooden_pickaxe:1] | F6=324[cobblestone:157 granite:58 dirt:40] | F7=181[cobblestone:67 diorite:28 dirt:23] | F8=211[cobblestone:125 torch:23 raw_copper:17] | F9=182[cobblestone:88 raw_copper:30 dirt:20] | F10=81[cobblestone:41 granite:17 stick:5] | F11=134[dirt:111 leaf_litter:16 cobblestone:5] | F12=150[empty] | F13=157[cobblestone:85 raw_copper:31 dirt:22] | F14=175[cobblestone:59 diorite:41 coal:35] | F15=247[cobblestone:76 granite:60 dirt:51] | F16=77[dirt:32 cobblestone:12 coal:10] | F17=129[cobblestone:66 andesite:48 raw_copper:34] | F18=104[cobblestone:139 dirt:46 andesite:33] | F19=196[cobblestone:111 dirt:28 diorite:27]
   mem: heap=131M/159M old=-1M ext=136M ab=134M rss=408M cols=0 ents=0 evicted=0 path=3a/0q (max 6) stale=0
F1 [F1] hop: chest at [-104,82,415] d=37 zero: chest unreachable (Took to long to decide path to goal!)
F1 [F1] chest skip (no path cached 0s ago at [-104,82,413])
F5 [F5] hop: chest at [-99,82,417] d=15 zero: chest unreachable (Took to long to decide path to goal!)
F5 [F5] chest skip (no path cached 0s ago at [-99,82,419])
F5 [F5] chest skip (no path cached 0s ago at [-99,82,421])
F5 [F5] chest skip (no path cached 1s ago at [-104,82,417])
F5 [F5] chest skip (no path cached 1s ago at [-104,82,419])
F11 [F11] hop: chest at [-139,82,419] d=32 zero: chest unreachable (Took to long to decide path to goal!)
F11 [F11] chest skip (no path cached 0s ago at [-139,82,417])
F11 [F11] chest skip (no path cached 0s ago at [-139,82,421])
F11 [F11] chest skip (no path cached 0s ago at [-139,82,423])
F17 [F17] climb wet escape: 2 blocks walked (budget, walked 3/4)
F13 [F13] climb bridge: placed cobblestone at [-119,65,412] (support) - the step re-judges
F8 [F8] water: drowning rescue start (drowning, oxygen 11)
F8 [F8] water: pass 0 head=wet shore=none land=n/a y=43.0 o2=11 probes=0 at=[-124,43,400]
F13 [F13] climb diag: level at y=66 blocked toward 0,-1 (dug=4)
[hb] n=35 ts=701s rss=408M late=169ms mainLate=132ms
F13 [F13] climb bridge: placed cobblestone at [-118,65,413] (support) - the step re-judges
F3 [F3] climb wet escape: 10 blocks walked (budget, walked 2/4)
F8 [F8] water: pass 12 head=wet shore=none land=n/a y=50.2 o2=8 probes=0 at=[-123,50,400]
F13 [F13] climb diag: level at y=67 blocked toward 1,0 (dug=5)
F8 [F8] water: deep-pocket ascend - dug the ceiling stone at [-124,52,399] (jump stalled 4+ passes, o2 8)
F13 [F13] climb bridge: the server refused the support fill at [-117,65,414] - the rotate ladder owns it (held=cobblestone, 0.9b, ref=grass_block, post=? (re-read failed))
F13 [F13] climb diag: level at y=65 blocked toward 0,1 (dug=5)
F8 [F8] water: pass 16 head=wet shore=none land=n/a y=50.2 o2=6 probes=0 at=[-123,50,400]
F8 [F8] water: frozen physics (10 flat passes at y=50.2, o2=5, head WET) - standing down, the reconnect lane owns this
F8 [F8] water: rescue standing down (frozen physics - the walk gate reopens, the reconnect lane owns a dead client) in 4.4s
F8 [F8] water: frozen client relog (#1 consecutive) (frozen while head-wet (1 verdict) - the drowning clock owns this client) - ending the session, the reconnect lane rebuilds the physics; the drowning sentry holds non-critical pages 10s (the frozen-return gate)
F8 [F8] water: hazard memorized at [-124,50,399] (4 live, fleet-wide)
F16 [F16] climb diag: level at y=51 blocked toward 0,-1 (dug=0, wet) at [0,1,0] water (stop)
F9 [F9] climb wet escape: 2 blocks walked (low-o2, walked 1/4)
F9 [F9] climb wet escape: oxygen 4 at the floor - the escape yields, the rescue lane owns the air
F9 final climb: no retry (no retry for 'low-o2')
F9 final climb: failed - low-o2
F9 final bank: 0 (still underground after 1 climb attempt - the chain from the shaft bottom is doomed walks)
F9 [F9] water: drowning rescue start (drowning, oxygen 3)
F9 [F9] water: pass 0 head=wet shore=none land=n/a y=48.0 o2=3 probes=0 at=[-122,48,410]
F11 [F11] raw hop failed: raw walk: no net progress for 8017ms (best d=17.0) - pathfinder retry
F13 [F13] climb rise assist: repositioned to -123,64,412 - the loop re-judges
F10 [F10] climb diag: level at y=48 blocked toward 1,0 (dug=0, wet) at [0,1,0] water (stop)
F5 [F5] raw hop failed: raw walk: no net progress for 8172ms (best d=13.5) - pathfinder retry
F1 [F1] approach: the stall side-step (right) stalled too
F1 [F1] approach: 1 segment(s) walked in 12.1s, goal now d=41.9 (still outside - a segment stalled (no position delta))
F9 [F9] water: pass 4 head=wet shore=none land=n/a y=50.7 o2=0 probes=0 at=[-122,51,410]
F1 [F1] hop: chest at [-109,82,415] d=42 zero: chest unreachable (Took to long to decide path to goal!)
F1 [F1] chest skip (no path cached 0s ago at [-109,82,413])
F1 [F1] chest skip (no path cached 13s ago at [-99,82,417])
F1 [F1] chest skip (no path cached 13s ago at [-99,82,419])
F1 [F1] chest skip (no path cached 14s ago at [-99,82,421])
F1 bank: chest unreachable (Took to long to decide path to goal!) (56 blocks from yard) - walking back
F1 yard approach: 56b beyond the 24b envelope (attempt 1)
F9 [F9] water: pass 6 head=dry shore=hit r=1 land=none y=53.2 o2=9 probes=0 at=[-122,53,410]
t-0s alive=19/19 mined=3583 map=1186p/21ch banked=0 smelted=7 pocket=3816u/300s | sand=7 gravel=13 dirt=553 stone=0
   deficits: 157926/7 (0.0%) 149380/13 (0.0%) 31860/0 (0.0%) 27420/0 (0.0%) 10725/185 (1.7%)
   F1=259[cobblestone:117 dirt:74 raw_copper:50] | F2=283[cobblestone:215 torch:21 granite:20] | F3=293[cobblestone:194 dirt:26 granite:26] | F4=212[cobblestone:133 raw_copper:24 diorite:19] | F5=119[oak_planks:6 wooden_shovel:1 wooden_pickaxe:1] | F6=324[cobblestone:157 granite:58 dirt:40] | F7=181[cobblestone:67 diorite:28 dirt:23] | F8=211[cobblestone:126 torch:23 raw_copper:17] | F9=185[cobblestone:90 raw_copper:30 dirt:20] | F10=81[cobblestone:41 granite:17 stick:5] | F11=134[dirt:111 leaf_litter:16 cobblestone:5] | F12=150[empty] | F13=164[cobblestone:82 raw_copper:31 dirt:22] | F14=189[cobblestone:60 diorite:44 dirt:38] | F15=265[cobblestone:83 dirt:62 granite:60] | F16=77[dirt:32 cobblestone:12 coal:10] | F17=139[cobblestone:66 andesite:58 raw_copper:34] | F18=121[cobblestone:143 dirt:50 andesite:33] | F19=196[cobblestone:111 dirt:28 diorite:27]
   mem: heap=120M/163M old=-1M ext=137M ab=134M rss=406M cols=0 ents=0 evicted=0 path=2a/0q (max 6) stale=0
F15 [F15] combat: fighting zombie (dist 3.0, hp 11.3, 1 nearby, proximity)
F8 [F8] climb diag: level at y=43 blocked toward -1,0 (dug=24) dig failed at [-124,45,399] stone (held=wooden_pickaxe, airborne, post=water STILL THERE (server never broke it))
F9 [F9] water: pass 9 head=wet shore=none land=n/a y=51.2 o2=20 probes=0 at=[-122,51,410]
F15 [F15] combat: drift return wait vs zombie (@5.0) - the swimmer always comes back
F8 [F8] climb wet escape: oxygen 5 at the floor - the escape yields, the rescue lane owns the air
F8 final climb: no retry (no retry for 'low-o2')
F8 final climb: failed - low-o2
F8 final bank: 0 (still underground after 1 climb attempt - the chain from the shaft bottom is doomed walks)
F16 [F16] climb diag: level at y=51 blocked toward 0,1 (dug=0, wet) at [0,1,0] water (stop)
F5 [F5] hop: chest at [-99,82,423] d=15 zero: chest unreachable (Took to long to decide path to goal!)
F9 [F9] water: pass 12 head=wet shore=none land=n/a y=51.2 o2=20 probes=0 at=[-121,51,410]
F9 [F9] water: deep-pocket ascend - dug the ceiling crafting_table at [-122,53,409] (jump stalled 4+ passes, o2 20)
F17 [F17] climb wet escape: 8 blocks walked (budget, walked 4/4)
F9 [F9] water: pass 15 head=wet shore=none land=n/a y=51.4 o2=20 probes=0 at=[-121,51,410]
[hb] n=36 ts=721s rss=406M late=171ms mainLate=792ms
F5 [F5] raw hop failed: raw walk stalled after 2113ms (d=15.4) - pathfinder retry
F9 [F9] water: frozen physics (10 flat passes at y=51.4, o2=20, head WET) - standing down, the reconnect lane owns this
F9 [F9] water: rescue standing down (frozen physics - the walk gate reopens, the reconnect lane owns a dead client) in 13.7s
F9 [F9] water: frozen client relog (#1 consecutive) (frozen while head-wet (1 verdict) - the drowning clock owns this client) - ending the session, the reconnect lane rebuilds the physics; the drowning sentry holds non-critical pages 10s (the frozen-return gate)
F9 [F9] water: hazard memorized at [-122,51,409] (4 live, fleet-wide)
F15 [F15] combat: verdict flipped to flee vs zombie (hp 5.3)
F15 [F15] combat: shelter try vs zombie (dist 2.4, proximity re-verdict)
F9 [F9] water: frozen-return gate holds the page (10s left) - the fresh client walks the hazard-ledgered column out
F12 [F12] water: air-bar glitch override - 32 consecutive critical-on-dry reads, believing the bar at [-112,82,417]
F12 [F12] water: drowning rescue start (drowning, oxygen 0)
F12 [F12] water: rescue complete in 0.0s
F12 [F12] water: dry-land proof (rescue saw no water in 0.0s) - the critical-on-dry streak restarts, the next glitch page waits 20s
F12 [F12] water: liar ladder ratchets - confirmed no-op glitch page #4, the next override needs 40 fresh critical-on-dry reads
F15 [F15] died - respawning (cause: server: was slain by Zombie [kind=mob by Zombie] | inferred: zombie@2.4 (0s before death at [-127,63,436]) [the inference corroborates the server verdict])
F15 [F15] death drop: ~280u lost at [-127,63,436] (cobblestone 64, dirt 64, granite 60, andesite 22, cobblestone 19, +13 more)
F15 [F15] water: death spot memorized as a hazard at [-127,63,436] (5 live, fleet-wide)
F11 [F11] hop: chest at [-134,82,419] d=18 zero: chest unreachable (Took to long to decide path to goal!)
F14 [F14] climb wet escape: 4 blocks walked (budget, walked 1/4)
F18 [F18] climb bridge: placed cobblestone at [-104,65,434] (pit) - the step re-judges
F15 final climb: OK +34 levels (18 steps, 63 dug, 11 traversed, 76s)
F15 bank fallback: none (nothing to deposit)
F15 camp furnace: 5 near machine(s) beyond the 24b direct envelope (nearest d=17.0) - 9 inside the envelope keep the veto
F15 camp furnace: no build (machine near)
F15 smelt: 0 (nothing to smelt)
F12 [F12] water: air-bar glitch ignored (oxygen 0 on dry land at [-112,82,417], 160 total)
F18 [F18] climb bridge: placed cobblestone at [-104,66,434] (support) - the step re-judges
F15 [F15] combat: shelter skip (1,0: step-in incomplete)
F15 iron commune: chest holds 0 ingot(s) - nothing to complete here
F5 [F5] hop: chest at [-104,82,423] d=16 zero: chest unreachable (Took to long to decide path to goal!)
F5 [F5] chest skip (no path cached 0s ago at [-104,82,421])
F5 bank: chest unreachable (Took to long to decide path to goal!) (27 blocks from yard) - walking back
F5 yard approach: 27b beyond the 24b envelope (attempt 1)
F13 final climb: retry (escalated retry after stalled, 110s fence)
F15 iron commune: chest holds 0 ingot(s) - nothing to complete here
F13 [F13] climb bridge: placed cobblestone at [-126,64,412] (pit) - the step re-judges
F15 iron commune: chest holds 0 ingot(s) - nothing to complete here
F13 [F13] climb bridge: placed cobblestone at [-126,65,412] (support) - the step re-judges
F7 [F7] combat: shelter skip (night=true armed=true hp=17.333332061767578 attackers=1 poison=off threat=creeper@4.6)
F7 [F7] combat: fleeing creeper (dist 4.6, hp 17.3, 1 nearby, proximity)
F7 [F7] combat: flee bearing rotated 90deg (water/hazard vetoes the away target) vs creeper (proximity)
t-0s alive=19/19 mined=3630 map=1186p/21ch banked=0 smelted=7 pocket=3585u/284s | sand=7 gravel=13 dirt=507 stone=0
   deficits: 157926/7 (0.0%) 149380/13 (0.0%) 31860/0 (0.0%) 27420/0 (0.0%) 10725/168 (1.6%)
   F1=259[cobblestone:117 dirt:74 raw_copper:50] | F2=283[cobblestone:215 torch:21 granite:20] | F3=302[cobblestone:200 dirt:26 granite:26] | F4=221[cobblestone:133 raw_copper:24 diorite:19] | F5=119[oak_planks:6 wooden_shovel:1 wooden_pickaxe:1] | F6=324[cobblestone:157 granite:58 dirt:40] | F7=181[cobblestone:67 diorite:28 dirt:23] | F8=211[cobblestone:126 torch:23 raw_copper:17] | F9=185[cobblestone:90 raw_copper:30 dirt:20] | F10=81[cobblestone:41 granite:17 stick:5] | F11=134[dirt:111 leaf_litter:16 cobblestone:5] | F12=150[empty] | F13=165[cobblestone:78 raw_copper:31 dirt:22] | F14=195[cobblestone:60 diorite:48 dirt:39] | F15=268[empty] | F16=77[dirt:32 cobblestone:12 coal:10] | F17=149[cobblestone:71 andesite:63 raw_copper:34] | F18=130[cobblestone:141 dirt:57 andesite:33] | F19=196[cobblestone:111 dirt:28 diorite:27]
   mem: heap=130M/165M old=-1M ext=140M ab=137M rss=412M cols=0 ents=0 evicted=0 path=5a/0q (max 6) stale=0
F13 [F13] climb diag: level at y=67 blocked toward 0,-1 (dug=0)
F13 [F13] climb diag: level at y=66 blocked toward 1,0 (dug=0)
F18 [F18] climb diag: level at y=70 blocked toward 0,1 (dug=65)
F10 final climb: retry (escalated retry after stalled, 89s fence)
F18 [F18] climb: walkable surface at y=69 (+26 levels, dug=65) - the walk takes over (blocked step)
F18 final climb: OK +26 levels (25 steps, 65 dug, undefineds)
F18 bank: smelt hold skipped - no fuel in pocket (coal 1)
F18 [F18] chest skip (no path cached 2s ago at [-104,82,423])
F13 [F13] climb diag: level at y=66 blocked toward 0,1 (dug=1)
F14 [F14] climb diag: level at y=57 did not rise (food=20, dug=38) feet=water support=diorite step=air head=air
F4 final climb: OK +10 levels (9 steps, 21 dug, 84s)
F4 bank: holding 48s of 193s for the smelt leg
F4 [F4] hop: chest at [-119,82,423] d=58 zero: chest beyond the hop search radius 48 - walking home instead
F4 bank: no chest in range (63 blocks from yard) - walking back
F4 yard approach: 63b beyond the 24b envelope (attempt 1)
F13 [F13] combat: shelter skip (night=true armed=true hp=13 attackers=1 poison=off threat=creeper@4.6)
F13 [F13] combat: fleeing creeper (dist 4.6, hp 13.0, 1 nearby, proximity)
F11 [F11] raw hop failed: raw walk: no net progress for 8015ms (best d=18.0) - pathfinder retry
F11 [F11] combat: fighting zombie (dist 4.5, hp 20.0, 2 nearby, proximity)
F1 yard approach: approach: the stall side-step (right) stalled too
F1 yard approach: approach: 1 segment(s) walked in 21.5s, goal now d=56.2 (still outside - a segment stalled (no position delta))
F11 [F11] hop: chest at [-124,82,419] d=18 zero: chest unreachable (The goal was changed before it could be completed!)
F1 bank walk path event: block_updated
F1 bank walk path event: block_updated
F11 [F11] combat: drift return wait vs zombie (@5.5) - the swimmer always comes back
F1 bank walk path event: block_updated
F15 [F15] combat: shelter skip (0,1: cells not free)
F10 [F10] climb diag: level at y=48 blocked toward 1,0 (dug=0, wet) at [0,1,0] water (stop)
F5 [F5] combat: shelter try vs creeper (dist 5.2, proximity)
F5 [F5] combat: shelter skip (open field: no diggable wall, creeper@5.2)
F5 [F5] combat: shelter skip (open field: ring not buildable [-o oo oo oo] vs creeper@5.2)
F5 [F5] combat: fleeing creeper (dist 5.2, hp 20.0, 1 nearby, proximity)
F1 bank walk path event: stuck
F18 [F18] raw hop failed: raw walk: no net progress for 8193ms (best d=16.5) - pathfinder retry
F5 yard approach: approach: 1 segment(s) walked in 12.5s, goal now d=18.9 (inside the direct envelope)
F5 bank walk path event: goal_updated
F14 [F14] climb rise assist: assist did not complete (goto: climb rise assist: timeout after 4500ms)
F14 [F14] climb diag: level at y=53 did not rise (food=20, dug=41) feet=water support=diorite step=air head=air
F5 bank walk path event: path_stop (explicit)
F5 bank: yard walk arrived in 0s (1 attempt)
[hb] n=37 ts=741s rss=417M late=176ms mainLate=1538ms
F5 camp furnace: 7 near machine(s) beyond the 24b direct envelope (nearest d=8.7) - 3 inside the envelope keep the veto
F5 camp furnace: no build (machine near)
F5 smelt: 0 (nothing to smelt)
F1 bank walk path event: stuck
F6 [F6] combat: shelter try vs creeper (dist 5.2, proximity)
F6 [F6] combat: shelter skip (open field: no diggable wall, creeper@5.2)
F6 [F6] combat: shelter skip (open field: ring not buildable [-o -o oo oo] vs creeper@5.2)
F6 [F6] combat: fleeing creeper (dist 5.2, hp 4.8, 1 nearby, proximity)
F5 iron commune: chest walk failed (The goal was changed before it could be completed!)
t-0s alive=19/19 mined=3660 map=1186p/21ch banked=0 smelted=7 pocket=3615u/285s | sand=7 gravel=13 dirt=511 stone=0
   deficits: 157926/7 (0.0%) 149380/13 (0.0%) 31860/0 (0.0%) 27420/0 (0.0%) 10725/168 (1.6%)
   F1=259[cobblestone:117 dirt:75 raw_copper:50] | F2=283[cobblestone:215 torch:21 granite:20] | F3=314[cobblestone:210 dirt:26 granite:26] | F4=221[cobblestone:133 raw_copper:24 diorite:19] | F5=119[oak_planks:6 wooden_shovel:1 wooden_pickaxe:1] | F6=324[cobblestone:157 granite:58 dirt:40] | F7=181[cobblestone:68 diorite:28 dirt:23] | F8=211[cobblestone:126 torch:23 raw_copper:17] | F9=185[cobblestone:90 raw_copper:30 dirt:20] | F10=81[cobblestone:41 granite:17 stick:5] | F11=134[dirt:111 leaf_litter:16 cobblestone:5] | F12=150[empty] | F13=167[cobblestone:75 raw_copper:31 dirt:24] | F14=199[cobblestone:60 diorite:48 dirt:39] | F15=268[empty] | F16=77[dirt:32 cobblestone:12 coal:10] | F17=161[cobblestone:83 andesite:63 raw_copper:34] | F18=130[cobblestone:141 dirt:57 andesite:33] | F19=196[cobblestone:111 dirt:28 diorite:27]
   mem: heap=130M/163M old=-1M ext=141M ab=138M rss=417M cols=0 ents=0 evicted=0 path=6a/1q (max 6) stale=0
F5 iron commune: chest walk failed (The goal was changed before it could be completed!)
F1 bank walk path event: stuck
F11 [F11] raw hop failed: raw walk: no net progress for 8537ms (best d=16.8) - pathfinder retry
F11 [F11] combat: fight ended vs zombie (mob down, hp 20.0 -> 13.3, swings 6, weapon wooden_sword, 6 rounds)
F13 final climb: failed - stalled
F13 final bank: 0 (still underground after 2 climb attempts - the chain from the shaft bottom is doomed walks)
F18 [F18] hop: chest at [-109,82,423] d=20 zero: chest unreachable (Took to long to decide path to goal!)
F18 [F18] chest skip (no path cached 0s ago at [-109,82,421])
F18 [F18] chest skip (no path cached 0s ago at [-109,82,419])
F5 iron commune: iron commune: path nudge approach: 1 segment(s) walked in 0.7s, goal now d=16.2 (inside the direct envelope)
F5 iron commune: iron commune: path nudge inside the direct envelope
F15 sweep: 0 collected - machine unreachable (Took to long to decide path to goal!) x9, machine unreachable (walk to a machine (sweep): timeout after 336ms) x1
F1 bank walk path event: stuck
F3 final climb: retry (escalated retry after timeout (fenced at 90s - the chain keeps its reserve), 66s fence)
F5 iron commune: iron commune: chest walk failed after the nudge (Took to long to decide path to goal!)
F5 iron commune: chest walk failed (Took to long to decide path to goal!)
F3 [F3] climb bridge: unavailable (no solid floor underfoot)
F3 [F3] climb diag: level at y=59 blocked toward 1,0 (dug=3)
F10 [F10] climb diag: level at y=48 blocked toward 1,0 (dug=0, wet) at [0,1,0] water (stop)
F13 [F13] died - respawning (cause: server: was slain by Zombie [kind=mob by Zombie] | inferred: zombie@0.5 (0s before death at [-99,68,408]) [the inference corroborates the server verdict])
F13 [F13] death drop: ~175u lost at [-99,68,408] (cobblestone 64, raw_copper 31, dirt 24, andesite 18, cobblestone 11, +11 more)
F13 [F13] water: death spot memorized as a hazard at [-99,68,408] (5 live, fleet-wide)
F1 bank walk path event: stuck
F18 [F18] raw hop failed: raw walk: no net progress for 8110ms (best d=15.8) - pathfinder retry
F1 bank walk path event: stuck
F17 [F17] climb diag: level at y=55 blocked toward 0,1 (dug=62)
F12 [F12] water: air-bar glitch ignored (oxygen 0 on dry land at [-112,82,417], 195 total)
F15 [F15] raw hop failed: raw walk: no net progress for 8535ms (best d=18.0) - pathfinder retry
F7 [F7] combat: fighting zombie (dist 4.3, hp 17.3, 1 nearby, proximity)
t-0s alive=19/19 mined=3694 map=1186p/21ch banked=0 smelted=7 pocket=3474u/273s | sand=10 gravel=13 dirt=495 stone=0
   deficits: 157926/10 (0.0%) 149380/13 (0.0%) 31860/0 (0.0%) 27420/0 (0.0%) 10725/150 (1.4%)
   F1=259[cobblestone:117 dirt:75 raw_copper:50] | F2=283[cobblestone:215 torch:21 granite:20] | F3=328[cobblestone:211 dirt:34 granite:26] | F4=221[cobblestone:133 raw_copper:24 diorite:19] | F5=119[oak_planks:6 wooden_shovel:1 wooden_pickaxe:1] | F6=324[cobblestone:157 granite:58 dirt:40] | F7=181[cobblestone:68 diorite:28 dirt:23] | F8=211[cobblestone:126 torch:23 raw_copper:17] | F9=185[cobblestone:90 raw_copper:30 dirt:20] | F10=81[cobblestone:41 granite:17 stick:5] | F11=134[dirt:111 leaf_litter:16 cobblestone:5] | F12=150[empty] | F13=168[empty] | F14=209[cobblestone:70 diorite:48 dirt:39] | F15=268[rotten_flesh:2] | F16=77[dirt:32 cobblestone:12 coal:10] | F17=170[cobblestone:89 andesite:63 raw_copper:34] | F18=130[cobblestone:141 dirt:57 andesite:33] | F19=196[cobblestone:111 dirt:28 diorite:27]
   mem: heap=125M/166M old=-1M ext=142M ab=139M rss=420M cols=0 ents=0 evicted=0 path=5a/0q (max 6) stale=0
F1 bank walk path event: stuck
[hb] n=38 ts=761s rss=417M late=181ms mainLate=997ms
F18 [F18] combat: fighting zombie (dist 3.2, hp 20.0, 1 nearby, proximity)
F17 [F17] climb bridge: placed cobblestone at [-129,53,427] (pit) - the step re-judges
F17 final climb: retry (escalated retry after timeout (fenced at 90s - the chain keeps its reserve), 54s fence)
F18 [F18] hop: chest at [-104,82,421] d=16 zero: chest unreachable (Took to long to decide path to goal!)
F18 [F18] chest skip (no path cached 0s ago at [-104,82,419])
F18 [F18] chest skip (no path cached 0s ago at [-104,82,417])
F11 [F11] hop: chest at [-124,82,417] d=18 zero: chest unreachable (Took to long to decide path to goal!)
F18 [F18] combat: drift return wait vs zombie (@5.7) - the swimmer always comes back
F17 [F17] climb bridge: placed cobblestone at [-128,54,426] (support) - the step re-judges
F1 bank walk path event: stuck
F14 [F14] climb wet escape: 7 blocks walked (budget, walked 2/4)
F14 final climb: retry (escalated retry after timeout (fenced at 90s - the chain keeps its reserve), 58s fence)
F18 [F18] combat: fight ended vs zombie (verdict ignore, hp 20.0 -> 20.0, swings 1, weapon stone_sword, 1 rounds)
[F5] sweep deferred (the lanes hold) - the sweep clock cannot afford the wait (6 machine(s) untried, the next pass owns them)
F5 sweep: 0 collected - machine unreachable (Took to long to decide path to goal!) x6, machine unreachable (goal brake: 6 goals in 5s - walk to a machine (sweep) refused for 4s) x1, sweep deferred (the lanes hold) x1
F17 [F17] climb bridge: placed cobblestone at [-128,54,425] (pit) - the step re-judges
F17 [F17] climb bridge: placed cobblestone at [-128,55,425] (support) - the step re-judges
F1 bank walk path event: stuck
F7 [F7] combat: fight ended vs zombie (mob down, hp 17.3 -> 17.3, swings 6, weapon wooden_sword, 6 rounds)
F10 [F10] climb diag: level at y=48 blocked toward 1,0 (dug=0, wet) at [0,1,0] water (stop)
F3 [F3] climb bridge: unavailable (no solid floor underfoot)
F3 [F3] climb diag: level at y=65 blocked toward 0,1 (dug=14)
F15 [F15] combat: shelter skip (-1,0: cells not free)
F15 [F15] combat: shelter skip (open field: no diggable wall, threat gone)
F3 [F3] climb bridge: placed cobblestone at [-156,64,414] (support) - the step re-judges
F3 [F3] climb bridge: placed cobblestone at [-156,64,415] (support) - the step re-judges
F3 [F3] climb diag: level at y=66 blocked toward -1,0 (dug=14)
F3 [F3] climb: walkable surface at y=64 (+5 levels, dug=14) - the walk takes over (blocked step)
F3 final climb: OK +5 levels (7 steps, 14 dug, undefineds)
F3 bank: holding 45s of 175s for the smelt leg
F11 [F11] raw hop failed: raw walk: no net progress for 8122ms (best d=10.0) - pathfinder retry
F1 bank walk path event: stuck
F18 [F18] raw hop failed: raw walk: no net progress for 8441ms (best d=13.9) - pathfinder retry
F6 [F6] combat: shelter try vs zombie (dist 6.3, proximity)
F6 [F6] combat: shelter skip (open field: no diggable wall, zombie@6.3)
F6 [F6] combat: shelter skip (open field: ring not buildable [Bo Bo -o BB] vs zombie@6.3)
F6 [F6] combat: fleeing zombie (dist 6.3, hp 4.8, 1 nearby, proximity)
F4 yard approach: approach: 4 segment(s) walked in 41.1s, goal now d=23.2 (inside the direct envelope)
F4 bank: yard walk arrived in 1s (1 attempt)
F4 camp furnace: no build (machine near)
F5 [F5] raw hop failed: raw walk: no net progress for 8067ms (best d=18.0) - pathfinder retry
F1 bank walk path event: stuck
F5 [F5] hop: chest at [-119,82,421] d=18 zero: chest unreachable (No path to the goal!)
F5 [F5] chest skip (no path cached 0s ago at [-119,82,423])
F5 [F5] chest skip (no path cached 0s ago at [-119,82,417])
F5 [F5] chest skip (no path cached 13s ago at [-124,82,421])
F5 [F5] chest skip (vertical doom: the yard stands 38 levels up over 5b lateral - the walk ladder cannot climb)
F5 [F5] chest skip (no path cached 13s ago at [-124,82,419])
F5 [F5] chest skip (vertical doom: the yard stands 38 levels up over 6b lateral - the walk ladder cannot climb)
F5 [F5] chest skip (vertical doom: the yard stands 38 levels up over 5b lateral - the walk ladder cannot climb)
F5 final bank: 0 (chest unreachable (No path to the goal!))
t-0s alive=19/19 mined=3722 map=1186p/21ch banked=0 smelted=7 pocket=3505u/273s | sand=10 gravel=13 dirt=506 stone=0
   deficits: 157926/10 (0.0%) 149380/13 (0.0%) 31860/0 (0.0%) 27420/0 (0.0%) 10725/150 (1.4%)
   F1=259[cobblestone:117 dirt:75 raw_copper:50] | F2=283[cobblestone:215 torch:21 granite:20] | F3=331[cobblestone:209 dirt:37 granite:26] | F4=221[cobblestone:133 raw_copper:24 diorite:19] | F5=119[oak_planks:6 wooden_pickaxe:1 dirt:1] | F6=324[cobblestone:157 granite:58 dirt:40] | F7=181[cobblestone:68 diorite:28 dirt:23] | F8=211[cobblestone:126 torch:23 raw_copper:17] | F9=185[cobblestone:90 raw_copper:30 dirt:20] | F10=81[cobblestone:41 granite:17 stick:5] | F11=134[dirt:111 leaf_litter:16 cobblestone:5] | F12=150[empty] | F13=168[empty] | F14=225[cobblestone:81 diorite:48 dirt:45] | F15=268[rotten_flesh:2] | F16=77[dirt:32 cobblestone:12 coal:10] | F17=179[cobblestone:92 andesite:63 raw_copper:34] | F18=130[cobblestone:141 dirt:57 andesite:33] | F19=196[cobblestone:111 dirt:28 diorite:27]
   mem: heap=126M/168M old=-1M ext=144M ab=142M rss=421M cols=0 ents=0 evicted=0 path=3a/0q (max 6) stale=0
F1 bank walk path event: path_stop (explicit)
F1 bank: yard walk attempt 1 failed: Timeout: Took to long to decide path to goal!
F1 bank: yard walk failed (Took to long to decide path to goal!) - smelting locally if a furnace is near
F1 camp furnace: 2 near machine(s) beyond the 24b direct envelope (nearest d=20.1) - 1 inside the envelope keep the veto
F1 camp furnace: no build (machine near)
F7 [F7] combat: shelter skip (night=true armed=true hp=17.333332061767578 attackers=1 poison=off threat=creeper@6.0)
F7 [F7] combat: fleeing creeper (dist 6.0, hp 17.3, 1 nearby, proximity)
F16 final climb: retry (escalated retry after timeout (fenced at 90s - the chain keeps its reserve), 46s fence)
F15 [F15] hop: chest at [-124,82,415] d=18 zero: cannot open chest (open chest: timeout after 10000ms)
F18 [F18] hop: chest at [-99,82,421] d=17 zero: chest unreachable (Took to long to decide path to goal!)
F18 bank: chest unreachable (Took to long to decide path to goal!) (18 blocks from yard) - walking back
F18 bank: yard walk arrived in 0s (1 attempt)
F18 camp furnace: 2 near machine(s) beyond the 24b direct envelope (nearest d=5.5) - 3 inside the envelope keep the veto
F18 camp furnace: no build (machine near)
F3 [F3] approach: 1 segment(s) walked in 10.0s, goal now d=18.8 (inside the direct envelope)
F14 [F14] water: drowning rescue start (drowning, oxygen 11)
F14 [F14] water: pass 0 head=wet shore=none land=n/a y=55.0 o2=11 probes=0 at=[-129,55,390]
F12 [F12] water: air-bar glitch override - 40 consecutive critical-on-dry reads, believing the bar at [-112,82,417]
F12 [F12] water: drowning rescue start (drowning, oxygen 0)
F12 [F12] water: rescue complete in 0.0s
F12 [F12] water: dry-land proof (rescue saw no water in 0.0s) - the critical-on-dry streak restarts, the next glitch page waits 20s
F12 [F12] water: liar ladder ratchets - confirmed no-op glitch page #5, the next override needs 40 fresh critical-on-dry reads
F18 [F18] combat: shelter skip (night=true armed=true hp=20 attackers=1 poison=off threat=creeper@3.3)
F18 [F18] combat: fleeing creeper (dist 3.3, hp 20.0, 1 nearby, proximity)
F6 [F6] combat: flee bearing rotated 90deg (water/hazard vetoes the away target) vs zombie (proximity)
[hb] n=39 ts=781s rss=421M late=185ms mainLate=949ms
F3 [F3] raw hop failed: raw walk stalled after 2045ms (d=18.8) - pathfinder retry
F14 [F14] water: rescue complete in 2.7s
F14 [F14] water: hazard memorized at [-126,62,390] (6 live, fleet-wide)
[F1] walk nudge: approach: 1 segment(s) walked in 3.2s, goal now d=17.4 (inside the direct envelope)
[F1] walk nudge: inside the direct envelope
F18 [F18] combat: shelter skip (night=true armed=true hp=20 attackers=1 poison=off threat=creeper@1.5)
F18 [F18] combat: fleeing creeper (dist 1.5, hp 20.0, 1 nearby, proximity)
F7 [F7] combat: fighting skeleton (dist 11.2, hp 13.3, 1 nearby, sentry)
F16 [F16] climb diag: level at y=51 blocked toward 0,1 (dug=0, wet) at [0,1,0] water (stop)
F3 [F3] hop: chest at [-139,82,417] d=25 zero: chest unreachable (Took to long to decide path to goal!)
F3 [F3] chest skip (no path cached 0s ago at [-139,82,419])
F3 [F3] chest skip (no path cached 0s ago at [-139,82,421])
F12 [F12] water: air-bar glitch ignored (oxygen 0 on dry land at [-112,82,417], 224 total)
F7 [F7] combat: melee chase ceiling held (chased 11.8b, skeleton @3.5) - the episode breaks, the next drop reopens it
F7 [F7] combat: ranged cooldown armed vs skeleton (10s) - the chase never wins the arrow trade
F7 [F7] combat: fight ended vs skeleton (chase ceiling, hp 13.3 -> 13.3, swings 2, weapon wooden_sword, 2 rounds)
F17 [F17] climb diag: level at y=65 blocked toward 0,-1 (dug=22)
t-0s alive=19/19 mined=3735 map=1186p/21ch banked=0 smelted=7 pocket=3557u/275s | sand=10 gravel=13 dirt=518 stone=0
   deficits: 157926/10 (0.0%) 149380/13 (0.0%) 31860/0 (0.0%) 27420/0 (0.0%) 10725/168 (1.6%)
   F1=259[cobblestone:122 dirt:75 raw_copper:50] | F2=283[cobblestone:215 torch:21 granite:20] | F3=331[cobblestone:209 dirt:37 granite:26] | F4=221[cobblestone:133 raw_copper:24 diorite:19] | F5=119[oak_planks:6 wooden_pickaxe:1 dirt:1] | F6=324[cobblestone:157 granite:58 dirt:40] | F7=181[cobblestone:68 diorite:28 dirt:23] | F8=211[cobblestone:126 torch:23 raw_copper:17] | F9=185[cobblestone:90 raw_copper:30 dirt:20] | F10=81[cobblestone:41 granite:17 stick:5] | F11=134[dirt:111 leaf_litter:16 cobblestone:5] | F12=150[empty] | F13=168[empty] | F14=225[cobblestone:81 diorite:48 dirt:45] | F15=268[rotten_flesh:2 stick:2] | F16=77[dirt:32 cobblestone:12 coal:10] | F17=192[cobblestone:93 andesite:63 raw_copper:34] | F18=130[cobblestone:141 dirt:57 andesite:51] | F19=196[cobblestone:111 dirt:28 diorite:27]
   mem: heap=121M/165M old=-1M ext=147M ab=145M rss=426M cols=0 ents=0 evicted=0 path=1a/0q (max 6) stale=0
F11 [F11] hop: chest at [-119,82,417] d=10 zero: cannot open chest (open chest: timeout after 10000ms)
F11 bank: cannot open chest (open chest: timeout after 10000ms) (13 blocks from yard) - walking back
F11 bank: yard walk arrived in 0s (1 attempt)
F11 camp furnace: 8 near machine(s) beyond the 24b direct envelope (nearest d=9.9) - 7 inside the envelope keep the veto
F11 camp furnace: no build (machine near)
F11 smelt: 0 (nothing to smelt)
F17 [F17] climb bridge: placed cobblestone at [-126,64,416] (pit) - the step re-judges
F17 [F17] climb bridge: placed cobblestone at [-126,65,416] (support) - the step re-judges
F17 [F17] climb diag: level at y=67 blocked toward 1,0 (dug=22)
F17 [F17] climb diag: level at y=66 blocked toward 0,1 (dug=22)
[F4] walk nudge: approach: 2 segment(s) walked in 20.0s, goal now d=18.4 (inside the direct envelope)
[F4] walk nudge: inside the direct envelope
F14 [F14] climb diag: level at y=55 blocked toward -1,0 (dug=12) dig failed at [-129,57,390] dirt (held=wooden_shovel, grounded, post=water STILL THERE (server never broke it))
[F18] walk nudge: approach: 1 segment(s) walked in 15.1s, goal now d=22.7 (inside the direct envelope)
[F18] walk nudge: inside the direct envelope
F3 [F3] raw hop failed: raw walk: no net progress for 8009ms (best d=18.0) - pathfinder retry
F16 [F16] climb diag: level at y=51 blocked toward 0,-1 (dug=0, wet) at [0,1,0] water (stop)
F15 [F15] raw hop failed: raw walk: no net progress for 8796ms (best d=15.9) - pathfinder retry
F14 [F14] climb bridge: the server refused the support fill at [-124,63,390] - the rotate ladder owns it (held=cobblestone, 1.0b, ref=grass_block, post=? (re-read failed))
F14 [F14] climb diag: level at y=63 blocked toward 0,-1 (dug=12)
F7 [F7] died - respawning (cause: server: was shot by Skeleton [kind=mob by Skeleton] | inferred: skeleton@4.1 (0s before death at [-103,66,449]) [the inference corroborates the server verdict])
F7 [F7] death drop: ~173u lost at [-103,66,449] (cobblestone 63, diorite 28, dirt 23, leaf_litter 15, granite 8, +14 more)
F7 [F7] water: death spot memorized as a hazard at [-103,66,449] (7 live, fleet-wide)
F17 [F17] climb rise assist: repositioned to -131,64,416 - the loop re-judges
[hb] n=40 ts=801s rss=423M late=190ms mainLate=1565ms
F3 [F3] hop: chest at [-134,82,417] d=19 zero: chest unreachable (Took to long to decide path to goal!)
F3 [F3] chest skip (no path cached 0s ago at [-134,82,419])
F3 [F3] chest skip (no path cached 0s ago at [-134,82,421])
F1 smelt: 0 (raw_copper@furnace: cannot open (open furnace: timeout after 6556ms))
F1 iron commune: iron commune: chest the yard stands 33 levels up over 32b lateral - the walk ladder cannot climb, the fragments ride (the ask retries near the yard)
F1 [F1] chest skip (vertical doom: the yard stands 33 levels up over 32b lateral - the walk ladder cannot climb)
F1 [F1] hop: chest at [-104,82,415] d=50 zero: chest beyond the hop search radius 48 - walking home instead
F1 final bank: 0 (no chest in range)
F11 iron commune: open failed (open commune chest: timeout after 10000ms)
F15 [F15] hop: chest at [-119,82,413] d=20 zero: chest unreachable (Took to long to decide path to goal!)
F11 iron commune: iron commune: path nudge approach: 1 segment(s) walked in 0.0s, goal now d=11.0 (inside the direct envelope)
F11 iron commune: iron commune: path nudge inside the direct envelope
F17 final climb: failed - stalled
F17 final bank: 0 (still underground after 2 climb attempts - the chain from the shaft bottom is doomed walks)
F11 iron commune: iron commune: the nudge retry landed
F14 [F14] climb rise assist: repositioned to -122,64,391 - the loop re-judges
F15 [F15] raw hop failed: raw walk stalled after 2311ms (d=17.0) - pathfinder retry
t-0s alive=19/19 mined=3738 map=1186p/21ch banked=0 smelted=7 pocket=3387u/256s | sand=10 gravel=6 dirt=495 stone=0
   deficits: 157926/10 (0.0%) 149380/6 (0.0%) 31860/0 (0.0%) 27420/0 (0.0%) 10725/168 (1.6%)
   F1=259[cobblestone:128 dirt:75 raw_copper:50] | F2=283[cobblestone:215 torch:21 granite:20] | F3=331[cobblestone:209 dirt:37 granite:26] | F4=221[cobblestone:133 raw_copper:24 diorite:19] | F5=119[oak_planks:6 wooden_pickaxe:1 dirt:1] | F6=324[cobblestone:157 granite:58 dirt:40] | F7=181[empty] | F8=211[cobblestone:126 torch:23 raw_copper:17] | F9=185[cobblestone:90 raw_copper:30 dirt:20] | F10=81[cobblestone:41 granite:17 stick:5] | F11=134[dirt:111 leaf_litter:16 cobblestone:5] | F12=150[empty] | F13=168[empty] | F14=227[cobblestone:80 diorite:48 dirt:45] | F15=268[rotten_flesh:2 stick:2] | F16=77[dirt:32 cobblestone:12 coal:10] | F17=193[cobblestone:91 andesite:63 raw_copper:34] | F18=130[cobblestone:141 dirt:57 andesite:51] | F19=196[cobblestone:111 dirt:28 diorite:27]
   mem: heap=133M/171M old=-1M ext=149M ab=146M rss=428M cols=0 ents=0 evicted=0 path=2a/0q (max 6) stale=0
[F18] fuel clips the batch: 1 x coal completes 8 of 9 x raw_copper (the rest re-smelts on the next chain)
[F18] the clock clips the batch: the 62s window completes ~5 of 9 x raw_copper (the rest re-smelts on the next chain)
F14 [F14] climb bridge: placed cobblestone at [-121,64,391] (support) - the step re-judges
[F18] furnace slots after put: input=raw_copper fuel=coal
[F18] smelting 5 x raw_copper in a furnace (fuel: 1 x coal)
F16 [F16] climb diag: level at y=51 blocked toward 0,1 (dug=0, wet) at [0,1,0] water (stop)
F11 iron commune: open failed (open commune chest: timeout after 10000ms)
F11 [F11] chest skip (doomed goal cached 11s ago at [-119,82,421])
F3 [F3] raw hop failed: raw walk: no net progress for 8621ms (best d=18.0) - pathfinder retry
F14 [F14] climb diag: level at y=68 blocked toward 1,0 (dug=14)
F12 [F12] water: air-bar glitch ignored (oxygen 0 on dry land at [-112,82,417], 258 total)
F3 [F3] hop: chest at [-129,82,417] d=19 zero: chest unreachable (Took to long to decide path to goal!)
[F18] took 1 x copper_ingot (1/5)
F15 [F15] hop: chest at [-114,82,413] d=17 zero: chest unreachable (No path to the goal!)
F15 [F15] chest skip (no path cached 0s ago at [-114,82,415])
F10 final climb: failed - timeout [stage 1]
F10 final bank: 0 (still underground after 2 climb attempts - the chain from the shaft bottom is doomed walks)
[hb] n=41 ts=821s rss=431M late=195ms mainLate=1021ms
t-0s alive=19/19 mined=3740 map=1186p/21ch banked=0 smelted=7 pocket=3387u/257s | sand=10 gravel=6 dirt=495 stone=0
   deficits: 157926/10 (0.0%) 149380/6 (0.0%) 31860/0 (0.0%) 27420/0 (0.0%) 10725/168 (1.6%)
   F1=259[cobblestone:128 dirt:75 raw_copper:50] | F2=283[cobblestone:215 torch:21 granite:20] | F3=331[cobblestone:209 dirt:37 granite:26] | F4=221[cobblestone:133 raw_copper:24 diorite:19] | F5=119[oak_planks:6 wooden_pickaxe:1 dirt:1] | F6=324[cobblestone:157 granite:58 dirt:40] | F7=181[empty] | F8=211[cobblestone:126 torch:23 raw_copper:17] | F9=185[cobblestone:90 raw_copper:30 dirt:20] | F10=81[cobblestone:41 granite:17 stick:5] | F11=134[dirt:111 leaf_litter:16 cobblestone:5] | F12=150[empty] | F13=168[empty] | F14=229[cobblestone:79 diorite:48 dirt:45] | F15=268[rotten_flesh:2 stick:2] | F16=77[dirt:32 cobblestone:12 coal:10] | F17=193[cobblestone:91 andesite:63 raw_copper:34] | F18=130[cobblestone:141 dirt:57 andesite:51] | F19=196[cobblestone:111 dirt:28 diorite:27]
   mem: heap=123M/168M old=-1M ext=149M ab=146M rss=431M cols=0 ents=0 evicted=0 path=1a/0q (max 6) stale=0
F14 [F14] combat: fighting skeleton (dist 6.5, hp 15.0, 1 nearby, sentry)
F11 [F11] raw hop failed: raw walk: no net progress for 8061ms (best d=11.1) - pathfinder retry
F14 [F14] climb: walkable surface at y=65 (+14 levels, dug=18) - the walk takes over
F14 final climb: OK +14 levels (10 steps, 18 dug, undefineds)
F14 bank: holding 45s of 167s for the smelt leg
[F4] walk nudge: approach: 1 segment(s) walked in 8.4s, goal now d=19.0 (inside the direct envelope)
[F4] walk nudge: inside the direct envelope
F14 [F14] combat: melee chase ceiling held (chased 6.5b, skeleton @4.4) - the episode breaks, the next drop reopens it
F14 [F14] combat: ranged cooldown armed vs skeleton (10s) - the chase never wins the arrow trade
F14 [F14] combat: fight ended vs skeleton (chase ceiling, hp 15.0 -> 15.3, swings 2, weapon stone_sword, 2 rounds)
F14 [F14] combat: shelter skip (night=true armed=true hp=15.333333969116211 attackers=1 poison=off threat=skeleton@5.2)
F14 [F14] combat: fleeing skeleton (dist 5.2, hp 15.3, 1 nearby, proximity)
F14 [F14] combat: flee bearing rotated 270deg (water/hazard vetoes the away target) vs skeleton (proximity)
F16 final climb: failed - timeout [stage 2]
F16 final bank: 0 (still underground after 2 climb attempts - the chain from the shaft bottom is doomed walks)
[F18] took 1 x copper_ingot (2/5)
F3 [F3] raw hop failed: raw walk: no net progress for 8279ms (best d=18.0) - pathfinder retry
F15 [F15] raw hop failed: raw walk: no net progress for 8431ms (best d=8.5) - pathfinder retry
F11 [F11] hop: chest at [-119,82,423] d=11 zero: chest unreachable (Took to long to decide path to goal!)
F14 [F14] raw hop failed: raw walk: no net progress for 8374ms (best d=16.7) - pathfinder retry
F14 [F14] hop: chest at [-118,82,397] d=18 zero: chest unreachable (The goal was changed before it could be completed!)
F18 [F18] combat: fighting zombie (dist 3.6, hp 20.0, 1 nearby, proximity)
t-0s alive=19/19 mined=3742 map=1186p/21ch banked=0 smelted=7 pocket=3387u/257s | sand=10 gravel=6 dirt=495 stone=0
   deficits: 157926/10 (0.0%) 149380/6 (0.0%) 31860/0 (0.0%) 27420/0 (0.0%) 10725/168 (1.6%)
   F1=259[cobblestone:128 dirt:75 raw_copper:50] | F2=283[cobblestone:215 torch:21 granite:20] | F3=331[cobblestone:209 dirt:37 granite:26] | F4=221[cobblestone:133 raw_copper:24 diorite:19] | F5=119[oak_planks:6 wooden_pickaxe:1 dirt:1] | F6=324[cobblestone:157 granite:58 dirt:40] | F7=181[empty] | F8=211[cobblestone:126 torch:23 raw_copper:17] | F9=185[cobblestone:90 raw_copper:30 dirt:20] | F10=81[cobblestone:41 granite:17 stick:5] | F11=134[dirt:111 leaf_litter:16 cobblestone:5] | F12=150[empty] | F13=168[empty] | F14=231[cobblestone:79 diorite:48 dirt:45] | F15=268[rotten_flesh:2 stick:2] | F16=77[dirt:32 cobblestone:12 coal:10] | F17=193[cobblestone:91 andesite:63 raw_copper:34] | F18=130[cobblestone:141 dirt:57 andesite:51] | F19=196[cobblestone:111 dirt:28 diorite:27]
   mem: heap=128M/167M old=-1M ext=147M ab=145M rss=432M cols=0 ents=0 evicted=0 path=2a/0q (max 6) stale=0
F15 [F15] hop: chest at [-119,82,415] d=11 zero: chest unreachable (No path to the goal!)
F15 [F15] chest skip (no path cached 0s ago at [-119,82,417])
F15 [F15] chest skip (no path cached 6s ago at [-119,82,421])
F12 [F12] water: air-bar glitch override - 40 consecutive critical-on-dry reads, believing the bar at [-112,82,417]
F12 [F12] water: drowning rescue start (drowning, oxygen 0)
F12 [F12] water: rescue complete in 0.0s
F12 [F12] water: dry-land proof (rescue saw no water in 0.0s) - the critical-on-dry streak restarts, the next glitch page waits 20s
F12 [F12] water: liar ladder ratchets - confirmed no-op glitch page #6, the next override needs 40 fresh critical-on-dry reads
[F18] took 1 x copper_ingot (3/5)
F15 [F15] combat: shelter dig-earn: 34 free slot(s), the dig supplies the seal
F15 [F15] combat: shelter earn: dropped 1 rotten_flesh for a seal slot
F15 [F15] combat: shelter try vs zombie (dist 11.4, sentry)
F15 [F15] combat: shelter skip (open field: no diggable wall, zombie@11.4)
F15 [F15] combat: shelter skip (open field: ring stock 0/8, threat@11.4 beyond the earn edge - the flee wins)
F15 [F15] combat: fleeing zombie (dist 11.4, hp 15.5, 1 nearby, sentry)
[hb] n=42 ts=841s rss=432M late=200ms mainLate=997ms
F18 [F18] combat: verdict flipped to flee vs zombie (hp 6.3)
F18 [F18] combat: shelter try vs zombie (dist 3.2, proximity re-verdict)
F18 [F18] combat: shelter skip (open field: no diggable wall, zombie@3.2)
F18 [F18] combat: shelter ring try vs zombie (dist 3.2, -z-x+x+z first, full ring, proximity re-verdict)
F11 [F11] combat: shelter try vs zombie (dist 9.1, sentry)
F11 [F11] raw hop failed: raw walk timeout after 12025ms (d=18.0) - pathfinder retry
F14 [F14] raw hop failed: raw walk stalled after 2152ms (d=18.8) - pathfinder retry
F11 [F11] hop: chest at [-119,82,417] d=12 zero: chest unreachable (budget exhausted (walk floor))
F11 final bank: 0 (budget exhausted)
F4 [F4] combat: shelter try vs skeleton (dist 3.9, proximity pre-fight)
F4 [F4] combat: shelter skip (open field: no diggable wall, skeleton@3.9)
F4 [F4] combat: shelter ring ranged mode: the full ring is refused, the arrow wall owns it vs skeleton@3.9
F4 [F4] combat: shelter ring try vs skeleton (dist 3.9, +x-x-z+z first, arrow wall, proximity pre-fight)
F3 [F3] hop: chest at [-124,82,421] d=18 zero: chest unreachable (Took to long to decide path to goal!)
F3 bank: chest unreachable (Took to long to decide path to goal!) (19 blocks from yard) - walking back
F11 [F11] combat: shelter skip (1,0: step-in incomplete)
F11 [F11] combat: shelter skip (open field: no diggable wall, zombie@6.7)
F11 [F11] combat: shelter ring try vs zombie (dist 6.7, -x-z+z+x first, full ring, sentry)
F18 [F18] died - respawning (cause: server: was slain by Zombie [kind=mob by Zombie] | inferred: zombie@0.5 (0s before death at [-113,65,418]) [the inference corroborates the server verdict])
F18 [F18] death drop: ~322u lost at [-113,65,418] (cobblestone 63, cobblestone 63, dirt 57, andesite 51, granite 22, +19 more)
F18 [F18] water: death spot memorized as a hazard at [-113,65,418] (5 live, fleet-wide)
F3 bank: yard walk arrived in 0s (1 attempt)
F3 camp furnace: 9 near machine(s) beyond the 24b direct envelope (nearest d=11.9) - 3 inside the envelope keep the veto
F3 camp furnace: no build (machine near)
F15 [F15] raw hop failed: raw walk: no net progress for 8549ms (best d=10.2) - pathfinder retry
F4 [F4] combat: sheltering from skeleton (arrow wall, cells 2/8, proximity pre-fight)
F12 [F12] water: air-bar glitch ignored (oxygen 0 on dry land at [-112,82,417], 286 total)
[F4] walk nudge: approach: 1 segment(s) walked in 8.4s, goal now d=18.1 (inside the direct envelope)
[F4] walk nudge: inside the direct envelope
F15 [F15] combat: shelter dig-earn: 34 free slot(s), the dig supplies the seal
F15 [F15] combat: shelter earn: dropped 1 rotten_flesh for a seal slot
F15 [F15] combat: shelter try vs zombie (dist 4.3, proximity)
F15 [F15] combat: shelter skip (open field: no diggable wall, zombie@4.3)
F15 [F15] combat: shelter skip (open field: ring not buildable [oo oo oo -o] vs zombie@4.3)
F15 [F15] combat: fleeing zombie (dist 4.3, hp 17.5, 1 nearby, proximity)
F3 [F3] combat: shelter try vs zombie (dist 7.1, sentry)
F3 [F3] combat: shelter skip (open field: no diggable wall, zombie@7.1)
F3 [F3] combat: shelter ring try vs zombie (dist 7.1, -z+x-x+z first, full ring, sentry)
F15 [F15] hop: chest at [-124,82,417] d=11 zero: chest unreachable (The goal was changed before it could be completed!)
F15 final bank: 0 (chest unreachable (The goal was changed before it could be completed!))
F14 [F14] combat: fighting zombie (dist 3.2, hp 9.3, 2 nearby, proximity)
F14 [F14] hop: chest at [-104,82,413] d=22 zero: chest unreachable (Took to long to decide path to goal!)
F14 [F14] chest skip (no path cached 0s ago at [-104,82,415])
F11 [F11] died - respawning (cause: server: was slain by Zombie [kind=mob by Zombie] | inferred: zombie@0.6 (0s before death at [-120,64,418]) [the inference corroborates the server verdict])
F11 [F11] death drop: ~150u lost at [-120,64,418] (dirt 60, dirt 46, leaf_litter 16, cobblestone 6, diorite 4, +10 more)
F11 [F11] water: death spot memorized as a hazard at [-120,64,418] (6 live, fleet-wide)
t-0s alive=19/19 mined=3742 map=1186p/21ch banked=0 smelted=7 pocket=2933u/219s | sand=10 gravel=0 dirt=343 stone=0
   deficits: 157926/10 (0.0%) 149380/0 (0.0%) 31860/0 (0.0%) 27420/0 (0.0%) 10725/117 (1.1%)
   F1=259[cobblestone:128 dirt:75 raw_copper:50] | F2=283[cobblestone:215 torch:21 granite:20] | F3=331[cobblestone:209 dirt:36 granite:26] | F4=221[cobblestone:133 raw_copper:24 diorite:19] | F5=119[oak_planks:6 wooden_pickaxe:1 dirt:1] | F6=324[cobblestone:157 granite:58 dirt:40] | F7=181[empty] | F8=211[cobblestone:126 torch:23 raw_copper:17] | F9=185[cobblestone:90 raw_copper:30 dirt:20] | F10=81[cobblestone:41 granite:17 stick:5] | F11=134[empty] | F12=150[empty] | F13=168[empty] | F14=231[cobblestone:79 dirt:63 diorite:48] | F15=268[stick:2 rotten_flesh:1] | F16=77[dirt:32 cobblestone:12 coal:10] | F17=193[cobblestone:91 andesite:63 raw_copper:34] | F18=130[empty] | F19=196[cobblestone:111 dirt:28 diorite:27]
   mem: heap=145M/173M old=-1M ext=152M ab=149M rss=440M cols=0 ents=0 evicted=0 path=2a/0q (max 6) stale=0
F14 [F14] combat: drift return wait vs zombie (@6.5) - the swimmer always comes back
F14 [F14] combat: verdict flipped to flee vs zombie (hp 9.3)
F14 [F14] combat: shelter try vs zombie (dist 9.2, proximity re-verdict)
F14 [F14] combat: shelter skip (open field: no diggable wall, zombie@9.2)
F14 [F14] combat: shelter ring try vs zombie (dist 9.2, -x+z-z+x first, full ring, proximity re-verdict)
F3 [F3] combat: sheltering from zombie (ring 8/8, sentry)
F18 [F18] combat: shelter skip (open field: ring incomplete 4/8)
F4 [F4] combat: shelter try vs skeleton (dist 6.4, proximity)
F4 [F4] combat: shelter skip (open field: no diggable wall, skeleton@6.4)
F4 [F4] combat: shelter ring ranged mode: the full ring is refused, the arrow wall owns it vs skeleton@6.4
F4 [F4] combat: shelter ring try vs skeleton (dist 6.4, -x+x-z+z first, arrow wall, proximity)
F4 [F4] combat: shelter skip (open field: arrow wall incomplete [empty/empty] vs skeleton@6.4)
F4 [F4] combat: fleeing skeleton (dist 6.4, hp 9.0, 2 nearby, proximity)
F4 [F4] combat: open-field yield vs skeleton (hp 13.0 < 14 in the dark) - the flee fired before the drain
F14 [F14] combat: sheltering from zombie (ring 8/8, proximity re-verdict)
[F4] walk refused by the churn governor - waiting 5s out
F11 [F11] combat: shelter skip (open field: ring incomplete 5/8)
F11 [F11] combat: fleeing zombie (dist 9.1, hp 20.0, 0 nearby, sentry)
F17 [F17] combat: fighting zombie (dist 4.5, hp 18.3, 2 nearby, proximity)
F14 [F14] raw hop failed: raw walk: no net progress for 8056ms (best d=14.2) - pathfinder retry
F3 [F3] died - respawning (cause: server: was slain by Zombie [kind=mob by Zombie] | inferred: zombie@1.3 (0s before death at [-126,64,407]) [the inference corroborates the server verdict])
F3 [F3] death drop: ~364u lost at [-126,64,407] (cobblestone 64, cobblestone 64, cobblestone 63, dirt 30, granite 26, +16 more)
F3 [F3] water: death spot memorized as a hazard at [-126,64,407] (7 live, fleet-wide)
[hb] n=43 ts=861s rss=438M late=202ms mainLate=798ms
F14 [F14] died - respawning (cause: server: was slain by Zombie [kind=mob by Zombie] | inferred: zombie@1.3 (0s before death at [-110,67,413]) [the inference corroborates the server verdict])
F14 [F14] death drop: ~315u lost at [-110,67,413] (cobblestone 63, dirt 55, diorite 48, coal 35, torch 22, +15 more)
F14 [F14] water: death spot memorized as a hazard at [-110,67,413] (8 live, fleet-wide)
F17 [F17] combat: drift return wait vs zombie (@5.4) - the swimmer always comes back
F11 [F11] combat: flee bearing rotated 90deg (water/hazard vetoes the away target) vs zombie (sentry)
[F3] walk nudge: approach: 1 segment(s) walked in 15.0s, goal now d=10.3 (inside the direct envelope)
[F3] walk nudge: inside the direct envelope
F3 smelt: 0 (raw_copper@blast_furnace: no fuel)
F4 smelt: 0 (raw_iron@blast_furnace: cannot open (open furnace: timeout after 10000ms); raw_iron@furnace: cannot open (open furnace: timeout after 10000ms); raw_iron@furnace: machine unreachable (Took to long to decide path to goal!); raw_iron@furnace: machine unreachable (The goal was changed before it could be completed!); raw_iron@furnace: machine unreachable (visit budget spent (walk slice)))
F4 [F4] combat: shelter try vs skeleton (dist 2.5, proximity)
F4 [F4] combat: shelter skip (open field: no diggable wall, skeleton@2.5)
F4 [F4] combat: shelter skip (open field: ring not buildable [-o Bo -o oo], no arrow wall either vs skeleton@2.5)
F4 [F4] combat: fleeing skeleton (dist 2.5, hp 5.0, 3 nearby, proximity)
F4 [F4] combat: flee bearing rotated 270deg (water/hazard vetoes the away target) vs skeleton (proximity)
F4 iron commune: iron commune: path nudge approach: 1 segment(s) walked in 0.0s, goal now d=14.9 (inside the direct envelope)
F4 iron commune: iron commune: path nudge inside the direct envelope
F4 [F4] combat: flee bearing rotated 270deg (water/hazard vetoes the away target) vs skeleton (proximity)
F4 iron commune: iron commune: chest walk failed after the nudge (The goal was changed before it could be completed!)
F4 iron commune: chest walk failed (Took to long to decide path to goal!)
F14 [F14] direct deposit: 27 chest slots derived from the 63-slot view
F14 [F14] hop: chest at [-109,82,413] d=16 zero: nothing to deposit
F14 bank fallback: none (nothing to deposit)
F14 camp furnace: 4 near machine(s) beyond the 24b direct envelope (nearest d=17.1) - 10 inside the envelope keep the veto
F14 camp furnace: no build (machine near)
F14 smelt: 0 (nothing to smelt)
F4 iron commune: chest walk failed (The goal was changed before it could be completed!)
t-0s alive=19/19 mined=3742 map=1186p/21ch banked=0 smelted=7 pocket=2240u/179s | sand=7 gravel=0 dirt=242 stone=0
   deficits: 157926/7 (0.0%) 149380/0 (0.0%) 31860/0 (0.0%) 27420/0 (0.0%) 10725/100 (0.9%)
   F1=259[cobblestone:128 dirt:75 raw_copper:50] | F2=283[cobblestone:215 torch:21 granite:20] | F3=331[empty] | F4=221[cobblestone:133 raw_copper:24 diorite:19] | F5=119[oak_planks:6 wooden_pickaxe:1 dirt:1] | F6=324[cobblestone:157 granite:58 dirt:40] | F7=181[empty] | F8=211[cobblestone:126 torch:23 raw_copper:17] | F9=185[cobblestone:90 raw_copper:30 dirt:20] | F10=81[cobblestone:41 granite:17 stick:5] | F11=134[leaf_litter:2] | F12=150[empty] | F13=168[empty] | F14=231[empty] | F15=268[stick:2 rotten_flesh:1] | F16=77[dirt:32 cobblestone:12 coal:10] | F17=193[cobblestone:91 andesite:63 raw_copper:34] | F18=130[empty] | F19=196[cobblestone:111 dirt:28 diorite:27]
   mem: heap=136M/171M old=-1M ext=154M ab=152M rss=442M cols=0 ents=0 evicted=0 path=4a/0q (max 6) stale=0
F4 iron commune: chest walk failed (walk governor: bot churned 4 goals without progress - iron commune walk @-119,397 refused for 12s)
F17 [F17] combat: verdict flipped to flee vs zombie (hp 6.3)
F17 [F17] combat: shelter try vs zombie (dist 2.2, proximity re-verdict)
F18 smelted 3 (copper_ingot:3) rescued=0
F15 [F15] combat: shelter dig-earn: 34 free slot(s), the dig supplies the seal
F15 [F15] combat: shelter earn: dropped 1 rotten_flesh for a seal slot
F15 [F15] combat: shelter try vs zombie (dist 4.5, proximity)
F15 [F15] combat: shelter skip (open field: no diggable wall, zombie@4.5)
F15 [F15] combat: shelter skip (open field: ring stock 0/8, ground earns nothing)
F15 [F15] combat: fleeing zombie (dist 4.5, hp 18.5, 1 nearby, proximity)
F17 [F17] died - respawning (cause: server: was slain by Zombie [kind=mob by Zombie] | inferred: zombie@0.5 (0s before death at [-135,62,418]) [the inference corroborates the server verdict])
F17 [F17] death drop: ~241u lost at [-135,62,418] (andesite 63, cobblestone 62, raw_copper 34, cobblestone 29, dirt 22, +10 more)
F17 [F17] water: death spot memorized as a hazard at [-135,62,418] (9 live, fleet-wide)
F18 iron commune: chest holds 0 ingot(s) - nothing to complete here
F4 [F4] died - respawning (cause: server: was slain by Zombie [kind=mob by Zombie] | inferred: zombie@1.6 (0s before death at [-121,65,397]) [the inference corroborates the server verdict])
F4 [F4] death drop: ~237u lost at [-121,65,397] (cobblestone 64, cobblestone 64, raw_copper 24, diorite 19, granite 14, +10 more)
F4 [F4] water: death spot memorized as a hazard at [-121,65,397] (10 live, fleet-wide)
F18 iron commune: chest holds 0 ingot(s) - nothing to complete here
F18 iron commune: chest holds 0 ingot(s) - nothing to complete here
F18 final bank: 0 (nothing to deposit)
F15 [F15] combat: flee bearing rotated 270deg (water/hazard vetoes the away target) vs zombie (proximity)
F4 [F4] direct deposit: 27 chest slots derived from the 63-slot view
F4 [F4] hop: chest at [-120,82,397] d=16 zero: nothing to deposit
F4 final bank: 0 (nothing to deposit)
F11 [F11] combat: shelter dig-earn: 35 free slot(s), the dig supplies the seal
F11 [F11] combat: shelter earn: dropped 1 leaf_litter for a seal slot
F11 [F11] combat: shelter try vs creeper (dist 5.1, proximity)
F11 [F11] combat: shelter skip (open field: no diggable wall, creeper@5.1)
F11 [F11] combat: shelter skip (open field: ring stock 0/8, ground earns nothing)
F11 [F11] combat: fleeing creeper (dist 5.1, hp 20.0, 1 nearby, proximity)
F11 [F11] combat: flee bearing rotated 90deg (water/hazard vetoes the away target) vs creeper (proximity)
[F14] swept 2 x copper_ingot from an idle furnace
F12 [F12] water: air-bar glitch ignored (oxygen 0 on dry land at [-112,82,417], 330 total)
F3 [F3] combat: shelter try vs skeleton (dist 1.6, proximity)
F3 [F3] combat: shelter skip (open field: no diggable wall, skeleton@1.6)
F3 [F3] combat: shelter skip (open field: ring not buildable [xo oo oo oo], no arrow wall either vs skeleton@1.6)
F3 [F3] combat: fleeing skeleton (dist 1.6, hp 20.0, 2 nearby, proximity)
F11 [F11] combat: flee bearing rotated 180deg (water/hazard vetoes the away target) vs creeper (proximity)
F3 sweep: 0 collected - machine unreachable (The goal was changed before it could be completed!) x3
F3 [F3] chest skip (doomed goal cached 0s ago at [-120,82,397])
F3 [F3] chest skip (doomed goal cached 14s ago at [-119,82,397])
F3 [F3] chest skip (doomed goal cached 14s ago at [-118,82,397])
[hb] n=44 ts=881s rss=442M late=207ms mainLate=1040ms
F3 [F3] combat: shelter try vs skeleton (dist 4.1, sentry)
F3 [F3] combat: shelter skip (open field: no diggable wall, skeleton@4.1)
F3 [F3] combat: shelter ring try vs skeleton (dist 4.1, +x-x+z-z first, arrow wall, sentry)
t-0s alive=19/19 mined=3742 map=1186p/21ch banked=0 smelted=10 pocket=2113u/171s | sand=7 gravel=0 dirt=274 stone=0
   deficits: 157926/7 (0.0%) 149380/0 (0.0%) 31860/0 (0.0%) 27420/0 (0.0%) 10725/48 (0.4%)
   F1=259[cobblestone:128 dirt:75 raw_copper:50] | F2=283[cobblestone:215 torch:21 granite:20] | F3=331[raw_copper:24 dirt:7] | F4=221[empty] | F5=119[oak_planks:6 wooden_pickaxe:1 dirt:1] | F6=324[cobblestone:157 granite:58 dirt:40] | F7=181[empty] | F8=211[cobblestone:126 torch:23 raw_copper:17] | F9=185[cobblestone:90 raw_copper:30 dirt:20] | F10=81[cobblestone:41 granite:17 stick:5] | F11=134[leaf_litter:2] | F12=150[empty] | F13=168[empty] | F14=231[cobblestone:79 dirt:55 diorite:48] | F15=268[stick:2] | F16=77[dirt:32 cobblestone:12 coal:10] | F17=193[empty] | F18=130[empty] | F19=196[cobblestone:111 dirt:28 diorite:27]
   mem: heap=133M/168M old=-1M ext=153M ab=151M rss=440M cols=0 ents=0 evicted=0 path=2a/0q (max 6) stale=0
F3 [F3] combat: sheltering from skeleton (arrow wall, cells 6/8, sentry)
[F14] sweep deferred (the lanes hold) - the sweep clock cannot afford the wait (5 machine(s) untried, the next pass owns them)
F14 sweep: collected 2 (copper_ingot:2)
F14 fuel anchor scan returned empty (attempt 1/2) at [-110,66,410] yard d=17 - the palette empty-return class, re-querying
F14 fuel anchor scan returned empty (attempt 2/2) at [-110,66,410] yard d=17
F14 fuel anchor scan empty x2 - the singular probe rescued the scan (chest at [-109,82,413])
F15 [F15] combat: shelter dig-earn: 35 free slot(s), the dig supplies the seal
F15 [F15] combat: shelter try vs zombie (dist 4.4, proximity)
F15 [F15] combat: shelter skip (open field: no diggable wall, zombie@4.4)
F15 [F15] combat: shelter skip (open field: ring not buildable [-o -o -o oo] vs zombie@4.4)
F15 [F15] combat: fleeing zombie (dist 4.4, hp 18.5, 2 nearby, proximity)
F14 [F14] combat: shelter try vs zombie (dist 4.0, proximity pre-fight)
F14 [F14] combat: shelter skip (open field: no diggable wall, zombie@4.0)
F14 [F14] combat: shelter ring try vs zombie (dist 4.0, +x-z+z-x first, full ring, proximity pre-fight)
F12 [F12] water: air-bar glitch override - 40 consecutive critical-on-dry reads, believing the bar at [-112,82,417]
F12 [F12] water: drowning rescue start (drowning, oxygen 0)
F12 [F12] water: rescue complete in 0.0s
F12 [F12] water: dry-land proof (rescue saw no water in 0.0s) - the critical-on-dry streak restarts, the next glitch page waits 20s
F12 [F12] water: liar ladder ratchets - confirmed no-op glitch page #7, the next override needs 40 fresh critical-on-dry reads
F14 [F14] combat: sheltering from zombie (ring 8/8, proximity pre-fight)
F14 fuel anchor: 0 delivered (walk failed (Took to long to decide path to goal!)) - the legacy scatter carries the tithe
F3 [F3] died - respawning (cause: server: was shot by Skeleton [kind=mob by Skeleton] | inferred: zombie@1.2 (0s before death at [-136,64,396]) [the inference CONTRADICTS the server verdict - the nearest harm was not the killer (the server kind stays the authority)])
F3 [F3] death drop: ~29u lost at [-136,64,396] (raw_copper 24, dirt 5)
F3 [F3] water: death spot memorized as a hazard at [-136,64,396] (11 live, fleet-wide)
F3 [F3] raw hop failed: raw walk: no net progress for 8131ms (best d=18.0) - pathfinder retry
F3 [F3] hop: chest at [-135,82,397] d=21 zero: chest unreachable (walk governor: bot churned 4 goals without progress - walk to chest refused for 12s)
F3 final bank: 0 (chest unreachable (walk governor: bot churned 4 goals without progress - walk to chest refused for 12s))
F15 [F15] combat: shelter dig-earn: 35 free slot(s), the dig supplies the seal
F15 [F15] combat: shelter try vs creeper (dist 5.2, proximity)
F15 [F15] combat: shelter skip (open field: no diggable wall, creeper@5.2)
F15 [F15] combat: shelter skip (open field: ring stock 0/8, ground earns nothing)
F15 [F15] combat: fleeing creeper (dist 5.2, hp 18.5, 1 nearby, proximity)
F15 [F15] combat: flee bearing rotated 90deg (water/hazard vetoes the away target) vs creeper (proximity)
F14 [F14] died - respawning (cause: server: was slain by Zombie [kind=mob by Zombie] | inferred: zombie@0.5 (0s before death at [-113,66,413]) [the inference corroborates the server verdict])
F14 [F14] death drop: pocket read empty at death (0u)
F14 [F14] water: death spot memorized as a hazard at [-113,66,413] (12 live, fleet-wide)
F14 [F14] direct deposit: 27 chest slots derived from the 63-slot view
F14 [F14] hop: chest at [-114,82,413] d=16 zero: nothing to deposit
F14 final bank: 0 (nothing to deposit)
================ FLEET RESULT (normal end - deadline 600s reached) ================
bots=19 spawned=19 reconnects=3 kicks=0 tools=15 recovered=7 reboots=0 upgraded=24 swords=18 alive=19 climbs=33 banked=0 smelted=12 planted=9 torched=12 fights=32 kills=2 shelters=5 rescues=27 airGlitches=352 claims=13 claimedHolds=0 wet=12 wt=2
sentry per-bot: F1 g0/r2 F8 g0/r4 F9 g0/r1 F10 g0/r3 F12 g352/r11 F14 g0/r2 F16 g0/r2 F17 g0/r2 | 11 g0/r0
server guard: losses=2 (window 0/10) relogins=22 probe=n/a dead=no revives=0 restarts=0
pickaxe tiers at end: wooden_pickaxe,stone_pickaxe,iron_pickaxe -> wooden=14 stone=4 iron=0
blocks mined: 3742 in ~600s = 6.24 blocks/s (374/min)
loot ledger: mined=3742 banked=0 smelted=12 pocket=1763u/148s accounted=1775 unaccounted=1967 surplus=0u conversion=47.4%
sweep drop ledger: sweeps=37 picked=224u failed=106 (below x26, plane x26, above x54) deepSkip=30 lipDig=0
  sand          collected       7 (0.004% of 157,926)
  gravel        collected       0 (0.000% of 149,380)
  dirt          collected     212
  stone         collected     880 (13.144% of 6,695)
materials: {"oak_log":177,"birch_log":52,"grass_block":81,"dirt":453,"stone":1834,"iron_ore":45,"andesite":162,"coal_ore":134,"copper_ore":144,"diorite":268,"granite":228,"sand":44,"sandstone":8,"oak_leaves":64,"gravel":13,"cobblestone":6,"birch_leaves":29}
kicks handled: 0 (reconnect attempts: 3)
no-path ledger: 3 live verdict(s) at end phase
full-chest ledger: 0 live verdict(s) at end phase
doomed-goal ledger: 276 recorded, 1037 re-issues refused at the funnel, 18 re-dooms absorbed (the v0.96.0 backoff - the storm can no longer out-pace the ttl), 8 live at end phase (v0.72.0 spiral breaker)
walk governor: 4 stall(s) opened, 8 churn re-issues refused (v0.74.0 churn breaker - goals queued+done with zero progress during the run68-class storms)
fleet churn ceiling: 0 open(s), 0 aggregate re-issues refused (v0.77.0 - the per-bot limit leaves the fleet-wide burst unbounded)
goal brake: 6 burst open(s), 28 re-issues refused, 0 fleet-ceiling open(s), 0 fleet refusals (v0.143.0 - the re-issue CADENCE is the storm's rate knob: run 35994461858's flood walkers progressed 1-3 blocks per walk so the progress-judged governors never fired, and their near goals flowed through the closed valve, while ~90MB searches marched at 2.5 goals/s per walker into a frozen main)
alloc valve: 0 close(s) (0 by the worker probe, 0 by the queue-pressure arm, 0 by the funnel probe, 0 by the slow envelope), 0 strike(s), 0 long walks refused, 0 short walks passed while closed, 0 aquifer-gate refusals (v0.105.0 one valve two feeders + the aquifer gate - the run93 fix: the ticker feeds the consulted singleton, the worker's probe verdict rides the storm cell for the freeze class, and while closed the near exemption refuses live-hazard goals - near is not cheap in a flooded region; v0.115.0 the queue-pressure arm closes on the SUSTAINED pathfinder saturation - run101's 8-12q wall warned 80s before the rss burst; v0.121.0 the funnel probe - run105's storm starved the timers that carried both feeders while the walk funnel itself marched through the kill window, so the funnel now carries its own verdict and applies the worker's cell inline; v0.144.0 the slow envelope - run80's ramp sawtoothed past the fast anchor's dip rule while the consults marched, the 5s slide is the dip-immune read)
storm duck: 0 arm(s), 0 walk(s) refused fleet-wide while ducked (v0.143.0 - run58: the storm's next-column class is near BY CONSTRUCTION and rode the closed valve's near exemption to the 3000M ceiling; a live storm verdict now shuts EVERY goal for 15s and sweeps the in-flight goals, the A* starves within one think window, the worker's grace lands the cure instead of the ceiling landing the kill)
worldmap: 1186 positions, 21 chunks scanned, top: coal_ore=389 oak_log=279 copper_ore=247 sand=102 birch_log=88
report: data/fleet-report.json written
plan progress: 2/31 resources complete
