launching 19 bots for 600s -> targets sand, gravel, dirt, stone
[hb] n=1 ts=21s rss=255M late=6ms mainLate=0ms
[hb] n=2 ts=41s rss=325M late=11ms mainLate=342ms
[hb] n=3 ts=61s rss=373M late=16ms mainLate=426ms
t-537s alive=19/19 mined=84 map=298p/7ch banked=0 smelted=0 pocket=56u/19s | sand=0 gravel=0 dirt=0 stone=0
   deficits: 157926/0 (0.0%) 149380/0 (0.0%) 31860/0 (0.0%) 27420/0 (0.0%) 10725/0 (0.0%)
   F1=12[birch_log:6 oak_log:1] | F2=4[oak_log:4] | F3=9[oak_log:8 birch_log:2] | F4=9[birch_log:2] | F5=7[oak_log:2] | F6=7[oak_log:5] | F7=4[oak_log:6] | F8=3[birch_log:3 oak_log:2] | F9=4[oak_log:4 birch_log:2] | F10=6[birch_log:1] | F11=5[empty] | F12=1[birch_log:4] | F13=0[oak_log:1] | F14=0[empty] | F15=7[empty] | F16=3[oak_log:1] | F17=2[oak_sapling:1] | F18=1[oak_log:1] | F19=0[empty]
   mem: heap=102M/143M old=-1M ext=131M ab=129M rss=369M cols=2111 ents=2234 evicted=239 path=6a/10q (max 6) stale=0
t-522s alive=19/19 mined=111 map=315p/7ch banked=0 smelted=0 pocket=76u/25s | sand=0 gravel=0 dirt=0 stone=0
   deficits: 157926/0 (0.0%) 149380/0 (0.0%) 31860/0 (0.0%) 27420/0 (0.0%) 10725/0 (0.0%)
   F1=12[birch_log:6 oak_log:1] | F2=4[oak_log:4] | F3=9[oak_planks:12 oak_log:5 birch_planks:2] | F4=9[birch_log:2] | F5=7[oak_log:2] | F6=12[oak_log:5] | F7=4[oak_log:6] | F8=3[birch_log:3 oak_log:2] | F9=9[oak_log:4 birch_log:2 oak_sapling:1] | F10=6[birch_log:1] | F11=5[empty] | F12=3[birch_log:4] | F13=0[oak_log:2] | F14=0[empty] | F15=10[oak_log:3] | F16=5[oak_log:2] | F17=2[oak_log:2 oak_sapling:1] | F18=6[oak_log:3] | F19=5[oak_log:1]
   mem: heap=108M/143M old=-1M ext=131M ab=128M rss=373M cols=2072 ents=2352 evicted=331 path=6a/9q (max 6) stale=0
[hb] n=4 ts=81s rss=371M late=21ms mainLate=199ms
t-507s alive=19/19 mined=128 map=328p/7ch banked=0 smelted=0 pocket=101u/32s | sand=0 gravel=0 dirt=0 stone=0
   deficits: 157926/0 (0.0%) 149380/0 (0.0%) 31860/0 (0.0%) 27420/0 (0.0%) 10725/0 (0.0%)
   F1=16[birch_log:6 oak_log:1] | F2=4[oak_log:4] | F3=9[oak_planks:12 oak_log:5 birch_log:4] | F4=11[birch_log:2 stick:2] | F5=7[oak_log:2] | F6=12[oak_log:5 stick:2] | F7=4[oak_log:6] | F8=4[birch_log:3 oak_log:2] | F9=10[oak_log:5 birch_log:4 oak_sapling:1] | F10=7[birch_log:2] | F11=7[oak_log:1] | F12=4[birch_log:4 oak_log:3] | F13=0[oak_log:2] | F14=4[oak_sapling:1] | F15=10[oak_log:4] | F16=5[oak_log:3] | F17=3[oak_log:2 oak_sapling:1] | F18=6[oak_log:7 birch_log:1] | F19=5[oak_log:1]
   mem: heap=116M/145M old=-1M ext=129M ab=127M rss=372M cols=2067 ents=2273 evicted=417 path=6a/3q (max 6) stale=0
[hb] n=5 ts=101s rss=367M late=26ms mainLate=409ms
F3 [F3] craft torches: stick-dry but 6 planks held - one stick batch first
F3 [F3] craft torches: skip (no coal: sticks 4 coals 0)
F18 [F18] craft torches: stick-dry but 6 planks held - one stick batch first
F18 [F18] craft torches: skip (no spare sticks: sticks 0 coals 0)
F6 [F6] craft torches: stick-dry with logs held - one plank conversion first
F6 [F6] craft torches: stick-dry but 6 planks held - one stick batch first
F6 [F6] craft torches: skip (no coal: sticks 6 coals 0)
F6 dir=(-0.08,1.00) logs=4 tools=wooden_pickaxe
F6 spare pick due: spare (planks available)
F6 spare pick: OK (wooden_pickaxe, holds 2)
F6 [F6] craft torches: skip (no coal: sticks 4 coals 0)
t-492s alive=19/19 mined=173 map=350p/8ch banked=0 smelted=0 pocket=151u/50s | sand=0 gravel=0 dirt=1 stone=0
   deficits: 157926/0 (0.0%) 149380/0 (0.0%) 31860/0 (0.0%) 27420/0 (0.0%) 10725/0 (0.0%)
   F1=18[birch_log:6 oak_log:1] | F2=5[oak_log:4] | F3=9[oak_log:5 stick:4 birch_log:4] | F4=15[birch_log:2 stick:2 oak_log:2] | F5=11[oak_log:5] | F6=14[oak_log:4 stick:4 wooden_pickaxe:2] | F7=6[oak_log:10] | F8=7[oak_log:4 birch_log:3] | F9=10[oak_log:6 birch_log:4 oak_sapling:1] | F10=11[birch_log:7] | F11=12[oak_log:5] | F12=9[oak_log:8 birch_log:4] | F13=4[oak_log:2] | F14=6[oak_log:7 oak_sapling:1 birch_sapling:1] | F15=14[oak_log:5] | F16=6[oak_log:6 oak_sapling:2 stick:2] | F17=5[oak_log:3 oak_sapling:1] | F18=6[oak_log:4 stick:4 birch_planks:1] | F19=5[stick:2 oak_log:1 oak_sapling:1]
   mem: heap=105M/143M old=-1M ext=128M ab=125M rss=373M cols=2051 ents=2042 evicted=518 path=6a/11q (max 6) stale=0
F3 dir=(0.79,0.61) logs=9 tools=wooden_pickaxe
F3 spare pick due: spare (planks available)
F18 dir=(0.79,-0.61) logs=4 tools=wooden_pickaxe
F18 [F18] craft torches: skip (no coal: sticks 4 coals 0)
F3 spare pick: OK (wooden_pickaxe, holds 2)
F3 [F3] craft torches: stick-dry with logs held - one plank conversion first
F6 [F6] torch: the placement did not land (dry) x1 - the streak names itself once, a landing re-arms it
F3 [F3] craft oak_planks: no craftable recipe variant (ingredients missing?)
F3 [F3] craft torches: stick-dry but 5 planks held - one stick batch first
F3 [F3] craft torches: skip (no coal: sticks 6 coals 0)
F18 [F18] torch: the placement did not land (dry) x1 - the streak names itself once, a landing re-arms it
F6 tool upgrade due: cobble available -> stone_pickaxe
F6 [toolupgrade] [upgrade] [tools] closing stale craft window (minecraft:inventory) - grid recovery
F3 [F3] torch: the placement did not land (dry) x1 - the streak names itself once, a landing re-arms it
F18 tool upgrade due: cobble available -> stone_pickaxe
F3 tool upgrade due: cobble available -> stone_pickaxe
F18 [toolupgrade] [upgrade] upgraded: stone_pickaxe,wooden_shovel,wooden_pickaxe
F18 tool upgrade: OK -> stone_pickaxe (stone_pickaxe,wooden_shovel,wooden_pickaxe)
F18 sword due: planks available
[hb] n=6 ts=121s rss=377M late=31ms mainLate=318ms
F18 sword: OK (wooden_sword, holds 1)
F18 sword: OK (wooden_sword)
F18 [F18] craft torches: stick-dry with logs held - one plank conversion first
F18 [F18] craft oak_planks: no craftable recipe variant (ingredients missing?)
F18 [F18] craft torches: stick-dry but 6 planks held - one stick batch first
F18 [F18] craft torches: skip (no coal: sticks 5 coals 0)
F3 [toolupgrade] [upgrade] upgraded: stone_pickaxe,wooden_shovel,wooden_pickaxe,wooden_pickaxe
F3 tool upgrade: OK -> stone_pickaxe (stone_pickaxe,wooden_shovel,wooden_pickaxe,wooden_pickaxe)
F3 sword due: planks available
F3 sword: OK (wooden_sword, holds 1)
F3 sword: OK (wooden_sword)
F3 [F3] craft torches: skip (no coal: sticks 3 coals 0)
F11 [F11] craft torches: stick-dry with logs held - one plank conversion first
t-477s alive=19/19 mined=213 map=350p/8ch banked=0 smelted=0 pocket=222u/69s | sand=0 gravel=0 dirt=13 stone=0
   deficits: 157926/0 (0.0%) 149380/0 (0.0%) 31860/0 (0.0%) 27420/0 (0.0%) 10725/0 (0.0%)
   F1=18[birch_log:6 oak_log:1] | F2=5[oak_log:6] | F3=21[cobblestone:5 birch_log:4 dirt:4] | F4=15[oak_log:4 birch_log:2 stick:2] | F5=11[oak_log:5] | F6=25[oak_planks:8 cobblestone:7 dirt:6] | F7=6[oak_log:10] | F8=7[oak_log:4 birch_log:3] | F9=10[oak_log:6 birch_log:4 oak_sapling:1] | F10=11[birch_log:7] | F11=13[oak_planks:6 wooden_shovel:1 wooden_pickaxe:1] | F12=9[oak_planks:8 oak_log:5 birch_log:5] | F13=4[oak_log:2] | F14=6[oak_log:7 oak_sapling:1 birch_sapling:1] | F15=14[oak_log:5] | F16=6[oak_planks:13 oak_log:3 oak_button:2] | F17=5[oak_log:3 oak_sapling:1] | F18=22[cobblestone:9 stick:5 leaf_litter:4] | F19=5[stick:2 oak_log:1 oak_sapling:1]
   mem: heap=108M/144M old=-1M ext=125M ab=123M rss=374M cols=2028 ents=1946 evicted=627 path=6a/7q (max 6) stale=0
F11 [F11] craft torches: stick-dry but 6 planks held - one stick batch first
F11 [F11] craft torches: skip (no coal: sticks 4 coals 0)
F11 dir=(-0.99,-0.16) logs=4 tools=wooden_pickaxe
F11 spare pick due: spare (planks available)
F11 spare pick: OK (wooden_pickaxe, holds 2)
F11 [F11] craft torches: stick-dry with logs held - one plank conversion first
F11 [F11] craft torches: stick-dry but 9 planks held - one stick batch first
F11 [F11] craft torches: skip (no coal: sticks 6 coals 0)
F12 [F12] craft torches: stick-dry but 14 planks held - one stick batch first
F6 [toolupgrade] [upgrade] craft crafting_table: variant#2 attempt0 failed: craft crafting_table: timeout after 7000ms
F6 [toolupgrade] [upgrade] [tools] closing stale craft window (minecraft:inventory) - grid recovery
F18 [F18] craft torches: skip (no coal: sticks 5 coals 0)
F6 [toolupgrade] [upgrade] craft crafting_table: swept 1 ghost grid slot(s) back into the inventory
F12 [F12] craft torches: skip (no coal: sticks 4 coals 0)
F3 [F3] craft torches: skip (no coal: sticks 3 coals 0)
F3 [F3] craft torches: skip (no coal: sticks 3 coals 0)
F3 tunnel: steering copper_ore @ 4b (axis x--1, cross 2.4792807985301124, floor lock)
F18 [F18] craft torches: skip (no coal: sticks 5 coals 0)
F18 tunnel: steering copper_ore @ 29.6b (axis z+, cross 3.5, floor lock)
F12 dir=(-0.88,-0.48) logs=7 tools=wooden_pickaxe
F12 spare pick due: spare (planks available)
F12 spare pick: OK (wooden_pickaxe, holds 2)
F12 sword due: planks available
F11 [F11] torch: the placement did not land (dry) x1 - the streak names itself once, a landing re-arms it
F1 [F1] craft torches: stick-dry but 6 planks held - one stick batch first
F1 [F1] craft torches: skip (no coal: sticks 4 coals 0)
F1 dir=(1.00,0.00) logs=3 tools=wooden_pickaxe
F1 spare pick due: spare (planks available)
F12 sword: OK (wooden_sword, holds 1)
F12 sword: OK (wooden_sword)
F12 [F12] craft torches: stick-dry but 7 planks held - one stick batch first
F12 [F12] craft torches: skip (no coal: sticks 5 coals 0)
F1 spare pick: OK (wooden_pickaxe, holds 2)
F1 [F1] craft torches: stick-dry with logs held - one plank conversion first
F2 [F2] craft torches: stick-dry with logs held - one plank conversion first
F18 tunnel: 2 blocks (branch mine at the floor, steered, floor lock)
F18 [F18] craft torches: skip (no coal: sticks 5 coals 0)
F18 [F18] craft torches: skip (no coal: sticks 5 coals 0)
F18 tunnel: steering copper_ore @ 29.7b (axis z+, cross 3.700000000000003, floor lock)
F7 [F7] craft torches: stick-dry with logs held - one plank conversion first
F2 [F2] craft torches: stick-dry but 6 planks held - one stick batch first
F1 [F1] craft torches: stick-dry but 9 planks held - one stick batch first
F2 [F2] craft torches: skip (no coal: sticks 4 coals 0)
F2 dir=(0.95,0.32) logs=2 tools=wooden_pickaxe
F2 spare pick due: spare (planks available)
F1 [F1] craft torches: skip (no coal: sticks 6 coals 0)
F7 [F7] craft torches: stick-dry but 6 planks held - one stick batch first
F7 [F7] craft torches: skip (no coal: sticks 4 coals 0)
F15 [F15] craft torches: stick-dry with logs held - one plank conversion first
F8 [F8] craft torches: stick-dry but 14 planks held - one stick batch first
F6 [toolupgrade] [upgrade] upgraded: stone_pickaxe,wooden_shovel,wooden_pickaxe,wooden_pickaxe
F6 tool upgrade: OK -> stone_pickaxe (stone_pickaxe,wooden_shovel,wooden_pickaxe,wooden_pickaxe)
F6 sword due: planks available
F8 [F8] craft torches: skip (no coal: sticks 4 coals 0)
F8 dir=(-0.68,0.74) logs=1 tools=wooden_pickaxe
F8 spare pick due: spare (planks available)
F2 spare pick: OK (wooden_pickaxe, holds 2)
F2 [F2] craft torches: stick-dry with logs held - one plank conversion first
F15 [F15] craft torches: stick-dry but 6 planks held - one stick batch first
F15 [F15] craft torches: skip (no coal: sticks 4 coals 0)
F6 sword: OK (wooden_sword, holds 1)
F6 sword: OK (wooden_sword)
F6 [F6] craft torches: stick-dry with logs held - one plank conversion first
F8 spare pick: OK (wooden_pickaxe, holds 2)
F8 sword due: planks available
F9 [F9] craft torches: stick-dry but 14 planks held - one stick batch first
F7 dir=(-0.40,0.92) logs=6 tools=wooden_pickaxe
F7 spare pick due: spare (planks available)
F9 [F9] craft torches: skip (no coal: sticks 4 coals 0)
F2 [F2] craft oak_planks: no craftable recipe variant (ingredients missing?)
F2 [F2] craft torches: stick-dry but 5 planks held - one stick batch first
F2 [F2] craft torches: skip (no coal: sticks 6 coals 0)
F18 tunnel: 0 blocks (branch mine at the floor, steered, floor lock)
F8 sword: OK (wooden_sword, holds 1)
F8 sword: OK (wooden_sword)
F8 [F8] craft torches: stick-dry but 7 planks held - one stick batch first
F8 [F8] craft torches: skip (no coal: sticks 5 coals 0)
F18 [F18] craft torches: skip (no coal: sticks 5 coals 0)
F18 [F18] craft torches: skip (no coal: sticks 5 coals 0)
F7 spare pick: OK (wooden_pickaxe, holds 2)
F7 [F7] craft torches: stick-dry with logs held - one plank conversion first
F15 dir=(-0.08,-1.00) logs=4 tools=wooden_pickaxe
F15 spare pick due: spare (planks available)
F9 dir=(-0.88,0.48) logs=4 tools=wooden_pickaxe
F9 spare pick due: spare (planks available)
F6 [F6] craft torches: stick-dry but 9 planks held - one stick batch first
F6 [F6] craft torches: skip (no coal: sticks 5 coals 0)
F7 [F7] craft oak_planks: no craftable recipe variant (ingredients missing?)
F7 [F7] craft torches: stick-dry but 5 planks held - one stick batch first
F7 [F7] craft torches: skip (no coal: sticks 6 coals 0)
F15 spare pick: OK (wooden_pickaxe, holds 2)
F15 [F15] craft torches: stick-dry with logs held - one plank conversion first
F9 spare pick: OK (wooden_pickaxe, holds 2)
F9 sword due: planks available
F12 [F12] torch: the placement did not land (dry) x1 - the streak names itself once, a landing re-arms it
F15 [F15] craft oak_planks: no craftable recipe variant (ingredients missing?)
F15 [F15] craft torches: stick-dry but 5 planks held - one stick batch first
F15 [F15] craft torches: skip (no coal: sticks 6 coals 0)
F9 sword: OK (wooden_sword, holds 1)
F9 sword: OK (wooden_sword)
F9 [F9] craft torches: stick-dry but 7 planks held - one stick batch first
F9 [F9] craft torches: skip (no coal: sticks 5 coals 0)
F1 [F1] torch: the placement did not land (dry) x1 - the streak names itself once, a landing re-arms it
F5 [F5] craft torches: stick-dry with logs held - one plank conversion first
t-462s alive=19/19 mined=316 map=406p/9ch banked=0 smelted=0 pocket=399u/136s | sand=0 gravel=4 dirt=43 stone=0
   deficits: 157926/0 (0.0%) 149380/4 (0.0%) 31860/0 (0.0%) 27420/0 (0.0%) 10725/0 (0.0%)
   F1=26[stick:6 birch_planks:6 dirt:5] | F2=11[stick:6 dirt:4 oak_planks:3] | F3=39[cobblestone:26 birch_log:4 dirt:4] | F4=15[oak_planks:12 birch_planks:2 stick:2] | F5=11[oak_planks:6 wooden_shovel:1 wooden_pickaxe:1] | F6=30[cobblestone:9 oak_planks:7 dirt:6] | F7=10[stick:6 oak_log:5 dirt:4] | F8=13[dirt:6 oak_planks:5 stick:5] | F9=12[oak_planks:5 stick:5 oak_log:3] | F10=13[birch_log:7] | F11=29[oak_planks:7 stick:6 diorite:6] | F12=18[oak_log:5 oak_planks:5 stick:5] | F13=7[oak_log:2] | F14=8[oak_log:7 oak_sapling:1 birch_sapling:1] | F15=17[stick:6 oak_log:3 oak_planks:3] | F16=6[oak_planks:13 oak_log:3 oak_button:2] | F17=10[oak_log:4 oak_sapling:1] | F18=34[cobblestone:22 stick:5 leaf_litter:4] | F19=7[stick:2 oak_log:1 birch_log:1]
   mem: heap=112M/144M old=-1M ext=124M ab=122M rss=378M cols=1995 ents=2142 evicted=697 path=0a/0q (max 6) stale=0
F5 [F5] craft torches: stick-dry but 6 planks held - one stick batch first
F5 [F5] craft torches: skip (no coal: sticks 4 coals 0)
F5 dir=(0.25,0.97) logs=1 tools=wooden_pickaxe
F5 spare pick due: spare (planks available)
F18 tunnel: 4 blocks (branch mine at the floor, floor lock)
F11 tool upgrade due: cobble available -> stone_pickaxe
F8 [F8] torch: the placement did not land (dry) x1 - the streak names itself once, a landing re-arms it
F8 [F8] digShaft: water strike at y=54 -> water table (regions 1); fluid below (-138, 55, 422) - moving sideways
F12 [F12] digShaft: water table y=58 (region strike) - stopping above the aquifer, the tunnel owns this level (regions 1)
F8 [F8] digShaft: water table y=58 (region strike) - stopping above the aquifer, the tunnel owns this level (regions 1)
F5 spare pick: OK (wooden_pickaxe, holds 2)
F5 [F5] craft torches: stick-dry with logs held - one plank conversion first
F2 [F2] torch: the placement did not land (dry) x1 - the streak names itself once, a landing re-arms it
[hb] n=7 ts=141s rss=378M late=36ms mainLate=56ms
F7 [F7] digShaft: water table y=58 (region strike) - stopping above the aquifer, the tunnel owns this level (regions 1)
F8 [F8] craft torches: skip (no coal: sticks 5 coals 0)
F8 [F8] digShaft: water strike at y=54 -> water table (regions 1); fluid below (-138, 55, 422) - moving sideways
F12 [F12] craft torches: skip (no coal: sticks 5 coals 0)
F5 [F5] craft torches: stick-dry but 5 planks held - one stick batch first
F8 [F8] digShaft: water strike at y=54 -> water table (regions 1); fluid below (-138, 55, 422) - moving sideways
F8 [F8] craft torches: skip (no coal: sticks 5 coals 0)
F8 [F8] digShaft: water strike at y=54 -> water table (regions 1); fluid below (-138, 55, 422) - moving sideways
F7 sword due: planks available
F5 [F5] craft torches: skip (no coal: sticks 6 coals 0)
F8 tunnel: steering coal_ore @ 2.9b (axis x+, cross 1.5, floor lock)
F1 tool upgrade due: cobble available -> stone_pickaxe
F9 [F9] torch: the placement did not land (dry) x1 - the streak names itself once, a landing re-arms it
F18 [F18] vein sweep: 1 drop(s) in reach (1 dug)
F18 [F18] vein sweep: the drop walks picked nothing (pocket delta 0, 0 failed walk(s))
F18 [F18] vein sweep: 1 deep drop(s) skipped (dy < -2 - the lip sphere cannot reach, the walk was a guaranteed spiral)
F18 vein sweep: 1 ores dug beside the gallery (floor lock)
F5 [F5] digShaft: water table y=58 (region strike) - stopping above the aquifer, the tunnel owns this level (regions 1)
F15 [F15] torch: the placement did not land (dry) x1 - the streak names itself once, a landing re-arms it
F2 tool upgrade due: cobble available -> stone_pickaxe
F18 [F18] craft torches: skip (no coal: sticks 5 coals 0)
F18 [F18] craft torches: skip (no coal: sticks 5 coals 0)
F18 tunnel: steering iron_ore @ 5.5b (axis z--1, cross 2.5412853187311413, floor lock)
F18 tunnel: 0 blocks (branch mine at the floor, steered, floor lock)
F18 [F18] water: drowning rescue start (drowning, oxygen 12)
F18 [F18] water: pass 0 head=wet shore=none land=n/a y=43.0 o2=12 probes=0 at=[-106,43,389]
F18 [F18] craft torches: skip (no coal: sticks 5 coals 0)
F18 [F18] craft torches: skip (no coal: sticks 5 coals 0)
F18 tunnel: 0 blocks (branch mine at the floor, floor lock)
F18 [F18] craft torches: skip (no coal: sticks 5 coals 0)
F18 [F18] craft torches: skip (no coal: sticks 5 coals 0)
F18 tunnel: 0 blocks (branch mine at the floor, floor lock)
F18 tunnel: 0 blocks x3 - sealed or flooded, cooling down 15s
F11 [toolupgrade] [upgrade] upgraded: stone_pickaxe,wooden_shovel,wooden_pickaxe,wooden_pickaxe
F11 tool upgrade: OK -> stone_pickaxe (stone_pickaxe,wooden_shovel,wooden_pickaxe,wooden_pickaxe)
F11 sword due: planks available
F15 tool upgrade due: cobble available -> stone_pickaxe
F18 [F18] water: pass 3 head=wet shore=none land=n/a y=43.2 o2=20 probes=0 at=[-106,43,389]
F9 tool upgrade due: cobble available -> stone_pickaxe
F7 sword: OK (wooden_sword, holds 1)
F7 sword: OK (wooden_sword)
F7 [F7] craft torches: skip (no coal: sticks 5 coals 0)
F3 tunnel: 12 blocks (branch mine at the floor, steered, floor lock)
F11 sword: OK (wooden_sword, holds 1)
F11 sword: OK (wooden_sword)
F11 [F11] craft torches: skip (no coal: sticks 3 coals 0)
F18 [F18] water: deep-pocket ascend - dug the ceiling granite at [-107,45,388] (jump stalled 4+ passes, o2 20)
F18 [F18] water: pass 6 head=wet shore=none land=n/a y=43.4 o2=20 probes=0 at=[-106,43,389]
F12 tool upgrade due: cobble available -> stone_pickaxe
F18 [F18] water: frozen physics (10 flat passes at y=43.4, o2=20, head WET) - standing down, the reconnect lane owns this
F18 [F18] water: rescue standing down (frozen physics - the walk gate reopens, the reconnect lane owns a dead client) in 7.0s
F18 [F18] water: frozen client relog (#1 consecutive) (frozen while head-wet (1 verdict) - the drowning clock owns this client) - ending the session, the reconnect lane rebuilds the physics; the drowning sentry holds non-critical pages 10s (the frozen-return gate)
F18 [F18] water: hazard memorized at [-107,43,388] (1 live, fleet-wide)
F2 [toolupgrade] [upgrade] upgraded: stone_pickaxe,wooden_shovel,wooden_pickaxe,wooden_pickaxe
F2 tool upgrade: OK -> stone_pickaxe (stone_pickaxe,wooden_shovel,wooden_pickaxe,wooden_pickaxe)
F2 sword due: planks available
F1 [toolupgrade] [upgrade] upgraded: stone_pickaxe,wooden_shovel,wooden_pickaxe,wooden_pickaxe
F1 tool upgrade: OK -> stone_pickaxe (stone_pickaxe,wooden_shovel,wooden_pickaxe,wooden_pickaxe)
F1 sword due: planks available
F2 sword: OK (wooden_sword, holds 1)
F2 sword: OK (wooden_sword)
F2 [F2] craft torches: skip (no coal: sticks 3 coals 0)
F1 sword: OK (wooden_sword, holds 1)
F1 sword: OK (wooden_sword)
F1 [F1] craft torches: skip (no coal: sticks 3 coals 0)
F11 [F11] craft torches: skip (no coal: sticks 3 coals 0)
F11 [F11] craft torches: skip (no coal: sticks 3 coals 0)
F11 tunnel: steering coal_ore @ 4.8b (axis z+, cross 2.536506118353657, floor lock)
t-447s alive=19/19 mined=407 map=532p/10ch banked=0 smelted=0 pocket=503u/163s | sand=0 gravel=8 dirt=59 stone=0
   deficits: 157926/0 (0.0%) 149380/8 (0.0%) 31860/0 (0.0%) 27420/0 (0.0%) 10725/1 (0.0%)
   F1=31[cobblestone:6 dirt:5 stick:3] | F2=18[cobblestone:6 dirt:4 stick:3] | F3=47[cobblestone:27 gravel:8 birch_log:4] | F4=15[oak_planks:12 birch_planks:3 stick:2] | F5=15[dirt:12 stick:6 oak_planks:3] | F6=33[cobblestone:24 oak_planks:7 dirt:6] | F7=18[oak_log:5 stick:5 dirt:4] | F8=22[cobblestone:9 dirt:6 oak_planks:5] | F9=21[cobblestone:5 dirt:4 oak_log:3] | F10=17[oak_planks:12 birch_log:6 birch_planks:6] | F11=33[diorite:6 cobblestone:5 dirt:4] | F12=28[diorite:8 cobblestone:7 oak_log:5] | F13=12[oak_log:3 birch_log:3] | F14=10[oak_log:7 oak_sapling:1 birch_sapling:1] | F15=24[cobblestone:5 stick:4 oak_planks:3] | F16=6[oak_planks:12 oak_log:3 oak_button:2] | F17=11[oak_log:10 oak_planks:6 stick:4] | F18=35[cobblestone:22 stick:5 leaf_litter:4] | F19=11[stick:2 oak_log:1 birch_log:1]
   mem: heap=115M/147M old=-1M ext=123M ab=120M rss=378M cols=1965 ents=2009 evicted=748 path=3a/0q (max 6) stale=0
F15 [toolupgrade] [upgrade] upgraded: stone_pickaxe,wooden_shovel,wooden_pickaxe,wooden_pickaxe
F15 tool upgrade: OK -> stone_pickaxe (stone_pickaxe,wooden_shovel,wooden_pickaxe,wooden_pickaxe)
F15 sword due: planks available
F9 [toolupgrade] [upgrade] upgraded: stone_pickaxe,wooden_shovel,wooden_pickaxe,wooden_pickaxe
F9 tool upgrade: OK -> stone_pickaxe (stone_pickaxe,wooden_shovel,wooden_pickaxe,wooden_pickaxe)
F9 [F9] craft torches: skip (no coal: sticks 3 coals 0)
F15 sword: OK (wooden_sword, holds 1)
F15 sword: OK (wooden_sword)
F15 [F15] craft torches: skip (no coal: sticks 3 coals 0)
F12 [toolupgrade] [upgrade] upgraded: stone_pickaxe,wooden_shovel,wooden_pickaxe,wooden_pickaxe
F12 tool upgrade: OK -> stone_pickaxe (stone_pickaxe,wooden_shovel,wooden_pickaxe,wooden_pickaxe)
F12 [F12] craft torches: skip (no coal: sticks 3 coals 0)
F17 [F17] craft torches: stick-dry with logs held - one plank conversion first
F11 tunnel: 2 blocks (branch mine at the floor, steered, floor lock)
F7 [F7] torch: the placement did not land (dry) x1 - the streak names itself once, a landing re-arms it
F12 tunnel: steering coal_ore @ 8.9b (axis x--1, cross 0.30752091364536227, ore detour)
F17 [F17] craft torches: stick-dry but 6 planks held - one stick batch first
F10 [F10] craft torches: stick-dry but 14 planks held - one stick batch first
F17 [F17] craft torches: skip (no coal: sticks 4 coals 0)
F10 [F10] craft torches: skip (no coal: sticks 4 coals 0)
F11 [F11] craft torches: skip (no coal: sticks 3 coals 0)
F11 [F11] craft torches: skip (no coal: sticks 3 coals 0)
F11 tunnel: steering coal_ore @ 4.8b (axis z+, cross 1.5, floor lock)
F8 tunnel: 12 blocks (branch mine at the floor, steered, floor lock)
F7 tool upgrade due: cobble available -> stone_pickaxe
F2 [F2] craft torches: skip (no coal: sticks 3 coals 0)
F2 [F2] craft torches: skip (no coal: sticks 3 coals 0)
F2 tunnel: steering coal_ore @ 2.3b (axis z+, cross 1.4852018540803442, floor lock)
F1 [F1] craft torches: skip (no coal: sticks 3 coals 0)
F1 [F1] craft torches: skip (no coal: sticks 3 coals 0)
F1 tunnel: steering coal_ore @ 2.2b (axis x+, cross 1.3635321144011527, floor lock)
[hb] n=8 ts=161s rss=377M late=41ms mainLate=493ms
F8 [F8] vein sweep: 1 drop(s) in reach (1 dug)
F6 [F6] craft torches: skip (no coal: sticks 5 coals 0)
F6 [F6] craft torches: skip (no coal: sticks 5 coals 0)
F6 tunnel: steering coal_ore @ 4.5b (axis x--1, cross 0.5007498820480123, floor lock)
F10 dir=(-0.99,0.16) logs=6 tools=wooden_pickaxe
F10 spare pick due: spare (planks available)
F9 [F9] water: drowning rescue start (drowning, oxygen 16)
F9 [F9] water: pass 0 head=wet shore=none land=n/a y=47.2 o2=16 probes=0 at=[-116,47,400]
F18 [F18] craft torches: skip (no coal: sticks 5 coals 0)
F18 [F18] craft torches: skip (no coal: sticks 5 coals 0)
F18 tunnel: 0 blocks (branch mine at the floor, floor lock)
F17 dir=(0.55,-0.84) logs=9 tools=wooden_pickaxe
F17 spare pick due: spare (planks available)
F7 [toolupgrade] [upgrade] upgraded: stone_pickaxe,wooden_shovel,wooden_pickaxe,wooden_pickaxe
F7 tool upgrade: OK -> stone_pickaxe (stone_pickaxe,wooden_shovel,wooden_pickaxe,wooden_pickaxe)
F7 [F7] craft torches: skip (no coal: sticks 3 coals 0)
F18 [F18] craft torches: skip (no coal: sticks 5 coals 0)
F18 [F18] craft torches: skip (no coal: sticks 5 coals 0)
F18 tunnel: 0 blocks (branch mine at the floor, floor lock)
F18 [F18] craft torches: skip (no coal: sticks 5 coals 0)
F18 [F18] craft torches: skip (no coal: sticks 5 coals 0)
F18 tunnel: 0 blocks (branch mine at the floor, floor lock)
F18 tunnel: 0 blocks x3 - sealed or flooded, cooling down 15s
F9 [F9] water: transit toward known land (oak_log) at [-117,398] d=2
F3 [F3] vein sweep: 8 drop(s) in reach (14 dug)
F15 [F15] craft torches: skip (no coal: sticks 3 coals 0)
F15 [F15] craft torches: skip (no coal: sticks 3 coals 0)
F15 tunnel: steering coal_ore @ 4.7b (axis z--1, cross 1.3725999499076522, floor lock)
F9 [F9] craft torches: skip (no coal: sticks 3 coals 0)
F9 [F9] water: pass 5 head=wet shore=none land=n/a y=49.1 o2=17 probes=0 at=[-116,49,399]
F14 [F14] craft torches: stick-dry with logs held - one plank conversion first
F10 spare pick: OK (wooden_pickaxe, holds 2)
F10 sword due: planks available
F7 tunnel: steering coal_ore @ 8.9b (axis x--1, cross 0.32216095859814686, ore detour)
F11 tunnel: 4 blocks (branch mine at the floor, steered, floor lock)
F9 [F9] water: transit toward known land (oak_log) at [-117,398] d=2
F14 [F14] craft torches: stick-dry but 6 planks held - one stick batch first
F17 spare pick: OK (wooden_pickaxe, holds 2)
F17 [F17] craft torches: stick-dry with logs held - one plank conversion first
F8 [F8] vein sweep: the drop walk to [-136,58,424] failed - sweep drops: timeout after 4000ms (dy 2.1, range 2)
F8 [F8] vein sweep: +2u walked from the drops (1 dug)
F8 [F8] vein sweep: 1 above-plane walk(s) timed out on the wide goal (range 2) - the ledge family (the v0.189.0 class, the triage names it)
F8 vein sweep: 1 ores dug beside the gallery (floor lock)
F10 sword: OK (wooden_sword, holds 1)
F10 sword: OK (wooden_sword)
F10 [F10] craft torches: stick-dry but 7 planks held - one stick batch first
F14 [F14] craft torches: skip (no coal: sticks 4 coals 0)
F9 [F9] water: transit toward known land (oak_log) at [-117,398] d=2
F9 [F9] water: pass 10 head=dry shore=none land=oak_log d=2 y=50.5 o2=20 probes=0 at=[-116,50,400]
F8 tool upgrade due: cobble available -> stone_pickaxe
F10 [F10] craft torches: skip (no coal: sticks 5 coals 0)
F2 tunnel: 4 blocks (branch mine at the floor, steered, floor lock)
F14 dir=(-0.40,-0.92) logs=3 tools=wooden_pickaxe
F14 spare pick due: spare (planks available)
F9 [F9] water: transit toward known land (oak_log) at [-117,398] d=2
F17 [F17] craft torches: stick-dry but 9 planks held - one stick batch first
F17 [F17] craft torches: skip (no coal: sticks 6 coals 0)
F3 [F3] vein sweep: the drop walk to [-112,45,417] failed - sweep drops: timeout after 4000ms (dy 2.0, range 2)
F14 spare pick: OK (wooden_pickaxe, holds 2)
F14 [F14] craft torches: stick-dry with logs held - one plank conversion first
F8 [toolupgrade] [upgrade] upgraded: stone_pickaxe,wooden_shovel,wooden_pickaxe,wooden_pickaxe
F8 tool upgrade: OK -> stone_pickaxe (stone_pickaxe,wooden_shovel,wooden_pickaxe,wooden_pickaxe)
F8 [F8] craft torches: skip (no coal: sticks 3 coals 0)
F9 [F9] water: transit toward known land (oak_log) at [-117,398] d=2
F9 [F9] water: transit toward known land (oak_log) at [-117,398] d=2
F9 [F9] water: pass 18 head=dry shore=none land=oak_log d=2 y=51.6 o2=20 probes=0 at=[-116,52,400]
t-432s alive=19/19 mined=526 map=630p/11ch banked=0 smelted=0 pocket=637u/190s | sand=0 gravel=18 dirt=65 stone=0
   deficits: 157926/0 (0.0%) 149380/18 (0.0%) 31860/0 (0.0%) 27420/0 (0.0%) 10725/1 (0.0%)
   F1=45[diorite:13 cobblestone:8 dirt:5] | F2=31[gravel:10 cobblestone:8 dirt:4] | F3=57[cobblestone:28 gravel:8 birch_log:4] | F4=15[oak_planks:11 birch_planks:4 stick:2] | F5=15[dirt:13 stick:6 oak_planks:3] | F6=40[cobblestone:29 oak_planks:7 dirt:6] | F7=31[cobblestone:10 diorite:7 oak_log:5] | F8=29[cobblestone:12 dirt:7 oak_planks:5] | F9=29[cobblestone:12 dirt:4 oak_log:3] | F10=21[birch_log:6 stick:5 oak_planks:5] | F11=39[granite:13 cobblestone:9 diorite:6] | F12=41[cobblestone:9 diorite:8 raw_copper:6] | F13=13[oak_planks:12 birch_planks:6 stick:5] | F14=10[oak_planks:5 oak_log:2 stick:2] | F15=39[cobblestone:20 stick:3 dirt:3] | F16=8[oak_planks:12 oak_log:3 oak_sapling:2] | F17=14[oak_log:7 oak_planks:7 stick:6] | F18=35[cobblestone:22 stick:5 leaf_litter:4] | F19=14[stick:3 oak_log:2 birch_log:1]
   mem: heap=115M/147M old=-1M ext=123M ab=121M rss=378M cols=1961 ents=2197 evicted=788 path=4a/0q (max 6) stale=0
F15 tunnel: 4 blocks (branch mine at the floor, steered, floor lock)
F12 tunnel: 12 blocks (branch mine at the floor, steered, ore detour)
F4 dir=(0.55,0.84) logs=2 tools=no crafting table
F4 tool recovery: no pickaxe - spare-pick craft first
F4 spare pick: no table reachable or placeable
F4 tool recovery: spare craft failed (no table) - re-running the bootstrap
F14 [F14] craft torches: stick-dry but 9 planks held - one stick batch first
F5 sword due: planks available
F14 [F14] craft torches: skip (no coal: sticks 6 coals 0)
F9 [F9] water: transit toward known land (oak_log) at [-117,398] d=2
F9 [F9] water: transit stalled (d=2 after 18 passes - the walls own this swim; the release takes over)
F9 [F9] water: transit toward known land (oak_log) at [-117,398] d=2
F9 [F9] water: rescue released (surface-safe, open water - no land known; the walk gate reopens) in 8.0s
F9 [F9] water: hazard memorized at [-116,49,399] (2 live, fleet-wide)
F5 sword: OK (wooden_sword, holds 1)
F5 sword: OK (wooden_sword)
F5 [F5] craft torches: skip (no coal: sticks 5 coals 0)
F9 [F9] digShaft: water hazard 0.8b away (live 2) - refusing this column, the caller rotates
F9 [F9] craft torches: skip (no coal: sticks 3 coals 0)
F5 [F5] digShaft: water table y=58 (region strike) - stopping above the aquifer, the tunnel owns this level (regions 1)
F5 tunnel: steering coal_ore @ 11b (axis z+, cross 2.5000000562125138, ore detour)
F17 [F17] torch: the placement did not land (dry) x1 - the streak names itself once, a landing re-arms it
F9 [F9] digShaft: water hazard 0.8b away (live 2) - refusing this column, the caller rotates
F9 tunnel: steering coal_ore @ 11.4b (axis z--1, cross 3.299999999999997, floor lock)
F10 [F10] torch: the placement did not land (dry) x1 - the streak names itself once, a landing re-arms it
F3 [F3] vein sweep: the drop walk to [-112,46,417] failed - sweep drops: timeout after 4000ms (dy 3.0, range 2)
F13 [F13] craft torches: stick-dry but 14 planks held - one stick batch first
F13 [F13] craft torches: skip (no coal: sticks 5 coals 0)
F6 tunnel: 13 blocks (branch mine at the floor, steered, floor lock)
F12 [F12] vein sweep: 5 drop(s) in reach (5 dug)
F13 dir=(-0.68,-0.74) logs=5 tools=wooden_pickaxe
F13 spare pick due: spare (planks available)
F1 tunnel: 12 blocks (branch mine at the floor, steered, floor lock)
F10 tool upgrade due: cobble available -> stone_pickaxe
F14 [F14] torch: the placement did not land (dry) x1 - the streak names itself once, a landing re-arms it
F8 tunnel: steering coal_ore @ 5.3b (axis z+, cross 0.5, ore detour)
F7 tunnel: 12 blocks (branch mine at the floor, steered, ore detour)
F12 [F12] vein sweep: lip dig refused - sealed floor (air 0, dy -1.0)
F13 spare pick: OK (wooden_pickaxe, holds 2)
F13 sword due: planks available
F5 tunnel: 2 blocks (branch mine at the floor, steered, ore detour)
F5 wood trip: famine (sticks 5 planks 1 logs 0) - gathering
F13 sword: OK (wooden_sword, holds 1)
F13 sword: OK (wooden_sword)
F13 [F13] craft torches: stick-dry but 7 planks held - one stick batch first
F7 [F7] vein sweep: 6 drop(s) in reach (1 dug)
F13 [F13] craft torches: skip (no coal: sticks 6 coals 0)
F17 tool upgrade due: cobble available -> stone_pickaxe
F7 [F7] vein sweep: lip dig refused - sealed floor (air 0, dy -1.0)
F15 [F15] vein sweep: 5 drop(s) in reach (8 dug)
F9 [F9] water: surface re-arm holds the page (5s left) - the open-water float owns the pacing; a sinking bar still pages
F13 [F13] digShaft: water table y=58 (region strike) - stopping above the aquifer, the tunnel owns this level (regions 1)
F14 tool upgrade due: cobble available -> stone_pickaxe
F8 tunnel: 2 blocks (branch mine at the floor, steered, ore detour)
F2 [F2] vein sweep: 8 drop(s) in reach (12 dug)
F12 [F12] vein sweep: the drop walk to [-154,46,407] failed - sweep drops: timeout after 4000ms (dy 3.2, range 2)
F15 [F15] vein sweep: the drop walk to [-115,42,376] failed - sweep drops: timeout after 4000ms (dy -1.0, range 2)
F7 [F7] vein sweep: the drop walk to [-153,46,408] failed - sweep drops: timeout after 4000ms (dy 3.0, range 2)
[hb] n=9 ts=181s rss=377M late=46ms mainLate=979ms
F10 [toolupgrade] [upgrade] upgraded: stone_pickaxe,wooden_shovel,wooden_pickaxe,wooden_pickaxe
F10 tool upgrade: OK -> stone_pickaxe (stone_pickaxe,wooden_shovel,wooden_pickaxe,wooden_pickaxe)
F10 [F10] craft torches: skip (no coal: sticks 3 coals 0)
F8 [F8] vein sweep: 8 drop(s) in reach (2 dug)
F9 tunnel: 2 blocks (branch mine at the floor, steered, floor lock)
F3 [F3] vein sweep: +2u walked from the drops (14 dug)
F3 [F3] vein sweep: 3 above-plane walk(s) timed out on the wide goal (range 2) - the ledge family (the v0.189.0 class, the triage names it)
F3 [F3] vein sweep: 4 deep drop(s) skipped (dy < -2 - the lip sphere cannot reach, the walk was a guaranteed spiral)
F3 vein sweep: 14 ores dug beside the gallery (floor lock)
F14 [toolupgrade] [upgrade] upgraded: stone_pickaxe,wooden_pickaxe,wooden_shovel,wooden_pickaxe
F14 tool upgrade: OK -> stone_pickaxe (stone_pickaxe,wooden_pickaxe,wooden_shovel,wooden_pickaxe)
F14 sword due: planks available
F9 [F9] water: drowning rescue start (drowning, oxygen 5)
F9 [F9] water: pass 0 head=wet shore=none land=n/a y=46.0 o2=5 probes=0 at=[-115,46,399]
F1 [F1] vein sweep: 8 drop(s) in reach (8 dug)
F17 [toolupgrade] [upgrade] upgraded: stone_pickaxe,wooden_shovel,wooden_pickaxe,wooden_pickaxe
F17 tool upgrade: OK -> stone_pickaxe (stone_pickaxe,wooden_shovel,wooden_pickaxe,wooden_pickaxe)
F17 sword due: planks available
F12 [F12] vein sweep: lip dig refused - sealed floor (air 0, dy -1.0)
F9 [F9] water: transit toward known land (oak_log) at [-117,398] d=2
t-417s alive=19/19 mined=652 map=628p/11ch banked=0 smelted=0 pocket=729u/212s | sand=0 gravel=24 dirt=89 stone=0
   deficits: 157926/0 (0.0%) 149380/24 (0.0%) 31860/0 (0.0%) 27420/0 (0.0%) 10725/4 (0.0%)
   F1=59[diorite:17 cobblestone:9 dirt:5] | F2=42[gravel:11 cobblestone:8 diorite:7] | F3=57[cobblestone:30 gravel:8 birch_log:4] | F4=19[oak_planks:12 birch_planks:4 stick:2] | F5=18[dirt:17 stick:5 leaf_litter:3] | F6=56[cobblestone:35 oak_planks:7 dirt:6] | F7=40[cobblestone:12 granite:11 diorite:7] | F8=45[cobblestone:27 dirt:7 oak_planks:5] | F9=31[cobblestone:15 dirt:4 oak_log:3] | F10=31[birch_log:6 cobblestone:5 stick:3] | F11=39[granite:13 cobblestone:9 diorite:6] | F12=47[cobblestone:9 granite:9 diorite:8] | F13=17[dirt:8 stick:6 oak_planks:5] | F14=22[dirt:6 cobblestone:5 oak_planks:5] | F15=47[cobblestone:20 granite:4 stick:3] | F16=8[oak_planks:5 stick:4 oak_log:4] | F17=23[oak_log:7 cobblestone:4 dirt:4] | F18=35[cobblestone:22 stick:5 leaf_litter:4] | F19=16[oak_log:6 stick:3 leaf_litter:3]
   mem: heap=111M/148M old=-1M ext=121M ab=119M rss=375M cols=1950 ents=2747 evicted=819 path=6a/7q (max 6) stale=0
F17 sword: OK (wooden_sword, holds 1)
F17 sword: OK (wooden_sword)
F17 [F17] craft torches: skip (no coal: sticks 3 coals 0)
F9 [F9] water: pass 6 head=wet shore=none land=n/a y=49.1 o2=5 probes=0 at=[-116,49,400]
F14 sword: OK (wooden_sword, holds 1)
F14 sword: OK (wooden_sword)
F14 [F14] craft torches: skip (no coal: sticks 3 coals 0)
F9 [F9] water: transit toward known land (oak_log) at [-117,398] d=2
F9 [F9] water: transit toward known land (birch_log) at [-117,401] d=2
F16 [F16] craft torches: stick-dry but 6 planks held - one stick batch first
F16 [F16] craft torches: skip (no coal: sticks 6 coals 0)
F16 dir=(0.25,-0.97) logs=4 tools=wooden_pickaxe
F16 spare pick due: spare (planks available)
F10 [F10] digShaft: water strike at y=45 -> water table (regions 2); fluid below (-100, 46, 384) - moving sideways
F9 [F9] water: transit toward known land (oak_log) at [-117,398] d=2
F17 [F17] digShaft: water table y=49 (region strike) - stopping above the aquifer, the tunnel owns this level (regions 2)
F14 [F14] digShaft: water table y=49 (region strike) - stopping above the aquifer, the tunnel owns this level (regions 2)
F9 [F9] water: transit toward known land (oak_log) at [-117,398] d=2
F9 [F9] water: pass 11 head=dry shore=none land=oak_log d=2 y=50.5 o2=15 probes=0 at=[-115,50,400]
F16 spare pick: OK (wooden_pickaxe, holds 2)
F16 [F16] craft torches: skip (no coal: sticks 4 coals 0)
F15 [F15] vein sweep: the drop walk to [-114,42,376] failed - sweep drops: timeout after 4000ms (dy -1.0, range 2)
F2 [F2] vein sweep: lip dig refused - sealed floor (air 0, dy -1.0)
F1 [F1] vein sweep: lip dig refused - sealed floor (air 0, dy -1.0)
F3 [F3] craft torches: skip (no coal: sticks 3 coals 0)
F3 [F3] craft torches: skip (no coal: sticks 3 coals 0)
F3 tunnel: steering copper_ore @ 2.7b (axis z--1, cross 0.5, floor lock)
F9 [F9] water: transit toward known land (oak_log) at [-117,398] d=2
F9 [F9] water: transit toward known land (oak_log) at [-117,398] d=2
F9 [F9] water: pass 17 head=dry shore=none land=oak_log d=2 y=50.8 o2=20 probes=0 at=[-116,51,400]
F8 [F8] vein sweep: the drop walk to [-132,46,420] failed - sweep drops: timeout after 4000ms (dy 3.0, range 2)
F13 [F13] craft torches: skip (no coal: sticks 6 coals 0)
F9 [F9] water: transit toward known land (birch_log) at [-117,401] d=2
F13 [F13] digShaft: water table y=58 (region strike) - stopping above the aquifer, the tunnel owns this level (regions 2)
F13 tunnel: steering copper_ore @ 7.4b (axis x+, cross 3.4998386351737736, ore detour)
F9 [F9] water: transit toward known land (oak_log) at [-117,398] d=2
F3 tunnel: 2 blocks (branch mine at the floor, steered, floor lock)
F7 [F7] vein sweep: the drop walk to [-158,44,403] failed - sweep drops: timeout after 4000ms (dy -1.0, range 2)
F7 [F7] vein sweep: +8u walked from the drops (1 dug)
F7 [F7] vein sweep: 1 below-plane walk(s) still failed on the wide goal (range 2) - the drop rests deeper than the lip
F7 [F7] vein sweep: 1 above-plane walk(s) timed out on the wide goal (range 2) - the ledge family (the v0.189.0 class, the triage names it)
F7 [F7] vein sweep: 2 deep drop(s) skipped (dy < -2 - the lip sphere cannot reach, the walk was a guaranteed spiral)
F7 vein sweep: 1 ores dug beside the gallery (ore detour)
F2 [F2] vein sweep: lip dig refused - sealed floor (air 0, dy -1.0)
F2 [F2] vein sweep: the drop walk to [-112,42,427] failed - spin breaker: sweep drops re-issued 2x inside the 10s window after its own pf:done - sweep drops refused for 30s (the sync re-issue breaker: the goal->done->goal churn starves the timers, the run53 alloc-storm class) (dy 0.0, range 1)
F2 [F2] vein sweep: the drop walk to [-115,41,429] failed - spin breaker: sweep drops re-issued 2x inside the 10s window after its own pf:done - sweep drops refused for 30s (the sync re-issue breaker: the goal->done->goal churn starves the timers, the run53 alloc-storm class, hold live) (dy -1.0, range 2)
F9 [F9] water: transit toward known land (oak_log) at [-117,398] d=2
F9 [F9] water: pass 20 head=dry shore=none land=oak_log d=2 y=51.6 o2=20 probes=0 at=[-116,52,400]
F1 [F1] vein sweep: lip dig refused - sealed floor (air 0, dy -1.0)
F3 [F3] vein sweep: 8 drop(s) in reach (1 dug)
F2 [F2] vein sweep: +3u walked from the drops (12 dug)
F2 [F2] vein sweep: 3 below-plane walk(s) still failed on the wide goal (range 2) - the drop rests deeper than the lip
F2 vein sweep: 12 ores dug beside the gallery (floor lock)
F19 [F19] craft torches: skip (no coal: sticks 3 coals 0)
F19 dir=(0.95,-0.32) logs=3 tools=wooden_pickaxe
F19 spare pick due: spare (planks available)
F9 [F9] water: transit toward known land (oak_log) at [-117,398] d=2
F16 [F16] torch: the placement did not land (dry) x1 - the streak names itself once, a landing re-arms it
F9 [F9] water: pass 24 head=wet shore=none land=n/a y=49.3 o2=20 probes=0 at=[-116,49,399]
F19 spare pick: OK (wooden_pickaxe, holds 2)
F19 sword due: planks available
F9 [F9] water: transit toward known land (oak_log) at [-117,398] d=2
F16 tool upgrade due: cobble available -> stone_pickaxe
F6 [F6] vein sweep: 8 drop(s) in reach (22 dug)
F19 sword: OK (wooden_sword, holds 1)
F19 sword: OK (wooden_sword)
F19 [F19] craft torches: stick-dry with logs held - one plank conversion first
F9 [F9] water: pass 29 head=wet shore=none land=n/a y=49.4 o2=20 probes=0 at=[-116,49,400]
F12 [F12] vein sweep: +19u walked from the drops (5 dug)
F12 [F12] vein sweep: 1 above-plane walk(s) timed out on the wide goal (range 2) - the ledge family (the v0.189.0 class, the triage names it)
F12 vein sweep: 5 ores dug beside the gallery (ore detour)
F9 [F9] water: transit toward known land (oak_log) at [-117,398] d=2
F17 [F17] craft torches: skip (no coal: sticks 3 coals 0)
F9 [F9] water: pass 32 head=wet shore=none land=n/a y=49.2 o2=20 probes=0 at=[-116,49,400]
F14 [F14] craft torches: skip (no coal: sticks 3 coals 0)
F19 [F19] craft torches: stick-dry but 9 planks held - one stick batch first
F8 [F8] vein sweep: the drop walk to [-134,47,420] failed - sweep drops: timeout after 4000ms (dy 2.7, range 2)
F8 [F8] vein sweep: +1u walked from the drops (2 dug)
F8 [F8] vein sweep: 2 above-plane walk(s) timed out on the wide goal (range 2) - the ledge family (the v0.189.0 class, the triage names it)
F8 [F8] vein sweep: 6 deep drop(s) skipped (dy < -2 - the lip sphere cannot reach, the walk was a guaranteed spiral)
F8 vein sweep: 2 ores dug beside the gallery (ore detour)
F9 [F9] water: transit toward known land (oak_log) at [-117,398] d=2
F19 [F19] craft torches: skip (no coal: sticks 4 coals 0)
F9 [F9] water: transit toward known land (oak_log) at [-117,398] d=2
F9 [F9] water: transit stalled (d=2 after 15 passes - the walls own this swim; the release takes over)
F9 [F9] water: transit toward known land (oak_log) at [-117,398] d=2
F9 [F9] water: rescue released (surface-safe, open water - no land known; the walk gate reopens) in 16.8s
F9 [F9] water: hazard memorized at [-116,50,399] (3 live, fleet-wide)
t-401s alive=19/19 mined=705 map=648p/12ch banked=0 smelted=0 pocket=824u/224s | sand=0 gravel=24 dirt=107 stone=0
   deficits: 157926/0 (0.0%) 149380/24 (0.0%) 31860/0 (0.0%) 27420/0 (0.0%) 10725/10 (0.1%)
   F1=59[diorite:17 coal:10 cobblestone:9] | F2=42[gravel:11 cobblestone:8 diorite:7] | F3=60[cobblestone:33 gravel:8 birch_log:4] | F4=19[oak_planks:12 birch_planks:4 birch_log:4] | F5=18[dirt:17 stick:5 leaf_litter:3] | F6=68[cobblestone:35 oak_planks:7 dirt:6] | F7=40[granite:14 cobblestone:12 diorite:7] | F8=45[cobblestone:28 dirt:7 oak_planks:5] | F9=35[cobblestone:15 dirt:4 oak_log:3] | F10=34[andesite:9 cobblestone:8 birch_log:6] | F11=39[granite:14 cobblestone:9 diorite:6] | F12=47[raw_copper:24 cobblestone:9 granite:9] | F13=29[dirt:25 leaf_litter:10 stick:6] | F14=26[cobblestone:13 dirt:6 oak_planks:5] | F15=47[cobblestone:20 granite:4 stick:3] | F16=18[cobblestone:7 stick:4 oak_planks:4] | F17=28[oak_log:7 cobblestone:7 dirt:4] | F18=35[cobblestone:22 stick:5 leaf_litter:4] | F19=16[oak_planks:6 stick:4 leaf_litter:3]
   mem: heap=113M/148M old=-1M ext=122M ab=119M rss=382M cols=1955 ents=2592 evicted=843 path=6a/8q (max 6) stale=0
F3 [F3] vein sweep: lip dig refused - sealed floor (air 0, dy -1.0)
F2 [F2] craft torches: skip (no coal: sticks 3 coals 0)
F2 [F2] craft torches: skip (no coal: sticks 3 coals 0)
F2 tunnel: steering copper_ore @ 8.1b (axis z+, cross 0.36065658840044534, floor lock)
F6 [F6] vein sweep: lip dig refused - sealed floor (air 0, dy -1.0)
[hb] n=10 ts=201s rss=382M late=51ms mainLate=647ms
F17 tunnel: steering iron_ore @ 6.8b (axis x--1, cross 0.5, ore detour)
F13 tunnel: 12 blocks (branch mine at the floor, steered, ore detour)
F14 tunnel: steering iron_ore @ 6.8b (axis x--1, cross 0.380163831749428, ore detour)
F18 [F18] craft torches: skip (no coal: sticks 5 coals 0)
F18 [F18] craft torches: skip (no coal: sticks 5 coals 0)
F18 tunnel: steering coal_ore @ 10.7b (axis x--1, cross 1.6999999999999886, floor lock)
F18 tunnel: 0 blocks (branch mine at the floor, steered, floor lock)
F15 [F15] vein sweep: +1u walked from the drops (8 dug)
F15 [F15] vein sweep: 3 below-plane walk(s) still failed on the wide goal (range 2) - the drop rests deeper than the lip
F15 [F15] vein sweep: 1 above-plane walk(s) timed out on the wide goal (range 2) - the ledge family (the v0.189.0 class, the triage names it)
F15 [F15] vein sweep: 1 deep drop(s) skipped (dy < -2 - the lip sphere cannot reach, the walk was a guaranteed spiral)
F15 vein sweep: 8 ores dug beside the gallery (floor lock)
F6 [F6] vein sweep: lip dig refused - sealed floor (air 0, dy -1.0)
F16 [toolupgrade] [upgrade] upgraded: wooden_shovel,stone_pickaxe,wooden_pickaxe,wooden_pickaxe
F16 tool upgrade: OK -> stone_pickaxe (wooden_shovel,stone_pickaxe,wooden_pickaxe,wooden_pickaxe)
F16 sword due: planks available
F6 [F6] vein sweep: the drop walk to [-138,38,423] failed - spin breaker: sweep drops re-issued 2x inside the 10s window after its own pf:done - sweep drops refused for 30s (the sync re-issue breaker: the goal->done->goal churn starves the timers, the run53 alloc-storm class) (dy -1.0, range 2)
F3 [F3] vein sweep: the drop walk to [-108,41,418] failed - spin breaker: sweep drops re-issued 2x inside the 10s window after its own pf:done - sweep drops refused for 30s (the sync re-issue breaker: the goal->done->goal churn starves the timers, the run53 alloc-storm class) (dy 0.0, range 1)
F6 [F6] vein sweep: the drop walk to [-136,39,426] failed - spin breaker: sweep drops re-issued 2x inside the 10s window after its own pf:done - sweep drops refused for 30s (the sync re-issue breaker: the goal->done->goal churn starves the timers, the run53 alloc-storm class, hold live) (dy 0.0, range 1)
F3 [F3] vein sweep: the drop walk to [-110,40,419] failed - spin breaker: sweep drops re-issued 2x inside the 10s window after its own pf:done - sweep drops refused for 30s (the sync re-issue breaker: the goal->done->goal churn starves the timers, the run53 alloc-storm class, hold live) (dy -0.5, range 2)
F10 [F10] water: drowning rescue start (drowning, oxygen 20)
F10 [F10] water: pass 0 head=wet shore=none land=n/a y=44.3 o2=20 probes=0 at=[-99,44,383]
F6 [F6] vein sweep: the drop walks picked nothing (pocket delta 0, 6 failed walk(s))
F6 [F6] vein sweep: 5 below-plane walk(s) still failed on the wide goal (range 2) - the drop rests deeper than the lip
F6 vein sweep: 22 ores dug beside the gallery (floor lock)
F3 [F3] vein sweep: +25u walked from the drops (1 dug)
F3 [F3] vein sweep: 1 below-plane walk(s) still failed on the wide goal (range 2) - the drop rests deeper than the lip
F3 [F3] vein sweep: 2 above-plane walk(s) timed out on the wide goal (range 2) - the ledge family (the v0.189.0 class, the triage names it)
F3 vein sweep: 1 ores dug beside the gallery (floor lock)
F16 sword: OK (wooden_sword, holds 1)
F16 sword: OK (wooden_sword)
F16 [F16] craft torches: stick-dry with logs held - one plank conversion first
F9 [F9] water: surface re-arm holds the page (4s left) - the open-water float owns the pacing; a sinking bar still pages
F7 [F7] craft torches: 1 batch(es) -> 4 torches (sticks 3 coals 2, the metal reserve keeps 1)
F9 [F9] vein sweep: 2 drop(s) in reach (6 dug)
F11 [F11] craft torches: skip (no coal: sticks 3 coals 0)
F11 [F11] craft torches: skip (no coal: sticks 3 coals 0)
F11 tunnel: steering coal_ore @ 5.3b (axis x--1, cross 2.3000000000000114, floor lock)
F10 [F10] water: pass 4 head=dry shore=hit r=1 land=none y=45.4 o2=20 probes=0 at=[-99,45,383]
F10 [F10] craft torches: skip (no coal: sticks 3 coals 0)
F16 [F16] craft torches: stick-dry but 7 planks held - one stick batch first
F10 [F10] craft torches: skip (no coal: sticks 3 coals 0)
F10 tunnel: steering coal_ore @ 7.1b (axis x--1, cross 1.3000000000000114, floor lock)
F10 tunnel: 0 blocks (branch mine at the floor, steered, floor lock)
F16 [F16] craft torches: skip (no coal: sticks 5 coals 0)
F10 [F10] water: pass 6 head=dry shore=hit r=1 land=none y=45.9 o2=20 probes=0 at=[-99,46,383]
F3 map trip skipped: sand,gravel unreachable
F7 tunnel: steering coal_ore @ 4.1b (axis z--1, cross 0.5002955123265451, ore detour)
F1 [F1] vein sweep: +7u walked from the drops (8 dug)
F1 vein sweep: 8 ores dug beside the gallery (floor lock)
F9 [F9] water: drowning rescue start (drowning, oxygen 3)
F9 [F9] water: pass 0 head=wet shore=none land=n/a y=46.0 o2=3 probes=0 at=[-115,46,400]
F10 [F10] water: pass 7 head=dry shore=hit r=1 land=none y=45.4 o2=20 probes=0 at=[-99,45,383]
F2 tunnel: 3 blocks (branch mine at the floor, steered, floor lock)
F18 [F18] climb diag: level at y=43 blocked toward 0,1 (dug=0, wet) at [0,1,0] water (stop)
F2 map trip skipped: sand,gravel unreachable
F16 [F16] digShaft: water table y=49 (region strike) - stopping above the aquifer, the tunnel owns this level (regions 2)
t-386s alive=19/19 mined=761 map=714p/12ch banked=0 smelted=0 pocket=975u/235s | sand=0 gravel=27 dirt=119 stone=0
   deficits: 157926/0 (0.0%) 149380/27 (0.0%) 31860/0 (0.0%) 27420/0 (0.0%) 10725/10 (0.1%)
   F1=61[diorite:19 coal:10 cobblestone:9] | F2=45[coal:12 gravel:11 diorite:11] | F3=60[cobblestone:37 raw_copper:24 gravel:8] | F4=22[oak_planks:12 birch_planks:4 birch_log:4] | F5=18[dirt:17 stick:5 leaf_litter:3] | F6=74[cobblestone:41 oak_planks:7 dirt:6] | F7=42[cobblestone:21 granite:16 diorite:7] | F8=45[cobblestone:38 dirt:7 oak_planks:5] | F9=37[cobblestone:15 raw_copper:15 dirt:4] | F10=35[andesite:9 cobblestone:8 birch_log:6] | F11=41[granite:15 cobblestone:10 diorite:6] | F12=47[raw_copper:24 cobblestone:20 granite:9] | F13=31[dirt:33 leaf_litter:11 stick:6] | F14=39[cobblestone:26 dirt:6 oak_planks:5] | F15=47[cobblestone:20 granite:4 stick:3] | F16=22[cobblestone:9 stick:5 oak_planks:4] | F17=39[cobblestone:11 oak_log:7 dirt:4] | F18=35[cobblestone:22 stick:5 leaf_litter:4] | F19=21[oak_planks:6 cobblestone:5 dirt:5]
   mem: heap=102M/149M old=-1M ext=121M ab=118M rss=380M cols=1938 ents=2528 evicted=867 path=6a/3q (max 6) stale=0
F9 [F9] water: pass 3 head=wet shore=none land=n/a y=48.1 o2=0 probes=0 at=[-115,48,400]
F1 [F1] climb bridge: placed cobblestone at [-113,41,428] (support) - the step re-judges
F10 [F10] water: rescue complete in 9.9s
F10 [F10] water: hazard memorized at [-99,45,383] (4 live, fleet-wide)
F9 [F9] vein sweep: the drop walks picked nothing (pocket delta 0, 0 failed walk(s))
F9 vein sweep: 6 ores dug beside the gallery (floor lock)
F9 climb out (trip): failed - rescue owns the bot
F9 map trip skipped: cannot leave the shaft
F3 [F3] craft torches: skip (no coal: sticks 3 coals 0)
F3 [F3] craft torches: skip (no coal: sticks 3 coals 0)
F3 tunnel: steering coal_ore @ 6.1b (axis z--1, cross 0.5, floor lock)
F9 [F9] craft torches: skip (no coal: sticks 3 coals 0)
F19 tool upgrade due: cobble available -> stone_pickaxe
F9 [F9] water: transit toward known land (oak_log) at [-117,398] d=2
F8 [F8] craft torches: skip (no coal: sticks 3 coals 0)
F8 tunnel: steering coal_ore @ 7.1b (axis x+, cross 1.6937946013384249, ore detour)
F13 [F13] craft torches: skip (no coal: sticks 6 coals 0)
F9 [F9] water: pass 7 head=wet shore=none land=n/a y=49.1 o2=16 probes=0 at=[-116,49,400]
F13 [F13] digShaft: water table y=58 (region strike) - stopping above the aquifer, the tunnel owns this level (regions 2)
F17 tunnel: 12 blocks (branch mine at the floor, steered, ore detour)
F9 [F9] water: transit toward known land (oak_log) at [-117,398] d=2
[hb] n=11 ts=221s rss=379M late=56ms mainLate=625ms
F10 [F10] vein sweep: 4 drop(s) in reach (6 dug)
F16 [F16] craft torches: skip (no coal: sticks 5 coals 0)
F16 [F16] digShaft: water hazard 3.8b away (live 4) - refusing this column, the caller rotates
F16 [F16] craft torches: skip (no coal: sticks 5 coals 0)
F16 [F16] digShaft: water hazard 3.8b away (live 4) - refusing this column, the caller rotates
F16 tunnel: steering coal_ore @ 8.9b (axis x+, cross 0.41007571622515115, floor lock)
F9 [F9] water: pass 10 head=wet shore=none land=n/a y=49.1 o2=20 probes=0 at=[-116,49,399]
F14 tunnel: 12 blocks (branch mine at the floor, steered, ore detour)
F7 tunnel: 4 blocks (branch mine at the floor, steered, ore detour)
F19 [toolupgrade] [upgrade] upgraded: stone_pickaxe,wooden_pickaxe,wooden_shovel,wooden_pickaxe
F19 tool upgrade: OK -> stone_pickaxe (stone_pickaxe,wooden_pickaxe,wooden_shovel,wooden_pickaxe)
F19 [F19] craft torches: stick-dry but 7 planks held - one stick batch first
F9 [F9] water: transit toward known land (oak_log) at [-117,398] d=2
F19 [F19] craft torches: skip (no coal: sticks 6 coals 0)
F19 [F19] digShaft: water hazard 5.5b away (live 4) - refusing this column, the caller rotates
F19 tunnel: steering coal_ore @ 4.9b (axis x--1, cross 0.4998063389012941, ore detour)
F3 tunnel: 2 blocks (branch mine at the floor, steered, floor lock)
F1 climb out (trip): OK +3 levels (2 steps, 8 dug, 13s)
F9 [F9] water: pass 13 head=wet shore=none land=n/a y=49.1 o2=20 probes=0 at=[-116,49,399]
F13 [F13] craft torches: skip (no coal: sticks 6 coals 0)
F3 [F3] craft torches: skip (no coal: sticks 3 coals 0)
F3 [F3] craft torches: skip (no coal: sticks 3 coals 0)
F3 tunnel: steering coal_ore @ 6.1b (axis z--1, cross 1.2999999999999972, floor lock)
F9 [F9] water: transit toward known land (oak_log) at [-117,398] d=2
F9 [F9] water: pass 16 head=wet shore=none land=n/a y=49.5 o2=20 probes=0 at=[-116,50,399]
F7 [F7] vein sweep: 4 drop(s) in reach (4 dug)
F12 [F12] craft torches: skip (no coal: sticks 3 coals 0)
F12 tunnel: steering coal_ore @ 4.8b (axis x+, cross 0.658327069359359, ore detour)
F9 [F9] water: transit toward known land (oak_log) at [-117,398] d=2
F9 [F9] water: pass 18 head=dry shore=none land=oak_log d=2 y=50.5 o2=20 probes=0 at=[-116,50,400]
F1 map trip skipped: sand,gravel unreachable
t-370s alive=19/19 mined=827 map=719p/12ch banked=0 smelted=0 pocket=1090u/239s | sand=3 gravel=45 dirt=134 stone=0
   deficits: 157926/3 (0.0%) 149380/45 (0.0%) 31860/0 (0.0%) 27420/0 (0.0%) 10725/13 (0.1%)
   F1=67[diorite:22 gravel:11 coal:10] | F2=45[dirt:14 diorite:14 coal:12] | F3=62[cobblestone:40 raw_copper:24 gravel:8] | F4=23[oak_planks:12 oak_log:6 stick:6] | F5=18[dirt:17 stick:5 leaf_litter:3] | F6=83[cobblestone:42 diorite:9 oak_planks:7] | F7=48[cobblestone:21 granite:18 diorite:7] | F8=51[cobblestone:45 dirt:7 oak_planks:5] | F9=37[cobblestone:15 raw_copper:15 dirt:4] | F10=40[andesite:12 raw_copper:9 cobblestone:8] | F11=50[cobblestone:20 granite:15 diorite:6] | F12=48[cobblestone:26 raw_copper:24 granite:9] | F13=34[dirt:38 leaf_litter:14 stick:6] | F14=43[cobblestone:26 gravel:12 dirt:6] | F15=47[cobblestone:20 granite:4 stick:3] | F16=26[cobblestone:17 stick:5 oak_planks:4] | F17=43[cobblestone:13 oak_log:7 diorite:5] | F18=35[cobblestone:22 stick:5 leaf_litter:4] | F19=27[stick:6 cobblestone:6 dirt:5]
   mem: heap=118M/149M old=-1M ext=122M ab=119M rss=379M cols=1954 ents=2525 evicted=884 path=5a/0q (max 6) stale=0
F15 [F15] craft torches: skip (no coal: sticks 3 coals 0)
F15 [F15] craft torches: skip (no coal: sticks 3 coals 0)
F15 tunnel: steering coal_ore @ 4.6b (axis z--1, cross 1.30235083444677, floor lock)
F17 [F17] craft torches: skip (no coal: sticks 3 coals 0)
F17 tunnel: steering copper_ore @ 8.3b (axis z+, cross 0.32760082822402126, ore detour)
F1 [F1] craft torches: 1 batch(es) -> 4 torches (sticks 3 coals 10)
F10 [F10] vein sweep: the drop walk to [-96,48,382] failed - spin breaker: sweep drops re-issued 2x inside the 10s window after its own pf:done - sweep drops refused for 30s (the sync re-issue breaker: the goal->done->goal churn starves the timers, the run53 alloc-storm class) (dy 1.1, range 2)
F10 [F10] vein sweep: +8u walked from the drops (6 dug)
F10 [F10] vein sweep: 1 above-plane walk(s) timed out on the wide goal (range 2) - the ledge family (the v0.189.0 class, the triage names it)
F10 vein sweep: 6 ores dug beside the gallery (floor lock)
F3 tunnel: 0 blocks (branch mine at the floor, steered, floor lock)
F9 [F9] water: transit toward known land (oak_log) at [-117,398] d=2
F9 [F9] water: transit stalled (d=2 after 15 passes - the walls own this swim; the release takes over)
F9 [F9] water: transit toward known land (oak_log) at [-117,398] d=2
F9 [F9] water: rescue released (surface-safe, open water - no land known; the walk gate reopens) in 18.5s
F9 [F9] water: hazard memorized at [-116,49,399] (5 live, fleet-wide)
F1 [F1] craft torches: stick-dry with logs held - one plank conversion first
F9 [F9] digShaft: water hazard 0.8b away (live 5) - refusing this column, the caller rotates
F9 [F9] craft torches: skip (no coal: sticks 3 coals 0)
F18 [F18] climb diag: level at y=43 blocked toward 0,1 (dug=0, wet) at [0,1,0] water (stop)
F3 [F3] craft torches: skip (no coal: sticks 3 coals 0)
F3 [F3] craft torches: skip (no coal: sticks 3 coals 0)
F3 tunnel: steering coal_ore @ 6.6b (axis z--1, cross 0.29999999999999716, floor lock)
F11 tunnel: 13 blocks (branch mine at the floor, steered, floor lock)
F13 [F13] water: drowning rescue start (drowning, oxygen 16)
F13 [F13] water: pass 0 head=wet shore=none land=n/a y=60.0 o2=16 probes=0 at=[-158,60,397]
F1 [F1] craft torches: stick-dry but 5 planks held - one stick batch first
F9 [F9] digShaft: water hazard 0.8b away (live 5) - refusing this column, the caller rotates
F9 tunnel: steering coal_ore @ 11.5b (axis z--1, cross 3.299999999999997, floor lock)
F1 [F1] craft torches: 4 batch(es) -> 16 torches (sticks 2 coals 9)
F15 tunnel: 0 blocks (branch mine at the floor, steered, floor lock)
F3 tunnel: 0 blocks (branch mine at the floor, steered, floor lock)
F3 [F3] craft torches: skip (no coal: sticks 3 coals 0)
F3 [F3] craft torches: skip (no coal: sticks 3 coals 0)
F3 tunnel: steering coal_ore @ 6.7b (axis z--1, cross 1.2999999999999972, floor lock)
F13 [F13] water: pass 7 head=dry shore=hit r=1 land=none y=63.4 o2=20 probes=0 at=[-154,63,397]
F1 tunnel: steering copper_ore @ 5.6b (axis z+, cross 0.5, floor lock)
F9 tunnel: 0 blocks (branch mine at the floor, steered, floor lock)
F9 [F9] craft torches: skip (no coal: sticks 3 coals 0)
F9 [F9] digShaft: water hazard 0.8b away (live 5) - refusing this column, the caller rotates
F9 [F9] craft torches: skip (no coal: sticks 3 coals 0)
F9 [F9] digShaft: water hazard 0.8b away (live 5) - refusing this column, the caller rotates
F9 tunnel: steering iron_ore @ 6.9b (axis z--1, cross 3.700000000000003, floor lock)
F4 [F4] craft torches: stick-dry but 14 planks held - one stick batch first
F4 [F4] craft torches: skip (no coal: sticks 6 coals 0)
F4 tool recovery: OK (wooden_pickaxe)
F4 spare pick due: spare (planks available)
F8 tunnel: 12 blocks (branch mine at the floor, steered, ore detour)
F8 [F8] craft torches: skip (no coal: sticks 3 coals 0)
F8 tunnel: steering coal_ore @ 6.3b (axis z--1, cross 0.6999999999999886, floor lock)
F7 [F7] vein sweep: the drop walk to [-154,47,409] failed - sweep drops: timeout after 4000ms (dy 2.2, range 2)
F3 tunnel: 0 blocks (branch mine at the floor, steered, floor lock)
F3 tunnel: 0 blocks x3 - sealed or flooded, cooling down 15s
F4 spare pick: OK (wooden_pickaxe, holds 2)
F4 sword due: planks available
F13 [F13] water: pass 10 head=dry shore=hit r=1 land=none y=63.4 o2=20 probes=0 at=[-156,63,397]
F16 tunnel: 12 blocks (branch mine at the floor, steered, floor lock)
F9 [F9] water: surface re-arm holds the page (6s left) - the open-water float owns the pacing; a sinking bar still pages
F19 tunnel: 12 blocks (branch mine at the floor, steered, ore detour)
F19 [F19] craft torches: skip (no coal: sticks 6 coals 0)
F19 [F19] digShaft: water hazard 1.0b away (live 5) - refusing this column, the caller rotates
F19 tunnel: steering iron_ore @ 10.3b (axis x--1, cross 1.4987787693165728, floor lock)
F9 tunnel: 0 blocks (branch mine at the floor, steered, floor lock)
F9 [F9] craft torches: skip (no coal: sticks 3 coals 0)
F9 [F9] digShaft: water hazard 0.8b away (live 5) - refusing this column, the caller rotates
F9 [F9] craft torches: skip (no coal: sticks 3 coals 0)
F9 [F9] digShaft: water hazard 0.8b away (live 5) - refusing this column, the caller rotates
F9 tunnel: steering iron_ore @ 7b (axis x--1, cross 3.3000000000000114, floor lock)
F4 sword: OK (wooden_sword, holds 1)
F4 sword: OK (wooden_sword)
F4 [F4] craft torches: skip (no coal: sticks 3 coals 0)
F13 [F13] water: pass 12 head=dry shore=hit r=1 land=none y=64.2 o2=20 probes=0 at=[-157,64,397]
F16 [F16] craft torches: skip (no coal: sticks 5 coals 0)
F16 [F16] digShaft: water hazard 1.1b away (live 5) - refusing this column, the caller rotates
F16 [F16] craft torches: skip (no coal: sticks 5 coals 0)
F16 [F16] digShaft: water hazard 1.1b away (live 5) - refusing this column, the caller rotates
F16 tunnel: steering coal_ore @ 6b (axis z--1, cross 0.42511749680886624, floor lock)
F7 [F7] vein sweep: lip dig refused - sealed floor (air 0, dy 1.2)
F7 [F7] vein sweep: +5u walked from the drops (4 dug)
F7 [F7] vein sweep: 1 above-plane walk(s) timed out on the wide goal (range 2) - the ledge family (the v0.189.0 class, the triage names it)
F7 vein sweep: 4 ores dug beside the gallery (ore detour)
F7 [F7] craft torches: stick-dry with logs held - one plank conversion first
F12 tunnel: 12 blocks (branch mine at the floor, steered, ore detour)
F8 tunnel: 4 blocks (branch mine at the floor, steered, floor lock)
F2 [F2] craft torches: 1 batch(es) -> 4 torches (sticks 3 coals 12)
F7 [F7] craft torches: stick-dry but 9 planks held - one stick batch first
[hb] n=12 ts=241s rss=380M late=62ms mainLate=1024ms
F17 tunnel: 8 blocks (branch mine at the floor, steered, ore detour)
F17 [F17] craft torches: skip (no coal: sticks 3 coals 0)
F17 tunnel: steering coal_ore @ 8.8b (axis z+, cross 0.7000000000000028, floor lock)
F7 [F7] craft torches: 4 batch(es) -> 16 torches (sticks 2 coals 6, the metal reserve keeps 1)
F2 [F2] craft torches: stick-dry with logs held - one plank conversion first
F16 tunnel: 2 blocks (branch mine at the floor, steered, floor lock)
F1 tunnel: 4 blocks (branch mine at the floor, steered, floor lock)
F1 wood trip: famine (sticks 2 planks 3 logs 0) - gathering
F8 [F8] climb bridge: placed cobblestone at [-130,42,426] (support) - the step re-judges
F2 [F2] craft torches: stick-dry but 5 planks held - one stick batch first
F13 [F13] water: pass 18 head=dry shore=hit r=1 land=none y=63.8 o2=20 probes=0 at=[-158,64,400]
F12 [F12] vein sweep: 3 drop(s) in reach (3 dug)
F2 [F2] craft torches: 4 batch(es) -> 16 torches (sticks 2 coals 11)
F16 [F16] craft torches: skip (no coal: sticks 5 coals 0)
F16 [F16] digShaft: water hazard 0.9b away (live 5) - refusing this column, the caller rotates
F16 [F16] craft torches: skip (no coal: sticks 5 coals 0)
F16 [F16] digShaft: water hazard 0.9b away (live 5) - refusing this column, the caller rotates
F16 tunnel: steering coal_ore @ 6.2b (axis z--1, cross 0.5, floor lock)
F17 tunnel: 0 blocks (branch mine at the floor, steered, floor lock)
F7 tunnel: steering coal_ore @ 4.7b (axis x+, cross 0.5, floor lock)
F4 [F4] torch: the placement did not land (dry) x1 - the streak names itself once, a landing re-arms it
F2 tunnel: steering coal_ore @ 8.8b (axis z+, cross 0.46640126089397427, floor lock)
F16 tunnel: 0 blocks (branch mine at the floor, steered, floor lock)
F9 [F9] water: drowning rescue start (drowning, oxygen 4)
F9 [F9] water: pass 0 head=wet shore=none land=n/a y=46.0 o2=4 probes=0 at=[-117,46,399]
F16 [F16] craft torches: skip (no coal: sticks 5 coals 0)
F16 [F16] digShaft: water hazard 0.9b away (live 5) - refusing this column, the caller rotates
F16 [F16] craft torches: skip (no coal: sticks 5 coals 0)
F16 [F16] digShaft: water hazard 0.9b away (live 5) - refusing this column, the caller rotates
F16 tunnel: steering coal_ore @ 7b (axis z--1, cross 0.29999999999999716, floor lock)
F13 tunnel: 0 blocks (branch mine at the floor, ore detour)
F13 [F13] craft torches: skip (no coal: sticks 6 coals 0)
F13 tunnel: 0 blocks (branch mine at the floor, ore detour)
F13 [F13] craft torches: skip (no coal: sticks 6 coals 0)
F13 [F13] water: pass 25 head=wet shore=none land=n/a y=62.0 o2=20 probes=0 at=[-154,62,396]
F9 [F9] water: transit toward known land (oak_log) at [-117,398] d=2
t-355s alive=19/19 mined=979 map=787p/14ch banked=0 smelted=0 pocket=1297u/253s | sand=3 gravel=54 dirt=143 stone=0
   deficits: 157926/3 (0.0%) 149380/54 (0.0%) 31860/0 (0.0%) 27420/0 (0.0%) 10725/21 (0.2%)
   F1=77[diorite:27 torch:20 gravel:17] | F2=47[diorite:23 torch:20 dirt:15] | F3=62[cobblestone:40 raw_copper:24 gravel:8] | F4=33[oak_planks:7 oak_log:6 dirt:5] | F5=18[dirt:17 stick:5 leaf_litter:3] | F6=103[cobblestone:49 diorite:20 oak_planks:7] | F7=50[cobblestone:22 torch:20 granite:20] | F8=68[cobblestone:57 dirt:7 oak_planks:5] | F9=40[raw_copper:24 cobblestone:17 dirt:4] | F10=40[andesite:16 cobblestone:12 raw_copper:9] | F11=66[cobblestone:22 granite:15 diorite:6] | F12=62[cobblestone:36 raw_copper:24 granite:12] | F13=36[dirt:38 leaf_litter:14 stick:6] | F14=43[cobblestone:26 gravel:15 dirt:6] | F15=63[cobblestone:20 granite:19 stick:3] | F16=36[cobblestone:30 stick:5 oak_planks:4] | F17=55[cobblestone:15 oak_log:7 dirt:7] | F18=35[cobblestone:22 stick:5 leaf_litter:4] | F19=45[cobblestone:16 stick:6 dirt:5]
   mem: heap=110M/150M old=-1M ext=120M ab=118M rss=378M cols=1937 ents=2688 evicted=928 path=4a/0q (max 6) stale=0
F16 tunnel: 0 blocks (branch mine at the floor, steered, floor lock)
F13 tunnel: 1 blocks (branch mine at the floor, floor lock)
F16 [F16] craft torches: skip (no coal: sticks 5 coals 0)
F16 [F16] digShaft: water hazard 0.9b away (live 5) - refusing this column, the caller rotates
F16 [F16] craft torches: skip (no coal: sticks 5 coals 0)
F16 [F16] digShaft: water hazard 0.9b away (live 5) - refusing this column, the caller rotates
F16 tunnel: steering coal_ore @ 7b (axis z+, cross 0.29999999999999716, floor lock)
F13 [F13] craft torches: skip (no coal: sticks 6 coals 0)
F9 [F9] water: transit toward known land (oak_log) at [-117,398] d=2
F9 [F9] water: transit toward known land (birch_log) at [-117,401] d=2
F9 [F9] water: pass 11 head=dry shore=none land=birch_log d=2 y=50.6 o2=9 probes=0 at=[-116,51,399]
F19 tunnel: 12 blocks (branch mine at the floor, steered, floor lock)
F13 tunnel: 0 blocks (branch mine at the floor, ore detour)
F13 [F13] craft torches: skip (no coal: sticks 6 coals 0)
F11 [F11] vein sweep: 8 drop(s) in reach (16 dug)
F12 [F12] vein sweep: the drop walk to [-154,46,408] failed - sweep drops: timeout after 4000ms (dy 4.0, range 2)
F13 [F13] water: rescue complete in 14.2s
F13 [F13] water: hazard memorized at [-154,62,396] (6 live, fleet-wide)
F18 [F18] climb diag: level at y=43 blocked toward 0,1 (dug=0, wet) at [0,1,0] water (stop)
F13 tunnel: 0 blocks (branch mine at the floor, floor lock)
F9 [F9] water: transit toward known land (oak_log) at [-117,398] d=2
F19 [F19] craft torches: skip (no coal: sticks 6 coals 0)
F19 [F19] digShaft: water hazard 1.8b away (live 6) - refusing this column, the caller rotates
F19 tunnel: steering iron_ore @ 15.2b (axis x--1, cross 3.4996309916905943, ore detour)
F4 tool upgrade due: cobble available -> stone_pickaxe
F9 tunnel: 4 blocks (branch mine at the floor, steered, floor lock)
F9 [F9] craft torches: skip (no coal: sticks 3 coals 0)
F9 [F9] water: transit toward known land (oak_log) at [-117,398] d=2
F16 tunnel: 1 blocks (branch mine at the floor, steered, floor lock)
F16 [F16] craft torches: skip (no coal: sticks 5 coals 0)
F16 [F16] digShaft: water hazard 1.2b away (live 6) - refusing this column, the caller rotates
F16 [F16] craft torches: skip (no coal: sticks 5 coals 0)
F16 [F16] digShaft: water hazard 1.2b away (live 6) - refusing this column, the caller rotates
F16 tunnel: steering coal_ore @ 7b (axis z+, cross 2.299999999999997, floor lock)
F13 [F13] craft torches: skip (no coal: sticks 6 coals 0)
F9 [F9] water: transit toward known land (oak_log) at [-117,398] d=2
F9 [F9] water: transit toward known land (birch_log) at [-117,401] d=2
F9 [F9] water: pass 19 head=dry shore=none land=birch_log d=2 y=50.7 o2=19 probes=0 at=[-116,51,399]
F2 tunnel: 6 blocks (branch mine at the floor, steered, floor lock)
F2 wood trip: famine (sticks 2 planks 3 logs 0) - gathering
F9 [F9] water: transit toward known land (oak_log) at [-117,398] d=2
F13 [F13] digShaft: water table y=58 (region strike) - stopping above the aquifer, the tunnel owns this level (regions 2)
F16 tunnel: 0 blocks (branch mine at the floor, steered, floor lock)
F19 tunnel: 2 blocks (branch mine at the floor, steered, ore detour)
F19 [F19] craft torches: skip (no coal: sticks 6 coals 0)
F19 [F19] digShaft: water hazard 6.9b away (live 6) - refusing this column, the caller rotates
F19 tunnel: steering coal_ore @ 7.7b (axis x--1, cross 2.3000000000000114, floor lock)
F19 tunnel: 0 blocks (branch mine at the floor, steered, floor lock)
F16 [F16] craft torches: skip (no coal: sticks 5 coals 0)
F16 [F16] digShaft: water hazard 1.2b away (live 6) - refusing this column, the caller rotates
F16 [F16] craft torches: skip (no coal: sticks 5 coals 0)
F16 [F16] digShaft: water hazard 1.2b away (live 6) - refusing this column, the caller rotates
F16 tunnel: steering copper_ore @ 9.7b (axis x--1, cross 1.6999999999999886, floor lock)
F9 [F9] water: transit toward known land (oak_log) at [-117,398] d=2
F9 [F9] water: transit toward known land (birch_log) at [-117,401] d=2
F14 [F14] craft torches: skip (no coal: sticks 3 coals 0)
F14 tunnel: steering iron_ore @ 7.5b (axis x+, cross 0.500014070318116, ore detour)
F19 [F19] craft torches: skip (no coal: sticks 6 coals 0)
F19 [F19] digShaft: water hazard 6.3b away (live 6) - refusing this column, the caller rotates
F19 tunnel: steering coal_ore @ 8.6b (axis x--1, cross 2.3000000000000114, ore detour)
F19 tunnel: 0 blocks (branch mine at the floor, steered, ore detour)
F19 [F19] craft torches: skip (no coal: sticks 6 coals 0)
F19 [F19] digShaft: water hazard 6.3b away (live 6) - refusing this column, the caller rotates
F19 tunnel: steering coal_ore @ 9.2b (axis x--1, cross 2.3000000000000114, floor lock)
F19 tunnel: 0 blocks (branch mine at the floor, steered, floor lock)
F19 tunnel: 0 blocks x3 - sealed or flooded, cooling down 15s
F9 [F9] water: transit toward known land (oak_log) at [-117,398] d=2
F9 [F9] water: pass 23 head=dry shore=none land=oak_log d=2 y=50.9 o2=20 probes=0 at=[-116,51,400]
F7 [F7] torch: the placement did not land (wall) x1 - the streak names itself once, a landing re-arms it
F11 [F11] vein sweep: the drop walk to [-163,41,404] failed - sweep drops: timeout after 4000ms (dy -1.0, range 2)
F12 [F12] vein sweep: the drop walk to [-156,46,406] failed - sweep drops: timeout after 4000ms (dy 4.0, range 2)
F4 [toolupgrade] [upgrade] upgraded: stone_pickaxe,wooden_shovel,wooden_pickaxe,wooden_pickaxe
F4 tool upgrade: OK -> stone_pickaxe (stone_pickaxe,wooden_shovel,wooden_pickaxe,wooden_pickaxe)
F4 [F4] craft torches: skip (no coal: sticks 5 coals 0)
F9 [F9] water: transit toward known land (birch_log) at [-117,401] d=2
F10 [F10] craft torches: skip (no coal: sticks 3 coals 0)
F4 [F4] digShaft: water table y=49 (region strike) - stopping above the aquifer, the tunnel owns this level (regions 2)
F10 [F10] digShaft: water hazard 0.5b away (live 6) - refusing this column, the caller rotates
F10 [F10] craft torches: skip (no coal: sticks 3 coals 0)
F10 [F10] digShaft: water hazard 0.5b away (live 6) - refusing this column, the caller rotates
F10 tunnel: steering coal_ore @ 6.6b (axis z--1, cross 1.4171851543811727, floor lock)
F10 tunnel: 0 blocks (branch mine at the floor, steered, floor lock)
F3 [F3] craft torches: skip (no coal: sticks 3 coals 0)
F3 [F3] craft torches: skip (no coal: sticks 3 coals 0)
F3 tunnel: steering iron_ore @ 14.6b (axis z+, cross 1.2999999999999972, floor lock)
F9 [F9] craft torches: skip (no coal: sticks 3 coals 0)
F9 [F9] water: transit toward known land (oak_log) at [-117,398] d=2
F9 [F9] water: pass 25 head=dry shore=none land=oak_log d=2 y=51.5 o2=20 probes=0 at=[-116,51,400]
F10 [F10] climb diag: level at y=44 blocked toward -1,0 (dug=0, wet) at [0,1,0] water (stop)
F10 [F10] climb diag: level at y=44 blocked toward 0,-1 (dug=0, wet) at [0,1,0] water (stop)
F10 [F10] climb diag: level at y=44 blocked toward 1,0 (dug=0, wet) at [0,1,0] water (stop)
F9 [F9] water: transit toward known land (oak_log) at [-117,398] d=2
F12 [F12] vein sweep: the drop walks picked nothing (pocket delta 0, 3 failed walk(s))
F12 [F12] vein sweep: 3 above-plane walk(s) timed out on the wide goal (range 2) - the ledge family (the v0.189.0 class, the triage names it)
F12 vein sweep: 3 ores dug beside the gallery (ore detour)
F12 [F12] craft torches: skip (no coal: sticks 3 coals 0)
F9 [F9] water: transit toward known land (birch_log) at [-117,401] d=2
F9 [F9] water: pass 30 head=dry shore=none land=birch_log d=2 y=51.0 o2=20 probes=0 at=[-116,51,399]
F7 tunnel: 12 blocks (branch mine at the floor, steered, floor lock)
F10 climb out (trip): failed - stalled
F10 map trip skipped: cannot leave the shaft
F12 tunnel: steering coal_ore @ 4.8b (axis x--1, cross 1.3000000000000114, floor lock)
F10 [F10] craft torches: skip (no coal: sticks 3 coals 0)
F10 [F10] digShaft: water hazard 0.6b away (live 6) - refusing this column, the caller rotates
F10 [F10] craft torches: skip (no coal: sticks 3 coals 0)
F10 [F10] digShaft: water hazard 0.6b away (live 6) - refusing this column, the caller rotates
F10 tunnel: steering coal_ore @ 6.9b (axis x--1, cross 2.3000000000000114, floor lock)
F10 tunnel: 0 blocks (branch mine at the floor, steered, floor lock)
F10 [F10] craft torches: skip (no coal: sticks 3 coals 0)
F10 [F10] digShaft: water hazard 0.5b away (live 6) - refusing this column, the caller rotates
F10 [F10] craft torches: skip (no coal: sticks 3 coals 0)
F10 [F10] digShaft: water hazard 0.5b away (live 6) - refusing this column, the caller rotates
F10 tunnel: steering coal_ore @ 7b (axis z--1, cross 0.65089681337939, floor lock)
F10 tunnel: 0 blocks (branch mine at the floor, steered, floor lock)
F10 tunnel: 0 blocks x3 - sealed or flooded, cooling down 15s
F11 [F11] vein sweep: the drop walk to [-164,42,404] failed - sweep drops: timeout after 4000ms (dy 0.0, range 1)
F9 [F9] water: transit toward known land (oak_log) at [-117,398] d=2
F3 tunnel: 2 blocks (branch mine at the floor, steered, floor lock)
F3 [F3] craft torches: skip (no coal: sticks 3 coals 0)
F3 [F3] craft torches: skip (no coal: sticks 3 coals 0)
F3 tunnel: steering iron_ore @ 14.3b (axis z+, cross 2.299999999999997, floor lock)
F9 [F9] water: pass 32 head=wet shore=none land=n/a y=49.2 o2=20 probes=0 at=[-116,49,400]
F13 [F13] climb rise assist: assist did not complete (goto: climb rise assist: timeout after 4500ms)
F9 [F9] water: transit toward known land (oak_log) at [-117,398] d=2
F11 [F11] vein sweep: lip dig refused - sealed floor (air 0, dy 0.0)
F13 [F13] climb diag: level at y=62 did not rise (food=20, dug=3) feet=air support=air step=air head=air
F7 [F7] vein sweep: 3 drop(s) in reach (4 dug)
F9 [F9] water: transit toward known land (birch_log) at [-117,401] d=2
F9 [F9] water: transit toward known land (oak_log) at [-117,398] d=2
F9 [F9] water: pass 36 head=dry shore=none land=oak_log d=2 y=50.9 o2=20 probes=0 at=[-116,51,400]
F7 [F7] vein sweep: +8u walked from the drops (4 dug)
F7 vein sweep: 4 ores dug beside the gallery (floor lock)
F10 [F10] water: drowning rescue start (drowning, oxygen 10)
F10 [F10] water: pass 0 head=wet shore=none land=n/a y=44.0 o2=10 probes=0 at=[-99,44,383]
F3 tunnel: 0 blocks (branch mine at the floor, steered, floor lock)
F3 [F3] craft torches: skip (no coal: sticks 3 coals 0)
F3 [F3] craft torches: skip (no coal: sticks 3 coals 0)
F3 tunnel: steering iron_ore @ 14.9b (axis z+, cross 2.299999999999997, floor lock)
F13 climb out (trip): OK +3 levels (2 steps, 4 dug, 11s)
t-340s alive=19/19 mined=1153 map=818p/14ch banked=0 smelted=0 pocket=1549u/261s | sand=11 gravel=56 dirt=154 stone=0
   deficits: 157926/11 (0.0%) 149380/56 (0.0%) 31860/0 (0.0%) 27420/0 (0.0%) 10725/29 (0.3%)
   F1=97[cobblestone:27 diorite:27 torch:20] | F2=66[cobblestone:28 diorite:23 torch:20] | F3=64[cobblestone:42 raw_copper:24 gravel:8] | F4=36[cobblestone:9 oak_log:6 diorite:6] | F5=18[dirt:22 leaf_litter:10 stick:6] | F6=122[cobblestone:69 diorite:20 oak_planks:7] | F7=65[cobblestone:28 granite:24 torch:20] | F8=88[cobblestone:62 dirt:13 andesite:9] | F9=41[raw_copper:24 cobblestone:17 dirt:4] | F10=40[andesite:16 cobblestone:12 raw_copper:9] | F11=68[raw_copper:33 cobblestone:26 granite:15] | F12=65[cobblestone:38 raw_copper:24 granite:12] | F13=43[dirt:38 leaf_litter:20 sand:11] | F14=53[cobblestone:29 gravel:16 dirt:6] | F15=82[cobblestone:38 granite:19 raw_copper:5] | F16=47[cobblestone:41 stick:5 oak_planks:4] | F17=74[cobblestone:26 diorite:15 oak_log:7] | F18=35[cobblestone:22 stick:5 leaf_litter:4] | F19=49[cobblestone:16 stick:6 diorite:6]
   mem: heap=110M/151M old=-1M ext=121M ab=118M rss=381M cols=1946 ents=2570 evicted=952 path=4a/0q (max 6) stale=0
F9 tunnel: steering coal_ore @ 9.6b (axis x--1, cross 1.594895078938407, floor lock)
F9 tunnel: 0 blocks (branch mine at the floor, steered, floor lock)
F9 [F9] craft torches: skip (no coal: sticks 3 coals 0)
[hb] n=13 ts=261s rss=381M late=68ms mainLate=913ms
F11 [F11] vein sweep: +39u walked from the drops (16 dug)
F11 [F11] vein sweep: 1 below-plane walk(s) still failed on the wide goal (range 2) - the drop rests deeper than the lip
F11 vein sweep: 16 ores dug beside the gallery (floor lock)
F9 [F9] water: transit toward known land (oak_log) at [-117,398] d=2
F7 [F7] climb bridge: placed cobblestone at [-146,42,406] (support) - the step re-judges
F9 [F9] water: transit toward known land (birch_log) at [-117,401] d=2
F9 [F9] water: pass 41 head=dry shore=none land=birch_log d=2 y=51.0 o2=20 probes=0 at=[-116,51,399]
F16 tunnel: 13 blocks (branch mine at the floor, steered, floor lock)
F10 [F10] water: pass 5 head=dry shore=hit r=1 land=none y=47.2 o2=20 probes=0 at=[-101,47,383]
F3 tunnel: 0 blocks (branch mine at the floor, steered, floor lock)
F3 bank trip: planned budget 170s
F3 climb out (bank): the yard stands 31 levels up over 16b lateral - the climb raises its target to the yard's level
F14 tunnel: 13 blocks (branch mine at the floor, steered, ore detour)
F14 [F14] craft torches: skip (no coal: sticks 3 coals 0)
F14 tunnel: steering iron_ore @ 9.7b (axis x+, cross 0.4989691982449358, floor lock)
F9 [F9] water: transit toward known land (oak_log) at [-117,398] d=2
F18 climb out (trip): failed - stalled
F18 map trip skipped: cannot leave the shaft
F9 [F9] water: pass 43 head=wet shore=none land=n/a y=49.2 o2=20 probes=0 at=[-116,49,400]
F10 [F10] water: pass 10 head=dry shore=hit r=1 land=none y=47.0 o2=20 probes=0 at=[-101,47,383]
F9 [F9] water: transit toward known land (oak_log) at [-117,398] d=2
F9 [F9] water: transit toward known land (birch_log) at [-117,401] d=2
F9 [F9] water: transit toward known land (oak_log) at [-117,398] d=2
F19 [F19] craft torches: skip (no coal: sticks 6 coals 0)
F19 [F19] digShaft: water hazard 0.8b away (live 6) - refusing this column, the caller rotates
F19 tunnel: steering coal_ore @ 8.1b (axis z--1, cross 0.3991839147915073, ore detour)
F10 [F10] water: rescue complete in 6.9s
F10 [F10] water: hazard memorized at [-99,44,383] (7 live, fleet-wide)
F4 [F4] combat: shelter skip (night=false armed=true hp=17.126222610473633 attackers=2 poison=off threat=creeper@5.0)
F4 [F4] combat: fleeing creeper (dist 5.0, hp 17.1, 2 nearby, sentry)
F16 [F16] vein sweep: 5 drop(s) in reach (7 dug)
F9 [F9] water: transit toward known land (oak_log) at [-117,398] d=2
F12 tunnel: 13 blocks (branch mine at the floor, steered, floor lock)
F15 [F15] water: drowning rescue start (drowning, oxygen 13)
F15 [F15] water: pass 0 head=wet shore=none land=n/a y=55.0 o2=13 probes=0 at=[-115,55,367]
F9 [F9] water: rescue timeout (still wet, 54 passes, 0 probes, tail wet/dry/wet) in 25.5s
F9 [F9] water: hazard memorized at [-116,49,399] (8 live, fleet-wide)
F12 [F12] vein sweep: 2 drop(s) in reach (1 dug)
F9 [F9] water: drowning rescue start (drowning, oxygen 20)
F9 [F9] water: pass 0 head=wet shore=none land=n/a y=49.4 o2=20 probes=0 at=[-116,49,400]
F9 [F9] craft torches: skip (no coal: sticks 3 coals 0)
F9 [F9] water: transit toward known land (oak_log) at [-117,398] d=2
F19 tunnel: 1 blocks (branch mine at the floor, steered, ore detour)
F19 [F19] craft torches: skip (no coal: sticks 6 coals 0)
F19 [F19] digShaft: water hazard 1.0b away (live 8) - refusing this column, the caller rotates
F19 tunnel: steering coal_ore @ 8b (axis z--1, cross 0.29999999999999716, floor lock)
F15 [F15] water: pass 4 head=wet shore=none land=n/a y=56.2 o2=17 probes=0 at=[-115,56,368]
F16 [F16] vein sweep: the drop walk to [-114,53,386] failed - sweep drops: timeout after 4000ms (dy 3.0, range 2)
F9 [F9] water: pass 3 head=dry shore=hit r=12 land=none y=50.1 o2=20 probes=0 at=[-116,50,400]
F15 [F15] water: deep-pocket ascend - dug the ceiling dirt at [-116,58,367] (jump stalled 4+ passes, o2 20)
F15 [F15] water: pass 9 head=wet shore=none land=n/a y=56.4 o2=20 probes=0 at=[-115,56,368]
F12 [F12] vein sweep: the drop walk to [-165,44,403] failed - sweep drops: timeout after 4000ms (dy 2.1, range 2)
F19 tunnel: 0 blocks (branch mine at the floor, steered, floor lock)
F14 tunnel: 12 blocks (branch mine at the floor, steered, floor lock)
F9 [F9] water: pass 8 head=dry shore=hit r=12 land=none y=50.2 o2=20 probes=0 at=[-115,50,400]
F15 [F15] water: pass 11 head=wet shore=none land=n/a y=56.4 o2=20 probes=0 at=[-115,56,368]
F15 [F15] water: frozen physics (10 flat passes at y=56.4, o2=20, head WET) - standing down, the reconnect lane owns this
F15 [F15] water: rescue standing down (frozen physics - the walk gate reopens, the reconnect lane owns a dead client) in 6.9s
F15 [F15] water: frozen client relog (#1 consecutive) (frozen while head-wet (1 verdict) - the drowning clock owns this client) - ending the session, the reconnect lane rebuilds the physics; the drowning sentry holds non-critical pages 10s (the frozen-return gate)
F15 [F15] water: hazard memorized at [-116,56,367] (8 live, fleet-wide)
t-325s alive=19/19 mined=1303 map=831p/14ch banked=0 smelted=0 pocket=1762u/271s | sand=11 gravel=58 dirt=178 stone=0
   deficits: 157926/11 (0.0%) 149380/58 (0.0%) 31860/0 (0.0%) 27420/0 (0.0%) 10725/31 (0.3%)
   F1=112[cobblestone:41 diorite:27 torch:20] | F2=81[cobblestone:44 diorite:23 torch:20] | F3=68[cobblestone:47 raw_copper:24 gravel:8] | F4=39[cobblestone:16 oak_log:6 diorite:6] | F5=18[dirt:33 leaf_litter:11 stick:6] | F6=137[cobblestone:71 diorite:20 dirt:19] | F7=79[cobblestone:42 granite:24 torch:20] | F8=102[cobblestone:77 dirt:13 andesite:9] | F9=41[raw_copper:24 cobblestone:17 dirt:4] | F10=40[andesite:16 cobblestone:12 raw_copper:9] | F11=81[cobblestone:36 raw_copper:33 granite:18] | F12=76[cobblestone:53 raw_copper:27 granite:12] | F13=43[dirt:38 leaf_litter:20 sand:11] | F14=69[cobblestone:29 diorite:22 gravel:16] | F15=84[cobblestone:38 granite:19 raw_copper:8] | F16=57[cobblestone:50 raw_copper:16 stick:5] | F17=90[cobblestone:42 diorite:15 oak_log:7] | F18=35[cobblestone:22 stick:5 leaf_litter:4] | F19=51[cobblestone:17 raw_copper:7 stick:6]
   mem: heap=117M/151M old=-1M ext=119M ab=116M rss=386M cols=1921 ents=2453 evicted=1019 path=5a/0q (max 6) stale=0
F16 [F16] vein sweep: the drop walk to [-113,54,387] failed - sweep drops: timeout after 4000ms (dy 3.0, range 2)
F9 [F9] water: pass 12 head=dry shore=hit r=12 land=none y=51.5 o2=20 probes=0 at=[-115,51,400]
F12 [F12] vein sweep: the drop walk to [-164,47,407] failed - sweep drops: timeout after 4000ms (dy 5.1, range 2)
F12 [F12] vein sweep: +7u walked from the drops (1 dug)
F12 [F12] vein sweep: 2 above-plane walk(s) timed out on the wide goal (range 2) - the ledge family (the v0.189.0 class, the triage names it)
F12 vein sweep: 1 ores dug beside the gallery (floor lock)
F6 [F6] climb bridge: unavailable (no solid floor underfoot)
F6 [F6] climb diag: level at y=65 blocked toward 0,1 (dug=69)
F9 [F9] water: pass 15 head=dry shore=hit r=12 land=none y=51.5 o2=20 probes=0 at=[-115,52,400]
[hb] n=14 ts=281s rss=383M late=73ms mainLate=416ms
F6 [F6] climb bridge: the server refused the support fill at [-139,64,450] - the rotate ladder owns it (held=cobblestone, 1.0b, ref=grass_block, post=? (re-read failed))
F6 [F6] climb diag: level at y=64 blocked toward -1,0 (dug=69)
F6 [F6] climb: walkable surface at y=64 (+25 levels, dug=69) - the walk takes over (blocked step)
F6 climb out (trip): OK +25 levels (25 steps, 69 dug, undefineds)
F12 map trip skipped: sand,gravel unreachable
F9 [F9] water: pass 18 head=dry shore=hit r=12 land=none y=50.4 o2=20 probes=0 at=[-115,50,400]
F19 [F19] climb bridge: placed cobblestone at [-97,47,382] (pit) - the step re-judges
F6 map trip skipped: sand,gravel unreachable
F9 tunnel: steering coal_ore @ 9.1b (axis x--1, cross 2.3000000000000114, floor lock)
F9 tunnel: 0 blocks (branch mine at the floor, steered, floor lock)
F19 [F19] climb bridge: placed cobblestone at [-97,48,382] (support) - the step re-judges
F12 [F12] craft torches: skip (no coal: sticks 3 coals 0)
F12 tunnel: steering coal_ore @ 6.9b (axis x+, cross 3.5049327053295087, ore detour)
F9 [F9] craft torches: skip (no coal: sticks 3 coals 0)
F18 [F18] craft torches: skip (no coal: sticks 5 coals 0)
F18 [F18] craft torches: skip (no coal: sticks 5 coals 0)
F18 tunnel: steering iron_ore @ 13.8b (axis x--1, cross 0.30000000000001137, floor lock)
F18 tunnel: 0 blocks (branch mine at the floor, steered, floor lock)
F9 [F9] water: pass 21 head=wet shore=none land=n/a y=49.6 o2=20 probes=0 at=[-115,50,400]
F15 [F15] climb diag: level at y=55 blocked toward 0,-1 (dug=37) dig failed at [-116,57,366] clay (held=wooden_shovel, airborne, post=water STILL THERE (server never broke it))
F6 [F6] craft torches: 3 batch(es) -> 12 torches (sticks 5 coals 3)
F9 [F9] water: pass 25 head=dry shore=hit r=12 land=none y=50.7 o2=20 probes=0 at=[-115,51,400]
F9 [F9] water: pass 30 head=wet shore=none land=n/a y=49.8 o2=20 probes=0 at=[-115,50,399]
F16 [F16] vein sweep: +21u walked from the drops (7 dug)
F16 [F16] vein sweep: 5 above-plane walk(s) timed out on the wide goal (range 2) - the ledge family (the v0.189.0 class, the triage names it)
F16 vein sweep: 7 ores dug beside the gallery (floor lock)
t-309s alive=19/19 mined=1412 map=842p/14ch banked=0 smelted=0 pocket=1899u/274s | sand=11 gravel=75 dirt=196 stone=0
   deficits: 157926/11 (0.0%) 149380/75 (0.1%) 31860/0 (0.0%) 27420/0 (0.0%) 10725/43 (0.4%)
   F1=123[cobblestone:52 diorite:27 torch:20] | F2=92[cobblestone:53 diorite:23 torch:20] | F3=81[cobblestone:53 raw_copper:24 dirt:10] | F4=39[cobblestone:17 gravel:12 oak_log:6] | F5=18[dirt:33 leaf_litter:11 stick:6] | F6=141[cobblestone:70 dirt:24 diorite:20] | F7=91[cobblestone:54 granite:24 torch:20] | F8=115[cobblestone:81 dirt:22 andesite:9] | F9=41[raw_copper:24 cobblestone:17 dirt:4] | F10=40[andesite:16 cobblestone:12 raw_copper:9] | F11=93[cobblestone:41 raw_copper:33 granite:25] | F12=79[cobblestone:56 raw_copper:27 granite:12] | F13=43[dirt:37 leaf_litter:20 sand:11] | F14=76[cobblestone:30 diorite:24 gravel:23] | F15=84[cobblestone:38 granite:19 raw_copper:8] | F16=58[cobblestone:51 raw_copper:16 stick:5] | F17=102[cobblestone:54 diorite:15 oak_log:7] | F18=35[cobblestone:22 stick:5 leaf_litter:4] | F19=61[raw_copper:16 cobblestone:15 andesite:11]
   mem: heap=111M/152M old=-1M ext=119M ab=117M rss=383M cols=1918 ents=2443 evicted=1050 path=3a/0q (max 6) stale=0
F9 [F9] water: pass 33 head=dry shore=hit r=12 land=none y=51.1 o2=20 probes=0 at=[-115,51,399]
F18 [F18] climb diag: level at y=43 blocked toward 0,1 (dug=0, wet) at [0,1,0] water (stop)
F13 [F13] water: drowning rescue start (drowning, oxygen 14)
F13 [F13] water: pass 0 head=wet shore=none land=n/a y=60.1 o2=14 probes=0 at=[-161,60,398]
F16 [F16] climb bridge: placed cobblestone at [-113,50,386] (pit) - the step re-judges
F16 [F16] climb bridge: placed cobblestone at [-113,51,386] (support) - the step re-judges
F15 [F15] climb diag: level at y=56 blocked toward 1,0 (dug=37, wet) at [0,1,0] water (stop)
F9 [F9] water: rescue timeout (still wet, 38 passes, 0 probes, tail wet/wet/dry) in 25.4s
F9 [F9] water: hazard memorized at [-116,49,399] (8 live, fleet-wide)
F13 [F13] water: pass 4 head=dry shore=hit r=1 land=none y=62.0 o2=19 probes=0 at=[-160,62,399]
F9 [F9] water: repeat wet page at the same cell (o2 19) - standing down, the walk machinery owns the exit
F9 [F9] digShaft: water hazard 1.0b away (live 8) - refusing this column, the caller rotates
F9 bank trip: planned budget 162s
F9 climb out (bank): the yard stands 24 levels up over 13b lateral - the climb raises its target to the yard's level
F13 [F13] water: pass 6 head=dry shore=hit r=1 land=none y=62.2 o2=20 probes=0 at=[-161,62,397]
[hb] n=15 ts=301s rss=383M late=78ms mainLate=1112ms
F6 tool upgrade due: worn (left=11/131) -> stone_pickaxe
F13 [F13] water: pass 8 head=wet shore=none land=n/a y=61.1 o2=18 probes=0 at=[-161,61,397]
F6 [toolupgrade] spare table: crafted
F13 [F13] water: pass 12 head=dry shore=hit r=2 land=none y=63.2 o2=20 probes=0 at=[-161,63,397]
F8 climb out (trip): OK +23 levels (22 steps, 59 dug, 65s)
F8 map trip skipped: sand,gravel unreachable
F11 [F11] water: drowning rescue start (drowning, oxygen 11)
F11 [F11] water: pass 0 head=wet shore=none land=n/a y=52.0 o2=11 probes=0 at=[-169,52,408]
F12 tunnel: 12 blocks (branch mine at the floor, steered, ore detour)
F12 bank trip: planned budget 180s
F13 [F13] water: pass 17 head=dry shore=hit r=1 land=none y=63.1 o2=20 probes=0 at=[-160,63,397]
F13 [F13] water: rescue complete in 13.2s
F13 [F13] water: hazard memorized at [-161,62,396] (9 live, fleet-wide)
t-294s alive=19/19 mined=1525 map=842p/14ch banked=0 smelted=0 pocket=2054u/281s | sand=15 gravel=90 dirt=225 stone=0
   deficits: 157926/15 (0.0%) 149380/90 (0.1%) 31860/0 (0.0%) 27420/0 (0.0%) 10725/57 (0.5%)
   F1=133[cobblestone:54 diorite:27 torch:20] | F2=104[cobblestone:53 diorite:23 torch:20] | F3=94[cobblestone:58 raw_copper:24 dirt:10] | F4=39[gravel:25 cobblestone:19 oak_log:6] | F5=18[dirt:49 leaf_litter:11 stick:6] | F6=151[cobblestone:78 dirt:24 diorite:20] | F7=103[cobblestone:65 granite:24 torch:20] | F8=120[cobblestone:81 dirt:28 andesite:9] | F9=41[raw_copper:24 cobblestone:17 dirt:4] | F10=40[andesite:16 cobblestone:15 raw_copper:9] | F11=97[cobblestone:43 raw_copper:33 granite:25] | F12=88[cobblestone:58 raw_copper:27 granite:19] | F13=43[dirt:36 leaf_litter:20 sand:11] | F14=85[cobblestone:36 diorite:25 gravel:25] | F15=84[cobblestone:38 granite:19 raw_copper:8] | F16=64[cobblestone:54 raw_copper:26 stick:5] | F17=114[cobblestone:65 diorite:15 oak_log:7] | F18=35[cobblestone:22 stick:5 leaf_litter:4] | F19=72[cobblestone:21 raw_copper:16 andesite:15]
   mem: heap=102M/152M old=-1M ext=118M ab=115M rss=381M cols=1901 ents=2417 evicted=1087 path=4a/0q (max 6) stale=0
F6 [toolupgrade] stone_pickaxe: crafted (worn (left=11/131))
F6 tool upgrade: OK -> stone_pickaxe (worn (left=11/131))
F6 [F6] craft torches: skip (no spare sticks: sticks 0 coals 0)
F12 [F12] climb bridge: placed cobblestone at [-152,42,404] (support) - the step re-judges
F8 [F8] craft torches: skip (no coal: sticks 3 coals 0)
F4 map trip: gravel
F15 [F15] climb diag: level at y=56 blocked toward -1,0 (dug=37, wet) at [0,1,0] water (stop)
F11 [F11] water: deep-pocket ascend - dug the ceiling stone at [-169,55,407] (jump stalled 4+ passes, o2 18)
F11 [F11] water: pass 7 head=wet shore=none land=n/a y=53.4 o2=20 probes=0 at=[-168,53,408]
F18 [F18] climb diag: level at y=43 blocked toward 0,1 (dug=0, wet) at [0,1,0] water (stop)
F11 [F11] water: pass 11 head=wet shore=none land=n/a y=53.4 o2=20 probes=0 at=[-168,53,408]
F11 [F11] water: frozen physics (10 flat passes at y=53.4, o2=20, head WET) - standing down, the reconnect lane owns this
F11 [F11] water: rescue standing down (frozen physics - the walk gate reopens, the reconnect lane owns a dead client) in 4.7s
F11 [F11] water: frozen client relog (#1 consecutive) (frozen while head-wet (1 verdict) - the drowning clock owns this client) - ending the session, the reconnect lane rebuilds the physics; the drowning sentry holds non-critical pages 10s (the frozen-return gate)
F11 [F11] water: hazard memorized at [-169,53,407] (10 live, fleet-wide)
F4 [F4] craft torches: skip (no coal: sticks 5 coals 0)
F11 [F11] water: frozen-return gate holds the page (9s left) - the fresh client walks the hazard-ledgered column out
F12 [F12] climb rise assist: repositioned to -158,42,404 - the loop re-judges
F4 tunnel: steering coal_ore @ 5.8b (axis x--1, cross 1.6992440930730481, ore detour)
F12 [F12] climb bridge: placed cobblestone at [-159,42,404] (support) - the step re-judges
F10 [F10] craft torches: skip (no coal: sticks 3 coals 0)
F1 [F1] climb: walkable surface at y=66 (+24 levels, dug=63) - the walk takes over
F1 climb out (wood trip): OK +24 levels (23 steps, 63 dug, undefineds)
F10 tunnel: steering coal_ore @ 2.8b (axis z--1, cross 0.67897326511968, ore detour)
F13 map trip: sand
F12 [F12] climb diag: level at y=42 did not rise (food=20, dug=0) feet=air support=cobblestone step=air head=air
F6 tunnel: 2 blocks (branch mine at the floor, ore detour)
F10 tunnel: 2 blocks (branch mine at the floor, steered, ore detour)
F13 [F13] craft torches: skip (no coal: sticks 6 coals 0)
F12 [F12] climb diag: level at y=42 did not rise (food=20, dug=3) feet=water support=stone step=air head=air
F8 bank trip: planned budget 193s
F2 [F2] climb bridge: unavailable (no solid floor underfoot)
F2 [F2] climb diag: level at y=65 blocked toward 1,0 (dug=66)
F7 climb out (trip): OK +21 levels (20 steps, 57 dug, 58s)
F13 [F13] digShaft: water table y=58 (region strike) - stopping above the aquifer, the tunnel owns this level (regions 2)
F13 [F13] craft torches: skip (no coal: sticks 6 coals 0)
F11 [F11] climb diag: level at y=52 blocked toward -1,0 (dug=29) dig failed at [-170,53,407] sand (held=wooden_shovel, airborne, post=water STILL THERE (server never broke it))
F2 [F2] climb bridge: placed cobblestone at [-80,64,437] (support) - the step re-judges
F2 [F2] climb bridge: placed cobblestone at [-79,64,437] (support) - the step re-judges
F6 [F6] vein sweep: 4 drop(s) in reach (6 dug)
F15 climb out (trip): failed - stalled
F15 map trip skipped: cannot leave the shaft
F17 [F17] climb bridge: placed cobblestone at [-106,67,406] (support) - the step re-judges
F4 tunnel: 13 blocks (branch mine at the floor, steered, ore detour)
F4 bank trip: planned budget 185s
[hb] n=16 ts=321s rss=386M late=83ms mainLate=964ms
F13 [F13] water: drowning rescue start (drowning, oxygen 13)
F13 [F13] water: pass 0 head=wet shore=none land=n/a y=54.2 o2=13 probes=0 at=[-170,54,387]
t-279s alive=19/19 mined=1740 map=897p/16ch banked=0 smelted=0 pocket=2282u/289s | sand=15 gravel=94 dirt=283 stone=0
   deficits: 157926/15 (0.0%) 149380/94 (0.1%) 31860/0 (0.0%) 27420/0 (0.0%) 10725/63 (0.6%)
   F1=137[cobblestone:54 diorite:27 torch:20] | F2=118[cobblestone:51 dirt:26 diorite:23] | F3=112[cobblestone:64 raw_copper:32 diorite:15] | F4=55[cobblestone:31 gravel:29 oak_log:6] | F5=18[dirt:52 leaf_litter:11 stick:6] | F6=166[cobblestone:87 dirt:24 diorite:20] | F7=121[cobblestone:69 granite:24 dirt:20] | F8=146[cobblestone:100 dirt:32 andesite:12] | F9=41[raw_copper:24 cobblestone:17 dirt:4] | F10=53[cobblestone:19 andesite:16 raw_copper:9] | F11=97[cobblestone:43 raw_copper:33 granite:25] | F12=100[cobblestone:67 raw_copper:27 granite:19] | F13=43[dirt:36 leaf_litter:20 sand:11] | F14=106[cobblestone:57 diorite:25 gravel:25] | F15=84[cobblestone:38 granite:19 raw_copper:8] | F16=83[cobblestone:67 raw_copper:26 dirt:10] | F17=131[cobblestone:66 dirt:19 diorite:15] | F18=35[cobblestone:22 stick:5 leaf_litter:4] | F19=94[cobblestone:38 raw_copper:16 andesite:15]
   mem: heap=110M/153M old=-1M ext=118M ab=116M rss=381M cols=1910 ents=2436 evicted=1115 path=5a/0q (max 6) stale=0
F9 [F9] climb diag: level at y=47 blocked toward 0,-1 (dug=0, wet) at [0,2,0] water (stop)
F4 [F4] climb bridge: placed cobblestone at [-131,40,440] (support) - the step re-judges
F16 climb out (trip): OK +13 levels (12 steps, 26 dug, 32s)
F9 [F9] died - respawning (cause: server: drowned [kind=drown] | inferred: fall/env (0s before death at [-116,46,399]) [the inference is blind to this kind - the hint is noise by construction (the server kind stays the authority)])
F9 [F9] death drop: ~59u lost at [-116,46,399] (raw_copper 24, cobblestone 17, dirt 4, oak_log 3, stick 3, +8 more)
F9 [F9] water: death spot memorized as a hazard at [-116,46,399] (10 live, fleet-wide)
F13 tunnel: 0 blocks (branch mine at the floor, floor lock)
F13 tunnel: 0 blocks x3 - sealed or flooded, cooling down 15s
F17 climb out (trip): OK +29 levels (29 steps, 82 dug, 80s)
F13 [F13] water: pass 8 head=wet shore=none land=n/a y=60.9 o2=10 probes=0 at=[-170,61,387]
F16 map trip skipped: sand,gravel unreachable
F18 [F18] climb diag: level at y=43 blocked toward 0,1 (dug=0, wet) at [0,1,0] water (stop)
F6 [F6] vein sweep: the drop walk to [-137,45,455] failed - sweep drops: timeout after 4000ms (dy 2.0, range 2)
F6 [F6] vein sweep: the drop walk to [-138,45,456] failed - spin breaker: sweep drops re-issued 2x inside the 10s window after its own pf:done - sweep drops refused for 30s (the sync re-issue breaker: the goal->done->goal churn starves the timers, the run53 alloc-storm class) (dy 2.0, range 2)
F6 [F6] vein sweep: +5u walked from the drops (6 dug)
F6 [F6] vein sweep: 3 above-plane walk(s) timed out on the wide goal (range 2) - the ledge family (the v0.189.0 class, the triage names it)
F6 vein sweep: 6 ores dug beside the gallery (ore detour)
F6 bank trip: planned budget 187s
F2 [F2] climb: walkable surface at y=68 (+28 levels, dug=67) - the walk takes over (blocked step)
F2 climb out (wood trip): OK +28 levels (28 steps, 67 dug, undefineds)
F4 [F4] combat: shelter try vs skeleton (dist 1.4, sentry)
F16 [F16] craft torches: skip (no coal: sticks 5 coals 0)
F13 [F13] water: pass 14 head=dry shore=hit r=8 land=none y=62.3 o2=20 probes=0 at=[-168,62,389]
F11 [F11] climb diag: level at y=53 blocked toward 0,-1 (dug=29, wet) at [0,1,0] water (stop)
F19 climb out (trip): OK +18 levels (17 steps, 44 dug, 52s)
F19 map trip skipped: sand,gravel unreachable
F4 [F4] combat: fleeing skeleton (dist 1.4, hp 9.7, 3 nearby, sentry)
F13 [F13] water: pass 18 head=wet shore=none land=n/a y=62.0 o2=20 probes=0 at=[-166,62,391]
F13 [F13] water: pass 21 head=dry shore=hit r=5 land=none y=62.7 o2=20 probes=0 at=[-165,63,393]
F13 [F13] water: pass 23 head=dry shore=hit r=3 land=none y=62.7 o2=20 probes=0 at=[-163,63,394]
F4 [F4] died - respawning (cause: server: was shot by Skeleton [kind=mob by Skeleton] | inferred: skeleton@1.9 (0s before death at [-133,42,440]) [the inference corroborates the server verdict])
F4 [F4] death drop: ~102u lost at [-133,42,440] (cobblestone 41, gravel 29, diorite 6, oak_log 6, stick 5, +11 more)
F4 [F4] water: death spot memorized as a hazard at [-133,42,440] (11 live, fleet-wide)
F10 [F10] vein sweep: 8 drop(s) in reach (20 dug)
F13 [F13] water: pass 25 head=dry shore=hit r=2 land=none y=62.8 o2=20 probes=0 at=[-163,63,395]
F4 climb out (bank): OK +31 levels (3 steps, 8 dug, 16s)
F4 bank fallback: none (nothing to deposit)
F4 camp furnace: 6 near machine(s) beyond the 24b direct envelope (nearest d=21.0) - 5 inside the envelope keep the veto
F4 camp furnace: no build (machine near)
F4 smelt: 0 (nothing to smelt)
F19 [F19] craft torches: the metal fuel reserve holds all 1 coal for the furnace (16 raw metal held)
t-263s alive=19/19 mined=1853 map=922p/17ch banked=0 smelted=0 pocket=2246u/268s | sand=21 gravel=65 dirt=284 stone=0
   deficits: 157926/21 (0.0%) 149380/65 (0.0%) 31860/0 (0.0%) 27420/0 (0.0%) 10725/66 (0.6%)
   F1=140[cobblestone:54 diorite:27 torch:20] | F2=122[cobblestone:51 dirt:26 diorite:23] | F3=125[cobblestone:77 raw_copper:32 diorite:15] | F4=61[empty] | F5=18[dirt:52 leaf_litter:11 stick:6] | F6=177[cobblestone:97 dirt:24 diorite:20] | F7=125[cobblestone:69 granite:24 dirt:23] | F8=160[cobblestone:113 dirt:32 andesite:12] | F9=41[empty] | F10=66[cobblestone:20 andesite:16 raw_copper:9] | F11=97[cobblestone:43 raw_copper:33 granite:25] | F12=113[cobblestone:76 raw_copper:27 granite:19] | F13=43[dirt:36 leaf_litter:20 sand:11] | F14=120[cobblestone:71 diorite:25 gravel:25] | F15=84[cobblestone:38 granite:19 raw_copper:8] | F16=99[cobblestone:78 raw_copper:26 dirt:12] | F17=133[cobblestone:66 dirt:19 diorite:15] | F18=35[cobblestone:22 stick:5 leaf_litter:4] | F19=94[cobblestone:38 raw_copper:16 andesite:15]
   mem: heap=104M/152M old=-1M ext=120M ab=118M rss=384M cols=1951 ents=2753 evicted=1191 path=6a/1q (max 6) stale=0
F13 [F13] water: pass 28 head=dry shore=hit r=1 land=none y=62.6 o2=20 probes=0 at=[-161,63,397]
F13 bank trip: planned budget 167s
F13 climb out (bank): failed - rescue owns the bot
F13 climb out (bank): no retry (no retry for 'rescue owns the bot')
F13 climb out (trip): failed - rescue owns the bot
F13 map trip skipped: cannot leave the shaft
F4 iron commune: chest walk failed (The goal was changed before it could be completed!)
F13 [F13] craft torches: skip (no coal: sticks 6 coals 0)
F13 [F13] craft torches: skip (no coal: sticks 6 coals 0)
F16 tunnel: steering coal_ore @ 3.6b (axis x--1, cross 2.5, ore detour)
F11 [F11] climb diag: level at y=53 blocked toward 0,1 (dug=29, wet) at [0,1,0] water (stop)
F13 tunnel: 0 blocks (branch mine at the floor, floor lock)
F10 [F10] vein sweep: the drop walk to [-96,41,375] failed - sweep drops: timeout after 4000ms (dy -2.0, range 2)
[hb] n=17 ts=341s rss=386M late=88ms mainLate=516ms
F4 iron commune: chest holds 0 ingot(s) - nothing to complete here
F13 [F13] craft torches: skip (no coal: sticks 6 coals 0)
F13 [F13] craft torches: skip (no coal: sticks 6 coals 0)
F13 [F13] water: pass 31 head=dry shore=hit r=1 land=none y=63.8 o2=20 probes=0 at=[-158,64,399]
F4 iron commune: chest holds 0 ingot(s) - nothing to complete here
F13 [F13] water: pass 33 head=dry shore=hit r=1 land=none y=63.8 o2=20 probes=0 at=[-160,64,399]
F19 [F19] craft torches: the metal fuel reserve holds all 1 coal for the furnace (16 raw metal held)
F19 [F19] torch: the placement did not land (dry) x1 - the streak names itself once, a landing re-arms it
F13 tunnel: 0 blocks (branch mine at the floor, floor lock)
F10 [F10] vein sweep: lip dig refused - sealed floor (air 0, dy 1.0)
F19 [F19] craft torches: the metal fuel reserve holds all 1 coal for the furnace (16 raw metal held)
F13 [F13] craft torches: skip (no coal: sticks 6 coals 0)
F13 [F13] craft torches: skip (no coal: sticks 6 coals 0)
F13 tunnel: 0 blocks (branch mine at the floor, floor lock)
F13 tunnel: 0 blocks x3 - sealed or flooded, cooling down 15s
F10 [F10] vein sweep: lip dig refused - sealed floor (air 0, dy -1.0)
F10 [F10] vein sweep: +23u walked from the drops (20 dug)
F10 [F10] vein sweep: 1 below-plane walk(s) still failed on the wide goal (range 2) - the drop rests deeper than the lip
F10 [F10] vein sweep: 4 deep drop(s) skipped (dy < -2 - the lip sphere cannot reach, the walk was a guaranteed spiral)
F10 vein sweep: 20 ores dug beside the gallery (ore detour)
F10 bank trip: planned budget 166s
F19 [F19] craft torches: the metal fuel reserve holds all 1 coal for the furnace (16 raw metal held)
F19 [F19] craft torches: the metal fuel reserve holds all 1 coal for the furnace (16 raw metal held)
F13 [F13] water: rescue timeout (still wet, 35 passes, 0 probes, tail dry/dry/dry) in 25.7s
F13 [F13] water: hazard memorized at [-161,62,396] (11 live, fleet-wide)
F19 [F19] craft torches: the metal fuel reserve holds all 1 coal for the furnace (16 raw metal held)
F19 [F19] craft torches: the metal fuel reserve holds all 1 coal for the furnace (16 raw metal held)
F19 [F19] digShaft: water table y=49 (region strike) - stopping above the aquifer, the tunnel owns this level (regions 2)
F19 bank trip: planned budget 163s
F6 climb out (bank): OK +7 levels (7 steps, 20 dug, 25s)
F6 bank: smelt hold skipped - no fuel in pocket (coal 0)
F4 sweep: 0 collected (11 idle-empty machines)
F4 bank: 0 (nothing to deposit)
F16 tunnel: 12 blocks (branch mine at the floor, steered, ore detour)
F4 reloot: no walk (unarmed) - the empty pocket bootstraps first, the read re-arms (a delay, not a verdict)
F4 tool recovery: no pickaxe - spare-pick craft first
F4 spare pick: skip (no sticks and no planks for sticks)
F4 tool recovery: spare craft failed (no sticks and no planks for sticks) - re-running the bootstrap
t-248s alive=19/19 mined=1972 map=976p/17ch banked=0 smelted=0 pocket=2408u/272s | sand=26 gravel=65 dirt=312 stone=0
   deficits: 157926/26 (0.0%) 149380/65 (0.0%) 31860/0 (0.0%) 27420/0 (0.0%) 10725/69 (0.6%)
   F1=143[cobblestone:54 diorite:27 torch:20] | F2=123[cobblestone:51 dirt:26 diorite:23] | F3=139[cobblestone:80 raw_copper:32 dirt:21] | F4=61[empty] | F5=20[dirt:58 leaf_litter:11 stick:6] | F6=186[cobblestone:107 dirt:24 diorite:20] | F7=133[cobblestone:69 granite:24 dirt:21] | F8=171[cobblestone:122 dirt:32 andesite:15] | F9=41[empty] | F10=75[cobblestone:31 coal:20 andesite:16] | F11=97[cobblestone:43 raw_copper:33 granite:25] | F12=127[cobblestone:79 raw_copper:27 diorite:19] | F13=43[dirt:36 leaf_litter:20 sand:11] | F14=134[cobblestone:72 diorite:25 gravel:25] | F15=84[cobblestone:38 granite:19 raw_copper:8] | F16=115[cobblestone:80 raw_copper:26 diorite:12] | F17=133[cobblestone:68 dirt:19 diorite:15] | F18=35[cobblestone:22 stick:5 leaf_litter:4] | F19=112[cobblestone:54 raw_copper:16 andesite:15]
   mem: heap=116M/152M old=-1M ext=121M ab=118M rss=384M cols=1933 ents=2572 evicted=1233 path=4a/0q (max 6) stale=0
F17 [F17] water: drowning rescue start (drowning, oxygen ?)
F17 [F17] water: pass 0 head=wet shore=none land=n/a y=43.2 o2=20 probes=0 at=[-106,43,388]
F11 climb out (trip): failed - timeout
F11 map trip skipped: cannot leave the shaft
F17 [F17] water: pass 5 head=dry shore=hit r=11 land=none y=43.2 o2=20 probes=0 at=[-105,43,389]
F3 climb out (bank): failed - timeout
F3 climb out (bank): retry (escalated retry after timeout, fenced to 76s of the 76s the chain has left)
F14 [F14] climb bridge: placed cobblestone at [-109,66,408] (support) - the step re-judges
F3 [F3] climb bridge: unavailable (no solid floor underfoot)
F3 [F3] climb diag: level at y=69 blocked toward 1,0 (dug=0)
F17 [F17] water: pass 8 head=dry shore=hit r=11 land=none y=43.2 o2=20 probes=0 at=[-105,43,390]
F3 [F3] climb bridge: placed cobblestone at [-79,68,421] (support) - the step re-judges
F3 [F3] climb bridge: placed cobblestone at [-78,67,421] (pit) - the step re-judges
F1 wood trip: plank rung: converted 2->9 same-type planks (need 8, from oak_log)
F3 [F3] climb bridge: placed cobblestone at [-78,68,421] (support) - the step re-judges
F17 [F17] water: pass 12 head=dry shore=hit r=11 land=none y=43.2 o2=20 probes=0 at=[-105,43,390]
[hb] n=18 ts=361s rss=386M late=93ms mainLate=1110ms
F17 [F17] water: frozen physics (10 flat passes at y=43.2, o2=20) - standing down, the reconnect lane owns this
F17 [F17] water: rescue standing down (frozen physics - the walk gate reopens, the reconnect lane owns a dead client) in 8.0s
F17 [F17] water: hazard memorized at [-105,43,389] (11 live, fleet-wide)
F3 [F3] climb diag: level at y=70 blocked toward 0,1 (dug=0)
F3 [F3] climb diag: level at y=69 blocked toward -1,0 (dug=0)
F10 climb out (bank): OK +6 levels (6 steps, 18 dug, 17s)
F10 bank: holding 45s of 166s for the smelt leg
F15 [F15] craft torches: skip (no coal: sticks 3 coals 0)
F13 [F13] craft torches: skip (no coal: sticks 6 coals 0)
F9 [F9] climb: walkable surface at y=71 (+24 levels, dug=0) - the walk takes over (blocked step)
F9 climb out (bank): OK +24 levels (0 steps, 0 dug, undefineds)
F9 bank fallback: none (nothing to deposit)
F9 camp furnace: 1 near machine(s) beyond the 24b direct envelope (nearest d=18.8) - 10 inside the envelope keep the veto
F9 camp furnace: no build (machine near)
F9 smelt: 0 (nothing to smelt)
F14 climb out (trip): failed - timeout
F14 map trip skipped: cannot leave the shaft
F9 iron commune: chest holds 0 ingot(s) - nothing to complete here
F16 [F16] vein sweep: 8 drop(s) in reach (12 dug)
F9 iron commune: chest holds 0 ingot(s) - nothing to complete here
F16 [F16] vein sweep: lip dig refused - sealed floor (air 0, dy -0.5)
F9 iron commune: chest holds 0 ingot(s) - nothing to complete here
F2 wood trip: plank rung: converted 3->11 same-type planks (need 8, from oak_log)
F14 [F14] craft torches: skip (no coal: sticks 4 coals 0)
F15 retry #1 in 6.1s (Timeout waiting for 4 ticks after 5200ms)
t-233s alive=19/19 mined=2045 map=1006p/18ch banked=0 smelted=0 pocket=2480u/277s | sand=30 gravel=65 dirt=315 stone=0
   deficits: 157926/30 (0.0%) 149380/65 (0.0%) 31860/0 (0.0%) 27420/0 (0.0%) 10725/69 (0.6%)
   F1=144[cobblestone:51 diorite:27 torch:20] | F2=126[cobblestone:51 dirt:26 diorite:23] | F3=139[cobblestone:75 raw_copper:32 dirt:22] | F4=61[dirt:1] | F5=20[dirt:58 leaf_litter:11 stick:6] | F6=186[cobblestone:107 dirt:24 diorite:20] | F7=137[cobblestone:69 granite:24 dirt:22] | F8=182[cobblestone:133 dirt:32 andesite:15] | F9=41[empty] | F10=84[cobblestone:40 coal:20 andesite:16] | F11=97[cobblestone:43 raw_copper:33 granite:25] | F12=139[cobblestone:87 raw_copper:27 diorite:22] | F13=43[dirt:36 leaf_litter:20 sand:11] | F14=140[cobblestone:71 diorite:25 gravel:25] | F15=84[cobblestone:38 granite:19 raw_copper:8] | F16=127[cobblestone:80 raw_copper:26 diorite:13] | F17=133[cobblestone:68 dirt:19 diorite:15] | F18=35[cobblestone:22 stick:5 leaf_litter:4] | F19=127[cobblestone:69 raw_copper:16 andesite:15]
   mem: heap=104M/153M old=-1M ext=118M ab=115M rss=385M cols=1906 ents=2589 evicted=1297 path=6a/0q (max 6) stale=0
F14 [F14] digShaft: water hazard 3.5b away (live 11) - refusing this column, the caller rotates
F14 bank trip: pockets full budget 143s
F16 [F16] vein sweep: lip dig refused - sealed floor (air 0, dy 0.0)
F12 [F12] climb rise assist: assist did not complete (goto: No path to the goal!)
F7 map trip: sand
F5 [F5] craft torches: 1 batch(es) -> 4 torches (sticks 4 coals 1)
F1 wood trip: gathered (sticks 3 planks 9 logs 7)
F14 climb out (bank): OK +2 levels (1 steps, 1 dug, 1s)
F14 bank: holding 45s of 143s for the smelt leg
F7 [F7] craft torches: stick-dry but 7 planks held - one stick batch first
F13 [F13] digShaft: water table y=58 (region strike) - stopping above the aquifer, the tunnel owns this level (regions 2)
F13 [F13] craft torches: skip (no coal: sticks 6 coals 0)
F7 [F7] craft torches: the metal fuel reserve holds all 2 coal for the furnace (21 raw metal held)
F5 wood trip: gathered (sticks 3 planks 4 logs 0)
F12 [F12] climb run-up: gallery opened toward 1,0 (digs 2) - the rise re-judges from the L-mouth
F12 [F12] climb diag: level at y=56 did not rise (food=20, dug=53) feet=air support=air step=air head=air
F7 [F7] digShaft: water table y=58 (region strike) - stopping above the aquifer, the tunnel owns this level (regions 2)
F7 bank trip: pockets full budget 140s
F13 [F13] water: drowning rescue start (drowning, oxygen 13)
F13 [F13] water: pass 0 head=wet shore=none land=n/a y=55.1 o2=13 probes=0 at=[-165,55,393]
F5 climb out (trip): OK +2 levels (1 steps, 1 dug, 1s)
F9 sweep: 0 collected (11 idle-empty machines)
F9 bank: 0 (nothing to deposit)
F9 reloot: no walk (unarmed) - the empty pocket bootstraps first, the read re-arms (a delay, not a verdict)
F9 tool recovery: no pickaxe - spare-pick craft first
F9 spare pick: skip (no sticks and no planks for sticks)
F9 tool recovery: spare craft failed (no sticks and no planks for sticks) - re-running the bootstrap
F5 map trip skipped: sand,gravel unreachable
F5 [F5] craft torches: skip (no coal: sticks 3 coals 0)
F13 tunnel: 0 blocks (branch mine at the floor, floor lock)
F13 [F13] water: pass 7 head=dry shore=hit r=5 land=none y=62.2 o2=15 probes=0 at=[-164,62,393]
F13 [F13] craft torches: skip (no coal: sticks 6 coals 0)
F5 [F5] digShaft: water table y=58 (region strike) - stopping above the aquifer, the tunnel owns this level (regions 2)
F16 [F16] vein sweep: the drop walk to [-116,43,367] failed - sweep drops: timeout after 4000ms (dy 0.0, range 1)
F15 [F15] craft torches: skip (no coal: sticks 3 coals 0)
F15 [F15] digShaft: water hazard 1.0b away (live 11) - refusing this column, the caller rotates
F15 tunnel: steering copper_ore @ 17.5b (axis z+, cross 2.299999999999997, ore detour)
F13 [F13] water: pass 12 head=dry shore=hit r=1 land=none y=62.1 o2=20 probes=0 at=[-162,62,396]
F1 [F1] climb bridge: unavailable (no solid floor underfoot)
F1 [F1] climb diag: level at y=48 blocked toward 1,0 (dug=1)
F13 [F13] craft torches: skip (no coal: sticks 6 coals 0)
F19 [F19] climb bridge: unavailable (no solid floor underfoot)
F19 [F19] climb diag: level at y=63 blocked toward 1,0 (dug=34)
F13 [F13] water: pass 16 head=dry shore=hit r=1 land=none y=62.2 o2=20 probes=0 at=[-160,62,397]
F16 [F16] vein sweep: the drop walk to [-113,43,373] failed - sweep drops: timeout after 4000ms (dy 1.0, range 2)
F13 tunnel: 1 blocks (branch mine at the floor, floor lock)
F7 climb out (bank): OK +5 levels (4 steps, 5 dug, 8s)
F7 bank: holding 45s of 140s for the smelt leg
F13 [F13] craft torches: skip (no coal: sticks 6 coals 0)
F19 [F19] climb: walkable surface at y=63 (+12 levels, dug=38) - the walk takes over (blocked step)
F19 climb out (bank): OK +12 levels (12 steps, 38 dug, undefineds)
F19 bank: holding 45s of 163s for the smelt leg
F13 [F13] water: pass 18 head=dry shore=hit r=1 land=none y=63.5 o2=20 probes=0 at=[-160,63,397]
F13 [F13] craft torches: skip (no coal: sticks 6 coals 0)
F15 [F15] water: drowning rescue start (drowning, oxygen 13)
F15 [F15] water: pass 0 head=wet shore=none land=n/a y=55.0 o2=13 probes=0 at=[-115,55,368]
F5 [F5] craft torches: skip (no coal: sticks 3 coals 0)
[hb] n=19 ts=381s rss=388M late=98ms mainLate=665ms
F3 climb out (bank): retry failed - stalled
F5 [F5] digShaft: water table y=58 (region strike) - stopping above the aquifer, the tunnel owns this level (regions 2)
F14 [F14] raw hop failed: raw walk: no net progress for 8291ms (best d=6.8) - pathfinder retry
F13 tunnel: 0 blocks (branch mine at the floor, floor lock)
F15 [F15] water: pass 5 head=wet shore=none land=n/a y=56.2 o2=18 probes=0 at=[-115,56,368]
F13 [F13] craft torches: skip (no coal: sticks 6 coals 0)
F3 [F3] climb bridge: the server refused the support fill at [-76,68,420] - the rotate ladder owns it (held=cobblestone, 0.9b, ref=grass_block, post=? (re-read failed))
F3 [F3] climb diag: level at y=68 blocked toward 1,0 (dug=0)
F13 [F13] water: pass 21 head=dry shore=hit r=2 land=none y=62.7 o2=20 probes=0 at=[-162,63,398]
t-217s alive=19/19 mined=2119 map=1062p/19ch banked=0 smelted=0 pocket=2601u/283s | sand=35 gravel=65 dirt=348 stone=0
   deficits: 157926/35 (0.0%) 149380/65 (0.0%) 31860/0 (0.0%) 27420/0 (0.0%) 10725/72 (0.7%)
   F1=153[cobblestone:59 diorite:27 torch:20] | F2=130[cobblestone:51 dirt:26 diorite:23] | F3=139[cobblestone:73 raw_copper:32 dirt:22] | F4=64[leaf_litter:2] | F5=28[dirt:67 leaf_litter:11 oak_sapling:5] | F6=186[cobblestone:107 dirt:24 diorite:20] | F7=146[cobblestone:69 dirt:31 granite:24] | F8=194[cobblestone:137 dirt:40 andesite:15] | F9=41[empty] | F10=84[cobblestone:40 coal:20 andesite:16] | F11=97[cobblestone:43 raw_copper:33 granite:25] | F12=145[cobblestone:88 raw_copper:27 diorite:22] | F13=44[dirt:36 leaf_litter:20 sand:12] | F14=142[cobblestone:71 diorite:25 gravel:25] | F15=86[cobblestone:39 granite:19 raw_copper:12] | F16=127[cobblestone:80 raw_copper:55 diorite:19] | F17=133[cobblestone:71 dirt:19 diorite:15] | F18=35[cobblestone:22 stick:5 leaf_litter:4] | F19=145[cobblestone:76 dirt:16 raw_copper:16]
   mem: heap=118M/155M old=-1M ext=125M ab=123M rss=386M cols=1934 ents=2571 evicted=1284 path=6a/4q (max 6) stale=0
F3 [F3] climb bridge: the server refused the support fill at [-77,68,421] - the rotate ladder owns it (held=cobblestone, 0.9b, ref=cobblestone, post=? (re-read failed))
F3 [F3] climb diag: level at y=68 blocked toward 0,1 (dug=0)
F15 [F15] water: deep-pocket ascend - dug the ceiling dirt at [-116,58,367] (jump stalled 4+ passes, o2 20)
F16 [F16] vein sweep: +39u walked from the drops (12 dug)
F16 [F16] vein sweep: 2 above-plane walk(s) timed out on the wide goal (range 2) - the ledge family (the v0.189.0 class, the triage names it)
F16 vein sweep: 12 ores dug beside the gallery (ore detour)
F16 bank trip: pockets full budget 126s
F8 climb out (bank): OK +21 levels (20 steps, 53 dug, 67s)
F8 bank: smelt hold skipped - no fuel in pocket (coal 0)
F8 [F8] hop: chest at [-134,71,418] d=58 zero: chest beyond the hop search radius 48 - walking home instead
F8 bank: no chest in range (83 blocks from yard) - walking back
F8 yard approach: 83b beyond the 24b envelope (attempt 1)
F15 [F15] water: pass 7 head=wet shore=none land=n/a y=56.4 o2=20 probes=0 at=[-115,56,368]
F13 [F13] craft torches: skip (no coal: sticks 6 coals 0)
F13 [F13] water: pass 24 head=dry shore=hit r=2 land=none y=63.2 o2=20 probes=0 at=[-161,63,397]
F17 map trip: gravel
F3 [F3] climb bridge: placed cobblestone at [-78,68,420] (support) - the step re-judges
F14 [F14] hop: chest at [-123,71,392] d=14 zero: chest unreachable (Took to long to decide path to goal!)
F14 [F14] chest skip (no path cached 0s ago at [-124,71,392])
F14 [F14] chest skip (no path cached 0s ago at [-125,71,392])
F15 [F15] water: pass 9 head=wet shore=none land=n/a y=56.4 o2=20 probes=0 at=[-115,56,368]
F3 climb out (trip): OK +2 levels (1 steps, 0 dug, 8s)
F5 tunnel: 2 blocks (branch mine at the floor, ore detour)
F13 [F13] water: pass 26 head=dry shore=hit r=1 land=none y=63.1 o2=20 probes=0 at=[-158,63,399]
F15 [F15] water: frozen physics (10 flat passes at y=56.4, o2=20, head WET) - standing down, the reconnect lane owns this
F15 [F15] water: rescue standing down (frozen physics - the walk gate reopens, the reconnect lane owns a dead client) in 9.4s
F15 [F15] water: frozen client relog (#2 consecutive) (frozen while head-wet (1 verdict) - the drowning clock owns this client) - ending the session, the reconnect lane rebuilds the physics; the drowning sentry holds non-critical pages 20s (the frozen-return gate)
F15 [F15] water: hazard memorized at [-116,56,367] (10 live, fleet-wide)
F16 [F16] climb bridge: placed cobblestone at [-114,43,370] (support) - the step re-judges
F15 [F15] water: frozen-return gate holds the page (20s left) - the fresh client walks the hazard-ledgered column out
F18 climb out (trip): failed - timeout [stage 1]
F18 map trip skipped: cannot leave the shaft
F3 map trip skipped: sand,gravel unreachable
F13 tunnel: 0 blocks (branch mine at the floor, floor lock)
F13 [F13] craft torches: skip (no coal: sticks 6 coals 0)
F7 [F7] raw hop failed: raw walk: no net progress for 8270ms (best d=7.0) - pathfinder retry
F13 [F13] craft torches: skip (no coal: sticks 6 coals 0)
F13 [F13] water: pass 28 head=dry shore=hit r=1 land=none y=64.2 o2=20 probes=0 at=[-156,64,398]
F3 [F3] craft torches: skip (no coal: sticks 3 coals 0)
F13 tunnel: 0 blocks (branch mine at the floor, floor lock)
F13 tunnel: 0 blocks x3 - sealed or flooded, cooling down 15s
F19 [F19] approach: 1 segment(s) walked in 14.7s, goal now d=22.5 (inside the direct envelope)
F13 [F13] water: pass 33 head=dry shore=hit r=1 land=none y=63.3 o2=20 probes=0 at=[-161,63,397]
F14 [F14] raw hop failed: raw walk stalled after 2215ms (d=7.1) - pathfinder retry
F11 [F11] craft torches: skip (no coal: sticks 3 coals 0)
F12 climb out (bank): failed - timeout
F12 climb out (bank): retry (escalated retry after timeout, fenced to 90s of the 90s the chain has left)
F13 [F13] water: rescue complete in 25.0s
F13 [F13] water: hazard memorized at [-162,62,398] (10 live, fleet-wide)
F19 [F19] raw hop failed: raw walk stalled after 2177ms (d=22.5) - pathfinder retry
F12 [F12] climb bridge: the server refused the support fill at [-149,61,407] - the rotate ladder owns it (held=cobblestone, 0.9b, ref=dirt, post=? (re-read failed))
F12 [F12] climb diag: level at y=61 blocked toward -1,0 (dug=1)
F12 [F12] climb bridge: placed cobblestone at [-148,60,406] (pit) - the step re-judges
t-202s alive=19/19 mined=2172 map=1089p/21ch banked=0 smelted=0 pocket=2681u/288s | sand=35 gravel=65 dirt=374 stone=0
   deficits: 157926/35 (0.0%) 149380/65 (0.0%) 31860/0 (0.0%) 27420/0 (0.0%) 10725/78 (0.7%)
   F1=168[cobblestone:73 diorite:27 torch:20] | F2=130[cobblestone:51 dirt:26 diorite:23] | F3=151[cobblestone:78 raw_copper:32 dirt:27] | F4=64[leaf_litter:2 oak_log:1 dirt:1] | F5=28[dirt:76 leaf_litter:11 oak_sapling:5] | F6=186[cobblestone:110 dirt:24 diorite:20] | F7=146[cobblestone:69 dirt:31 granite:24] | F8=194[cobblestone:137 dirt:41 andesite:15] | F9=44[empty] | F10=84[cobblestone:43 coal:20 andesite:16] | F11=97[cobblestone:43 raw_copper:33 granite:25] | F12=156[cobblestone:86 raw_copper:27 diorite:22] | F13=44[dirt:36 leaf_litter:20 sand:12] | F14=142[cobblestone:71 diorite:25 gravel:25] | F15=87[cobblestone:40 granite:19 raw_copper:12] | F16=138[cobblestone:81 raw_copper:55 diorite:22] | F17=133[cobblestone:73 dirt:19 diorite:15] | F18=35[cobblestone:22 stick:5 leaf_litter:4] | F19=145[cobblestone:76 dirt:16 raw_copper:16]
   mem: heap=106M/154M old=-1M ext=124M ab=121M rss=385M cols=1896 ents=2599 evicted=1357 path=6a/1q (max 6) stale=0
F12 [F12] climb bridge: placed cobblestone at [-148,61,406] (support) - the step re-judges
F3 tool upgrade due: worn (left=11/131) -> stone_pickaxe
F3 [toolupgrade] craft crafting_table: no craftable recipe variant (ingredients missing?)
F12 climb out (bank): retry OK +2 levels (1 steps, 1 dug, 4s)
F12 bank: holding 45s of 180s for the smelt leg
F3 [toolupgrade] plank rung: converted 1->5 same-type planks (need 4, from birch_log)
F11 retry #1 in 5.5s (Timeout waiting for 4 ticks after 5200ms)
F3 [toolupgrade] spare table: crafted
F15 tunnel: 3 blocks (branch mine at the floor, steered, ore detour)
[hb] n=20 ts=401s rss=385M late=103ms mainLate=995ms
F2 wood trip: gathered (sticks 2 planks 21 logs 6)
F3 [toolupgrade] stone_pickaxe: crafted (worn (left=11/131))
F3 tool upgrade: OK -> stone_pickaxe (worn (left=11/131))
F3 [F3] craft torches: stick-dry with logs held - one plank conversion first
F14 [F14] direct deposit: 27 chest slots derived from the 63-slot view
F14 [F14] banked 85 items at (-124, 71, 408) (direct=6 fallback=0 mirror=true kept: oak_log, oak_planks, crafting_table, stick)
F14 camp furnace: no build (machine near)
F3 [F3] craft oak_planks: no craftable recipe variant (ingredients missing?)
F3 [F3] craft torches: stick-dry but 5 planks held - one stick batch first
F3 [F3] craft torches: skip (no coal: sticks 5 coals 0)
F19 [F19] direct deposit: 27 chest slots derived from the 63-slot view
F19 [F19] banked 55 items at (-104, 71, 408) (direct=5 fallback=0 mirror=true kept: oak_log, birch_planks, crafting_table, stick)
F19 camp furnace: 11 near machine(s) all beyond the 24b direct envelope (nearest d=28.5) - the bay reads as empty, the camp ladder decides on its own merits
F19 camp furnace: place-table (table item held - place it first)
F7 [F7] raw hop failed: raw walk: no net progress for 8760ms (best d=7.0) - pathfinder retry
F3 [F3] digShaft: water table y=49 (region strike) - stopping above the aquifer, the tunnel owns this level (regions 2)
F12 [F12] raw hop failed: raw walk: no net progress for 8097ms (best d=8.8) - pathfinder retry
F11 [F11] craft torches: skip (no coal: sticks 3 coals 0)
F11 [F11] digShaft: water hazard 0.6b away (live 10) - refusing this column, the caller rotates
F11 tunnel: steering coal_ore @ 12.9b (axis x+, cross 0.4993716840679099, ore detour)
F11 tunnel: 0 blocks (branch mine at the floor, steered, ore detour)
F11 bank trip: pockets full budget 120s
F3 tunnel: 2 blocks (branch mine at the floor, ore detour)
F13 [F13] craft torches: skip (no coal: sticks 6 coals 0)
F13 [F13] digShaft: water hazard 2.8b away (live 10) - refusing this column, the caller rotates
F13 [F13] craft torches: skip (no coal: sticks 6 coals 0)
F13 [F13] digShaft: water hazard 2.8b away (live 10) - refusing this column, the caller rotates
F13 tunnel: 0 blocks (branch mine at the floor, floor lock)
F7 [F7] direct deposit: 27 chest slots derived from the 63-slot view
F7 camp furnace: 9 near machine(s) all beyond the 24b direct envelope (nearest d=26.1) - the bay reads as empty, the camp ladder decides on its own merits
F7 camp furnace: craft-table (69 cobble + 5 planks - table first)
F17 [F17] craft torches: skip (no coal: sticks 3 coals 0)
F17 tunnel: steering coal_ore @ 9.6b (axis z--1, cross 2.5, ore detour)
t-187s alive=19/19 mined=2209 map=1089p/21ch banked=0 smelted=0 pocket=2521u/284s | sand=36 gravel=40 dirt=314 stone=0
   deficits: 157926/36 (0.0%) 149380/40 (0.0%) 31860/0 (0.0%) 27420/0 (0.0%) 10725/62 (0.6%)
   F1=183[cobblestone:87 diorite:27 torch:20] | F2=130[cobblestone:47 dirt:26 diorite:23] | F3=157[cobblestone:82 raw_copper:32 dirt:27] | F4=69[birch_log:3 leaf_litter:2 oak_log:1] | F5=28[dirt:79 leaf_litter:18 oak_sapling:5] | F6=186[cobblestone:110 dirt:24 diorite:20] | F7=146[cobblestone:69 torch:20 raw_copper:19] | F8=194[cobblestone:137 dirt:41 andesite:15] | F9=44[dirt:4 oak_log:3 sand:1] | F10=84[cobblestone:43 coal:20 andesite:16] | F11=98[cobblestone:44 raw_copper:33 granite:25] | F12=156[cobblestone:86 raw_copper:27 diorite:22] | F13=44[dirt:36 leaf_litter:20 sand:12] | F14=142[cobblestone:71 oak_planks:5 stick:4] | F15=87[cobblestone:40 granite:19 raw_copper:12] | F16=147[cobblestone:88 raw_copper:55 diorite:22] | F17=134[cobblestone:73 dirt:19 diorite:15] | F18=35[cobblestone:22 stick:5 leaf_litter:4] | F19=145[cobblestone:68 raw_copper:16 stick:6]
   mem: heap=109M/156M old=-1M ext=131M ab=129M rss=390M cols=1907 ents=2687 evicted=1353 path=6a/0q (max 6) stale=0
F3 [F3] vein sweep: 3 drop(s) in reach (3 dug)
F17 tunnel: 2 blocks (branch mine at the floor, steered, ore detour)
F5 [F5] craft torches: skip (no coal: sticks 3 coals 0)
F13 [F13] craft torches: skip (no coal: sticks 6 coals 0)
F19 camp furnace: BUILT (furnace at -101,71,406) in 12s
F5 [F5] digShaft: water table y=58 (region strike) - stopping above the aquifer, the tunnel owns this level (regions 2)
F5 wood trip: famine (sticks 3 planks 4 logs 0) - gathering
F12 [F12] hop: chest at [-144,71,408] d=9 zero: chest unreachable (Took to long to decide path to goal!)
F12 [F12] chest skip (no path cached 0s ago at [-144,71,410])
F12 [F12] chest skip (no path cached 0s ago at [-144,71,412])
F11 [F11] climb wet escape: 1 blocks walked (low-o2, walked 1/4)
F11 [F11] climb wet escape: oxygen 5 at the floor - the escape yields, the rescue lane owns the air
F11 climb out (bank): failed - low-o2 (traversed 1)
F11 climb out (bank): no retry (no retry for 'low-o2')
F11 [F11] craft torches: skip (no coal: sticks 3 coals 0)
F11 [F11] digShaft: water hazard 0.8b away (live 10) - refusing this column, the caller rotates
F11 tunnel: steering coal_ore @ 12.4b (axis x+, cross 0.30000000000001137, floor lock)
F11 tunnel: 0 blocks (branch mine at the floor, steered, floor lock)
F11 bank trip: pockets full budget 120s
F11 [F11] climb wet escape: oxygen 5 at the floor - the escape yields, the rescue lane owns the air
F11 climb out (bank): failed - low-o2
F11 climb out (bank): no retry (no retry for 'low-o2')
[F14] walk nudge: approach: 1 segment(s) walked in 12.3s, goal now d=9.5 (inside the direct envelope)
[F14] walk nudge: inside the direct envelope
F11 [F11] water: drowning rescue start (drowning, oxygen 5)
F11 [F11] water: pass 0 head=wet shore=none land=n/a y=52.0 o2=5 probes=0 at=[-168,52,407]
F17 [F17] vein sweep: 4 drop(s) in reach (4 dug)
F11 [F11] craft torches: skip (no coal: sticks 3 coals 0)
F11 tunnel: steering coal_ore @ 12.8b (axis x+, cross 0.30000000000001137, ore detour)
F11 tunnel: 0 blocks (branch mine at the floor, steered, ore detour)
F11 tunnel: 0 blocks x3 - sealed or flooded, cooling down 15s
F11 [F11] water: frozen physics (4 flat passes at y=52.5, o2=4, head WET - the wet-critical fast window) - standing down, the reconnect lane owns this
F11 [F11] water: rescue standing down (frozen physics - the walk gate reopens, the reconnect lane owns a dead client) in 0.8s
F11 [F11] water: frozen client relog (#2 consecutive) (frozen while head-wet (1 verdict) - the drowning clock owns this client) - ending the session, the reconnect lane rebuilds the physics; the drowning sentry holds non-critical pages 20s (the frozen-return gate)
F11 [F11] water: hazard memorized at [-169,52,407] (9 live, fleet-wide)
F5 climb out (wood trip): OK +3 levels (2 steps, 5 dug, 3s)
F2 [F2] climb bridge: unavailable (no solid floor underfoot)
F2 [F2] climb diag: level at y=44 blocked toward 1,0 (dug=1)
F13 [F13] digShaft: water hazard 4.7b away (live 9) - refusing this column, the caller rotates
F13 [F13] craft torches: skip (no coal: sticks 6 coals 0)
F3 [F3] vein sweep: the drop walk to [-74,49,424] failed - sweep drops: timeout after 4000ms (dy -2.0, range 2)
[hb] n=21 ts=421s rss=388M late=109ms mainLate=990ms
[F19] fuel clips the batch: 1 x coal completes 8 of 16 x raw_copper (the rest re-smelts on the next chain)
[F19] the clock clips the batch: the 74s window completes ~6 of 16 x raw_copper (the rest re-smelts on the next chain)
F3 [F3] vein sweep: the drop walk to [-74,48,423] failed - spin breaker: sweep drops re-issued 2x inside the 10s window after its own pf:done - sweep drops refused for 30s (the sync re-issue breaker: the goal->done->goal churn starves the timers, the run53 alloc-storm class) (dy -1.8, range 2)
F3 [F3] vein sweep: +2u walked from the drops (3 dug)
F3 [F3] vein sweep: 2 below-plane walk(s) still failed on the wide goal (range 2) - the drop rests deeper than the lip
F3 vein sweep: 3 ores dug beside the gallery (ore detour)
F3 bank trip: pockets full budget 120s
[F19] furnace slots after put: input=raw_copper fuel=empty
[F19] smelting 6 x raw_copper in a blast_furnace (fuel: 1 x coal)
F6 [F6] approach: the stall side-step (right) stalled too
F6 [F6] approach: 4 segment(s) walked in 73.6s, goal now d=42.9 (still outside - a segment stalled (no position delta))
F13 [F13] water: drowning rescue start (drowning, oxygen 13)
F13 [F13] water: pass 0 head=wet shore=none land=n/a y=56.7 o2=13 probes=0 at=[-164,57,393]
F6 [F6] hop: chest at [-139,71,418] d=48 zero: chest unreachable (No path to the goal!)
F17 [F17] vein sweep: the drop walk to [-103,43,393] failed - sweep drops: timeout after 4000ms (dy 0.0, range 1)
F1 [F1] climb bridge: unavailable (no solid floor underfoot)
F1 [F1] climb diag: level at y=66 blocked toward 0,1 (dug=50)
F13 [F13] water: pass 5 head=dry shore=hit r=5 land=none y=62.8 o2=14 probes=0 at=[-164,63,393]
F7 camp furnace: BUILT (furnace at -143,64,418) in 15s
F1 [F1] climb bridge: placed cobblestone at [-108,64,449] (pit) - the step re-judges
F17 [F17] vein sweep: the drop walk to [-102,42,393] failed - sweep drops: timeout after 4000ms (dy -1.0, range 2)
F13 [F13] water: pass 6 head=dry shore=hit r=5 land=none y=62.1 o2=20 probes=0 at=[-163,62,393]
[F19] took 1 x copper_ingot (1/6)
F17 [F17] vein sweep: +1u walked from the drops (4 dug)
F17 [F17] vein sweep: 1 below-plane walk(s) still failed on the wide goal (range 2) - the drop rests deeper than the lip
F17 [F17] vein sweep: 1 above-plane walk(s) timed out on the wide goal (range 2) - the ledge family (the v0.189.0 class, the triage names it)
F17 [F17] vein sweep: 1 deep drop(s) skipped (dy < -2 - the lip sphere cannot reach, the walk was a guaranteed spiral)
F17 vein sweep: 4 ores dug beside the gallery (ore detour)
F17 bank trip: pockets full budget 120s
F3 climb out (bank): OK +2 levels (2 steps, 4 dug, 7s)
F3 bank: holding 45s of 120s for the smelt leg
F1 [F1] climb bridge: placed cobblestone at [-108,65,449] (support) - the step re-judges
F13 tunnel: 0 blocks (branch mine at the floor, floor lock)
F13 climb out (trip): failed - rescue owns the bot
F13 map trip skipped: cannot leave the shaft
t-172s alive=19/19 mined=2259 map=1131p/22ch banked=0 smelted=0 pocket=2580u/290s | sand=36 gravel=40 dirt=337 stone=0
   deficits: 157926/36 (0.0%) 149380/40 (0.0%) 31860/0 (0.0%) 27420/0 (0.0%) 10725/63 (0.6%)
   F1=194[cobblestone:87 diorite:27 dirt:24] | F2=139[cobblestone:56 dirt:26 diorite:23] | F3=163[cobblestone:87 raw_copper:32 dirt:27] | F4=70[oak_planks:12 birch_planks:4 oak_log:3] | F5=38[dirt:88 leaf_litter:19 oak_sapling:5] | F6=186[cobblestone:110 dirt:24 diorite:20] | F7=146[cobblestone:61 torch:20 raw_copper:19] | F8=194[cobblestone:137 dirt:41 andesite:15] | F9=46[dirt:5 oak_log:3 leaf_litter:2] | F10=84[cobblestone:43 coal:20 andesite:16] | F11=100[cobblestone:46 raw_copper:33 granite:25] | F12=156[cobblestone:86 raw_copper:27 diorite:22] | F13=44[dirt:36 leaf_litter:20 sand:12] | F14=142[cobblestone:71 oak_planks:5 stick:4] | F15=87[cobblestone:40 granite:19 raw_copper:12] | F16=150[cobblestone:88 raw_copper:55 diorite:22] | F17=140[cobblestone:75 dirt:19 diorite:15] | F18=35[cobblestone:22 stick:5 leaf_litter:4] | F19=145[cobblestone:68 raw_copper:16 stick:6]
   mem: heap=123M/156M old=-1M ext=130M ab=127M rss=388M cols=1893 ents=2730 evicted=1412 path=3a/0q (max 6) stale=0
F13 [F13] craft torches: skip (no coal: sticks 6 coals 0)
F1 climb out (trip): OK +22 levels (21 steps, 50 dug, 55s)
F17 [F17] climb bridge: placed cobblestone at [-105,43,388] (support) - the step re-judges
F12 [F12] raw hop failed: raw walk: no net progress for 8192ms (best d=7.0) - pathfinder retry
F13 [F13] craft torches: skip (no coal: sticks 6 coals 0)
F13 [F13] water: pass 14 head=dry shore=hit r=2 land=none y=64.3 o2=20 probes=0 at=[-160,64,398]
F13 tunnel: 0 blocks (branch mine at the floor, floor lock)
F13 tunnel: 0 blocks x3 - sealed or flooded, cooling down 15s
F18 [F18] craft torches: skip (no coal: sticks 5 coals 0)
F18 [F18] craft torches: skip (no coal: sticks 5 coals 0)
F18 tunnel: 0 blocks (branch mine at the floor, floor lock)
F18 tunnel: 0 blocks x3 - sealed or flooded, cooling down 15s
[F19] took 1 x copper_ingot (2/6)
F14 [F14] water: drowning rescue start (drowning, oxygen 13)
F14 [F14] water: pass 0 head=wet shore=none land=n/a y=60.6 o2=13 probes=0 at=[-127,61,393]
F11 bank trip: pockets full budget 120s
F11 [F11] climb wet escape: oxygen 4 at the floor - the escape yields, the rescue lane owns the air
F11 climb out (bank): failed - low-o2
F11 climb out (bank): no retry (no retry for 'low-o2')
F11 [F11] craft torches: skip (no coal: sticks 3 coals 0)
F11 [F11] digShaft: water hazard 0.8b away (live 9) - refusing this column, the caller rotates
F11 tunnel: steering coal_ore @ 13.1b (axis x+, cross 0.6999999999999886, floor lock)
F11 tunnel: 0 blocks (branch mine at the floor, steered, floor lock)
F11 bank trip: pockets full budget 120s
F11 [F11] climb wet escape: oxygen 4 at the floor - the escape yields, the rescue lane owns the air
F11 climb out (bank): failed - low-o2
F11 climb out (bank): no retry (no retry for 'low-o2')
F10 [F10] approach: the stall side-step (right) moved the start (d now 40.8)
F13 [F13] water: pass 16 head=dry shore=hit r=1 land=none y=62.5 o2=20 probes=0 at=[-160,63,398]
F17 [F17] climb diag: level at y=43 did not rise (food=20, dug=1) feet=air support=cobblestone step=air head=air
[F14] walk nudge: approach: 1 segment(s) walked in 8.2s, goal now d=8.4 (inside the direct envelope)
[F14] walk nudge: inside the direct envelope
F11 [F11] craft torches: skip (no coal: sticks 3 coals 0)
F11 [F11] digShaft: water hazard 0.8b away (live 9) - refusing this column, the caller rotates
F11 tunnel: steering copper_ore @ 10b (axis x+, cross 0.30000000000001137, ore detour)
F11 tunnel: 0 blocks (branch mine at the floor, steered, ore detour)
F11 bank trip: pockets full budget 120s
F11 [F11] climb wet escape: oxygen 4 at the floor - the escape yields, the rescue lane owns the air
F11 climb out (bank): failed - low-o2
F11 climb out (bank): no retry (no retry for 'low-o2')
F11 [F11] craft torches: skip (no coal: sticks 3 coals 0)
F11 [F11] digShaft: water hazard 0.8b away (live 9) - refusing this column, the caller rotates
F11 tunnel: steering copper_ore @ 10b (axis x+, cross 0.6999999999999886, floor lock)
F11 tunnel: 0 blocks (branch mine at the floor, steered, floor lock)
F11 tunnel: 0 blocks x3 - sealed or flooded, cooling down 15s
F12 [F12] hop: chest at [-139,71,408] d=8 zero: chest unreachable (Took to long to decide path to goal!)
F12 [F12] chest skip (no path cached 0s ago at [-139,71,410])
F12 [F12] chest skip (no path cached 0s ago at [-139,71,412])
[F19] took 1 x copper_ingot (3/6)
F14 [F14] water: pass 3 head=wet shore=none land=n/a y=60.8 o2=19 probes=0 at=[-127,61,392]
F17 [F17] climb bridge: placed cobblestone at [-104,43,387] (support) - the step re-judges
F13 [F13] water: pass 19 head=dry shore=hit r=1 land=none y=62.4 o2=20 probes=0 at=[-159,62,398]
F4 [F4] craft torches: stick-dry but 18 planks held - one stick batch first
F4 [F4] craft torches: skip (no coal: sticks 4 coals 0)
F4 tool recovery: OK (wooden_pickaxe)
F4 spare pick due: spare (planks available)
F4 spare pick: OK (wooden_pickaxe, holds 2)
F4 sword due: planks available
F13 [F13] water: rescue complete in 14.9s
F13 [F13] water: hazard memorized at [-159,62,397] (8 live, fleet-wide)
F4 sword: OK (wooden_sword, holds 1)
F4 sword: OK (wooden_sword)
F4 [F4] craft torches: stick-dry but 11 planks held - one stick batch first
F4 [F4] craft torches: skip (no coal: sticks 5 coals 0)
F14 [F14] water: pass 11 head=dry shore=hit r=1 land=none y=64.2 o2=20 probes=0 at=[-125,64,395]
F4 [F4] digShaft: water table y=58 (region strike) - stopping above the aquifer, the tunnel owns this level (regions 2)
[F7] walk nudge: approach: 1 segment(s) walked in 12.2s, goal now d=9.5 (inside the direct envelope)
[F7] walk nudge: inside the direct envelope
[hb] n=22 ts=441s rss=387M late=112ms mainLate=753ms
F6 [F6] approach: the stall side-step (right) stalled too
F6 [F6] approach: 2 segment(s) walked in 17.7s, goal now d=42.5 (still outside - a segment stalled (no position delta))
F14 [F14] water: pass 15 head=dry shore=hit r=1 land=none y=64.4 o2=20 probes=0 at=[-130,64,396]
[F19] took 1 x copper_ingot (4/6)
t-157s alive=19/19 mined=2308 map=1135p/22ch banked=0 smelted=0 pocket=2644u/299s | sand=40 gravel=40 dirt=349 stone=0
   deficits: 157926/40 (0.0%) 149380/40 (0.0%) 31860/0 (0.0%) 27420/0 (0.0%) 10725/63 (0.6%)
   F1=203[cobblestone:87 diorite:27 dirt:26] | F2=154[cobblestone:69 dirt:26 diorite:23] | F3=163[cobblestone:87 raw_copper:32 dirt:27] | F4=76[oak_planks:8 dirt:7 stick:5] | F5=41[dirt:89 leaf_litter:23 torch:4] | F6=186[cobblestone:112 dirt:24 diorite:20] | F7=146[cobblestone:61 torch:20 raw_copper:19] | F8=194[cobblestone:138 dirt:41 andesite:15] | F9=46[dirt:6 leaf_litter:5 oak_log:4] | F10=84[cobblestone:43 coal:20 andesite:16] | F11=100[cobblestone:46 raw_copper:33 granite:25] | F12=156[cobblestone:86 raw_copper:27 diorite:22] | F13=44[dirt:36 leaf_litter:20 sand:12] | F14=142[cobblestone:71 oak_planks:5 stick:4] | F15=87[cobblestone:40 granite:19 raw_copper:12] | F16=156[cobblestone:90 raw_copper:55 diorite:22] | F17=150[cobblestone:84 dirt:19 diorite:15] | F18=35[cobblestone:22 stick:5 leaf_litter:4] | F19=145[cobblestone:68 raw_copper:16 stick:6]
   mem: heap=116M/156M old=-1M ext=130M ab=128M rss=390M cols=1901 ents=2796 evicted=1458 path=2a/0q (max 6) stale=0
[F7] furnace slots after put: input=raw_iron fuel=empty
[F7] smelting 2 x raw_iron in a blast_furnace (fuel: 1 x coal)
F14 [F14] water: rescue complete in 10.4s
F14 [F14] water: hazard memorized at [-127,62,393] (9 live, fleet-wide)
F12 [F12] raw hop failed: raw walk: no net progress for 8056ms (best d=7.0) - pathfinder retry
[F14] walk refused by a water rescue - rescue cleared, walking again
[F19] took 1 x copper_ingot (5/6)
F6 [F6] approach: the stall side-step (right) stalled too
F6 [F6] approach: 1 segment(s) walked in 6.6s, goal now d=42.5 (still outside - a segment stalled (no position delta))
F6 [F6] hop: chest at [-144,71,418] d=44 zero: chest unreachable (Took to long to decide path to goal!)
[F7] took 1 x iron_ingot (1/2)
F12 [F12] hop: chest at [-134,71,408] d=8 zero: chest unreachable (Took to long to decide path to goal!)
F12 [F12] chest skip (no path cached 0s ago at [-134,71,410])
F12 bank: chest unreachable (Took to long to decide path to goal!) (18 blocks from yard) - walking back
F12 bank: yard walk arrived in 0s (1 attempt)
F12 camp furnace: 1 near machine(s) beyond the 24b direct envelope (nearest d=16.8) - 8 inside the envelope keep the veto
F12 camp furnace: no build (machine near)
F11 bank trip: skipped (pockets full, 149s left < 150s - the end-phase owns the deadline banking)
[F19] took 1 x copper_ingot (6/6)
[F19] blast_furnace within reach - opening without a walk
[F19] fuel clips the batch: 4 x stick completes 2 of 10 x raw_copper (the rest re-smelts on the next chain)
[F19] the clock clips the batch: the 42s window completes ~3 of 10 x raw_copper (the rest re-smelts on the next chain)
[F19] furnace slots after put: input=raw_copper fuel=stick
[F19] smelting 2 x raw_copper in a blast_furnace (fuel: 4 x stick)
F13 [F13] craft torches: skip (no coal: sticks 6 coals 0)
[F7] took 1 x iron_ingot (2/2)
F4 climb out (trip): OK +5 levels (4 steps, 5 dug, 16s)
t-141s alive=19/19 mined=2339 map=1142p/22ch banked=0 smelted=0 pocket=2666u/297s | sand=42 gravel=40 dirt=350 stone=0
   deficits: 157926/42 (0.0%) 149380/40 (0.0%) 31860/0 (0.0%) 27420/0 (0.0%) 10725/63 (0.6%)
   F1=204[cobblestone:87 diorite:27 dirt:24] | F2=166[cobblestone:75 dirt:26 diorite:23] | F3=163[cobblestone:87 raw_copper:32 dirt:27] | F4=79[dirt:13 oak_planks:8 stick:5] | F5=45[dirt:89 leaf_litter:23 torch:4] | F6=186[cobblestone:113 dirt:24 diorite:20] | F7=146[cobblestone:60 torch:20 raw_copper:19] | F8=194[cobblestone:138 dirt:41 andesite:15] | F9=46[dirt:6 leaf_litter:5 oak_log:4] | F10=84[cobblestone:43 coal:20 andesite:16] | F11=100[cobblestone:46 raw_copper:33 granite:25] | F12=156[cobblestone:86 raw_copper:27 diorite:22] | F13=44[dirt:36 leaf_litter:20 sand:12] | F14=142[cobblestone:71 oak_planks:5 stick:4] | F15=87[cobblestone:40 granite:19 raw_copper:12] | F16=156[cobblestone:90 raw_copper:55 diorite:22] | F17=161[cobblestone:94 dirt:19 diorite:15] | F18=35[cobblestone:22 stick:5 leaf_litter:4] | F19=145[cobblestone:68 raw_copper:10 stick:6]
   mem: heap=118M/158M old=-1M ext=129M ab=126M rss=389M cols=1884 ents=2655 evicted=1493 path=3a/0q (max 6) stale=0
[F7] fuel clips the batch: 1 x coal completes 8 of 19 x raw_copper (the rest re-smelts on the next chain)
[F7] the clock clips the batch: the 29s window completes ~2 of 19 x raw_copper (the rest re-smelts on the next chain)
[F7] furnace slots after put: input=raw_copper fuel=coal
[F7] smelting 2 x raw_copper in a blast_furnace (fuel: 1 x coal)
[F19] took 1 x copper_ingot (1/2)
F13 [F13] water: drowning rescue start (drowning, oxygen 14)
F13 [F13] water: pass 0 head=wet shore=none land=n/a y=58.8 o2=14 probes=0 at=[-163,59,394]
F10 [F10] approach: 9 segment(s) walked in 98.1s, goal now d=40.2 (still outside - the segment cap spent (9 walked, d=40.2))
[hb] n=23 ts=461s rss=390M late=117ms mainLate=820ms
F13 [F13] craft torches: skip (no coal: sticks 6 coals 0)
F10 [F10] hop: chest at [-123,71,392] d=41 zero: chest unreachable (Took to long to decide path to goal!)
F10 [F10] chest skip (no path cached 0s ago at [-124,71,392])
F10 [F10] chest skip (no path cached 0s ago at [-125,71,392])
F18 [F18] climb diag: level at y=43 blocked toward 0,1 (dug=0, wet) at [0,1,0] water (stop)
F13 [F13] water: pass 4 head=dry shore=hit r=4 land=none y=62.4 o2=20 probes=0 at=[-162,62,394]
F15 [F15] vein sweep: refused a cell - gravity roof: sand/gravel still rides this column at +3 after 6 pass(es) (cleared 0) - the dig waits
[F12] walk nudge: approach: 1 segment(s) walked in 10.4s, goal now d=8.2 (inside the direct envelope)
[F12] walk nudge: inside the direct envelope
[F19] took 1 x copper_ingot (2/2)
F13 tunnel: 0 blocks (branch mine at the floor, floor lock)
F16 [F16] died - respawning (cause: server: drowned [kind=drown] | inferred: fall/env (0s before death at [-114,52,362]) [the inference is blind to this kind - the hint is noise by construction (the server kind stays the authority)])
F16 [F16] death drop: ~227u lost at [-114,52,362] (cobblestone 64, raw_copper 55, cobblestone 26, diorite 22, dirt 15, +17 more)
F16 [F16] water: death spot memorized as a hazard at [-114,52,362] (10 live, fleet-wide)
F13 [F13] craft torches: skip (no coal: sticks 6 coals 0)
[F19] blast_furnace within reach - opening without a walk
[F19] furnace within reach - opening without a walk
F13 [F13] water: pass 9 head=dry shore=hit r=1 land=none y=63.1 o2=20 probes=0 at=[-160,63,397]
[F7] took 1 x copper_ingot (1/2)
F13 [F13] craft torches: skip (no coal: sticks 6 coals 0)
[F19] furnace within reach - opening without a walk
[F19] furnace within reach - opening without a walk
F8 yard approach: approach: the stall side-step (right) stalled too
F8 yard approach: approach: 6 segment(s) walked in 80.9s, goal now d=43.3 (still outside - a segment stalled (no position delta))
F5 wood trip: plank rung: converted 4->8 same-type planks (need 8, from oak_log)
[F19] furnace within reach - opening without a walk
F8 bank walk path event: path_stop (explicit)
F8 bank: yard walk attempt 1 failed: NoPath: No path to the goal!
F8 bank: yard walk failed (No path to the goal!) - smelting locally if a furnace is near
F8 camp furnace: 3 near machine(s) all beyond the 24b direct envelope (nearest d=45.0) - the bay reads as empty, the camp ladder decides on its own merits
F8 camp furnace: craft-table (138 cobble + 5 planks - table first)
[F12] fuel clips the batch: 1 x oak_log completes 1 of 27 x raw_copper (the rest re-smelts on the next chain)
[F12] the clock clips the batch: the 74s window completes ~6 of 27 x raw_copper (the rest re-smelts on the next chain)
[F12] furnace slots after put: input=raw_copper fuel=oak_log
[F12] smelting 1 x raw_copper in a blast_furnace (fuel: 1 x oak_log)
F13 [F13] water: pass 14 head=dry shore=hit r=1 land=none y=64.2 o2=20 probes=0 at=[-155,64,400]
[F19] furnace within reach - opening without a walk
[F14] walk nudge: approach: 1 segment(s) walked in 15.7s, goal now d=8.6 (inside the direct envelope)
[F14] walk nudge: inside the direct envelope
F13 [F13] water: pass 16 head=dry shore=hit r=1 land=none y=64.0 o2=20 probes=0 at=[-153,64,399]
F15 [F15] vein sweep: refused a cell - gravity roof: sand/gravel still rides this column at +3 after 6 pass(es) (cleared 0) - the dig waits
F13 tunnel: 1 blocks (branch mine at the floor, floor lock)
[F7] took 1 x copper_ingot (2/2)
F13 [F13] craft torches: skip (no coal: sticks 6 coals 0)
F13 [F13] craft torches: skip (no coal: sticks 6 coals 0)
F3 [F3] approach: the stall side-step (right) stalled too
F3 [F3] approach: 4 segment(s) walked in 44.5s, goal now d=35.8 (still outside - a segment stalled (no position delta))
F11 [F11] craft torches: skip (no coal: sticks 3 coals 0)
F11 [F11] digShaft: water hazard 0.8b away (live 10) - refusing this column, the caller rotates
F11 tunnel: steering copper_ore @ 10.8b (axis x+, cross 0.30000000000001137, ore detour)
F11 tunnel: 0 blocks (branch mine at the floor, steered, ore detour)
F11 bank trip: skipped (pockets full, 127s left < 150s - the end-phase owns the deadline banking)
F11 [F11] craft torches: skip (no coal: sticks 3 coals 0)
F11 [F11] digShaft: water hazard 0.8b away (live 10) - refusing this column, the caller rotates
F11 tunnel: steering copper_ore @ 10.9b (axis x+, cross 0.6999999999999886, floor lock)
F11 tunnel: 0 blocks (branch mine at the floor, steered, floor lock)
F11 bank trip: skipped (pockets full, 127s left < 150s - the end-phase owns the deadline banking)
F13 [F13] water: pass 19 head=dry shore=hit r=1 land=none y=63.4 o2=20 probes=0 at=[-153,63,399]
F11 [F11] craft torches: skip (no coal: sticks 3 coals 0)
F11 [F11] digShaft: water hazard 0.8b away (live 10) - refusing this column, the caller rotates
F11 tunnel: 0 blocks (branch mine at the floor, ore detour)
F11 tunnel: 0 blocks x3 - sealed or flooded, cooling down 15s
[F12] took 1 x copper_ingot (1/1)
t-126s alive=19/19 mined=2382 map=1151p/22ch banked=0 smelted=0 pocket=2492u/279s | sand=43 gravel=40 dirt=341 stone=0
   deficits: 157926/43 (0.0%) 149380/40 (0.0%) 31860/0 (0.0%) 27420/0 (0.0%) 10725/53 (0.5%)
   F1=213[cobblestone:87 dirt:29 diorite:27] | F2=181[cobblestone:91 dirt:26 diorite:23] | F3=163[cobblestone:87 raw_copper:32 dirt:27] | F4=83[dirt:14 oak_planks:8 stick:5] | F5=47[dirt:89 leaf_litter:23 oak_planks:8] | F6=186[cobblestone:113 dirt:24 diorite:20] | F7=146[cobblestone:58 torch:20 raw_copper:17] | F8=194[cobblestone:138 dirt:41 andesite:15] | F9=46[oak_planks:6 dirt:6 leaf_litter:5] | F10=84[cobblestone:44 coal:20 andesite:16] | F11=100[cobblestone:46 raw_copper:33 granite:25] | F12=156[cobblestone:86 raw_copper:26 diorite:22] | F13=45[dirt:36 leaf_litter:20 sand:12] | F14=142[cobblestone:71 oak_planks:5 stick:4] | F15=87[cobblestone:40 granite:19 raw_copper:12] | F16=156[empty] | F17=173[cobblestone:106 dirt:19 diorite:15] | F18=35[cobblestone:22 stick:5 leaf_litter:4] | F19=145[cobblestone:68 raw_copper:8 copper_ingot:8]
   mem: heap=111M/157M old=-1M ext=130M ab=127M rss=391M cols=1895 ents=2861 evicted=1561 path=4a/0q (max 6) stale=0
F13 [F13] water: pass 21 head=dry shore=hit r=1 land=none y=63.5 o2=20 probes=0 at=[-155,63,400]
F16 [F16] climb: walkable surface at y=71 (+28 levels, dug=29) - the walk takes over (blocked step)
F16 climb out (bank): OK +28 levels (9 steps, 29 dug, undefineds)
F16 bank fallback: none (nothing to deposit)
F16 camp furnace: no build (machine near)
F16 smelt: 0 (nothing to smelt)
F10 [F10] approach: 3 segment(s) walked in 15.2s, goal now d=39.3 (still outside - a segment stalled (no position delta))
[F12] walk nudge: approach: 1 segment(s) walked in 0.8s, goal now d=4.4 (inside the direct envelope)
[F12] walk nudge: inside the direct envelope
F14 [F14] water: drowning rescue start (drowning, oxygen 16)
F14 [F14] water: pass 0 head=wet shore=none land=n/a y=60.5 o2=16 probes=0 at=[-130,60,392]
F16 iron commune: chest holds 0 ingot(s) - nothing to complete here
F16 iron commune: chest holds 0 ingot(s) - nothing to complete here
F9 [F9] craft torches: stick-dry with logs held - one plank conversion first
F16 iron commune: chest holds 0 ingot(s) - nothing to complete here
F13 [F13] water: pass 26 head=dry shore=hit r=1 land=none y=63.5 o2=20 probes=0 at=[-160,63,400]
F9 [F9] craft torches: stick-dry but 6 planks held - one stick batch first
F10 [F10] raw hop failed: raw walk stalled after 2174ms (d=39.3) - pathfinder retry
F18 [F18] climb diag: level at y=43 blocked toward 0,1 (dug=0, wet) at [0,1,0] water (stop)
F14 [F14] water: pass 6 head=dry shore=hit r=1 land=none y=62.7 o2=20 probes=0 at=[-127,63,394]
F9 [F9] craft torches: skip (no coal: sticks 5 coals 0)
F9 tool recovery: OK (wooden_pickaxe)
F9 spare pick due: spare (planks available)
F10 [F10] hop: chest at [-104,71,408] d=42 zero: chest unreachable (Took to long to decide path to goal!)
F10 [F10] hop: chest at [-109,71,408] d=40 zero: chest unreachable (budget exhausted (walk floor))
F10 [F10] chest skip (no path cached 0s ago at [-104,71,410])
F10 [F10] hop: chest at [-109,71,410] d=42 zero: chest unreachable (budget exhausted (walk floor))
F10 [F10] chest skip (no path cached 0s ago at [-104,71,412])
F10 bank fallback: none (chest unreachable (budget exhausted (walk floor)))
F10 camp furnace: build skipped - the leg clock (17s) cannot afford a 24s craft-planks build + the 5s put (7 log(s) in pocket - craft planks (largest same-type stack 1/4))
[hb] n=24 ts=481s rss=388M late=122ms mainLate=1299ms
F14 smelt: 0 (cobblestone@furnace: machine unreachable (No path to the goal!); cobblestone@furnace: machine unreachable (Took to long to decide path to goal!); cobblestone@furnace: cannot open (open furnace: timeout after 10000ms); cobblestone@furnace: machine unreachable (visit budget spent (walk slice)))
F13 tunnel: 0 blocks (branch mine at the floor, floor lock)
F14 iron commune: chest walk failed (water rescue in progress (iron commune walk @-125,392 refused))
F14 [F14] water: pass 7 head=dry shore=hit r=1 land=none y=62.4 o2=20 probes=0 at=[-127,62,395]
F14 iron commune: chest walk failed (water rescue in progress (iron commune walk @-124,392 refused))
F13 [F13] craft torches: skip (no coal: sticks 6 coals 0)
F14 iron commune: chest walk failed (water rescue in progress (iron commune walk @-123,392 refused))
F13 [F13] craft torches: skip (no coal: sticks 6 coals 0)
F13 [F13] water: pass 28 head=dry shore=hit r=2 land=none y=62.1 o2=20 probes=0 at=[-161,62,400]
F8 camp furnace: BUILT (furnace at -130,42,426) in 16s
F8 fuel anchor scan returned empty (attempt 1/2) at [-131,42,427] yard d=44 - the palette empty-return class, re-querying
F8 fuel anchor scan returned empty (attempt 2/2) at [-131,42,427] yard d=44
F8 fuel anchor scan empty x2 - the singular probe rescued the scan (chest at [-129,71,418])
F8 fuel commons: the anchor chest is read first
F8 fuel commons: chest at [-129,71,418] the yard stands 29 levels up over 9b lateral - the walk ladder cannot climb, the ask rides (the tithe owns the deep resupply)
F8 smelt: 0 (cobblestone@-: no fuel)
F8 iron commune: iron commune: chest the yard stands 29 levels up over 9b lateral - the walk ladder cannot climb, the fragments ride (the ask retries near the yard)
F9 spare pick: OK (wooden_pickaxe, holds 2)
F9 [F9] craft torches: skip (no coal: sticks 3 coals 0)
F9 tunnel: steering coal_ore @ 4.6b (axis z+, cross 0.5, floor lock)
F15 [F15] craft torches: skip (no coal: sticks 3 coals 0)
F14 [F14] water: pass 10 head=dry shore=hit r=1 land=none y=64.2 o2=20 probes=0 at=[-125,64,395]
F13 tunnel: 1 blocks (branch mine at the floor, floor lock)
F13 [F13] craft torches: skip (no coal: sticks 6 coals 0)
F13 [F13] water: rescue timeout (still wet, 31 passes, 0 probes, tail dry/dry/dry) in 27.2s
F13 [F13] water: hazard memorized at [-161,62,399] (9 live, fleet-wide)
F13 [F13] digShaft: water hazard 0.7b away (live 9) - refusing this column, the caller rotates
F13 [F13] craft torches: skip (no coal: sticks 6 coals 0)
F13 [F13] digShaft: water hazard 0.7b away (live 9) - refusing this column, the caller rotates
F13 tunnel: 0 blocks (branch mine at the floor, floor lock)
[F7] fuel clips the batch: 1 x coal completes 8 of 17 x raw_copper (the rest re-smelts on the next chain)
[F7] the clock clips the batch: the 1s window completes ~1 of 17 x raw_copper (the rest re-smelts on the next chain)
F14 [F14] water: pass 13 head=dry shore=hit r=1 land=none y=65.0 o2=20 probes=0 at=[-129,65,396]
F3 [F3] raw hop failed: raw walk: no net progress for 8667ms (best d=35.1) - pathfinder retry
[F12] walk nudge: approach: 1 segment(s) walked in 8.3s, goal now d=8.1 (inside the direct envelope)
[F12] walk nudge: inside the direct envelope
F13 [F13] water: drowning rescue start (drowning, oxygen 20)
F13 [F13] water: pass 0 head=wet shore=none land=n/a y=61.7 o2=20 probes=0 at=[-160,62,399]
[F7] furnace slots after put: input=raw_copper fuel=empty
[F7] smelting 1 x raw_copper in a blast_furnace (fuel: 1 x coal)
F1 map trip: sand
F13 [F13] craft torches: skip (no coal: sticks 6 coals 0)
F13 [F13] craft torches: skip (no coal: sticks 6 coals 0)
F3 [F3] hop: chest at [-104,71,418] d=37 zero: chest unreachable (No path to the goal!)
F3 [F3] chest skip (no path cached 0s ago at [-104,71,416])
F11 bank trip: skipped (pockets full, 111s left < 150s - the end-phase owns the deadline banking)
F11 [F11] craft torches: skip (no coal: sticks 3 coals 0)
F11 [F11] digShaft: water hazard 0.8b away (live 9) - refusing this column, the caller rotates
F7 smelted 4 (iron_ingot:2 copper_ingot:2) rescued=0
F15 retry #1 in 7.6s (Timeout waiting for 4 ticks after 5200ms)
F2 [F2] climb bridge: placed cobblestone at [-102,63,457] (support) - the step re-judges
F3 [F3] hop: chest at [-109,71,418] d=40 zero: chest unreachable (Took to long to decide path to goal!)
F3 [F3] chest skip (no path cached 0s ago at [-109,71,416])
F3 [F3] chest skip (no path cached 2s ago at [-104,71,414])
F3 [F3] chest skip (no path cached 11s ago at [-104,71,412])
F3 [F3] chest skip (no path cached 11s ago at [-104,71,410])
F3 [F3] chest skip (no path cached 11s ago at [-104,71,408])
F3 bank: chest unreachable (Took to long to decide path to goal!) (51 blocks from yard) - walking back
F3 yard approach: skipped (the clock cannot afford a segment + the walk floor)
t-109s alive=19/19 mined=2411 map=1176p/23ch banked=0 smelted=4 pocket=2517u/282s | sand=47 gravel=40 dirt=348 stone=0
   deficits: 157926/47 (0.0%) 149380/40 (0.0%) 31860/0 (0.0%) 27420/0 (0.0%) 10725/53 (0.5%)
   F1=222[cobblestone:87 dirt:28 diorite:27] | F2=188[cobblestone:92 dirt:31 diorite:23] | F3=163[cobblestone:88 raw_copper:32 dirt:27] | F4=83[dirt:17 oak_planks:8 leaf_litter:6] | F5=49[dirt:89 leaf_litter:23 oak_log:9] | F6=186[cobblestone:113 dirt:24 diorite:20] | F7=146[cobblestone:54 torch:20 raw_copper:17] | F8=194[cobblestone:130 dirt:41 andesite:15] | F9=48[dirt:6 leaf_litter:5 stick:3] | F10=84[cobblestone:44 coal:20 diorite:17] | F11=100[cobblestone:46 raw_copper:33 granite:25] | F12=156[cobblestone:86 raw_copper:26 diorite:22] | F13=46[dirt:36 leaf_litter:20 sand:14] | F14=142[cobblestone:71 oak_planks:5 stick:4] | F15=87[cobblestone:40 granite:19 raw_copper:12] | F16=156[empty] | F17=181[cobblestone:115 dirt:19 diorite:15] | F18=35[cobblestone:22 stick:5 leaf_litter:4] | F19=145[cobblestone:68 raw_copper:8 copper_ingot:8]
   mem: heap=122M/158M old=-1M ext=130M ab=128M rss=389M cols=1908 ents=2685 evicted=1589 path=6a/1q (max 6) stale=0
F13 [F13] water: pass 3 head=dry shore=hit r=1 land=none y=62.0 o2=20 probes=0 at=[-160,62,399]
F1 [F1] craft torches: 1 batch(es) -> 4 torches (sticks 3 coals 5, the metal reserve keeps 1)
[F19] walk nudge: inside the direct envelope
F14 [F14] water: pass 14 head=dry shore=hit r=1 land=none y=64.8 o2=20 probes=0 at=[-130,65,396]
F3 bank walk path event: path_stop (explicit)
F3 bank: yard walk attempt 1 failed: Timeout: Took to long to decide path to goal!
F3 bank: yard walk failed (Took to long to decide path to goal!) - smelting locally if a furnace is near
F3 camp furnace: 1 near machine(s) all doomed-ledgered - the bay reads as empty, the camp ladder decides on its own merits
F3 camp furnace: place-table (table item held - place it first)
F2 [F2] climb diag: level at y=65 blocked toward 0,1 (dug=58)
F2 [F2] climb diag: level at y=64 blocked toward -1,0 (dug=58)
F7 iron commune: seeded the pool: +2 iron_ingot into a yard chest (the pocket rides the pool)
F7 [F7] direct deposit: 27 chest slots derived from the 63-slot view
F7 bank: +150
F14 [F14] water: pass 15 head=dry shore=hit r=1 land=none y=64.7 o2=20 probes=0 at=[-130,65,396]
F13 [F13] water: pass 5 head=dry shore=hit r=1 land=none y=62.0 o2=20 probes=0 at=[-159,62,400]
F19 smelted 8 (copper_ingot:8) rescued=0
F1 [F1] digShaft: water table y=58 (region strike) - stopping above the aquifer, the tunnel owns this level (regions 2)
F1 tunnel: steering iron_ore @ 8.9b (axis z+, cross 2.5, ore detour)
F14 [F14] water: pass 17 head=dry shore=hit r=1 land=none y=64.8 o2=20 probes=0 at=[-133,65,396]
F13 [F13] water: pass 7 head=dry shore=hit r=1 land=none y=63.4 o2=20 probes=0 at=[-158,63,400]
F18 [F18] climb diag: level at y=43 blocked toward 0,1 (dug=0, wet) at [0,1,0] water (stop)
[F10] walk nudge: approach: 2 segment(s) walked in 15.7s, goal now d=37.7 (still outside - the approach clock is spent)
[F10] walk nudge: closed to d=37.7 - retrying the machine from the new start
F8 sweep: 0 collected - machine unreachable (Took to long to decide path to goal!) x10
F8 [F8] chest skip (vertical doom: the yard stands 29 levels up over 7b lateral - the walk ladder cannot climb)
F8 [F8] chest skip (vertical doom: the yard stands 29 levels up over 8b lateral - the walk ladder cannot climb)
F8 [F8] chest skip (vertical doom: the yard stands 29 levels up over 9b lateral - the walk ladder cannot climb)
F8 [F8] chest skip (vertical doom: the yard stands 29 levels up over 9b lateral - the walk ladder cannot climb)
F8 [F8] chest skip (vertical doom: the yard stands 29 levels up over 10b lateral - the walk ladder cannot climb)
F8 [F8] chest skip (vertical doom: the yard stands 29 levels up over 12b lateral - the walk ladder cannot climb)
F8 [F8] chest skip (vertical doom: the yard stands 29 levels up over 13b lateral - the walk ladder cannot climb)
F8 [F8] chest skip (vertical doom: the yard stands 29 levels up over 11b lateral - the walk ladder cannot climb)
F8 bank: 0 (no chest in range)
F2 climb out (trip): failed - stalled
F2 map trip skipped: cannot leave the shaft
F19 iron commune: iron commune: path nudge approach: 1 segment(s) walked in 0.0s, goal now d=7.0 (inside the direct envelope)
F19 iron commune: iron commune: path nudge inside the direct envelope
F10 smelt: 0 (raw_copper@furnace: machine unreachable (visit budget spent (walk slice)))
F19 iron commune: iron commune: the nudge retry landed
F16 sweep: 0 collected - machine unreachable (walk to a machine (sweep): timeout after 6382ms) x1
F16 bank: 0 (nothing to deposit)
F8 tool upgrade due: cobble available -> stone_pickaxe
F8 [toolupgrade] [upgrade] craft stick: no craftable recipe variant (ingredients missing?)
F19 iron commune: chest holds 0 ingot(s) - nothing to complete here
F15 [F15] craft torches: skip (no coal: sticks 3 coals 0)
F15 [F15] digShaft: water hazard 1.0b away (live 9) - refusing this column, the caller rotates
F15 tunnel: steering coal_ore @ 2.1b (axis z--1, cross 1.2999999999999972, ore detour)
[hb] n=25 ts=501s rss=393M late=127ms mainLate=905ms
F13 [F13] water: pass 9 head=dry shore=hit r=1 land=none y=60.2 o2=20 probes=0 at=[-158,60,401]
F14 [F14] water: pass 20 head=dry shore=hit r=1 land=none y=64.1 o2=20 probes=0 at=[-136,64,396]
[F12] walk nudge: approach: the stall side-step (right) moved the start (d now 9.6)
[F12] walk nudge: approach: 2 segment(s) walked in 4.8s, goal now d=9.6 (inside the direct envelope)
[F12] walk nudge: inside the direct envelope
F19 iron commune: chest walk failed (Took to long to decide path to goal!)
F19 [F19] chest skip (doomed goal cached 0s ago at [-144,71,412])
F13 [F13] water: pass 10 head=dry shore=hit r=1 land=none y=61.2 o2=20 probes=0 at=[-158,61,401]
F2 [F2] craft torches: stick-dry but 21 planks held - one stick batch first
F10 iron commune: iron commune: path nudge approach: 2 segment(s) walked in 3.4s, goal now d=35.9 (still outside - a segment stalled (no position delta))
F10 iron commune: iron commune: path nudge closed to d=35.9 - retrying the same chest
F1 tunnel: 2 blocks (branch mine at the floor, steered, ore detour)
F1 bank trip: skipped (pockets full, 96s left < 150s - the end-phase owns the deadline banking)
F2 [F2] craft torches: 1 batch(es) -> 4 torches (sticks 2 coals 7, the metal reserve keeps 2)
F14 [F14] water: rescue complete in 27.7s
F14 [F14] water: hazard memorized at [-128,62,394] (10 live, fleet-wide)
F15 [F15] water: drowning rescue start (drowning, oxygen 19)
F15 [F15] water: pass 0 head=wet shore=none land=n/a y=55.4 o2=19 probes=0 at=[-115,55,368]
F4 map trip: sand
F10 iron commune: iron commune: chest walk failed after the nudge (No path to the goal!)
F10 iron commune: chest walk failed (Took to long to decide path to goal!)
F10 iron commune: chest walk failed (No path to the goal!)
F9 tunnel: 6 blocks (branch mine at the floor, steered, floor lock)
t-94s alive=19/19 mined=2436 map=1193p/23ch banked=150 smelted=12 pocket=2449u/279s | sand=36 gravel=42 dirt=351 stone=0
   deficits: 157926/36 (0.0%) 149380/42 (0.0%) 31860/0 (0.0%) 27420/0 (0.0%) 10725/53 (0.5%)
   F1=228[cobblestone:87 dirt:34 diorite:27] | F2=188[cobblestone:91 dirt:31 torch:24] | F3=163[cobblestone:82 raw_copper:32 dirt:27] | F4=89[dirt:13 oak_planks:8 leaf_litter:6] | F5=49[dirt:89 leaf_litter:23 oak_log:10] | F6=186[cobblestone:116 dirt:24 diorite:20] | F7=146[torch:20 stick:6 oak_log:3] | F8=194[cobblestone:127 dirt:41 andesite:15] | F9=52[dirt:6 leaf_litter:5 stick:3] | F10=84[cobblestone:44 coal:20 diorite:20] | F11=100[cobblestone:46 raw_copper:33 granite:25] | F12=156[cobblestone:86 raw_copper:26 diorite:22] | F13=46[dirt:36 leaf_litter:20 sand:15] | F14=142[cobblestone:71 oak_planks:5 stick:4] | F15=88[cobblestone:41 granite:19 raw_copper:12] | F16=156[empty] | F17=189[cobblestone:123 dirt:19 diorite:15] | F18=35[cobblestone:22 stick:5 leaf_litter:4] | F19=145[cobblestone:68 raw_copper:8 copper_ingot:8]
   mem: heap=126M/159M old=-1M ext=138M ab=135M rss=395M cols=1913 ents=2590 evicted=1619 path=6a/1q (max 6) stale=0
F4 reloot: walking to the own death spot [-133,42,440] (28b, budget 14s, window 128s)
F13 [F13] water: pass 13 head=dry shore=hit r=1 land=none y=63.4 o2=20 probes=0 at=[-154,63,401]
F10 iron commune: chest walk failed (No path to the goal!)
F10 fuel anchor scan returned empty (attempt 1/2) at [-101,47,381] yard d=43 - the palette empty-return class, re-querying
F10 fuel anchor scan returned empty (attempt 2/2) at [-101,47,381] yard d=43
F10 fuel anchor scan empty x2 - the singular probe rescued the scan (chest at [-123,71,392])
F8 [toolupgrade] [upgrade] upgraded: stone_pickaxe,wooden_shovel,wooden_pickaxe,wooden_pickaxe
F8 tool upgrade: OK -> stone_pickaxe (stone_pickaxe,wooden_shovel,wooden_pickaxe,wooden_pickaxe)
F8 [F8] craft torches: stick-dry with logs held - one plank conversion first
F16 reloot: no walk (unarmed) - the empty pocket bootstraps first, the read re-arms (a delay, not a verdict)
F16 tool recovery: no pickaxe - spare-pick craft first
F16 spare pick: skip (no sticks and no planks for sticks)
F16 tool recovery: spare craft failed (no sticks and no planks for sticks) - re-running the bootstrap
F15 [F15] water: pass 5 head=wet shore=none land=n/a y=56.2 o2=20 probes=0 at=[-115,56,368]
F4 reloot: no-path retry at range 8 (budget 14s) - the dry rim inside the sphere counts as arrival
F3 camp furnace: BUILT (furnace at -78,51,424) in 16s
[F3] furnace within reach - opening without a walk
F5 [F5] craft torches: skip (no coal: sticks 4 coals 0)
F5 wood trip: gathered (sticks 4 planks 8 logs 10)
F13 [F13] water: pass 14 head=dry shore=hit r=1 land=none y=63.8 o2=20 probes=0 at=[-155,64,402]
F8 [F8] craft torches: stick-dry but 5 planks held - one stick batch first
[F3] fuel clips the batch: 3 x stick completes 1 of 32 x raw_copper (the rest re-smelts on the next chain)
F15 [F15] water: deep-pocket ascend - dug the ceiling dirt at [-116,58,367] (jump stalled 4+ passes, o2 20)
F4 reloot: retry failed (Took to long to decide path to goal!) - the drops stay lost (no surface: land)
F4 [F4] craft torches: skip (no coal: sticks 5 coals 0)
[F3] furnace slots after put: input=raw_copper fuel=stick
[F3] smelting 1 x raw_copper in a furnace (fuel: 3 x stick)
F3 fuel anchor scan returned empty (attempt 1/2) at [-76,51,425] yard d=50 - the palette empty-return class, re-querying
F3 fuel anchor scan returned empty (attempt 2/2) at [-76,51,425] yard d=50
F3 fuel anchor scan empty x2 - the singular probe rescued the scan (chest at [-104,71,418])
F3 fuel commons: the anchor chest is read first
F15 [F15] water: pass 7 head=wet shore=none land=n/a y=56.4 o2=20 probes=0 at=[-115,56,368]
F2 [F2] water: drowning rescue start (drowning, oxygen 12)
F2 [F2] water: pass 0 head=wet shore=none land=n/a y=60.1 o2=12 probes=0 at=[-100,60,460]
F8 [F8] craft torches: skip (no coal: sticks 5 coals 0)
F8 bank trip: skipped (pockets full, 90s left < 150s - the end-phase owns the deadline banking)
F8 [F8] craft torches: skip (no coal: sticks 5 coals 0)
F8 tunnel: steering coal_ore @ 6.9b (axis x+, cross 2.358511698489906, floor lock)
F8 tunnel: 0 blocks (branch mine at the floor, steered, floor lock)
F8 bank trip: skipped (pockets full, 90s left < 150s - the end-phase owns the deadline banking)
F9 reloot: walking to the own death spot [-116,46,399] (37b, budget 14s, window 111s)
F4 pre-position: 50b from yard, t-89s - walking home
F14 [F14] raw hop failed: raw walk timeout after 6600ms (d=9.9) - pathfinder retry
F14 [F14] hop: chest at [-125,71,392] d=8 zero: chest unreachable (doomed goal (ledgered 5s ago at [-125,71,392]) - walk to chest (retry) refused)
F14 bank: +85
F3 fuel commons: path nudge approach: 1 segment(s) walked in 0.4s, goal now d=34.6 (still outside - a segment stalled (no position delta))
F3 fuel commons: path nudge closed to d=34.6 - retrying the same chest
F13 [F13] water: pass 16 head=dry shore=hit r=1 land=none y=63.4 o2=20 probes=0 at=[-157,63,401]
F15 [F15] water: pass 10 head=wet shore=none land=n/a y=56.4 o2=20 probes=0 at=[-115,56,368]
F2 [F2] water: pass 3 head=dry shore=hit r=2 land=none y=62.4 o2=10 probes=0 at=[-100,62,460]
F10 fuel anchor: path nudge approach: 1 segment(s) walked in 3.8s, goal now d=34.5 (still outside - the approach clock is spent)
F10 fuel anchor: path nudge closed to d=34.5 - retrying from the new start
F10 fuel anchor: 0 delivered (walk failed (No path to the goal!)) - the legacy scatter carries the tithe
F10 [F10] chest skip (doomed goal cached 7s ago at [-123,71,392])
F10 [F10] chest skip (doomed goal cached 7s ago at [-124,71,392])
F10 [F10] chest skip (doomed goal cached 7s ago at [-125,71,392])
F19 [F19] raw hop failed: raw walk: no net progress for 8910ms (best d=7.0) - pathfinder retry
F15 [F15] water: frozen physics (10 flat passes at y=56.4, o2=20, head WET) - standing down, the reconnect lane owns this
F15 [F15] water: rescue standing down (frozen physics - the walk gate reopens, the reconnect lane owns a dead client) in 8.7s
F15 [F15] water: frozen client relog (#3 consecutive) (frozen while head-wet (1 verdict) - the drowning clock owns this client) - ending the session, the reconnect lane rebuilds the physics; the drowning sentry holds non-critical pages 40s (the frozen-return gate)
F15 [F15] water: hazard memorized at [-116,56,367] (10 live, fleet-wide)
F8 [F8] craft torches: skip (no coal: sticks 5 coals 0)
F8 bank trip: skipped (pockets full, 87s left < 150s - the end-phase owns the deadline banking)
F8 [F8] craft torches: skip (no coal: sticks 5 coals 0)
F8 tunnel: steering coal_ore @ 6.6b (axis x--1, cross 0.5, floor lock)
F15 [F15] water: frozen-return gate holds the page (40s left) - the fresh client walks the hazard-ledgered column out
F9 reloot: no-path retry at range 8 (budget 14s) - the dry rim inside the sphere counts as arrival
F13 [F13] water: rescue complete in 26.5s
F13 [F13] water: hazard memorized at [-160,62,399] (11 live, fleet-wide)
F4 climb out (pre-position): OK +2 levels (1 steps, 1 dug, 3s)
F4 bank: holding 45s of 86s for the smelt leg
F3 fuel commons: chest walk failed after the nudge (No path to the goal!)
F9 reloot: surface retry at [-116,51,399] (budget 14s) - the floating stacks live at the water surface
F1 [F1] craft torches: stick-dry but 9 planks held - one stick batch first
F2 [F2] water: pass 5 head=dry shore=hit r=1 land=none y=62.1 o2=20 probes=0 at=[-100,62,458]
F9 reloot: surface failed (No path to the goal!) - the drops stay lost
F9 [F9] craft torches: skip (no coal: sticks 3 coals 0)
F9 [F9] craft torches: skip (no coal: sticks 3 coals 0)
F9 tunnel: steering coal_ore @ 9b (axis x--1, cross 0.5, floor lock)
F1 [F1] craft torches: skip (the pocket torch cap: held 24 of 24 - sticks 6 coals 4)
F5 [F5] craft torches: skip (no coal: sticks 4 coals 0)
F11 tunnel: 0 blocks (branch mine at the floor, floor lock)
F11 bank trip: skipped (pockets full, 84s left < 150s - the end-phase owns the deadline banking)
F7 pre-position: 49b from yard, t-84s - walking home
F2 [F2] water: pass 8 head=dry shore=hit r=1 land=none y=64.2 o2=20 probes=0 at=[-101,64,457]
F10 [F10] raw hop failed: raw walk stalled after 2140ms (d=33.5) - pathfinder retry
F5 [F5] digShaft: water table y=58 (region strike) - stopping above the aquifer, the tunnel owns this level (regions 2)
F3 fuel commons: budget spent (0/6 units)
F3 smelted 0 () rescued=0 fired=1
[F12] walk nudge: approach: the stall side-step (right) moved the start (d now 10.4)
[F12] walk nudge: approach: 2 segment(s) walked in 4.3s, goal now d=10.4 (inside the direct envelope)
[F12] walk nudge: inside the direct envelope
F10 [F10] hop: chest at [-104,71,408] d=36 zero: chest unreachable (Took to long to decide path to goal!)
F7 [F7] climb bridge: unavailable (no placeable block in the pocket)
F7 [F7] climb diag: level at y=66 blocked toward 0,1 (dug=2)
F7 [F7] climb bridge: unavailable (no placeable block in the pocket)
F7 [F7] climb diag: level at y=65 blocked toward -1,0 (dug=2)
F3 iron commune: iron commune: path nudge approach: 1 segment(s) walked in 0.0s, goal now d=33.2 (still outside - a segment stalled (no position delta))
F3 iron commune: iron commune: path nudge closed to d=33.2 - retrying the same chest
F7 [F7] climb bridge: unavailable (no placeable block in the pocket)
F7 [F7] climb diag: level at y=65 blocked toward 0,-1 (dug=2)
F7 climb out (pre-position): failed - stalled
F7 [F7] climb bridge: unavailable (no placeable block in the pocket)
F7 [F7] climb diag: level at y=65 blocked toward 0,1 (dug=0)
F3 iron commune: iron commune: chest walk failed after the nudge (No path to the goal!)
F3 iron commune: chest walk failed (No path to the goal!)
F7 [F7] climb bridge: unavailable (no placeable block in the pocket)
F7 [F7] climb diag: level at y=65 blocked toward -1,0 (dug=0)
F2 [F2] water: pass 11 head=dry shore=hit r=1 land=none y=64.0 o2=20 probes=0 at=[-104,64,458]
F17 climb out (bank): failed - timeout
F17 climb out (bank): retry (escalated retry after timeout, fenced to 28s of the 28s the chain has left)
F17 bank: holding 45s of 120s for the smelt leg
F17 [F17] chest skip (no path cached 1s ago at [-104,71,408])
F17 [F17] chest skip (no path cached 1s ago at [-104,71,410])
F17 [F17] chest skip (no path cached 2s ago at [-104,71,412])
F3 iron commune: chest walk failed (goal brake: 6 goals in 5s - iron commune walk @-104,416 refused for 4s)
F7 [F7] climb bridge: unavailable (no placeable block in the pocket)
F7 [F7] climb diag: level at y=65 blocked toward 0,-1 (dug=0)
F3 iron commune: chest walk failed (goal brake: 6 goals in 5s - iron commune walk @-109,418 refused for 4s)
F3 [F3] chest skip (doomed goal cached 9s ago at [-104,71,418])
F3 [F3] chest skip (doomed goal cached 5s ago at [-104,71,416])
F3 [F3] chest skip (doomed goal cached 5s ago at [-109,71,418])
F3 [F3] chest skip (doomed goal cached 4s ago at [-109,71,416])
[hb] n=26 ts=521s rss=398M late=132ms mainLate=1027ms
F3 [F3] chest skip (doomed goal cached 3s ago at [-104,71,414])
F3 [F3] chest skip (no path cached 3s ago at [-104,71,412])
F3 [F3] chest skip (no path cached 3s ago at [-104,71,410])
F3 [F3] chest skip (no path cached 3s ago at [-104,71,408])
F3 bank: 0 (no chest in range)
F7 final climb: retry (escalated retry after stalled, 236s fence)
F7 [F7] climb bridge: unavailable (no placeable block in the pocket)
F7 [F7] climb diag: level at y=65 blocked toward -1,0 (dug=0)
F4 [F4] approach: 1 segment(s) walked in 7.1s, goal now d=21.5 (inside the direct envelope)
F14 [F14] craft torches: skip (no coal: sticks 4 coals 0)
F7 [F7] climb bridge: unavailable (no placeable block in the pocket)
F7 [F7] climb diag: level at y=65 blocked toward 0,-1 (dug=0)
F3 pre-position: 49b from yard, t-79s - walking home
F7 [F7] climb bridge: unavailable (no placeable block in the pocket)
F7 [F7] climb diag: level at y=65 blocked toward 1,0 (dug=0)
t-79s alive=19/19 mined=2475 map=1247p/23ch banked=235 smelted=12 pocket=2513u/281s | sand=36 gravel=42 dirt=372 stone=0
   deficits: 157926/36 (0.0%) 149380/42 (0.0%) 31860/0 (0.0%) 27420/0 (0.0%) 10725/57 (0.5%)
   F1=236[cobblestone:93 dirt:37 diorite:27] | F2=188[cobblestone:91 dirt:32 torch:24] | F3=163[cobblestone:87 raw_copper:31 dirt:27] | F4=92[dirt:16 oak_planks:8 stick:6] | F5=55[dirt:95 leaf_litter:26 oak_log:10] | F6=186[cobblestone:116 dirt:24 diorite:20] | F7=148[torch:20 stick:6 oak_log:3] | F8=200[cobblestone:131 dirt:41 andesite:16] | F9=55[dirt:7 leaf_litter:5 cobblestone:4] | F10=84[cobblestone:45 diorite:22 coal:20] | F11=100[cobblestone:46 raw_copper:33 granite:25] | F12=156[cobblestone:86 raw_copper:26 diorite:22] | F13=46[dirt:36 leaf_litter:20 sand:15] | F14=142[cobblestone:71 oak_planks:5 stick:4] | F15=89[cobblestone:41 granite:19 raw_copper:12] | F16=158[oak_log:1] | F17=197[cobblestone:124 dirt:25 diorite:15] | F18=35[cobblestone:22 stick:5 leaf_litter:4] | F19=145[cobblestone:68 raw_copper:8 copper_ingot:8]
   mem: heap=122M/159M old=-1M ext=138M ab=136M rss=398M cols=1789 ents=2257 evicted=1584 path=3a/0q (max 6) stale=0
F7 final climb: failed - stalled [stage 1]
F7 final bank: 0 (still underground after 2 climb attempts - the chain from the shaft bottom is doomed walks)
F7 retry #1 in 7.8s ()
F2 [F2] water: pass 16 head=dry shore=hit r=1 land=none y=64.5 o2=20 probes=0 at=[-111,64,458]
F10 [F10] raw hop failed: raw walk stalled after 2102ms (d=33.9) - pathfinder retry
F5 tunnel: 2 blocks (branch mine at the floor, ore detour)
F5 bank trip: skipped (pockets full, 79s left < 150s - the end-phase owns the deadline banking)
F3 [F3] climb bridge: the server refused the pit fill at [-77,51,424] - the rotate ladder owns it (held=cobblestone, 1.3b, ref=furnace, post=? (re-read failed))
F3 [F3] climb diag: level at y=52 blocked toward 1,0 (dug=1)
F19 [F19] raw hop failed: raw walk: no net progress for 8116ms (best d=7.0) - pathfinder retry
F1 [F1] digShaft: water strike at y=50 -> water table (regions 2); fluid below (-123, 51, 401) - moving sideways
F10 [F10] hop: chest at [-109,71,408] d=34 zero: chest unreachable (Took to long to decide path to goal!)
F10 [F10] chest skip (no path cached 5s ago at [-104,71,410])
F10 [F10] chest skip (no path cached 0s ago at [-109,71,410])
F10 [F10] chest skip (no path cached 5s ago at [-104,71,412])
F10 bank: 0 (chest unreachable (Took to long to decide path to goal!))
F1 [F1] digShaft: water table y=54 (region strike) - stopping above the aquifer, the tunnel owns this level (regions 2)
F1 bank trip: skipped (pockets full, 77s left < 150s - the end-phase owns the deadline banking)
F2 [F2] water: pass 18 head=dry shore=hit r=1 land=none y=64.5 o2=20 probes=0 at=[-114,64,457]
F6 [F6] approach: the stall side-step (right) moved the start (d now 40.5)
F19 [F19] direct deposit: 27 chest slots derived from the 63-slot view
F4 [F4] raw hop failed: raw walk stalled after 2721ms (d=20.5) - pathfinder retry
F1 [F1] craft torches: skip (the pocket torch cap: held 23 of 24 - sticks 6 coals 4)
F1 [F1] digShaft: water strike at y=50 -> water table (regions 2); fluid below (-123, 51, 401) - moving sideways
F14 [F14] digShaft: water table y=54 (region strike) - stopping above the aquifer, the tunnel owns this level (regions 2)
F14 tunnel: steering coal_ore @ 2.2b (axis z+, cross 1.3251329973516874, ore detour)
F2 [F2] water: pass 20 head=dry shore=hit r=1 land=none y=65.0 o2=20 probes=0 at=[-116,65,456]
F1 [F1] digShaft: water strike at y=50 -> water table (regions 2); fluid below (-123, 51, 401) - moving sideways
F1 bank trip: skipped (pockets full, 72s left < 150s - the end-phase owns the deadline banking)
F1 [F1] craft torches: skip (the pocket torch cap: held 23 of 24 - sticks 6 coals 4)
F1 [F1] digShaft: water strike at y=50 -> water table (regions 2); fluid below (-123, 51, 401) - moving sideways
F1 tunnel: steering coal_ore @ 5.6b (axis z+, cross 0.41802229189455886, floor lock)
F8 tunnel: 12 blocks (branch mine at the floor, steered, floor lock)
F2 [F2] water: rescue complete in 19.2s
F2 [F2] water: hazard memorized at [-101,62,458] (11 live, fleet-wide)
F7 [F7] KICKED: {"type":"compound","value":{"translate":{"type":"string","value":"multiplayer.disconnect.duplicate_login"}}}
F14 tunnel: 2 blocks (branch mine at the floor, steered, ore detour)
F4 [F4] direct deposit: 27 chest slots derived from the 63-slot view
F4 camp furnace: 9 near machine(s) beyond the 24b direct envelope (nearest d=4.1) - 1 inside the envelope keep the veto
F4 camp furnace: no build (machine near)
[F4] furnace within reach - opening without a walk
F6 [F6] approach: 8 segment(s) walked in 81.3s, goal now d=41.2 (still outside - the approach clock is spent)
F6 [F6] hop: chest at [-134,71,418] d=43 zero: chest unreachable (budget exhausted (walk floor))
F6 [F6] hop: chest at [-129,71,418] d=42 zero: chest unreachable (budget exhausted (walk floor))
F6 [F6] hop: chest at [-139,71,416] d=42 zero: chest unreachable (budget exhausted (walk floor))
F6 [F6] hop: chest at [-144,71,416] d=43 zero: chest unreachable (budget exhausted (walk floor))
F6 [F6] hop: chest at [-134,71,416] d=43 zero: chest unreachable (budget exhausted (walk floor))
F6 [F6] hop: chest at [-124,71,418] d=44 zero: chest unreachable (budget exhausted (walk floor))
F6 bank fallback: none (chest unreachable (budget exhausted (walk floor)))
F6 end-bank budget spent - smelt skipped
F6 [F6] hop: chest at [-139,71,418] d=41 zero: chest unreachable (budget exhausted (walk floor))
F6 [F6] hop: chest at [-144,71,418] d=41 zero: chest unreachable (budget exhausted (walk floor))
F6 [F6] hop: chest at [-134,71,418] d=41 zero: chest unreachable (budget exhausted (walk floor))
F6 [F6] hop: chest at [-129,71,418] d=42 zero: chest unreachable (budget exhausted (walk floor))
F6 [F6] hop: chest at [-139,71,416] d=42 zero: chest unreachable (budget exhausted (walk floor))
F6 [F6] hop: chest at [-144,71,416] d=43 zero: chest unreachable (budget exhausted (walk floor))
F6 [F6] hop: chest at [-134,71,416] d=43 zero: chest unreachable (budget exhausted (walk floor))
F6 [F6] hop: chest at [-124,71,418] d=44 zero: chest unreachable (budget exhausted (walk floor))
F6 bank: 0 (chest unreachable (budget exhausted (walk floor)))
[F4] fuel clips the batch: 1 x oak_planks completes 1 of 3 x sand (the rest re-smelts on the next chain)
F15 tunnel: 2 blocks (branch mine at the floor, steered, ore detour)
[F4] furnace slots after put: input=sand fuel=oak_planks
[F4] smelting 1 x sand in a furnace (fuel: 1 x oak_planks)
[F12] walk nudge: approach: the stall side-step (right) stalled too
[F12] walk nudge: approach: 1 segment(s) walked in 4.3s, goal now d=4.9 (inside the direct envelope)
[F12] walk nudge: inside the direct envelope
F7 pre-position: 62b from yard, t-67s - walking home
F7 [F7] climb bridge: unavailable (no placeable block in the pocket)
F7 [F7] climb diag: level at y=65 blocked toward 0,1 (dug=0)
F7 [F7] climb bridge: unavailable (no placeable block in the pocket)
F7 [F7] climb diag: level at y=65 blocked toward -1,0 (dug=0)
F7 [F7] climb bridge: unavailable (no placeable block in the pocket)
F7 [F7] climb diag: level at y=65 blocked toward 0,-1 (dug=0)
F7 climb out (pre-position): failed - stalled
F7 [F7] climb bridge: unavailable (no placeable block in the pocket)
F7 [F7] climb diag: level at y=65 blocked toward -1,0 (dug=0)
F7 [F7] climb bridge: unavailable (no placeable block in the pocket)
F7 [F7] climb diag: level at y=65 blocked toward 0,-1 (dug=0)
F1 tunnel: 4 blocks (branch mine at the floor, steered, floor lock)
F1 bank trip: skipped (pockets full, 67s left < 150s - the end-phase owns the deadline banking)
F7 [F7] climb bridge: unavailable (no placeable block in the pocket)
F7 [F7] climb diag: level at y=65 blocked toward 1,0 (dug=0)
F6 pre-position: 53b from yard, t-66s - walking home
F7 final climb: retry (escalated retry after stalled, 234s fence)
F7 [F7] climb bridge: unavailable (no placeable block in the pocket)
F7 [F7] climb diag: level at y=65 blocked toward 0,-1 (dug=0)
F7 [F7] climb bridge: unavailable (no placeable block in the pocket)
F7 [F7] climb diag: level at y=65 blocked toward 1,0 (dug=0)
F1 [F1] craft torches: skip (the pocket torch cap: held 23 of 24 - sticks 6 coals 4)
F7 [F7] climb bridge: unavailable (no placeable block in the pocket)
F7 [F7] climb diag: level at y=65 blocked toward 0,1 (dug=0)
F6 [F6] climb bridge: unavailable (no solid floor underfoot)
F6 [F6] climb diag: level at y=49 blocked toward 0,1 (dug=1)
F19 [F19] raw hop failed: raw walk: no net progress for 8078ms (best d=7.0) - pathfinder retry
t-64s alive=19/19 mined=2541 map=1306p/24ch banked=235 smelted=12 pocket=2463u/281s | sand=37 gravel=40 dirt=367 stone=0
   deficits: 157926/37 (0.0%) 149380/40 (0.0%) 31860/0 (0.0%) 27420/0 (0.0%) 10725/63 (0.6%)
   F1=244[cobblestone:102 dirt:37 diorite:27] | F2=190[cobblestone:91 dirt:32 torch:24] | F3=177[cobblestone:87 raw_copper:31 dirt:27] | F4=92[oak_planks:8 stick:6 oak_log:3] | F5=55[dirt:102 leaf_litter:26 oak_log:10] | F6=188[cobblestone:117 dirt:24 diorite:20] | F7=148[torch:20 stick:6 oak_log:3] | F8=213[cobblestone:131 dirt:41 andesite:22] | F9=64[granite:9 dirt:7 cobblestone:7] | F10=84[cobblestone:47 diorite:22 coal:20] | F11=100[cobblestone:46 raw_copper:33 granite:25] | F12=156[cobblestone:87 raw_copper:26 diorite:22] | F13=46[dirt:36 leaf_litter:20 sand:16] | F14=158[cobblestone:71 diorite:7 oak_planks:5] | F15=89[cobblestone:41 granite:19 raw_copper:12] | F16=160[leaf_litter:3 oak_log:2 apple:1] | F17=197[cobblestone:124 dirt:25 diorite:15] | F18=35[cobblestone:22 stick:5 leaf_litter:4] | F19=145[oak_planks:4 cobblestone:4 stick:2]
   mem: heap=123M/161M old=-1M ext=135M ab=133M rss=404M cols=1769 ents=2379 evicted=1634 path=4a/0q (max 6) stale=0
F9 tunnel: 13 blocks (branch mine at the floor, steered, floor lock)
F7 final climb: failed - stalled [stage 2]
F7 final bank: 0 (still underground after 2 climb attempts - the chain from the shaft bottom is doomed walks)
F7 retry #1 in 6.9s ()
[hb] n=27 ts=541s rss=405M late=136ms mainLate=925ms
[F12] walk nudge: approach: 1 segment(s) walked in 5.8s, goal now d=8.5 (inside the direct envelope)
[F12] walk nudge: inside the direct envelope
F19 [F19] hop: chest at [-144,71,410] d=7 zero: chest unreachable (Took to long to decide path to goal!)
F19 [F19] chest skip (no path cached 0s ago at [-144,71,408])
F19 [F19] chest skip (no path cached 0s ago at [-144,71,414])
F19 [F19] hop: chest at [-139,71,410] d=8 zero: chest unreachable (budget exhausted (walk floor))
F19 [F19] hop: chest at [-139,71,408] d=9 zero: chest unreachable (budget exhausted (walk floor))
F19 [F19] hop: chest at [-139,71,412] d=8 zero: chest unreachable (budget exhausted (walk floor))
F19 bank: +140
F12 smelted 1 (copper_ingot:1) rescued=0
F6 climb out (pre-position): OK +3 levels (3 steps, 6 dug, 7s)
F6 bank: smelt hold skipped - no fuel in pocket (coal 0)
F12 iron commune: iron commune: path nudge approach: 1 segment(s) walked in 0.2s, goal now d=9.2 (inside the direct envelope)
F12 iron commune: iron commune: path nudge inside the direct envelope
F1 [F1] water: drowning rescue start (drowning, oxygen 14)
F1 [F1] water: pass 0 head=wet shore=none land=n/a y=49.0 o2=14 probes=0 at=[-121,49,402]
[F4] took 1 x glass (1/1)
F9 [F9] vein sweep: 5 drop(s) in reach (3 dug)
F1 [F1] water: transit toward known land (oak_log) at [-127,404] d=6
F12 iron commune: iron commune: chest walk failed after the nudge (No path to the goal!)
F12 iron commune: chest walk failed (No path to the goal!)
F19 [F19] craft torches: stick-dry but 5 planks held - one stick batch first
F19 [F19] craft torches: skip (no coal: sticks 6 coals 0)
F7 [F7] KICKED: {"type":"compound","value":{"translate":{"type":"string","value":"multiplayer.disconnect.duplicate_login"}}}
F1 [F1] water: pass 3 head=wet shore=none land=n/a y=49.5 o2=20 probes=0 at=[-121,49,402]
F12 iron commune: chest walk failed (No path to the goal!)
F1 [F1] water: transit toward known land (oak_log) at [-127,404] d=6
F19 [F19] digShaft: water table y=58 (region strike) - stopping above the aquifer, the tunnel owns this level (regions 2)
F19 tunnel: steering coal_ore @ 14b (axis x+, cross 0.534791944277174, ore detour)
F9 [F9] vein sweep: the drop walk to [-157,46,407] failed - sweep drops: timeout after 4000ms (dy 4.0, range 2)
F5 [F5] craft torches: skip (no coal: sticks 4 coals 0)
F1 [F1] water: pass 8 head=wet shore=none land=n/a y=49.3 o2=20 probes=0 at=[-122,49,402]
F18 climb out (trip): failed - timeout [stage 2]
F18 map trip skipped: cannot leave the shaft
F12 iron commune: chest walk failed (Took to long to decide path to goal!)
F12 [F12] chest skip (doomed goal cached 0s ago at [-139,71,408])
F1 [F1] water: transit toward known land (oak_log) at [-127,404] d=6
F14 [F14] vein sweep: 8 drop(s) in reach (19 dug)
F14 [F14] vein sweep: the drop walk to [-121,57,397] failed - doomed goal (ledgered 9s ago at [-121,57,397]) - sweep drops refused (dy 1.0, range 2)
F1 [F1] water: transit toward known land (oak_log) at [-127,404] d=6
F5 [F5] digShaft: water table y=58 (region strike) - stopping above the aquifer, the tunnel owns this level (regions 2)
F5 bank trip: skipped (pockets full, 49s left < 150s - the end-phase owns the deadline banking)
t-49s alive=19/19 mined=2602 map=1309p/25ch banked=375 smelted=13 pocket=2510u/284s | sand=36 gravel=40 dirt=394 stone=0
   deficits: 157926/36 (0.0%) 149380/40 (0.0%) 31860/0 (0.0%) 27420/0 (0.0%) 10725/63 (0.6%)
   F1=244[cobblestone:104 dirt:37 diorite:27] | F2=190[cobblestone:91 dirt:32 torch:24] | F3=191[cobblestone:87 dirt:39 raw_copper:31] | F4=92[oak_planks:7 stick:6 oak_log:3] | F5=59[dirt:112 leaf_litter:28 oak_log:10] | F6=192[cobblestone:122 dirt:24 diorite:20] | F7=148[torch:20 stick:6 oak_log:3] | F8=226[cobblestone:131 dirt:41 andesite:22] | F9=68[cobblestone:10 granite:10 dirt:7] | F10=84[cobblestone:47 diorite:22 coal:20] | F11=100[cobblestone:46 raw_copper:33 granite:25] | F12=156[cobblestone:87 raw_copper:26 diorite:22] | F13=46[dirt:36 leaf_litter:20 sand:16] | F14=171[cobblestone:71 diorite:7 oak_planks:5] | F15=89[cobblestone:41 granite:19 raw_copper:12] | F16=161[oak_log:4 leaf_litter:3 apple:1] | F17=197[cobblestone:124 dirt:22 diorite:15] | F18=35[cobblestone:22 stick:5 leaf_litter:4] | F19=153[dirt:8 stick:6 cobblestone:4]
   mem: heap=120M/163M old=-1M ext=144M ab=141M rss=412M cols=1911 ents=2684 evicted=1644 path=6a/2q (max 6) stale=0
F9 [F9] vein sweep: lip dig refused - sealed floor (air 0, dy 0.0)
F1 [F1] water: pass 12 head=wet shore=none land=n/a y=49.2 o2=20 probes=0 at=[-122,49,402]
F8 [F8] vein sweep: 8 drop(s) in reach (21 dug)
F7 pre-position: 75b from yard, t-48s - walking home
F7 [F7] climb bridge: unavailable (no placeable block in the pocket)
F7 [F7] climb diag: level at y=64 blocked toward 0,1 (dug=0)
F1 [F1] water: transit toward known land (oak_log) at [-127,404] d=6
F7 [F7] climb bridge: unavailable (no placeable block in the pocket)
F7 [F7] climb diag: level at y=64 blocked toward -1,0 (dug=0)
F7 [F7] climb bridge: unavailable (no placeable block in the pocket)
F7 [F7] climb diag: level at y=64 blocked toward 0,-1 (dug=0)
F1 [F1] water: transit toward known land (oak_log) at [-127,404] d=6
F7 climb out (pre-position): failed - stalled
F7 [F7] climb bridge: unavailable (no placeable block in the pocket)
F7 [F7] climb diag: level at y=64 blocked toward -1,0 (dug=0)
F7 [F7] climb bridge: unavailable (no placeable block in the pocket)
F7 [F7] climb diag: level at y=64 blocked toward 0,-1 (dug=0)
F7 [F7] climb bridge: unavailable (no placeable block in the pocket)
F7 [F7] climb diag: level at y=64 blocked toward 1,0 (dug=0)
F1 [F1] water: pass 16 head=wet shore=none land=n/a y=49.3 o2=20 probes=0 at=[-122,49,402]
F1 [F1] water: transit toward known land (oak_log) at [-127,404] d=6
F1 [F1] water: transit stalled (d=6 after 15 passes - the walls own this swim; the release takes over)
F1 [F1] water: transit toward known land (oak_log) at [-127,404] d=6
F1 [F1] water: rescue released (surface-safe, open water - no land known; the walk gate reopens) in 12.2s
F1 [F1] water: hazard memorized at [-122,50,401] (11 live, fleet-wide)
F7 final climb: retry (escalated retry after stalled, 217s fence)
F7 [F7] climb bridge: unavailable (no placeable block in the pocket)
F7 [F7] climb diag: level at y=64 blocked toward 0,-1 (dug=0)
F7 [F7] climb bridge: unavailable (no placeable block in the pocket)
F7 [F7] climb diag: level at y=64 blocked toward 1,0 (dug=0)
F7 [F7] climb bridge: unavailable (no placeable block in the pocket)
F7 [F7] climb diag: level at y=64 blocked toward 0,1 (dug=0)
F11 pre-position: 56b from yard, t-42s - walking home
F11 [F11] climb wet escape: oxygen 4 at the floor - the escape yields, the rescue lane owns the air
F11 climb out (pre-position): failed - low-o2
F11 [F11] climb wet escape: oxygen 4 at the floor - the escape yields, the rescue lane owns the air
F11 final climb: no retry (no retry for 'low-o2')
F11 final climb: failed - low-o2
F11 final bank: 0 (still underground after 1 climb attempt - the chain from the shaft bottom is doomed walks)
F11 retry #1 in 3.7s ()
F7 final climb: failed - stalled [stage 2]
F7 final bank: 0 (still underground after 2 climb attempts - the chain from the shaft bottom is doomed walks)
F7 retry #1 in 7.7s ()
[F4] walk nudge: approach: 1 segment(s) walked in 14.6s, goal now d=9.5 (inside the direct envelope)
[F4] walk nudge: inside the direct envelope
F19 tunnel: 12 blocks (branch mine at the floor, steered, ore detour)
F3 [F3] climb diag: level at y=65 blocked toward 0,1 (dug=30)
[hb] n=28 ts=561s rss=406M late=139ms mainLate=1002ms
F12 [F12] raw hop failed: raw walk: no net progress for 8373ms (best d=7.0) - pathfinder retry
F14 [F14] vein sweep: the drop walk to [-121,57,399] failed - doomed goal (ledgered 20s ago at [-121,57,398]) - sweep drops refused (dy 0.0, range 1)
F1 [F1] water: surface re-arm holds the page (5s left) - the open-water float owns the pacing; a sinking bar still pages
F12 [F12] direct deposit: 27 chest slots derived from the 63-slot view
F12 bank: +188
F14 [F14] vein sweep: +19u walked from the drops (19 dug)
F14 [F14] vein sweep: 2 above-plane walk(s) timed out on the wide goal (range 2) - the ledge family (the v0.189.0 class, the triage names it)
F14 vein sweep: 19 ores dug beside the gallery (ore detour)
F9 [F9] vein sweep: lip dig refused - sealed floor (air 0, dy 1.0)
F9 [F9] vein sweep: +7u walked from the drops (3 dug)
F9 [F9] vein sweep: 1 above-plane walk(s) timed out on the wide goal (range 2) - the ledge family (the v0.189.0 class, the triage names it)
F9 vein sweep: 3 ores dug beside the gallery (floor lock)
F3 [F3] climb bridge: placed cobblestone at [-80,65,437] (support) - the step re-judges
F1 [F1] digShaft: water hazard 1.0b away (live 11) - refusing this column, the caller rotates
F1 tunnel: steering coal_ore @ 6.6b (axis z+, cross 0.29999999999999716, ore detour)
F11 [F11] water: drowning rescue start (drowning, oxygen 3)
F11 [F11] water: pass 0 head=wet shore=none land=n/a y=52.5 o2=3 probes=0 at=[-168,52,407]
F10 [F10] craft torches: 1 batch(es) -> 4 torches (sticks 3 coals 20, the metal reserve keeps 2)
F11 pre-position: 56b from yard, t-34s - walking home
F11 climb out (pre-position): failed - rescue owns the bot
F11 final climb: no retry (no retry for 'rescue owns the bot')
F11 final climb: failed - rescue owns the bot
F11 final bank: 0 (still underground after 1 climb attempt - the chain from the shaft bottom is doomed walks)
F11 retry #1 in 3.9s ()
F3 [F3] climb diag: level at y=67 blocked toward -1,0 (dug=30)
F12 tool upgrade due: cobble available -> stone_pickaxe
F12 [toolupgrade] [upgrade] craft stick: no craftable recipe variant (ingredients missing?)
F1 [F1] water: drowning rescue start (drowning, oxygen 6)
F1 [F1] water: pass 0 head=wet shore=none land=n/a y=49.0 o2=6 probes=0 at=[-121,49,402]
F11 [F11] water: pass 2 head=wet shore=none land=n/a y=53.0 o2=4 probes=0 at=[-168,53,407]
t-33s alive=18/19 mined=2620 map=1316p/25ch banked=563 smelted=13 pocket=2359u/264s | sand=32 gravel=40 dirt=390 stone=0
   deficits: 157926/32 (0.0%) 149380/40 (0.0%) 31860/0 (0.0%) 27420/0 (0.0%) 10725/59 (0.6%)
   F1=246[cobblestone:104 dirt:37 diorite:27] | F2=190[cobblestone:91 dirt:32 torch:24] | F3=193[cobblestone:86 dirt:42 raw_copper:31] | F4=92[oak_planks:7 stick:6 oak_log:3] | F5=59[dirt:119 leaf_litter:33 oak_log:10] | F6=192[cobblestone:122 dirt:24 diorite:20] | F7=148[empty] | F8=227[cobblestone:131 dirt:41 andesite:23] | F9=68[cobblestone:11 granite:11 dirt:7] | F10=84[cobblestone:47 diorite:22 coal:19] | F11=100[cobblestone:46 raw_copper:33 granite:25] | F12=156[cobblestone:23 oak_log:3 stick:3] | F13=46[dirt:36 leaf_litter:20 sand:16] | F14=171[cobblestone:72 coal:16 diorite:10] | F15=89[cobblestone:41 granite:19 raw_copper:12] | F16=166[oak_log:4 leaf_litter:3 apple:1] | F17=197[cobblestone:124 diorite:15 dirt:13] | F18=35[cobblestone:22 stick:5 leaf_litter:4] | F19=161[dirt:20 stick:6 cobblestone:4]
   mem: heap=114M/161M old=-1M ext=136M ab=134M rss=402M cols=1652 ents=2313 evicted=1680 path=6a/1q (max 6) stale=0
[F4] the clock clips the batch: the 2s window completes ~1 of 2 x sand (the rest re-smelts on the next chain)
F7 [F7] KICKED: {"type":"compound","value":{"translate":{"type":"string","value":"multiplayer.disconnect.duplicate_login"}}}
[F4] furnace slots after put: input=sand fuel=stick
[F4] smelting 1 x sand in a furnace (fuel: 4 x stick)
F1 [F1] water: transit toward known land (oak_log) at [-127,404] d=6
F11 [F11] water: frozen physics (4 flat passes at y=53.2, o2=4, head WET - the wet-critical fast window) - standing down, the reconnect lane owns this
F11 [F11] water: rescue standing down (frozen physics - the walk gate reopens, the reconnect lane owns a dead client) in 4.0s
F11 [F11] water: frozen client relog (#3 consecutive) (frozen while head-wet (1 verdict) - the drowning clock owns this client) - ending the session, the reconnect lane rebuilds the physics; the drowning sentry holds non-critical pages 40s (the frozen-return gate)
F11 [F11] water: hazard memorized at [-169,53,407] (9 live, fleet-wide)
F10 [F10] digShaft: water strike at y=43 -> water table (regions 2); fluid below (-104, 44, 384) - moving sideways
F9 tool upgrade due: cobble available -> stone_pickaxe
F9 [toolupgrade] [upgrade] craft stick: no craftable recipe variant (ingredients missing?)
F11 [F11] water: frozen-return gate holds the page (39s left) - the fresh client walks the hazard-ledgered column out
F4 smelted 1 (glass:1) rescued=0
F1 [F1] water: pass 3 head=wet shore=none land=n/a y=49.1 o2=18 probes=0 at=[-121,49,402]
F11 [F11] water: frozen-return gate holds the page (36s left) - the fresh client walks the hazard-ledgered column out
F1 [F1] water: pass 6 head=wet shore=none land=n/a y=49.1 o2=20 probes=0 at=[-121,49,402]
F13 tunnel: 0 blocks (branch mine at the floor, floor lock)
F11 pre-position: 56b from yard, t-27s - walking home
F9 [toolupgrade] [upgrade] upgraded: wooden_shovel,stone_pickaxe,wooden_pickaxe,wooden_pickaxe
F9 tool upgrade: OK -> stone_pickaxe (wooden_shovel,stone_pickaxe,wooden_pickaxe,wooden_pickaxe)
F9 sword due: cobble available
F7 pre-position: 87b from yard, t-27s - walking home
F7 [F7] scan: no chest within 64b (bankable 1)
F7 bank: no chest in range (87 blocks from yard) - walking back
F7 yard approach: 87b beyond the 24b envelope (attempt 1)
F1 tunnel: 2 blocks (branch mine at the floor, steered, ore detour)
F1 bank trip: skipped (pockets full, 26s left < 150s - the end-phase owns the deadline banking)
F10 [F10] digShaft: water strike at y=42 -> water table (regions 2); fluid below (-102, 43, 384) - moving sideways
F1 [F1] craft torches: skip (the pocket torch cap: held 23 of 24 - sticks 6 coals 4)
F1 tunnel: steering coal_ore @ 7.1b (axis z+, cross 1.6381214141775047, ore detour)
F1 [F1] water: transit toward known land (oak_log) at [-127,404] d=6
F14 tool upgrade due: worn (left=1/131) -> stone_pickaxe
F9 sword: OK (stone_sword, holds 1)
F9 sword: OK (stone_sword)
F9 [F9] craft torches: stick-dry with logs held - one plank conversion first
F1 [F1] water: pass 11 head=wet shore=none land=n/a y=49.2 o2=20 probes=0 at=[-121,49,402]
F12 [toolupgrade] [upgrade] upgraded: stone_pickaxe,wooden_shovel,wooden_pickaxe,wooden_pickaxe
F12 tool upgrade: OK -> stone_pickaxe (stone_pickaxe,wooden_shovel,wooden_pickaxe,wooden_pickaxe)
F12 [F12] craft torches: stick-dry but 5 planks held - one stick batch first
F1 [F1] water: transit toward known land (oak_log) at [-127,404] d=6
F5 [F5] craft torches: skip (no coal: sticks 4 coals 0)
F13 [F13] craft torches: skip (no coal: sticks 6 coals 0)
F12 [F12] craft torches: skip (no coal: sticks 5 coals 0)
F8 [F8] vein sweep: +15u walked from the drops (21 dug)
F8 vein sweep: 21 ores dug beside the gallery (floor lock)
F8 bank trip: skipped (pockets full, 25s left < 150s - the end-phase owns the deadline banking)
F9 [F9] [tools] closing stale craft window (minecraft:inventory) - grid recovery
F9 [F9] craft oak_planks: no craftable recipe variant (ingredients missing?)
F9 [F9] craft torches: skip (no spare sticks: sticks 0 coals 2)
F9 [F9] craft torches: skip (no spare sticks: sticks 0 coals 2)
F9 tunnel: steering coal_ore @ 5.2b (axis x+, cross 0.5018632775443734, floor lock)
F5 [F5] digShaft: water table y=58 (region strike) - stopping above the aquifer, the tunnel owns this level (regions 2)
F5 tunnel: steering coal_ore @ 7.8b (axis z+, cross 3.6504486588957548, ore detour)
F1 [F1] water: pass 16 head=dry shore=hit r=1 land=none y=51.5 o2=20 probes=0 at=[-121,52,402]
F12 [F12] digShaft: water table y=58 (region strike) - stopping above the aquifer, the tunnel owns this level (regions 2)
F17 [F17] approach: 3 segment(s) walked in 57.9s, goal now d=14.4 (inside the direct envelope)
F4 [F4] raw hop failed: raw walk: no net progress for 8079ms (best d=6.6) - pathfinder retry
F1 [F1] water: pass 19 head=dry shore=hit r=1 land=none y=51.4 o2=20 probes=0 at=[-121,51,402]
F1 tunnel: 2 blocks (branch mine at the floor, steered, ore detour)
F1 bank trip: skipped (pockets full, 20s left < 150s - the end-phase owns the deadline banking)
F1 [F1] craft torches: skip (the pocket torch cap: held 23 of 24 - sticks 6 coals 4)
F14 [toolupgrade] stone_pickaxe: crafted (worn (left=1/131))
F14 tool upgrade: OK -> stone_pickaxe (worn (left=1/131))
F14 [F14] craft torches: stick-dry but 5 planks held - one stick batch first
F17 [F17] raw hop failed: raw walk stalled after 2477ms (d=14.4) - pathfinder retry
F1 tunnel: steering coal_ore @ 7.2b (axis z+, cross 0.3618785858224953, floor lock)
[hb] n=29 ts=581s rss=415M late=144ms mainLate=918ms
F1 [F1] water: pass 20 head=wet shore=none land=n/a y=49.3 o2=20 probes=0 at=[-121,49,402]
F14 [F14] craft torches: 4 batch(es) -> 16 torches (sticks 2 coals 17)
F9 tunnel: 0 blocks (branch mine at the floor, steered, floor lock)
F13 [F13] water: drowning rescue start (drowning, oxygen 13)
F13 [F13] water: pass 0 head=wet shore=none land=n/a y=59.7 o2=13 probes=0 at=[-165,60,395]
F1 [F1] water: transit toward known land (oak_log) at [-127,404] d=6
F1 [F1] water: transit stalled (d=6 after 19 passes - the walls own this swim; the release takes over)
F1 [F1] water: transit toward known land (oak_log) at [-127,404] d=6
F1 [F1] water: rescue released (surface-safe, open water - no land known; the walk gate reopens) in 14.8s
F1 [F1] water: hazard memorized at [-122,50,401] (9 live, fleet-wide)
t-17s alive=19/19 mined=2644 map=1347p/25ch banked=563 smelted=14 pocket=2475u/280s | sand=35 gravel=40 dirt=427 stone=0
   deficits: 157926/35 (0.0%) 149380/40 (0.0%) 31860/0 (0.0%) 27420/0 (0.0%) 10725/60 (0.6%)
   F1=249[cobblestone:108 dirt:37 diorite:27] | F2=190[cobblestone:91 dirt:32 torch:24] | F3=195[cobblestone:84 dirt:42 raw_copper:31] | F4=92[oak_planks:7 stick:5 oak_log:3] | F5=64[dirt:124 leaf_litter:33 oak_log:10] | F6=192[cobblestone:122 dirt:24 diorite:20] | F7=148[torch:20 stick:6 oak_log:3] | F8=227[cobblestone:139 dirt:41 andesite:24] | F9=68[granite:11 dirt:7 cobblestone:6] | F10=89[cobblestone:54 diorite:22 coal:19] | F11=105[cobblestone:48 raw_copper:33 granite:25] | F12=160[cobblestone:20 dirt:10 stick:5] | F13=46[dirt:36 leaf_litter:20 sand:16] | F14=171[cobblestone:73 coal:15 dirt:11] | F15=89[cobblestone:41 granite:19 raw_copper:12] | F16=166[oak_log:9 leaf_litter:3 apple:1] | F17=197[cobblestone:124 diorite:15 dirt:13] | F18=35[cobblestone:22 stick:5 leaf_litter:4] | F19=161[dirt:32 stick:6 cobblestone:4]
   mem: heap=126M/162M old=-1M ext=136M ab=134M rss=418M cols=1896 ents=2404 evicted=1710 path=6a/4q (max 6) stale=0
F10 bank trip: skipped (pockets full, 16s left < 150s - the end-phase owns the deadline banking)
F13 [F13] water: pass 4 head=dry shore=hit r=4 land=none y=62.7 o2=20 probes=0 at=[-164,63,395]
F1 tunnel: 0 blocks (branch mine at the floor, steered, floor lock)
F1 bank trip: skipped (pockets full, 14s left < 150s - the end-phase owns the deadline banking)
F14 [F14] digShaft: water hazard 3.0b away (live 9) - refusing this column, the caller rotates
F14 tunnel: steering coal_ore @ 3.2b (axis z+, cross 1.4984766339383526, ore detour)
F12 [F12] craft torches: skip (no coal: sticks 5 coals 0)
F13 [F13] craft torches: skip (no coal: sticks 6 coals 0)
F13 [F13] water: pass 6 head=dry shore=hit r=2 land=none y=62.2 o2=20 probes=0 at=[-163,62,396]
F3 climb out (pre-position): failed - stalled
F5 tunnel: 4 blocks (branch mine at the floor, steered, ore detour)
F5 bank trip: skipped (pockets full, 12s left < 150s - the end-phase owns the deadline banking)
F11 [F11] climb wet escape: 5 blocks walked (stalled, walked 1/4)
F11 [F11] climb diag: level at y=52 blocked toward 1,0 (dug=7, wet) at [0,2,0] water (stop)
F15 [F15] vein sweep: refused a cell - gravity roof: sand/gravel still rides this column at +3 after 6 pass(es) (cleared 0) - the dig waits
F11 [F11] climb wet escape: oxygen 6 at the floor - the escape yields, the rescue lane owns the air
F11 climb out (pre-position): failed - low-o2 (traversed 5)
F11 [F11] climb wet escape: oxygen 6 at the floor - the escape yields, the rescue lane owns the air
F11 final climb: no retry (no retry for 'low-o2')
F11 final climb: failed - low-o2
F11 final bank: 0 (still underground after 1 climb attempt - the chain from the shaft bottom is doomed walks)
F11 retry #1 in 5.3s ()
F8 pre-position: 50b from yard, t-11s - walking home
F3 [F3] climb bridge: the server refused the pit fill at [-78,64,437] - the rotate ladder owns it (held=cobblestone, 1.1b, ref=cobblestone, post=? (re-read failed))
F3 [F3] climb diag: level at y=65 blocked toward 1,0 (dug=0)
F12 [F12] digShaft: water table y=58 (region strike) - stopping above the aquifer, the tunnel owns this level (regions 2)
F12 tunnel: steering iron_ore @ 15.1b (axis z+, cross 0.5, ore detour)
F9 [F9] craft torches: stick-dry but 5 planks held - one stick batch first
F13 [F13] water: pass 8 head=dry shore=hit r=1 land=none y=62.4 o2=20 probes=0 at=[-161,62,397]
F11 [F11] water: drowning rescue start (drowning, oxygen 4)
F11 [F11] water: pass 0 head=wet shore=none land=n/a y=52.2 o2=4 probes=0 at=[-168,52,406]
F17 [F17] direct deposit: 27 chest slots derived from the 63-slot view
F17 camp furnace: 13 near machine(s) beyond the 24b direct envelope (nearest d=8.6) - 1 inside the envelope keep the veto
F17 camp furnace: no build (machine near)
F3 [F3] climb bridge: the server refused the support fill at [-79,65,438] - the rotate ladder owns it (held=cobblestone, 0.9b, ref=cobblestone, post=? (re-read failed))
F3 [F3] climb diag: level at y=65 blocked toward 0,1 (dug=0)
F13 [F13] water: pass 9 head=wet shore=none land=n/a y=61.2 o2=20 probes=0 at=[-161,61,398]
F18 [F18] craft torches: skip (no coal: sticks 5 coals 0)
F18 [F18] craft torches: skip (no coal: sticks 5 coals 0)
F18 tunnel: 0 blocks (branch mine at the floor, floor lock)
F11 [F11] water: pass 2 head=wet shore=none land=n/a y=53.2 o2=0 probes=0 at=[-168,53,406]
F3 [F3] climb bridge: the server refused the support fill at [-80,65,437] - the rotate ladder owns it (held=cobblestone, 1.2b, ref=cobblestone, post=? (re-read failed))
F3 [F3] climb diag: level at y=65 blocked toward -1,0 (dug=0)
F4 [F4] hop: chest at [-140,71,392] d=7 zero: chest unreachable (Took to long to decide path to goal!)
F4 [F4] chest skip (no path cached 0s ago at [-142,71,392])
F11 [F11] KICKED: {"type":"compound","value":{"translate":{"type":"string","value":"multiplayer.disconnect.duplicate_login"}}}
F7 yard approach: approach: 3 segment(s) walked in 21.8s, goal now d=34.5 (still outside - the approach clock is spent)
F7 bank: end-bank budget spent - yard walk cancelled
F7 end-bank budget spent - smelt skipped
F7 [F7] hop: chest at [-139,71,418] d=11 zero: chest unreachable (budget exhausted (walk floor))
F7 [F7] hop: chest at [-134,71,418] d=11 zero: chest unreachable (budget exhausted (walk floor))
F7 [F7] hop: chest at [-139,71,416] d=12 zero: chest unreachable (budget exhausted (walk floor))
F7 [F7] hop: chest at [-144,71,418] d=12 zero: chest unreachable (budget exhausted (walk floor))
F7 [F7] hop: chest at [-134,71,416] d=13 zero: chest unreachable (budget exhausted (walk floor))
F7 [F7] hop: chest at [-144,71,416] d=14 zero: chest unreachable (budget exhausted (walk floor))
F7 [F7] hop: chest at [-129,71,418] d=13 zero: chest unreachable (budget exhausted (walk floor))
F7 [F7] hop: chest at [-139,71,414] d=14 zero: chest unreachable (budget exhausted (walk floor))
F7 pre-position bank: 0 (chest unreachable (budget exhausted (walk floor)))
F7 [F7] climb bridge: unavailable (no placeable block in the pocket)
F7 [F7] climb diag: level at y=64 blocked toward 0,1 (dug=0)
F6 [F6] approach: 5 segment(s) walked in 53.9s, goal now d=39.4 (still outside - the approach clock is spent)
F6 [F6] hop: chest at [-144,71,418] d=46 zero: chest unreachable (budget exhausted (walk floor))
F6 [F6] hop: chest at [-139,71,418] d=39 zero: chest unreachable (budget exhausted (walk floor))
F6 [F6] hop: chest at [-134,71,418] d=40 zero: chest unreachable (budget exhausted (walk floor))
F6 [F6] hop: chest at [-129,71,418] d=41 zero: chest unreachable (budget exhausted (walk floor))
F6 [F6] hop: chest at [-139,71,416] d=41 zero: chest unreachable (budget exhausted (walk floor))
F6 [F6] hop: chest at [-144,71,416] d=41 zero: chest unreachable (budget exhausted (walk floor))
F6 [F6] hop: chest at [-134,71,416] d=41 zero: chest unreachable (budget exhausted (walk floor))
F6 [F6] hop: chest at [-124,71,418] d=42 zero: chest unreachable (budget exhausted (walk floor))
F6 bank fallback: none (chest unreachable (budget exhausted (walk floor)))
F6 end-bank budget spent - smelt skipped
F6 [F6] hop: chest at [-139,71,418] d=39 zero: chest unreachable (budget exhausted (walk floor))
F6 [F6] hop: chest at [-144,71,418] d=39 zero: chest unreachable (budget exhausted (walk floor))
F6 [F6] hop: chest at [-134,71,418] d=40 zero: chest unreachable (budget exhausted (walk floor))
F6 [F6] hop: chest at [-129,71,418] d=41 zero: chest unreachable (budget exhausted (walk floor))
F6 [F6] hop: chest at [-139,71,416] d=41 zero: chest unreachable (budget exhausted (walk floor))
F6 [F6] hop: chest at [-144,71,416] d=41 zero: chest unreachable (budget exhausted (walk floor))
F6 [F6] hop: chest at [-134,71,416] d=41 zero: chest unreachable (budget exhausted (walk floor))
F6 [F6] hop: chest at [-124,71,418] d=42 zero: chest unreachable (budget exhausted (walk floor))
F6 pre-position bank: 0 (chest unreachable (budget exhausted (walk floor)))
F7 [F7] climb bridge: unavailable (no placeable block in the pocket)
F7 [F7] climb diag: level at y=64 blocked toward -1,0 (dug=0)
F7 [F7] climb bridge: unavailable (no placeable block in the pocket)
F7 [F7] climb diag: level at y=64 blocked toward 0,-1 (dug=0)
F15 [F15] vein sweep: refused a cell - gravity roof: sand/gravel still rides this column at +3 after 6 pass(es) (cleared 0) - the dig waits
F11 [F11] water: pass 5 head=wet shore=none land=n/a y=54.8 o2=0 probes=0 at=[-168,55,406]
F9 [F9] craft stick: variant#2 attempt0 failed: craft stick: timeout after 7000ms
F9 [F9] [tools] closing stale craft window (minecraft:inventory) - grid recovery
F7 final climb: retry (escalated retry after stalled, 150s fence)
F7 [F7] climb bridge: unavailable (no placeable block in the pocket)
F7 [F7] climb diag: level at y=64 blocked toward -1,0 (dug=0)
F13 [F13] water: pass 13 head=dry shore=hit r=1 land=none y=62.7 o2=20 probes=0 at=[-162,63,397]
t-2s alive=19/19 mined=2661 map=1356p/25ch banked=563 smelted=14 pocket=2473u/277s | sand=36 gravel=37 dirt=428 stone=0
   deficits: 157926/36 (0.0%) 149380/37 (0.0%) 31860/0 (0.0%) 27420/0 (0.0%) 10725/59 (0.6%)
   F1=249[cobblestone:108 dirt:37 diorite:27] | F2=190[cobblestone:91 dirt:32 torch:24] | F3=196[cobblestone:81 dirt:42 raw_copper:31] | F4=92[oak_planks:7 stick:5 oak_log:3] | F5=64[dirt:126 leaf_litter:33 oak_log:10] | F6=193[cobblestone:126 dirt:24 diorite:20] | F7=148[torch:20 stick:6 oak_log:3] | F8=230[cobblestone:142 dirt:41 andesite:24] | F9=68[granite:11 dirt:7 cobblestone:6] | F10=89[cobblestone:54 diorite:22 coal:19] | F11=107[cobblestone:48 raw_copper:33 granite:27] | F12=166[cobblestone:20 dirt:18 stick:5] | F13=46[dirt:36 leaf_litter:20 sand:16] | F14=175[cobblestone:73 torch:16 coal:13] | F15=89[cobblestone:41 granite:19 raw_copper:12] | F16=166[oak_log:6 oak_planks:6 stick:4] | F17=197[cobblestone:123 oak_log:7 stick:3] | F18=35[cobblestone:22 stick:5 leaf_litter:4] | F19=161[dirt:35 stick:6 cobblestone:4]
   mem: heap=126M/163M old=-1M ext=138M ab=135M rss=413M cols=1455 ents=2066 evicted=1604 path=6a/0q (max 6) stale=0
F7 [F7] climb bridge: unavailable (no placeable block in the pocket)
F7 [F7] climb diag: level at y=64 blocked toward 0,-1 (dug=0)
F11 [F11] craft torches: skip (no coal: sticks 3 coals 0)
F7 [F7] climb bridge: unavailable (no placeable block in the pocket)
F7 [F7] climb diag: level at y=64 blocked toward 1,0 (dug=0)
F13 tunnel: 0 blocks (branch mine at the floor, floor lock)
F13 tunnel: 0 blocks x3 - sealed or flooded, cooling down 15s
F6 [F6] climb bridge: placed cobblestone at [-140,46,450] (pit) - the step re-judges
F14 tunnel: 4 blocks (branch mine at the floor, steered, ore detour)
F12 tunnel: 2 blocks (branch mine at the floor, steered, ore detour)
F11 [F11] digShaft: water hazard 1.6b away (live 9) - refusing this column, the caller rotates
F11 tunnel: steering coal_ore @ 12.8b (axis x+, cross 1.481692655002746, ore detour)
F6 [F6] climb bridge: placed cobblestone at [-140,47,450] (support) - the step re-judges
F7 final climb: failed - stalled [stage 1]
F7 final bank: 0 (still underground after 2 climb attempts - the chain from the shaft bottom is doomed walks)
F7 retry #1 in 7.3s ()
F4 [F4] raw hop failed: raw walk timeout after 5574ms (d=10.6) - pathfinder retry
F11 [F11] water: pass 6 head=wet shore=none land=n/a y=54.8 o2=0 probes=0 at=[-168,55,406]
F13 [F13] water: pass 14 head=dry shore=hit r=1 land=none y=62.0 o2=20 probes=0 at=[-162,62,397]
F2 tunnel: steering coal_ore @ 16.1b (axis z--1, cross 0.6784266095822176, ore detour)
F2 tunnel: 0 blocks (branch mine at the floor, steered, ore detour)
F2 final bank: staggered +48s
F14 vein sweep: 1 ores dug beside the gallery (ore detour)
F14 final bank: staggered +96s
[hb] n=30 ts=601s rss=418M late=149ms mainLate=1071ms
[worldmap] autosave: merged 46 from disk, 1402 positions on file
[F17] fuel clips the batch: 1 x oak_log completes 1 of 116 x cobblestone (the rest re-smelts on the next chain)
[F17] the run clock caps the fired batch: 36 of 116 x cobblestone (the rest re-smelts on the next chain)
F11 tunnel: 0 blocks (branch mine at the floor, steered, ore detour)
F11 final bank deferred: night (tod=12450) - the pocket rides out the dark alive (the v0.140.1 night hold)
F8 climb out (pre-position): failed - stopped
F8 final bank: staggered +48s
F13 [F13] water: rescue complete in 19.5s
F13 [F13] water: hazard memorized at [-162,62,397] (10 live, fleet-wide)
F11 [F11] water: drowning rescue start (drowning, oxygen 0)
F11 [F11] water: pass 0 head=wet shore=none land=n/a y=52.0 o2=0 probes=0 at=[-168,52,406]
[F17] furnace slots after put: input=cobblestone fuel=oak_log
[F17] smelting 1 x cobblestone in a furnace (fuel: 1 x oak_log)
F17 smelted 0 () rescued=0 fired=1
F11 [F11] water: pass 7 head=wet shore=none land=n/a y=54.8 o2=0 probes=0 at=[-168,55,406]
F11 [F11] water: frozen physics (4 flat passes at y=54.8, o2=0, head WET - the wet-critical fast window) - standing down, the reconnect lane owns this
F11 [F11] water: rescue standing down (frozen physics - the walk gate reopens, the reconnect lane owns a dead client) in 11.5s
F11 [F11] water: frozen client relog (#4 consecutive) (frozen while head-wet (1 verdict) - the drowning clock owns this client) - ending the session, the reconnect lane rebuilds the physics; the drowning sentry holds non-critical pages 60s (the frozen-return gate)
F11 [F11] water: hazard memorized at [-169,54,405] (11 live, fleet-wide)
F16 [F16] craft torches: stick-dry with logs held - one plank conversion first
F11 [F11] water: pass 5 head=wet shore=none land=n/a y=55.8 o2=-1 probes=0 at=[-168,56,406]
F4 [F4] hop: chest at [-125,71,392] d=13 zero: chest unreachable (No path to the goal!)
F4 pre-position bank: +20
F4 final bank: staggered +96s
F5 final bank: staggered +48s
F19 final bank: staggered +88s
F16 [F16] craft torches: stick-dry but 6 planks held - one stick batch first
F15 final bank: staggered +64s
F17 iron commune: chest holds 0 ingot(s) - nothing to complete here
F16 [F16] craft torches: skip (no coal: sticks 4 coals 0)
F3 final climb: retry (escalated retry after stalled, 152s fence)
F3 final climb: OK +0 levels (0 steps, 0 dug, undefineds)
F3 bank: smelt hold skipped - no fuel in pocket (coal 0)
F11 [F11] water: pass 10 head=dry shore=hit r=3 land=none y=62.6 o2=1 probes=0 at=[-168,63,406]
F1 [F1] water: drowning rescue start (drowning, oxygen 20)
F1 [F1] water: pass 0 head=wet shore=none land=n/a y=49.2 o2=20 probes=0 at=[-122,49,401]
F1 final bank: staggered +88s
F9 [F9] craft stick: variant#2 attempt1 failed: craft stick: timeout after 7000ms
F9 [F9] [tools] closing stale craft window (minecraft:inventory) - grid recovery
F17 iron commune: chest holds 0 ingot(s) - nothing to complete here
F1 [F1] water: transit toward known land (oak_log) at [-127,404] d=6
F17 iron commune: chest holds 0 ingot(s) - nothing to complete here
F6 final climb: OK +3 levels (3 steps, 7 dug, 10s)
F6 bank: smelt hold skipped - no fuel in pocket (coal 0)
F17 [F17] direct deposit: 27 chest slots derived from the 63-slot view
F17 bank: +165
F11 [F11] water: rescue complete in 6.2s
F11 [F11] water: frozen-return gate clears - the rescue completed with living physics
F11 [F11] water: hazard memorized at [-167,62,407] (11 live, fleet-wide)
F1 [F1] water: transit toward known land (oak_log) at [-127,404] d=6
F1 [F1] water: pass 11 head=wet shore=none land=n/a y=49.2 o2=20 probes=0 at=[-121,49,402]
F9 [F9] craft stick: all 1 variant(s) failed, last: craft stick: timeout after 7000ms
F9 [F9] craft torches: skip (no spare sticks: sticks 0 coals 2)
F9 final bank: staggered +64s
F1 [F1] water: transit toward known land (oak_log) at [-127,404] d=6
F16 tool recovery: OK (wooden_pickaxe)
F16 spare pick due: spare (planks available)
F1 [F1] water: transit toward known land (oak_log) at [-127,404] d=6
F1 [F1] water: transit toward known land (oak_log) at [-127,404] d=6
F4 [F4] water: drowning rescue start (drowning, oxygen 16)
F4 [F4] water: pass 0 head=wet shore=none land=n/a y=59.0 o2=16 probes=0 at=[-129,59,392]
F16 spare pick: OK (wooden_pickaxe, holds 2)
F16 [F16] craft torches: stick-dry with logs held - one plank conversion first
F3 [F3] approach: 1 segment(s) walked in 4.1s, goal now d=23.4 (inside the direct envelope)
F1 [F1] water: transit toward known land (oak_log) at [-127,404] d=6
F1 [F1] water: transit stalled (d=6 after 17 passes - the walls own this swim; the release takes over)
F1 [F1] water: transit toward known land (oak_log) at [-127,404] d=6
F1 [F1] water: rescue released (surface-safe, open water - no land known; the walk gate reopens) in 3.9s
F1 [F1] water: hazard memorized at [-122,50,401] (12 live, fleet-wide)
F16 [F16] craft oak_planks: no craftable recipe variant (ingredients missing?)
F16 [F16] craft torches: stick-dry but 5 planks held - one stick batch first
F10 final bank: staggered +56s
F16 [F16] craft torches: skip (no coal: sticks 6 coals 0)
F16 tunnel: 0 blocks (branch mine at the floor, ore detour)
F16 final bank: staggered +80s
F4 [F4] water: pass 10 head=dry shore=hit r=1 land=none y=63.5 o2=20 probes=0 at=[-126,63,396]
F3 [F3] raw hop failed: raw walk stalled after 2030ms (d=23.4) - pathfinder retry
F4 [F4] water: rescue complete in 3.6s
F4 [F4] water: hazard memorized at [-128,62,393] (13 live, fleet-wide)
t-0s alive=19/19 mined=2672 map=1402p/25ch banked=748 smelted=14 pocket=2420u/279s | sand=36 gravel=37 dirt=436 stone=0
   deficits: 157926/36 (0.0%) 149380/37 (0.0%) 31860/0 (0.0%) 27420/0 (0.0%) 10725/59 (0.6%)
   F1=249[cobblestone:108 dirt:37 diorite:27] | F2=190[cobblestone:91 dirt:32 torch:24] | F3=197[cobblestone:81 dirt:42 raw_copper:31] | F4=92[oak_planks:7 stick:5 oak_log:3] | F5=64[dirt:130 leaf_litter:35 oak_log:10] | F6=199[cobblestone:130 dirt:24 diorite:20] | F7=148[torch:20 stick:6 oak_log:3] | F8=233[cobblestone:145 dirt:41 andesite:24] | F9=68[granite:11 dirt:7 cobblestone:6] | F10=89[cobblestone:54 diorite:22 coal:19] | F11=107[cobblestone:48 raw_copper:33 granite:27] | F12=166[cobblestone:20 dirt:19 stick:5] | F13=46[dirt:36 leaf_litter:20 sand:16] | F14=176[cobblestone:73 torch:16 coal:13] | F15=89[cobblestone:41 granite:19 raw_copper:12] | F16=166[stick:6 oak_log:4 oak_planks:3] | F17=197[cobblestone:57 oak_log:6 stick:3] | F18=35[cobblestone:22 stick:5 leaf_litter:4] | F19=161[dirt:38 stick:6 cobblestone:4]
   mem: heap=128M/164M old=-1M ext=143M ab=141M rss=418M cols=389 ents=514 evicted=349 path=4a/0q (max 6) stale=0
F13 final bank: staggered +72s
F3 [F3] direct deposit: 27 chest slots derived from the 63-slot view
F3 camp furnace: 13 near machine(s) beyond the 24b direct envelope (nearest d=11.4) - 1 inside the envelope keep the veto
F3 camp furnace: no build (machine near)
F3 fuel anchor scan returned empty (attempt 1/2) at [-101,71,417] yard d=20 - the palette empty-return class, re-querying
F3 fuel anchor scan returned empty (attempt 2/2) at [-101,71,417] yard d=20
F3 fuel anchor scan empty x2 - the singular probe rescued the scan (chest at [-104,71,416])
F3 fuel commons: the anchor chest is read first
F3 fuel commons: chest holds no fuel
F3 fuel commons: chest holds no fuel
F1 [F1] water: surface re-arm holds the page (6s left) - the open-water float owns the pacing; a sinking bar still pages
F3 fuel commons: chest holds no fuel
F3 fuel commons: chest holds no fuel
F3 fuel commons: chest holds no fuel
F3 fuel anchor scan returned empty (attempt 1/2) at [-108,71,416] yard d=14 - the palette empty-return class, re-querying
F3 fuel anchor scan returned empty (attempt 2/2) at [-108,71,416] yard d=14
F3 fuel anchor scan empty x2 - the singular probe rescued the scan (chest at [-109,71,414])
F3 fuel commons: the anchor scan saw 1 chest(s), 0 usable after the empty memory - no anchor
F3 smelt: 0 (raw_copper@-: no fuel; cobblestone@-: no fuel)
[F3] sweep walk refused by a 3s cooldown - waiting it out once on this machine (a cooldown is a clock, not a verdict)
[hb] n=31 ts=621s rss=420M late=154ms mainLate=1276ms
F1 [F1] water: drowning rescue start (drowning, oxygen 4)
F1 [F1] water: pass 0 head=wet shore=none land=n/a y=49.0 o2=4 probes=0 at=[-121,49,402]
F1 [F1] water: transit toward known land (oak_log) at [-127,404] d=6
[F3] swept 1 x stone from an idle furnace
F1 [F1] water: transit toward known land (oak_log) at [-127,404] d=6
F1 [F1] water: transit toward known land (oak_log) at [-127,404] d=6
F1 [F1] water: transit toward known land (oak_log) at [-127,404] d=6
F1 [F1] water: pass 16 head=dry shore=none land=oak_log d=6 y=50.8 o2=12 probes=0 at=[-121,51,402]
F1 [F1] water: transit toward known land (oak_log) at [-127,404] d=6
F1 [F1] water: transit stalled (d=6 after 17 passes - the walls own this swim; the release takes over)
F1 [F1] water: transit toward known land (oak_log) at [-127,404] d=6
F1 [F1] water: rescue released (surface-safe, open water - no land known; the walk gate reopens) in 2.8s
F1 [F1] water: hazard memorized at [-122,50,401] (13 live, fleet-wide)
t-0s alive=19/19 mined=2672 map=1402p/25ch banked=748 smelted=14 pocket=2360u/275s | sand=37 gravel=29 dirt=396 stone=1
   deficits: 157926/37 (0.0%) 149380/29 (0.0%) 31860/0 (0.0%) 27420/0 (0.0%) 10725/58 (0.5%)
   F1=249[cobblestone:108 dirt:37 diorite:27] | F2=190[cobblestone:91 dirt:32 torch:24] | F3=197[cobblestone:97 raw_copper:31 birch_log:3] | F4=92[oak_planks:7 stick:5 oak_log:3] | F5=64[dirt:130 leaf_litter:35 oak_log:10] | F6=199[cobblestone:132 dirt:24 diorite:20] | F7=148[torch:20 stick:6 oak_log:3] | F8=233[cobblestone:145 dirt:41 andesite:24] | F9=68[granite:11 dirt:7 cobblestone:6] | F10=89[cobblestone:54 diorite:22 coal:19] | F11=107[cobblestone:48 raw_copper:33 granite:27] | F12=166[dirt:21 cobblestone:20 stick:5] | F13=46[dirt:36 leaf_litter:20 sand:16] | F14=176[cobblestone:73 torch:16 coal:13] | F15=89[cobblestone:41 granite:19 raw_copper:12] | F16=166[stick:6 oak_log:4 oak_planks:3] | F17=197[cobblestone:57 oak_log:6 stick:3] | F18=35[cobblestone:22 stick:5 leaf_litter:4] | F19=161[dirt:38 stick:6 cobblestone:4]
   mem: heap=129M/166M old=-1M ext=144M ab=142M rss=418M cols=293 ents=385 evicted=197 path=4a/0q (max 6) stale=0
F12 final bank deferred: night (tod=12914) - the pocket rides out the dark alive (the v0.140.1 night hold)
F6 [F6] approach: the stall side-step (right) moved the start (d now 38.0)
F6 [F6] approach: the stall side-step (left) stalled too
F6 [F6] approach: 4 segment(s) walked in 28.1s, goal now d=38.0 (still outside - a segment stalled (no position delta))
F18 final bank: staggered +72s
F1 [F1] water: drowning rescue start (drowning, oxygen 4)
F1 [F1] water: pass 0 head=wet shore=none land=n/a y=49.0 o2=4 probes=0 at=[-121,49,402]
F6 [F6] raw hop failed: raw walk stalled after 2001ms (d=38.0) - pathfinder retry
F1 [F1] water: transit toward known land (oak_log) at [-127,404] d=6
F6 [F6] hop: chest at [-139,71,418] d=41 zero: chest unreachable (No path to the goal!)
F3 sweep: collected 1 (stone:1)
F1 [F1] water: pass 6 head=wet shore=none land=n/a y=49.4 o2=13 probes=0 at=[-122,49,402]
F1 [F1] water: transit toward known land (oak_log) at [-127,404] d=6
[hb] n=32 ts=641s rss=418M late=159ms mainLate=1083ms
F1 [F1] water: transit toward known land (oak_log) at [-127,404] d=6
F1 [F1] water: pass 13 head=dry shore=none land=oak_log d=6 y=50.5 o2=20 probes=0 at=[-121,51,402]
F1 [F1] water: transit toward known land (oak_log) at [-127,404] d=6
F1 [F1] water: transit stalled (d=6 after 17 passes - the walls own this swim; the release takes over)
F1 [F1] water: transit toward known land (oak_log) at [-127,404] d=6
F1 [F1] water: rescue released (surface-safe, open water - no land known; the walk gate reopens) in 6.2s
F1 [F1] water: hazard memorized at [-122,50,401] (12 live, fleet-wide)
t-0s alive=19/19 mined=2672 map=1402p/25ch banked=748 smelted=15 pocket=2365u/276s | sand=37 gravel=29 dirt=398 stone=1
   deficits: 157926/37 (0.0%) 149380/29 (0.0%) 31860/0 (0.0%) 27420/0 (0.0%) 10725/58 (0.5%)
   F1=249[cobblestone:108 dirt:37 diorite:27] | F2=190[cobblestone:91 dirt:32 torch:24] | F3=197[cobblestone:97 raw_copper:31 birch_log:3] | F4=92[oak_planks:7 stick:5 oak_log:3] | F5=64[dirt:130 leaf_litter:35 oak_log:10] | F6=199[cobblestone:134 dirt:24 diorite:20] | F7=148[torch:20 stick:6 oak_log:3] | F8=233[cobblestone:145 dirt:41 andesite:24] | F9=68[granite:11 dirt:7 cobblestone:6] | F10=89[cobblestone:54 diorite:22 coal:19] | F11=107[cobblestone:48 raw_copper:33 granite:27] | F12=166[dirt:23 cobblestone:20 stick:5] | F13=46[dirt:36 leaf_litter:20 sand:16] | F14=176[cobblestone:73 torch:16 coal:13] | F15=89[cobblestone:41 granite:19 raw_copper:12] | F16=166[stick:6 oak_log:4 oak_planks:3] | F17=197[cobblestone:57 oak_log:6 stick:3] | F18=35[cobblestone:22 stick:5 leaf_litter:4] | F19=161[dirt:38 stick:6 cobblestone:4]
   mem: heap=121M/161M old=-1M ext=137M ab=134M rss=415M cols=91 ents=148 evicted=97 path=1a/0q (max 6) stale=0
F2 final climb: OK +0 levels (0 steps, 0 dug, undefineds)
F2 bank: holding 45s of 181s for the smelt leg
F3 [F3] raw hop failed: raw walk: no net progress for 8250ms (best d=7.0) - pathfinder retry
F1 [F1] water: surface re-arm holds the page (6s left) - the open-water float owns the pacing; a sinking bar still pages
F3 [F3] hop: chest at [-140,71,392] d=8 zero: chest unreachable (No path to the goal!)
F3 [F3] chest skip (no path cached 0s ago at [-142,71,392])
F5 final climb: OK +2 levels (1 steps, 1 dug, 2s)
F1 [F1] water: drowning rescue start (drowning, oxygen 5)
F1 [F1] water: pass 0 head=wet shore=none land=n/a y=49.0 o2=5 probes=0 at=[-121,49,402]
F1 [F1] water: transit toward known land (oak_log) at [-127,404] d=6
F1 [F1] water: transit toward known land (oak_log) at [-127,404] d=6
F1 [F1] water: pass 7 head=wet shore=none land=n/a y=49.5 o2=13 probes=0 at=[-121,49,402]
F1 [F1] water: transit toward known land (oak_log) at [-127,404] d=6
t-0s alive=19/19 mined=2685 map=1402p/25ch banked=748 smelted=15 pocket=2379u/276s | sand=37 gravel=29 dirt=400 stone=1
   deficits: 157926/37 (0.0%) 149380/29 (0.0%) 31860/0 (0.0%) 27420/0 (0.0%) 10725/58 (0.5%)
   F1=249[cobblestone:108 dirt:37 diorite:27] | F2=190[cobblestone:91 dirt:33 torch:24] | F3=197[cobblestone:97 raw_copper:31 birch_log:3] | F4=92[oak_planks:7 stick:5 oak_log:3] | F5=65[dirt:131 leaf_litter:35 oak_log:10] | F6=199[cobblestone:134 dirt:24 diorite:20] | F7=148[torch:20 stick:6 oak_log:3] | F8=245[cobblestone:157 dirt:41 andesite:24] | F9=68[granite:11 dirt:7 cobblestone:6] | F10=89[cobblestone:54 diorite:22 coal:19] | F11=107[cobblestone:48 raw_copper:33 granite:27] | F12=166[dirt:23 cobblestone:20 stick:5] | F13=46[dirt:36 leaf_litter:20 sand:16] | F14=176[cobblestone:73 torch:16 coal:13] | F15=89[cobblestone:41 granite:19 raw_copper:12] | F16=166[stick:6 oak_log:4 oak_planks:3] | F17=197[cobblestone:57 oak_log:6 stick:3] | F18=35[cobblestone:22 stick:5 leaf_litter:4] | F19=161[dirt:38 stick:6 cobblestone:4]
   mem: heap=120M/162M old=-1M ext=137M ab=134M rss=414M cols=91 ents=146 evicted=97 path=1a/0q (max 6) stale=0
F1 [F1] water: transit toward known land (oak_log) at [-127,404] d=6
F1 [F1] water: pass 13 head=dry shore=none land=oak_log d=6 y=50.2 o2=20 probes=0 at=[-121,50,402]
F1 [F1] water: transit toward known land (oak_log) at [-127,404] d=6
[hb] n=33 ts=661s rss=414M late=164ms mainLate=397ms
F1 [F1] water: transit toward known land (oak_log) at [-127,404] d=6
F1 [F1] water: transit stalled (d=6 after 15 passes - the walls own this swim; the release takes over)
F1 [F1] water: transit toward known land (oak_log) at [-127,404] d=6
F1 [F1] water: rescue released (surface-safe, open water - no land known; the walk gate reopens) in 6.0s
F1 [F1] water: hazard memorized at [-122,50,401] (12 live, fleet-wide)
F3 [F3] raw hop failed: raw walk: no net progress for 8027ms (best d=7.7) - pathfinder retry
F6 [F6] approach: the stall side-step (right) stalled too
F6 [F6] approach: 3 segment(s) walked in 30.3s, goal now d=38.3 (still outside - a segment stalled (no position delta))
F2 [F2] approach: 2 segment(s) walked in 22.5s, goal now d=18.9 (inside the direct envelope)
F9 final climb: the yard stands 28 levels up over 27b lateral - climbing toward the yard's level (the walk ladder cannot)
F1 [F1] water: drowning rescue start (drowning, oxygen 5)
F1 [F1] water: pass 0 head=wet shore=none land=n/a y=49.0 o2=5 probes=0 at=[-121,49,402]
t-0s alive=19/19 mined=2717 map=1402p/25ch banked=748 smelted=15 pocket=2414u/276s | sand=37 gravel=29 dirt=400 stone=1
   deficits: 157926/37 (0.0%) 149380/29 (0.0%) 31860/0 (0.0%) 27420/0 (0.0%) 10725/58 (0.5%)
   F1=249[cobblestone:108 dirt:37 diorite:27] | F2=190[cobblestone:91 dirt:33 torch:24] | F3=197[cobblestone:97 raw_copper:31 birch_log:3] | F4=92[oak_planks:7 stick:5 oak_log:3] | F5=65[dirt:131 leaf_litter:35 oak_log:10] | F6=199[cobblestone:134 dirt:24 diorite:20] | F7=148[torch:20 stick:6 oak_log:3] | F8=266[cobblestone:172 dirt:41 andesite:24] | F9=70[granite:13 dirt:7 cobblestone:6] | F10=98[cobblestone:59 diorite:26 coal:19] | F11=107[cobblestone:48 raw_copper:33 granite:27] | F12=166[dirt:23 cobblestone:20 stick:5] | F13=46[dirt:36 leaf_litter:20 sand:16] | F14=176[cobblestone:73 torch:16 coal:13] | F15=89[cobblestone:41 granite:19 raw_copper:12] | F16=166[stick:6 oak_log:4 oak_planks:3] | F17=197[cobblestone:57 oak_log:6 stick:3] | F18=35[cobblestone:22 stick:5 leaf_litter:4] | F19=161[dirt:38 stick:6 cobblestone:4]
   mem: heap=126M/162M old=-1M ext=139M ab=136M rss=417M cols=91 ents=130 evicted=97 path=2a/0q (max 6) stale=0
F1 [F1] water: transit toward known land (oak_log) at [-127,404] d=6
F1 [F1] water: transit toward known land (oak_log) at [-127,404] d=6
F1 [F1] water: pass 6 head=wet shore=none land=n/a y=49.7 o2=13 probes=0 at=[-122,50,402]
F1 [F1] water: transit toward known land (oak_log) at [-127,404] d=6
F15 [F15] climb diag: level at y=56 blocked toward 1,0 (dug=0, wet) at [0,1,0] water (stop)
F1 [F1] water: pass 12 head=wet shore=none land=n/a y=49.9 o2=20 probes=0 at=[-121,50,402]
F1 [F1] water: transit toward known land (oak_log) at [-127,404] d=6
F16 [F16] combat: shelter try vs zombie (dist 2.6, proximity pre-fight)
F16 [F16] combat: shelter skip (open field: no diggable wall, zombie@2.6)
F16 [F16] combat: shelter skip (open field: ring not buildable [oo -o -o oo] vs zombie@2.6)
F16 [F16] combat: fighting zombie (dist 2.6, hp 20.0, 1 nearby, proximity)
F6 [F6] raw hop failed: raw walk: no net progress for 8241ms (best d=37.6) - pathfinder retry
F1 [F1] water: transit toward known land (oak_log) at [-127,404] d=6
F1 [F1] water: pass 18 head=dry shore=hit r=1 land=none y=51.5 o2=20 probes=0 at=[-122,51,402]
F6 [F6] hop: chest at [-144,71,418] d=38 zero: chest unreachable (No path to the goal!)
[hb] n=34 ts=681s rss=416M late=169ms mainLate=33ms
F1 [F1] water: transit toward known land (oak_log) at [-127,404] d=6
F1 [F1] water: transit stalled (d=6 after 18 passes - the walls own this swim; the release takes over)
F1 [F1] water: transit toward known land (oak_log) at [-127,404] d=6
F1 [F1] water: rescue released (surface-safe, open water - no land known; the walk gate reopens) in 7.8s
F1 [F1] water: hazard memorized at [-122,50,401] (12 live, fleet-wide)
F2 [F2] raw hop failed: raw walk: no net progress for 8149ms (best d=6.0) - pathfinder retry
F2 [F2] direct deposit: 27 chest slots derived from the 63-slot view
F2 [F2] banked 98 items at (-114, 71, 418) (direct=6 fallback=0 mirror=true kept: wooden_shovel, stick, coal, torch)
F2 camp furnace: 14 near machine(s) beyond the 24b direct envelope (nearest d=19.1) - 1 inside the envelope keep the veto
F2 camp furnace: no build (machine near)
F13 final climb: OK +0 levels (0 steps, 0 dug, undefineds)
F13 bank: holding 45s of 166s for the smelt leg
F16 [F16] combat: verdict flipped to flee vs zombie (hp 13.5)
F16 [F16] combat: open-field yield vs zombie (hp 13.5 < 14 in the dark) - the flee fired before the drain
F16 [F16] combat: shelter try vs zombie (dist 0.2, proximity re-verdict)
F1 [F1] water: surface re-arm holds the page (5s left) - the open-water float owns the pacing; a sinking bar still pages
F15 [F15] climb diag: level at y=56 blocked toward -1,0 (dug=0, wet) at [0,1,0] water (stop)
t-0s alive=19/19 mined=2768 map=1402p/25ch banked=748 smelted=15 pocket=2383u/271s | sand=37 gravel=18 dirt=380 stone=1
   deficits: 157926/37 (0.0%) 149380/18 (0.0%) 31860/0 (0.0%) 27420/0 (0.0%) 10725/44 (0.4%)
   F1=249[cobblestone:108 dirt:37 diorite:27] | F2=190[cobblestone:91 torch:24 oak_planks:15] | F3=197[cobblestone:97 raw_copper:31 birch_log:3] | F4=92[oak_planks:7 stick:5 oak_log:3] | F5=65[dirt:131 leaf_litter:35 oak_log:10] | F6=199[cobblestone:136 dirt:24 diorite:20] | F7=148[torch:20 stick:6 oak_log:3] | F8=284[cobblestone:176 dirt:52 andesite:24] | F9=88[cobblestone:19 granite:16 dirt:7] | F10=113[cobblestone:62 diorite:38 coal:19] | F11=107[cobblestone:48 raw_copper:33 granite:27] | F12=166[dirt:23 cobblestone:20 stick:5] | F13=46[dirt:36 leaf_litter:20 sand:16] | F14=176[cobblestone:73 torch:16 coal:13] | F15=89[cobblestone:41 granite:19 raw_copper:12] | F16=166[stick:6 oak_log:4 oak_planks:3] | F17=197[cobblestone:57 oak_log:6 stick:3] | F18=35[cobblestone:22 stick:5 leaf_litter:4] | F19=161[dirt:38 stick:6 cobblestone:4]
   mem: heap=131M/163M old=-1M ext=141M ab=139M rss=416M cols=91 ents=134 evicted=97 path=2a/0q (max 6) stale=0
F10 [F10] climb wet escape: 12 blocks walked (budget, walked 1/4)
F6 [F6] approach: the stall side-step (right) stalled too
F6 [F6] approach: 2 segment(s) walked in 10.9s, goal now d=37.0 (still outside - a segment stalled (no position delta))
F16 [F16] died - respawning (cause: server: was slain by Zombie [kind=mob by Zombie] | inferred: zombie@1.0 (0s before death at [-105,64,410]) [the inference corroborates the server verdict])
F16 [F16] death drop: ~24u lost at [-105,64,410] (stick 6, dirt 4, oak_log 4, leaf_litter 3, oak_planks 3, +4 more)
F16 [F16] water: death spot memorized as a hazard at [-105,64,410] (12 live, fleet-wide)
F19 final climb: OK +0 levels (0 steps, 0 dug, undefineds)
F1 [F1] water: drowning rescue start (drowning, oxygen 7)
F1 [F1] water: pass 0 head=wet shore=none land=n/a y=49.0 o2=7 probes=0 at=[-121,49,402]
F8 [F8] climb bridge: unavailable (no solid floor underfoot)
F8 [F8] climb diag: level at y=65 blocked toward 0,1 (dug=53)
F13 [F13] water: drowning rescue start (drowning, oxygen 15)
F13 [F13] water: pass 0 head=wet shore=none land=n/a y=60.2 o2=15 probes=0 at=[-145,60,393]
F1 [F1] water: transit toward known land (oak_log) at [-127,404] d=6
F1 final climb: the yard stands 20 levels up over 4b lateral - climbing toward the yard's level (the walk ladder cannot)
F1 final climb: no retry (no retry for 'rescue owns the bot')
F1 final climb: failed - rescue owns the bot
F1 final bank: 0 (still underground after 1 climb attempt - the chain from the shaft bottom is doomed walks)
F10 final climb: OK +3 levels (2 steps, 28 dug, 12 traversed, 29s)
F10 bank: holding 45s of 177s for the smelt leg
F1 [F1] water: pass 7 head=wet shore=none land=n/a y=49.7 o2=15 probes=0 at=[-121,50,402]
F1 [F1] water: transit toward known land (oak_log) at [-127,404] d=6
F13 [F13] water: pass 6 head=dry shore=hit r=3 land=none y=62.1 o2=20 probes=0 at=[-142,62,392]
F3 [F3] direct deposit: 27 chest slots derived from the 63-slot view
F3 [F3] direct deposit: 27 chest slots derived from the 63-slot view
F3 final bank: +246
F17 final bank deferred: night (tod=14378) - the pocket rides out the dark alive (the v0.140.1 night hold)
F1 [F1] water: transit toward known land (oak_log) at [-127,404] d=6
F1 [F1] water: pass 14 head=dry shore=hit r=1 land=none y=51.2 o2=20 probes=0 at=[-122,51,402]
F13 [F13] water: pass 10 head=dry shore=hit r=2 land=none y=62.2 o2=20 probes=0 at=[-142,62,392]
F15 [F15] climb diag: level at y=56 blocked toward 1,0 (dug=0, wet) at [0,1,0] water (stop)
[F2] walk nudge: approach: 1 segment(s) walked in 11.8s, goal now d=11.1 (inside the direct envelope)
[F2] walk nudge: inside the direct envelope
F1 [F1] water: transit toward known land (oak_log) at [-127,404] d=6
F1 [F1] water: transit stalled (d=6 after 16 passes - the walls own this swim; the release takes over)
F1 [F1] water: transit toward known land (oak_log) at [-127,404] d=6
F1 [F1] water: rescue released (surface-safe, open water - no land known; the walk gate reopens) in 6.1s
F1 [F1] water: hazard memorized at [-122,50,401] (13 live, fleet-wide)
F6 [F6] raw hop failed: raw walk: no net progress for 8062ms (best d=36.3) - pathfinder retry
F6 [F6] hop: chest at [-134,71,418] d=38 zero: chest unreachable (No path to the goal!)
F4 [F4] climb bridge: unavailable (no placeable block in the pocket)
F4 [F4] climb diag: level at y=64 blocked toward 0,1 (dug=0)
F4 [F4] climb bridge: unavailable (no placeable block in the pocket)
F4 [F4] climb diag: level at y=64 blocked toward -1,0 (dug=0)
F13 [F13] water: pass 15 head=dry shore=hit r=3 land=none y=62.7 o2=20 probes=0 at=[-142,63,392]
F4 [F4] climb bridge: unavailable (no placeable block in the pocket)
F4 [F4] climb diag: level at y=64 blocked toward 0,-1 (dug=0)
F19 [F19] raw hop failed: raw walk: no net progress for 8057ms (best d=8.2) - pathfinder retry
[hb] n=35 ts=701s rss=416M late=174ms mainLate=318ms
F8 [F8] climb: walkable surface at y=64 (+19 levels, dug=55) - the walk takes over
F8 final climb: OK +19 levels (19 steps, 55 dug, undefineds)
F8 bank: holding 46s of 186s for the smelt leg
F4 final climb: retry (escalated retry after stalled, 138s fence)
F4 [F4] climb bridge: unavailable (no placeable block in the pocket)
F4 [F4] climb diag: level at y=64 blocked toward -1,0 (dug=0)
F4 [F4] climb bridge: unavailable (no placeable block in the pocket)
F4 [F4] climb diag: level at y=64 blocked toward 0,-1 (dug=0)
F4 [F4] climb bridge: unavailable (no placeable block in the pocket)
F4 [F4] climb diag: level at y=64 blocked toward 1,0 (dug=0)
F13 [F13] water: pass 20 head=wet shore=none land=n/a y=61.9 o2=20 probes=0 at=[-142,62,392]
F4 final climb: failed - stalled [stage 1]
F4 final bank: 0 (still underground after 2 climb attempts - the chain from the shaft bottom is doomed walks)
t-0s alive=19/19 mined=2803 map=1416p/26ch banked=994 smelted=15 pocket=2264u/257s | sand=37 gravel=18 dirt=385 stone=0
   deficits: 157926/37 (0.0%) 149380/18 (0.0%) 31860/0 (0.0%) 27420/0 (0.0%) 10725/44 (0.4%)
   F1=249[cobblestone:108 dirt:37 diorite:27] | F2=190[cobblestone:91 torch:24 oak_planks:15] | F3=197[birch_log:3 oak_log:2 stick:2] | F4=92[oak_planks:7 stick:5 oak_log:3] | F5=65[dirt:131 leaf_litter:35 oak_log:10] | F6=199[cobblestone:137 dirt:24 diorite:20] | F7=148[torch:20 stick:6 oak_log:3] | F8=288[cobblestone:176 dirt:53 andesite:24] | F9=106[cobblestone:20 granite:18 diorite:17] | F10=117[cobblestone:63 diorite:38 coal:22] | F11=107[cobblestone:48 raw_copper:33 granite:27] | F12=166[dirt:23 cobblestone:20 stick:5] | F13=46[dirt:36 leaf_litter:20 sand:16] | F14=183[cobblestone:73 dirt:19 torch:16] | F15=89[cobblestone:41 granite:19 raw_copper:12] | F16=168[empty] | F17=197[cobblestone:57 oak_log:6 stick:3] | F18=35[cobblestone:22 stick:5 leaf_litter:4] | F19=161[dirt:38 stick:6 cobblestone:4]
   mem: heap=122M/163M old=-1M ext=142M ab=139M rss=415M cols=0 ents=0 evicted=0 path=4a/0q (max 6) stale=0
F13 [F13] raw hop failed: raw walk: no net progress for 8318ms (best d=8.2) - pathfinder retry
[F2] the clock clips the batch: the 71s window completes ~6 of 9 x raw_copper (the rest re-smelts on the next chain)
[F2] furnace slots after put: input=raw_copper fuel=coal
[F2] smelting 6 x raw_copper in a blast_furnace (fuel: 2 x coal)
F13 [F13] water: pass 23 head=dry shore=hit r=1 land=none y=62.4 o2=20 probes=0 at=[-141,62,393]
F17 [F17] combat: fighting zombie (dist 3.5, hp 18.7, 2 nearby, proximity)
F6 [F6] approach: the stall side-step (right) stalled too
F6 [F6] approach: 1 segment(s) walked in 6.4s, goal now d=38.1 (still outside - a segment stalled (no position delta))
F13 [F13] water: rescue complete in 12.6s
F13 [F13] water: hazard memorized at [-142,62,393] (12 live, fleet-wide)
F14 [F14] water: drowning rescue start (drowning, oxygen 12)
F14 [F14] water: pass 0 head=wet shore=none land=n/a y=60.0 o2=12 probes=0 at=[-124,60,391]
F18 final climb: the yard stands 28 levels up over 11b lateral - climbing toward the yard's level (the walk ladder cannot)
F17 [F17] combat: verdict flipped to flee vs creeper (hp 18.7)
F17 [F17] combat: shelter skip (night=true armed=true hp=18.666664123535156 attackers=2 poison=off threat=creeper@4.9)
F19 [F19] hop: chest at [-139,71,414] d=8 zero: chest unreachable (Took to long to decide path to goal!)
F19 [F19] chest skip (no path cached 0s ago at [-139,71,412])
F19 [F19] chest skip (no path cached 0s ago at [-139,71,410])
F14 [F14] water: pass 6 head=dry shore=hit r=1 land=none y=65.0 o2=20 probes=0 at=[-120,65,391]
[F2] took 1 x copper_ingot (1/6)
F16 [F16] climb diag: level at y=64 blocked toward 0,-1 (dug=2) dig failed at [-105,65,409] dirt (held=n/a, grounded, post=dirt STILL THERE (server never broke it))
F5 [F5] approach: 6 segment(s) walked in 56.8s, goal now d=18.9 (inside the direct envelope)
F16 [F16] climb bridge: unavailable (no placeable block in the pocket)
F16 [F16] climb diag: level at y=66 blocked toward 1,0 (dug=2)
F14 [F14] water: rescue complete in 3.6s
F14 [F14] water: hazard memorized at [-125,62,391] (13 live, fleet-wide)
F16 [F16] climb bridge: unavailable (no placeable block in the pocket)
F16 [F16] climb diag: level at y=66 blocked toward 0,1 (dug=2)
F15 final climb: retry (escalated retry after stalled, 106s fence)
F19 [F19] raw hop failed: raw walk stalled after 2248ms (d=8.0) - pathfinder retry
F16 final climb: retry (escalated retry after stalled, 120s fence)
F16 final climb: OK +0 levels (0 steps, 0 dug, undefineds)
F16 bank fallback: none (nothing to deposit)
F16 camp furnace: 12 near machine(s) beyond the 24b direct envelope (nearest d=10.6) - 1 inside the envelope keep the veto
F16 camp furnace: no build (machine near)
F16 smelt: 0 (nothing to smelt)
F1 [F1] water: drowning rescue start (drowning, oxygen 3)
F1 [F1] water: pass 0 head=wet shore=none land=n/a y=49.0 o2=3 probes=0 at=[-121,49,402]
F13 [F13] raw hop failed: raw walk stalled after 2359ms (d=8.7) - pathfinder retry
F16 [F16] combat: shelter dig-earn: 36 free slot(s), the dig supplies the seal
F16 [F16] combat: shelter try vs zombie (dist 4.3, proximity)
F16 [F16] combat: shelter skip (open field: no diggable wall, zombie@4.3)
F16 [F16] combat: shelter skip (open field: ring stock 0/7, ground earns nothing)
F16 [F16] combat: fleeing zombie (dist 4.3, hp 20.0, 1 nearby, proximity)
F1 [F1] water: transit toward known land (oak_log) at [-127,404] d=6
[F16] sweep walk refused by a 4s cooldown - waiting it out once on this machine (a cooldown is a clock, not a verdict)
F16 [F16] combat: shelter dig-earn: 36 free slot(s), the dig supplies the seal
F16 [F16] combat: shelter try vs zombie (dist 2.5, proximity)
F16 [F16] combat: shelter skip (open field: no diggable wall, zombie@2.5)
F16 [F16] combat: shelter skip (open field: ring stock 0/8, ground earns nothing)
F16 [F16] combat: fleeing zombie (dist 2.5, hp 20.0, 1 nearby, proximity)
F16 [F16] combat: flee bearing rotated 90deg (water/hazard vetoes the away target) vs zombie (proximity)
F1 [F1] water: pass 5 head=wet shore=none land=n/a y=49.9 o2=11 probes=0 at=[-121,50,402]
F8 [F8] approach: 1 segment(s) walked in 15.1s, goal now d=15.4 (inside the direct envelope)
F16 [F16] combat: shelter dig-earn: 36 free slot(s), the dig supplies the seal
F16 [F16] combat: shelter try vs zombie (dist 3.4, proximity)
F16 [F16] combat: shelter skip (open field: no diggable wall, zombie@3.4)
F16 [F16] combat: shelter skip (open field: ring stock 0/8, ground earns nothing)
F16 [F16] combat: fleeing zombie (dist 3.4, hp 20.0, 1 nearby, proximity)
F19 [F19] hop: chest at [-144,71,414] d=8 zero: chest unreachable (Took to long to decide path to goal!)
F19 [F19] chest skip (no path cached 0s ago at [-144,71,412])
F19 [F19] chest skip (no path cached 0s ago at [-144,71,410])
[F2] took 1 x copper_ingot (2/6)
F1 [F1] water: transit toward known land (oak_log) at [-127,404] d=6
F6 [F6] raw hop failed: raw walk: no net progress for 8106ms (best d=37.7) - pathfinder retry
F16 [F16] combat: shelter dig-earn: 36 free slot(s), the dig supplies the seal
F16 [F16] combat: shelter try vs zombie (dist 5.9, proximity)
F16 [F16] combat: shelter skip (open field: no diggable wall, zombie@5.9)
F16 [F16] combat: shelter skip (open field: ring stock 0/8, ground earns nothing)
F16 [F16] combat: fleeing zombie (dist 5.9, hp 20.0, 1 nearby, proximity)
F1 [F1] water: transit toward known land (oak_log) at [-127,404] d=6
F1 [F1] water: pass 14 head=dry shore=none land=oak_log d=6 y=50.9 o2=20 probes=0 at=[-121,51,402]
F15 [F15] climb diag: level at y=56 blocked toward 1,0 (dug=0, wet) at [0,1,0] water (stop)
F17 [F17] combat: shelter skip (night=true armed=true hp=15.666664123535156 attackers=1 poison=off threat=creeper@3.9)
F17 [F17] combat: fleeing creeper (dist 3.9, hp 15.7, 1 nearby, proximity)
F17 [F17] combat: flee bearing rotated 270deg (water/hazard vetoes the away target) vs creeper (proximity)
t-0s alive=19/19 mined=2831 map=1416p/26ch banked=994 smelted=15 pocket=2298u/258s | sand=37 gravel=18 dirt=400 stone=0
   deficits: 157926/37 (0.0%) 149380/18 (0.0%) 31860/0 (0.0%) 27420/0 (0.0%) 10725/44 (0.4%)
   F1=249[cobblestone:108 dirt:37 diorite:27] | F2=190[cobblestone:91 torch:24 oak_planks:15] | F3=197[birch_log:3 oak_log:2 stick:2] | F4=92[oak_planks:7 stick:5 oak_log:3] | F5=65[dirt:131 leaf_litter:35 oak_log:10] | F6=199[cobblestone:137 dirt:24 diorite:20] | F7=148[torch:20 stick:6 oak_log:3] | F8=288[cobblestone:176 dirt:53 andesite:24] | F9=125[cobblestone:21 dirt:21 granite:21] | F10=117[cobblestone:63 diorite:38 coal:22] | F11=107[cobblestone:48 raw_copper:33 granite:27] | F12=166[dirt:23 cobblestone:20 leaf_litter:9] | F13=46[dirt:31 leaf_litter:20 sand:16] | F14=191[cobblestone:73 dirt:25 torch:16] | F15=89[cobblestone:41 granite:19 raw_copper:12] | F16=169[empty] | F17=197[cobblestone:57 oak_log:6 stick:3] | F18=35[cobblestone:22 stick:5 leaf_litter:4] | F19=161[dirt:38 stick:6 cobblestone:4]
   mem: heap=118M/162M old=-1M ext=146M ab=143M rss=418M cols=0 ents=0 evicted=0 path=2a/0q (max 6) stale=0
F1 [F1] water: transit toward known land (oak_log) at [-127,404] d=6
F1 [F1] water: transit stalled (d=6 after 16 passes - the walls own this swim; the release takes over)
F1 [F1] water: transit toward known land (oak_log) at [-127,404] d=6
F1 [F1] water: rescue released (surface-safe, open water - no land known; the walk gate reopens) in 6.1s
F1 [F1] water: hazard memorized at [-122,50,401] (14 live, fleet-wide)
F18 [F18] climb diag: level at y=43 blocked toward 0,1 (dug=0, wet) at [0,1,0] water (stop)
[F16] sweep deferred (the lanes hold) - the cooldown kept the walk after the wait-out (9 machine(s) untried, the next pass owns them)
F16 sweep: 0 collected - machine unreachable (The goal was changed before it could be completed!) x3, machine unreachable (walk governor: bot churned 4 goals without progress - walk to a machine (sweep) refused for 7s) x1, sweep deferred (the lanes hold) x1
F16 final bank: 0 (nothing to deposit)
[F2] took 1 x copper_ingot (3/6)
F13 [F13] direct deposit: 27 chest slots derived from the 63-slot view
[hb] n=36 ts=721s rss=418M late=178ms mainLate=898ms
F13 camp furnace: 3 near machine(s) beyond the 24b direct envelope (nearest d=4.5) - 11 inside the envelope keep the veto
F13 camp furnace: no build (machine near)
F9 [F9] climb bridge: placed cobblestone at [-132,64,408] (support) - the step re-judges
F9 [F9] climb diag: level at y=65 blocked toward 1,0 (dug=57)
F9 [F9] climb bridge: the server refused the support fill at [-133,64,409] - the rotate ladder owns it (held=cobblestone, 0.6b, ref=grass_block, post=? (re-read failed))
F9 [F9] climb diag: level at y=64 blocked toward 0,1 (dug=57)
F9 [F9] climb bridge: placed cobblestone at [-134,63,408] (pit) - the step re-judges
F9 [F9] climb bridge: placed cobblestone at [-134,64,408] (support) - the step re-judges
F19 [F19] raw hop failed: raw walk: no net progress for 8157ms (best d=7.0) - pathfinder retry
F14 [F14] climb wet escape: 12 blocks walked (budget, walked 1/4)
F5 [F5] raw hop failed: raw walk: no net progress for 8297ms (best d=7.0) - pathfinder retry
F1 [F1] water: surface re-arm holds the page (6s left) - the open-water float owns the pacing; a sinking bar still pages
[F2] took 1 x copper_ingot (4/6)
F8 [F8] raw hop failed: raw walk: no net progress for 8623ms (best d=7.0) - pathfinder retry
F16 [F16] combat: shelter dig-earn: 36 free slot(s), the dig supplies the seal
F16 [F16] combat: shelter try vs zombie (dist 6.8, proximity)
F16 [F16] combat: shelter skip (open field: no diggable wall, zombie@6.8)
F16 [F16] combat: shelter skip (open field: ring stock 0/8, ground earns nothing)
F16 [F16] combat: fleeing zombie (dist 6.8, hp 20.0, 1 nearby, proximity)
F9 [F9] climb bridge: placed cobblestone at [-135,64,408] (pit) - the step re-judges
F15 [F15] climb diag: level at y=56 blocked toward -1,0 (dug=0, wet) at [0,1,0] water (stop)
F6 [F6] approach: the stall side-step (right) stalled too
F6 [F6] approach: 1 segment(s) walked in 12.3s, goal now d=38.3 (still outside - a segment stalled (no position delta))
F16 [F16] combat: shelter dig-earn: 36 free slot(s), the dig supplies the seal
F16 [F16] combat: shelter try vs zombie (dist 2.3, proximity)
F16 [F16] combat: shelter skip (open field: no diggable wall, zombie@2.3)
F16 [F16] combat: shelter skip (open field: ring stock 0/8, ground earns nothing)
F16 [F16] combat: fleeing zombie (dist 2.3, hp 20.0, 1 nearby, proximity)
F19 [F19] hop: chest at [-144,71,408] d=10 zero: chest unreachable (Took to long to decide path to goal!)
F9 [F9] climb bridge: placed cobblestone at [-135,65,408] (support) - the step re-judges
[F2] took 1 x copper_ingot (5/6)
[F13] walk nudge: approach: 1 segment(s) walked in 8.7s, goal now d=8.3 (inside the direct envelope)
[F13] walk nudge: inside the direct envelope
F14 [F14] climb bridge: placed cobblestone at [-108,66,391] (support) - the step re-judges
F16 [F16] combat: shelter dig-earn: 36 free slot(s), the dig supplies the seal
F16 [F16] combat: shelter try vs zombie (dist 0.6, proximity)
F16 [F16] combat: shelter skip (open field: no diggable wall, zombie@0.6)
F16 [F16] combat: shelter skip (open field: ring not buildable [oo oo xo oo] vs zombie@0.6)
F16 [F16] combat: fleeing zombie (dist 0.6, hp 16.0, 2 nearby, proximity)
F6 [F6] raw hop failed: raw walk stalled after 2135ms (d=38.1) - pathfinder retry
F1 [F1] water: drowning rescue start (drowning, oxygen 5)
F1 [F1] water: pass 0 head=wet shore=none land=n/a y=49.0 o2=5 probes=0 at=[-121,49,402]
F6 [F6] hop: chest at [-139,71,416] d=38 zero: chest unreachable (Took to long to decide path to goal!)
F1 [F1] water: transit toward known land (oak_log) at [-127,404] d=6
F5 [F5] hop: chest at [-144,71,418] d=39 zero: chest unreachable (Took to long to decide path to goal!)
F5 [F5] chest skip (no path cached 0s ago at [-144,71,416])
F5 [F5] chest skip (no path cached 1s ago at [-139,71,418])
F5 [F5] chest skip (no path cached 1s ago at [-139,71,416])
F1 [F1] water: pass 4 head=wet shore=none land=n/a y=49.1 o2=14 probes=0 at=[-121,49,402]
F8 [F8] hop: chest at [-144,71,418] d=34 zero: chest unreachable (Took to long to decide path to goal!)
F8 [F8] chest skip (no path cached 0s ago at [-144,71,416])
F8 [F8] chest skip (no path cached 2s ago at [-139,71,418])
F8 [F8] chest skip (no path cached 2s ago at [-139,71,416])
F17 [F17] combat: fighting zombie (dist 1.8, hp 15.7, 1 nearby, proximity)
t-0s alive=19/19 mined=2842 map=1416p/26ch banked=994 smelted=15 pocket=2263u/256s | sand=37 gravel=18 dirt=379 stone=0
   deficits: 157926/37 (0.0%) 149380/18 (0.0%) 31860/0 (0.0%) 27420/0 (0.0%) 10725/44 (0.4%)
   F1=249[cobblestone:108 dirt:37 diorite:27] | F2=190[cobblestone:91 torch:24 oak_planks:15] | F3=197[birch_log:3 oak_log:2 stick:2] | F4=92[oak_planks:7 stick:5 oak_log:3] | F5=65[dirt:133 leaf_litter:35 oak_log:10] | F6=199[cobblestone:137 dirt:24 diorite:20] | F7=148[torch:20 stick:6 oak_log:3] | F8=288[cobblestone:176 dirt:53 andesite:24] | F9=128[dirt:22 granite:21 diorite:17] | F10=117[cobblestone:63 diorite:38 coal:22] | F11=107[cobblestone:48 raw_copper:33 granite:27] | F12=166[dirt:23 cobblestone:20 leaf_litter:9] | F13=46[sand:16 stick:6 oak_planks:5] | F14=199[cobblestone:72 dirt:32 leaf_litter:18] | F15=89[cobblestone:41 granite:19 raw_copper:12] | F16=169[empty] | F17=197[cobblestone:57 oak_log:6 stick:3] | F18=35[cobblestone:22 stick:5 leaf_litter:4] | F19=161[dirt:38 stick:6 cobblestone:4]
   mem: heap=123M/170M old=-1M ext=143M ab=141M rss=421M cols=0 ents=0 evicted=0 path=1a/0q (max 6) stale=0
[F13] fuel clips the batch: 4 x stick completes 2 of 16 x sand (the rest re-smelts on the next chain)
[F13] the clock clips the batch: the 76s window completes ~6 of 16 x sand (the rest re-smelts on the next chain)
[F13] furnace slots after put: input=sand fuel=stick
[F13] smelting 2 x sand in a furnace (fuel: 4 x stick)
F1 [F1] water: transit toward known land (oak_log) at [-127,404] d=6
F16 [F16] died - respawning (cause: server: was blown up by Creeper [kind=explosion by Creeper] | inferred: zombie@0.5 (0s before death at [-101,66,396]) [the inference names a BYSTANDER - the exploder removed itself at detonation, the nearest-harm scan read the next-nearest hostile (a real witness, not the killer; the server killer stays the authority)])
F16 [F16] death drop: pocket read empty at death (0u)
F16 [F16] water: death spot memorized as a hazard at [-101,66,396] (10 live, fleet-wide)
F1 [F1] water: transit toward known land (oak_log) at [-127,404] d=6
[F2] took 1 x copper_ingot (6/6)
[F2] blast_furnace within reach - opening without a walk
[F2] furnace slots after put: input=raw_copper fuel=coal
[F2] smelting 3 x raw_copper in a blast_furnace (fuel: 1 x coal)
F1 [F1] water: transit toward known land (oak_log) at [-127,404] d=6
F18 [F18] climb diag: level at y=43 blocked toward 0,1 (dug=0, wet) at [0,1,0] water (stop)
F1 [F1] water: pass 17 head=wet shore=none land=n/a y=49.8 o2=20 probes=0 at=[-122,50,402]
F14 [F14] climb wet escape: 1 blocks walked (budget, walked 2/4)
F14 [F14] climb diag: level at y=67 blocked toward 1,0 (dug=25, wet) at [1,2,0] water (stop)
F1 [F1] water: transit toward known land (oak_log) at [-127,404] d=6
F1 [F1] water: transit stalled (d=6 after 19 passes - the walls own this swim; the release takes over)
F1 [F1] water: transit toward known land (oak_log) at [-127,404] d=6
F1 [F1] water: rescue released (surface-safe, open water - no land known; the walk gate reopens) in 5.2s
F1 [F1] water: hazard memorized at [-122,50,401] (11 live, fleet-wide)
F14 [F14] climb diag: level at y=66 blocked toward 0,1 (dug=25, wet) at [0,1,0] water (stop)
F17 [F17] combat: fight ended vs zombie (mob down, hp 15.7 -> 12.7, swings 7, weapon wooden_sword, 7 rounds)
F14 [F14] climb diag: level at y=65 blocked toward -1,0 (dug=25, wet) at [0,1,0] water (stop)
F14 [F14] climb: walkable surface at y=65 (+7 levels, dug=25) - the walk takes over (blocked step)
F14 final climb: OK +7 levels (5 steps, 25 dug, 13 traversed, undefineds)
F14 bank: holding 45s of 153s for the smelt leg
F9 [F9] climb bridge: placed cobblestone at [-139,67,408] (pit) - the step re-judges
F9 [F9] climb bridge: placed cobblestone at [-139,68,408] (support) - the step re-judges
F15 [F15] climb diag: level at y=56 blocked toward 1,0 (dug=0, wet) at [0,1,0] water (stop)
F19 [F19] raw hop failed: raw walk: no net progress for 8162ms (best d=7.0) - pathfinder retry
[hb] n=37 ts=741s rss=421M late=183ms mainLate=1093ms
[F2] took 1 x copper_ingot (1/3)
F5 [F5] raw hop failed: raw walk: no net progress for 8269ms (best d=7.0) - pathfinder retry
F8 [F8] raw hop failed: raw walk: no net progress for 8475ms (best d=7.0) - pathfinder retry
F9 [F9] climb diag: level at y=69 blocked toward -1,0 (dug=65)
[F13] took 1 x glass (1/2)
[F2] took 1 x copper_ingot (2/3)
F5 [F5] hop: chest at [-134,71,418] d=10 zero: chest unreachable (Took to long to decide path to goal!)
F5 [F5] chest skip (no path cached 0s ago at [-134,71,416])
F9 final climb: retry (escalated retry after stalled, 69s fence)
F8 [F8] hop: chest at [-134,71,418] d=10 zero: chest unreachable (Took to long to decide path to goal!)
F8 [F8] chest skip (no path cached 0s ago at [-134,71,416])
F9 [F9] climb bridge: placed cobblestone at [-138,68,408] (pit) - the step re-judges
F9 [F9] climb bridge: placed cobblestone at [-138,69,408] (support) - the step re-judges
F9 final climb: OK +2 levels (1 steps, 0 dug, 1s)
F9 bank: smelt hold skipped - no fuel in pocket (coal 2)
F1 [F1] water: drowning rescue start (drowning, oxygen 5)
F1 [F1] water: pass 0 head=wet shore=none land=n/a y=49.0 o2=5 probes=0 at=[-121,49,402]
t-0s alive=19/19 mined=2851 map=1416p/26ch banked=994 smelted=15 pocket=2272u/260s | sand=37 gravel=18 dirt=379 stone=0
   deficits: 157926/37 (0.0%) 149380/18 (0.0%) 31860/0 (0.0%) 27420/0 (0.0%) 10725/44 (0.4%)
   F1=249[cobblestone:108 dirt:37 diorite:27] | F2=190[cobblestone:91 torch:24 oak_planks:15] | F3=197[birch_log:3 oak_log:2 stick:2] | F4=92[oak_planks:7 stick:5 oak_log:3] | F5=65[dirt:133 leaf_litter:35 oak_log:10] | F6=199[cobblestone:137 dirt:24 diorite:20] | F7=148[torch:20 stick:6 oak_log:3] | F8=288[cobblestone:176 dirt:53 andesite:24] | F9=135[dirt:22 granite:21 diorite:17] | F10=117[cobblestone:63 diorite:38 coal:22] | F11=107[cobblestone:48 raw_copper:33 granite:27] | F12=166[dirt:23 cobblestone:20 leaf_litter:9] | F13=46[sand:16 stick:6 oak_planks:5] | F14=201[cobblestone:72 dirt:32 leaf_litter:23] | F15=89[cobblestone:41 granite:19 raw_copper:12] | F16=169[empty] | F17=197[cobblestone:57 oak_log:6 stick:3] | F18=35[cobblestone:22 stick:5 leaf_litter:4] | F19=161[dirt:38 stick:6 cobblestone:4]
   mem: heap=129M/164M old=-1M ext=147M ab=144M rss=424M cols=0 ents=0 evicted=0 path=0a/0q (max 6) stale=0
F9 [F9] direct deposit: 27 chest slots derived from the 63-slot view
F9 camp furnace: 2 near machine(s) beyond the 24b direct envelope (nearest d=12.6) - 12 inside the envelope keep the veto
F9 camp furnace: no build (machine near)
F9 fuel anchor scan returned empty (attempt 1/2) at [-137,70,409] yard d=13 - the palette empty-return class, re-querying
F9 fuel anchor scan returned empty (attempt 2/2) at [-137,70,409] yard d=13
F9 fuel anchor scan empty x2 - the singular probe rescued the scan (chest at [-139,71,410])
F9 fuel commons: the anchor chest is read first
F16 [F16] combat: shelter dig-earn: 36 free slot(s), the dig supplies the seal
F16 [F16] combat: shelter try vs zombie (dist 6.3, proximity)
F16 [F16] combat: shelter skip (open field: no diggable wall, zombie@6.3)
F16 [F16] combat: shelter skip (open field: ring stock 0/8, ground earns nothing)
F16 [F16] combat: fleeing zombie (dist 6.3, hp 20.0, 1 nearby, proximity)
F18 [F18] climb diag: level at y=43 blocked toward 0,1 (dug=0, wet) at [0,1,0] water (stop)
F1 [F1] water: pass 4 head=wet shore=none land=n/a y=49.2 o2=14 probes=0 at=[-122,49,402]
F9 fuel commons: chest holds no fuel
F9 fuel commons: chest holds no fuel
F1 [F1] water: transit toward known land (oak_log) at [-127,404] d=6
F14 [F14] combat: fighting zombie (dist 1.8, hp 17.0, 1 nearby, proximity)
F1 [F1] water: transit toward known land (oak_log) at [-127,404] d=6
F9 fuel commons: chest holds no fuel
[F2] took 1 x copper_ingot (3/3)
[F2] furnace within reach - opening without a walk
[F2] fuel clips the batch: 11 x oak_planks completes 16 of 83 x cobblestone (the rest re-smelts on the next chain)
[F2] the clock clips the batch: the 23s window completes ~2 of 83 x cobblestone (the rest re-smelts on the next chain)
[F2] furnace slots after put: input=cobblestone fuel=oak_planks
[F2] smelting 2 x cobblestone in a furnace (fuel: 11 x oak_planks)
F9 fuel commons: chest holds no fuel
F1 [F1] water: pass 11 head=wet shore=none land=n/a y=49.5 o2=20 probes=0 at=[-121,49,402]
F9 fuel commons: chest holds no fuel
F1 [F1] water: transit toward known land (oak_log) at [-127,404] d=6
F14 [F14] raw hop failed: raw walk timeout after 15222ms (d=8.0) - pathfinder retry
F9 fuel commons: chest holds no fuel
F9 fuel anchor scan returned empty (attempt 1/2) at [-134,71,410] yard d=12 - the palette empty-return class, re-querying
F9 fuel anchor scan returned empty (attempt 2/2) at [-134,71,410] yard d=12
F9 fuel anchor scan empty x2 - the singular probe rescued the scan (chest at [-134,71,408])
F9 fuel commons: the anchor scan saw 1 chest(s), 0 usable after the empty memory - no anchor
F14 [F14] combat: fight ended vs zombie (mob down, hp 17.0 -> 18.3, swings 2, weapon wooden_sword, 2 rounds)
F1 [F1] water: pass 14 head=wet shore=none land=n/a y=49.2 o2=20 probes=0 at=[-122,49,402]
[F13] took 1 x glass (2/2)
F8 [F8] raw hop failed: raw walk: no net progress for 8081ms (best d=7.0) - pathfinder retry
F1 [F1] water: transit toward known land (oak_log) at [-127,404] d=6
F5 [F5] raw hop failed: raw walk: no net progress for 8283ms (best d=7.0) - pathfinder retry
F9 smelt: 0 (cobblestone@-: no fuel; sand@-: no fuel)
F1 [F1] water: transit toward known land (oak_log) at [-127,404] d=6
F1 [F1] water: pass 17 head=dry shore=none land=oak_log d=6 y=51.0 o2=20 probes=0 at=[-122,51,402]
[F9] sweep walk refused by a 0s cooldown - waiting it out once on this machine (a cooldown is a clock, not a verdict)
F6 [F6] approach: the stall side-step (right) stalled too
F6 [F6] approach: 3 segment(s) walked in 26.8s, goal now d=38.1 (still outside - a segment stalled (no position delta))
F1 [F1] water: transit toward known land (oak_log) at [-127,404] d=6
F1 [F1] water: pass 20 head=dry shore=none land=oak_log d=6 y=50.2 o2=20 probes=0 at=[-121,50,402]
F8 [F8] hop: chest at [-129,71,418] d=8 zero: chest unreachable (Took to long to decide path to goal!)
F8 [F8] chest skip (no path cached 0s ago at [-129,71,414])
F8 bank: chest unreachable (Took to long to decide path to goal!) (26 blocks from yard) - walking back
F8 yard approach: 26b beyond the 24b envelope (attempt 1)
[hb] n=38 ts=761s rss=423M late=188ms mainLate=816ms
F1 [F1] water: transit toward known land (oak_log) at [-127,404] d=6
F6 [F6] raw hop failed: raw walk stalled after 2127ms (d=38.1) - pathfinder retry
F1 [F1] water: transit toward known land (oak_log) at [-127,404] d=6
F1 [F1] water: transit stalled (d=6 after 16 passes - the walls own this swim; the release takes over)
F1 [F1] water: transit toward known land (oak_log) at [-127,404] d=6
F1 [F1] water: rescue released (surface-safe, open water - no land known; the walk gate reopens) in 12.5s
F1 [F1] water: hazard memorized at [-122,50,401] (11 live, fleet-wide)
F1 [F1] water: surface re-arm holds the page (12s left) - the open-water float owns the pacing; a sinking bar still pages
[F13] walk nudge: approach: the stall side-step (right) moved the start (d now 12.3)
[F13] walk nudge: approach: 2 segment(s) walked in 4.7s, goal now d=12.3 (inside the direct envelope)
[F13] walk nudge: inside the direct envelope
t-0s alive=19/19 mined=2851 map=1416p/26ch banked=994 smelted=15 pocket=2203u/257s | sand=35 gravel=18 dirt=357 stone=0
   deficits: 157926/35 (0.0%) 149380/18 (0.0%) 31860/0 (0.0%) 27420/0 (0.0%) 10725/44 (0.4%)
   F1=249[cobblestone:108 dirt:37 diorite:27] | F2=190[cobblestone:91 torch:24 oak_planks:15] | F3=197[birch_log:3 oak_log:2 stick:2] | F4=92[oak_planks:7 stick:5 oak_log:3] | F5=65[dirt:133 leaf_litter:35 oak_log:10] | F6=199[cobblestone:137 dirt:24 diorite:20] | F7=148[torch:20 stick:6 oak_log:3] | F8=288[cobblestone:176 dirt:53 andesite:24] | F9=135[cobblestone:12 oak_planks:5 smooth_stone:5] | F10=117[cobblestone:63 diorite:38 coal:22] | F11=107[cobblestone:48 raw_copper:33 granite:27] | F12=166[dirt:23 cobblestone:20 leaf_litter:9] | F13=46[sand:14 oak_planks:5 oak_log:3] | F14=201[cobblestone:72 dirt:32 leaf_litter:23] | F15=89[cobblestone:41 granite:19 raw_copper:12] | F16=169[empty] | F17=197[cobblestone:57 oak_log:6 stick:3] | F18=35[cobblestone:22 stick:5 leaf_litter:4] | F19=161[dirt:38 stick:6 cobblestone:4]
   mem: heap=144M/170M old=-1M ext=147M ab=144M rss=420M cols=0 ents=0 evicted=0 path=4a/0q (max 6) stale=0
[F2] took 1 x stone (1/2)
F14 [F14] direct deposit: 27 chest slots derived from the 63-slot view
F14 [F14] fuel tithe: banked 7 x coal (pocket keeps 6)
F14 camp furnace: 1 near machine(s) beyond the 24b direct envelope (nearest d=6.5) - 6 inside the envelope keep the veto
F14 camp furnace: no build (machine near)
F14 fuel anchor scan returned empty (attempt 1/2) at [-119,71,392] yard d=12 - the palette empty-return class, re-querying
F14 fuel anchor scan returned empty (attempt 2/2) at [-119,71,392] yard d=12
F14 fuel anchor scan empty x2 - the singular probe rescued the scan (chest at [-123,71,392])
F14 fuel commons: the anchor chest is read first
F14 smelt: 0 (cobblestone@-: no fuel)
F19 [F19] hop: chest at [-139,71,408] d=8 zero: cannot open chest (open chest: timeout after 10000ms)
F19 bank: cannot open chest (open chest: timeout after 10000ms) (19 blocks from yard) - walking back
F19 bank: yard walk arrived in 0s (1 attempt)
F19 camp furnace: 2 near machine(s) beyond the 24b direct envelope (nearest d=11.6) - 6 inside the envelope keep the veto
F19 camp furnace: no build (machine near)
F19 smelt: 0 (nothing to smelt)
F5 [F5] direct deposit: 27 chest slots derived from the 63-slot view
F5 [F5] banked 171 items at (-129, 71, 418) (direct=7 fallback=0 mirror=true kept: oak_sapling, torch, wooden_pickaxe, wooden_sword)
F5 camp furnace: 7 near machine(s) beyond the 24b direct envelope (nearest d=14.3) - 1 inside the envelope keep the veto
F5 camp furnace: no build (machine near)
F5 smelt: 0 (nothing to smelt)
F5 iron commune: chest holds 0 ingot(s) - nothing to complete here
F5 iron commune: chest holds 0 ingot(s) - nothing to complete here
F5 iron commune: chest holds 0 ingot(s) - nothing to complete here
F11 [F11] combat: shelter try vs drowned (dist 5.9, proximity)
F11 [F11] combat: shelter skip (open field: no diggable wall, drowned@5.9)
F11 [F11] combat: shelter skip (open field: ring not buildable [oo -o oo -o], no arrow wall either vs drowned@5.9)
F11 [F11] combat: fleeing drowned (dist 5.9, hp 3.0, 1 nearby, proximity)
F8 yard approach: approach: 1 segment(s) walked in 11.0s, goal now d=9.1 (inside the direct envelope)
F8 bank: yard walk arrived in 0s (1 attempt)
F8 camp furnace: 2 near machine(s) beyond the 24b direct envelope (nearest d=10.5) - 3 inside the envelope keep the veto
F8 camp furnace: no build (machine near)
[F2] took 1 x stone (2/2)
[F2] furnace within reach - opening without a walk
F1 [F1] water: drowning rescue start (drowning, oxygen 4)
F1 [F1] water: pass 0 head=wet shore=none land=n/a y=49.0 o2=4 probes=0 at=[-121,49,402]
[F2] fuel clips the batch: 9 x oak_planks completes 13 of 81 x cobblestone (the rest re-smelts on the next chain)
[F2] the clock clips the batch: the 1s window completes ~1 of 81 x cobblestone (the rest re-smelts on the next chain)
[F2] furnace slots after put: input=cobblestone fuel=oak_planks
[F2] smelting 1 x cobblestone in a furnace (fuel: 9 x oak_planks)
F2 smelted 11 (copper_ingot:9 stone:2) rescued=0
F1 [F1] water: transit toward known land (oak_log) at [-127,404] d=6
F6 [F6] approach: the stall side-step (right) stalled too
F6 [F6] approach: 1 segment(s) walked in 14.3s, goal now d=38.1 (still outside - a segment stalled (no position delta))
[F13] walk nudge: approach: the stall side-step (right) moved the start (d now 10.3)
[F13] walk nudge: approach: 2 segment(s) walked in 4.3s, goal now d=10.3 (inside the direct envelope)
[F13] walk nudge: inside the direct envelope
F2 iron commune: the clicks lied - no ingot landed in the pocket (ghost clicks)
F1 [F1] water: pass 3 head=wet shore=none land=n/a y=49.5 o2=13 probes=0 at=[-122,50,402]
F2 iron commune: iron commune: path nudge approach: 1 segment(s) walked in 0.2s, goal now d=7.4 (inside the direct envelope)
F2 iron commune: iron commune: path nudge inside the direct envelope
F6 [F6] raw hop failed: raw walk stalled after 2485ms (d=38.1) - pathfinder retry
F9 sweep: 0 collected - machine unreachable (Took to long to decide path to goal!) x1, machine unreachable (walk to a machine (sweep): timeout after 14668ms) x1
F1 [F1] water: pass 6 head=dry shore=hit r=1 land=none y=51.5 o2=20 probes=0 at=[-121,52,402]
F9 [F9] direct deposit: 27 chest slots derived from the 63-slot view
F9 final bank: +92
F2 iron commune: iron commune: chest walk failed after the nudge (No path to the goal!)
F2 iron commune: chest walk failed (No path to the goal!)
F6 [F6] hop: chest at [-129,71,418] d=38 zero: chest unreachable (No path to the goal!)
t-0s alive=19/19 mined=2851 map=1416p/26ch banked=1086 smelted=26 pocket=1942u/247s | sand=34 gravel=18 dirt=197 stone=2
   deficits: 157926/34 (0.0%) 149380/18 (0.0%) 31860/0 (0.0%) 27420/0 (0.0%) 10725/44 (0.4%)
   F1=249[cobblestone:108 dirt:37 diorite:27] | F2=190[cobblestone:89 torch:24 oak_planks:12] | F3=197[birch_log:3 oak_log:2 stick:2] | F4=92[oak_planks:7 stick:5 oak_log:3] | F5=65[oak_log:10 oak_planks:8 dirt:5] | F6=199[cobblestone:137 dirt:24 diorite:20] | F7=148[torch:20 stick:6 oak_log:3] | F8=288[cobblestone:176 dirt:53 andesite:24] | F9=135[oak_planks:5 wooden_pickaxe:2 wooden_shovel:1] | F10=117[cobblestone:63 diorite:38 coal:22] | F11=107[cobblestone:48 raw_copper:33 granite:27] | F12=166[dirt:23 cobblestone:20 leaf_litter:9] | F13=46[sand:14 oak_planks:5 oak_log:3] | F14=201[cobblestone:72 torch:16 coal:6] | F15=89[cobblestone:41 granite:19 raw_copper:12] | F16=169[empty] | F17=197[cobblestone:57 oak_log:6 stick:3] | F18=35[cobblestone:22 stick:5 leaf_litter:4] | F19=161[dirt:38 stick:6 cobblestone:4]
   mem: heap=116M/168M old=-1M ext=145M ab=143M rss=421M cols=0 ents=0 evicted=0 path=5a/0q (max 6) stale=0
F1 [F1] water: pass 8 head=wet shore=none land=n/a y=49.4 o2=19 probes=0 at=[-122,49,402]
[hb] n=39 ts=781s rss=418M late=192ms mainLate=1192ms
F1 [F1] water: transit toward known land (oak_log) at [-127,404] d=6
F6 [F6] raw hop failed: raw walk stalled after 2660ms (d=38.3) - pathfinder retry
F7 [F7] combat: fighting spider (dist 0.7, hp 18.0, 1 nearby, proximity)
F2 iron commune: chest walk failed (Took to long to decide path to goal!)
F2 [F2] chest skip (doomed goal cached 0s ago at [-144,71,408])
F10 [F10] approach: 8 segment(s) walked in 87.0s, goal now d=32.9 (still outside - the segment cap spent (8 walked, d=32.9))
F6 [F6] hop: chest at [-144,71,416] d=39 zero: chest unreachable (Took to long to decide path to goal!)
F1 [F1] water: pass 10 head=wet shore=none land=n/a y=49.8 o2=20 probes=0 at=[-122,50,402]
F1 [F1] water: transit toward known land (oak_log) at [-127,404] d=6
[F8] walk nudge: approach: 1 segment(s) walked in 9.2s, goal now d=9.0 (inside the direct envelope)
[F8] walk nudge: inside the direct envelope
F1 [F1] water: pass 13 head=dry shore=hit r=1 land=none y=51.6 o2=20 probes=0 at=[-122,52,402]
F6 [F6] raw hop failed: raw walk stalled after 2388ms (d=38.5) - pathfinder retry
F6 [F6] hop: chest at [-134,71,416] d=39 zero: chest unreachable (No path to the goal!)
F6 [F6] hop: chest at [-139,71,414] d=40 zero: chest unreachable (budget exhausted (walk floor))
F6 bank fallback: none (chest unreachable (budget exhausted (walk floor)))
F6 end-bank budget spent - smelt skipped
F6 [F6] hop: chest at [-139,71,418] d=36 zero: chest unreachable (budget exhausted (walk floor))
F6 [F6] chest skip (no path cached 4s ago at [-144,71,418])
F6 [F6] chest skip (no path cached 0s ago at [-134,71,418])
F6 [F6] hop: chest at [-139,71,416] d=38 zero: chest unreachable (budget exhausted (walk floor))
F6 [F6] chest skip (no path cached 7s ago at [-129,71,418])
F6 [F6] chest skip (no path cached 4s ago at [-144,71,416])
F6 [F6] chest skip (no path cached 0s ago at [-134,71,416])
F6 [F6] hop: chest at [-139,71,414] d=40 zero: chest unreachable (budget exhausted (walk floor))
F6 final bank: 0 (chest unreachable (budget exhausted (walk floor)))
F14 sweep: 0 collected - busy x1, machine unreachable (walk to a machine (sweep): timeout after 12373ms) x1
F7 [F7] combat: fight ended vs spider (mob down, hp 18.0 -> 13.7, swings 4, weapon wooden_sword, 4 rounds)
F1 [F1] water: transit toward known land (oak_log) at [-127,404] d=6
F1 [F1] water: pass 16 head=dry shore=none land=oak_log d=6 y=50.8 o2=20 probes=0 at=[-121,51,402]
F14 [F14] direct deposit: 27 chest slots derived from the 63-slot view
F14 final bank: +158
F2 [F2] raw hop failed: raw walk stalled after 2242ms (d=7.0) - pathfinder retry
F19 sweep: 0 collected - machine unreachable (Took to long to decide path to goal!) x4, machine unreachable (No path to the goal!) x3, cannot open (open furnace (sweep): timeout after 1000ms) x1
F1 [F1] water: transit toward known land (oak_log) at [-127,404] d=6
F1 [F1] water: transit stalled (d=6 after 17 passes - the walls own this swim; the release takes over)
F1 [F1] water: transit toward known land (oak_log) at [-127,404] d=6
F1 [F1] water: rescue released (surface-safe, open water - no land known; the walk gate reopens) in 14.9s
F1 [F1] water: hazard memorized at [-122,50,401] (10 live, fleet-wide)
F5 sweep: 0 collected - machine unreachable (Took to long to decide path to goal!) x3, machine unreachable (walk to a machine (sweep): timeout after 6728ms) x1
[F13] walk nudge: approach: the stall side-step (right) moved the start (d now 9.9)
[F13] walk nudge: approach: 2 segment(s) walked in 4.4s, goal now d=9.9 (inside the direct envelope)
[F13] walk nudge: inside the direct envelope
F10 [F10] raw hop failed: raw walk stalled after 2171ms (d=33.2) - pathfinder retry
F10 [F10] hop: chest at [-123,71,392] d=37 zero: chest unreachable (No path to the goal!)
F10 [F10] chest skip (no path cached 0s ago at [-124,71,392])
F10 [F10] chest skip (no path cached 0s ago at [-125,71,392])
F10 [F10] chest skip (vertical doom: the yard stands 25 levels up over 25b lateral - the walk ladder cannot climb)
F2 [F2] direct deposit: 27 chest slots derived from the 63-slot view
F2 [F2] banked 104 items at (-134, 71, 408) (direct=5 fallback=0 mirror=true kept: wooden_shovel, stick, oak_planks, torch)
F2 final bank: +202
t-0s alive=19/19 mined=2851 map=1416p/26ch banked=1446 smelted=26 pocket=1794u/240s | sand=34 gravel=18 dirt=197 stone=0
   deficits: 157926/34 (0.0%) 149380/18 (0.0%) 31860/0 (0.0%) 27420/0 (0.0%) 10725/44 (0.4%)
   F1=249[cobblestone:108 dirt:37 diorite:27] | F2=190[cobblestone:38 torch:24 oak_planks:12] | F3=197[birch_log:3 oak_log:2 stick:2] | F4=92[oak_planks:7 stick:5 oak_log:3] | F5=65[oak_log:10 oak_planks:8 dirt:5] | F6=199[cobblestone:137 dirt:24 diorite:20] | F7=148[torch:20 stick:6 oak_log:3] | F8=288[cobblestone:176 dirt:53 andesite:24] | F9=135[oak_planks:5 wooden_pickaxe:2 wooden_shovel:1] | F10=117[cobblestone:63 diorite:38 coal:22] | F11=107[cobblestone:48 raw_copper:33 granite:27] | F12=166[dirt:23 cobblestone:20 leaf_litter:9] | F13=46[sand:14 oak_planks:5 oak_log:3] | F14=201[torch:16 oak_planks:3 oak_sapling:3] | F15=89[cobblestone:41 granite:19 raw_copper:12] | F16=169[empty] | F17=197[cobblestone:57 oak_log:6 stick:3] | F18=35[cobblestone:22 stick:5 leaf_litter:4] | F19=161[dirt:38 stick:6 cobblestone:4]
   mem: heap=134M/168M old=-1M ext=146M ab=143M rss=421M cols=0 ents=0 evicted=0 path=0a/0q (max 6) stale=0
F1 [F1] water: surface re-arm holds the page (6s left) - the open-water float owns the pacing; a sinking bar still pages
F5 [F5] raw hop failed: raw walk stalled after 2259ms (d=11.0) - pathfinder retry
F11 [F11] combat: shelter try vs drowned (dist 4.9, proximity)
F11 [F11] combat: shelter skip (open field: no diggable wall, drowned@4.9)
F11 [F11] combat: shelter skip (open field: ring not buildable [oo oo -o oo] vs drowned@4.9)
F11 [F11] combat: fleeing drowned (dist 4.9, hp 3.0, 1 nearby, proximity)
F19 [F19] raw hop failed: raw walk: no net progress for 8294ms (best d=7.1) - pathfinder retry
F19 [F19] hop: chest at [-140,71,392] d=7 zero: chest unreachable (No path to the goal!)
F19 [F19] chest skip (no path cached 0s ago at [-142,71,392])
F19 [F19] chest skip (no path cached 7s ago at [-125,71,392])
F13 [F13] water: drowning rescue start (drowning, oxygen 14)
F13 [F13] water: pass 0 head=wet shore=none land=n/a y=61.5 o2=14 probes=0 at=[-132,61,392]
F15 final climb: failed - stalled [stage 1]
F15 final bank: 0 (still underground after 2 climb attempts - the chain from the shaft bottom is doomed walks)
[hb] n=40 ts=801s rss=418M late=195ms mainLate=1205ms
F1 [F1] water: drowning rescue start (drowning, oxygen 4)
F1 [F1] water: pass 0 head=wet shore=none land=n/a y=49.0 o2=4 probes=0 at=[-121,49,402]
F5 [F5] direct deposit: 27 chest slots derived from the 63-slot view
F5 [F5] banked 5 items at (-134, 71, 408) (direct=1 fallback=0 mirror=true kept: oak_sapling, torch, wooden_pickaxe, wooden_sword)
F5 final bank: +176
F13 [F13] water: pass 6 head=dry shore=hit r=2 land=none y=62.5 o2=20 probes=0 at=[-131,63,393]
F1 [F1] water: transit toward known land (oak_log) at [-127,404] d=6
F18 final climb: retry (escalated retry after timeout (fenced at 90s - the chain keeps its reserve), 23s fence)
F1 [F1] water: pass 7 head=wet shore=none land=n/a y=49.4 o2=13 probes=0 at=[-122,49,402]
F13 [F13] water: pass 11 head=wet shore=none land=n/a y=61.9 o2=20 probes=0 at=[-131,62,393]
F1 [F1] water: transit toward known land (oak_log) at [-127,404] d=6
F11 [F11] died - respawning (cause: server: was slain by Drowned [kind=mob by Drowned] | inferred: drowned@1.6 (0s before death at [-143,64,410]) [the inference corroborates the server verdict])
F11 [F11] death drop: ~147u lost at [-143,64,410] (cobblestone 48, raw_copper 33, granite 27, sand 8, diorite 6, +11 more)
F11 [F11] water: death spot memorized as a hazard at [-143,64,410] (10 live, fleet-wide)
F19 [F19] combat: fighting drowned (dist 4.8, hp 20.0, 1 nearby, proximity)
F1 [F1] water: transit toward known land (oak_log) at [-127,404] d=6
F1 [F1] water: pass 14 head=dry shore=none land=oak_log d=6 y=50.5 o2=20 probes=0 at=[-121,51,402]
F13 [F13] water: pass 16 head=wet shore=none land=n/a y=62.0 o2=20 probes=0 at=[-131,62,393]
F1 [F1] water: transit toward known land (oak_log) at [-127,404] d=6
F1 [F1] water: transit stalled (d=6 after 17 passes - the walls own this swim; the release takes over)
F1 [F1] water: transit toward known land (oak_log) at [-127,404] d=6
F1 [F1] water: rescue released (surface-safe, open water - no land known; the walk gate reopens) in 6.2s
F1 [F1] water: hazard memorized at [-122,50,401] (11 live, fleet-wide)
[F13] walk nudge: approach: 1 segment(s) walked in 15.1s, goal now d=8.4 (inside the direct envelope)
[F13] walk nudge: inside the direct envelope
F13 [F13] water: pass 22 head=dry shore=hit r=1 land=none y=62.0 o2=20 probes=0 at=[-133,62,393]
t-0s alive=19/19 mined=2851 map=1416p/26ch banked=1622 smelted=26 pocket=1687u/226s | sand=26 gravel=18 dirt=186 stone=0
   deficits: 157926/26 (0.0%) 149380/18 (0.0%) 31860/0 (0.0%) 27420/0 (0.0%) 10725/44 (0.4%)
   F1=249[cobblestone:108 dirt:37 diorite:27] | F2=190[cobblestone:38 torch:24 oak_planks:12] | F3=197[birch_log:3 oak_log:2 stick:2] | F4=92[oak_planks:7 stick:5 oak_log:3] | F5=65[oak_log:10 oak_planks:8 torch:4] | F6=199[cobblestone:137 dirt:24 diorite:20] | F7=148[torch:20 stick:6 oak_log:3] | F8=288[cobblestone:176 dirt:53 andesite:24] | F9=135[oak_planks:5 wooden_pickaxe:2 wooden_shovel:1] | F10=117[cobblestone:63 diorite:38 coal:22] | F11=107[empty] | F12=166[raw_copper:33 dirt:23 cobblestone:20] | F13=46[sand:14 oak_planks:5 oak_log:3] | F14=201[torch:16 oak_planks:3 oak_sapling:3] | F15=89[cobblestone:41 granite:19 raw_copper:12] | F16=169[empty] | F17=197[cobblestone:57 oak_log:6 stick:3] | F18=35[cobblestone:22 stick:5 leaf_litter:4] | F19=161[dirt:38 stick:6 diorite:6]
   mem: heap=121M/166M old=-1M ext=148M ab=145M rss=423M cols=0 ents=0 evicted=0 path=0a/0q (max 6) stale=0
F19 [F19] combat: verdict flipped to flee vs drowned (hp 5.0)
F19 [F19] combat: shelter try vs drowned (dist 1.4, proximity re-verdict)
F19 [F19] combat: shelter skip (open field: no diggable wall, drowned@1.4)
F19 [F19] combat: shelter ring try vs drowned (dist 1.4, -x-z+z+x first, full ring, proximity re-verdict)
F13 [F13] water: rescue complete in 11.2s
F13 [F13] water: hazard memorized at [-134,62,393] (12 live, fleet-wide)
[F13] walk refused by a water rescue - rescue cleared, walking again
F19 [F19] died - respawning (cause: server: was slain by Drowned [kind=mob by Drowned] | inferred: drowned@1.1 (0s before death at [-145,64,408]) [the inference corroborates the server verdict])
F19 [F19] death drop: ~69u lost at [-145,64,408] (dirt 34, diorite 6, stick 6, cobblestone 5, raw_iron 5, +11 more)
F19 [F19] water: death spot memorized as a hazard at [-145,64,408] (13 live, fleet-wide)
F13 smelted 2 (glass:2) rescued=0
[F8] walk nudge: approach: 1 segment(s) walked in 14.4s, goal now d=9.3 (inside the direct envelope)
[F8] walk nudge: inside the direct envelope
F18 [F18] climb diag: level at y=43 blocked toward 0,1 (dug=0, wet) at [0,1,0] water (stop)
F13 iron commune: iron commune: path nudge approach: 1 segment(s) walked in 0.0s, goal now d=8.1 (inside the direct envelope)
F13 iron commune: iron commune: path nudge inside the direct envelope
F19 [F19] combat: shelter skip (open field: ring incomplete 4/8)
F19 [F19] combat: flee bearing rotated 90deg (water/hazard vetoes the away target) vs drowned (proximity re-verdict)
F19 [F19] raw hop failed: raw walk: no net progress for 8047ms (best d=7.0) - pathfinder retry
F19 [F19] combat: flee bearing rotated 90deg (water/hazard vetoes the away target) vs drowned (proximity re-verdict)
F19 [F19] hop: chest at [-144,71,408] d=17 zero: chest unreachable (The goal was changed before it could be completed!)
F19 final bank: 0 (chest unreachable (The goal was changed before it could be completed!))
F19 [F19] combat: flee bearing rotated 90deg (water/hazard vetoes the away target) vs drowned (proximity re-verdict)
F13 iron commune: iron commune: chest walk failed after the nudge (No path to the goal!)
F13 iron commune: chest walk failed (No path to the goal!)
F13 iron commune: chest walk failed (No path to the goal!)
F12 [F12] combat: fighting drowned (dist 4.4, hp 17.0, 1 nearby, proximity)
F13 [F13] combat: fighting drowned (dist 2.4, hp 18.0, 1 nearby, proximity)
F13 [F13] combat: drift return wait vs drowned (@5.2) - the swimmer always comes back
F1 [F1] water: drowning rescue start (drowning, oxygen 4)
F1 [F1] water: pass 0 head=wet shore=none land=n/a y=49.0 o2=4 probes=0 at=[-121,49,402]
F9 [F9] combat: fighting drowned (dist 4.9, hp 20.0, 1 nearby, proximity)
[hb] n=41 ts=821s rss=423M late=200ms mainLate=681ms
F1 [F1] water: transit toward known land (oak_log) at [-127,404] d=6
F1 [F1] water: pass 7 head=wet shore=none land=n/a y=49.7 o2=12 probes=0 at=[-121,50,402]
F13 iron commune: chest walk failed (The goal was changed before it could be completed!)
F1 [F1] water: transit toward known land (oak_log) at [-127,404] d=6
F9 [F9] combat: fight ended vs drowned (mob down, hp 20.0 -> 20.0, swings 1, weapon stone_sword, 1 rounds)
F13 [F13] combat: fight ended vs drowned (mob down, hp 18.0 -> 17.0, swings 2, weapon wooden_sword, 2 rounds)
F10 [F10] approach: 4 segment(s) walked in 31.4s, goal now d=34.9 (still outside - the approach clock is spent)
F10 [F10] hop: chest at [-109,71,408] d=35 zero: chest unreachable (budget exhausted (walk floor))
F10 [F10] hop: chest at [-104,71,410] d=36 zero: chest unreachable (budget exhausted (walk floor))
F10 [F10] hop: chest at [-109,71,410] d=36 zero: chest unreachable (budget exhausted (walk floor))
F10 [F10] hop: chest at [-104,71,412] d=37 zero: chest unreachable (budget exhausted (walk floor))
F10 bank fallback: none (chest unreachable (budget exhausted (walk floor)))
F10 camp furnace: build skipped - the leg clock (19s) cannot afford a 24s craft-planks build + the 5s put (7 log(s) in pocket - craft planks (largest same-type stack 1/4))
F1 [F1] water: pass 13 head=wet shore=none land=n/a y=49.8 o2=20 probes=0 at=[-121,50,402]
F1 [F1] water: transit toward known land (oak_log) at [-127,404] d=6
F12 [F12] combat: fight ended vs drowned (mob down, hp 17.0 -> 17.0, swings 2, weapon wooden_sword, 2 rounds)
t-0s alive=19/19 mined=2851 map=1416p/26ch banked=1622 smelted=28 pocket=1625u/213s | sand=26 gravel=18 dirt=150 stone=0
   deficits: 157926/26 (0.0%) 149380/18 (0.0%) 31860/0 (0.0%) 27420/0 (0.0%) 10725/44 (0.4%)
   F1=249[cobblestone:108 dirt:37 diorite:27] | F2=190[cobblestone:38 torch:24 oak_planks:12] | F3=197[birch_log:3 oak_log:2 stick:2] | F4=92[oak_planks:7 stick:5 oak_log:3] | F5=65[oak_log:10 oak_planks:8 torch:4] | F6=199[cobblestone:137 dirt:24 diorite:20] | F7=148[torch:20 stick:6 oak_log:3] | F8=288[cobblestone:176 dirt:53 andesite:24] | F9=135[oak_planks:5 wooden_pickaxe:2 wooden_shovel:1] | F10=117[cobblestone:63 diorite:38 coal:22] | F11=107[empty] | F12=166[raw_copper:33 dirt:25 cobblestone:20] | F13=46[sand:14 oak_planks:6 raw_iron:5] | F14=201[torch:16 oak_planks:3 oak_sapling:3] | F15=89[cobblestone:41 granite:19 raw_copper:12] | F16=169[empty] | F17=197[cobblestone:57 oak_log:6 stick:3] | F18=35[cobblestone:22 stick:5 leaf_litter:4] | F19=161[empty]
   mem: heap=134M/167M old=-1M ext=150M ab=147M rss=424M cols=0 ents=0 evicted=0 path=0a/0q (max 6) stale=0
F1 [F1] water: transit toward known land (oak_log) at [-127,404] d=6
F13 [F13] raw hop failed: raw walk stalled after 2250ms (d=9.0) - pathfinder retry
[F8] walk nudge: approach: 1 segment(s) walked in 10.9s, goal now d=9.8 (inside the direct envelope)
[F8] walk nudge: inside the direct envelope
F1 [F1] water: transit toward known land (oak_log) at [-127,404] d=6
F1 [F1] water: transit stalled (d=6 after 16 passes - the walls own this swim; the release takes over)
F1 [F1] water: transit toward known land (oak_log) at [-127,404] d=6
F1 [F1] water: pass 20 head=dry shore=none land=oak_log d=6 y=50.1 o2=20 probes=0 at=[-121,50,402]
F1 [F1] water: rescue released (surface-safe, open water - no land known; the walk gate reopens) in 6.2s
F1 [F1] water: hazard memorized at [-122,50,401] (13 live, fleet-wide)
F18 [F18] climb diag: level at y=43 blocked toward 0,1 (dug=0, wet) at [0,1,0] water (stop)
F18 final climb: failed - timeout [stage 1]
F18 final bank: 0 (still underground after 2 climb attempts - the chain from the shaft bottom is doomed walks)
F1 [F1] water: surface re-arm holds the page (5s left) - the open-water float owns the pacing; a sinking bar still pages
F14 [F14] combat: fighting skeleton (dist 5.5, hp 20.0, 2 nearby, proximity)
F1 [F1] water: drowning rescue start (drowning, oxygen 7)
F1 [F1] water: pass 0 head=wet shore=none land=n/a y=49.0 o2=7 probes=0 at=[-121,49,402]
F1 [F1] water: transit toward known land (oak_log) at [-127,404] d=6
t-0s alive=19/19 mined=2851 map=1416p/26ch banked=1622 smelted=28 pocket=1628u/214s | sand=26 gravel=18 dirt=151 stone=0
   deficits: 157926/26 (0.0%) 149380/18 (0.0%) 31860/0 (0.0%) 27420/0 (0.0%) 10725/44 (0.4%)
   F1=249[cobblestone:108 dirt:37 diorite:27] | F2=190[cobblestone:38 torch:24 oak_planks:12] | F3=197[birch_log:3 oak_log:2 stick:2] | F4=92[oak_planks:7 stick:5 oak_log:3] | F5=65[oak_log:10 oak_planks:8 torch:4] | F6=199[cobblestone:137 dirt:24 diorite:20] | F7=148[torch:20 stick:6 oak_log:3] | F8=288[cobblestone:176 dirt:53 andesite:24] | F9=135[oak_planks:5 wooden_pickaxe:2 wooden_shovel:1] | F10=117[cobblestone:63 diorite:38 coal:22] | F11=107[empty] | F12=166[raw_copper:33 dirt:25 cobblestone:20] | F13=46[sand:14 oak_planks:6 raw_iron:5] | F14=201[torch:16 oak_planks:3 oak_sapling:3] | F15=89[cobblestone:41 granite:19 raw_copper:12] | F16=169[empty] | F17=197[cobblestone:57 oak_log:6 stick:3] | F18=35[cobblestone:22 stick:5 leaf_litter:4] | F19=161[empty]
   mem: heap=120M/166M old=-1M ext=149M ab=146M rss=426M cols=0 ents=0 evicted=0 path=1a/0q (max 6) stale=0
F14 [F14] combat: melee chase ceiling held (chased 7.0b, skeleton @4.0) - the episode breaks, the next drop reopens it
F14 [F14] combat: ranged cooldown armed vs skeleton (10s) - the chase never wins the arrow trade
F14 [F14] combat: fight ended vs skeleton (chase ceiling, hp 20.0 -> 20.0, swings 2, weapon wooden_sword, 2 rounds)
F14 [F14] combat: shelter skip (night=true armed=true hp=20 attackers=2 poison=off threat=skeleton@4.1)
F14 [F14] combat: fleeing skeleton (dist 4.1, hp 20.0, 2 nearby, proximity)
[hb] n=42 ts=841s rss=421M late=204ms mainLate=334ms
F1 [F1] water: pass 6 head=wet shore=none land=n/a y=49.2 o2=14 probes=0 at=[-122,49,402]
F1 [F1] water: transit toward known land (oak_log) at [-127,404] d=6
F1 [F1] water: transit toward known land (oak_log) at [-127,404] d=6
[F10] walk nudge: approach: 3 segment(s) walked in 18.8s, goal now d=38.8 (still outside - the approach clock is spent)
[F10] walk nudge: closed to d=38.8 - retrying the machine from the new start
F1 [F1] water: pass 12 head=wet shore=none land=n/a y=49.2 o2=20 probes=0 at=[-122,49,402]
F10 smelt: 0 (raw_copper@blast_furnace: machine unreachable (visit budget spent (walk slice)))
F10 fuel anchor scan returned empty (attempt 1/2) at [-104,46,384] yard d=40 - the palette empty-return class, re-querying
F10 fuel anchor scan returned empty (attempt 2/2) at [-104,46,384] yard d=40
F10 fuel anchor scan empty x2 - the singular probe rescued the scan (chest at [-123,71,392])
F10 fuel anchor: 0 delivered (the vertical gate: the yard stands 25 levels up over 21b lateral - the walk ladder cannot climb) - the legacy scatter carries the tithe
F10 [F10] chest skip (vertical doom: the yard stands 25 levels up over 21b lateral - the walk ladder cannot climb)
F10 [F10] chest skip (vertical doom: the yard stands 25 levels up over 22b lateral - the walk ladder cannot climb)
F10 [F10] chest skip (vertical doom: the yard stands 25 levels up over 23b lateral - the walk ladder cannot climb)
F10 [F10] chest skip (vertical doom: the yard stands 25 levels up over 24b lateral - the walk ladder cannot climb)
F10 [F10] chest skip (vertical doom: the yard stands 25 levels up over 25b lateral - the walk ladder cannot climb)
[F8] walk nudge: approach: 1 segment(s) walked in 15.3s, goal now d=8.9 (inside the direct envelope)
[F8] walk nudge: inside the direct envelope
F13 [F13] raw hop failed: raw walk stalled after 2287ms (d=9.0) - pathfinder retry
F1 [F1] water: transit toward known land (oak_log) at [-127,404] d=6
F1 [F1] water: transit toward known land (oak_log) at [-127,404] d=6
F1 [F1] water: pass 18 head=wet shore=none land=n/a y=49.6 o2=20 probes=0 at=[-121,50,402]
F1 [F1] water: transit toward known land (oak_log) at [-127,404] d=6
F1 [F1] water: transit stalled (d=6 after 16 passes - the walls own this swim; the release takes over)
F1 [F1] water: transit toward known land (oak_log) at [-127,404] d=6
F1 [F1] water: rescue released (surface-safe, open water - no land known; the walk gate reopens) in 6.4s
F1 [F1] water: hazard memorized at [-122,50,401] (11 live, fleet-wide)
[F8] fuel clips the batch: 5 x stick completes 2 of 168 x cobblestone (the rest re-smelts on the next chain)
[F8] the clock clips the batch: the 5s window completes ~1 of 168 x cobblestone (the rest re-smelts on the next chain)
[F8] furnace slots after put: input=cobblestone fuel=stick
[F8] smelting 1 x cobblestone in a furnace (fuel: 5 x stick)
t-0s alive=19/19 mined=2851 map=1416p/26ch banked=1622 smelted=28 pocket=1629u/215s | sand=26 gravel=18 dirt=151 stone=0
   deficits: 157926/26 (0.0%) 149380/18 (0.0%) 31860/0 (0.0%) 27420/0 (0.0%) 10725/44 (0.4%)
   F1=249[cobblestone:108 dirt:37 diorite:27] | F2=190[cobblestone:38 torch:24 oak_planks:12] | F3=197[birch_log:3 oak_log:2 stick:2] | F4=92[oak_planks:7 stick:5 oak_log:3] | F5=65[oak_log:10 oak_planks:8 torch:4] | F6=199[cobblestone:137 dirt:24 diorite:20] | F7=148[torch:20 stick:6 oak_log:3] | F8=288[cobblestone:176 dirt:53 andesite:24] | F9=135[oak_planks:5 wooden_pickaxe:2 wooden_shovel:1] | F10=117[cobblestone:63 diorite:38 coal:22] | F11=107[empty] | F12=166[raw_copper:33 dirt:25 cobblestone:20] | F13=46[sand:14 oak_planks:6 raw_iron:5] | F14=201[torch:16 oak_planks:3 oak_sapling:3] | F15=89[cobblestone:41 granite:19 raw_copper:12] | F16=169[empty] | F17=197[cobblestone:57 oak_log:6 stick:3] | F18=35[cobblestone:22 stick:5 leaf_litter:4] | F19=161[empty]
   mem: heap=123M/166M old=-1M ext=153M ab=150M rss=425M cols=0 ents=0 evicted=0 path=0a/0q (max 6) stale=0
F13 [F13] hop: chest at [-134,71,408] d=8 zero: chest unreachable (walk to chest (retry): timeout after 11281.837890625ms)
F13 final bank: +50
F8 smelt: 0 (cobblestone@furnace: cannot open (open furnace: timeout after 10000ms); cobblestone@furnace: machine unreachable (No path to the goal!); cobblestone@furnace: machine unreachable (No path to the goal!); cobblestone@furnace: timeout)
F8 fuel anchor scan returned empty (attempt 1/2) at [-135,68,394] yard d=14 - the palette empty-return class, re-querying
F8 fuel anchor scan returned empty (attempt 2/2) at [-135,68,394] yard d=14
F8 fuel anchor scan empty x2 - the singular probe rescued the scan (chest at [-140,71,392])
F1 [F1] water: drowning rescue start (drowning, oxygen 4)
F1 [F1] water: pass 0 head=wet shore=none land=n/a y=49.0 o2=4 probes=0 at=[-121,49,402]
F7 [F7] combat: fighting spider (dist 0.7, hp 13.7, 1 nearby, proximity)
F8 fuel anchor: path nudge approach: 1 segment(s) walked in 0.0s, goal now d=5.4 (inside the direct envelope)
F8 fuel anchor: path nudge inside the direct envelope
F1 [F1] water: transit toward known land (oak_log) at [-127,404] d=6
F8 fuel anchor: delivered 15 units over the tithe bound (pocket keeps 6)
F8 fuel anchor: delivered 15 fuel overage (ok)
F8 [F8] chest skip (doomed goal cached 0s ago at [-140,71,392])
F1 [F1] water: transit toward known land (oak_log) at [-127,404] d=6
F1 [F1] water: pass 8 head=wet shore=none land=n/a y=49.0 o2=14 probes=0 at=[-122,49,402]
[hb] n=43 ts=861s rss=424M late=209ms mainLate=188ms
F1 [F1] water: transit toward known land (oak_log) at [-127,404] d=6
F1 [F1] water: pass 14 head=wet shore=none land=n/a y=49.2 o2=20 probes=0 at=[-122,49,402]
F1 [F1] water: transit toward known land (oak_log) at [-127,404] d=6
F1 [F1] water: transit stalled (d=6 after 15 passes - the walls own this swim; the release takes over)
F1 [F1] water: transit toward known land (oak_log) at [-127,404] d=6
F1 [F1] water: rescue released (surface-safe, open water - no land known; the walk gate reopens) in 5.0s
F1 [F1] water: hazard memorized at [-122,50,401] (11 live, fleet-wide)
F7 [F7] combat: fight ended vs spider (mob down, hp 13.7 -> 11.7, swings 6, weapon wooden_sword, 6 rounds)
F10 [F10] approach: the stall side-step (right) stalled too
F10 [F10] approach: 2 segment(s) walked in 21.9s, goal now d=36.7 (still outside - a segment stalled (no position delta))
F8 [F8] raw hop failed: raw walk: no net progress for 8030ms (best d=5.8) - pathfinder retry
F1 [F1] water: surface re-arm holds the page (6s left) - the open-water float owns the pacing; a sinking bar still pages
t-0s alive=19/19 mined=2851 map=1416p/26ch banked=1672 smelted=28 pocket=1612u/215s | sand=26 gravel=18 dirt=151 stone=0
   deficits: 157926/26 (0.0%) 149380/18 (0.0%) 31860/0 (0.0%) 27420/0 (0.0%) 10725/44 (0.4%)
   F1=249[cobblestone:108 dirt:37 diorite:27] | F2=190[cobblestone:38 torch:24 oak_planks:12] | F3=197[birch_log:3 oak_log:2 stick:2] | F4=92[oak_planks:7 stick:5 oak_log:3] | F5=65[oak_log:10 oak_planks:8 torch:4] | F6=199[cobblestone:137 dirt:24 diorite:20] | F7=148[torch:20 stick:6 oak_log:3] | F8=288[cobblestone:176 dirt:53 andesite:24] | F9=135[oak_planks:5 wooden_pickaxe:2 wooden_shovel:1] | F10=117[cobblestone:63 diorite:38 coal:22] | F11=107[empty] | F12=166[raw_copper:33 dirt:25 cobblestone:20] | F13=46[sand:14 oak_planks:6 raw_iron:5] | F14=201[torch:16 oak_planks:3 oak_sapling:3] | F15=89[cobblestone:41 granite:19 raw_copper:12] | F16=169[empty] | F17=197[cobblestone:57 oak_log:6 stick:3] | F18=35[cobblestone:22 stick:5 leaf_litter:4] | F19=161[empty]
   mem: heap=127M/167M old=-1M ext=150M ab=148M rss=427M cols=0 ents=0 evicted=0 path=0a/0q (max 6) stale=0
F10 [F10] raw hop failed: raw walk timeout after 7500ms (d=35.8) - pathfinder retry
F10 [F10] hop: chest at [-109,71,410] d=36 zero: chest unreachable (No path to the goal!)
F10 final bank: 0 (budget exhausted)
F1 [F1] water: drowning rescue start (drowning, oxygen 4)
F1 [F1] water: pass 0 head=wet shore=none land=n/a y=49.0 o2=4 probes=0 at=[-121,49,402]
F1 [F1] water: transit toward known land (oak_log) at [-127,404] d=6
F8 [F8] raw hop failed: raw walk: no net progress for 8250ms (best d=8.3) - pathfinder retry
F1 [F1] water: transit toward known land (oak_log) at [-127,404] d=6
F8 [F8] hop: chest at [-142,71,392] d=7 zero: chest unreachable (No path to the goal!)
F1 [F1] water: pass 7 head=wet shore=none land=n/a y=49.5 o2=13 probes=0 at=[-121,49,402]
F1 [F1] water: transit toward known land (oak_log) at [-127,404] d=6
F1 [F1] water: transit toward known land (oak_log) at [-127,404] d=6
F1 [F1] water: pass 13 head=dry shore=none land=oak_log d=6 y=50.2 o2=20 probes=0 at=[-121,50,402]
F1 [F1] water: transit toward known land (oak_log) at [-127,404] d=6
[hb] n=44 ts=881s rss=427M late=214ms mainLate=1176ms
F1 [F1] water: transit toward known land (oak_log) at [-127,404] d=6
F1 [F1] water: transit stalled (d=6 after 15 passes - the walls own this swim; the release takes over)
F1 [F1] water: transit toward known land (oak_log) at [-127,404] d=6
F1 [F1] water: rescue released (surface-safe, open water - no land known; the walk gate reopens) in 6.0s
F1 [F1] water: hazard memorized at [-122,50,401] (11 live, fleet-wide)
t-0s alive=19/19 mined=2851 map=1416p/26ch banked=1672 smelted=28 pocket=1613u/216s | sand=26 gravel=18 dirt=151 stone=0
   deficits: 157926/26 (0.0%) 149380/18 (0.0%) 31860/0 (0.0%) 27420/0 (0.0%) 10725/44 (0.4%)
   F1=249[cobblestone:108 dirt:37 diorite:27] | F2=190[cobblestone:38 torch:24 oak_planks:12] | F3=197[birch_log:3 oak_log:2 stick:2] | F4=92[oak_planks:7 stick:5 oak_log:3] | F5=65[oak_log:10 oak_planks:8 torch:4] | F6=199[cobblestone:137 dirt:24 diorite:20] | F7=148[torch:20 stick:6 oak_log:3] | F8=288[cobblestone:176 dirt:53 andesite:24] | F9=135[oak_planks:5 wooden_pickaxe:2 wooden_shovel:1] | F10=117[cobblestone:63 diorite:38 coal:22] | F11=107[empty] | F12=166[raw_copper:33 dirt:25 cobblestone:20] | F13=46[sand:14 oak_planks:6 raw_iron:5] | F14=201[torch:16 oak_planks:3 oak_sapling:3] | F15=89[cobblestone:41 granite:19 raw_copper:12] | F16=169[empty] | F17=197[cobblestone:57 oak_log:6 stick:3] | F18=35[cobblestone:22 stick:5 leaf_litter:4] | F19=161[empty]
   mem: heap=127M/166M old=-1M ext=151M ab=148M rss=425M cols=0 ents=0 evicted=0 path=0a/0q (max 6) stale=0
F8 [F8] raw hop failed: raw walk timeout after 9750ms (d=7.4) - pathfinder retry
F1 [F1] water: drowning rescue start (drowning, oxygen 5)
F1 [F1] water: pass 0 head=wet shore=none land=n/a y=49.0 o2=5 probes=0 at=[-121,49,402]
F1 [F1] water: transit toward known land (oak_log) at [-127,404] d=6
F1 [F1] water: pass 6 head=wet shore=none land=n/a y=49.2 o2=13 probes=0 at=[-122,49,402]
F8 [F8] hop: chest at [-144,71,408] d=18 zero: chest unreachable (budget exhausted (walk floor))
F8 final bank: 0 (budget exhausted)
================ FLEET RESULT (normal end - deadline 600s reached) ================
bots=19 spawned=19 reconnects=10 kicks=0 tools=18 recovered=4 reboots=0 upgraded=23 swords=21 alive=19 climbs=34 banked=1672 smelted=28 planted=10 torched=3 fights=25 kills=7 shelters=0 rescues=49 airGlitches=0 claims=16 claimedHolds=0 wet=11 wt=2
sentry per-bot: F1 g0/r18 F2 g0/r1 F4 g0/r1 F9 g0/r5 F10 g0/r2 F11 g0/r4 F13 g0/r10 F14 g0/r3 F15 g0/r3 F17 g0/r1 F18 g0/r1 | 8 g0/r0
server guard: losses=0 (window 0/10) relogins=28 probe=n/a dead=no revives=0 restarts=0
pickaxe tiers at end: wooden_pickaxe,stone_pickaxe,iron_pickaxe -> wooden=33 stone=16 iron=0
blocks mined: 2851 in ~600s = 4.75 blocks/s (285/min)
loot ledger: mined=2851 banked=1672 smelted=28 pocket=1667u/221s accounted=3367 unaccounted=0 surplus=516u conversion=118.1%
sweep drop ledger: sweeps=22 picked=206u failed=53 (below x13, plane x11, above x29) deepSkip=16 lipDig=0
  sand          collected      26 (0.016% of 157,926)
  gravel        collected      18 (0.012% of 149,380)
  dirt          collected     185
  stone         collected     662 (9.888% of 6,695)
materials: {"birch_log":63,"oak_log":219,"grass_block":92,"dirt":346,"stone":1314,"diorite":211,"coal_ore":142,"gravel":47,"copper_ore":84,"oak_leaves":37,"sand":67,"andesite":74,"granite":120,"iron_ore":15,"crafting_table":1,"cobblestone":3,"lapis_ore":2,"smooth_stone":11,"chest":1,"sandstone":2}
kicks handled: 0 (reconnect attempts: 10)
no-path ledger: 2 live verdict(s) at end phase
full-chest ledger: 0 live verdict(s) at end phase
doomed-goal ledger: 237 recorded, 133 re-issues refused at the funnel, 25 re-dooms absorbed (the v0.96.0 backoff - the storm can no longer out-pace the ttl), 4 live at end phase (v0.72.0 spiral breaker)
walk governor: 3 stall(s) opened, 20 churn re-issues refused (v0.74.0 churn breaker - goals queued+done with zero progress during the run68-class storms)
fleet churn ceiling: 0 open(s), 0 aggregate re-issues refused (v0.77.0 - the per-bot limit leaves the fleet-wide burst unbounded)
goal brake: 4 burst open(s), 28 re-issues refused, 0 fleet-ceiling open(s), 0 fleet refusals (v0.143.0 - the re-issue CADENCE is the storm's rate knob: run 35994461858's flood walkers progressed 1-3 blocks per walk so the progress-judged governors never fired, and their near goals flowed through the closed valve, while ~90MB searches marched at 2.5 goals/s per walker into a frozen main)
alloc valve: 0 close(s) (0 by the worker probe, 0 by the queue-pressure arm, 0 by the funnel probe, 0 by the slow envelope), 0 strike(s), 0 long walks refused, 0 short walks passed while closed, 0 aquifer-gate refusals (v0.105.0 one valve two feeders + the aquifer gate - the run93 fix: the ticker feeds the consulted singleton, the worker's probe verdict rides the storm cell for the freeze class, and while closed the near exemption refuses live-hazard goals - near is not cheap in a flooded region; v0.115.0 the queue-pressure arm closes on the SUSTAINED pathfinder saturation - run101's 8-12q wall warned 80s before the rss burst; v0.121.0 the funnel probe - run105's storm starved the timers that carried both feeders while the walk funnel itself marched through the kill window, so the funnel now carries its own verdict and applies the worker's cell inline; v0.144.0 the slow envelope - run80's ramp sawtoothed past the fast anchor's dip rule while the consults marched, the 5s slide is the dip-immune read)
storm duck: 0 arm(s), 0 walk(s) refused fleet-wide while ducked (v0.143.0 - run58: the storm's next-column class is near BY CONSTRUCTION and rode the closed valve's near exemption to the 3000M ceiling; a live storm verdict now shuts EVERY goal for 15s and sweeps the in-flight goals, the A* starves within one think window, the worker's grace lands the cure instead of the ceiling landing the kill)
worldmap: 1416 positions, 26 chunks scanned, top: coal_ore=437 oak_log=365 copper_ore=211 sand=203 birch_log=73
report: data/fleet-report.json written
plan progress: 2/31 resources complete
