launching 19 bots for 600s -> targets sand, gravel, dirt, stone
[hb] n=1 ts=21s rss=250M late=5ms mainLate=0ms
[hb] n=2 ts=41s rss=340M late=11ms mainLate=394ms
F5 [F5] craft torches: stick-dry but 14 planks held - one stick batch first
F5 [F5] craft torches: skip (no coal: sticks 4 coals 0)
F5 dir=(0.25,0.97) logs=4 tools=wooden_pickaxe
F5 spare pick due: spare (planks available)
F5 spare pick: OK (wooden_pickaxe, holds 2)
F5 sword due: planks available
F5 sword: OK (wooden_sword, holds 1)
F5 sword: OK (wooden_sword)
F5 [F5] craft torches: stick-dry but 7 planks held - one stick batch first
F5 [F5] craft torches: skip (no coal: sticks 5 coals 0)
F5 [F5] torch: the placement did not land (dry) x1 - the streak names itself once, a landing re-arms it
[hb] n=3 ts=61s rss=374M late=16ms mainLate=72ms
F5 tool upgrade due: cobble available -> stone_pickaxe
t-537s alive=19/19 mined=94 map=302p/10ch banked=0 smelted=0 pocket=87u/29s | sand=0 gravel=0 dirt=4 stone=0
   deficits: 157926/0 (0.0%) 149380/0 (0.0%) 31860/0 (0.0%) 27420/0 (0.0%) 10725/0 (0.0%)
   F1=8[birch_log:1] | F2=10[oak_log:8] | F3=4[oak_log:3] | F4=8[oak_log:2 birch_log:2 birch_sapling:1] | F5=15[cobblestone:6 birch_log:5 stick:5] | F6=1[empty] | F7=7[birch_log:5] | F8=5[birch_log:4 oak_log:1] | F9=8[oak_log:5] | F10=5[oak_log:4] | F11=4[oak_log:3 oak_sapling:2] | F12=4[birch_log:4] | F13=2[oak_log:8 stick:2] | F14=4[oak_log:1] | F15=4[birch_log:3] | F16=1[empty] | F17=4[empty] | F18=0[empty] | F19=0[empty]
   mem: heap=104M/142M old=-1M ext=131M ab=129M rss=374M cols=2103 ents=2196 evicted=245 path=6a/5q (max 6) stale=0
F5 [toolupgrade] [upgrade] upgraded: stone_pickaxe,wooden_shovel,wooden_pickaxe,wooden_pickaxe
F5 tool upgrade: OK -> stone_pickaxe (stone_pickaxe,wooden_shovel,wooden_pickaxe,wooden_pickaxe)
F5 [F5] craft torches: skip (no coal: sticks 3 coals 0)
F5 [F5] digShaft: water strike at y=47 -> water table (regions 1); fluid below (-131, 48, 397) - moving sideways
t-522s alive=19/19 mined=136 map=340p/10ch banked=0 smelted=0 pocket=101u/30s | sand=0 gravel=0 dirt=4 stone=0
   deficits: 157926/0 (0.0%) 149380/0 (0.0%) 31860/0 (0.0%) 27420/0 (0.0%) 10725/0 (0.0%)
   F1=13[birch_log:1] | F2=10[oak_log:8] | F3=7[oak_log:4] | F4=8[oak_log:2 birch_log:2] | F5=19[cobblestone:11 birch_log:5 dirt:4] | F6=6[empty] | F7=7[birch_log:5] | F8=9[birch_log:4 oak_log:3] | F9=8[oak_log:5] | F10=7[oak_log:5 birch_log:4] | F11=4[oak_log:3 oak_sapling:2] | F12=7[birch_log:4] | F13=2[oak_log:8 stick:2] | F14=5[oak_log:4] | F15=5[birch_log:3 oak_sapling:1] | F16=4[empty] | F17=5[empty] | F18=4[empty] | F19=6[empty]
   mem: heap=112M/143M old=-1M ext=129M ab=127M rss=376M cols=2074 ents=2092 evicted=330 path=6a/10q (max 6) stale=0
[hb] n=4 ts=81s rss=376M late=21ms mainLate=145ms
F5 [F5] craft torches: skip (no coal: sticks 3 coals 0)
F5 [F5] digShaft: water strike at y=47 -> water table (regions 1); fluid below (-130, 48, 397) - moving sideways
F8 [F8] craft torches: stick-dry but 14 planks held - one stick batch first
F8 [F8] craft torches: skip (no coal: sticks 4 coals 0)
t-507s alive=19/19 mined=147 map=412p/10ch banked=0 smelted=0 pocket=182u/53s | sand=0 gravel=0 dirt=5 stone=0
   deficits: 157926/0 (0.0%) 149380/0 (0.0%) 31860/0 (0.0%) 27420/0 (0.0%) 10725/0 (0.0%)
   F1=13[birch_log:1 oak_log:1] | F2=10[oak_log:5 oak_planks:3 leaf_litter:3] | F3=7[oak_log:4 oak_sapling:1] | F4=12[birch_log:3 oak_log:2] | F5=19[cobblestone:13 birch_log:5 dirt:4] | F6=6[oak_log:7] | F7=8[birch_log:5 oak_log:2] | F8=9[oak_planks:12 stick:4 oak_log:2] | F9=8[oak_log:5] | F10=7[oak_planks:12 birch_planks:12 oak_log:2] | F11=4[oak_log:3 oak_sapling:2] | F12=7[birch_log:4 stick:2 oak_sapling:1] | F13=2[oak_planks:12 oak_log:5 stick:2] | F14=8[oak_log:4] | F15=5[birch_log:3 oak_sapling:1] | F16=4[oak_log:4] | F17=5[empty] | F18=4[birch_log:2] | F19=9[birch_log:5 oak_log:4]
   mem: heap=102M/143M old=-1M ext=130M ab=128M rss=376M cols=2075 ents=1964 evicted=413 path=6a/9q (max 6) stale=0
F2 [F2] craft torches: stick-dry with logs held - one plank conversion first
F2 [F2] craft torches: stick-dry but 6 planks held - one stick batch first
F2 [F2] craft torches: skip (no coal: sticks 4 coals 0)
F5 [F5] craft torches: skip (no coal: sticks 3 coals 0)
[hb] n=5 ts=101s rss=374M late=26ms mainLate=327ms
F5 [F5] water: drowning rescue start (drowning, oxygen 15)
F5 [F5] water: pass 0 head=wet shore=none land=n/a y=45.7 o2=15 probes=0 at=[-129,46,397]
F2 dir=(0.95,0.32) logs=4 tools=wooden_pickaxe
F2 spare pick due: spare (planks available)
F8 dir=(-0.68,0.74) logs=3 tools=wooden_pickaxe
F8 spare pick due: spare (planks available)
F2 spare pick: OK (wooden_pickaxe, holds 2)
F2 [F2] craft torches: stick-dry with logs held - one plank conversion first
F5 [F5] water: rescue complete in 1.3s
F5 [F5] water: hazard memorized at [-130,47,396] (1 live, fleet-wide)
F5 [F5] digShaft: water hazard 1.2b away (live 1) - refusing this column, the caller rotates
F5 tunnel: steering coal_ore @ 8.3b (axis z--1, cross 0.6999999999999886, floor lock)
F8 spare pick: OK (wooden_pickaxe, holds 2)
F8 sword due: planks available
F2 [F2] craft torches: stick-dry but 9 planks held - one stick batch first
F2 [F2] craft torches: skip (no coal: sticks 6 coals 0)
F5 [F5] water: drowning rescue start (drowning, oxygen 20)
F5 [F5] water: pass 0 head=wet shore=none land=n/a y=48.9 o2=20 probes=0 at=[-129,49,396]
F5 tunnel: 2 blocks (branch mine at the floor, steered, floor lock)
F5 [F5] vein sweep: refused a cell - drop of 5 below the cell (cave?) - the ore waits for a safe angle
F5 [F5] vein sweep: refused a cell - drop of 5 below the cell (cave?) - the ore waits for a safe angle
F5 [F5] craft torches: skip (no coal: sticks 3 coals 0)
F8 sword: OK (wooden_sword, holds 1)
F8 sword: OK (wooden_sword)
F8 [F8] craft torches: stick-dry but 7 planks held - one stick batch first
t-492s alive=19/19 mined=179 map=462p/10ch banked=0 smelted=0 pocket=215u/62s | sand=0 gravel=0 dirt=5 stone=0
   deficits: 157926/0 (0.0%) 149380/0 (0.0%) 31860/0 (0.0%) 27420/0 (0.0%) 10725/0 (0.0%)
   F1=14[oak_log:2 birch_log:1 oak_sapling:1] | F2=10[oak_planks:7 stick:6 leaf_litter:3] | F3=11[oak_log:7 oak_sapling:1] | F4=12[birch_log:3 oak_log:2 oak_sapling:1] | F5=21[cobblestone:15 birch_log:5 dirt:4] | F6=7[oak_log:7] | F7=8[oak_log:6 birch_log:5] | F8=9[oak_log:2 wooden_pickaxe:2 birch_log:1] | F9=12[oak_log:5] | F10=7[birch_planks:12 oak_planks:11 oak_log:2] | F11=7[oak_log:5 oak_sapling:2] | F12=9[birch_log:4 stick:2 oak_sapling:1] | F13=2[oak_planks:12 oak_log:5 stick:2] | F14=8[oak_log:8] | F15=6[birch_log:3 oak_log:3] | F16=9[oak_log:7] | F17=8[oak_log:1] | F18=10[birch_log:2] | F19=9[oak_planks:12 birch_planks:6 stick:4]
   mem: heap=114M/144M old=-1M ext=128M ab=125M rss=377M cols=2061 ents=2027 evicted=512 path=6a/4q (max 6) stale=0
F8 [F8] craft torches: skip (no coal: sticks 5 coals 0)
F5 [F5] water: pass 3 head=dry shore=hit r=1 land=none y=49.2 o2=20 probes=0 at=[-130,49,397]
F5 [F5] craft torches: skip (no coal: sticks 3 coals 0)
F5 tunnel: steering copper_ore @ 7.6b (axis x--1, cross 1.1450800779159067, floor lock)
F19 [F19] craft torches: stick-dry but 14 planks held - one stick batch first
F19 [F19] craft torches: skip (no coal: sticks 4 coals 0)
F5 [F5] water: pass 7 head=dry shore=hit r=1 land=none y=49.2 o2=20 probes=0 at=[-130,49,397]
F8 [F8] torch: the placement did not land (dry) x1 - the streak names itself once, a landing re-arms it
F14 [F14] craft torches: stick-dry with logs held - one plank conversion first
F5 [F5] water: pass 11 head=dry shore=hit r=1 land=none y=49.2 o2=20 probes=0 at=[-130,49,396]
F2 [F2] torch: the placement did not land (dry) x1 - the streak names itself once, a landing re-arms it
F14 [F14] craft torches: stick-dry but 6 planks held - one stick batch first
F14 [F14] craft torches: skip (no coal: sticks 4 coals 0)
F8 tool upgrade due: cobble available -> stone_pickaxe
F5 [F5] water: pass 14 head=dry shore=hit r=1 land=none y=49.2 o2=20 probes=0 at=[-131,49,397]
F5 [F5] water: rescue complete in 9.5s
F5 [F5] water: hazard memorized at [-131,48,396] (2 live, fleet-wide)
F2 tool upgrade due: cobble available -> stone_pickaxe
F5 tunnel: 4 blocks (branch mine at the floor, steered, floor lock)
F5 [F5] vein sweep: refused a cell - drop of 5 below the cell (cave?) - the ore waits for a safe angle
F5 [F5] vein sweep: refused a cell - drop of 5 below the cell (cave?) - the ore waits for a safe angle
F5 [F5] craft torches: skip (no coal: sticks 3 coals 0)
F8 [toolupgrade] [upgrade] upgraded: stone_pickaxe,wooden_shovel,wooden_pickaxe,wooden_pickaxe
F8 tool upgrade: OK -> stone_pickaxe (stone_pickaxe,wooden_shovel,wooden_pickaxe,wooden_pickaxe)
F8 [F8] craft torches: skip (no coal: sticks 3 coals 0)
[hb] n=6 ts=121s rss=377M late=31ms mainLate=506ms
F2 [toolupgrade] [upgrade] upgraded: stone_pickaxe,wooden_shovel,wooden_pickaxe,wooden_pickaxe
F2 tool upgrade: OK -> stone_pickaxe (stone_pickaxe,wooden_shovel,wooden_pickaxe,wooden_pickaxe)
F2 sword due: planks available
F2 sword: OK (wooden_sword, holds 1)
F2 sword: OK (wooden_sword)
F2 [F2] craft torches: skip (no coal: sticks 3 coals 0)
F7 [F7] craft torches: stick-dry but 18 planks held - one stick batch first
F7 [F7] craft torches: skip (no coal: sticks 6 coals 0)
F19 dir=(0.95,-0.32) logs=3 tools=wooden_pickaxe
F19 spare pick due: spare (planks available)
F5 [F5] water: drowning rescue start (drowning, oxygen 14)
F5 [F5] water: pass 0 head=wet shore=none land=n/a y=45.8 o2=14 probes=0 at=[-132,46,397]
F15 [F15] craft torches: stick-dry but 14 planks held - one stick batch first
F15 [F15] craft torches: skip (no coal: sticks 4 coals 0)
t-477s alive=19/19 mined=239 map=529p/11ch banked=0 smelted=0 pocket=305u/89s | sand=0 gravel=0 dirt=16 stone=0
   deficits: 157926/0 (0.0%) 149380/0 (0.0%) 31860/0 (0.0%) 27420/0 (0.0%) 10725/3 (0.0%)
   F1=15[oak_log:5 oak_sapling:2 birch_log:1] | F2=25[cobblestone:5 leaf_litter:5 dirt:5] | F3=11[oak_log:7 oak_sapling:1] | F4=12[birch_log:3 oak_log:2 birch_sapling:1] | F5=25[cobblestone:18 birch_log:5 dirt:4] | F6=8[oak_log:8] | F7=8[oak_planks:12 stick:6 birch_planks:4] | F8=28[cobblestone:7 dirt:5 diorite:4] | F9=14[oak_log:5] | F10=11[oak_planks:12 birch_planks:12 oak_log:2] | F11=10[oak_log:5 oak_sapling:2 stick:2] | F12=10[birch_log:4 stick:2 oak_sapling:1] | F13=5[oak_planks:12 oak_log:5 stick:2] | F14=8[oak_log:4 oak_planks:4 stick:4] | F15=6[oak_planks:12 stick:4 oak_log:2] | F16=12[oak_log:7 leaf_litter:4] | F17=12[oak_log:7] | F18=10[birch_log:6] | F19=9[oak_planks:12 stick:4 birch_log:2]
   mem: heap=113M/143M old=-1M ext=128M ab=125M rss=375M cols=2039 ents=2019 evicted=594 path=6a/6q (max 6) stale=0
F19 spare pick: OK (wooden_pickaxe, holds 2)
F19 sword due: planks available
F5 [F5] water: pass 6 head=dry shore=hit r=1 land=none y=49.2 o2=18 probes=0 at=[-132,49,397]
F7 dir=(-0.40,0.92) logs=4 tools=wooden_pickaxe
F7 spare pick due: spare (planks available)
F19 sword: OK (wooden_sword, holds 1)
F19 sword: OK (wooden_sword)
F19 [F19] craft torches: stick-dry but 7 planks held - one stick batch first
F19 [F19] craft torches: skip (no spare sticks: sticks 1 coals 0)
F7 spare pick: OK (wooden_pickaxe, holds 2)
F7 sword due: planks available
F5 [F5] water: pass 12 head=dry shore=hit r=1 land=none y=49.2 o2=20 probes=0 at=[-132,49,397]
F7 sword: OK (wooden_sword, holds 1)
F7 sword: OK (wooden_sword)
F7 [F7] craft torches: skip (no coal: sticks 3 coals 0)
F5 [F5] water: frozen physics (10 flat passes at y=49.2, o2=20) - standing down, the reconnect lane owns this
F5 [F5] water: rescue standing down (frozen physics - the walk gate reopens, the reconnect lane owns a dead client) in 5.2s
F5 [F5] water: hazard memorized at [-132,49,396] (3 live, fleet-wide)
F5 [F5] digShaft: water hazard 0.8b away (live 3) - refusing this column, the caller rotates
F5 [F5] craft torches: skip (no coal: sticks 3 coals 0)
F19 [F19] torch: the placement did not land (dry) x1 - the streak names itself once, a landing re-arms it
F14 dir=(-0.40,-0.92) logs=4 tools=wooden_pickaxe
F14 spare pick due: spare (planks available)
F19 tool upgrade due: cobble available -> stone_pickaxe
F14 spare pick: OK (wooden_pickaxe, holds 2)
F14 [F14] craft torches: stick-dry with logs held - one plank conversion first
F14 [F14] craft oak_planks: no craftable recipe variant (ingredients missing?)
F14 [F14] craft torches: stick-dry but 5 planks held - one stick batch first
F14 [F14] craft torches: skip (no coal: sticks 6 coals 0)
F6 [F6] craft torches: stick-dry with logs held - one plank conversion first
F5 [F5] water: drowning rescue start (drowning, oxygen 15)
F5 [F5] water: pass 0 head=wet shore=none land=n/a y=46.2 o2=15 probes=0 at=[-132,46,397]
F6 [F6] craft torches: stick-dry but 6 planks held - one stick batch first
F19 [toolupgrade] [upgrade] upgraded: stone_pickaxe,wooden_shovel,wooden_pickaxe,wooden_pickaxe
F19 tool upgrade: OK -> stone_pickaxe (stone_pickaxe,wooden_shovel,wooden_pickaxe,wooden_pickaxe)
F19 [F19] craft torches: skip (no coal: sticks 3 coals 0)
F6 [F6] craft torches: skip (no coal: sticks 4 coals 0)
F2 [F2] craft torches: skip (no coal: sticks 3 coals 0)
F2 [F2] craft torches: skip (no coal: sticks 3 coals 0)
F2 tunnel: steering copper_ore @ 2.5b (axis z+, cross 0.36614579902644095, floor lock)
F7 [F7] torch: the placement did not land (dry) x1 - the streak names itself once, a landing re-arms it
F5 tunnel: steering iron_ore @ 2.1b (axis x+, cross 0.30000000000001137, floor lock)
F5 [F5] water: pass 7 head=dry shore=hit r=1 land=none y=49.2 o2=20 probes=0 at=[-132,49,397]
F15 dir=(-0.08,-1.00) logs=2 tools=wooden_pickaxe
F15 spare pick due: spare (planks available)
F15 spare pick: OK (wooden_pickaxe, holds 2)
F15 sword due: planks available
F19 [F19] digShaft: water strike at y=47 -> water table (regions 2); fluid below (-98, 48, 388) - moving sideways
F15 sword: OK (wooden_sword, holds 1)
F15 sword: OK (wooden_sword)
F15 [F15] craft torches: stick-dry but 7 planks held - one stick batch first
F15 [F15] craft torches: skip (no coal: sticks 5 coals 0)
t-462s alive=19/19 mined=300 map=571p/11ch banked=0 smelted=0 pocket=398u/120s | sand=0 gravel=1 dirt=30 stone=0
   deficits: 157926/0 (0.0%) 149380/1 (0.0%) 31860/0 (0.0%) 27420/0 (0.0%) 10725/3 (0.0%)
   F1=16[oak_log:5 oak_sapling:2 birch_log:1] | F2=34[cobblestone:15 raw_copper:9 leaf_litter:5] | F3=11[oak_planks:13 stick:4 oak_log:3] | F4=18[oak_log:4 birch_log:3 birch_sapling:1] | F5=25[cobblestone:19 birch_log:5 dirt:4] | F6=8[oak_log:4 oak_planks:4 stick:4] | F7=19[oak_planks:10 dirt:9 stick:3] | F8=30[cobblestone:10 dirt:5 diorite:4] | F9=14[oak_planks:10 stick:4 oak_log:2] | F10=11[oak_planks:12 birch_planks:6 oak_log:4] | F11=12[oak_log:10 oak_sapling:2 stick:2] | F12=10[birch_log:4 oak_sapling:2 stick:2] | F13=7[oak_planks:12 oak_log:8 stick:2] | F14=14[stick:6 dirt:5 leaf_litter:5] | F15=6[oak_planks:5 stick:5 oak_log:2] | F16=13[oak_log:7 leaf_litter:4] | F17=14[oak_log:8] | F18=13[birch_log:6 oak_log:3] | F19=25[cobblestone:12 stick:3 birch_log:2]
   mem: heap=106M/143M old=-1M ext=124M ab=122M rss=377M cols=2000 ents=1989 evicted=657 path=6a/2q (max 6) stale=0
F7 [F7] digShaft: water table y=51 (region strike) - stopping above the aquifer, the tunnel owns this level (regions 2)
F5 [F5] water: pass 10 head=dry shore=hit r=1 land=none y=49.2 o2=20 probes=0 at=[-132,49,397]
F2 tunnel: 2 blocks (branch mine at the floor, steered, floor lock)
F5 tunnel: 0 blocks (branch mine at the floor, steered, floor lock)
F5 [F5] vein sweep: refused a cell - drop of 5 below the cell (cave?) - the ore waits for a safe angle
F5 [F5] vein sweep: refused a cell - drop of 5 below the cell (cave?) - the ore waits for a safe angle
F5 climb out (trip): failed - rescue owns the bot
F5 map trip skipped: cannot leave the shaft
F5 [F5] craft torches: skip (no coal: sticks 3 coals 0)
F14 [F14] torch: the placement did not land (dry) x1 - the streak names itself once, a landing re-arms it
F14 tool upgrade due: cobble available -> stone_pickaxe
[hb] n=7 ts=141s rss=377M late=36ms mainLate=492ms
F5 [F5] water: rescue standing down (frozen physics - the walk gate reopens, the reconnect lane owns a dead client) in 6.1s
F5 [F5] water: hazard memorized at [-132,49,396] (4 live, fleet-wide)
F6 dir=(-0.08,1.00) logs=4 tools=wooden_pickaxe
F6 spare pick due: spare (planks available)
F10 [F10] craft torches: stick-dry but 14 planks held - one stick batch first
F10 [F10] craft torches: skip (no coal: sticks 4 coals 0)
F10 dir=(-0.99,0.16) logs=5 tools=wooden_pickaxe
F10 spare pick due: spare (planks available)
F9 [F9] craft torches: stick-dry with logs held - one plank conversion first
F6 spare pick: OK (wooden_pickaxe, holds 2)
F6 [F6] craft torches: skip (no coal: sticks 3 coals 0)
F9 [F9] craft torches: stick-dry but 6 planks held - one stick batch first
F15 [F15] torch: the placement did not land (dry) x1 - the streak names itself once, a landing re-arms it
F7 [F7] craft torches: skip (no coal: sticks 3 coals 0)
F9 [F9] craft torches: skip (no coal: sticks 4 coals 0)
F9 dir=(-0.88,0.48) logs=1 tools=wooden_pickaxe
F9 spare pick due: spare (planks available)
F10 spare pick: OK (wooden_pickaxe, holds 2)
F10 sword due: planks available
F3 [F3] craft torches: stick-dry but 5 planks held - one stick batch first
F3 [F3] craft torches: skip (no coal: sticks 4 coals 0)
F3 dir=(0.79,0.61) logs=3 tools=wooden_pickaxe
F3 spare pick due: spare (planks available)
F14 [toolupgrade] [upgrade] upgraded: stone_pickaxe,wooden_shovel,wooden_pickaxe,wooden_pickaxe
F14 tool upgrade: OK -> stone_pickaxe (stone_pickaxe,wooden_shovel,wooden_pickaxe,wooden_pickaxe)
F14 sword due: planks available
F9 spare pick: OK (wooden_pickaxe, holds 2)
F9 [F9] craft torches: stick-dry with logs held - one plank conversion first
F10 sword: OK (wooden_sword, holds 1)
F10 sword: OK (wooden_sword)
F10 [F10] craft torches: stick-dry but 7 planks held - one stick batch first
F10 [F10] craft torches: skip (no coal: sticks 5 coals 0)
F3 spare pick: OK (wooden_pickaxe, holds 2)
F3 [F3] craft torches: stick-dry with logs held - one plank conversion first
F9 [F9] craft torches: stick-dry but 5 planks held - one stick batch first
F14 sword: OK (wooden_sword, holds 1)
F14 sword: OK (wooden_sword)
F14 [F14] craft torches: skip (no coal: sticks 3 coals 0)
F8 [F8] craft torches: skip (no coal: sticks 3 coals 0)
F8 [F8] craft torches: skip (no coal: sticks 3 coals 0)
F8 tunnel: steering coal_ore @ 3b (axis z+, cross 0.335324807354894, floor lock)
F9 [F9] craft torches: skip (no coal: sticks 6 coals 0)
F15 tool upgrade due: cobble available -> stone_pickaxe
F14 [F14] digShaft: water table y=51 (region strike) - stopping above the aquifer, the tunnel owns this level (regions 2)
F3 [F3] craft torches: stick-dry but 8 planks held - one stick batch first
F5 [F5] water: drowning rescue start (drowning, oxygen 15)
F5 [F5] water: pass 0 head=wet shore=none land=n/a y=45.9 o2=15 probes=0 at=[-132,46,397]
F6 [F6] torch: the placement did not land (dry) x1 - the streak names itself once, a landing re-arms it
F3 [F3] craft torches: skip (no coal: sticks 6 coals 0)
F5 [F5] craft torches: skip (no coal: sticks 3 coals 0)
F14 [F14] craft torches: skip (no coal: sticks 3 coals 0)
F14 [F14] digShaft: water table y=51 (region strike) - stopping above the aquifer, the tunnel owns this level (regions 2)
F14 [F14] craft torches: skip (no coal: sticks 3 coals 0)
F14 [F14] digShaft: water table y=51 (region strike) - stopping above the aquifer, the tunnel owns this level (regions 2)
F14 tunnel: steering coal_ore @ 4.9b (axis z--1, cross 1.499999928749645, floor lock)
F12 [F12] craft torches: stick-dry with logs held - one plank conversion first
F5 [F5] water: pass 5 head=dry shore=hit r=1 land=none y=49.2 o2=16 probes=0 at=[-132,49,397]
F11 [F11] craft torches: stick-dry with logs held - one plank conversion first
F12 [F12] craft torches: stick-dry but 6 planks held - one stick batch first
F12 [F12] craft torches: skip (no coal: sticks 6 coals 0)
F10 [F10] torch: the placement did not land (dry) x1 - the streak names itself once, a landing re-arms it
F6 [F6] digShaft: water table y=51 (region strike) - stopping above the aquifer, the tunnel owns this level (regions 2)
F11 [F11] craft torches: stick-dry but 6 planks held - one stick batch first
F12 dir=(-0.88,-0.48) logs=0 tools=wooden_pickaxe
F12 spare pick due: spare (planks available)
F11 [F11] craft torches: skip (no coal: sticks 6 coals 0)
F11 dir=(-0.99,-0.16) logs=6 tools=wooden_pickaxe
F11 spare pick due: spare (planks available)
F6 [F6] craft torches: skip (no coal: sticks 3 coals 0)
F6 [F6] digShaft: water table y=51 (region strike) - stopping above the aquifer, the tunnel owns this level (regions 2)
F6 [F6] craft torches: skip (no coal: sticks 3 coals 0)
F6 [F6] digShaft: water table y=51 (region strike) - stopping above the aquifer, the tunnel owns this level (regions 2)
F6 tunnel: steering coal_ore @ 2.1b (axis z--1, cross 0.34251782274303366, floor lock)
F5 [F5] water: pass 9 head=dry shore=hit r=1 land=none y=49.2 o2=20 probes=0 at=[-132,49,397]
F8 tunnel: 2 blocks (branch mine at the floor, steered, floor lock)
F18 [F18] craft torches: stick-dry but 14 planks held - one stick batch first
F13 dir=(-0.68,-0.74) logs=12 tools=no crafting table
F13 tool recovery: no pickaxe - spare-pick craft first
F13 spare pick: no table reachable or placeable
F13 tool recovery: spare craft failed (no table) - re-running the bootstrap
F13 recovery brake: 1 consecutive failures - next attempt in 45s
F13 tool recovery: failed (no crafting table)
F13 spare pick due: spare (planks available)
F13 spare pick: no table reachable or placeable
F13 sword due: planks available
F13 sword: no table reachable or placeable
F13 sword: failed (no table)
F13 [F13] craft torches: stick-dry but 12 planks held - one stick batch first
F13 [F13] craft stick: storm cooldown 7858ms left (4 consecutive timeouts) - refusing
F13 [F13] craft torches: skip (no spare sticks: sticks 2 coals 0)
F7 tool upgrade due: cobble available -> stone_pickaxe
F9 [F9] torch: the placement did not land (dry) x1 - the streak names itself once, a landing re-arms it
t-447s alive=19/19 mined=390 map=617p/11ch banked=0 smelted=0 pocket=476u/160s | sand=0 gravel=3 dirt=55 stone=0
   deficits: 157926/0 (0.0%) 149380/3 (0.0%) 31860/0 (0.0%) 27420/0 (0.0%) 10725/3 (0.0%)
   F1=18[oak_log:5 oak_planks:5 stick:2] | F2=48[cobblestone:15 raw_copper:9 leaf_litter:5] | F3=18[stick:6 oak_planks:6 dirt:5] | F4=18[oak_log:4 birch_log:3 birch_sapling:1] | F5=25[cobblestone:19 birch_log:5 dirt:4] | F6=20[dirt:7 oak_log:4 granite:4] | F7=28[dirt:9 cobblestone:6 granite:5] | F8=33[cobblestone:13 dirt:5 diorite:4] | F9=22[stick:6 cobblestone:5 oak_planks:3] | F10=21[oak_planks:5 stick:5 dirt:5] | F11=12[oak_log:6 stick:6 oak_planks:4] | F12=10[stick:6 birch_planks:4 oak_sapling:2] | F13=7[oak_log:12 oak_planks:12 stick:2] | F14=22[cobblestone:12 dirt:5 leaf_litter:5] | F15=16[cobblestone:5 stick:3 dirt:3] | F16=18[oak_log:10 leaf_litter:4 dirt:1] | F17=16[oak_log:12 birch_log:1 oak_sapling:1] | F18=13[oak_planks:12 birch_log:3 wooden_shovel:1] | F19=25[cobblestone:14 stick:3 birch_log:2]
   mem: heap=107M/145M old=-1M ext=123M ab=120M rss=379M cols=1989 ents=2202 evicted=719 path=4a/0q (max 6) stale=0
F18 [F18] craft torches: skip (no coal: sticks 4 coals 0)
F15 [toolupgrade] [upgrade] upgraded: stone_pickaxe,wooden_shovel,wooden_pickaxe,wooden_pickaxe
F15 tool upgrade: OK -> stone_pickaxe (stone_pickaxe,wooden_shovel,wooden_pickaxe,wooden_pickaxe)
F15 [F15] craft torches: skip (no coal: sticks 3 coals 0)
F19 [F19] craft torches: skip (no coal: sticks 3 coals 0)
F5 [F5] water: frozen physics (10 flat passes at y=49.2, o2=20) - standing down, the reconnect lane owns this
F5 [F5] water: rescue standing down (frozen physics - the walk gate reopens, the reconnect lane owns a dead client) in 6.6s
F5 [F5] water: frozen client relog (#1 consecutive) (3 consecutive frozen verdicts) - ending the session, the reconnect lane rebuilds the physics; the drowning sentry holds non-critical pages 10s (the frozen-return gate)
F5 [F5] water: hazard memorized at [-132,49,396] (5 live, fleet-wide)
F10 [F10] digShaft: water table y=51 (region strike) - stopping above the aquifer, the tunnel owns this level (regions 2)
F3 [F3] torch: the placement did not land (dry) x1 - the streak names itself once, a landing re-arms it
F1 [F1] craft torches: stick-dry but 6 planks held - one stick batch first
F10 tool upgrade due: cobble available -> stone_pickaxe
F15 [F15] digShaft: water table y=51 (region strike) - stopping above the aquifer, the tunnel owns this level (regions 2)
F11 spare pick: OK (wooden_pickaxe, holds 2)
F11 [F11] craft torches: skip (no coal: sticks 4 coals 0)
F9 tool upgrade due: cobble available -> stone_pickaxe
F12 spare pick: OK (wooden_pickaxe, holds 2)
F12 [F12] craft torches: skip (no coal: sticks 4 coals 0)
F1 [F1] craft torches: skip (no coal: sticks 4 coals 0)
F1 dir=(1.00,0.00) logs=5 tools=wooden_pickaxe
F1 spare pick due: spare (planks available)
F18 dir=(0.79,-0.61) logs=3 tools=wooden_pickaxe
F18 spare pick due: spare (planks available)
F15 [F15] craft torches: skip (no coal: sticks 3 coals 0)
F15 [F15] digShaft: water table y=51 (region strike) - stopping above the aquifer, the tunnel owns this level (regions 2)
F15 [F15] craft torches: skip (no coal: sticks 3 coals 0)
F15 [F15] digShaft: water table y=51 (region strike) - stopping above the aquifer, the tunnel owns this level (regions 2)
F15 tunnel: steering coal_ore @ 4.1b (axis z--1, cross 1.5, floor lock)
F14 tunnel: 4 blocks (branch mine at the floor, steered, floor lock)
F3 [F3] digShaft: water table y=51 (region strike) - stopping above the aquifer, the tunnel owns this level (regions 2)
F3 sword due: planks available
F3 sword: no table reachable or placeable
F3 sword: failed (no table)
F3 [F3] craft torches: skip (no coal: sticks 6 coals 0)
F3 [F3] digShaft: water table y=51 (region strike) - stopping above the aquifer, the tunnel owns this level (regions 2)
F3 [F3] craft torches: skip (no coal: sticks 6 coals 0)
F3 [F3] digShaft: water table y=51 (region strike) - stopping above the aquifer, the tunnel owns this level (regions 2)
F3 tunnel: steering coal_ore @ 3.7b (axis x--1, cross 1.5, floor lock)
F6 tunnel: 2 blocks (branch mine at the floor, steered, floor lock)
F9 [toolupgrade] [upgrade] upgraded: stone_pickaxe,wooden_pickaxe,wooden_shovel,wooden_pickaxe
F9 tool upgrade: OK -> stone_pickaxe (stone_pickaxe,wooden_pickaxe,wooden_shovel,wooden_pickaxe)
F9 sword due: planks available
F1 spare pick: OK (wooden_pickaxe, holds 2)
F1 [F1] craft torches: stick-dry with logs held - one plank conversion first
F14 [F14] craft torches: skip (no coal: sticks 3 coals 0)
F14 [F14] digShaft: water table y=51 (region strike) - stopping above the aquifer, the tunnel owns this level (regions 2)
F14 [F14] craft torches: skip (no coal: sticks 3 coals 0)
F14 [F14] digShaft: water table y=51 (region strike) - stopping above the aquifer, the tunnel owns this level (regions 2)
F14 tunnel: steering coal_ore @ 5.6b (axis x--1, cross 0.36327965907207727, floor lock)
F2 [F2] vein sweep: 8 drop(s) in reach (19 dug)
F18 spare pick: OK (wooden_pickaxe, holds 2)
F18 sword due: planks available
F13 [F13] craft torches: skip (no coal: sticks 6 coals 0)
F9 sword: OK (wooden_sword, holds 1)
F9 sword: OK (wooden_sword)
F9 [F9] craft torches: skip (no coal: sticks 3 coals 0)
F13 [F13] craft torches: stick-dry but 11 planks held - one stick batch first
F13 [F13] craft stick: storm cooldown 1917ms left (4 consecutive timeouts) - refusing
F13 [F13] craft torches: skip (no spare sticks: sticks 0 coals 0)
F15 tunnel: 2 blocks (branch mine at the floor, steered, floor lock)
F7 [toolupgrade] [upgrade] upgraded: stone_pickaxe,wooden_shovel,wooden_pickaxe,wooden_pickaxe
F7 tool upgrade: OK -> stone_pickaxe (stone_pickaxe,wooden_shovel,wooden_pickaxe,wooden_pickaxe)
F7 [F7] craft torches: skip (no coal: sticks 5 coals 0)
F1 [F1] craft torches: stick-dry but 9 planks held - one stick batch first
F5 retry #1 in 5.2s (Timeout waiting for 4 ticks after 5200ms)
F1 [F1] craft torches: skip (no coal: sticks 6 coals 0)
F18 sword: OK (wooden_sword, holds 1)
F18 sword: OK (wooden_sword)
F18 [F18] craft torches: stick-dry but 7 planks held - one stick batch first
F10 [toolupgrade] [upgrade] upgraded: stone_pickaxe,wooden_shovel,wooden_pickaxe,wooden_pickaxe
F10 tool upgrade: OK -> stone_pickaxe (stone_pickaxe,wooden_shovel,wooden_pickaxe,wooden_pickaxe)
F10 [F10] craft torches: skip (no coal: sticks 3 coals 0)
F10 [F10] digShaft: water table y=51 (region strike) - stopping above the aquifer, the tunnel owns this level (regions 2)
F10 [F10] craft torches: skip (no coal: sticks 3 coals 0)
F10 [F10] digShaft: water table y=51 (region strike) - stopping above the aquifer, the tunnel owns this level (regions 2)
F10 tunnel: steering coal_ore @ 8.9b (axis x+, cross 0.5107962813927429, floor lock)
F10 tunnel: 0 blocks (branch mine at the floor, steered, floor lock)
F18 [F18] craft torches: skip (no coal: sticks 5 coals 0)
F9 [F9] digShaft: water table y=51 (region strike) - stopping above the aquifer, the tunnel owns this level (regions 2)
F9 wood trip: famine (sticks 3 planks 1 logs 0) - gathering
F13 tunnel: steering coal_ore @ 9.9b (axis x+, cross 2.5, floor lock)
F7 tunnel: steering coal_ore @ 6b (axis z--1, cross 1.5819303287707953, ore detour)
F12 [F12] torch: the placement did not land (dry) x1 - the streak names itself once, a landing re-arms it
F15 [F15] vein sweep: 2 drop(s) in reach (1 dug)
F19 [F19] water: drowning rescue start (drowning, oxygen 12)
F19 [F19] water: pass 0 head=wet shore=none land=n/a y=43.4 o2=12 probes=0 at=[-97,43,388]
[hb] n=8 ts=161s rss=376M late=41ms mainLate=196ms
F10 [F10] craft torches: skip (no coal: sticks 3 coals 0)
F10 [F10] digShaft: water table y=51 (region strike) - stopping above the aquifer, the tunnel owns this level (regions 2)
F10 [F10] craft torches: skip (no coal: sticks 3 coals 0)
F10 [F10] digShaft: water table y=51 (region strike) - stopping above the aquifer, the tunnel owns this level (regions 2)
F10 tunnel: steering coal_ore @ 9.3b (axis x+, cross 0.3125288763013714, floor lock)
F10 tunnel: 0 blocks (branch mine at the floor, steered, floor lock)
F11 [F11] torch: the placement did not land (dry) x1 - the streak names itself once, a landing re-arms it
F10 [F10] craft torches: skip (no coal: sticks 3 coals 0)
F10 [F10] digShaft: water table y=51 (region strike) - stopping above the aquifer, the tunnel owns this level (regions 2)
F10 [F10] craft torches: skip (no coal: sticks 3 coals 0)
F10 [F10] digShaft: water table y=51 (region strike) - stopping above the aquifer, the tunnel owns this level (regions 2)
F10 tunnel: steering copper_ore @ 8.8b (axis z--1, cross 0.35087921809380873, floor lock)
F2 [F2] vein sweep: the drop walk to [-112,45,417] failed - sweep drops: timeout after 4000ms (dy 2.0, range 2)
F17 [F17] craft torches: stick-dry but 6 planks held - one stick batch first
F12 [F12] digShaft: water table y=51 (region strike) - stopping above the aquifer, the tunnel owns this level (regions 2)
F12 wood trip: famine (sticks 4 planks 1 logs 0) - gathering
F17 [F17] craft torches: skip (no spare sticks: sticks 0 coals 0)
F11 tool upgrade due: cobble available -> stone_pickaxe
F19 [F19] water: pass 7 head=dry shore=hit r=1 land=none y=48.9 o2=17 probes=0 at=[-97,49,388]
F7 tunnel: 2 blocks (branch mine at the floor, steered, ore detour)
F9 climb out (wood trip): OK +2 levels (2 steps, 4 dug, 4s)
F17 dir=(0.55,-0.84) logs=9 tools=wooden_pickaxe
F17 spare pick due: spare (planks available)
F19 [F19] water: rescue complete in 3.5s
F19 [F19] water: hazard memorized at [-97,48,388] (6 live, fleet-wide)
F1 [F1] torch: the placement did not land (dry) x1 - the streak names itself once, a landing re-arms it
F15 [F15] vein sweep: the drop walk to [-101,53,387] failed - sweep drops: timeout after 4000ms (dy 0.2, range 2)
F18 [F18] torch: the placement did not land (dry) x1 - the streak names itself once, a landing re-arms it
F5 [F5] craft torches: skip (no coal: sticks 3 coals 0)
F4 [F4] craft torches: stick-dry but 14 planks held - one stick batch first
F17 spare pick: OK (wooden_pickaxe, holds 2)
F17 [F17] craft torches: stick-dry with logs held - one plank conversion first
F1 [F1] digShaft: water table y=51 (region strike) - stopping above the aquifer, the tunnel owns this level (regions 2)
F2 [F2] vein sweep: the drop walk to [-110,46,417] failed - sweep drops: timeout after 4000ms (dy 1.8, range 2)
F19 tunnel: 4 blocks (branch mine at the floor, ore detour)
F4 [F4] craft torches: skip (no coal: sticks 4 coals 0)
F4 dir=(0.55,0.84) logs=3 tools=wooden_pickaxe
F4 spare pick due: spare (planks available)
F8 [F8] vein sweep: 7 drop(s) in reach (15 dug)
F1 sword due: planks available
F1 sword: no table reachable or placeable
F1 sword: failed (no table)
F1 [F1] craft torches: skip (no coal: sticks 6 coals 0)
F1 [F1] digShaft: water table y=51 (region strike) - stopping above the aquifer, the tunnel owns this level (regions 2)
F1 [F1] craft torches: skip (no coal: sticks 6 coals 0)
F1 [F1] digShaft: water table y=51 (region strike) - stopping above the aquifer, the tunnel owns this level (regions 2)
F1 tunnel: steering coal_ore @ 3.8b (axis x+, cross 0.31497795784576965, floor lock)
F10 tunnel: 4 blocks (branch mine at the floor, steered, floor lock)
F19 [F19] craft torches: skip (no coal: sticks 3 coals 0)
F8 [F8] vein sweep: the drop walks picked nothing (pocket delta 0, 0 failed walk(s))
F8 [F8] vein sweep: 6 deep drop(s) skipped (dy < -2 - the lip sphere cannot reach, the walk was a guaranteed spiral)
F8 vein sweep: 15 ores dug beside the gallery (floor lock)
F15 [F15] vein sweep: the drop walk to [-102,56,387] failed - sweep drops: timeout after 4000ms (dy 3.4, range 2)
F15 [F15] vein sweep: +3u walked from the drops (1 dug)
F15 [F15] vein sweep: 2 below-plane walk(s) still failed on the wide goal (range 2) - the drop rests deeper than the lip
F15 vein sweep: 1 ores dug beside the gallery (floor lock)
F10 [F10] craft torches: skip (no coal: sticks 3 coals 0)
F10 [F10] digShaft: water table y=51 (region strike) - stopping above the aquifer, the tunnel owns this level (regions 2)
F10 [F10] craft torches: skip (no coal: sticks 3 coals 0)
F10 [F10] digShaft: water table y=51 (region strike) - stopping above the aquifer, the tunnel owns this level (regions 2)
F10 tunnel: steering copper_ore @ 7.9b (axis z--1, cross 0.30000000000001137, floor lock)
t-431s alive=19/19 mined=528 map=687p/12ch banked=0 smelted=0 pocket=634u/192s | sand=0 gravel=6 dirt=87 stone=0
   deficits: 157926/0 (0.0%) 149380/6 (0.0%) 31860/0 (0.0%) 27420/0 (0.0%) 10725/3 (0.0%)
   F1=29[stick:6 oak_planks:6 dirt:6] | F2=53[raw_copper:31 cobblestone:16 leaf_litter:5] | F3=30[cobblestone:14 stick:6 oak_planks:6] | F4=18[oak_planks:12 stick:4 oak_log:3] | F5=25[cobblestone:19 birch_log:5 dirt:4] | F6=27[granite:8 dirt:7 oak_log:4] | F7=35[dirt:9 cobblestone:7 stick:5] | F8=47[cobblestone:13 dirt:5 diorite:4] | F9=30[cobblestone:13 stick:3 dirt:3] | F10=26[cobblestone:5 dirt:5 granite:5] | F11=22[cobblestone:8 oak_planks:5 oak_log:4] | F12=25[dirt:7 granite:6 stick:4] | F13=20[dirt:14 oak_log:12 oak_planks:11] | F14=32[cobblestone:22 dirt:5 leaf_litter:5] | F15=21[cobblestone:14 stick:3 dirt:3] | F16=18[oak_log:10 leaf_litter:4 dirt:3] | F17=16[oak_planks:8 oak_log:7 stick:2] | F18=23[stick:5 oak_planks:5 dirt:4] | F19=31[cobblestone:18 stick:3 birch_log:2]
   mem: heap=119M/148M old=-1M ext=129M ab=127M rss=386M cols=1975 ents=2455 evicted=722 path=5a/0q (max 6) stale=0
F17 [F17] craft torches: stick-dry but 9 planks held - one stick batch first
F19 [F19] digShaft: water hazard 1.7b away (live 6) - refusing this column, the caller rotates
F19 tunnel: steering coal_ore @ 5.4b (axis z+, cross 0.29999999999999716, ore detour)
F19 tunnel: 0 blocks (branch mine at the floor, steered, ore detour)
F19 [F19] craft torches: skip (no coal: sticks 3 coals 0)
F19 [F19] digShaft: water hazard 1.7b away (live 6) - refusing this column, the caller rotates
F19 tunnel: steering coal_ore @ 5.5b (axis z+, cross 1.2999999999999972, floor lock)
F19 tunnel: 0 blocks (branch mine at the floor, steered, floor lock)
F17 [F17] craft torches: skip (no coal: sticks 6 coals 0)
F19 [F19] craft torches: skip (no coal: sticks 3 coals 0)
F19 [F19] digShaft: water hazard 1.7b away (live 6) - refusing this column, the caller rotates
F19 tunnel: steering coal_ore @ 5.6b (axis z+, cross 0.29999999999999716, ore detour)
F19 tunnel: 0 blocks (branch mine at the floor, steered, ore detour)
F19 tunnel: 0 blocks x3 - sealed or flooded, cooling down 15s
F4 spare pick: OK (wooden_pickaxe, holds 2)
F4 sword due: planks available
F11 [toolupgrade] [upgrade] upgraded: stone_pickaxe,wooden_shovel,wooden_pickaxe,wooden_pickaxe
F11 tool upgrade: OK -> stone_pickaxe (stone_pickaxe,wooden_shovel,wooden_pickaxe,wooden_pickaxe)
F11 sword due: planks available
F15 [F15] craft torches: skip (no coal: sticks 3 coals 0)
F15 [F15] digShaft: water table y=51 (region strike) - stopping above the aquifer, the tunnel owns this level (regions 2)
F15 [F15] craft torches: skip (no coal: sticks 3 coals 0)
F15 [F15] digShaft: water table y=51 (region strike) - stopping above the aquifer, the tunnel owns this level (regions 2)
F15 tunnel: steering coal_ore @ 3.9b (axis z--1, cross 0.30827020018777773, floor lock)
F14 tunnel: 12 blocks (branch mine at the floor, steered, floor lock)
F4 sword: OK (wooden_sword, holds 1)
F4 sword: OK (wooden_sword)
F4 [F4] craft torches: stick-dry but 7 planks held - one stick batch first
F11 sword: OK (wooden_sword, holds 1)
F11 sword: OK (wooden_sword)
F11 [F11] craft torches: stick-dry with logs held - one plank conversion first
F4 [F4] craft torches: skip (no coal: sticks 5 coals 0)
F10 tunnel: 0 blocks (branch mine at the floor, steered, floor lock)
F18 [F18] craft torches: 1 batch(es) -> 4 torches (sticks 5 coals 1)
F10 [F10] craft torches: skip (no coal: sticks 3 coals 0)
F10 [F10] digShaft: water table y=51 (region strike) - stopping above the aquifer, the tunnel owns this level (regions 2)
F10 [F10] craft torches: skip (no coal: sticks 3 coals 0)
F10 [F10] digShaft: water table y=51 (region strike) - stopping above the aquifer, the tunnel owns this level (regions 2)
F10 tunnel: steering copper_ore @ 8.1b (axis z+, cross 1.3000000000000114, floor lock)
F11 [F11] craft torches: stick-dry but 7 planks held - one stick batch first
F11 [F11] craft torches: skip (no coal: sticks 5 coals 0)
F18 [F18] [tools] closing stale craft window (minecraft:inventory) - grid recovery
F15 tunnel: 1 blocks (branch mine at the floor, steered, floor lock)
F5 [F5] water: drowning rescue start (drowning, oxygen 15)
F5 [F5] water: pass 0 head=wet shore=none land=n/a y=45.5 o2=15 probes=0 at=[-132,46,397]
F8 [F8] combat: fighting skeleton (dist 0.8, hp 16.0, 6 nearby, sentry)
F5 tunnel: steering coal_ore @ 6.8b (axis x+, cross 1.6999999999999886, ore detour)
F5 tunnel: 0 blocks (branch mine at the floor, steered, ore detour)
F5 [F5] vein sweep: refused a cell - drop of 5 below the cell (cave?) - the ore waits for a safe angle
F5 [F5] vein sweep: refused a cell - drop of 5 below the cell (cave?) - the ore waits for a safe angle
F5 [F5] craft torches: skip (no coal: sticks 3 coals 0)
F7 [F7] vein sweep: 8 drop(s) in reach (10 dug)
F19 [F19] water: drowning rescue start (drowning, oxygen 13)
F19 [F19] water: pass 0 head=wet shore=none land=n/a y=46.0 o2=13 probes=0 at=[-97,46,390]
F5 [F5] water: pass 7 head=dry shore=hit r=1 land=none y=49.2 o2=19 probes=0 at=[-132,49,397]
F10 tunnel: 2 blocks (branch mine at the floor, steered, floor lock)
F15 [F15] vein sweep: refused a cell - drop of 4 below the cell (cave?) - the ore waits for a safe angle
F15 [F15] vein sweep: refused a cell - drop of 4 below the cell (cave?) - the ore waits for a safe angle
F15 [F15] vein sweep: 3 drop(s) in reach (3 dug)
F10 [F10] craft torches: skip (no coal: sticks 3 coals 0)
F10 [F10] digShaft: water table y=51 (region strike) - stopping above the aquifer, the tunnel owns this level (regions 2)
F10 [F10] craft torches: skip (no coal: sticks 3 coals 0)
F10 [F10] digShaft: water table y=51 (region strike) - stopping above the aquifer, the tunnel owns this level (regions 2)
F10 tunnel: steering copper_ore @ 9.2b (axis z--1, cross 0.30000000000001137, floor lock)
F18 [F18] digShaft: water table y=51 (region strike) - stopping above the aquifer, the tunnel owns this level (regions 2)
F17 [F17] torch: the placement did not land (dry) x1 - the streak names itself once, a landing re-arms it
F18 [F18] craft torches: 1 batch(es) -> 4 torches (sticks 3 coals 1)
F4 [F4] torch: the placement did not land (dry) x1 - the streak names itself once, a landing re-arms it
F18 [F18] craft torch: swept 2 stale grid slot(s) before the attempt
F18 [F18] digShaft: water table y=51 (region strike) - stopping above the aquifer, the tunnel owns this level (regions 2)
F18 [F18] craft torches: 1 batch(es) -> 4 torches (sticks 3 coals 1)
F13 tunnel: 12 blocks (branch mine at the floor, steered, floor lock)
F8 [F8] combat: verdict flipped to flee vs zombie (hp 13.0)
F8 [F8] combat: shelter try vs zombie (dist 0.8, sentry re-verdict)
F19 [F19] water: pass 4 head=dry shore=hit r=1 land=none y=49.1 o2=20 probes=0 at=[-97,49,389]
F17 tool upgrade due: cobble available -> stone_pickaxe
F18 [F18] digShaft: water table y=51 (region strike) - stopping above the aquifer, the tunnel owns this level (regions 2)
F18 tunnel: steering iron_ore @ 11.8b (axis x--1, cross 1.3695521483577977, floor lock)
F5 [F5] water: pass 13 head=dry shore=hit r=1 land=none y=49.2 o2=20 probes=0 at=[-132,49,397]
F10 tunnel: 0 blocks (branch mine at the floor, steered, floor lock)
F10 [F10] craft torches: skip (no coal: sticks 3 coals 0)
F10 [F10] digShaft: water table y=51 (region strike) - stopping above the aquifer, the tunnel owns this level (regions 2)
F10 [F10] craft torches: skip (no coal: sticks 3 coals 0)
F10 [F10] digShaft: water table y=51 (region strike) - stopping above the aquifer, the tunnel owns this level (regions 2)
F5 [F5] water: frozen physics (10 flat passes at y=49.2, o2=20) - standing down, the reconnect lane owns this
F5 [F5] water: rescue standing down (frozen physics - the walk gate reopens, the reconnect lane owns a dead client) in 4.9s
F5 [F5] water: hazard memorized at [-132,49,396] (7 live, fleet-wide)
F7 [F7] vein sweep: the drop walk to [-124,44,422] failed - sweep drops: timeout after 4000ms (dy 1.0, range 2)
F11 [F11] craft torches: skip (no coal: sticks 5 coals 0)
F11 [F11] craft torches: skip (no coal: sticks 5 coals 0)
F11 tunnel: steering coal_ore @ 3.8b (axis z+, cross 0.34466977789513464, floor lock)
F15 [F15] vein sweep: the drop walk to [-104,57,386] failed - doomed goal (ledgered 3s ago at [-104,57,386]) - sweep drops refused (dy 2.0, range 2)
F15 [F15] vein sweep: the drop walk to [-102,57,388] failed - doomed goal (ledgered 3s ago at [-103,57,387]) - sweep drops refused (dy 2.2, range 2)
F15 [F15] vein sweep: +3u walked from the drops (3 dug)
F15 [F15] vein sweep: 2 below-plane walk(s) still failed on the wide goal (range 2) - the drop rests deeper than the lip
F15 vein sweep: 3 ores dug beside the gallery (floor lock)
F4 tool upgrade due: cobble available -> stone_pickaxe
F3 tunnel: 9 blocks (branch mine at the floor, steered, floor lock)
F19 [F19] water: pass 9 head=dry shore=hit r=1 land=none y=48.9 o2=20 probes=0 at=[-97,49,388]
F15 [F15] craft torches: 1 batch(es) -> 4 torches (sticks 3 coals 2)
F19 [F19] water: rescue complete in 4.6s
F19 [F19] water: hazard memorized at [-97,48,388] (8 live, fleet-wide)
[hb] n=9 ts=181s rss=387M late=46ms mainLate=619ms
F15 [F15] digShaft: water table y=51 (region strike) - stopping above the aquifer, the tunnel owns this level (regions 2)
F15 tunnel: steering coal_ore @ 3.2b (axis z--1, cross 0.5, ore detour)
F16 [F16] craft torches: stick-dry with logs held - one plank conversion first
F1 tunnel: 3 blocks (branch mine at the floor, steered, floor lock)
F17 [toolupgrade] [upgrade] upgraded: stone_pickaxe,wooden_shovel,wooden_pickaxe,wooden_pickaxe
F17 tool upgrade: OK -> stone_pickaxe (stone_pickaxe,wooden_shovel,wooden_pickaxe,wooden_pickaxe)
F17 sword due: planks available
F8 [F8] craft torches: 1 batch(es) -> 4 torches (sticks 3 coals 7)
F16 [F16] craft torches: stick-dry but 6 planks held - one stick batch first
F16 [F16] craft torches: skip (no coal: sticks 4 coals 0)
F16 dir=(0.25,-0.97) logs=6 tools=wooden_pickaxe
F16 spare pick due: spare (planks available)
F8 [F8] craft torches: stick-dry with logs held - one plank conversion first
F17 sword: OK (wooden_sword, holds 1)
F17 sword: OK (wooden_sword)
F17 [F17] craft torches: skip (no coal: sticks 3 coals 0)
F11 tunnel: 2 blocks (branch mine at the floor, steered, floor lock)
F5 [F5] digShaft: water hazard 0.7b away (live 8) - refusing this column, the caller rotates
F5 tunnel: steering coal_ore @ 7.2b (axis x+, cross 0.6999999999999886, floor lock)
F5 tunnel: 0 blocks (branch mine at the floor, steered, floor lock)
F5 [F5] vein sweep: refused a cell - drop of 5 below the cell (cave?) - the ore waits for a safe angle
F5 [F5] vein sweep: refused a cell - drop of 5 below the cell (cave?) - the ore waits for a safe angle
F8 [F8] died - respawning (cause: server: was shot by Skeleton [kind=mob by Skeleton] | inferred: zombie@2.9 (0s before death at [-132,40,439]) [the inference CONTRADICTS the server verdict - the nearest harm was not the killer (the server kind stays the authority)])
F8 [F8] water: death spot memorized as a hazard at [-132,40,439] (9 live, fleet-wide)
F8 [F8] [tools] closing stale craft window (minecraft:inventory) - grid recovery
F8 [F8] craft oak_planks: no craftable recipe variant (ingredients missing?)
F8 [F8] craft torches: skip (no spare sticks: sticks 0 coals 6)
F8 tool recovery: no pickaxe - spare-pick craft first
F8 spare pick: skip (no sticks and no planks for sticks)
F8 tool recovery: spare craft failed (no sticks and no planks for sticks) - re-running the bootstrap
F11 [F11] vein sweep: 1 drop(s) in reach (1 dug)
F5 [F5] craft torches: skip (no coal: sticks 3 coals 0)
F16 spare pick: OK (wooden_pickaxe, holds 2)
F16 [F16] craft torches: stick-dry with logs held - one plank conversion first
F2 [F2] vein sweep: +23u walked from the drops (19 dug)
F2 [F2] vein sweep: 6 below-plane walk(s) still failed on the wide goal (range 2) - the drop rests deeper than the lip
F2 [F2] vein sweep: 2 deep drop(s) skipped (dy < -2 - the lip sphere cannot reach, the walk was a guaranteed spiral)
F2 vein sweep: 19 ores dug beside the gallery (floor lock)
F4 [toolupgrade] [upgrade] upgraded: stone_pickaxe,wooden_shovel,wooden_pickaxe,wooden_pickaxe
F4 tool upgrade: OK -> stone_pickaxe (stone_pickaxe,wooden_shovel,wooden_pickaxe,wooden_pickaxe)
F4 [F4] craft torches: skip (no coal: sticks 3 coals 0)
F4 [F4] digShaft: water table y=51 (region strike) - stopping above the aquifer, the tunnel owns this level (regions 2)
F4 tunnel: steering coal_ore @ 8.5b (axis x+, cross 2.3013082332013255, ore detour)
F4 tunnel: 0 blocks (branch mine at the floor, steered, ore detour)
F4 [F4] craft torches: skip (no coal: sticks 3 coals 0)
F4 [F4] digShaft: water table y=51 (region strike) - stopping above the aquifer, the tunnel owns this level (regions 2)
F4 tunnel: steering coal_ore @ 6.8b (axis x--1, cross 3.6986917667986745, floor lock)
t-416s alive=19/19 mined=642 map=766p/13ch banked=0 smelted=0 pocket=747u/204s | sand=0 gravel=3 dirt=100 stone=0
   deficits: 157926/0 (0.0%) 149380/3 (0.0%) 31860/0 (0.0%) 27420/0 (0.0%) 10725/4 (0.0%)
   F1=33[cobblestone:10 stick:6 oak_planks:6] | F2=53[raw_copper:31 cobblestone:16 leaf_litter:5] | F3=33[cobblestone:15 stick:6 oak_planks:6] | F4=29[cobblestone:5 dirt:4 leaf_litter:4] | F5=25[cobblestone:19 birch_log:5 dirt:4] | F6=35[granite:8 dirt:7 oak_log:4] | F7=41[raw_copper:44 cobblestone:11 dirt:9] | F8=47[empty] | F9=30[cobblestone:18 stick:3 dirt:3] | F10=34[cobblestone:11 granite:7 dirt:5] | F11=35[cobblestone:18 stick:5 oak_planks:5] | F12=41[dirt:14 granite:7 cobblestone:7] | F13=24[dirt:17 oak_log:12 oak_planks:11] | F14=44[cobblestone:22 coal:11 dirt:5] | F15=30[cobblestone:21 torch:4 dirt:3] | F16=18[oak_log:5 oak_planks:5 leaf_litter:4] | F17=29[cobblestone:7 oak_log:7 stick:3] | F18=30[torch:11 oak_planks:5 cobblestone:5] | F19=31[cobblestone:18 stick:3 birch_log:2]
   mem: heap=112M/150M old=-1M ext=130M ab=128M rss=388M cols=2001 ents=2923 evicted=751 path=4a/0q (max 6) stale=0
F5 [F5] water: drowning rescue start (drowning, oxygen 15)
F5 [F5] water: pass 0 head=wet shore=none land=n/a y=47.7 o2=15 probes=0 at=[-132,48,397]
F2 [F2] climb bridge: placed cobblestone at [-111,43,416] (support) - the step re-judges
F19 [F19] craft torches: skip (no coal: sticks 3 coals 0)
F19 [F19] digShaft: water hazard 0.8b away (live 9) - refusing this column, the caller rotates
F19 tunnel: steering coal_ore @ 7.4b (axis x--1, cross 2.6999999999999886, floor lock)
F16 [F16] craft torches: stick-dry but 9 planks held - one stick batch first
F16 [F16] craft torches: skip (no coal: sticks 6 coals 0)
F7 [F7] vein sweep: the drop walk to [-123,50,419] failed - No path to the goal! (dy 6.0, range 2)
F7 [F7] vein sweep: +48u walked from the drops (10 dug)
F7 [F7] vein sweep: 2 below-plane walk(s) still failed on the wide goal (range 2) - the drop rests deeper than the lip
F7 vein sweep: 10 ores dug beside the gallery (ore detour)
F15 tunnel: 4 blocks (branch mine at the floor, steered, ore detour)
F5 [F5] water: pass 3 head=dry shore=hit r=1 land=none y=49.2 o2=20 probes=0 at=[-132,49,397]
F11 [F11] vein sweep: the drop walk to [-101,46,371] failed - sweep drops: timeout after 4000ms (dy 3.2, range 2)
F11 [F11] vein sweep: +3u walked from the drops (1 dug)
F11 [F11] vein sweep: 1 below-plane walk(s) still failed on the wide goal (range 2) - the drop rests deeper than the lip
F11 vein sweep: 1 ores dug beside the gallery (floor lock)
F15 [F15] vein sweep: refused a cell - drop of 4 below the cell (cave?) - the ore waits for a safe angle
F11 [F11] craft torches: skip (no coal: sticks 5 coals 0)
F11 [F11] craft torches: skip (no coal: sticks 5 coals 0)
F11 tunnel: steering coal_ore @ 4.1b (axis z+, cross 1.5000000000000568, floor lock)
F10 tunnel: 12 blocks (branch mine at the floor, floor lock)
F5 [F5] water: pass 8 head=dry shore=hit r=1 land=none y=49.2 o2=20 probes=0 at=[-132,49,397]
F15 [F15] vein sweep: refused a cell - drop of 4 below the cell (cave?) - the ore waits for a safe angle
F15 [F15] vein sweep: 4 drop(s) in reach (3 dug)
F2 [F2] climb rise assist: assist did not complete (goto: walk governor: bot churned 4 goals without progress - climb rise assist refused for 12s)
F10 [F10] vein sweep: 1 drop(s) in reach (1 dug)
F17 [F17] craft torches: skip (no coal: sticks 3 coals 0)
F17 [F17] craft torches: skip (no coal: sticks 3 coals 0)
F17 tunnel: steering coal_ore @ 5.9b (axis x+, cross 1.4880221666713283, floor lock)
F3 [F3] vein sweep: 7 drop(s) in reach (4 dug)
F3 [F3] vein sweep: the drop walks picked nothing (pocket delta 0, 0 failed walk(s))
F3 [F3] vein sweep: 7 deep drop(s) skipped (dy < -2 - the lip sphere cannot reach, the walk was a guaranteed spiral)
F3 vein sweep: 4 ores dug beside the gallery (floor lock)
F3 tool upgrade due: cobble available -> stone_pickaxe
F5 [F5] water: rescue standing down (frozen physics - the walk gate reopens, the reconnect lane owns a dead client) in 5.5s
F5 [F5] water: hazard memorized at [-132,49,396] (10 live, fleet-wide)
F11 tunnel: 0 blocks (branch mine at the floor, steered, floor lock)
F2 [F2] climb run-up: gallery opened toward 1,0 (digs 2) - the rise re-judges from the L-mouth
F2 [F2] climb diag: level at y=45 did not rise (food=20, dug=5) feet=air support=air step=air head=air
F11 [F11] craft torches: skip (no coal: sticks 5 coals 0)
F11 [F11] craft torches: skip (no coal: sticks 5 coals 0)
F11 tunnel: steering coal_ore @ 4.5b (axis z+, cross 0.29999999999999716, floor lock)
F5 [F5] digShaft: water hazard 0.7b away (live 10) - refusing this column, the caller rotates
F5 tunnel: steering copper_ore @ 7b (axis z--1, cross 2.3000000000000114, ore detour)
F5 tunnel: 0 blocks (branch mine at the floor, steered, ore detour)
F5 [F5] vein sweep: refused a cell - drop of 5 below the cell (cave?) - the ore waits for a safe angle
F5 [F5] vein sweep: refused a cell - drop of 5 below the cell (cave?) - the ore waits for a safe angle
F5 tunnel: 0 blocks x3 - sealed or flooded, cooling down 15s
F2 [F2] climb bridge: placed cobblestone at [-110,43,417] (pit) - the step re-judges
F16 [F16] craft torches: 3 batch(es) -> 12 torches (sticks 6 coals 3)
F11 tunnel: 0 blocks (branch mine at the floor, steered, floor lock)
F2 [F2] climb bridge: placed cobblestone at [-110,44,417] (support) - the step re-judges
F4 tunnel: 12 blocks (branch mine at the floor, steered, floor lock)
F3 [toolupgrade] [upgrade] upgraded: stone_pickaxe,wooden_shovel,wooden_pickaxe,wooden_pickaxe
F3 tool upgrade: OK -> stone_pickaxe (stone_pickaxe,wooden_shovel,wooden_pickaxe,wooden_pickaxe)
F3 [F3] craft torches: skip (no coal: sticks 4 coals 0)
F3 [F3] digShaft: water table y=51 (region strike) - stopping above the aquifer, the tunnel owns this level (regions 2)
F3 [F3] craft torches: skip (no coal: sticks 4 coals 0)
F3 [F3] digShaft: water table y=51 (region strike) - stopping above the aquifer, the tunnel owns this level (regions 2)
F3 tunnel: steering coal_ore @ 4.7b (axis x--1, cross 1.6908706413395862, floor lock)
F3 tunnel: 0 blocks (branch mine at the floor, steered, floor lock)
F11 [F11] craft torches: skip (no coal: sticks 5 coals 0)
F11 [F11] craft torches: skip (no coal: sticks 5 coals 0)
F11 tunnel: steering coal_ore @ 4.5b (axis z+, cross 0.7000000000000028, floor lock)
F3 [F3] craft torches: skip (no coal: sticks 4 coals 0)
F3 [F3] digShaft: water table y=51 (region strike) - stopping above the aquifer, the tunnel owns this level (regions 2)
F3 [F3] craft torches: skip (no coal: sticks 4 coals 0)
F3 [F3] digShaft: water table y=51 (region strike) - stopping above the aquifer, the tunnel owns this level (regions 2)
F3 tunnel: steering coal_ore @ 4.8b (axis z+, cross 0.6999999999999886, floor lock)
F10 [F10] vein sweep: the drop walk to [-147,57,413] failed - sweep drops: timeout after 4000ms (dy 4.4, range 2)
F10 [F10] vein sweep: +2u walked from the drops (1 dug)
F10 [F10] vein sweep: 1 below-plane walk(s) still failed on the wide goal (range 2) - the drop rests deeper than the lip
F10 vein sweep: 1 ores dug beside the gallery (floor lock)
F12 climb out (wood trip): OK +12 levels (11 steps, 26 dug, 32s)
F17 tunnel: 0 blocks (branch mine at the floor, steered, floor lock)
F16 [F16] digShaft: water table y=51 (region strike) - stopping above the aquifer, the tunnel owns this level (regions 2)
F19 tunnel: 12 blocks (branch mine at the floor, steered, floor lock)
F11 tunnel: 0 blocks (branch mine at the floor, steered, floor lock)
F11 tunnel: 0 blocks x3 - sealed or flooded, cooling down 15s
F5 [F5] water: drowning rescue start (drowning, oxygen 14)
F5 [F5] water: pass 0 head=wet shore=none land=n/a y=46.1 o2=14 probes=0 at=[-132,46,397]
F16 sword due: planks available
F16 sword: no table reachable or placeable
F16 sword: failed (no table)
F16 [F16] craft torches: skip (no coal: sticks 3 coals 0)
F16 [F16] digShaft: water table y=51 (region strike) - stopping above the aquifer, the tunnel owns this level (regions 2)
F16 [F16] craft torches: skip (no coal: sticks 3 coals 0)
F16 [F16] digShaft: water table y=51 (region strike) - stopping above the aquifer, the tunnel owns this level (regions 2)
F16 tunnel: steering coal_ore @ 4.2b (axis x--1, cross 0.46469575530568363, floor lock)
F15 [F15] vein sweep: the drop walk to [-101,57,384] failed - sweep drops: timeout after 4000ms (dy 2.0, range 2)
F14 [F14] vein sweep: 8 drop(s) in reach (14 dug)
F4 [F4] vein sweep: 3 drop(s) in reach (4 dug)
F18 tunnel: 12 blocks (branch mine at the floor, steered, floor lock)
F6 [F6] vein sweep: 7 drop(s) in reach (21 dug)
F3 tunnel: 2 blocks (branch mine at the floor, steered, floor lock)
F17 [F17] craft torches: skip (no coal: sticks 3 coals 0)
F17 [F17] craft torches: skip (no coal: sticks 3 coals 0)
F17 tunnel: steering coal_ore @ 5.5b (axis x+, cross 1.5, floor lock)
F5 [F5] water: pass 4 head=dry shore=hit r=1 land=none y=49.2 o2=20 probes=0 at=[-132,49,397]
F13 tool recovery: no pickaxe - spare-pick craft first
F13 spare pick: no table reachable or placeable
F13 tool recovery: spare craft failed (no table) - re-running the bootstrap
t-401s alive=19/19 mined=747 map=786p/14ch banked=0 smelted=0 pocket=862u/209s | sand=0 gravel=4 dirt=109 stone=0
   deficits: 157926/0 (0.0%) 149380/4 (0.0%) 31860/0 (0.0%) 27420/0 (0.0%) 10725/4 (0.0%)
   F1=38[cobblestone:13 stick:6 oak_planks:6] | F2=65[raw_copper:31 cobblestone:25 leaf_litter:5] | F3=37[cobblestone:12 dirt:5 stick:4] | F4=45[cobblestone:17 dirt:4 leaf_litter:4] | F5=25[cobblestone:19 birch_log:5 dirt:4] | F6=42[granite:8 dirt:7 oak_log:4] | F7=41[raw_copper:44 cobblestone:19 dirt:9] | F8=50[birch_sapling:1] | F9=30[cobblestone:25 stick:3 dirt:3] | F10=41[cobblestone:19 granite:9 dirt:5] | F11=35[cobblestone:21 stick:5 oak_planks:5] | F12=48[dirt:22 granite:7 cobblestone:7] | F13=24[dirt:17 oak_log:11 oak_planks:11] | F14=48[cobblestone:22 coal:11 dirt:5] | F15=33[cobblestone:25 torch:4 dirt:3] | F16=27[torch:11 oak_planks:7 dirt:5] | F17=37[diorite:11 cobblestone:10 oak_log:7] | F18=38[torch:11 cobblestone:8 coal:8] | F19=43[cobblestone:32 stick:3 birch_log:2]
   mem: heap=107M/152M old=-1M ext=128M ab=125M rss=388M cols=1950 ents=3550 evicted=800 path=6a/3q (max 6) stale=0
F3 [F3] craft torches: skip (no coal: sticks 4 coals 0)
F3 [F3] digShaft: water table y=51 (region strike) - stopping above the aquifer, the tunnel owns this level (regions 2)
F3 [F3] craft torches: skip (no coal: sticks 4 coals 0)
F3 [F3] digShaft: water table y=51 (region strike) - stopping above the aquifer, the tunnel owns this level (regions 2)
F3 tunnel: steering coal_ore @ 4.9b (axis z+, cross 1.6999999999999886, floor lock)
[hb] n=10 ts=201s rss=388M late=51ms mainLate=697ms
F1 [F1] vein sweep: 8 drop(s) in reach (7 dug)
F1 [F1] vein sweep: the drop walks picked nothing (pocket delta 0, 0 failed walk(s))
F1 [F1] vein sweep: 8 deep drop(s) skipped (dy < -2 - the lip sphere cannot reach, the walk was a guaranteed spiral)
F1 vein sweep: 7 ores dug beside the gallery (floor lock)
F14 [F14] vein sweep: the drop walk to [-127,52,388] failed - No path to the goal! (dy 0.0, range 1)
F14 [F14] vein sweep: the drop walk to [-127,53,388] failed - doomed goal (ledgered 0s ago at [-127,53,387]) - sweep drops refused (dy 1.0, range 2)
F5 [F5] water: pass 8 head=dry shore=hit r=1 land=none y=49.2 o2=20 probes=0 at=[-132,49,397]
F10 [F10] craft torches: skip (no coal: sticks 3 coals 0)
F10 [F10] digShaft: water table y=51 (region strike) - stopping above the aquifer, the tunnel owns this level (regions 2)
F10 [F10] craft torches: skip (no coal: sticks 3 coals 0)
F10 [F10] digShaft: water table y=51 (region strike) - stopping above the aquifer, the tunnel owns this level (regions 2)
F10 tunnel: steering coal_ore @ 11.1b (axis x+, cross 2.6850214545526114, floor lock)
F6 [F6] vein sweep: +1u walked from the drops (21 dug)
F6 [F6] vein sweep: 6 deep drop(s) skipped (dy < -2 - the lip sphere cannot reach, the walk was a guaranteed spiral)
F6 vein sweep: 21 ores dug beside the gallery (floor lock)
F15 [F15] vein sweep: the drop walk to [-102,57,385] failed - sweep drops: timeout after 4000ms (dy 4.3, range 2)
F5 [F5] water: pass 12 head=dry shore=hit r=1 land=none y=49.2 o2=20 probes=0 at=[-132,49,397]
F5 [F5] water: frozen physics (10 flat passes at y=49.2, o2=20) - standing down, the reconnect lane owns this
F5 [F5] water: rescue standing down (frozen physics - the walk gate reopens, the reconnect lane owns a dead client) in 6.9s
F5 [F5] water: frozen client relog (#2 consecutive) (3 consecutive frozen verdicts) - ending the session, the reconnect lane rebuilds the physics; the drowning sentry holds non-critical pages 20s (the frozen-return gate)
F5 [F5] water: hazard memorized at [-132,49,396] (11 live, fleet-wide)
F15 [F15] vein sweep: +6u walked from the drops (3 dug)
F15 [F15] vein sweep: 3 below-plane walk(s) still failed on the wide goal (range 2) - the drop rests deeper than the lip
F15 vein sweep: 3 ores dug beside the gallery (ore detour)
F3 tunnel: 0 blocks (branch mine at the floor, steered, floor lock)
F1 tool upgrade due: cobble available -> stone_pickaxe
F3 [F3] craft torches: skip (no coal: sticks 4 coals 0)
F3 [F3] digShaft: water table y=51 (region strike) - stopping above the aquifer, the tunnel owns this level (regions 2)
F3 [F3] craft torches: skip (no coal: sticks 4 coals 0)
F3 [F3] digShaft: water table y=51 (region strike) - stopping above the aquifer, the tunnel owns this level (regions 2)
F3 tunnel: steering coal_ore @ 5.2b (axis z+, cross 0.6999999999999886, floor lock)
F4 [F4] vein sweep: the drop walk to [-118,53,437] failed - sweep drops: timeout after 4000ms (dy 0.0, range 1)
F4 [F4] vein sweep: +3u walked from the drops (4 dug)
F4 [F4] vein sweep: 2 deep drop(s) skipped (dy < -2 - the lip sphere cannot reach, the walk was a guaranteed spiral)
F4 vein sweep: 4 ores dug beside the gallery (floor lock)
F6 [F6] craft torches: skip (no coal: sticks 3 coals 0)
F6 [F6] digShaft: water table y=51 (region strike) - stopping above the aquifer, the tunnel owns this level (regions 2)
F6 [F6] craft torches: skip (no coal: sticks 3 coals 0)
F6 [F6] digShaft: water table y=51 (region strike) - stopping above the aquifer, the tunnel owns this level (regions 2)
F6 tunnel: steering coal_ore @ 10.7b (axis z--1, cross 1.4879848839517962, floor lock)
F5 [F5] craft torches: skip (no coal: sticks 3 coals 0)
F15 [F15] craft torches: stick-dry with logs held - one plank conversion first
F1 [toolupgrade] [upgrade] upgraded: stone_pickaxe,wooden_shovel,wooden_pickaxe,wooden_pickaxe
F1 tool upgrade: OK -> stone_pickaxe (stone_pickaxe,wooden_shovel,wooden_pickaxe,wooden_pickaxe)
F1 [F1] craft torches: skip (no coal: sticks 4 coals 0)
F1 [F1] digShaft: water table y=51 (region strike) - stopping above the aquifer, the tunnel owns this level (regions 2)
F1 [F1] craft torches: skip (no coal: sticks 4 coals 0)
F1 [F1] digShaft: water table y=51 (region strike) - stopping above the aquifer, the tunnel owns this level (regions 2)
F1 tunnel: steering coal_ore @ 4.5b (axis z+, cross 0.6999999999999886, floor lock)
F3 tunnel: 0 blocks (branch mine at the floor, steered, floor lock)
F4 [F4] craft torches: 1 batch(es) -> 4 torches (sticks 3 coals 2)
F3 [F3] craft torches: skip (no coal: sticks 4 coals 0)
F3 [F3] digShaft: water table y=51 (region strike) - stopping above the aquifer, the tunnel owns this level (regions 2)
F3 [F3] craft torches: skip (no coal: sticks 4 coals 0)
F3 [F3] digShaft: water table y=51 (region strike) - stopping above the aquifer, the tunnel owns this level (regions 2)
F3 tunnel: steering iron_ore @ 6.1b (axis x--1, cross 2.6999999999999886, floor lock)
F3 tunnel: 0 blocks (branch mine at the floor, steered, floor lock)
F3 tunnel: 0 blocks x3 - sealed or flooded, cooling down 15s
F15 [F15] craft torches: stick-dry but 9 planks held - one stick batch first
F6 tunnel: 0 blocks (branch mine at the floor, steered, floor lock)
F14 [F14] vein sweep: +7u walked from the drops (14 dug)
F14 [F14] vein sweep: 3 below-plane walk(s) still failed on the wide goal (range 2) - the drop rests deeper than the lip
F14 vein sweep: 14 ores dug beside the gallery (floor lock)
F14 map trip skipped: sand,gravel unreachable
F15 [F15] craft torches: 2 batch(es) -> 8 torches (sticks 2 coals 2)
F13 [F13] craft torches: stick-dry but 5 planks held - one stick batch first
F4 [F4] digShaft: water table y=51 (region strike) - stopping above the aquifer, the tunnel owns this level (regions 2)
F4 tunnel: steering iron_ore @ 14.6b (axis z--1, cross 2.50024214511312, ore detour)
F6 [F6] craft torches: skip (no coal: sticks 3 coals 0)
F6 [F6] digShaft: water table y=51 (region strike) - stopping above the aquifer, the tunnel owns this level (regions 2)
F6 [F6] craft torches: skip (no coal: sticks 3 coals 0)
F6 [F6] digShaft: water table y=51 (region strike) - stopping above the aquifer, the tunnel owns this level (regions 2)
F6 tunnel: steering coal_ore @ 10.6b (axis z--1, cross 2.5, floor lock)
F13 [F13] craft torches: skip (no coal: sticks 6 coals 0)
F1 tunnel: 0 blocks (branch mine at the floor, steered, floor lock)
F1 [F1] craft torches: skip (no coal: sticks 4 coals 0)
F1 [F1] digShaft: water table y=51 (region strike) - stopping above the aquifer, the tunnel owns this level (regions 2)
F1 [F1] craft torches: skip (no coal: sticks 4 coals 0)
F1 [F1] digShaft: water table y=51 (region strike) - stopping above the aquifer, the tunnel owns this level (regions 2)
F1 tunnel: steering coal_ore @ 4.5b (axis x--1, cross 1.3000000000000114, floor lock)
F1 tunnel: 0 blocks (branch mine at the floor, steered, floor lock)
F5 retry #1 in 6.9s (Timeout waiting for 4 ticks after 5200ms)
F15 [F15] digShaft: water table y=51 (region strike) - stopping above the aquifer, the tunnel owns this level (regions 2)
F15 tunnel: steering coal_ore @ 4.3b (axis x+, cross 0.5017137919099355, ore detour)
F1 [F1] craft torches: skip (no coal: sticks 4 coals 0)
F1 [F1] digShaft: water table y=51 (region strike) - stopping above the aquifer, the tunnel owns this level (regions 2)
F1 [F1] craft torches: skip (no coal: sticks 4 coals 0)
F1 [F1] digShaft: water table y=51 (region strike) - stopping above the aquifer, the tunnel owns this level (regions 2)
F1 tunnel: steering coal_ore @ 4.9b (axis z+, cross 1.6999999999999886, floor lock)
F17 tunnel: 12 blocks (branch mine at the floor, steered, floor lock)
t-385s alive=19/19 mined=808 map=798p/14ch banked=0 smelted=0 pocket=964u/219s | sand=3 gravel=4 dirt=111 stone=0
   deficits: 157926/3 (0.0%) 149380/4 (0.0%) 31860/0 (0.0%) 27420/0 (0.0%) 10725/4 (0.0%)
   F1=39[cobblestone:10 oak_planks:6 dirt:6] | F2=78[cobblestone:38 raw_copper:31 leaf_litter:5] | F3=37[cobblestone:12 dirt:5 stick:4] | F4=47[cobblestone:21 diorite:5 torch:4] | F5=25[cobblestone:19 birch_log:5 dirt:4] | F6=42[dirt:9 granite:9 oak_log:4] | F7=41[raw_copper:44 cobblestone:19 dirt:9] | F8=52[oak_sapling:2 birch_sapling:1] | F9=30[cobblestone:34 stick:3 dirt:3] | F10=50[granite:22 cobblestone:19 dirt:5] | F11=35[cobblestone:21 stick:5 oak_planks:5] | F12=52[dirt:22 granite:7 cobblestone:7] | F13=26[dirt:17 oak_log:11 stick:6] | F14=48[cobblestone:25 coal:12 dirt:5] | F15=33[cobblestone:28 torch:12 oak_planks:7] | F16=35[torch:11 cobblestone:10 oak_planks:7] | F17=49[cobblestone:22 diorite:11 oak_log:7] | F18=46[coal:14 torch:11 cobblestone:8] | F19=43[cobblestone:34 stick:3 birch_log:2]
   mem: heap=116M/152M old=-1M ext=128M ab=125M rss=388M cols=1957 ents=3531 evicted=816 path=6a/1q (max 6) stale=0
F11 [F11] craft torches: skip (no coal: sticks 5 coals 0)
F11 [F11] craft torches: skip (no coal: sticks 5 coals 0)
F11 tunnel: steering coal_ore @ 5.2b (axis z+, cross 0.5, floor lock)
F6 tunnel: 0 blocks (branch mine at the floor, steered, floor lock)
F10 tunnel: 12 blocks (branch mine at the floor, steered, floor lock)
F6 [F6] climb bridge: the server refused the support fill at [-123,53,420] - the rotate ladder owns it (held=granite, 1.3b, ref=granite, post=? (re-read failed))
F6 [F6] climb diag: level at y=53 blocked toward 0,1 (dug=0)
F19 [F19] craft torches: skip (no coal: sticks 3 coals 0)
F19 [F19] digShaft: water hazard 1.6b away (live 11) - refusing this column, the caller rotates
F19 tunnel: steering coal_ore @ 6.5b (axis z+, cross 2.5, ore detour)
F1 tunnel: 0 blocks (branch mine at the floor, steered, floor lock)
F1 tunnel: 0 blocks x3 - sealed or flooded, cooling down 15s
F4 tunnel: 4 blocks (branch mine at the floor, steered, ore detour)
[hb] n=11 ts=221s rss=388M late=56ms mainLate=666ms
F10 [F10] climb bridge: placed cobblestone at [-139,53,410] (support) - the step re-judges
F19 tunnel: 2 blocks (branch mine at the floor, steered, ore detour)
F19 [F19] craft torches: skip (no coal: sticks 3 coals 0)
F19 [F19] digShaft: water hazard 1.5b away (live 11) - refusing this column, the caller rotates
F19 tunnel: steering coal_ore @ 6.6b (axis z+, cross 2.700000000000003, floor lock)
F19 tunnel: 0 blocks (branch mine at the floor, steered, floor lock)
F11 tunnel: 2 blocks (branch mine at the floor, steered, floor lock)
F5 [F5] craft torches: skip (no coal: sticks 3 coals 0)
F11 [F11] craft torches: skip (no coal: sticks 5 coals 0)
F11 [F11] craft torches: skip (no coal: sticks 5 coals 0)
F11 tunnel: steering iron_ore @ 7.4b (axis z+, cross 0.7000000000000028, floor lock)
F16 tunnel: 13 blocks (branch mine at the floor, steered, floor lock)
F19 [F19] climb bridge: unavailable (no solid floor underfoot)
F19 [F19] climb diag: level at y=50 blocked toward 1,0 (dug=2)
F13 tool recovery: OK (stone_pickaxe,wooden_pickaxe)
F13 sword due: planks available
F13 sword: no table reachable or placeable
F13 sword: failed (no table)
F13 [F13] craft torches: stick-dry with logs held - one plank conversion first
F10 [F10] climb bridge: placed cobblestone at [-140,53,410] (pit) - the step re-judges
F13 [F13] craft torches: stick-dry but 7 planks held - one stick batch first
F13 [F13] craft torches: skip (no coal: sticks 6 coals 0)
F10 [F10] climb bridge: placed cobblestone at [-140,54,410] (support) - the step re-judges
F11 tunnel: 0 blocks (branch mine at the floor, steered, floor lock)
F19 [F19] climb bridge: placed cobblestone at [-98,48,389] (pit) - the step re-judges
F11 [F11] craft torches: skip (no coal: sticks 5 coals 0)
F11 [F11] craft torches: skip (no coal: sticks 5 coals 0)
F11 tunnel: steering copper_ore @ 5.1b (axis z+, cross 2.700000000000003, floor lock)
F13 [F13] digShaft: water table y=51 (region strike) - stopping above the aquifer, the tunnel owns this level (regions 2)
F13 tunnel: steering coal_ore @ 10.6b (axis z+, cross 0.5, ore detour)
F19 [F19] climb bridge: placed cobblestone at [-98,49,389] (support) - the step re-judges
F7 [F7] craft torches: skip (no coal: sticks 5 coals 0)
F11 tunnel: 0 blocks (branch mine at the floor, steered, floor lock)
F5 [F5] water: drowning rescue start (drowning, oxygen 14)
F5 [F5] water: pass 0 head=wet shore=none land=n/a y=45.9 o2=14 probes=0 at=[-132,46,397]
F13 tunnel: 2 blocks (branch mine at the floor, steered, ore detour)
t-370s alive=19/19 mined=927 map=802p/14ch banked=0 smelted=0 pocket=1058u/225s | sand=3 gravel=4 dirt=111 stone=0
   deficits: 157926/3 (0.0%) 149380/4 (0.0%) 31860/0 (0.0%) 27420/0 (0.0%) 10725/10 (0.1%)
   F1=39[cobblestone:13 oak_planks:6 dirt:6] | F2=93[cobblestone:47 raw_copper:31 granite:5] | F3=42[cobblestone:14 dirt:5 stick:4] | F4=58[cobblestone:23 diorite:5 torch:4] | F5=25[cobblestone:19 birch_log:5 dirt:4] | F6=50[granite:14 dirt:9 oak_log:4] | F7=44[raw_copper:44 cobblestone:21 dirt:9] | F8=54[oak_sapling:2 birch_sapling:1] | F9=30[cobblestone:48 stick:3 dirt:3] | F10=64[granite:33 cobblestone:18 dirt:5] | F11=39[cobblestone:23 stick:5 oak_planks:5] | F12=54[dirt:22 granite:7 cobblestone:7] | F13=32[dirt:17 oak_log:10 stick:6] | F14=48[cobblestone:25 coal:12 dirt:5] | F15=46[cobblestone:35 torch:12 oak_planks:7] | F16=39[cobblestone:14 torch:10 oak_planks:7] | F17=63[cobblestone:22 diorite:11 oak_log:7] | F18=54[coal:16 torch:11 cobblestone:8] | F19=53[cobblestone:41 stick:3 birch_log:2]
   mem: heap=121M/154M old=-1M ext=136M ab=133M rss=390M cols=1982 ents=4060 evicted=833 path=2a/0q (max 6) stale=0
F5 tunnel: steering iron_ore @ 2.1b (axis x+, cross 0.30000000000001137, ore detour)
F15 tunnel: 13 blocks (branch mine at the floor, steered, ore detour)
F5 [F5] water: pass 5 head=dry shore=hit r=1 land=none y=49.2 o2=20 probes=0 at=[-132,49,397]
F5 tunnel: 0 blocks (branch mine at the floor, steered, ore detour)
F5 [F5] vein sweep: refused a cell - drop of 5 below the cell (cave?) - the ore waits for a safe angle
F5 [F5] vein sweep: refused a cell - drop of 5 below the cell (cave?) - the ore waits for a safe angle
F5 [F5] craft torches: skip (no coal: sticks 3 coals 0)
F4 [F4] vein sweep: 6 drop(s) in reach (13 dug)
F5 [F5] water: pass 9 head=dry shore=hit r=1 land=none y=49.2 o2=20 probes=0 at=[-132,49,397]
F13 [F13] vein sweep: 6 drop(s) in reach (6 dug)
F4 [F4] vein sweep: +14u walked from the drops (13 dug)
F4 [F4] vein sweep: 1 deep drop(s) skipped (dy < -2 - the lip sphere cannot reach, the walk was a guaranteed spiral)
F4 vein sweep: 13 ores dug beside the gallery (ore detour)
F4 [F4] craft torches: stick-dry with logs held - one plank conversion first
F5 [F5] water: frozen physics (10 flat passes at y=49.2, o2=20) - standing down, the reconnect lane owns this
F5 [F5] water: rescue standing down (frozen physics - the walk gate reopens, the reconnect lane owns a dead client) in 6.7s
F5 [F5] water: hazard memorized at [-132,49,396] (11 live, fleet-wide)
F1 [F1] climb bridge: unavailable (no solid floor underfoot)
F1 [F1] climb diag: level at y=56 blocked toward 1,0 (dug=1)
F7 tunnel: 12 blocks (branch mine at the floor, ore detour)
F7 [F7] combat: fighting skeleton (dist 1.8, hp 16.0, 3 nearby, sentry)
F4 [F4] craft torches: stick-dry but 9 planks held - one stick batch first
F4 [F4] craft torches: 4 batch(es) -> 16 torches (sticks 2 coals 14)
F15 [F15] vein sweep: 6 drop(s) in reach (7 dug)
F13 [F13] vein sweep: the drop walk to [-120,52,428] failed - sweep drops: timeout after 4000ms (dy -1.0, range 2)
F17 [F17] vein sweep: 8 drop(s) in reach (24 dug)
F4 [F4] digShaft: water table y=51 (region strike) - stopping above the aquifer, the tunnel owns this level (regions 2)
F4 tunnel: steering coal_ore @ 2b (axis z+, cross 0.5350920788638405, floor lock)
[hb] n=12 ts=241s rss=394M late=61ms mainLate=1073ms
F7 [F7] combat: verdict flipped to flee vs skeleton (hp 13.7)
F7 [F7] combat: shelter try vs skeleton (dist 2.4, sentry re-verdict)
F7 [F7] combat: shelter skip (open field: no diggable wall, skeleton@2.4)
F7 [F7] combat: shelter ring ranged mode: the full ring is refused, the arrow wall owns it vs skeleton@2.4
F7 [F7] combat: shelter ring try vs skeleton (dist 2.4, +z-z+x-x first, arrow wall, sentry re-verdict)
F15 [F15] vein sweep: the drop walk to [-94,56,384] failed - sweep drops: timeout after 4000ms (dy 3.0, range 2)
F5 [F5] digShaft: water hazard 0.8b away (live 11) - refusing this column, the caller rotates
F5 tunnel: steering coal_ore @ 5.7b (axis x+, cross 1.6999999999999886, floor lock)
F5 tunnel: 0 blocks (branch mine at the floor, steered, floor lock)
F5 [F5] vein sweep: refused a cell - drop of 5 below the cell (cave?) - the ore waits for a safe angle
F5 [F5] vein sweep: refused a cell - drop of 5 below the cell (cave?) - the ore waits for a safe angle
F5 [F5] water: drowning rescue start (drowning, oxygen 15)
F5 [F5] water: pass 0 head=wet shore=none land=n/a y=46.0 o2=15 probes=0 at=[-132,46,397]
F5 [F5] craft torches: skip (no coal: sticks 3 coals 0)
F7 [F7] combat: sheltering from skeleton (arrow wall, cells 6/8, sentry re-verdict)
F13 [F13] vein sweep: the drop walk to [-119,51,428] failed - sweep drops: timeout after 4000ms (dy -2.0, range 2)
F18 [F18] vein sweep: 8 drop(s) in reach (24 dug)
F18 [F18] vein sweep: the drop walk to [-120,52,408] failed - doomed goal (ledgered 25s ago at [-120,52,408]) - sweep drops refused (dy -1.0, range 2)
F18 [F18] vein sweep: the drop walk to [-121,52,410] failed - doomed goal (ledgered 25s ago at [-121,52,409]) - sweep drops refused (dy -1.0, range 2)
F4 tunnel: 4 blocks (branch mine at the floor, steered, floor lock)
F5 [F5] water: pass 7 head=dry shore=hit r=1 land=none y=49.2 o2=20 probes=0 at=[-132,49,397]
t-355s alive=19/19 mined=1109 map=799p/14ch banked=0 smelted=0 pocket=1251u/232s | sand=3 gravel=5 dirt=169 stone=0
   deficits: 157926/3 (0.0%) 149380/5 (0.0%) 31860/0 (0.0%) 27420/0 (0.0%) 10725/27 (0.3%)
   F1=53[cobblestone:20 dirt:12 oak_planks:6] | F2=111[cobblestone:47 raw_copper:31 dirt:15] | F3=63[cobblestone:21 dirt:19 stick:4] | F4=67[cobblestone:23 torch:20 coal:10] | F5=25[cobblestone:19 birch_log:5 dirt:4] | F6=68[dirt:23 granite:14 cobblestone:7] | F7=54[raw_copper:44 cobblestone:26 stick:5] | F8=55[dirt:5 oak_sapling:2 birch_sapling:1] | F9=30[cobblestone:50 stick:3 dirt:3] | F10=79[granite:35 dirt:20 cobblestone:18] | F11=60[cobblestone:30 andesite:14 stick:5] | F12=57[dirt:22 oak_log:11 granite:7] | F13=38[dirt:17 oak_log:10 stick:6] | F14=48[cobblestone:26 coal:12 dirt:5] | F15=53[cobblestone:38 torch:11 oak_planks:7] | F16=40[cobblestone:14 torch:10 oak_planks:7] | F17=73[cobblestone:24 diorite:11 oak_log:7] | F18=62[coal:16 torch:11 cobblestone:8] | F19=73[cobblestone:62 stick:3 birch_log:2]
   mem: heap=113M/155M old=-1M ext=134M ab=132M rss=394M cols=1973 ents=4111 evicted=893 path=6a/3q (max 6) stale=0
F10 [F10] climb diag: level at y=65 blocked toward -1,0 (dug=26)
F10 [F10] climb: walkable surface at y=64 (+11 levels, dug=26) - the walk takes over (blocked step)
F10 climb out (trip): OK +11 levels (11 steps, 26 dug, undefineds)
F15 [F15] vein sweep: the drop walk to [-93,56,383] failed - sweep drops: timeout after 4000ms (dy 2.2, range 2)
F5 [F5] water: pass 13 head=dry shore=hit r=1 land=none y=49.2 o2=20 probes=0 at=[-132,49,397]
F5 [F5] water: rescue standing down (frozen physics - the walk gate reopens, the reconnect lane owns a dead client) in 5.1s
F5 [F5] water: hazard memorized at [-132,49,396] (11 live, fleet-wide)
F7 [F7] died - respawning (cause: server: was slain by Zombie [kind=mob by Zombie] | inferred: zombie@0.5 (0s before death at [-130,36,421]) [the inference corroborates the server verdict])
F7 [F7] water: death spot memorized as a hazard at [-130,36,421] (12 live, fleet-wide)
F16 [F16] vein sweep: 0 drop(s) in reach (1 dug)
F16 vein sweep: 1 ores dug beside the gallery (floor lock)
F10 map trip skipped: sand,gravel unreachable
F2 [F2] climb diag: level at y=65 blocked toward 0,1 (dug=58)
F17 [F17] vein sweep: the drop walk to [-97,40,378] failed - sweep drops: timeout after 4000ms (dy 0.0, range 1)
F5 [F5] digShaft: water hazard 0.8b away (live 12) - refusing this column, the caller rotates
F5 tunnel: steering coal_ore @ 7.5b (axis x+, cross 0.6999999999999886, ore detour)
F5 tunnel: 0 blocks (branch mine at the floor, steered, ore detour)
F5 [F5] vein sweep: refused a cell - drop of 5 below the cell (cave?) - the ore waits for a safe angle
F5 [F5] vein sweep: refused a cell - drop of 5 below the cell (cave?) - the ore waits for a safe angle
F5 tunnel: 0 blocks x3 - sealed or flooded, cooling down 15s
F2 [F2] climb bridge: placed cobblestone at [-111,64,437] (support) - the step re-judges
F14 [F14] craft torches: 1 batch(es) -> 4 torches (sticks 3 coals 12)
F6 climb out (trip): OK +12 levels (11 steps, 26 dug, 36s)
F2 [F2] climb diag: level at y=66 blocked toward -1,0 (dug=58)
F4 [F4] vein sweep: 7 drop(s) in reach (11 dug)
F5 [F5] water: drowning rescue start (drowning, oxygen 15)
F5 [F5] water: pass 0 head=wet shore=none land=n/a y=46.2 o2=15 probes=0 at=[-132,46,397]
F10 [F10] craft torches: skip (no coal: sticks 3 coals 0)
F5 [F5] water: pass 7 head=dry shore=hit r=1 land=none y=49.2 o2=20 probes=0 at=[-132,49,397]
F3 [F3] climb rise assist: assist did not complete (goto: climb rise assist: timeout after 4500ms)
F13 [F13] vein sweep: +1u walked from the drops (6 dug)
F13 [F13] vein sweep: 5 below-plane walk(s) still failed on the wide goal (range 2) - the drop rests deeper than the lip
F13 [F13] vein sweep: 1 deep drop(s) skipped (dy < -2 - the lip sphere cannot reach, the walk was a guaranteed spiral)
F13 vein sweep: 6 ores dug beside the gallery (ore detour)
F13 map trip skipped: sand,gravel unreachable
F13 [F13] craft torches: skip (no coal: sticks 6 coals 0)
F13 [F13] digShaft: water table y=51 (region strike) - stopping above the aquifer, the tunnel owns this level (regions 2)
F13 tunnel: steering coal_ore @ 13.7b (axis x--1, cross 1.660555282245923, ore detour)
F16 tool upgrade due: cobble available -> stone_pickaxe
F3 [F3] climb diag: level at y=63 did not rise (food=20, dug=27) feet=air support=grass_block step=leaf_litter head=air
F5 [F5] water: pass 12 head=dry shore=hit r=1 land=none y=49.2 o2=20 probes=0 at=[-132,49,397]
F10 [F10] digShaft: water table y=51 (region strike) - stopping above the aquifer, the tunnel owns this level (regions 2)
F10 tunnel: steering iron_ore @ 4.7b (axis x--1, cross 0.5, ore detour)
F5 [F5] water: frozen physics (10 flat passes at y=49.2, o2=20) - standing down, the reconnect lane owns this
F5 [F5] water: rescue standing down (frozen physics - the walk gate reopens, the reconnect lane owns a dead client) in 4.5s
F5 [F5] water: frozen client relog (#3 consecutive) (3 consecutive frozen verdicts) - ending the session, the reconnect lane rebuilds the physics; the drowning sentry holds non-critical pages 40s (the frozen-return gate)
F5 [F5] water: hazard memorized at [-132,49,396] (12 live, fleet-wide)
F2 [F2] climb: walkable surface at y=67 (+24 levels, dug=60) - the walk takes over (blocked step)
F2 climb out (trip): OK +24 levels (24 steps, 60 dug, undefineds)
F17 [F17] vein sweep: the drop walk to [-99,41,375] failed - sweep drops: timeout after 4000ms (dy 1.0, range 2)
F3 climb out (trip): OK +11 levels (10 steps, 28 dug, 33s)
F16 [toolupgrade] [upgrade] upgraded: stone_pickaxe,wooden_shovel,wooden_pickaxe,wooden_pickaxe
F16 tool upgrade: OK -> stone_pickaxe (stone_pickaxe,wooden_shovel,wooden_pickaxe,wooden_pickaxe)
F16 sword due: cobble available
F13 tunnel: 0 blocks (branch mine at the floor, steered, ore detour)
F13 [F13] craft torches: skip (no coal: sticks 6 coals 0)
F13 [F13] digShaft: water table y=51 (region strike) - stopping above the aquifer, the tunnel owns this level (regions 2)
F13 tunnel: steering coal_ore @ 14b (axis x--1, cross 1.660555282245923, floor lock)
F18 [F18] vein sweep: +13u walked from the drops (24 dug)
F18 [F18] vein sweep: 4 below-plane walk(s) still failed on the wide goal (range 2) - the drop rests deeper than the lip
F18 vein sweep: 24 ores dug beside the gallery (floor lock)
F16 sword: OK (stone_sword, holds 1)
F16 sword: OK (stone_sword)
F16 [F16] craft torches: skip (no coal: sticks 4 coals 0)
F16 [F16] digShaft: water table y=51 (region strike) - stopping above the aquifer, the tunnel owns this level (regions 2)
F16 [F16] craft torches: skip (no coal: sticks 4 coals 0)
F16 [F16] digShaft: water table y=51 (region strike) - stopping above the aquifer, the tunnel owns this level (regions 2)
F16 tunnel: steering coal_ore @ 4.1b (axis z+, cross 0.5, floor lock)
t-340s alive=19/19 mined=1192 map=798p/14ch banked=0 smelted=0 pocket=1263u/224s | sand=4 gravel=4 dirt=191 stone=0
   deficits: 157926/4 (0.0%) 149380/4 (0.0%) 31860/0 (0.0%) 27420/0 (0.0%) 10725/23 (0.2%)
   F1=60[cobblestone:20 dirt:20 oak_planks:6] | F2=113[cobblestone:45 raw_copper:31 dirt:15] | F3=65[dirt:22 cobblestone:21 stick:4] | F4=77[cobblestone:23 torch:20 coal:14] | F5=25[cobblestone:19 birch_log:5 dirt:4] | F6=68[dirt:23 granite:14 cobblestone:7] | F7=54[empty] | F8=55[dirt:5 oak_sapling:2 birch_sapling:1] | F9=30[cobblestone:51 stick:3 dirt:3] | F10=94[granite:35 cobblestone:27 dirt:25] | F11=75[cobblestone:42 raw_copper:14 andesite:14] | F12=57[dirt:24 oak_log:12 granite:7] | F13=38[dirt:17 oak_log:10 stick:6] | F14=59[cobblestone:37 coal:11 dirt:5] | F15=53[cobblestone:38 torch:11 oak_planks:7] | F16=40[torch:10 cobblestone:9 oak_planks:5] | F17=73[cobblestone:25 diorite:11 oak_log:7] | F18=62[coal:29 torch:11 cobblestone:8] | F19=94[cobblestone:75 dirt:9 stick:3]
   mem: heap=118M/155M old=-1M ext=135M ab=132M rss=400M cols=1976 ents=4259 evicted=952 path=6a/4q (max 6) stale=0
[hb] n=13 ts=261s rss=400M late=65ms mainLate=500ms
F1 [F1] climb rise assist: assist did not complete (goto: climb rise assist: timeout after 4500ms)
F14 tunnel: 2 blocks (branch mine at the floor, ore detour)
F1 [F1] climb diag: level at y=63 did not rise (food=20, dug=22) feet=air support=grass_block step=leaf_litter head=air
F2 [F2] craft torches: skip (no coal: sticks 3 coals 0)
F1 climb out (trip): OK +11 levels (10 steps, 23 dug, 30s)
F15 [F15] vein sweep: +3u walked from the drops (7 dug)
F15 [F15] vein sweep: 4 below-plane walk(s) still failed on the wide goal (range 2) - the drop rests deeper than the lip
F15 vein sweep: 7 ores dug beside the gallery (ore detour)
F15 [F15] craft torches: 1 batch(es) -> 4 torches (sticks 4 coals 1)
F18 map trip skipped: sand,gravel unreachable
F17 [F17] vein sweep: +5u walked from the drops (24 dug)
F17 [F17] vein sweep: 1 below-plane walk(s) still failed on the wide goal (range 2) - the drop rests deeper than the lip
F17 vein sweep: 24 ores dug beside the gallery (floor lock)
F4 [F4] vein sweep: the drop walk to [-117,53,443] failed - sweep drops: timeout after 4000ms (dy 0.0, range 1)
F15 [F15] digShaft: water hazard 3.7b away (live 12) - refusing this column, the caller rotates
F15 tunnel: steering coal_ore @ 5.4b (axis x--1, cross 1.3000000000000114, floor lock)
F5 [F5] craft torches: skip (no coal: sticks 3 coals 0)
F13 tunnel: 0 blocks (branch mine at the floor, steered, floor lock)
F1 map trip skipped: sand,gravel unreachable
F18 tool upgrade due: cobble available -> stone_pickaxe
F13 [F13] craft torches: skip (no coal: sticks 6 coals 0)
F13 [F13] digShaft: water table y=51 (region strike) - stopping above the aquifer, the tunnel owns this level (regions 2)
F13 tunnel: steering coal_ore @ 11.7b (axis x+, cross 3.339444717754077, ore detour)
F2 [F2] digShaft: water table y=51 (region strike) - stopping above the aquifer, the tunnel owns this level (regions 2)
F2 map trip: coal_ore
F9 wood trip: gathered (sticks 3 planks 1 logs 0)
F17 [F17] climb bridge: unavailable (no solid floor underfoot)
F17 [F17] climb diag: level at y=41 blocked toward 0,-1 (dug=3)
F16 tunnel: 4 blocks (branch mine at the floor, steered, floor lock)
F10 tunnel: 12 blocks (branch mine at the floor, steered, ore detour)
F1 sword due: cobble available
F1 sword: no table reachable or placeable
F1 sword: failed (no table)
F1 [F1] craft torches: skip (no coal: sticks 4 coals 0)
F17 [F17] climb bridge: unavailable (no solid floor underfoot)
F17 [F17] climb diag: level at y=41 blocked toward 1,0 (dug=4)
F2 [F2] craft torches: skip (no coal: sticks 3 coals 0)
F2 [F2] digShaft: water table y=51 (region strike) - stopping above the aquifer, the tunnel owns this level (regions 2)
F2 bank trip: planned budget 166s
F19 [F19] climb diag: level at y=69 blocked toward 0,1 (dug=54)
F4 [F4] vein sweep: +13u walked from the drops (11 dug)
F4 vein sweep: 11 ores dug beside the gallery (floor lock)
F9 [F9] climb bridge: placed cobblestone at [-99,52,387] (support) - the step re-judges
F10 [F10] vein sweep: 1 drop(s) in reach (2 dug)
F17 [F17] climb bridge: unavailable (no solid floor underfoot)
F17 [F17] climb diag: level at y=41 blocked toward 0,1 (dug=5)
F5 retry #1 in 6.4s (Timeout waiting for 4 ticks after 5200ms)
F10 [F10] vein sweep: +1u walked from the drops (2 dug)
F10 vein sweep: 2 ores dug beside the gallery (ore detour)
F19 [F19] climb bridge: placed cobblestone at [-99,68,408] (support) - the step re-judges
F16 [F16] vein sweep: 4 drop(s) in reach (3 dug)
F2 [F2] climb bridge: placed cobblestone at [-109,53,434] (support) - the step re-judges
F19 [F19] climb bridge: placed cobblestone at [-99,68,409] (support) - the step re-judges
F9 [F9] climb diag: level at y=53 blocked toward -1,0 (dug=4)
F17 climb out (trip): OK +2 levels (2 steps, 7 dug, 10s)
t-325s alive=19/19 mined=1291 map=884p/16ch banked=0 smelted=0 pocket=1396u/228s | sand=8 gravel=4 dirt=214 stone=0
   deficits: 157926/8 (0.0%) 149380/4 (0.0%) 31860/0 (0.0%) 27420/0 (0.0%) 10725/23 (0.2%)
   F1=69[dirt:27 cobblestone:21 leaf_litter:11] | F2=124[cobblestone:50 raw_copper:31 granite:18] | F3=68[dirt:24 cobblestone:21 stick:4] | F4=80[cobblestone:29 torch:20 coal:19] | F5=25[cobblestone:19 birch_log:5 dirt:4] | F6=77[dirt:26 leaf_litter:15 granite:14] | F7=54[empty] | F8=55[dirt:5 oak_sapling:2 birch_sapling:1] | F9=34[cobblestone:55 stick:3 dirt:3] | F10=104[granite:35 cobblestone:30 dirt:25] | F11=86[cobblestone:47 raw_copper:26 andesite:14] | F12=57[dirt:25 oak_log:12 granite:7] | F13=44[dirt:17 cobblestone:11 oak_log:10] | F14=70[cobblestone:37 coal:11 dirt:5] | F15=56[cobblestone:41 torch:15 oak_planks:7] | F16=47[cobblestone:13 torch:10 oak_planks:5] | F17=80[cobblestone:31 diorite:11 oak_log:7] | F18=62[coal:30 torch:11 cobblestone:8] | F19=99[cobblestone:73 dirt:14 leaf_litter:11]
   mem: heap=121M/158M old=-1M ext=136M ab=133M rss=402M cols=1975 ents=4355 evicted=998 path=4a/0q (max 6) stale=0
F18 [toolupgrade] [upgrade] upgraded: stone_pickaxe,wooden_shovel,wooden_pickaxe,wooden_pickaxe
F18 tool upgrade: OK -> stone_pickaxe (stone_pickaxe,wooden_shovel,wooden_pickaxe,wooden_pickaxe)
F18 [F18] craft torches: 2 batch(es) -> 8 torches (sticks 4 coals 30)
F19 [F19] climb diag: level at y=70 blocked toward -1,0 (dug=56)
F1 [F1] digShaft: water table y=51 (region strike) - stopping above the aquifer, the tunnel owns this level (regions 2)
F1 tunnel: steering coal_ore @ 11.2b (axis x+, cross 1.4998343447643379, ore detour)
F12 wood trip: plank rung: converted 1->8 same-type planks (need 8, from oak_log)
F16 [F16] vein sweep: the drop walk to [-101,55,391] failed - sweep drops: timeout after 4000ms (dy 2.0, range 2)
[hb] n=14 ts=281s rss=405M late=70ms mainLate=341ms
F11 [F11] climb wet escape: 9 blocks walked (budget, walked 1/4)
F5 [F5] craft torches: skip (no coal: sticks 3 coals 0)
F16 [F16] vein sweep: the drop walk to [-100,55,392] failed - sweep drops: timeout after 4000ms (dy 1.7, range 2)
F13 tunnel: 12 blocks (branch mine at the floor, steered, ore detour)
F13 [F13] craft torches: skip (no coal: sticks 6 coals 0)
F13 [F13] digShaft: water table y=51 (region strike) - stopping above the aquifer, the tunnel owns this level (regions 2)
F13 tunnel: steering coal_ore @ 8.3b (axis z+, cross 3.299999999999997, floor lock)
F9 [F9] climb bridge: placed cobblestone at [-100,53,385] (pit) - the step re-judges
F14 [F14] vein sweep: 8 drop(s) in reach (19 dug)
F9 [F9] climb bridge: placed cobblestone at [-100,54,385] (support) - the step re-judges
F18 tunnel: steering copper_ore @ 14.6b (axis z+, cross 2.674162877149385, ore detour)
F9 climb out (trip): OK +3 levels (3 steps, 9 dug, 16s)
F12 wood trip: gathered (sticks 0 planks 13 logs 9)
F5 [F5] water: frozen-return gate holds the page (10s left) - the fresh client walks the hazard-ledgered column out
F14 [F14] vein sweep: the drop walk to [-120,44,389] failed - sweep drops: timeout after 4000ms (dy 1.0, range 2)
t-310s alive=19/19 mined=1400 map=900p/16ch banked=0 smelted=0 pocket=1518u/235s | sand=14 gravel=5 dirt=215 stone=0
   deficits: 157926/14 (0.0%) 149380/5 (0.0%) 31860/0 (0.0%) 27420/0 (0.0%) 10725/25 (0.2%)
   F1=81[cobblestone:34 dirt:27 leaf_litter:11] | F2=135[cobblestone:58 raw_copper:31 granite:21] | F3=68[cobblestone:21 dirt:21 stick:4] | F4=92[cobblestone:41 torch:20 coal:19] | F5=25[cobblestone:19 birch_log:5 dirt:4] | F6=85[dirt:30 leaf_litter:16 granite:14] | F7=54[empty] | F8=55[dirt:5 oak_sapling:2 birch_sapling:1] | F9=39[cobblestone:59 stick:3 dirt:3] | F10=104[granite:40 cobblestone:30 dirt:25] | F11=97[cobblestone:58 raw_copper:26 andesite:14] | F12=57[dirt:25 oak_planks:12 oak_log:9] | F13=54[cobblestone:21 dirt:17 oak_log:10] | F14=78[cobblestone:40 coal:16 dirt:5] | F15=66[cobblestone:49 torch:15 oak_planks:7] | F16=47[cobblestone:14 torch:10 oak_planks:5] | F17=86[cobblestone:36 diorite:11 oak_log:7] | F18=73[coal:28 torch:18 cobblestone:16] | F19=104[cobblestone:72 dirt:14 leaf_litter:11]
   mem: heap=117M/162M old=-1M ext=140M ab=138M rss=408M cols=1954 ents=4594 evicted=1036 path=6a/0q (max 6) stale=0
F15 tunnel: 13 blocks (branch mine at the floor, steered, floor lock)
F16 [F16] vein sweep: +2u walked from the drops (3 dug)
F16 [F16] vein sweep: 4 below-plane walk(s) still failed on the wide goal (range 2) - the drop rests deeper than the lip
F16 vein sweep: 3 ores dug beside the gallery (floor lock)
F13 tunnel: 4 blocks (branch mine at the floor, steered, floor lock)
F12 [F12] climb bridge: unavailable (no solid floor underfoot)
F12 [F12] climb diag: level at y=58 blocked toward -1,0 (dug=1)
F18 tunnel: 2 blocks (branch mine at the floor, steered, ore detour)
F5 [F5] digShaft: water hazard 0.8b away (live 12) - refusing this column, the caller rotates
F5 tunnel: steering coal_ore @ 4.9b (axis x+, cross 1.6999999999999886, ore detour)
F5 tunnel: 0 blocks (branch mine at the floor, steered, ore detour)
F5 [F5] vein sweep: refused a cell - drop of 5 below the cell (cave?) - the ore waits for a safe angle
F5 [F5] vein sweep: refused a cell - drop of 5 below the cell (cave?) - the ore waits for a safe angle
F5 [F5] craft torches: skip (no coal: sticks 3 coals 0)
F14 [F14] vein sweep: +17u walked from the drops (19 dug)
F14 [F14] vein sweep: 1 below-plane walk(s) still failed on the wide goal (range 2) - the drop rests deeper than the lip
F14 [F14] vein sweep: 2 deep drop(s) skipped (dy < -2 - the lip sphere cannot reach, the walk was a guaranteed spiral)
F14 vein sweep: 19 ores dug beside the gallery (ore detour)
F14 bank trip: planned budget 168s
F14 climb out (bank): the yard stands 29 levels up over 16b lateral - the climb raises its target to the yard's level
F1 tunnel: 12 blocks (branch mine at the floor, steered, ore detour)
F5 [F5] water: drowning rescue start (drowning, oxygen 4)
F5 [F5] water: pass 0 head=wet shore=none land=n/a y=44.6 o2=4 probes=0 at=[-132,45,397]
F15 [F15] vein sweep: 4 drop(s) in reach (5 dug)
F17 [F17] water: drowning rescue start (drowning, oxygen 20)
F17 [F17] water: pass 0 head=wet shore=none land=n/a y=41.2 o2=20 probes=0 at=[-102,41,382]
F5 [F5] water: pass 4 head=dry shore=hit r=1 land=none y=49.2 o2=2 probes=0 at=[-132,49,397]
F10 [F10] craft torches: skip (no coal: sticks 3 coals 0)
F10 [F10] digShaft: water table y=51 (region strike) - stopping above the aquifer, the tunnel owns this level (regions 2)
F10 tunnel: steering copper_ore @ 7.5b (axis x+, cross 3.307641649721859, ore detour)
F13 sword due: cobble available
F13 sword: no table reachable or placeable
F13 sword: failed (no table)
F13 [F13] craft torches: skip (no coal: sticks 6 coals 0)
F13 [F13] digShaft: water table y=51 (region strike) - stopping above the aquifer, the tunnel owns this level (regions 2)
F13 tunnel: steering iron_ore @ 6.9b (axis x--1, cross 1.5, ore detour)
F18 [F18] vein sweep: 5 drop(s) in reach (3 dug)
F17 [F17] water: deep-pocket ascend - dug the ceiling stone at [-103,43,380] (jump stalled 4+ passes, o2 20)
[hb] n=15 ts=301s rss=414M late=75ms mainLate=780ms
F17 [F17] water: pass 5 head=wet shore=none land=n/a y=41.2 o2=20 probes=0 at=[-103,41,381]
F11 [F11] water: drowning rescue start (drowning, oxygen 11)
F11 [F11] water: pass 0 head=wet shore=none land=n/a y=56.0 o2=11 probes=0 at=[-108,56,366]
F17 [F17] water: deep-pocket ascend - dug the ceiling stone at [-103,43,381] (jump stalled 4+ passes, o2 20)
F5 [F5] water: pass 6 head=dry shore=hit r=1 land=none y=49.2 o2=13 probes=0 at=[-132,49,397]
F9 [F9] water: drowning rescue start (drowning, oxygen 13)
F9 [F9] water: pass 0 head=wet shore=none land=n/a y=41.0 o2=13 probes=0 at=[-102,41,386]
F17 [F17] water: pass 9 head=wet shore=none land=n/a y=41.4 o2=20 probes=0 at=[-103,41,382]
F6 map trip: sand
F5 [F5] water: pass 10 head=dry shore=hit r=1 land=none y=49.2 o2=20 probes=0 at=[-132,49,397]
F11 [F11] water: pass 5 head=wet shore=none land=n/a y=59.8 o2=8 probes=0 at=[-108,60,366]
F14 [F14] climb rise assist: assist did not complete (goto: climb rise assist: timeout after 4500ms)
F15 [F15] vein sweep: the drop walk to [-119,54,386] failed - sweep drops: timeout after 4000ms (dy 1.0, range 2)
F15 [F15] vein sweep: +19u walked from the drops (5 dug)
F15 [F15] vein sweep: 1 below-plane walk(s) still failed on the wide goal (range 2) - the drop rests deeper than the lip
F15 vein sweep: 5 ores dug beside the gallery (floor lock)
F15 bank trip: planned budget 161s
F16 [F16] water: drowning rescue start (drowning, oxygen 13)
F16 [F16] water: pass 0 head=wet shore=none land=n/a y=41.0 o2=13 probes=0 at=[-102,41,386]
F18 [F18] vein sweep: the drop walk to [-116,46,409] failed - sweep drops: timeout after 4000ms (dy 3.0, range 2)
F5 [F5] water: frozen physics (10 flat passes at y=49.2, o2=20) - standing down, the reconnect lane owns this
F5 [F5] water: rescue standing down (frozen physics - the walk gate reopens, the reconnect lane owns a dead client) in 7.2s
F5 [F5] water: hazard memorized at [-132,49,396] (7 live, fleet-wide)
F14 [F14] climb run-up: gallery opened toward 0,-1 (digs 1) - the rise re-judges from the L-mouth
F14 [F14] climb diag: level at y=43 did not rise (food=20, dug=1) feet=stone support=air step=air head=air
F6 tool upgrade due: cobble available -> stone_pickaxe
F6 [toolupgrade] [upgrade] craft stick: no craftable recipe variant (ingredients missing?)
F17 [F17] water: frozen physics (10 flat passes at y=41.4, o2=20, head WET) - standing down, the reconnect lane owns this
F17 [F17] water: rescue standing down (frozen physics - the walk gate reopens, the reconnect lane owns a dead client) in 6.5s
F17 [F17] water: frozen client relog (#1 consecutive) (frozen while head-wet (1 verdict) - the drowning clock owns this client) - ending the session, the reconnect lane rebuilds the physics; the drowning sentry holds non-critical pages 10s (the frozen-return gate)
F17 [F17] water: hazard memorized at [-103,41,381] (8 live, fleet-wide)
F5 [F5] digShaft: water hazard 0.8b away (live 8) - refusing this column, the caller rotates
F5 tunnel: steering copper_ore @ 6.6b (axis z+, cross 0.30000000000001137, floor lock)
F5 [F5] water: drowning rescue start (drowning, oxygen 20)
F5 [F5] water: pass 0 head=wet shore=none land=n/a y=49.0 o2=20 probes=0 at=[-132,49,397]
F17 [F17] water: frozen-return gate holds the page (10s left) - the fresh client walks the hazard-ledgered column out
F9 [F9] water: pass 5 head=wet shore=none land=n/a y=42.9 o2=16 probes=0 at=[-102,43,385]
F9 [F9] water: transit toward known land (birch_log) at [-99,388] d=4
t-294s alive=19/19 mined=1483 map=909p/16ch banked=0 smelted=0 pocket=1667u/238s | sand=22 gravel=6 dirt=251 stone=0
   deficits: 157926/22 (0.0%) 149380/6 (0.0%) 31860/0 (0.0%) 27420/0 (0.0%) 10725/30 (0.3%)
   F1=85[cobblestone:42 dirt:27 leaf_litter:11] | F2=149[cobblestone:64 raw_copper:31 dirt:25] | F3=68[cobblestone:21 dirt:21 stick:4] | F4=104[cobblestone:42 torch:20 coal:19] | F5=25[cobblestone:19 birch_log:5 dirt:4] | F6=92[dirt:31 leaf_litter:16 granite:14] | F7=54[empty] | F8=55[dirt:8 oak_sapling:2 birch_sapling:1] | F9=39[cobblestone:64 stick:3 dirt:3] | F10=110[granite:55 cobblestone:31 dirt:25] | F11=100[cobblestone:61 raw_copper:26 andesite:14] | F12=72[dirt:39 oak_planks:12 oak_log:9] | F13=60[cobblestone:31 dirt:17 oak_log:10] | F14=79[cobblestone:43 coal:22 dirt:5] | F15=73[cobblestone:53 raw_copper:27 torch:15] | F16=47[cobblestone:16 torch:10 oak_planks:5] | F17=86[cobblestone:36 diorite:11 oak_log:7] | F18=76[coal:28 cobblestone:18 torch:18] | F19=109[cobblestone:71 dirt:14 leaf_litter:11]
   mem: heap=131M/163M old=-1M ext=140M ab=138M rss=413M cols=1956 ents=4448 evicted=1070 path=4a/0q (max 6) stale=0
F16 [F16] water: pass 5 head=wet shore=none land=n/a y=42.8 o2=17 probes=0 at=[-102,43,385]
F11 [F11] water: pass 9 head=dry shore=hit r=1 land=none y=63.3 o2=18 probes=0 at=[-108,63,366]
F16 [F16] water: transit toward known land (oak_log) at [-100,384] d=2
F6 [toolupgrade] [upgrade] upgraded: stone_pickaxe,wooden_shovel,wooden_pickaxe,wooden_pickaxe
F6 tool upgrade: OK -> stone_pickaxe (stone_pickaxe,wooden_shovel,wooden_pickaxe,wooden_pickaxe)
F6 [F6] craft torches: stick-dry with logs held - one plank conversion first
F5 [F5] water: pass 4 head=dry shore=hit r=1 land=none y=49.2 o2=20 probes=0 at=[-132,49,397]
F9 [F9] water: pass 9 head=dry shore=hit r=6 land=none y=43.5 o2=20 probes=0 at=[-102,43,385]
F16 [F16] water: pass 7 head=wet shore=none land=n/a y=41.0 o2=19 probes=0 at=[-102,41,386]
F18 [F18] vein sweep: the drop walk to [-119,42,405] failed - sweep drops: timeout after 4000ms (dy -1.5, range 2)
F11 [F11] water: pass 11 head=dry shore=hit r=2 land=none y=64.3 o2=20 probes=0 at=[-107,64,367]
F1 [F1] craft torches: skip (no coal: sticks 4 coals 0)
F5 [F5] water: pass 8 head=dry shore=hit r=2 land=none y=49.2 o2=20 probes=0 at=[-132,49,397]
F1 [F1] digShaft: water table y=51 (region strike) - stopping above the aquifer, the tunnel owns this level (regions 2)
F1 bank trip: planned budget 174s
F1 bank: holding 45s of 174s for the smelt leg
F6 [F6] craft torches: stick-dry but 9 planks held - one stick batch first
F5 [F5] water: rescue standing down (frozen physics - the walk gate reopens, the reconnect lane owns a dead client) in 5.6s
F5 [F5] water: hazard memorized at [-132,49,396] (8 live, fleet-wide)
F19 climb out (trip): failed - timeout
F19 map trip skipped: cannot leave the shaft
F11 [F11] water: rescue complete in 9.7s
F11 [F11] water: hazard memorized at [-109,62,365] (9 live, fleet-wide)
F16 [F16] water: pass 10 head=wet shore=none land=n/a y=42.0 o2=20 probes=0 at=[-101,42,386]
F6 [F6] craft torches: skip (no coal: sticks 5 coals 0)
F9 [F9] water: pass 12 head=wet shore=none land=n/a y=41.5 o2=20 probes=0 at=[-102,42,385]
F12 climb out (trip): OK +10 levels (9 steps, 15 dug, 21s)
F10 tunnel: 12 blocks (branch mine at the floor, steered, ore detour)
F9 [F9] water: pass 16 head=wet shore=none land=n/a y=42.7 o2=20 probes=0 at=[-101,43,385]
F13 tunnel: 12 blocks (branch mine at the floor, steered, ore detour)
F18 [F18] vein sweep: +3u walked from the drops (3 dug)
F18 [F18] vein sweep: 5 below-plane walk(s) still failed on the wide goal (range 2) - the drop rests deeper than the lip
F18 vein sweep: 3 ores dug beside the gallery (ore detour)
F18 bank trip: planned budget 169s
F18 climb out (bank): the yard stands 30 levels up over 15b lateral - the climb raises its target to the yard's level
F18 [F18] climb bridge: unavailable (no solid floor underfoot)
F18 [F18] climb diag: level at y=43 blocked toward 1,0 (dug=0)
F10 [F10] vein sweep: 1 drop(s) in reach (1 dug)
F14 [F14] climb wet escape: 2 blocks walked (budget, walked 1/4)
F16 [F16] water: pass 14 head=wet shore=none land=n/a y=41.2 o2=19 probes=0 at=[-102,41,385]
F9 [F9] water: transit toward known land (oak_log) at [-100,384] d=2
F13 [F13] vein sweep: 7 drop(s) in reach (1 dug)
F4 [F4] climb bridge: placed cobblestone at [-120,64,454] (support) - the step re-judges
F13 [F13] vein sweep: the drop walk to [-120,52,427] failed - doomed goal (ledgered 24s ago at [-121,52,427]) - sweep drops refused (dy -1.0, range 2)
F13 [F13] vein sweep: the drop walk to [-120,52,428] failed - doomed goal (ledgered 25s ago at [-120,52,428]) - sweep drops refused (dy -1.0, range 2)
F19 [F19] craft torches: skip (no coal: sticks 3 coals 0)
F9 [F9] water: pass 21 head=wet shore=none land=n/a y=42.8 o2=19 probes=0 at=[-102,43,385]
F2 [F2] climb diag: level at y=67 blocked toward 1,0 (dug=31)
F9 [F9] water: transit toward known land (oak_log) at [-100,384] d=2
F10 [F10] vein sweep: the drop walks picked nothing (pocket delta 0, 0 failed walk(s))
F10 vein sweep: 1 ores dug beside the gallery (ore detour)
F10 bank trip: planned budget 174s
F10 bank: smelt hold skipped - no fuel in pocket (coal 0)
F10 [F10] chest skip (vertical doom: the yard stands 21 levels up over 20b lateral - the walk ladder cannot climb)
F10 [F10] chest skip (vertical doom: the yard stands 21 levels up over 20b lateral - the walk ladder cannot climb)
F10 [F10] chest skip (vertical doom: the yard stands 21 levels up over 20b lateral - the walk ladder cannot climb)
F10 [F10] chest skip (vertical doom: the yard stands 21 levels up over 21b lateral - the walk ladder cannot climb)
F10 [F10] chest skip (vertical doom: the yard stands 21 levels up over 21b lateral - the walk ladder cannot climb)
F4 [F4] climb diag: level at y=65 blocked toward 0,1 (dug=33)
F16 [F16] water: deep-pocket ascend - dug the ceiling water at [-102,43,385] (jump stalled 4+ passes, o2 17)
F14 [F14] climb wet escape: 2 blocks walked (budget, walked 2/4)
F6 [F6] digShaft: water table y=51 (region strike) - stopping above the aquifer, the tunnel owns this level (regions 2)
F6 tunnel: steering coal_ore @ 10.1b (axis x+, cross 0.5757491776402048, ore detour)
F16 [F16] water: pass 20 head=wet shore=none land=n/a y=41.5 o2=16 probes=0 at=[-102,41,385]
F4 [F4] climb diag: level at y=65 blocked toward -1,0 (dug=34)
F2 [F2] climb bridge: placed cobblestone at [-96,66,435] (support) - the step re-judges
F17 map trip: gravel
F16 [F16] water: frozen physics (10 flat passes at y=41.5, o2=16, head WET) - standing down, the reconnect lane owns this
F16 [F16] water: rescue standing down (frozen physics - the walk gate reopens, the reconnect lane owns a dead client) in 13.3s
F16 [F16] water: frozen client relog (#1 consecutive) (frozen while head-wet (1 verdict) - the drowning clock owns this client) - ending the session, the reconnect lane rebuilds the physics; the drowning sentry holds non-critical pages 10s (the frozen-return gate)
F16 [F16] water: hazard memorized at [-102,41,385] (10 live, fleet-wide)
F5 [F5] water: drowning rescue start (drowning, oxygen 16)
F5 [F5] water: pass 0 head=wet shore=none land=n/a y=46.0 o2=16 probes=0 at=[-132,46,397]
F16 [F16] water: frozen-return gate holds the page (10s left) - the fresh client walks the hazard-ledgered column out
F4 [F4] climb diag: level at y=65 blocked toward 0,-1 (dug=35)
F2 [F2] climb bridge: placed cobblestone at [-95,66,435] (support) - the step re-judges
F3 map trip: sand
F14 [F14] climb wet escape: 2 blocks walked (budget, walked 3/4)
F9 [F9] water: transit toward known land (oak_log) at [-100,384] d=2
F3 sword due: cobble available
F3 sword: no table reachable or placeable
F3 sword: failed (no table)
F3 [F3] craft torches: skip (no coal: sticks 4 coals 0)
F9 [F9] water: pass 30 head=wet shore=none land=n/a y=41.2 o2=20 probes=0 at=[-101,41,386]
F14 [F14] climb wet escape: 2 blocks walked (budget, walked 4/4)
F9 [F9] water: transit toward known land (oak_log) at [-100,384] d=2
F9 [F9] water: transit stalled (d=2 after 15 passes - the walls own this swim; the release takes over)
F9 [F9] water: transit toward known land (oak_log) at [-100,384] d=2
F9 [F9] water: rescue released (surface-safe, open water - no land known; the walk gate reopens) in 15.5s
F9 [F9] water: hazard memorized at [-102,42,385] (11 live, fleet-wide)
F2 [F2] climb bridge: placed cobblestone at [-95,66,436] (pit) - the step re-judges
F2 [F2] climb bridge: placed cobblestone at [-95,67,436] (support) - the step re-judges
F9 [F9] water: surface re-arm holds the page (12s left) - the open-water float owns the pacing; a sinking bar still pages
F5 [F5] water: pass 13 head=dry shore=hit r=2 land=none y=49.2 o2=20 probes=0 at=[-131,49,397]
F14 [F14] climb wet escape: 2 blocks walked (budget, walked 5/4)
F5 [F5] water: frozen physics (10 flat passes at y=49.2, o2=20) - standing down, the reconnect lane owns this
F5 [F5] water: rescue standing down (frozen physics - the walk gate reopens, the reconnect lane owns a dead client) in 2.5s
F5 [F5] water: frozen client relog (#4 consecutive) (3 consecutive frozen verdicts) - ending the session, the reconnect lane rebuilds the physics; the drowning sentry holds non-critical pages 60s (the frozen-return gate)
F5 [F5] water: hazard memorized at [-132,49,396] (12 live, fleet-wide)
F13 [F13] vein sweep: +2u walked from the drops (1 dug)
F13 [F13] vein sweep: 6 below-plane walk(s) still failed on the wide goal (range 2) - the drop rests deeper than the lip
F13 [F13] vein sweep: 1 deep drop(s) skipped (dy < -2 - the lip sphere cannot reach, the walk was a guaranteed spiral)
F13 vein sweep: 1 ores dug beside the gallery (ore detour)
F13 bank trip: planned budget 165s
F14 [F14] climb wet escape: 2 blocks walked (budget, walked 6/4)
[hb] n=16 ts=321s rss=414M late=79ms mainLate=1073ms
F2 climb out (bank): OK +18 levels (17 steps, 39 dug, 50s)
F2 bank: smelt hold skipped - no fuel in pocket (coal 1)
t-279s alive=19/19 mined=1577 map=910p/16ch banked=0 smelted=0 pocket=1769u/244s | sand=24 gravel=7 dirt=272 stone=0
   deficits: 157926/24 (0.0%) 149380/7 (0.0%) 31860/0 (0.0%) 27420/0 (0.0%) 10725/34 (0.3%)
   F1=86[cobblestone:43 dirt:27 leaf_litter:11] | F2=161[cobblestone:60 raw_copper:31 dirt:30] | F3=76[dirt:25 cobblestone:22 stick:4] | F4=113[cobblestone:41 torch:20 coal:19] | F5=25[cobblestone:19 birch_log:5 dirt:4] | F6=108[dirt:36 granite:20 leaf_litter:18] | F7=54[empty] | F8=55[dirt:8 oak_sapling:2 birch_sapling:1] | F9=39[cobblestone:64 stick:3 dirt:3] | F10=117[granite:60 cobblestone:33 dirt:25] | F11=100[cobblestone:61 raw_copper:26 andesite:14] | F12=73[dirt:40 oak_planks:12 oak_log:9] | F13=67[cobblestone:40 dirt:17 oak_log:10] | F14=84[cobblestone:43 coal:23 dirt:5] | F15=90[cobblestone:67 raw_copper:27 torch:15] | F16=47[cobblestone:17 torch:10 oak_planks:5] | F17=86[cobblestone:36 diorite:11 oak_log:7] | F18=78[coal:28 cobblestone:23 torch:18] | F19=118[cobblestone:76 dirt:17 leaf_litter:15]
   mem: heap=124M/164M old=-1M ext=141M ab=139M rss=414M cols=1975 ents=4404 evicted=1103 path=4a/0q (max 6) stale=1
F14 [F14] climb wet escape: 2 blocks walked (budget, walked 7/4)
F18 [F18] climb rise assist: assist did not complete (goto: climb rise assist: timeout after 4500ms)
F6 tunnel: 8 blocks (branch mine at the floor, steered, ore detour)
F3 [F3] digShaft: water strike at y=53 -> water table (regions 2); fluid below (-130, 54, 409) - moving sideways
F14 [F14] climb wet escape: 2 blocks walked (budget, walked 8/4)
F18 [F18] climb run-up: gallery opened toward 0,1 (digs 1) - the rise re-judges from the L-mouth
F18 [F18] climb diag: level at y=42 did not rise (food=20, dug=3) feet=stone support=stone step=air head=air
F19 [F19] digShaft: water table y=51 (region strike) - stopping above the aquifer, the tunnel owns this level (regions 2)
F19 bank trip: planned budget 165s
F14 [F14] climb wet escape: 2 blocks walked (budget, walked 9/4)
F14 [F14] climb wet escape: 2 blocks walked (budget, walked 10/4)
F13 [F13] climb rise assist: assist did not complete (goto: climb rise assist: timeout after 4500ms)
F14 [F14] climb wet escape: 2 blocks walked (budget, walked 11/4)
F11 [F11] climb diag: level at y=56 blocked toward 1,0 (dug=63) dig failed at [-108,57,365] sand (held=wooden_shovel, grounded, post=sand STILL THERE (server never broke it))
F13 [F13] climb diag: level at y=53 did not rise (food=20, dug=1) feet=air support=air step=stone head=air
F11 climb out (trip): failed - timeout (traversed 9)
F11 map trip skipped: cannot leave the shaft
F4 climb out (trip): OK +16 levels (15 steps, 42 dug, 55s)
F14 [F14] climb wet escape: 2 blocks walked (budget, walked 12/4)
F6 [F6] water: drowning rescue start (drowning, oxygen 13)
F6 [F6] water: pass 0 head=wet shore=none land=n/a y=48.0 o2=13 probes=0 at=[-139,48,415]
F13 [F13] climb bridge: placed cobblestone at [-118,53,426] (support) - the step re-judges
F11 [F11] craft torches: skip (no coal: sticks 5 coals 0)
F14 [F14] climb wet escape: 2 blocks walked (budget, walked 13/4)
F3 [F3] water: drowning rescue start (drowning, oxygen 12)
F3 [F3] water: pass 0 head=wet shore=none land=n/a y=50.4 o2=12 probes=0 at=[-130,50,408]
F15 [F15] water: drowning rescue start (drowning, oxygen 20)
F15 [F15] water: pass 0 head=wet shore=none land=n/a y=55.0 o2=20 probes=0 at=[-115,55,384]
F6 [F6] water: pass 5 head=dry shore=hit r=1 land=none y=53.1 o2=20 probes=0 at=[-139,53,415]
F3 tunnel: steering coal_ore @ 2.6b (axis x--1, cross 0.47766281770958585, ore detour)
F3 tunnel: 0 blocks (branch mine at the floor, steered, ore detour)
F15 [F15] water: transit toward known land (oak_log) at [-117,380] d=5
F15 [F15] water: transit toward known land (oak_log) at [-117,380] d=5
F13 [F13] climb bridge: placed cobblestone at [-117,53,426] (pit) - the step re-judges
F14 [F14] climb wet escape: 2 blocks walked (budget, walked 14/4)
F15 [F15] water: transit toward known land (oak_log) at [-117,380] d=5
F13 [F13] climb bridge: placed cobblestone at [-117,54,426] (support) - the step re-judges
F6 [F6] water: rescue complete in 3.4s
F6 [F6] water: hazard memorized at [-139,52,414] (12 live, fleet-wide)
F15 [F15] water: transit toward known land (oak_log) at [-117,380] d=5
F9 [F9] water: drowning rescue start (drowning, oxygen 4)
F9 [F9] water: pass 0 head=wet shore=none land=n/a y=41.0 o2=4 probes=0 at=[-102,41,386]
F15 [F15] water: transit toward known land (oak_log) at [-117,380] d=4
F15 [F15] water: pass 5 head=dry shore=none land=oak_log d=4 y=55.2 o2=20 probes=0 at=[-116,55,384]
F3 [F3] water: deep-pocket ascend - dug the ceiling stone at [-130,52,407] (jump stalled 4+ passes, o2 11)
F15 [F15] water: transit toward known land (oak_log) at [-117,380] d=4
F14 [F14] climb wet escape: 2 blocks walked (budget, walked 15/4)
F3 [F3] water: pass 6 head=wet shore=none land=n/a y=50.3 o2=9 probes=0 at=[-130,50,408]
F9 [F9] water: transit toward known land (oak_log) at [-100,384] d=2
F15 [F15] water: transit toward known land (oak_log) at [-117,380] d=4
F3 [F3] water: frozen physics (10 flat passes at y=50.2, o2=8, head WET) - standing down, the reconnect lane owns this
F3 [F3] water: rescue standing down (frozen physics - the walk gate reopens, the reconnect lane owns a dead client) in 3.3s
F3 [F3] water: frozen client relog (#1 consecutive) (frozen while head-wet (1 verdict) - the drowning clock owns this client) - ending the session, the reconnect lane rebuilds the physics; the drowning sentry holds non-critical pages 10s (the frozen-return gate)
F3 [F3] water: hazard memorized at [-130,50,407] (13 live, fleet-wide)
F15 [F15] water: transit toward known land (oak_log) at [-117,380] d=4
F1 [F1] approach: the stall side-step (right) moved the start (d now 24.5)
F15 [F15] water: pass 10 head=wet shore=none land=n/a y=55.2 o2=20 probes=0 at=[-116,55,384]
F9 [F9] water: pass 8 head=dry shore=hit r=6 land=none y=43.4 o2=10 probes=0 at=[-102,43,385]
F2 [F2] approach: 1 segment(s) walked in 12.2s, goal now d=7.3 (inside the direct envelope)
F14 [F14] climb wet escape: 2 blocks walked (budget, walked 16/4)
F11 [F11] water: drowning rescue start (drowning, oxygen 12)
F11 [F11] water: pass 0 head=wet shore=none land=n/a y=58.0 o2=12 probes=0 at=[-113,58,368]
F15 [F15] water: transit toward known land (oak_log) at [-117,380] d=4
F9 [F9] water: transit toward known land (oak_log) at [-100,384] d=2
F15 [F15] water: transit toward known land (oak_log) at [-117,380] d=4
F15 [F15] water: frozen physics (10 flat passes at y=55.2, o2=20, head WET) - standing down, the reconnect lane owns this
F15 [F15] water: rescue standing down (frozen physics - the walk gate reopens, the reconnect lane owns a dead client) in 5.2s
F15 [F15] water: frozen client relog (#1 consecutive) (frozen while head-wet (1 verdict) - the drowning clock owns this client) - ending the session, the reconnect lane rebuilds the physics; the drowning sentry holds non-critical pages 10s (the frozen-return gate)
F15 [F15] water: hazard memorized at [-116,55,383] (14 live, fleet-wide)
F9 [F9] water: transit toward known land (oak_log) at [-100,384] d=2
F14 [F14] climb wet escape: 2 blocks walked (budget, walked 17/4)
F9 [F9] water: pass 11 head=wet shore=none land=n/a y=42.2 o2=20 probes=0 at=[-102,42,385]
F11 [F11] water: pass 8 head=dry shore=hit r=2 land=none y=62.5 o2=11 probes=0 at=[-113,62,368]
t-264s alive=19/19 mined=1653 map=909p/16ch banked=0 smelted=0 pocket=1846u/248s | sand=29 gravel=7 dirt=279 stone=0
   deficits: 157926/29 (0.0%) 149380/7 (0.0%) 31860/0 (0.0%) 27420/0 (0.0%) 10725/34 (0.3%)
   F1=86[cobblestone:43 dirt:27 leaf_litter:11] | F2=161[cobblestone:60 raw_copper:31 dirt:30] | F3=78[cobblestone:26 dirt:25 stick:4] | F4=119[cobblestone:39 torch:20 coal:19] | F5=25[cobblestone:19 birch_log:5 dirt:4] | F6=111[dirt:36 granite:22 leaf_litter:18] | F7=54[empty] | F8=55[dirt:8 oak_sapling:2 birch_sapling:1] | F9=39[cobblestone:64 stick:3 dirt:3] | F10=117[granite:60 cobblestone:33 dirt:25] | F11=103[cobblestone:61 raw_copper:26 andesite:14] | F12=76[dirt:40 oak_planks:12 oak_log:9] | F13=80[cobblestone:48 dirt:17 oak_log:10] | F14=84[cobblestone:43 coal:23 dirt:5] | F15=93[cobblestone:67 raw_copper:27 torch:15] | F16=47[cobblestone:17 torch:10 oak_planks:5] | F17=86[cobblestone:36 diorite:11 oak_log:7] | F18=98[cobblestone:41 coal:28 torch:18] | F19=141[cobblestone:100 dirt:17 leaf_litter:15]
   mem: heap=124M/164M old=-1M ext=142M ab=140M rss=414M cols=1961 ents=4486 evicted=1161 path=3a/0q (max 6) stale=1
F14 [F14] climb wet escape: 2 blocks walked (budget, walked 18/4)
F5 tunnel: 0 blocks (branch mine at the floor, steered, floor lock)
F5 [F5] vein sweep: refused a cell - drop of 5 below the cell (cave?) - the ore waits for a safe angle
F11 tunnel: steering copper_ore @ 14.5b (axis z+, cross 2.076009094242181, ore detour)
F11 [F11] water: pass 11 head=dry shore=hit r=1 land=none y=63.5 o2=20 probes=0 at=[-112,63,369]
F17 [F17] craft torches: 1 batch(es) -> 4 torches (sticks 3 coals 2)
F9 [F9] water: pass 17 head=wet shore=none land=n/a y=42.6 o2=20 probes=0 at=[-102,43,386]
F14 [F14] climb wet escape: 2 blocks walked (budget, walked 19/4)
F16 map trip: gravel
F11 [F11] water: pass 14 head=dry shore=hit r=1 land=none y=63.8 o2=20 probes=0 at=[-110,64,372]
F14 [F14] climb wet escape: 2 blocks walked (budget, walked 20/4)
F9 [F9] water: pass 23 head=wet shore=none land=n/a y=42.2 o2=20 probes=0 at=[-102,42,387]
F11 tunnel: 1 blocks (branch mine at the floor, steered, ore detour)
F11 bank trip: planned budget 162s
F11 climb out (bank): failed - rescue owns the bot
F11 climb out (bank): no retry (no retry for 'rescue owns the bot')
[hb] n=17 ts=341s rss=417M late=84ms mainLate=603ms
F11 climb out (trip): failed - rescue owns the bot
F11 map trip skipped: cannot leave the shaft
F11 [F11] craft torches: skip (no coal: sticks 5 coals 0)
F11 tunnel: steering coal_ore @ 4.7b (axis z+, cross 1.2999999999999972, ore detour)
F9 [F9] water: deep-pocket ascend - dug the ceiling stone at [-102,44,386] (jump stalled 4+ passes, o2 20)
F6 [F6] vein sweep: 3 drop(s) in reach (2 dug)
F14 [F14] climb wet escape: 2 blocks walked (budget, walked 21/4)
F11 [F11] water: pass 17 head=dry shore=hit r=1 land=none y=64.4 o2=20 probes=0 at=[-107,64,375]
F9 [F9] water: pass 28 head=wet shore=none land=n/a y=42.2 o2=20 probes=0 at=[-102,42,387]
F15 [F15] climb diag: level at y=60 blocked toward 0,-1 (dug=22) dig failed at [-116,61,377] dirt (held=wooden_shovel, airborne, post=water STILL THERE (server never broke it))
F2 [F2] raw hop failed: raw walk: no net progress for 8081ms (best d=6.0) - pathfinder retry
F9 [F9] water: frozen physics (10 flat passes at y=42.3, o2=20, head WET) - standing down, the reconnect lane owns this
F9 [F9] water: rescue standing down (frozen physics - the walk gate reopens, the reconnect lane owns a dead client) in 12.1s
F9 [F9] water: frozen client relog (#1 consecutive) (frozen while head-wet (1 verdict) - the drowning clock owns this client) - ending the session, the reconnect lane rebuilds the physics; the drowning sentry holds non-critical pages 10s (the frozen-return gate)
F9 [F9] water: hazard memorized at [-102,42,386] (15 live, fleet-wide)
F14 [F14] climb wet escape: 2 blocks walked (budget, walked 22/4)
F11 [F11] water: pass 21 head=dry shore=hit r=1 land=none y=64.1 o2=20 probes=0 at=[-104,64,376]
F17 [F17] craft torch: variant#3 attempt0 failed: craft torch: timeout after 7000ms
F17 [F17] [tools] closing stale craft window (minecraft:inventory) - grid recovery
F11 tunnel: 2 blocks (branch mine at the floor, steered, ore detour)
F11 bank trip: pockets full budget 161s
F11 climb out (bank): failed - rescue owns the bot
F11 climb out (bank): no retry (no retry for 'rescue owns the bot')
F11 [F11] craft torches: skip (no coal: sticks 5 coals 0)
F11 tunnel: steering coal_ore @ 4.7b (axis x--1, cross 0.4182105719681317, floor lock)
F9 map trip: gravel
F11 tunnel: 0 blocks (branch mine at the floor, steered, floor lock)
F11 bank trip: pockets full budget 160s
F11 climb out (bank): failed - rescue owns the bot
F11 climb out (bank): no retry (no retry for 'rescue owns the bot')
F11 [F11] craft torches: skip (no coal: sticks 5 coals 0)
F11 tunnel: steering coal_ore @ 4.3b (axis z+, cross 0.29999999999999716, ore detour)
F11 tunnel: 0 blocks (branch mine at the floor, steered, ore detour)
F14 [F14] climb wet escape: 2 blocks walked (budget, walked 23/4)
F6 [F6] vein sweep: the drop walk to [-134,53,413] failed - sweep drops: timeout after 4000ms (dy -0.2, range 1)
F13 climb out (bank): OK +11 levels (10 steps, 29 dug, 27s)
F13 bank: holding 45s of 165s for the smelt leg
F11 [F11] water: pass 25 head=dry shore=hit r=1 land=none y=65.1 o2=20 probes=0 at=[-106,65,378]
F19 [F19] climb bridge: unavailable (no solid floor underfoot)
F19 [F19] climb diag: level at y=65 blocked toward 1,0 (dug=31)
F11 [F11] water: rescue complete in 15.6s
F11 [F11] water: hazard memorized at [-113,62,368] (16 live, fleet-wide)
F14 [F14] climb wet escape: 2 blocks walked (budget, walked 24/4)
F6 [F6] vein sweep: the drop walk to [-147,57,413] failed - sweep drops: timeout after 4000ms (dy 3.8, range 2)
F6 [F6] vein sweep: +1u walked from the drops (2 dug)
F6 [F6] vein sweep: 1 below-plane walk(s) still failed on the wide goal (range 2) - the drop rests deeper than the lip
F6 vein sweep: 2 ores dug beside the gallery (ore detour)
F6 bank trip: planned budget 160s
F14 [F14] climb wet escape: 2 blocks walked (budget, walked 25/4)
F1 [F1] approach: the stall side-step (left) moved the start (d now 25.5)
F1 [F1] approach: 10 segment(s) walked in 41.5s, goal now d=25.5 (still outside - the segment cap spent (10 walked, d=25.5))
t-249s alive=19/19 mined=1711 map=927p/16ch banked=0 smelted=0 pocket=1932u/250s | sand=33 gravel=9 dirt=305 stone=0
   deficits: 157926/33 (0.0%) 149380/9 (0.0%) 31860/0 (0.0%) 27420/0 (0.0%) 10725/34 (0.3%)
   F1=86[cobblestone:43 dirt:27 leaf_litter:11] | F2=161[cobblestone:60 raw_copper:31 dirt:30] | F3=78[cobblestone:26 dirt:25 stick:4] | F4=121[cobblestone:39 torch:20 dirt:19] | F5=25[cobblestone:19 birch_log:5 dirt:4] | F6=112[dirt:36 granite:22 leaf_litter:18] | F7=54[empty] | F8=55[dirt:8 oak_sapling:2 birch_sapling:1] | F9=39[cobblestone:64 stick:3 dirt:3] | F10=117[granite:61 cobblestone:33 dirt:25] | F11=109[cobblestone:61 raw_copper:26 andesite:14] | F12=76[dirt:39 oak_planks:12 oak_log:9] | F13=96[cobblestone:50 dirt:33 oak_log:10] | F14=84[cobblestone:43 coal:23 dirt:5] | F15=93[cobblestone:67 raw_copper:27 torch:15] | F16=47[cobblestone:17 torch:10 oak_planks:5] | F17=86[cobblestone:36 diorite:11 oak_log:7] | F18=113[coal:48 cobblestone:44 torch:18] | F19=159[cobblestone:107 dirt:24 leaf_litter:15]
   mem: heap=133M/165M old=-1M ext=141M ab=139M rss=419M cols=1962 ents=4202 evicted=1206 path=5a/0q (max 6) stale=1
F19 [F19] climb: walkable surface at y=66 (+13 levels, dug=35) - the walk takes over (blocked step)
F19 climb out (bank): OK +13 levels (13 steps, 35 dug, undefineds)
F19 bank: smelt hold skipped - no fuel in pocket (coal 0)
F15 [F15] climb diag: level at y=55 blocked toward 1,0 (dug=22, wet) at [0,1,0] water (stop)
F14 [F14] climb wet escape: 2 blocks walked (budget, walked 26/4)
F18 [F18] climb wet escape: 12 blocks walked (budget, walked 1/4)
F13 [F13] raw hop failed: raw walk: no net progress for 8008ms (best d=13.7) - pathfinder retry
F1 [F1] raw hop failed: raw walk stalled after 2265ms (d=25.2) - pathfinder retry
F14 [F14] climb wet escape: 2 blocks walked (budget, walked 27/4)
F17 [F17] craft torch: variant#3 attempt1 failed: craft torch: timeout after 7000ms
F17 [F17] [tools] closing stale craft window (minecraft:inventory) - grid recovery
F1 [F1] hop: chest at [-112,73,416] d=26 zero: chest unreachable (Took to long to decide path to goal!)
F1 [F1] chest skip (vertical doom: the yard stands 20 levels up over 16b lateral - the walk ladder cannot climb)
F1 [F1] chest skip (vertical doom: the yard stands 20 levels up over 17b lateral - the walk ladder cannot climb)
F1 [F1] chest skip (vertical doom: the yard stands 20 levels up over 19b lateral - the walk ladder cannot climb)
F1 [F1] chest skip (vertical doom: the yard stands 20 levels up over 18b lateral - the walk ladder cannot climb)
F1 [F1] chest skip (vertical doom: the yard stands 20 levels up over 18b lateral - the walk ladder cannot climb)
F1 [F1] chest skip (vertical doom: the yard stands 20 levels up over 19b lateral - the walk ladder cannot climb)
F1 [F1] chest skip (vertical doom: the yard stands 20 levels up over 20b lateral - the walk ladder cannot climb)
F1 bank: chest unreachable (Took to long to decide path to goal!) (38 blocks from yard) - walking back
F1 yard approach: 38b beyond the 24b envelope (attempt 1)
F12 [F12] water: drowning rescue start (drowning, oxygen 13)
F12 [F12] water: pass 0 head=wet shore=none land=n/a y=61.7 o2=13 probes=0 at=[-161,62,397]
F19 [F19] approach: 1 segment(s) walked in 7.6s, goal now d=17.4 (inside the direct envelope)
F12 map trip: sand
F12 sword due: planks available
F14 [F14] climb wet escape: 2 blocks walked (budget, walked 28/4)
F2 [F2] direct deposit: 27 chest slots derived from the 63-slot view
[hb] n=18 ts=361s rss=419M late=88ms mainLate=292ms
F2 camp furnace: 11 near machine(s) all beyond the 24b direct envelope (nearest d=32.0) - the bay reads as empty, the camp ladder decides on its own merits
F2 camp furnace: craft-planks (2 log(s) in pocket - craft planks (largest same-type stack 1/4))
F12 sword: no table reachable or placeable
F12 sword: failed (no table)
F12 [F12] craft torches: skip (no coal: sticks 4 coals 0)
F12 [F12] craft torches: skip (no coal: sticks 4 coals 0)
F12 tunnel: 0 blocks (branch mine at the floor, floor lock)
F12 [F12] craft torches: skip (no coal: sticks 4 coals 0)
F12 [F12] craft torches: skip (no coal: sticks 4 coals 0)
F12 [F12] water: pass 4 head=dry shore=hit r=1 land=none y=62.0 o2=20 probes=0 at=[-159,62,398]
F14 [F14] climb wet escape: 2 blocks walked (budget, walked 29/4)
F19 [F19] raw hop failed: raw walk stalled after 2136ms (d=17.4) - pathfinder retry
F2 camp furnace: craft-table (60 cobble + 5 planks - table first)
F17 [F17] craft torch: all 1 variant(s) failed, last: craft torch: timeout after 7000ms
F17 [F17] craft torches: craft did not land (held 0 torch(es))
F17 [F17] craft torches: 1 batch(es) -> 4 torches (sticks 3 coals 2)
F12 [F12] water: rescue complete in 3.5s
F12 [F12] water: hazard memorized at [-160,62,398] (16 live, fleet-wide)
F10 [F10] approach: the stall side-step (right) stalled too
F10 [F10] approach: 4 segment(s) walked in 45.8s, goal now d=33.5 (still outside - a segment stalled (no position delta))
F12 tunnel: 1 blocks (branch mine at the floor, floor lock)
F15 [F15] climb diag: level at y=55 blocked toward -1,0 (dug=22, wet) at [0,1,0] water (stop)
F14 [F14] climb wet escape: 2 blocks walked (budget, walked 30/4)
F13 [F13] direct deposit: 27 chest slots derived from the 63-slot view
F13 camp furnace: 11 near machine(s) all beyond the 24b direct envelope (nearest d=29.2) - the bay reads as empty, the camp ladder decides on its own merits
F13 camp furnace: craft-furnace (50 cobble + table in reach - craft the furnace)
F14 [F14] climb wet escape: 2 blocks walked (budget, walked 31/4)
F12 [F12] craft torches: skip (no coal: sticks 4 coals 0)
F12 [F12] digShaft: water hazard 2.4b away (live 16) - refusing this column, the caller rotates
F12 [F12] craft torches: skip (no coal: sticks 4 coals 0)
F12 [F12] digShaft: water hazard 2.4b away (live 16) - refusing this column, the caller rotates
F12 tunnel: 0 blocks (branch mine at the floor, floor lock)
t-234s alive=19/19 mined=1751 map=972p/18ch banked=0 smelted=0 pocket=1871u/245s | sand=38 gravel=9 dirt=248 stone=0
   deficits: 157926/38 (0.0%) 149380/9 (0.0%) 31860/0 (0.0%) 27420/0 (0.0%) 10725/31 (0.3%)
   F1=86[cobblestone:43 dirt:27 leaf_litter:11] | F2=161[cobblestone:60 raw_copper:31 stick:6] | F3=78[cobblestone:26 dirt:25 stick:4] | F4=130[cobblestone:39 dirt:21 torch:20] | F5=25[cobblestone:19 birch_log:5 dirt:4] | F6=127[dirt:39 granite:22 cobblestone:20] | F7=54[empty] | F8=55[dirt:8 oak_sapling:2 birch_sapling:1] | F9=39[cobblestone:64 stick:3 dirt:3] | F10=117[granite:61 cobblestone:33 dirt:25] | F11=109[cobblestone:61 raw_copper:26 andesite:14] | F12=77[dirt:40 oak_planks:10 oak_log:9] | F13=96[cobblestone:50 oak_log:10 stick:6] | F14=84[cobblestone:43 coal:23 dirt:5] | F15=93[cobblestone:67 raw_copper:27 torch:15] | F16=47[cobblestone:17 torch:10 oak_planks:5] | F17=86[cobblestone:36 diorite:11 oak_log:7] | F18=128[cobblestone:49 coal:48 granite:24] | F19=159[cobblestone:107 dirt:24 leaf_litter:15]
   mem: heap=131M/166M old=-1M ext=141M ab=138M rss=419M cols=1959 ents=4262 evicted=1241 path=5a/0q (max 6) stale=1
F11 [F11] vein sweep: 8 drop(s) in reach (2 dug)
F14 [F14] climb wet escape: 2 blocks walked (budget, walked 32/4)
F12 [F12] craft torches: skip (no coal: sticks 4 coals 0)
F13 camp furnace: BUILT (furnace at -106,73,413) in 4s
[F13] furnace within reach - opening without a walk
[F13] fuel clips the batch: 4 x oak_log completes 6 of 34 x cobblestone (the rest re-smelts on the next chain)
[F13] the clock clips the batch: the 85s window completes ~7 of 34 x cobblestone (the rest re-smelts on the next chain)
[F13] furnace slots after put: input=cobblestone fuel=oak_log
[F13] smelting 6 x cobblestone in a furnace (fuel: 4 x oak_log)
F17 [F17] craft torch: variant#3 attempt0 failed: craft torch: timeout after 7000ms
F17 [F17] [tools] closing stale craft window (minecraft:inventory) - grid recovery
F14 [F14] climb wet escape: 2 blocks walked (budget, walked 33/4)
F7 [F7] vein sweep: 0 drop(s) in reach (1 dug)
F7 vein sweep: 1 ores dug beside the gallery (ore detour)
F7 tool recovery: no pickaxe - spare-pick craft first
F7 spare pick: skip (no sticks and no planks for sticks)
F7 tool recovery: spare craft failed (no sticks and no planks for sticks) - re-running the bootstrap
F2 camp furnace: BUILT (furnace at -103,73,414) in 11s
F10 [F10] raw hop failed: raw walk: no net progress for 8203ms (best d=32.7) - pathfinder retry
F14 [F14] climb wet escape: 2 blocks walked (budget, walked 34/4)
F17 [F17] craft storm: 3 consecutive craft timeouts - cooldown 4000ms (server stall?)
F17 [F17] craft torch: all 1 variant(s) failed, last: craft torch: timeout after 7000ms
F17 [F17] craft torches: craft did not land (held 0 torch(es))
F17 tunnel: steering coal_ore @ 3.5b (axis x+, cross 0.44138053689158596, floor lock)
F14 [F14] climb wet escape: 2 blocks walked (budget, walked 35/4)
F12 [F12] water: drowning rescue start (drowning, oxygen 14)
F12 [F12] water: pass 0 head=wet shore=none land=n/a y=58.8 o2=14 probes=0 at=[-166,59,396]
F12 [F12] craft torches: skip (no coal: sticks 4 coals 0)
F14 [F14] climb wet escape: 2 blocks walked (budget, walked 36/4)
F15 climb out (bank): failed - stalled
F15 climb out (bank): retry (escalated retry after stalled, fenced to 89s of the 89s the chain has left)
F14 [F14] climb wet escape: 2 blocks walked (budget, walked 37/4)
F12 [F12] water: pass 4 head=dry shore=hit r=6 land=none y=62.7 o2=19 probes=0 at=[-165,63,397]
F14 [F14] climb wet escape: 2 blocks walked (budget, walked 38/4)
[F13] took 1 x stone (1/6)
F5 [F5] craft torches: skip (no coal: sticks 3 coals 0)
F10 [F10] hop: chest at [-137,73,410] d=33 zero: chest unreachable (Took to long to decide path to goal!)
F10 [F10] chest skip (no path cached 0s ago at [-137,73,408])
F10 [F10] chest skip (no path cached 0s ago at [-137,73,412])
F10 bank: chest unreachable (Took to long to decide path to goal!) (40 blocks from yard) - walking back
F10 yard approach: 40b beyond the 24b envelope (attempt 1)
F12 [F12] water: pass 10 head=dry shore=hit r=1 land=none y=62.1 o2=20 probes=0 at=[-161,62,399]
F12 tunnel: 0 blocks (branch mine at the floor, floor lock)
F12 climb out (trip): failed - rescue owns the bot
F12 map trip skipped: cannot leave the shaft
F16 [F16] craft torches: skip (no coal: sticks 4 coals 0)
F16 [F16] craft torches: skip (no coal: sticks 4 coals 0)
F16 tunnel: steering coal_ore @ 4.6b (axis z--1, cross 0.5, floor lock)
F12 [F12] craft torches: skip (no coal: sticks 4 coals 0)
F12 [F12] craft torches: skip (no coal: sticks 4 coals 0)
F12 tunnel: 0 blocks (branch mine at the floor, floor lock)
F12 tunnel: 0 blocks x3 - sealed or flooded, cooling down 15s
[hb] n=19 ts=381s rss=419M late=91ms mainLate=585ms
F14 [F14] climb wet escape: 2 blocks walked (budget, walked 39/4)
F11 [F11] vein sweep: +7u walked from the drops (2 dug)
F11 [F11] vein sweep: 2 deep drop(s) skipped (dy < -2 - the lip sphere cannot reach, the walk was a guaranteed spiral)
F11 vein sweep: 2 ores dug beside the gallery (ore detour)
F11 bank trip: pockets full budget 129s
F11 bank: holding 45s of 129s for the smelt leg
t-219s alive=19/19 mined=1785 map=993p/19ch banked=0 smelted=0 pocket=1905u/246s | sand=42 gravel=9 dirt=272 stone=0
   deficits: 157926/42 (0.0%) 149380/9 (0.0%) 31860/0 (0.0%) 27420/0 (0.0%) 10725/31 (0.3%)
   F1=86[cobblestone:43 dirt:27 leaf_litter:11] | F2=161[cobblestone:52 raw_copper:31 stick:6] | F3=78[cobblestone:26 dirt:25 stick:4] | F4=134[cobblestone:39 dirt:23 torch:20] | F5=25[cobblestone:19 birch_log:5 dirt:4] | F6=137[dirt:50 granite:22 leaf_litter:21] | F7=54[empty] | F8=55[dirt:8 oak_sapling:2 birch_sapling:1] | F9=39[cobblestone:64 stick:3 dirt:3] | F10=117[granite:61 cobblestone:33 dirt:25] | F11=109[cobblestone:61 raw_copper:26 andesite:14] | F12=77[dirt:40 oak_planks:10 oak_log:9] | F13=96[cobblestone:42 oak_log:10 stick:6] | F14=84[cobblestone:43 coal:23 dirt:5] | F15=93[cobblestone:67 raw_copper:27 torch:15] | F16=47[cobblestone:17 torch:10 oak_planks:5] | F17=86[cobblestone:36 diorite:11 oak_log:7] | F18=148[cobblestone:57 coal:48 granite:25] | F19=159[cobblestone:107 dirt:24 leaf_litter:15]
   mem: heap=130M/166M old=-1M ext=140M ab=137M rss=419M cols=1941 ents=4184 evicted=1284 path=5a/0q (max 6) stale=1
F12 [F12] water: pass 14 head=dry shore=hit r=1 land=none y=63.8 o2=20 probes=0 at=[-158,64,400]
F14 [F14] climb wet escape: 2 blocks walked (budget, walked 40/4)
F6 climb out (bank): OK +12 levels (11 steps, 26 dug, 32s)
F6 bank: holding 45s of 160s for the smelt leg
F14 [F14] climb wet escape: 2 blocks walked (budget, walked 41/4)
F15 [F15] climb diag: level at y=55 blocked toward 1,0 (dug=0, wet) at [0,1,0] water (stop)
F12 [F12] water: pass 17 head=dry shore=hit r=3 land=none y=64.2 o2=20 probes=0 at=[-161,64,400]
F4 map trip: sand
F5 retry #1 in 5.4s (Timeout waiting for 4 ticks after 5200ms)
F14 [F14] climb wet escape: 2 blocks walked (budget, walked 42/4)
F14 climb out (bank): failed - timeout (traversed 84)
F14 climb out (bank): retry (escalated retry after timeout, fenced to 78s of the 78s the chain has left)
F4 [F4] craft torches: 1 batch(es) -> 4 torches (sticks 3 coals 19, the metal reserve keeps 1)
F12 [F12] water: pass 19 head=dry shore=hit r=1 land=none y=62.7 o2=20 probes=0 at=[-160,63,400]
[F2] fuel clips the batch: 1 x coal completes 8 of 31 x raw_copper (the rest re-smelts on the next chain)
[F2] the clock clips the batch: the 64s window completes ~5 of 31 x raw_copper (the rest re-smelts on the next chain)
[F2] furnace slots after put: input=raw_copper fuel=coal
[F2] smelting 5 x raw_copper in a blast_furnace (fuel: 1 x coal)
F9 [F9] craft torches: 1 batch(es) -> 4 torches (sticks 3 coals 2)
F12 [F12] water: rescue complete in 12.9s
F12 [F12] water: hazard memorized at [-161,62,399] (14 live, fleet-wide)
F18 [F18] climb bridge: unavailable (no solid floor underfoot)
F18 [F18] climb diag: level at y=65 blocked toward 0,1 (dug=75)
F18 [F18] climb: walkable surface at y=64 (+21 levels, dug=75) - the walk takes over (blocked step)
F18 climb out (bank): OK +21 levels (19 steps, 75 dug, 12 traversed, undefineds)
F18 bank: holding 45s of 169s for the smelt leg
F4 [F4] digShaft: water table y=57 (region strike) - stopping above the aquifer, the tunnel owns this level (regions 2)
F4 bank trip: pockets full budget 122s
[F13] took 1 x stone (2/6)
F5 [F5] craft torches: skip (no coal: sticks 3 coals 0)
F11 [F11] raw hop failed: raw walk: no net progress for 8108ms (best d=9.0) - pathfinder retry
F14 [F14] climb wet escape: 2 blocks walked (budget, walked 1/4)
F8 recovery brake: 1 consecutive failures - next attempt in 45s
F8 tool recovery: failed (no planks recipe)
F8 [F8] craft torches: skip (no spare sticks: sticks 0 coals 0)
F8 tool recovery: no pickaxe - spare-pick craft first
F8 spare pick: skip (no sticks and no planks for sticks)
F8 tool recovery: spare craft failed (no sticks and no planks for sticks) - re-running the bootstrap
[F2] took 1 x copper_ingot (1/5)
F19 [F19] raw hop failed: raw walk stalled after 2874ms (d=5.5) - pathfinder retry
F9 [F9] craft torch: variant#3 attempt0 failed: craft torch: timeout after 7000ms
F9 [F9] [tools] closing stale craft window (minecraft:inventory) - grid recovery
F14 [F14] climb wet escape: 1 blocks walked (budget, walked 2/4)
F15 [F15] climb diag: level at y=55 blocked toward -1,0 (dug=0, wet) at [0,1,0] water (stop)
F17 tunnel: 0 blocks (branch mine at the floor, steered, floor lock)
F14 [F14] climb diag: level at y=45 blocked toward 0,-1 (dug=3, wet) at [0,2,-1] water (stop)
F6 [F6] raw hop failed: raw walk: no net progress for 8417ms (best d=7.8) - pathfinder retry
t-203s alive=19/19 mined=1814 map=998p/19ch banked=0 smelted=0 pocket=1941u/248s | sand=43 gravel=9 dirt=291 stone=0
   deficits: 157926/43 (0.0%) 149380/9 (0.0%) 31860/0 (0.0%) 27420/0 (0.0%) 10725/34 (0.3%)
   F1=86[cobblestone:44 dirt:27 leaf_litter:11] | F2=161[cobblestone:52 raw_copper:31 stick:6] | F3=78[cobblestone:26 dirt:25 stick:4] | F4=151[cobblestone:39 dirt:36 torch:24] | F5=25[cobblestone:19 birch_log:5 dirt:4] | F6=137[dirt:50 granite:22 leaf_litter:21] | F7=60[oak_log:1] | F8=55[dirt:10 oak_sapling:2 birch_sapling:1] | F9=39[cobblestone:64 stick:3 dirt:3] | F10=117[granite:61 cobblestone:33 dirt:25] | F11=109[cobblestone:61 raw_copper:26 andesite:14] | F12=77[dirt:40 oak_planks:10 oak_log:9] | F13=96[cobblestone:42 oak_log:10 stick:6] | F14=87[cobblestone:43 coal:23 andesite:8] | F15=93[cobblestone:67 raw_copper:27 torch:15] | F16=47[cobblestone:17 torch:10 oak_planks:5] | F17=86[cobblestone:36 diorite:11 oak_log:7] | F18=151[cobblestone:57 coal:48 granite:25] | F19=159[cobblestone:107 dirt:24 leaf_litter:15]
   mem: heap=143M/167M old=-1M ext=147M ab=145M rss=422M cols=1948 ents=4209 evicted=1316 path=6a/0q (max 6) stale=1
F5 [F5] water: drowning rescue start (drowning, oxygen 15)
F5 [F5] water: pass 0 head=wet shore=none land=n/a y=47.1 o2=15 probes=0 at=[-132,47,397]
F14 [F14] climb diag: level at y=45 blocked toward 1,0 (dug=3, wet) at [1,2,0] water (stop)
F12 [F12] craft torches: skip (no coal: sticks 4 coals 0)
F14 [F14] climb diag: level at y=45 blocked toward 0,1 (dug=3, wet) at [0,2,1] water (stop)
F6 [F6] direct deposit: 27 chest slots derived from the 63-slot view
F6 [F6] banked 89 items at (-142, 73, 416) (direct=4 fallback=0 mirror=true kept: apple, sand, crafting_table, raw_copper)
F6 camp furnace: 13 near machine(s) all beyond the 24b direct envelope (nearest d=26.4) - the bay reads as empty, the camp ladder decides on its own merits
F6 camp furnace: place-table (table item held - place it first)
[F2] took 1 x copper_ingot (2/5)
F4 climb out (bank): OK +6 levels (5 steps, 8 dug, 10s)
F4 bank: holding 45s of 122s for the smelt leg
F5 tunnel: steering copper_ore @ 6.6b (axis z+, cross 0.8357852811932958, ore detour)
F5 [F5] water: pass 10 head=dry shore=hit r=2 land=none y=49.2 o2=20 probes=0 at=[-131,49,397]
F18 [F18] raw hop failed: raw walk: no net progress for 8206ms (best d=20.9) - pathfinder retry
[F13] took 1 x stone (3/6)
F18 [F18] hop: chest at [-122,73,416] d=24 zero: chest unreachable (No path to the goal!)
F18 [F18] chest skip (vertical doom: the yard stands 24 levels up over 5b lateral - the walk ladder cannot climb)
[hb] n=20 ts=401s rss=423M late=96ms mainLate=556ms
F18 [F18] chest skip (vertical doom: the yard stands 24 levels up over 6b lateral - the walk ladder cannot climb)
F18 [F18] chest skip (no path cached 0s ago at [-122,73,414])
F18 [F18] chest skip (vertical doom: the yard stands 24 levels up over 6b lateral - the walk ladder cannot climb)
F18 [F18] chest skip (no path cached 0s ago at [-122,73,412])
F18 [F18] chest skip (vertical doom: the yard stands 24 levels up over 7b lateral - the walk ladder cannot climb)
F18 [F18] chest skip (vertical doom: the yard stands 24 levels up over 6b lateral - the walk ladder cannot climb)
F18 bank: chest unreachable (No path to the goal!) (31 blocks from yard) - walking back
F18 bank: the yard stands 24 levels up over 20b lateral - the walk ladder cannot climb, the pocket rides the next window
F18 camp furnace: 13 near machine(s) all beyond the 24b direct envelope (nearest d=29.4) - the bay reads as empty, the camp ladder decides on its own merits
F18 camp furnace: craft-table (57 cobble + 7 planks - table first)
F5 [F5] water: pass 13 head=dry shore=hit r=2 land=none y=49.2 o2=20 probes=0 at=[-132,49,397]
F5 tunnel: 0 blocks (branch mine at the floor, steered, ore detour)
F5 [F5] vein sweep: refused a cell - drop of 5 below the cell (cave?) - the ore waits for a safe angle
F5 [F5] craft torches: skip (no coal: sticks 3 coals 0)
[F2] took 1 x copper_ingot (3/5)
F14 climb out (bank): retry failed - stalled
F16 tunnel: 0 blocks (branch mine at the floor, steered, floor lock)
F12 [F12] water: drowning rescue start (drowning, oxygen 14)
F12 [F12] water: pass 0 head=wet shore=none land=n/a y=58.9 o2=14 probes=0 at=[-164,59,396]
F14 [F14] climb diag: level at y=45 blocked toward 1,0 (dug=0, wet) at [0,2,0] water (stop)
F5 [F5] water: pass 18 head=dry shore=hit r=2 land=none y=49.2 o2=20 probes=0 at=[-131,49,397]
F14 [F14] climb diag: level at y=45 blocked toward 0,1 (dug=0, wet) at [0,2,0] water (stop)
F12 [F12] craft torches: skip (no coal: sticks 4 coals 0)
F14 [F14] climb diag: level at y=45 blocked toward -1,0 (dug=0, wet) at [0,2,0] water (stop)
F15 [F15] climb diag: level at y=55 blocked toward 1,0 (dug=0, wet) at [0,1,0] water (stop)
F6 camp furnace: BUILT (furnace at -143,68,416) in 8s
F5 [F5] water: pass 22 head=dry shore=hit r=2 land=none y=49.2 o2=20 probes=0 at=[-131,49,397]
F12 [F12] water: pass 5 head=dry shore=hit r=3 land=none y=62.2 o2=19 probes=0 at=[-163,62,397]
F14 [F14] water: drowning rescue start (drowning, oxygen 9)
F14 [F14] water: pass 0 head=wet shore=none land=n/a y=45.0 o2=9 probes=0 at=[-117,45,390]
F9 [F9] craft torch: variant#3 attempt1 failed: craft torch: timeout after 7000ms
F9 [F9] [tools] closing stale craft window (minecraft:inventory) - grid recovery
F4 [F4] raw hop failed: raw walk: no net progress for 8200ms (best d=8.3) - pathfinder retry
F12 tunnel: 0 blocks (branch mine at the floor, floor lock)
F18 camp furnace: BUILT (furnace at -122,49,417) in 7s
[F18] furnace within reach - opening without a walk
[F18] the clock clips the batch: the 83s window completes ~7 of 41 x cobblestone (the rest re-smelts on the next chain)
F12 [F12] craft torches: skip (no coal: sticks 4 coals 0)
F12 [F12] craft torches: skip (no coal: sticks 4 coals 0)
F12 tunnel: 0 blocks (branch mine at the floor, floor lock)
F5 [F5] water: pass 26 head=dry shore=hit r=2 land=none y=49.2 o2=20 probes=0 at=[-131,49,397]
F5 [F5] water: frozen physics (10 flat passes at y=49.2, o2=20) - standing down, the reconnect lane owns this
F5 [F5] water: rescue standing down (frozen physics - the walk gate reopens, the reconnect lane owns a dead client) in 11.2s
F5 [F5] water: hazard memorized at [-132,49,396] (15 live, fleet-wide)
F12 [F12] water: pass 9 head=dry shore=hit r=1 land=none y=62.3 o2=20 probes=0 at=[-160,62,399]
[F2] took 1 x copper_ingot (4/5)
[F18] furnace slots after put: input=cobblestone fuel=coal
[F18] smelting 7 x cobblestone in a furnace (fuel: 6 x coal)
F12 [F12] craft torches: skip (no coal: sticks 4 coals 0)
F12 [F12] craft torches: skip (no coal: sticks 4 coals 0)
F14 [F14] water: pass 7 head=wet shore=none land=n/a y=47.2 o2=7 probes=0 at=[-118,47,389]
F14 [F14] climb wet escape: 1 blocks walked (budget, walked 1/4)
F14 [F14] climb wet escape: oxygen 6 at the floor - the escape yields, the rescue lane owns the air
F14 climb out (trip): failed - low-o2 (traversed 1)
F14 map trip skipped: cannot leave the shaft
F5 [F5] water: drowning rescue start (drowning, oxygen 20)
F5 [F5] water: pass 0 head=wet shore=none land=n/a y=49.0 o2=20 probes=0 at=[-132,49,397]
F14 [F14] craft torches: stick-dry with logs held - one plank conversion first
F12 tunnel: 1 blocks (branch mine at the floor, floor lock)
[F13] took 1 x stone (4/6)
F12 [F12] craft torches: skip (no coal: sticks 4 coals 0)
F4 [F4] direct deposit: 27 chest slots derived from the 63-slot view
F4 [F4] fuel tithe: banked 12 x coal (pocket keeps 6)
F4 camp furnace: 14 near machine(s) beyond the 24b direct envelope (nearest d=6.9) - 1 inside the envelope keep the veto
F4 camp furnace: no build (machine near)
F12 [F12] craft torches: skip (no coal: sticks 4 coals 0)
F14 [F14] craft torches: stick-dry but 9 planks held - one stick batch first
F5 [F5] water: pass 4 head=dry shore=hit r=2 land=none y=49.2 o2=20 probes=0 at=[-131,49,397]
F12 [F12] water: pass 12 head=dry shore=hit r=1 land=none y=64.2 o2=20 probes=0 at=[-158,64,399]
F5 tunnel: steering iron_ore @ 12.5b (axis x+, cross 0.6999999999999886, floor lock)
F14 [F14] water: deep-pocket ascend - dug the ceiling andesite at [-118,49,389] (jump stalled 4+ passes, o2 6)
F14 [F14] craft torches: 4 batch(es) -> 16 torches (sticks 2 coals 23)
F9 [F9] craft torch: all 1 variant(s) failed, last: craft torch: timeout after 7000ms
F9 [F9] craft torches: craft did not land (held 1 torch(es))
F14 [F14] water: pass 11 head=wet shore=none land=n/a y=47.4 o2=2 probes=0 at=[-118,47,389]
F14 [F14] water: frozen physics (4 flat passes at y=47.4, o2=2, head WET - the wet-critical fast window) - standing down, the reconnect lane owns this
F14 [F14] water: rescue standing down (frozen physics - the walk gate reopens, the reconnect lane owns a dead client) in 5.4s
F14 [F14] water: frozen client relog (#1 consecutive) (frozen while head-wet (1 verdict) - the drowning clock owns this client) - ending the session, the reconnect lane rebuilds the physics; the drowning sentry holds non-critical pages 10s (the frozen-return gate)
F14 [F14] water: hazard memorized at [-118,47,389] (16 live, fleet-wide)
t-188s alive=19/19 mined=1821 map=1036p/19ch banked=0 smelted=0 pocket=1754u/240s | sand=45 gravel=8 dirt=207 stone=0
   deficits: 157926/45 (0.0%) 149380/8 (0.0%) 31860/0 (0.0%) 27420/0 (0.0%) 10725/37 (0.3%)
   F1=86[cobblestone:44 dirt:27 leaf_litter:11] | F2=161[cobblestone:52 raw_copper:31 stick:6] | F3=78[cobblestone:26 dirt:25 stick:4] | F4=151[cobblestone:39 torch:24 sand:10] | F5=25[cobblestone:19 birch_log:5 dirt:4] | F6=137[cobblestone:12 sand:12 oak_planks:7] | F7=63[oak_log:5 sand:1] | F8=55[dirt:11 leaf_litter:3 oak_sapling:2] | F9=39[cobblestone:64 stick:3 dirt:3] | F10=117[granite:61 cobblestone:33 dirt:25] | F11=109[cobblestone:61 raw_copper:26 andesite:14] | F12=78[dirt:40 oak_planks:10 sand:9] | F13=96[cobblestone:42 oak_log:10 stick:6] | F14=90[cobblestone:43 andesite:11 oak_planks:7] | F15=93[cobblestone:67 raw_copper:27 torch:15] | F16=47[cobblestone:17 torch:10 oak_planks:5] | F17=86[cobblestone:36 diorite:11 oak_log:7] | F18=151[cobblestone:49 coal:48 granite:27] | F19=159[cobblestone:107 dirt:24 leaf_litter:15]
   mem: heap=140M/169M old=-1M ext=145M ab=142M rss=424M cols=1924 ents=4196 evicted=1359 path=6a/0q (max 6) stale=1
F11 [F11] hop: chest at [-121,73,390] d=13 zero: cannot open chest (open chest: timeout after 10000ms)
[F2] took 1 x copper_ingot (5/5)
[F2] blast_furnace within reach - opening without a walk
[F2] fuel clips the batch: 4 x stick completes 2 of 26 x raw_copper (the rest re-smelts on the next chain)
[F2] the clock clips the batch: the 37s window completes ~3 of 26 x raw_copper (the rest re-smelts on the next chain)
F5 [F5] water: pass 7 head=dry shore=hit r=2 land=none y=49.2 o2=20 probes=0 at=[-132,49,397]
F12 tunnel: 0 blocks (branch mine at the floor, floor lock)
[F2] furnace slots after put: input=raw_copper fuel=stick
[F2] smelting 2 x raw_copper in a blast_furnace (fuel: 4 x stick)
F12 [F12] craft torches: skip (no coal: sticks 4 coals 0)
F12 [F12] craft torches: skip (no coal: sticks 4 coals 0)
F12 tunnel: 0 blocks (branch mine at the floor, floor lock)
F12 [F12] craft torches: skip (no coal: sticks 4 coals 0)
F12 [F12] craft torches: skip (no coal: sticks 4 coals 0)
F12 tunnel: 0 blocks (branch mine at the floor, floor lock)
F12 tunnel: 0 blocks x3 - sealed or flooded, cooling down 15s
F12 [F12] water: pass 15 head=dry shore=hit r=1 land=none y=62.3 o2=20 probes=0 at=[-160,62,399]
F5 tunnel: 0 blocks (branch mine at the floor, steered, floor lock)
F5 [F5] vein sweep: refused a cell - drop of 5 below the cell (cave?) - the ore waits for a safe angle
F5 [F5] craft torches: skip (no coal: sticks 3 coals 0)
F5 [F5] water: rescue standing down (frozen physics - the walk gate reopens, the reconnect lane owns a dead client) in 5.8s
F5 [F5] water: hazard memorized at [-132,49,396] (17 live, fleet-wide)
F12 [F12] water: pass 20 head=dry shore=hit r=1 land=none y=63.5 o2=20 probes=0 at=[-157,63,400]
F1 yard approach: approach: the stall side-step (right) stalled too
F1 yard approach: approach: 4 segment(s) walked in 58.2s, goal now d=37.3 (still outside - a segment stalled (no position delta))
F1 bank walk path event: path_stop (explicit)
F1 bank: yard walk attempt 1 failed: Timeout: Took to long to decide path to goal!
F1 bank: yard walk failed (Took to long to decide path to goal!) - smelting locally if a furnace is near
F1 camp furnace: 9 near machine(s) beyond the 24b direct envelope (nearest d=16.2) - 1 inside the envelope keep the veto
F1 camp furnace: no build (machine near)
F9 retry #1 in 7.7s (Timeout waiting for 4 ticks after 5200ms)
F15 climb out (bank): retry failed - stalled
F14 [F14] craft torch: variant#3 attempt0 failed: craft torch: timeout after 7000ms
F14 [F14] [tools] closing stale craft window (minecraft:inventory) - grid recovery
F12 [F12] water: pass 23 head=dry shore=hit r=1 land=none y=63.8 o2=20 probes=0 at=[-159,64,400]
[F2] took 1 x copper_ingot (1/2)
[F13] took 1 x stone (5/6)
[F18] took 1 x stone (1/7)
[hb] n=21 ts=421s rss=422M late=100ms mainLate=767ms
F5 [F5] water: drowning rescue start (drowning, oxygen 15)
F5 [F5] water: pass 0 head=wet shore=none land=n/a y=46.3 o2=15 probes=0 at=[-132,46,397]
F12 [F12] water: pass 25 head=dry shore=hit r=1 land=none y=63.2 o2=20 probes=0 at=[-159,63,400]
F11 [F11] raw hop failed: raw walk stalled after 2053ms (d=9.0) - pathfinder retry
F3 [F3] climb diag: level at y=50 blocked toward 0,-1 (dug=0, wet) at [0,1,0] water (stop)
F5 tunnel: steering iron_ore @ 2b (axis x+, cross 0.30000000000001137, ore detour)
F5 [F5] water: pass 5 head=dry shore=hit r=2 land=none y=49.2 o2=20 probes=0 at=[-132,49,397]
F12 [F12] water: pass 28 head=dry shore=hit r=1 land=none y=63.1 o2=20 probes=0 at=[-156,63,399]
F15 [F15] climb diag: level at y=55 blocked toward 1,0 (dug=0, wet) at [0,1,0] water (stop)
F16 [F16] climb diag: level at y=41 blocked toward 1,0 (dug=0, wet) at [0,1,0] water (stop)
F19 [F19] hop: chest at [-102,73,406] d=24 zero: chest unreachable (walk to chest (retry): timeout after 30000ms)
[F2] took 1 x copper_ingot (2/2)
F5 tunnel: 0 blocks (branch mine at the floor, steered, ore detour)
F5 [F5] vein sweep: refused a cell - drop of 5 below the cell (cave?) - the ore waits for a safe angle
F5 tunnel: 0 blocks x3 - sealed or flooded, cooling down 15s
F5 [F5] water: pass 8 head=dry shore=hit r=2 land=none y=49.2 o2=20 probes=0 at=[-132,49,397]
F12 [F12] water: pass 31 head=dry shore=hit r=1 land=none y=63.4 o2=20 probes=0 at=[-159,63,399]
[F2] blast_furnace within reach - opening without a walk
F9 [F9] craft torches: 1 batch(es) -> 4 torches (sticks 3 coals 2)
[F2] furnace within reach - opening without a walk
[F2] furnace within reach - opening without a walk
F9 tunnel: steering coal_ore @ 5.4b (axis z+, cross 0.5, ore detour)
[F2] furnace within reach - opening without a walk
F7 [F7] craft torches: stick-dry with logs held - one plank conversion first
t-173s alive=19/19 mined=1821 map=1036p/19ch banked=0 smelted=0 pocket=1752u/243s | sand=46 gravel=8 dirt=206 stone=0
   deficits: 157926/46 (0.0%) 149380/8 (0.0%) 31860/0 (0.0%) 27420/0 (0.0%) 10725/37 (0.3%)
   F1=86[cobblestone:44 dirt:27 leaf_litter:11] | F2=161[cobblestone:52 raw_copper:24 copper_ingot:7] | F3=78[cobblestone:26 dirt:25 stick:4] | F4=151[cobblestone:37 torch:24 sand:10] | F5=25[cobblestone:19 birch_log:5 dirt:4] | F6=137[sand:12 cobblestone:11 oak_planks:7] | F7=63[oak_log:4 oak_planks:2 sand:2] | F8=55[dirt:11 leaf_litter:3 oak_sapling:2] | F9=39[cobblestone:64 torch:5 dirt:3] | F10=117[granite:61 cobblestone:33 dirt:25] | F11=109[cobblestone:61 raw_copper:26 andesite:14] | F12=78[dirt:40 oak_planks:10 sand:9] | F13=96[cobblestone:42 oak_log:10 stick:6] | F14=90[cobblestone:43 andesite:11 oak_planks:7] | F15=93[cobblestone:67 raw_copper:27 torch:15] | F16=47[cobblestone:17 torch:10 oak_planks:5] | F17=86[cobblestone:36 diorite:11 oak_log:7] | F18=151[cobblestone:49 coal:48 granite:27] | F19=159[cobblestone:107 dirt:24 leaf_litter:15]
   mem: heap=135M/169M old=-1M ext=153M ab=151M rss=425M cols=1952 ents=4132 evicted=1334 path=3a/0q (max 6) stale=1
[F6] walk nudge: approach: the stall side-step (right) moved the start (d now 3.8)
[F6] walk nudge: approach: 2 segment(s) walked in 1.0s, goal now d=3.8 (inside the direct envelope)
[F6] walk nudge: inside the direct envelope
[F2] furnace within reach - opening without a walk
F7 [F7] craft torches: stick-dry but 6 planks held - one stick batch first
F7 [F7] craft torches: skip (no coal: sticks 4 coals 0)
[F4] furnace slots after put: input=raw_iron fuel=coal
[F4] smelting 2 x raw_iron in a blast_furnace (fuel: 1 x coal)
F5 [F5] water: pass 15 head=dry shore=hit r=2 land=none y=49.2 o2=20 probes=0 at=[-131,49,397]
[F6] blast_furnace within reach - opening without a walk
[F6] fuel clips the batch: 3 x stick completes 1 of 2 x raw_copper (the rest re-smelts on the next chain)
[F6] furnace slots after put: input=raw_copper fuel=stick
[F6] smelting 1 x raw_copper in a blast_furnace (fuel: 3 x stick)
F12 sword due: planks available
F12 sword: no table reachable or placeable
F12 sword: failed (no table)
F12 [F12] craft torches: skip (no coal: sticks 4 coals 0)
[F2] furnace within reach - opening without a walk
[F18] took 1 x stone (2/7)
F12 [F12] craft torches: skip (no coal: sticks 4 coals 0)
F12 tunnel: 0 blocks (branch mine at the floor, floor lock)
F7 tool recovery: OK (wooden_pickaxe)
F7 spare pick due: spare (planks available)
F12 [F12] water: rescue complete in 25.7s
F12 [F12] water: hazard memorized at [-161,62,399] (16 live, fleet-wide)
F12 [F12] craft torches: skip (no coal: sticks 4 coals 0)
F12 [F12] digShaft: water hazard 2.2b away (live 16) - refusing this column, the caller rotates
F12 [F12] craft torches: skip (no coal: sticks 4 coals 0)
F12 [F12] digShaft: water hazard 2.2b away (live 16) - refusing this column, the caller rotates
F14 [F14] craft torch: variant#3 attempt1 failed: craft torch: timeout after 7000ms
F14 [F14] [tools] closing stale craft window (minecraft:inventory) - grid recovery
F12 tunnel: 0 blocks (branch mine at the floor, floor lock)
F7 spare pick: OK (wooden_pickaxe, holds 2)
F7 [F7] craft torches: stick-dry with logs held - one plank conversion first
[F13] took 1 x stone (6/6)
F7 [F7] craft oak_planks: no craftable recipe variant (ingredients missing?)
F7 [F7] craft torches: stick-dry but 5 planks held - one stick batch first
F5 [F5] water: pass 20 head=dry shore=hit r=2 land=none y=49.2 o2=20 probes=0 at=[-131,49,397]
F5 [F5] water: frozen physics (10 flat passes at y=49.2, o2=20) - standing down, the reconnect lane owns this
F5 [F5] water: rescue standing down (frozen physics - the walk gate reopens, the reconnect lane owns a dead client) in 9.9s
F5 [F5] water: frozen client relog (#5 consecutive) (3 consecutive frozen verdicts) - ending the session, the reconnect lane rebuilds the physics; the drowning sentry holds non-critical pages 60s (the frozen-return gate)
F5 [F5] water: hazard memorized at [-132,49,396] (17 live, fleet-wide)
F7 [F7] craft torches: skip (no coal: sticks 6 coals 0)
F9 [F9] water: drowning rescue start (drowning, oxygen 13)
F9 [F9] water: pass 0 head=wet shore=none land=n/a y=41.0 o2=13 probes=0 at=[-101,41,387]
F9 tunnel: 2 blocks (branch mine at the floor, steered, ore detour)
F9 wood trip: famine (sticks 2 planks 1 logs 0) - gathering
F9 climb out (wood trip): failed - rescue owns the bot
F9 wood trip: 0 (climb refused)
F9 [F9] craft torches: skip (no spare sticks: sticks 2 coals 1)
F9 tunnel: steering coal_ore @ 5.4b (axis z+, cross 0.7000000000000028, floor lock)
F9 tunnel: 0 blocks (branch mine at the floor, steered, floor lock)
F9 [F9] craft torches: skip (no spare sticks: sticks 2 coals 1)
F7 [F7] digShaft: water table y=57 (region strike) - stopping above the aquifer, the tunnel owns this level (regions 2)
F12 [F12] craft torches: skip (no coal: sticks 4 coals 0)
F16 [F16] climb diag: level at y=41 blocked toward 0,1 (dug=0, wet) at [0,1,0] water (stop)
F9 [F9] water: deep-pocket ascend - dug the ceiling stone at [-102,44,386] (jump stalled 4+ passes, o2 17)
[F4] took 1 x iron_ingot (1/2)
F9 [F9] water: pass 7 head=wet shore=none land=n/a y=42.2 o2=20 probes=0 at=[-101,42,387]
F14 [F14] craft torch: all 1 variant(s) failed, last: craft torch: timeout after 7000ms
F14 [F14] craft torches: craft did not land (held 7 torch(es))
[F6] took 1 x copper_ingot (1/1)
[F6] blast_furnace within reach - opening without a walk
F15 [F15] climb diag: level at y=55 blocked toward -1,0 (dug=0, wet) at [0,1,0] water (stop)
F9 [F9] water: frozen physics (10 flat passes at y=42.2, o2=20, head WET) - standing down, the reconnect lane owns this
F9 [F9] water: rescue standing down (frozen physics - the walk gate reopens, the reconnect lane owns a dead client) in 3.9s
F9 [F9] water: frozen client relog (#2 consecutive) (frozen while head-wet (1 verdict) - the drowning clock owns this client) - ending the session, the reconnect lane rebuilds the physics; the drowning sentry holds non-critical pages 20s (the frozen-return gate)
F9 [F9] water: hazard memorized at [-102,42,386] (16 live, fleet-wide)
[F6] blast_furnace within reach - opening without a walk
F19 [F19] raw hop failed: raw walk: no net progress for 8441ms (best d=4.9) - pathfinder retry
[F6] furnace within reach - opening without a walk
[F13] fuel clips the batch: 4 x stick completes 2 of 28 x cobblestone (the rest re-smelts on the next chain)
[F13] the clock clips the batch: the 17s window completes ~1 of 28 x cobblestone (the rest re-smelts on the next chain)
[F13] furnace slots after put: input=cobblestone fuel=stick
[F13] smelting 1 x cobblestone in a furnace (fuel: 4 x stick)
F3 [F3] climb diag: level at y=50 blocked toward 0,-1 (dug=0, wet) at [0,1,0] water (stop)
[F6] furnace within reach - opening without a walk
[F6] furnace within reach - opening without a walk
[F6] furnace within reach - opening without a walk
F10 yard approach: approach: the stall side-step (right) stalled too
F10 yard approach: approach: 6 segment(s) walked in 58.5s, goal now d=39.9 (still outside - a segment stalled (no position delta))
F12 [F12] water: drowning rescue start (drowning, oxygen 15)
F12 [F12] water: pass 0 head=wet shore=none land=n/a y=59.5 o2=15 probes=0 at=[-165,59,394]
[F18] took 1 x stone (3/7)
[F4] took 1 x iron_ingot (2/2)
[F4] furnace within reach - opening without a walk
F10 bank walk path event: path_stop (explicit)
[F4] fuel clips the batch: 1 x oak_log completes 1 of 31 x cobblestone (the rest re-smelts on the next chain)
[F4] the clock clips the batch: the 50s window completes ~4 of 31 x cobblestone (the rest re-smelts on the next chain)
F10 bank: yard walk attempt 1 failed: Timeout: Took to long to decide path to goal!
F10 bank: yard walk failed (Took to long to decide path to goal!) - smelting locally if a furnace is near
F10 camp furnace: build skipped - the leg clock (20s) cannot afford a 24s craft-planks build + the 5s put (5 log(s) in pocket - craft planks (largest same-type stack 1/4))
F10 fuel anchor scan returned empty (attempt 1/2) at [-164,53,411] yard d=40 - the palette empty-return class, re-querying
F10 fuel anchor scan returned empty (attempt 2/2) at [-164,53,411] yard d=40
F10 fuel anchor scan empty x2 - the singular probe rescued the scan (chest at [-142,73,410])
F10 fuel commons: the anchor chest is read first
[hb] n=22 ts=441s rss=427M late=104ms mainLate=868ms
F14 retry #1 in 5.1s (Timeout waiting for 4 ticks after 5200ms)
[F4] furnace slots after put: input=cobblestone fuel=oak_log
[F4] smelting 1 x cobblestone in a furnace (fuel: 1 x oak_log)
F9 retry #1 in 7.8s (Timeout waiting for 3 ticks after 5150ms)
F11 [F11] hop: chest at [-122,73,390] d=9 zero: cannot open chest (open chest: timeout after 10000ms)
F5 [F5] craft torches: skip (no coal: sticks 3 coals 0)
F12 [F12] water: pass 3 head=dry shore=hit r=6 land=none y=62.8 o2=15 probes=0 at=[-165,63,394]
[F6] furnace within reach - opening without a walk
F12 [F12] craft torches: skip (no coal: sticks 4 coals 0)
t-158s alive=19/19 mined=1836 map=1042p/19ch banked=0 smelted=0 pocket=1779u/250s | sand=46 gravel=8 dirt=220 stone=6
   deficits: 157926/46 (0.0%) 149380/8 (0.0%) 31860/0 (0.0%) 27420/0 (0.0%) 10725/37 (0.3%)
   F1=86[cobblestone:44 dirt:27 leaf_litter:11] | F2=161[cobblestone:52 raw_copper:24 copper_ingot:7] | F3=78[cobblestone:26 dirt:25 stick:4] | F4=151[cobblestone:37 torch:24 sand:10] | F5=25[cobblestone:19 birch_log:5 dirt:4] | F6=137[sand:12 cobblestone:11 oak_planks:7] | F7=76[dirt:13 stick:6 leaf_litter:5] | F8=55[dirt:12 leaf_litter:5 oak_sapling:4] | F9=41[cobblestone:66 torch:5 dirt:3] | F10=117[granite:61 cobblestone:33 dirt:25] | F11=109[cobblestone:61 raw_copper:26 andesite:14] | F12=78[dirt:40 oak_planks:10 sand:9] | F13=96[cobblestone:36 oak_log:6 stick:6] | F14=90[cobblestone:43 andesite:11 oak_planks:7] | F15=93[cobblestone:67 raw_copper:27 torch:15] | F16=47[cobblestone:17 torch:10 oak_planks:5] | F17=86[cobblestone:36 diorite:11 oak_log:7] | F18=151[cobblestone:49 coal:48 granite:27] | F19=159[cobblestone:107 dirt:24 leaf_litter:15]
   mem: heap=129M/171M old=-1M ext=152M ab=150M rss=427M cols=1946 ents=4017 evicted=1364 path=5a/0q (max 6) stale=1
F10 fuel commons: path nudge approach: 2 segment(s) walked in 1.7s, goal now d=28.9 (still outside - a segment stalled (no position delta))
F10 fuel commons: path nudge closed to d=28.9 - retrying the same chest
F12 [F12] water: pass 6 head=dry shore=hit r=5 land=none y=62.5 o2=20 probes=0 at=[-163,63,395]
F10 fuel commons: chest walk failed after the nudge (Took to long to decide path to goal!)
F10 fuel commons: chest at [-142,73,412] the yard stands 20 levels up over 18b lateral - the walk ladder cannot climb, the ask rides (the tithe owns the deep resupply)
F7 climb out (trip): OK +6 levels (5 steps, 8 dug, 12s)
F10 fuel anchor scan returned empty (attempt 1/2) at [-156,53,413] yard d=34 - the palette empty-return class, re-querying
F10 fuel anchor scan returned empty (attempt 2/2) at [-156,53,413] yard d=34
F10 fuel anchor scan empty x2 - the singular probe rescued the scan (chest at [-142,73,412])
F10 fuel commons: the anchor chest is read first
F10 fuel commons: chest at [-142,73,412] the yard stands 20 levels up over 15b lateral - the walk ladder cannot climb, the ask rides (the tithe owns the deep resupply)
F10 fuel anchor scan returned empty (attempt 1/2) at [-156,53,413] yard d=34 - the palette empty-return class, re-querying
F10 fuel anchor scan returned empty (attempt 2/2) at [-156,53,413] yard d=34
F10 fuel anchor scan empty x2 - the singular probe rescued the scan (chest at [-142,73,412])
F10 fuel commons: the anchor chest is read first
F10 fuel commons: chest at [-142,73,412] the yard stands 20 levels up over 15b lateral - the walk ladder cannot climb, the ask rides (the tithe owns the deep resupply)
F10 smelt: 0 (raw_iron@-: no fuel; raw_copper@-: no fuel; cobblestone@-: no fuel)
F10 iron commune: iron commune: chest the yard stands 20 levels up over 15b lateral - the walk ladder cannot climb, the fragments ride (the ask retries near the yard)
F12 [F12] water: pass 9 head=dry shore=hit r=3 land=none y=62.5 o2=20 probes=0 at=[-162,63,397]
F7 map trip skipped: sand,gravel unreachable
F11 [F11] raw hop failed: raw walk stalled after 2649ms (d=10.0) - pathfinder retry
F5 retry #1 in 5.6s (Timeout waiting for 4 ticks after 5200ms)
F15 [F15] climb diag: level at y=55 blocked toward 1,0 (dug=0, wet) at [0,1,0] water (stop)
F16 [F16] climb diag: level at y=41 blocked toward 1,0 (dug=0, wet) at [0,1,0] water (stop)
F12 [F12] water: pass 11 head=dry shore=hit r=3 land=none y=62.7 o2=20 probes=0 at=[-161,63,397]
F14 [F14] water: drowning rescue start (drowning, oxygen 1)
F14 [F14] water: pass 0 head=wet shore=none land=n/a y=47.2 o2=1 probes=0 at=[-118,47,389]
[F13] took 1 x stone (1/1)
[F13] furnace within reach - opening without a walk
F14 [F14] craft torches: 3 batch(es) -> 12 torches (sticks 5 coals 22)
[F13] fuel clips the batch: 2 x stick completes 1 of 27 x cobblestone (the rest re-smelts on the next chain)
[F13] the clock clips the batch: the 4s window completes ~1 of 27 x cobblestone (the rest re-smelts on the next chain)
F7 sword due: planks available
F7 sword: no table reachable or placeable
F7 sword: failed (no table)
F7 [F7] craft torches: skip (no coal: sticks 6 coals 0)
[F18] took 1 x stone (4/7)
F12 tunnel: 0 blocks (branch mine at the floor, floor lock)
F12 tunnel: 0 blocks x3 - sealed or flooded, cooling down 15s
F12 [F12] water: pass 13 head=dry shore=hit r=2 land=none y=62.6 o2=20 probes=0 at=[-160,63,398]
[F13] furnace slots after put: input=cobblestone fuel=stick
[F13] smelting 1 x cobblestone in a furnace (fuel: 2 x stick)
F14 [F14] water: pass 3 head=wet shore=none land=n/a y=47.2 o2=0 probes=0 at=[-118,47,389]
F14 [F14] water: frozen physics (4 flat passes at y=47.2, o2=0, head WET - the wet-critical fast window) - standing down, the reconnect lane owns this
F14 [F14] water: rescue standing down (frozen physics - the walk gate reopens, the reconnect lane owns a dead client) in 2.4s
F14 [F14] water: frozen client relog (#2 consecutive) (frozen while head-wet (1 verdict) - the drowning clock owns this client) - ending the session, the reconnect lane rebuilds the physics; the drowning sentry holds non-critical pages 20s (the frozen-return gate)
F14 [F14] water: hazard memorized at [-118,47,389] (13 live, fleet-wide)
[F2] walk nudge: approach: 1 segment(s) walked in 7.6s, goal now d=23.1 (inside the direct envelope)
[F2] walk nudge: inside the direct envelope
F9 [F9] craft torches: skip (no spare sticks: sticks 2 coals 1)
F9 tunnel: steering coal_ore @ 5.3b (axis z+, cross 0.29999999999999716, ore detour)
F9 tunnel: 0 blocks (branch mine at the floor, steered, ore detour)
F9 [F9] craft torches: skip (no spare sticks: sticks 2 coals 1)
F9 tunnel: steering coal_ore @ 5.3b (axis z+, cross 0.7000000000000028, floor lock)
F9 tunnel: 0 blocks (branch mine at the floor, steered, floor lock)
F2 smelted 7 (copper_ingot:7) rescued=0
F12 [F12] water: pass 15 head=dry shore=hit r=1 land=none y=63.4 o2=20 probes=0 at=[-159,63,399]
F11 [F11] hop: chest at [-123,73,390] d=9 zero: chest unreachable (Took to long to decide path to goal!)
[F4] took 1 x stone (1/1)
[F4] furnace within reach - opening without a walk
F9 [F9] craft torches: skip (no spare sticks: sticks 2 coals 1)
F13 smelted 7 (stone:7) rescued=0
F9 tunnel: steering coal_ore @ 5.4b (axis z+, cross 0.4424340371396198, ore detour)
F9 tunnel: 0 blocks (branch mine at the floor, steered, ore detour)
F9 tunnel: 0 blocks x3 - sealed or flooded, cooling down 15s
F3 [F3] climb diag: level at y=50 blocked toward 0,-1 (dug=0, wet) at [0,1,0] water (stop)
F7 [F7] digShaft: water table y=57 (region strike) - stopping above the aquifer, the tunnel owns this level (regions 2)
F7 tunnel: steering coal_ore @ 17.4b (axis x+, cross 1.5675687853985778, ore detour)
F5 [F5] craft torches: skip (no coal: sticks 3 coals 0)
F2 iron commune: iron commune: path nudge approach: 1 segment(s) walked in 0.3s, goal now d=11.0 (inside the direct envelope)
F2 iron commune: iron commune: path nudge inside the direct envelope
F13 iron commune: chest holds 0 ingot(s) - nothing to complete here
F10 [F10] chest skip (vertical doom: the yard stands 20 levels up over 12b lateral - the walk ladder cannot climb)
F10 [F10] chest skip (vertical doom: the yard stands 20 levels up over 12b lateral - the walk ladder cannot climb)
F10 [F10] chest skip (doomed goal cached 14s ago at [-142,73,410])
F10 [F10] chest skip (vertical doom: the yard stands 20 levels up over 13b lateral - the walk ladder cannot climb)
F10 [F10] chest skip (vertical doom: the yard stands 20 levels up over 14b lateral - the walk ladder cannot climb)
F10 [F10] chest skip (doomed goal cached 11s ago at [-137,73,412])
F10 [F10] chest skip (vertical doom: the yard stands 20 levels up over 17b lateral - the walk ladder cannot climb)
F10 [F10] chest skip (vertical doom: the yard stands 20 levels up over 17b lateral - the walk ladder cannot climb)
F10 bank: 0 (no chest in range)
F10 [F10] craft torches: skip (no coal: sticks 3 coals 0)
F12 [F12] water: pass 17 head=dry shore=hit r=1 land=none y=63.4 o2=20 probes=0 at=[-156,63,400]
[F1] walk nudge: approach: 1 segment(s) walked in 18.4s, goal now d=16.2 (inside the direct envelope)
[F1] walk nudge: inside the direct envelope
F14 [F14] craft torch: variant#3 attempt0 failed: craft torch: timeout after 7000ms
F14 [F14] [tools] closing stale craft window (minecraft:inventory) - grid recovery
[F4] furnace within reach - opening without a walk
F1 smelt: 0 (cobblestone@furnace: machine unreachable (visit budget spent (walk slice)))
F1 iron commune: iron commune: chest the yard stands 20 levels up over 15b lateral - the walk ladder cannot climb, the fragments ride (the ask retries near the yard)
F1 [F1] chest skip (vertical doom: the yard stands 20 levels up over 15b lateral - the walk ladder cannot climb)
F1 [F1] chest skip (vertical doom: the yard stands 20 levels up over 17b lateral - the walk ladder cannot climb)
F1 [F1] chest skip (vertical doom: the yard stands 20 levels up over 19b lateral - the walk ladder cannot climb)
F1 [F1] chest skip (vertical doom: the yard stands 20 levels up over 16b lateral - the walk ladder cannot climb)
F1 [F1] chest skip (vertical doom: the yard stands 20 levels up over 17b lateral - the walk ladder cannot climb)
F1 [F1] chest skip (vertical doom: the yard stands 20 levels up over 18b lateral - the walk ladder cannot climb)
F1 [F1] chest skip (vertical doom: the yard stands 20 levels up over 18b lateral - the walk ladder cannot climb)
F1 [F1] chest skip (vertical doom: the yard stands 20 levels up over 19b lateral - the walk ladder cannot climb)
F1 bank: 0 (no chest in range)
F13 iron commune: chest holds 0 ingot(s) - nothing to complete here
F9 [F9] water: drowning rescue start (drowning, oxygen 12)
F9 [F9] water: pass 0 head=wet shore=none land=n/a y=41.0 o2=12 probes=0 at=[-101,41,387]
F1 sword due: cobble available
F1 sword: no table reachable or placeable
F1 sword: failed (no table)
F1 [F1] craft torches: skip (no coal: sticks 4 coals 0)
F1 [F1] digShaft: water table y=51 (region strike) - stopping above the aquifer, the tunnel owns this level (regions 2)
F1 [F1] craft torches: skip (no coal: sticks 4 coals 0)
F1 [F1] digShaft: water table y=51 (region strike) - stopping above the aquifer, the tunnel owns this level (regions 2)
F1 tunnel: steering coal_ore @ 7.8b (axis x+, cross 2.4905231677716415, floor lock)
F2 iron commune: iron commune: chest walk failed after the nudge (Took to long to decide path to goal!)
F2 iron commune: chest walk failed (Took to long to decide path to goal!)
F12 [F12] water: pass 18 head=dry shore=hit r=1 land=none y=63.8 o2=20 probes=0 at=[-155,64,400]
t-143s alive=19/19 mined=1848 map=1042p/19ch banked=0 smelted=14 pocket=1811u/251s | sand=46 gravel=8 dirt=228 stone=8
   deficits: 157926/46 (0.0%) 149380/8 (0.0%) 31860/0 (0.0%) 27420/0 (0.0%) 10725/37 (0.3%)
   F1=86[cobblestone:44 dirt:27 leaf_litter:11] | F2=161[cobblestone:52 raw_copper:24 copper_ingot:7] | F3=78[cobblestone:26 dirt:25 stick:4] | F4=151[cobblestone:36 torch:24 sand:10] | F5=25[cobblestone:19 birch_log:5 dirt:4] | F6=137[sand:12 cobblestone:11 oak_planks:7] | F7=83[dirt:21 leaf_litter:8 stick:6] | F8=58[dirt:12 leaf_litter:5 oak_sapling:4] | F9=41[cobblestone:66 torch:5 dirt:3] | F10=119[granite:61 cobblestone:41 dirt:25] | F11=109[cobblestone:61 raw_copper:26 andesite:14] | F12=78[dirt:40 oak_planks:10 sand:9] | F13=96[cobblestone:35 stone:7 oak_log:6] | F14=90[cobblestone:43 coal:21 andesite:11] | F15=93[cobblestone:67 raw_copper:27 torch:15] | F16=47[cobblestone:17 torch:10 oak_planks:5] | F17=86[cobblestone:36 diorite:11 oak_log:7] | F18=151[cobblestone:49 coal:48 granite:27] | F19=159[cobblestone:107 dirt:24 leaf_litter:15]
   mem: heap=146M/177M old=-1M ext=175M ab=172M rss=466M cols=1986 ents=4080 evicted=1342 path=5a/0q (max 6) stale=1
F13 iron commune: chest holds 0 ingot(s) - nothing to complete here
F13 [F13] chest skip (no path cached 5s ago at [-121,73,390])
F13 [F13] chest skip (no path cached 5s ago at [-122,73,390])
F13 [F13] chest skip (no path cached 5s ago at [-123,73,390])
[F4] furnace within reach - opening without a walk
F16 climb out (trip): failed - stalled
F16 map trip skipped: cannot leave the shaft
[F18] took 1 x stone (5/7)
F2 iron commune: chest walk failed (No path to the goal!)
F9 [F9] water: deep-pocket ascend - dug the ceiling stone at [-102,44,386] (jump stalled 4+ passes, o2 20)
F9 [F9] water: pass 7 head=wet shore=none land=n/a y=42.4 o2=20 probes=0 at=[-101,42,387]
F10 tool upgrade due: worn (left=11/131) -> stone_pickaxe
F10 [toolupgrade] craft crafting_table: no craftable recipe variant (ingredients missing?)
F12 [F12] water: pass 22 head=dry shore=hit r=1 land=none y=62.0 o2=20 probes=0 at=[-160,62,400]
[hb] n=23 ts=461s rss=468M late=109ms mainLate=661ms
F10 [toolupgrade] plank rung: converted 1->5 same-type planks (need 4, from oak_log)
F13 [F13] direct deposit: 27 chest slots derived from the 63-slot view
F13 bank: +82
F12 [F12] water: rescue complete in 22.1s
F12 [F12] water: hazard memorized at [-161,62,400] (12 live, fleet-wide)
F9 [F9] water: frozen physics (10 flat passes at y=42.4, o2=20, head WET) - standing down, the reconnect lane owns this
F9 [F9] water: rescue standing down (frozen physics - the walk gate reopens, the reconnect lane owns a dead client) in 3.9s
F9 [F9] water: frozen client relog (#3 consecutive) (frozen while head-wet (1 verdict) - the drowning clock owns this client) - ending the session, the reconnect lane rebuilds the physics; the drowning sentry holds non-critical pages 40s (the frozen-return gate)
F9 [F9] water: hazard memorized at [-102,42,386] (13 live, fleet-wide)
F2 iron commune: chest walk failed (No path to the goal!)
F2 [F2] chest skip (doomed goal cached 0s ago at [-127,73,410])
F11 [F11] water: drowning rescue start (drowning, oxygen 15)
F11 [F11] water: pass 0 head=wet shore=none land=n/a y=60.0 o2=15 probes=0 at=[-138,60,390]
F13 sword due: planks available
F13 sword: no table reachable or placeable
F13 sword: failed (no table)
F13 [F13] craft torches: skip (no coal: sticks 3 coals 0)
F10 [toolupgrade] spare table: crafted
F5 [F5] water: frozen-return gate holds the page (28s left) - the fresh client walks the hazard-ledgered column out
F11 [F11] water: pass 4 head=dry shore=hit r=2 land=none y=62.4 o2=20 probes=0 at=[-138,62,390]
F5 [F5] digShaft: water hazard 0.8b away (live 13) - refusing this column, the caller rotates
F5 tunnel: steering coal_ore @ 4.9b (axis x+, cross 1.6999999999999886, ore detour)
F5 tunnel: 0 blocks (branch mine at the floor, steered, ore detour)
F5 [F5] vein sweep: refused a cell - drop of 5 below the cell (cave?) - the ore waits for a safe angle
F5 [F5] craft torches: skip (no coal: sticks 3 coals 0)
F13 tunnel: 0 blocks (branch mine at the floor, floor lock)
F11 [F11] raw hop failed: raw walk timeout after 12331ms (d=10.9) - pathfinder retry
F13 [F13] craft torches: skip (no coal: sticks 3 coals 0)
F7 tunnel: 12 blocks (branch mine at the floor, steered, ore detour)
F11 [F11] water: pass 10 head=wet shore=none land=n/a y=61.8 o2=20 probes=0 at=[-137,62,391]
F10 [toolupgrade] stone_pickaxe: crafted (worn (left=11/131))
F10 tool upgrade: OK -> stone_pickaxe (worn (left=11/131))
F10 [F10] craft torches: stick-dry with logs held - one plank conversion first
F12 [F12] craft torches: skip (no coal: sticks 4 coals 0)
F10 [F10] craft torches: stick-dry but 9 planks held - one stick batch first
F10 [F10] craft torches: skip (no coal: sticks 5 coals 0)
F19 [F19] raw hop failed: raw walk timeout after 15022ms (d=4.3) - pathfinder retry
F13 tunnel: 0 blocks (branch mine at the floor, ore detour)
F13 [F13] craft torches: skip (no coal: sticks 3 coals 0)
F11 [F11] water: pass 17 head=dry shore=hit r=1 land=none y=62.5 o2=20 probes=0 at=[-136,63,392]
[F18] took 1 x stone (6/7)
F9 [F9] craft torches: skip (no spare sticks: sticks 2 coals 1)
F1 tunnel: 13 blocks (branch mine at the floor, steered, floor lock)
F10 bank trip: skipped (pockets full, 130s left < 150s - the end-phase owns the deadline banking)
F5 [F5] water: drowning rescue start (drowning, oxygen 4)
F5 [F5] water: pass 0 head=wet shore=none land=n/a y=41.8 o2=4 probes=0 at=[-132,42,397]
F11 [F11] water: pass 21 head=dry shore=hit r=2 land=none y=65.2 o2=20 probes=0 at=[-136,65,396]
F14 [F14] craft torch: variant#3 attempt1 failed: craft torch: timeout after 7000ms
F14 [F14] [tools] closing stale craft window (minecraft:inventory) - grid recovery
F5 tunnel: steering coal_ore @ 7.3b (axis x+, cross 0.6999999999999886, floor lock)
F5 tunnel: 0 blocks (branch mine at the floor, steered, floor lock)
F5 [F5] vein sweep: refused a cell - drop of 5 below the cell (cave?) - the ore waits for a safe angle
F3 climb out (trip): failed - stalled
F3 map trip skipped: cannot leave the shaft
F12 [F12] water: drowning rescue start (drowning, oxygen 13)
F12 [F12] water: pass 0 head=wet shore=none land=n/a y=58.0 o2=13 probes=0 at=[-165,58,397]
F1 [F1] vein sweep: 2 drop(s) in reach (2 dug)
F10 [F10] craft torches: skip (no coal: sticks 5 coals 0)
F10 bank trip: skipped (pockets full, 128s left < 150s - the end-phase owns the deadline banking)
F10 [F10] craft torches: skip (no coal: sticks 5 coals 0)
F10 tunnel: steering coal_ore @ 5.4b (axis z--1, cross 0.3725999499076522, floor lock)
F5 [F5] craft torches: skip (no coal: sticks 3 coals 0)
F5 [F5] water: pass 6 head=dry shore=hit r=2 land=none y=49.2 o2=1 probes=0 at=[-132,49,397]
F13 tunnel: 0 blocks (branch mine at the floor, floor lock)
F13 tunnel: 0 blocks x3 - sealed or flooded, cooling down 15s
F12 [F12] craft torches: skip (no coal: sticks 4 coals 0)
t-127s alive=19/19 mined=1883 map=1085p/19ch banked=82 smelted=14 pocket=1797u/253s | sand=46 gravel=8 dirt=241 stone=1
   deficits: 157926/46 (0.0%) 149380/8 (0.0%) 31860/0 (0.0%) 27420/0 (0.0%) 10725/37 (0.3%)
   F1=101[cobblestone:56 dirt:27 leaf_litter:11] | F2=161[cobblestone:52 raw_copper:24 copper_ingot:7] | F3=78[cobblestone:26 dirt:25 stick:4] | F4=151[cobblestone:36 torch:24 sand:10] | F5=25[cobblestone:19 birch_log:5 dirt:4] | F6=137[sand:12 cobblestone:8 oak_planks:7] | F7=93[dirt:31 leaf_litter:8 stick:6] | F8=59[dirt:15 oak_sapling:5 leaf_litter:5] | F9=41[cobblestone:66 torch:5 dirt:3] | F10=128[granite:61 cobblestone:49 dirt:25] | F11=109[cobblestone:61 raw_copper:26 andesite:14] | F12=78[dirt:40 oak_planks:10 sand:9] | F13=96[oak_log:6 oak_planks:5 stick:3] | F14=90[cobblestone:43 torch:11 andesite:11] | F15=93[cobblestone:67 raw_copper:27 torch:15] | F16=47[cobblestone:17 torch:10 oak_planks:5] | F17=86[cobblestone:36 diorite:11 oak_log:7] | F18=151[cobblestone:49 coal:48 granite:27] | F19=159[cobblestone:107 dirt:24 leaf_litter:15]
   mem: heap=141M/178M old=-1M ext=171M ab=169M rss=469M cols=1944 ents=4031 evicted=1423 path=6a/2q (max 6) stale=1
F11 [F11] water: rescue complete in 11.5s
F11 [F11] water: hazard memorized at [-136,62,391] (12 live, fleet-wide)
F2 [F2] raw hop failed: raw walk: no net progress for 8248ms (best d=8.9) - pathfinder retry
F11 [F11] hop: chest at [-138,73,390] d=18 zero: chest unreachable (budget exhausted (walk floor))
F11 bank fallback: none (budget exhausted)
F11 camp furnace: 3 near machine(s) beyond the 24b direct envelope (nearest d=11.4) - 12 inside the envelope keep the veto
F11 camp furnace: no build (machine near)
F5 [F5] water: pass 10 head=dry shore=hit r=2 land=none y=49.2 o2=14 probes=0 at=[-131,49,397]
F9 retry #1 in 8.8s (Timeout waiting for 4 ticks after 5200ms)
F12 [F12] water: pass 11 head=dry shore=hit r=2 land=none y=62.8 o2=20 probes=0 at=[-161,63,399]
F10 tunnel: 2 blocks (branch mine at the floor, steered, floor lock)
F12 tunnel: 0 blocks (branch mine at the floor, floor lock)
F12 [F12] craft torches: skip (no coal: sticks 4 coals 0)
F12 [F12] craft torches: skip (no coal: sticks 4 coals 0)
F12 tunnel: 0 blocks (branch mine at the floor, floor lock)
F12 [F12] craft torches: skip (no coal: sticks 4 coals 0)
F12 [F12] craft torches: skip (no coal: sticks 4 coals 0)
F12 tunnel: 0 blocks (branch mine at the floor, floor lock)
F12 tunnel: 0 blocks x3 - sealed or flooded, cooling down 15s
F14 [F14] craft torch: all 1 variant(s) failed, last: craft torch: timeout after 7000ms
F14 [F14] craft torches: craft did not land (held 11 torch(es))
F5 [F5] water: pass 16 head=dry shore=hit r=1 land=none y=49.2 o2=20 probes=0 at=[-131,49,397]
F12 [F12] water: pass 18 head=dry shore=hit r=1 land=none y=63.8 o2=20 probes=0 at=[-157,64,401]
F5 [F5] water: frozen physics (10 flat passes at y=49.2, o2=20) - standing down, the reconnect lane owns this
F5 [F5] water: rescue standing down (frozen physics - the walk gate reopens, the reconnect lane owns a dead client) in 8.2s
F5 [F5] water: hazard memorized at [-132,49,396] (13 live, fleet-wide)
F10 [F10] vein sweep: 4 drop(s) in reach (4 dug)
[F18] took 1 x stone (7/7)
F12 [F12] water: pass 20 head=dry shore=hit r=1 land=none y=63.4 o2=20 probes=0 at=[-158,63,401]
F5 [F5] digShaft: water hazard 0.8b away (live 13) - refusing this column, the caller rotates
F5 tunnel: steering iron_ore @ 12.4b (axis x+, cross 0.6999999999999886, ore detour)
F5 tunnel: 0 blocks (branch mine at the floor, steered, ore detour)
F5 [F5] vein sweep: refused a cell - drop of 5 below the cell (cave?) - the ore waits for a safe angle
F5 tunnel: 0 blocks x3 - sealed or flooded, cooling down 15s
[hb] n=24 ts=481s rss=467M late=114ms mainLate=1118ms
F6 fuel anchor scan returned empty (attempt 1/2) at [-122,49,419] yard d=33 - the palette empty-return class, re-querying
F6 fuel anchor scan returned empty (attempt 2/2) at [-122,49,419] yard d=33
F6 fuel anchor scan empty x2 - the singular probe rescued the scan (chest at [-122,73,416])
F6 fuel commons: the anchor chest is read first
F6 fuel commons: chest at [-122,73,416] the yard stands 24 levels up over 3b lateral - the walk ladder cannot climb, the ask rides (the tithe owns the deep resupply)
F6 fuel anchor scan returned empty (attempt 1/2) at [-122,49,419] yard d=33 - the palette empty-return class, re-querying
F6 fuel anchor scan returned empty (attempt 2/2) at [-122,49,419] yard d=33
F6 fuel anchor scan empty x2 - the singular probe rescued the scan (chest at [-122,73,416])
F6 fuel commons: the anchor chest is read first
F6 fuel commons: chest at [-122,73,416] the yard stands 24 levels up over 3b lateral - the walk ladder cannot climb, the ask rides (the tithe owns the deep resupply)
F6 smelted 1 (copper_ingot:1) rescued=0
F6 iron commune: iron commune: chest the yard stands 24 levels up over 3b lateral - the walk ladder cannot climb, the fragments ride (the ask retries near the yard)
F6 [F6] chest skip (vertical doom: the yard stands 24 levels up over 3b lateral - the walk ladder cannot climb)
F6 [F6] chest skip (vertical doom: the yard stands 24 levels up over 5b lateral - the walk ladder cannot climb)
F6 [F6] chest skip (vertical doom: the yard stands 24 levels up over 6b lateral - the walk ladder cannot climb)
F6 [F6] chest skip (vertical doom: the yard stands 24 levels up over 5b lateral - the walk ladder cannot climb)
F6 [F6] chest skip (vertical doom: the yard stands 24 levels up over 6b lateral - the walk ladder cannot climb)
F6 [F6] chest skip (vertical doom: the yard stands 24 levels up over 7b lateral - the walk ladder cannot climb)
F6 [F6] chest skip (vertical doom: the yard stands 24 levels up over 8b lateral - the walk ladder cannot climb)
F6 [F6] chest skip (vertical doom: the yard stands 24 levels up over 7b lateral - the walk ladder cannot climb)
F6 bank: +89
F2 [F2] raw hop failed: raw walk: no net progress for 8187ms (best d=9.0) - pathfinder retry
F11 smelt: 0 (raw_copper@blast_furnace: machine unreachable (visit budget spent (walk slice)))
F1 [F1] vein sweep: the drop walk to [-106,51,435] failed - sweep drops: timeout after 4000ms (dy -1.9, range 2)
F12 [F12] water: pass 22 head=dry shore=hit r=2 land=none y=64.2 o2=20 probes=0 at=[-159,64,401]
F14 retry #1 in 3.8s (Timeout waiting for 4 ticks after 5200ms)
F19 [F19] hop: chest at [-102,73,408] d=6 zero: chest unreachable (walk to chest (retry): timeout after 15000ms)
F12 [F12] water: pass 24 head=dry shore=hit r=2 land=none y=64.0 o2=20 probes=0 at=[-159,64,401]
F10 [F10] vein sweep: the drop walk to [-155,45,416] failed - sweep drops: timeout after 4000ms (dy 2.0, range 2)
F9 [F9] craft torches: skip (no spare sticks: sticks 2 coals 1)
F9 tunnel: steering coal_ore @ 5.3b (axis z+, cross 0.4424340371396198, ore detour)
F9 tunnel: 0 blocks (branch mine at the floor, steered, ore detour)
F9 [F9] craft torches: skip (no spare sticks: sticks 2 coals 1)
F9 tunnel: steering coal_ore @ 5.3b (axis z+, cross 0.5575659628603802, floor lock)
F9 tunnel: 0 blocks (branch mine at the floor, steered, floor lock)
F9 [F9] craft torches: skip (no spare sticks: sticks 2 coals 1)
F9 tunnel: steering coal_ore @ 5.5b (axis z+, cross 0.4424340371396198, ore detour)
F9 tunnel: 0 blocks (branch mine at the floor, steered, ore detour)
F9 tunnel: 0 blocks x3 - sealed or flooded, cooling down 15s
F12 [F12] water: pass 26 head=dry shore=hit r=1 land=none y=64.0 o2=20 probes=0 at=[-156,64,401]
F2 [F2] hop: chest at [-127,73,408] d=9 zero: chest unreachable (Took to long to decide path to goal!)
F2 [F2] chest skip (no path cached 0s ago at [-127,73,406])
F2 [F2] chest skip (no path cached 0s ago at [-127,73,412])
F2 [F2] hop: chest at [-122,73,408] d=10 zero: chest unreachable (budget exhausted (walk floor))
F2 [F2] hop: chest at [-122,73,406] d=10 zero: chest unreachable (budget exhausted (walk floor))
F2 [F2] hop: chest at [-122,73,410] d=10 zero: chest unreachable (budget exhausted (walk floor))
F2 [F2] hop: chest at [-127,73,414] d=11 zero: chest unreachable (budget exhausted (walk floor))
F2 bank: +65
F11 iron commune: iron commune: path nudge approach: 1 segment(s) walked in 0.4s, goal now d=11.8 (inside the direct envelope)
F11 iron commune: iron commune: path nudge inside the direct envelope
t-112s alive=19/19 mined=1893 map=1081p/19ch banked=236 smelted=15 pocket=1812u/254s | sand=46 gravel=8 dirt=241 stone=8
   deficits: 157926/46 (0.0%) 149380/8 (0.0%) 31860/0 (0.0%) 27420/0 (0.0%) 10725/37 (0.3%)
   F1=101[cobblestone:59 dirt:27 leaf_litter:11] | F2=161[cobblestone:52 raw_copper:24 copper_ingot:7] | F3=78[cobblestone:26 dirt:25 stick:4] | F4=151[cobblestone:34 torch:24 sand:10] | F5=25[cobblestone:19 birch_log:5 dirt:4] | F6=137[sand:12 oak_planks:7 cobblestone:7] | F7=95[dirt:31 leaf_litter:8 stick:6] | F8=62[dirt:15 oak_sapling:5 leaf_litter:5] | F9=41[cobblestone:66 torch:5 dirt:3] | F10=133[granite:61 cobblestone:52 dirt:25] | F11=109[cobblestone:61 raw_copper:26 andesite:14] | F12=78[dirt:40 oak_planks:10 sand:9] | F13=96[oak_log:6 oak_planks:5 stick:3] | F14=90[cobblestone:43 coal:20 andesite:11] | F15=93[cobblestone:67 raw_copper:27 torch:15] | F16=47[cobblestone:17 torch:10 oak_planks:5] | F17=86[cobblestone:36 diorite:11 oak_log:7] | F18=151[coal:47 cobblestone:42 granite:27] | F19=159[cobblestone:107 dirt:24 leaf_litter:15]
   mem: heap=144M/183M old=-1M ext=181M ab=179M rss=473M cols=1887 ents=3747 evicted=1444 path=6a/6q (max 6) stale=1
F12 [F12] water: pass 27 head=dry shore=hit r=1 land=none y=64.2 o2=20 probes=0 at=[-155,64,401]
F12 [F12] water: rescue complete in 17.0s
F12 [F12] water: hazard memorized at [-161,62,400] (13 live, fleet-wide)
F14 [F14] water: drowning rescue start (drowning, oxygen 0)
F14 [F14] water: pass 0 head=wet shore=none land=n/a y=45.2 o2=0 probes=0 at=[-118,45,389]
F1 [F1] vein sweep: +4u walked from the drops (2 dug)
F1 [F1] vein sweep: 1 below-plane walk(s) still failed on the wide goal (range 2) - the drop rests deeper than the lip
F1 vein sweep: 2 ores dug beside the gallery (floor lock)
F2 [F2] craft torches: stick-dry with logs held - one plank conversion first
[F4] walk nudge: approach: 1 segment(s) walked in 2.7s, goal now d=3.6 (inside the direct envelope)
[F4] walk nudge: inside the direct envelope
F13 [F13] craft torches: skip (no coal: sticks 3 coals 0)
F4 smelted 3 (iron_ingot:2 stone:1) rescued=0
F2 [F2] [tools] closing stale craft window (minecraft:inventory) - grid recovery
F2 [F2] craft oak_planks: no craftable recipe variant (ingredients missing?)
F2 [F2] craft torches: skip (no spare sticks: sticks 2 coals 0)
F14 [F14] craft torches: stick-dry but 7 planks held - one stick batch first
[F18] walk nudge: approach: 1 segment(s) walked in 5.0s, goal now d=27.8 (still outside - the approach clock is spent)
[F18] walk nudge: closed to d=27.8 - retrying the machine from the new start
F11 iron commune: iron commune: chest walk failed after the nudge (No path to the goal!)
F11 iron commune: chest walk failed (No path to the goal!)
F14 [F14] craft torches: 2 batch(es) -> 8 torches (sticks 0 coals 20)
F5 [F5] water: drowning rescue start (drowning, oxygen 6)
F5 [F5] water: pass 0 head=wet shore=none land=n/a y=43.4 o2=6 probes=0 at=[-132,43,397]
F9 [F9] water: frozen-return gate holds the page (10s left) - the fresh client walks the hazard-ledgered column out
F14 [F14] water: pass 7 head=wet shore=none land=n/a y=47.2 o2=-1 probes=0 at=[-118,47,389]
F18 smelted 7 (stone:7) rescued=0
F18 iron commune: iron commune: chest the yard stands 25 levels up over 2b lateral - the walk ladder cannot climb, the fragments ride (the ask retries near the yard)
F18 fuel anchor scan returned empty (attempt 1/2) at [-124,48,417] yard d=32 - the palette empty-return class, re-querying
F18 fuel anchor scan returned empty (attempt 2/2) at [-124,48,417] yard d=32
F18 fuel anchor scan empty x2 - the singular probe rescued the scan (chest at [-122,73,416])
F18 fuel anchor: 0 delivered (the vertical gate: the yard stands 25 levels up over 2b lateral - the walk ladder cannot climb) - the legacy scatter carries the tithe
F18 [F18] chest skip (vertical doom: the yard stands 25 levels up over 2b lateral - the walk ladder cannot climb)
F18 [F18] chest skip (vertical doom: the yard stands 25 levels up over 4b lateral - the walk ladder cannot climb)
F18 [F18] chest skip (vertical doom: the yard stands 25 levels up over 7b lateral - the walk ladder cannot climb)
F18 [F18] chest skip (vertical doom: the yard stands 25 levels up over 4b lateral - the walk ladder cannot climb)
F18 [F18] chest skip (vertical doom: the yard stands 25 levels up over 5b lateral - the walk ladder cannot climb)
F18 [F18] chest skip (vertical doom: the yard stands 25 levels up over 6b lateral - the walk ladder cannot climb)
F18 [F18] chest skip (no path cached 5s ago at [-127,73,412])
F18 [F18] chest skip (vertical doom: the yard stands 25 levels up over 8b lateral - the walk ladder cannot climb)
F18 bank: 0 (no chest in range)
F10 [F10] vein sweep: the drop walk to [-150,45,415] failed - sweep drops: timeout after 4000ms (dy 2.0, range 2)
F14 [F14] water: frozen physics (4 flat passes at y=47.2, o2=0, head WET - the wet-critical fast window) - standing down, the reconnect lane owns this
F14 [F14] water: rescue standing down (frozen physics - the walk gate reopens, the reconnect lane owns a dead client) in 3.9s
F14 [F14] water: frozen client relog (#3 consecutive) (frozen while head-wet (1 verdict) - the drowning clock owns this client) - ending the session, the reconnect lane rebuilds the physics; the drowning sentry holds non-critical pages 40s (the frozen-return gate)
F14 [F14] water: hazard memorized at [-118,47,389] (14 live, fleet-wide)
F11 [F11] water: drowning rescue start (drowning, oxygen 13)
F11 [F11] water: pass 0 head=wet shore=none land=n/a y=60.7 o2=13 probes=0 at=[-138,61,391]
F14 [F14] water: drowning rescue start (drowning, oxygen 0)
F14 [F14] water: pass 0 head=wet shore=none land=n/a y=47.1 o2=0 probes=0 at=[-118,47,389]
F12 sword due: planks available
F12 sword: no table reachable or placeable
F12 sword: failed (no table)
F12 [F12] craft torches: skip (no coal: sticks 4 coals 0)
F12 [F12] digShaft: water hazard 2.4b away (live 14) - refusing this column, the caller rotates
F12 [F12] craft torches: skip (no coal: sticks 4 coals 0)
F12 [F12] digShaft: water hazard 2.4b away (live 14) - refusing this column, the caller rotates
F5 [F5] water: pass 4 head=wet shore=none land=n/a y=48.2 o2=3 probes=0 at=[-132,48,397]
F11 iron commune: chest walk failed (No path to the goal!)
F11 iron commune: chest walk failed (water rescue in progress (iron commune walk refused))
F11 [F11] chest skip (doomed goal cached 7s ago at [-138,73,390])
F11 [F11] chest skip (doomed goal cached 0s ago at [-140,73,390])
F4 iron commune: seeded the pool: +2 iron_ingot into a yard chest (the pocket rides the pool)
F4 [F4] direct deposit: 27 chest slots derived from the 63-slot view
F4 bank: +126
F14 [F14] water: pass 1 head=wet shore=none land=n/a y=47.1 o2=0 probes=0 at=[-118,47,389]
F11 [F11] water: pass 6 head=dry shore=hit r=1 land=none y=62.5 o2=20 probes=0 at=[-137,63,391]
F5 [F5] craft torches: skip (no coal: sticks 3 coals 0)
F5 [F5] water: pass 12 head=dry shore=hit r=2 land=none y=49.2 o2=13 probes=0 at=[-131,49,397]
F2 tool upgrade due: worn (left=11/131) -> stone_pickaxe
F9 [F9] water: drowning rescue start (drowning, oxygen 4)
F9 [F9] water: pass 0 head=wet shore=none land=n/a y=41.0 o2=4 probes=0 at=[-101,41,387]
F5 [F5] water: frozen physics (10 flat passes at y=49.2, o2=20) - standing down, the reconnect lane owns this
F5 [F5] water: rescue standing down (frozen physics - the walk gate reopens, the reconnect lane owns a dead client) in 6.0s
F5 [F5] water: hazard memorized at [-132,49,396] (15 live, fleet-wide)
F11 [F11] water: pass 10 head=dry shore=hit r=2 land=none y=64.2 o2=20 probes=0 at=[-135,64,393]
F7 [F7] vein sweep: 1 drop(s) in reach (3 dug)
F19 [F19] raw hop failed: raw walk timeout after 15134ms (d=5.0) - pathfinder retry
F12 tunnel: 7 blocks (branch mine at the floor, floor lock)
F2 [toolupgrade] stone_pickaxe: crafted (worn (left=11/131))
F2 tool upgrade: OK -> stone_pickaxe (worn (left=11/131))
F2 [F2] craft torches: stick-dry but 5 planks held - one stick batch first
F2 [F2] craft torches: skip (no coal: sticks 4 coals 0)
F2 [F2] digShaft: water strike at y=52 -> water table (regions 2); fluid below (-126, 53, 411) - moving sideways
F14 retry #1 in 4.2s (Timeout waiting for 4 ticks after 5200ms)
F9 [F9] water: deep-pocket ascend - dug the ceiling stone at [-102,44,386] (jump stalled 4+ passes, o2 9)
F9 [F9] water: pass 8 head=wet shore=none land=n/a y=42.2 o2=10 probes=0 at=[-101,42,387]
F14 [F14] water: pass 3 head=wet shore=none land=n/a y=47.1 o2=0 probes=0 at=[-118,47,389]
F14 [F14] water: rescue standing down (frozen physics - the walk gate reopens, the reconnect lane owns a dead client) in 6.0s
F14 [F14] water: frozen client relog (#4 consecutive) (frozen while head-wet (1 verdict) - the drowning clock owns this client) - ending the session, the reconnect lane rebuilds the physics; the drowning sentry holds non-critical pages 60s (the frozen-return gate)
F14 [F14] water: hazard memorized at [-118,47,389] (16 live, fleet-wide)
F9 [F9] water: frozen physics (10 flat passes at y=42.2, o2=16, head WET) - standing down, the reconnect lane owns this
F9 [F9] water: rescue standing down (frozen physics - the walk gate reopens, the reconnect lane owns a dead client) in 3.1s
F9 [F9] water: frozen client relog (#4 consecutive) (frozen while head-wet (1 verdict) - the drowning clock owns this client) - ending the session, the reconnect lane rebuilds the physics; the drowning sentry holds non-critical pages 60s (the frozen-return gate)
F9 [F9] water: hazard memorized at [-102,42,386] (17 live, fleet-wide)
F11 [F11] water: pass 13 head=dry shore=hit r=1 land=none y=63.8 o2=20 probes=0 at=[-138,64,395]
[hb] n=25 ts=501s rss=479M late=118ms mainLate=753ms
F17 [F17] craft torches: 1 batch(es) -> 4 torches (sticks 3 coals 1)
F9 [F9] craft torches: skip (no spare sticks: sticks 2 coals 1)
F11 [F11] water: rescue complete in 9.5s
F11 [F11] water: hazard memorized at [-137,62,391] (18 live, fleet-wide)
F5 [F5] digShaft: water hazard 0.8b away (live 18) - refusing this column, the caller rotates
F5 tunnel: steering coal_ore @ 6.7b (axis x--1, cross 0.6999999999999886, floor lock)
F5 tunnel: 0 blocks (branch mine at the floor, steered, floor lock)
F5 [F5] vein sweep: refused a cell - drop of 5 below the cell (cave?) - the ore waits for a safe angle
F16 [F16] craft torches: skip (no coal: sticks 4 coals 0)
F16 [F16] craft torches: skip (no coal: sticks 4 coals 0)
F16 tunnel: steering coal_ore @ 4.6b (axis z--1, cross 0.5, floor lock)
t-97s alive=19/19 mined=1911 map=1106p/19ch banked=362 smelted=25 pocket=1814u/252s | sand=43 gravel=8 dirt=247 stone=7
   deficits: 157926/43 (0.0%) 149380/8 (0.0%) 31860/0 (0.0%) 27420/0 (0.0%) 10725/37 (0.3%)
   F1=101[cobblestone:69 dirt:27 leaf_litter:11] | F2=171[cobblestone:53 raw_copper:24 copper_ingot:7] | F3=78[cobblestone:26 dirt:25 stick:4] | F4=151[torch:24 oak_planks:7 oak_log:6] | F5=25[cobblestone:19 birch_log:5 dirt:4] | F6=137[sand:12 cobblestone:8 oak_planks:7] | F7=96[dirt:31 leaf_litter:8 stick:6] | F8=62[dirt:16 oak_sapling:5 leaf_litter:5] | F9=41[cobblestone:66 torch:5 dirt:3] | F10=133[granite:61 cobblestone:54 dirt:25] | F11=109[cobblestone:61 raw_copper:26 andesite:14] | F12=85[dirt:40 leaf_litter:20 sand:16] | F13=96[oak_log:6 oak_planks:5 stick:3] | F14=90[cobblestone:43 coal:18 torch:15] | F15=93[cobblestone:67 raw_copper:27 torch:15] | F16=47[cobblestone:17 torch:10 oak_planks:5] | F17=86[cobblestone:36 diorite:11 oak_log:7] | F18=151[cobblestone:47 coal:47 granite:27] | F19=159[cobblestone:107 dirt:24 leaf_litter:15]
   mem: heap=147M/184M old=-1M ext=186M ab=183M rss=479M cols=1934 ents=3457 evicted=1470 path=6a/7q (max 6) stale=1
F14 [F14] craft torches: stick-dry but 5 planks held - one stick batch first
F14 [F14] craft torches: 2 batch(es) -> 8 torches (sticks 2 coals 18)
F5 [F5] water: drowning rescue start (drowning, oxygen 15)
F5 [F5] water: pass 0 head=wet shore=none land=n/a y=46.1 o2=15 probes=0 at=[-132,46,397]
F14 [F14] digShaft: water hazard 0.6b away (live 18) - refusing this column, the caller rotates
F14 tunnel: steering coal_ore @ 2.4b (axis z--1, cross 0.5, ore detour)
F19 [F19] direct deposit: 27 chest slots derived from the 63-slot view
F19 end-bank budget spent - smelt skipped
F15 climb out (trip): failed - stalled [stage 1]
F15 map trip skipped: cannot leave the shaft
F14 [F14] water: drowning rescue start (drowning, oxygen 0)
F14 [F14] water: pass 0 head=wet shore=none land=n/a y=45.0 o2=0 probes=0 at=[-118,45,389]
F19 [F19] direct deposit: 27 chest slots derived from the 63-slot view
F19 bank: +156
F5 [F5] water: pass 7 head=dry shore=hit r=2 land=none y=49.2 o2=20 probes=0 at=[-131,49,397]
F14 [F14] water: pass 8 head=wet shore=none land=n/a y=47.2 o2=0 probes=0 at=[-118,47,389]
F14 [F14] water: frozen physics (4 flat passes at y=47.2, o2=0, head WET - the wet-critical fast window) - standing down, the reconnect lane owns this
F14 [F14] water: rescue standing down (frozen physics - the walk gate reopens, the reconnect lane owns a dead client) in 2.0s
F14 [F14] water: frozen client relog (#5 consecutive) (frozen while head-wet (1 verdict) - the drowning clock owns this client) - ending the session, the reconnect lane rebuilds the physics; the drowning sentry holds non-critical pages 60s (the frozen-return gate)
F14 [F14] water: hazard memorized at [-118,47,389] (19 live, fleet-wide)
F9 retry #1 in 7.3s (Timeout waiting for 4 ticks after 5200ms)
F17 [F17] craft torch: variant#3 attempt0 failed: craft torch: timeout after 7000ms
F17 [F17] [tools] closing stale craft window (minecraft:inventory) - grid recovery
F5 [F5] water: pass 12 head=dry shore=hit r=2 land=none y=49.2 o2=20 probes=0 at=[-131,49,397]
F11 [F11] raw hop failed: raw walk timeout after 6677ms (d=13.1) - pathfinder retry
F7 [F7] vein sweep: the drop walk to [-149,63,424] failed - sweep drops: timeout after 4000ms (dy 4.0, range 2)
F7 [F7] vein sweep: +1u walked from the drops (3 dug)
F7 [F7] vein sweep: 1 below-plane walk(s) still failed on the wide goal (range 2) - the drop rests deeper than the lip
F7 vein sweep: 3 ores dug beside the gallery (ore detour)
F5 [F5] water: pass 16 head=dry shore=hit r=2 land=none y=49.2 o2=20 probes=0 at=[-131,49,397]
F17 [F17] craft storm: 4 consecutive craft timeouts - cooldown 8000ms (server stall?)
F17 [F17] craft torch: all 1 variant(s) failed, last: craft torch: timeout after 7000ms
F17 [F17] craft torches: craft did not land (held 0 torch(es))
F17 [F17] craft torches: 1 batch(es) -> 4 torches (sticks 3 coals 2)
F17 [F17] craft torch: storm cooldown 7993ms left (4 consecutive timeouts) - refusing
F17 [F17] craft torches: craft did not land (held 0 torch(es))
F17 tunnel: steering coal_ore @ 3.8b (axis x+, cross 0.44138053689158596, floor lock)
F5 [F5] water: rescue standing down (frozen physics - the walk gate reopens, the reconnect lane owns a dead client) in 7.5s
F5 [F5] water: frozen client relog (#6 consecutive) (3 consecutive frozen verdicts) - ending the session, the reconnect lane rebuilds the physics; the drowning sentry holds non-critical pages 60s (the frozen-return gate)
F5 [F5] water: hazard memorized at [-132,49,396] (19 live, fleet-wide)
F11 [F11] hop: chest at [-123,73,390] d=18 zero: chest unreachable (No path to the goal!)
F11 bank: 0 (budget exhausted)
F11 [F11] craft torches: skip (no coal: sticks 8 coals 0)
F9 [F9] craft torches: skip (no spare sticks: sticks 2 coals 1)
F9 tunnel: steering coal_ore @ 5.3b (axis z+, cross 0.4424340371396198, ore detour)
F9 tunnel: 0 blocks (branch mine at the floor, steered, ore detour)
F9 [F9] craft torches: skip (no spare sticks: sticks 2 coals 1)
F9 tunnel: steering coal_ore @ 5.3b (axis z+, cross 0.5575659628603802, floor lock)
F9 tunnel: 0 blocks (branch mine at the floor, steered, floor lock)
F12 [F12] craft torches: skip (no coal: sticks 4 coals 0)
F12 [F12] digShaft: water hazard 3.8b away (live 19) - refusing this column, the caller rotates
F12 [F12] craft torches: skip (no coal: sticks 4 coals 0)
F12 [F12] digShaft: water hazard 3.8b away (live 19) - refusing this column, the caller rotates
F12 tunnel: 0 blocks (branch mine at the floor, floor lock)
F10 [F10] vein sweep: +7u walked from the drops (4 dug)
F10 [F10] vein sweep: 4 below-plane walk(s) still failed on the wide goal (range 2) - the drop rests deeper than the lip
F10 vein sweep: 4 ores dug beside the gallery (floor lock)
F10 bank trip: skipped (pockets full, 85s left < 150s - the end-phase owns the deadline banking)
F9 [F9] craft torches: skip (no spare sticks: sticks 2 coals 1)
F9 tunnel: steering coal_ore @ 5.6b (axis z+, cross 0.4424340371396198, ore detour)
F9 tunnel: 0 blocks (branch mine at the floor, steered, ore detour)
F9 tunnel: 0 blocks x3 - sealed or flooded, cooling down 15s
F10 [F10] craft torches: skip (no coal: sticks 5 coals 0)
F11 [F11] digShaft: water table y=56 (region strike) - stopping above the aquifer, the tunnel owns this level (regions 2)
F11 bank trip: skipped (pockets full, 85s left < 150s - the end-phase owns the deadline banking)
F10 tunnel: steering coal_ore @ 6.7b (axis z--1, cross 2.6999999999999886, ore detour)
F4 [F4] craft torches: skip (no coal: sticks 3 coals 0)
t-82s alive=19/19 mined=1920 map=1152p/20ch banked=518 smelted=25 pocket=1701u/253s | sand=43 gravel=8 dirt=229 stone=7
   deficits: 157926/43 (0.0%) 149380/8 (0.0%) 31860/0 (0.0%) 27420/0 (0.0%) 10725/37 (0.3%)
   F1=101[cobblestone:69 dirt:27 leaf_litter:11] | F2=171[cobblestone:58 raw_copper:24 copper_ingot:7] | F3=78[cobblestone:26 dirt:25 stick:4] | F4=152[torch:24 oak_log:8 oak_planks:7] | F5=25[cobblestone:19 birch_log:5 dirt:4] | F6=137[sand:12 cobblestone:8 oak_planks:7] | F7=96[dirt:32 leaf_litter:8 stick:6] | F8=62[dirt:16 oak_planks:11 leaf_litter:5] | F9=41[cobblestone:66 torch:5 dirt:3] | F10=136[granite:61 cobblestone:60 dirt:25] | F11=114[cobblestone:61 raw_copper:26 andesite:14] | F12=85[dirt:40 leaf_litter:20 sand:16] | F13=96[oak_log:6 oak_planks:5 stick:3] | F14=90[cobblestone:43 torch:23 coal:16] | F15=93[cobblestone:67 raw_copper:27 torch:15] | F16=47[cobblestone:17 torch:10 oak_planks:5] | F17=86[cobblestone:36 diorite:11 oak_log:7] | F18=151[cobblestone:47 coal:47 granite:27] | F19=159[stick:3 birch_log:2 wooden_pickaxe:2]
   mem: heap=152M/187M old=-1M ext=197M ab=194M rss=492M cols=1948 ents=3283 evicted=1494 path=6a/6q (max 6) stale=1
F4 [F4] digShaft: water table y=57 (region strike) - stopping above the aquifer, the tunnel owns this level (regions 2)
F10 tunnel: 2 blocks (branch mine at the floor, steered, ore detour)
F2 tunnel: steering coal_ore @ 7.5b (axis x+, cross 1.4999473698294423, floor lock)
F9 [F9] water: frozen-return gate holds the page (40s left) - the fresh client walks the hazard-ledgered column out
[hb] n=26 ts=521s rss=493M late=123ms mainLate=854ms
F12 [F12] water: drowning rescue start (drowning, oxygen 13)
F12 [F12] water: pass 0 head=wet shore=none land=n/a y=61.0 o2=13 probes=0 at=[-159,61,395]
F3 sword due: cobble available
F3 sword: no table reachable or placeable
F3 sword: failed (no table)
F3 [F3] craft torches: skip (no coal: sticks 4 coals 0)
F18 [F18] craft torches: stick-dry with logs held - one plank conversion first
F12 [F12] water: pass 3 head=dry shore=hit r=4 land=none y=62.0 o2=20 probes=0 at=[-160,62,395]
F4 tunnel: 2 blocks (branch mine at the floor, ore detour)
F18 [F18] craft torches: stick-dry but 7 planks held - one stick batch first
F18 [F18] craft torches: 1 batch(es) -> 4 torches (sticks 2 coals 47)
F9 [F9] water: drowning rescue start (drowning, oxygen 4)
F9 [F9] water: pass 0 head=wet shore=none land=n/a y=41.0 o2=4 probes=0 at=[-101,41,387]
F12 pre-position: 49b from yard, t-75s - walking home
F12 climb out (pre-position): failed - rescue owns the bot
F12 final climb: no retry (no retry for 'rescue owns the bot')
F12 final climb: failed - rescue owns the bot
F12 final bank: 0 (still underground after 1 climb attempt - the chain from the shaft bottom is doomed walks)
F12 retry #1 in 6.3s ()
F12 [F12] water: pass 9 head=dry shore=hit r=8 land=none y=62.4 o2=20 probes=0 at=[-166,62,391]
F2 tunnel: 0 blocks (branch mine at the floor, steered, floor lock)
F10 [F10] vein sweep: 5 drop(s) in reach (6 dug)
F9 [F9] water: deep-pocket ascend - dug the ceiling stone at [-102,44,386] (jump stalled 4+ passes, o2 8)
F18 bank trip: skipped (pockets full, 74s left < 150s - the end-phase owns the deadline banking)
F9 [F9] water: pass 9 head=wet shore=none land=n/a y=42.3 o2=13 probes=0 at=[-101,42,387]
F9 [F9] water: frozen physics (10 flat passes at y=42.3, o2=16, head WET) - standing down, the reconnect lane owns this
F9 [F9] water: rescue standing down (frozen physics - the walk gate reopens, the reconnect lane owns a dead client) in 2.6s
F9 [F9] water: frozen client relog (#5 consecutive) (frozen while head-wet (1 verdict) - the drowning clock owns this client) - ending the session, the reconnect lane rebuilds the physics; the drowning sentry holds non-critical pages 60s (the frozen-return gate)
F9 [F9] water: hazard memorized at [-102,42,386] (20 live, fleet-wide)
F16 tunnel: 0 blocks (branch mine at the floor, steered, floor lock)
F12 [F12] water: pass 12 head=wet shore=none land=n/a y=61.9 o2=20 probes=0 at=[-164,62,393]
F19 [F19] craft torches: skip (no coal: sticks 3 coals 0)
F2 [F2] vein sweep: 4 drop(s) in reach (3 dug)
F12 [F12] water: pass 18 head=dry shore=hit r=3 land=none y=62.4 o2=20 probes=0 at=[-161,62,397]
F14 tunnel: 0 blocks (branch mine at the floor, steered, ore detour)
F9 [F9] craft torches: skip (no spare sticks: sticks 2 coals 1)
F13 tunnel: 0 blocks (branch mine at the floor, ore detour)
F13 sword due: planks available
F13 sword: no table reachable or placeable
F13 sword: failed (no table)
F13 [F13] craft torches: skip (no coal: sticks 3 coals 0)
F19 tool upgrade due: worn (left=7/131) -> stone_pickaxe
F19 [toolupgrade] craft crafting_table: no craftable recipe variant (ingredients missing?)
F12 [F12] KICKED: {"type":"compound","value":{"translate":{"type":"string","value":"multiplayer.disconnect.duplicate_login"}}}
Error: write EPIPE
    at afterWriteDispatched (node:internal/stream_base_commons:159:15)
    at writeGeneric (node:internal/stream_base_commons:150:3)
    at Socket._writeGeneric (node:net:967:11)
    at Socket._write (node:net:979:8)
    at writeOrBuffer (node:internal/streams/writable:572:12)
    at _write (node:internal/streams/writable:501:10)
    at Writable.write (node:internal/streams/writable:510:10)
    at Framer.ondata (/home/runner/work/privateB/privateB/node_modules/readable-stream/lib/internal/streams/readable.js:707:22)
    at Framer.emit (node:events:519:28)
    at addChunk (/home/runner/work/privateB/privateB/node_modules/readable-stream/lib/internal/streams/readable.js:323:12) {
  errno: -32,
  code: 'EPIPE',
  syscall: 'write'
}
F12 [F12] error: write EPIPE
F12 [F12] socket error: write EPIPE
F19 [toolupgrade] plank rung: converted 1->4 same-type planks (need 4, from birch_log)
F19 [toolupgrade] spare table: crafted
t-67s alive=19/19 mined=1944 map=1159p/20ch banked=518 smelted=25 pocket=1746u/258s | sand=43 gravel=8 dirt=244 stone=7
   deficits: 157926/43 (0.0%) 149380/8 (0.0%) 31860/0 (0.0%) 27420/0 (0.0%) 10725/37 (0.3%)
   F1=101[cobblestone:78 dirt:27 leaf_litter:11] | F2=174[cobblestone:58 raw_copper:24 copper_ingot:7] | F3=79[cobblestone:26 dirt:25 stick:4] | F4=156[torch:24 oak_log:8 oak_planks:7] | F5=25[cobblestone:19 birch_log:5 dirt:4] | F6=137[sand:12 cobblestone:8 oak_planks:7] | F7=96[dirt:39 leaf_litter:9 stick:6] | F8=62[dirt:16 oak_planks:11 birch_planks:5] | F9=41[cobblestone:66 torch:5 dirt:3] | F10=142[granite:61 cobblestone:60 dirt:25] | F11=114[cobblestone:61 raw_copper:26 andesite:14] | F12=85[dirt:40 leaf_litter:20 sand:16] | F13=96[oak_log:6 oak_planks:5 stick:3] | F14=90[cobblestone:43 torch:23 coal:16] | F15=93[cobblestone:67 raw_copper:27 torch:15] | F16=47[cobblestone:17 torch:10 oak_planks:5] | F17=86[cobblestone:36 diorite:11 oak_log:7] | F18=154[cobblestone:50 coal:46 granite:27] | F19=166[leaf_litter:4 cobblestone:4 stick:3]
   mem: heap=151M/192M old=-1M ext=203M ab=200M rss=504M cols=1941 ents=3289 evicted=1377 path=6a/5q (max 6) stale=1
F12 [F12] water: pass 23 head=dry shore=hit r=1 land=none y=62.8 o2=20 probes=0 at=[-159,63,398]
F11 [F11] craft torches: skip (no coal: sticks 8 coals 0)
F11 [F11] digShaft: water table y=56 (region strike) - stopping above the aquifer, the tunnel owns this level (regions 2)
F11 bank trip: skipped (pockets full, 67s left < 150s - the end-phase owns the deadline banking)
F11 [F11] craft torches: skip (no coal: sticks 8 coals 0)
F11 [F11] digShaft: water table y=56 (region strike) - stopping above the aquifer, the tunnel owns this level (regions 2)
F11 tunnel: steering coal_ore @ 2.8b (axis z--1, cross 0.6783600500923654, floor lock)
F17 tunnel: 0 blocks (branch mine at the floor, steered, floor lock)
F19 [toolupgrade] stone_pickaxe: crafted (worn (left=7/131))
F19 tool upgrade: OK -> stone_pickaxe (worn (left=7/131))
F19 [F19] craft torches: stick-dry with logs held - one plank conversion first
F18 [F18] craft torches: skip (the pocket torch cap: held 22 of 24 - sticks 5 coals 46)
F12 [F12] water: pass 24 head=dry shore=hit r=1 land=none y=62.8 o2=20 probes=0 at=[-159,63,398]
F9 retry #1 in 8.1s (Timeout waiting for 4 ticks after 5200ms)
F18 tunnel: steering coal_ore @ 5.6b (axis x--1, cross 0.49858566280528294, ore detour)
F6 sword due: cobble available
F4 [F4] craft torches: skip (no coal: sticks 3 coals 0)
F19 [F19] craft torches: stick-dry but 5 planks held - one stick batch first
F19 [F19] craft torches: skip (no coal: sticks 5 coals 0)
F12 sword due: planks available
F12 sword: no table reachable or placeable
F12 sword: failed (no table)
F12 [F12] craft torches: skip (no coal: sticks 4 coals 0)
F12 [F12] digShaft: water hazard 1.6b away (live 20) - refusing this column, the caller rotates
F12 tunnel: 0 blocks (branch mine at the floor, ore detour)
F12 [F12] craft torches: skip (no coal: sticks 4 coals 0)
F12 [F12] digShaft: water hazard 1.6b away (live 20) - refusing this column, the caller rotates
F11 tunnel: 2 blocks (branch mine at the floor, steered, floor lock)
F19 [F19] digShaft: water table y=56 (region strike) - stopping above the aquifer, the tunnel owns this level (regions 2)
F19 tunnel: steering copper_ore @ 14.8b (axis z--1, cross 1.6731874249024088, ore detour)
F12 [F12] water: pass 25 head=dry shore=hit r=1 land=none y=62.8 o2=20 probes=0 at=[-159,63,398]
F10 [F10] vein sweep: the drop walk to [-150,45,415] failed - sweep drops: timeout after 4000ms (dy 2.0, range 2)
F6 sword: OK (stone_sword, holds 1)
F6 sword: OK (stone_sword)
F6 [F6] craft torches: stick-dry but 7 planks held - one stick batch first
F6 [F6] craft torches: skip (no spare sticks: sticks 2 coals 0)
F12 tunnel: 2 blocks (branch mine at the floor, floor lock)
F1 sword due: cobble available
F1 sword: no table reachable or placeable
F1 sword: failed (no table)
F1 [F1] craft torches: skip (no coal: sticks 4 coals 0)
[hb] n=27 ts=541s rss=506M late=127ms mainLate=455ms
F19 tunnel: 2 blocks (branch mine at the floor, steered, ore detour)
F2 [F2] vein sweep: the drop walk to [-126,55,411] failed - sweep drops: timeout after 4000ms (dy 0.0, range 1)
F12 [F12] craft torches: skip (no coal: sticks 4 coals 0)
F12 [F12] water: pass 27 head=dry shore=hit r=1 land=none y=62.8 o2=20 probes=0 at=[-159,63,398]
F10 [F10] vein sweep: the drop walk to [-150,45,416] failed - sweep drops: timeout after 4000ms (dy 2.0, range 2)
F12 [F12] digShaft: water hazard 2.2b away (live 20) - refusing this column, the caller rotates
F12 tunnel: 0 blocks (branch mine at the floor, ore detour)
F12 [F12] craft torches: skip (no coal: sticks 4 coals 0)
F12 [F12] digShaft: water hazard 2.2b away (live 20) - refusing this column, the caller rotates
F12 tunnel: 0 blocks (branch mine at the floor, floor lock)
F4 [F4] combat: fighting zombie (dist 1.2, hp 16.0, 2 nearby, sentry)
F12 [F12] craft torches: skip (no coal: sticks 4 coals 0)
F12 [F12] digShaft: water hazard 2.2b away (live 20) - refusing this column, the caller rotates
F12 tunnel: 0 blocks (branch mine at the floor, ore detour)
F12 tunnel: 0 blocks x3 - sealed or flooded, cooling down 15s
F1 pre-position: 48b from yard, t-58s - walking home
F12 [F12] water: pass 28 head=dry shore=hit r=1 land=none y=62.8 o2=20 probes=0 at=[-159,63,398]
F8 [F8] craft torches: stick-dry but 7 planks held - one stick batch first
F8 [F8] craft torches: skip (no coal: sticks 4 coals 0)
F8 tool recovery: OK (wooden_pickaxe)
F8 spare pick due: spare (planks available)
F9 [F9] craft torches: skip (no spare sticks: sticks 2 coals 1)
F9 tunnel: steering coal_ore @ 5.3b (axis z+, cross 0.4424340371396198, ore detour)
F9 tunnel: 0 blocks (branch mine at the floor, steered, ore detour)
F9 [F9] craft torches: skip (no spare sticks: sticks 2 coals 1)
F9 tunnel: steering coal_ore @ 5.3b (axis z+, cross 0.5575659628603802, floor lock)
F9 tunnel: 0 blocks (branch mine at the floor, steered, floor lock)
F4 [F4] combat: drift return wait vs zombie (@5.1) - the swimmer always comes back
F18 tunnel: 12 blocks (branch mine at the floor, steered, ore detour)
F8 spare pick: OK (wooden_pickaxe, holds 2)
F8 sword due: planks available
F19 [F19] vein sweep: 5 drop(s) in reach (5 dug)
F2 [F2] vein sweep: the drop walk to [-126,55,410] failed - sweep drops: timeout after 4000ms (dy 0.0, range 1)
F4 [F4] combat: fight ended vs zombie (mob down, hp 16.0 -> 13.0, swings 3, weapon wooden_sword, 3 rounds)
F8 sword: OK (wooden_sword, holds 1)
F8 sword: OK (wooden_sword)
F8 [F8] craft torches: stick-dry with logs held - one plank conversion first
F8 [F8] craft torches: skip (no spare sticks: sticks 1 coals 0)
F13 tunnel: 0 blocks (branch mine at the floor, floor lock)
F12 [F12] water: rescue timeout (still wet, 30 passes, 0 probes, tail dry/dry/dry) in 26.6s
F12 [F12] water: hazard memorized at [-160,62,398] (18 live, fleet-wide)
F12 [F12] water: drowning rescue start (drowning, oxygen 15)
F12 [F12] water: pass 0 head=wet shore=none land=n/a y=61.0 o2=15 probes=0 at=[-159,61,398]
F11 [F11] vein sweep: 8 drop(s) in reach (13 dug)
t-52s alive=19/19 mined=2030 map=1159p/20ch banked=518 smelted=25 pocket=1807u/268s | sand=45 gravel=10 dirt=249 stone=7
   deficits: 157926/45 (0.0%) 149380/10 (0.0%) 31860/0 (0.0%) 27420/0 (0.0%) 10725/49 (0.5%)
   F1=114[cobblestone:88 dirt:27 leaf_litter:11] | F2=174[cobblestone:58 raw_copper:24 copper_ingot:7] | F3=82[cobblestone:26 dirt:25 stick:4] | F4=169[torch:23 cobblestone:9 oak_log:8] | F5=25[cobblestone:19 birch_log:5 dirt:4] | F6=145[sand:12 cobblestone:11 stick:6] | F7=96[dirt:39 leaf_litter:9 stick:6] | F8=67[dirt:21 leaf_litter:5 oak_planks:4] | F9=41[cobblestone:66 torch:5 dirt:3] | F10=142[cobblestone:61 granite:61 dirt:25] | F11=129[cobblestone:63 raw_copper:26 andesite:14] | F12=87[dirt:40 leaf_litter:20 sand:18] | F13=96[oak_log:6 oak_planks:5 stick:3] | F14=90[cobblestone:43 torch:23 coal:16] | F15=93[cobblestone:67 raw_copper:27 torch:15] | F16=47[cobblestone:17 torch:10 oak_planks:5] | F17=86[cobblestone:36 diorite:11 oak_log:7] | F18=171[cobblestone:57 coal:47 granite:27] | F19=176[cobblestone:8 stick:5 leaf_litter:4]
   mem: heap=153M/196M old=-1M ext=209M ab=207M rss=514M cols=1942 ents=3156 evicted=1388 path=6a/6q (max 6) stale=1
F8 [F8] digShaft: water table y=56 (region strike) - stopping above the aquifer, the tunnel owns this level (regions 2)
F8 tunnel: steering coal_ore @ 5.5b (axis x+, cross 0.5, ore detour)
F9 [F9] water: frozen-return gate holds the page (38s left) - the fresh client walks the hazard-ledgered column out
F12 [F12] water: pass 5 head=wet shore=none land=n/a y=61.9 o2=20 probes=0 at=[-159,62,399]
F19 [F19] vein sweep: the drop walk to [-95,56,411] failed - sweep drops: timeout after 4000ms (dy -1.7, range 2)
F19 [F19] vein sweep: +1u walked from the drops (5 dug)
F19 [F19] vein sweep: 1 below-plane walk(s) still failed on the wide goal (range 2) - the drop rests deeper than the lip
F19 [F19] vein sweep: 4 deep drop(s) skipped (dy < -2 - the lip sphere cannot reach, the walk was a guaranteed spiral)
F19 vein sweep: 5 ores dug beside the gallery (ore detour)
F12 [F12] water: pass 9 head=dry shore=hit r=1 land=none y=63.8 o2=20 probes=0 at=[-157,64,400]
F9 [F9] water: drowning rescue start (drowning, oxygen 4)
F9 [F9] water: pass 0 head=wet shore=none land=n/a y=41.0 o2=4 probes=0 at=[-101,41,387]
F2 [F2] vein sweep: the drop walks picked nothing (pocket delta 0, 3 failed walk(s))
F2 [F2] vein sweep: 1 below-plane walk(s) still failed on the wide goal (range 2) - the drop rests deeper than the lip
F2 vein sweep: 3 ores dug beside the gallery (floor lock)
F12 [F12] water: pass 12 head=dry shore=hit r=1 land=none y=63.1 o2=20 probes=0 at=[-159,63,400]
F9 [F9] water: deep-pocket ascend - dug the ceiling stone at [-102,44,386] (jump stalled 4+ passes, o2 8)
F9 [F9] water: pass 8 head=wet shore=none land=n/a y=42.2 o2=11 probes=0 at=[-101,42,387]
F4 [F4] combat: fighting zombie (dist 1.8, hp 10.0, 2 nearby, sentry)
F9 [F9] craft torches: skip (no spare sticks: sticks 2 coals 1)
F5 [F5] craft torches: skip (no coal: sticks 3 coals 0)
F1 climb out (pre-position): OK +6 levels (6 steps, 17 dug, 14s)
F1 bank: holding 14s of 44s for the smelt leg
F15 [F15] craft torches: skip (no coal: sticks 3 coals 0)
F9 [F9] water: frozen physics (10 flat passes at y=42.2, o2=15, head WET) - standing down, the reconnect lane owns this
F9 [F9] water: rescue standing down (frozen physics - the walk gate reopens, the reconnect lane owns a dead client) in 3.2s
F9 [F9] water: frozen client relog (#6 consecutive) (frozen while head-wet (1 verdict) - the drowning clock owns this client) - ending the session, the reconnect lane rebuilds the physics; the drowning sentry holds non-critical pages 60s (the frozen-return gate)
F9 [F9] water: hazard memorized at [-102,42,386] (16 live, fleet-wide)
F4 [F4] combat: verdict flipped to flee vs zombie (hp 7.0)
F4 [F4] combat: shelter try vs zombie (dist 2.9, sentry re-verdict)
F12 [F12] water: pass 14 head=dry shore=hit r=1 land=none y=62.8 o2=20 probes=0 at=[-160,63,401]
F12 [F12] craft torches: skip (no coal: sticks 4 coals 0)
F13 [F13] craft torches: skip (no coal: sticks 3 coals 0)
F8 tunnel: 8 blocks (branch mine at the floor, steered, ore detour)
F7 sword due: planks available
F7 sword: no table reachable or placeable
F7 sword: failed (no table)
F7 [F7] craft torches: skip (no coal: sticks 6 coals 0)
F10 [F10] vein sweep: +2u walked from the drops (6 dug)
F10 [F10] vein sweep: 3 below-plane walk(s) still failed on the wide goal (range 2) - the drop rests deeper than the lip
F10 vein sweep: 6 ores dug beside the gallery (ore detour)
F10 bank trip: skipped (pockets full, 42s left < 150s - the end-phase owns the deadline banking)
F7 [F7] digShaft: water table y=57 (region strike) - stopping above the aquifer, the tunnel owns this level (regions 2)
F2 [F2] craft torches: skip (no spare sticks: sticks 0 coals 0)
F4 [F4] combat: shelter skip (1,0: step-in incomplete)
F4 [F4] combat: shelter skip (open field: no diggable wall, zombie@0.9)
F4 [F4] combat: shelter ring try vs zombie (dist 0.9, -z-x+x+z first, full ring, sentry re-verdict)
F12 [F12] water: pass 18 head=dry shore=hit r=1 land=none y=63.2 o2=20 probes=0 at=[-159,63,402]
F4 [F4] died - respawning (cause: server: was slain by Zombie [kind=mob by Zombie] | inferred: zombie@0.8 (0s before death at [-127,39,430]) [the inference corroborates the server verdict])
F4 [F4] water: death spot memorized as a hazard at [-127,39,430] (17 live, fleet-wide)
F2 [F2] digShaft: water strike at y=52 -> water table (regions 2); fluid below (-125, 53, 410) - moving sideways
[hb] n=28 ts=561s rss=514M late=132ms mainLate=691ms
F2 tunnel: steering coal_ore @ 8.2b (axis x--1, cross 0.37395056790171566, ore detour)
F10 [F10] craft torches: skip (no coal: sticks 5 coals 0)
F10 tunnel: steering coal_ore @ 7b (axis z--1, cross 1.6999999999999886, ore detour)
F5 retry #1 in 6.3s (Timeout waiting for 4 ticks after 5200ms)
F11 [F11] vein sweep: the drop walk to [-123,59,389] failed - sweep drops: timeout after 4000ms (dy 1.0, range 2)
F9 retry #1 in 8.6s (Timeout waiting for 3 ticks after 5150ms)
F12 tunnel: 2 blocks (branch mine at the floor, floor lock)
F12 [F12] water: pass 20 head=dry shore=hit r=1 land=none y=64.0 o2=20 probes=0 at=[-157,64,401]
F12 [F12] craft torches: skip (no coal: sticks 4 coals 0)
F12 tunnel: 0 blocks (branch mine at the floor, ore detour)
F12 [F12] craft torches: skip (no coal: sticks 4 coals 0)
t-36s alive=19/19 mined=2077 map=1156p/21ch banked=518 smelted=25 pocket=1792u/258s | sand=47 gravel=10 dirt=248 stone=7
   deficits: 157926/47 (0.0%) 149380/10 (0.0%) 31860/0 (0.0%) 27420/0 (0.0%) 10725/44 (0.4%)
   F1=124[cobblestone:99 dirt:27 leaf_litter:11] | F2=177[cobblestone:63 raw_copper:24 copper_ingot:7] | F3=84[cobblestone:26 dirt:25 stick:4] | F4=169[empty] | F5=25[cobblestone:19 birch_log:5 dirt:4] | F6=145[sand:12 cobblestone:11 stick:6] | F7=98[dirt:42 leaf_litter:9 stick:6] | F8=77[dirt:21 leaf_litter:5 oak_planks:4] | F9=41[cobblestone:66 torch:5 dirt:3] | F10=142[cobblestone:61 granite:61 dirt:25] | F11=129[cobblestone:63 raw_copper:26 andesite:14] | F12=89[dirt:40 sand:20 leaf_litter:20] | F13=96[oak_log:6 oak_planks:5 stick:3] | F14=90[cobblestone:43 torch:23 coal:16] | F15=94[cobblestone:67 raw_copper:27 torch:15] | F16=47[cobblestone:17 torch:10 oak_planks:5] | F17=86[cobblestone:36 diorite:11 oak_log:7] | F18=188[coal:59 cobblestone:57 granite:27] | F19=176[cobblestone:10 stick:5 leaf_litter:4]
   mem: heap=152M/196M old=-1M ext=205M ab=203M rss=514M cols=1979 ents=3258 evicted=1415 path=6a/1q (max 6) stale=1
F2 tunnel: 2 blocks (branch mine at the floor, steered, ore detour)
F4 [F4] craft torches: skip (no spare sticks: sticks 0 coals 0)
F12 [F12] water: rescue complete in 18.0s
F12 [F12] water: hazard memorized at [-161,62,400] (18 live, fleet-wide)
F10 tunnel: 0 blocks (branch mine at the floor, steered, ore detour)
F10 bank trip: skipped (pockets full, 34s left < 150s - the end-phase owns the deadline banking)
F10 [F10] craft torches: skip (no coal: sticks 5 coals 0)
F10 tunnel: steering coal_ore @ 7.2b (axis z--1, cross 2.6999999999999886, floor lock)
F11 [F11] vein sweep: the drop walk to [-123,58,388] failed - sweep drops: timeout after 4000ms (dy 0.0, range 1)
F18 [F18] vein sweep: 7 drop(s) in reach (24 dug)
F4 [F4] combat: shelter skip (open field: ring incomplete 0/8)
F10 tunnel: 0 blocks (branch mine at the floor, steered, floor lock)
F10 bank trip: skipped (pockets full, 32s left < 150s - the end-phase owns the deadline banking)
F5 [F5] craft torches: skip (no coal: sticks 3 coals 0)
F8 [F8] vein sweep: 3 drop(s) in reach (2 dug)
F9 [F9] craft torches: skip (no spare sticks: sticks 2 coals 1)
F9 tunnel: steering coal_ore @ 5.3b (axis z+, cross 0.4424340371396198, ore detour)
F9 tunnel: 0 blocks (branch mine at the floor, steered, ore detour)
F9 [F9] craft torches: skip (no spare sticks: sticks 2 coals 1)
F9 tunnel: steering coal_ore @ 5.3b (axis z+, cross 0.5575659628603802, floor lock)
F9 tunnel: 0 blocks (branch mine at the floor, steered, floor lock)
F13 tunnel: 0 blocks (branch mine at the floor, ore detour)
F13 tunnel: 0 blocks x3 - sealed or flooded, cooling down 15s
F2 [F2] craft torches: skip (no spare sticks: sticks 0 coals 0)
F4 [F4] digShaft: water strike at y=59 -> water table (regions 2); fluid below (-131, 60, 385) - moving sideways
F8 [F8] vein sweep: +1u walked from the drops (2 dug)
F8 [F8] vein sweep: 2 deep drop(s) skipped (dy < -2 - the lip sphere cannot reach, the walk was a guaranteed spiral)
F8 vein sweep: 2 ores dug beside the gallery (ore detour)
F9 [F9] craft torches: skip (no spare sticks: sticks 2 coals 1)
F9 tunnel: steering coal_ore @ 5.6b (axis z--1, cross 0.45539577397559583, ore detour)
F2 [F2] water: drowning rescue start (drowning, oxygen 13)
F2 [F2] water: pass 0 head=wet shore=none land=n/a y=52.7 o2=13 probes=0 at=[-128,53,409]
F10 [F10] craft torches: skip (no coal: sticks 5 coals 0)
F10 tunnel: steering iron_ore @ 4.7b (axis x--1, cross 0.36197258052430925, ore detour)
F12 tunnel: 0 blocks (branch mine at the floor, floor lock)
F14 [F14] craft torches: skip (the pocket torch cap: held 23 of 24 - sticks 4 coals 16)
F5 [F5] water: drowning rescue start (drowning, oxygen 15)
F5 [F5] water: pass 0 head=wet shore=none land=n/a y=46.2 o2=15 probes=0 at=[-132,46,397]
F9 [F9] water: frozen-return gate holds the page (42s left) - the fresh client walks the hazard-ledgered column out
F2 [F2] water: deep-pocket ascend - dug the ceiling stone at [-128,55,409] (jump stalled 4+ passes, o2 11)
F2 [F2] water: pass 6 head=wet shore=none land=n/a y=53.2 o2=10 probes=0 at=[-128,53,409]
F6 [F6] craft torches: skip (no coal: sticks 6 coals 0)
F6 [F6] craft torches: skip (no coal: sticks 6 coals 0)
F6 tunnel: steering coal_ore @ 8.5b (axis x--1, cross 1.6999999999999886, floor lock)
F2 [F2] water: frozen physics (10 flat passes at y=53.2, o2=8, head WET) - standing down, the reconnect lane owns this
F2 [F2] water: rescue standing down (frozen physics - the walk gate reopens, the reconnect lane owns a dead client) in 3.3s
F2 [F2] water: frozen client relog (#1 consecutive) (frozen while head-wet (1 verdict) - the drowning clock owns this client) - ending the session, the reconnect lane rebuilds the physics; the drowning sentry holds non-critical pages 10s (the frozen-return gate)
F2 [F2] water: hazard memorized at [-128,53,409] (18 live, fleet-wide)
F5 tunnel: steering iron_ore @ 12.6b (axis x+, cross 0.6999999999999886, ore detour)
F5 [F5] water: pass 7 head=dry shore=hit r=2 land=none y=49.2 o2=20 probes=0 at=[-131,49,397]
F11 [F11] vein sweep: +13u walked from the drops (13 dug)
F11 [F11] vein sweep: 1 below-plane walk(s) still failed on the wide goal (range 2) - the drop rests deeper than the lip
F11 vein sweep: 13 ores dug beside the gallery (floor lock)
F11 bank trip: skipped (pockets full, 23s left < 150s - the end-phase owns the deadline banking)
F11 [F11] craft torches: 5 batch(es) -> 20 torches (sticks 8 coals 9, the metal reserve keeps 4)
F3 [F3] digShaft: water hazard 2.2b away (live 18) - refusing this column, the caller rotates
F11 [F11] [tools] closing stale craft window (minecraft:inventory) - grid recovery
F9 [F9] water: drowning rescue start (drowning, oxygen 4)
F9 [F9] water: pass 0 head=wet shore=none land=n/a y=41.0 o2=4 probes=0 at=[-101,41,386]
t-21s alive=19/19 mined=2099 map=1163p/21ch banked=518 smelted=25 pocket=1852u/261s | sand=47 gravel=11 dirt=256 stone=7
   deficits: 157926/47 (0.0%) 149380/11 (0.0%) 31860/0 (0.0%) 27420/0 (0.0%) 10725/45 (0.4%)
   F1=124[cobblestone:99 dirt:27 leaf_litter:11] | F2=177[cobblestone:63 raw_copper:24 copper_ingot:7] | F3=87[cobblestone:26 dirt:25 stick:4] | F4=169[empty] | F5=25[cobblestone:19 birch_log:5 dirt:4] | F6=149[sand:12 cobblestone:11 stick:6] | F7=98[dirt:50 leaf_litter:9 stick:6] | F8=78[dirt:21 leaf_litter:5 granite:5] | F9=43[cobblestone:68 torch:5 dirt:3] | F10=149[cobblestone:68 granite:61 dirt:25] | F11=129[cobblestone:64 raw_copper:26 torch:16] | F12=89[dirt:40 sand:20 leaf_litter:20] | F13=96[oak_log:6 oak_planks:5 stick:3] | F14=90[cobblestone:43 torch:23 coal:16] | F15=96[cobblestone:67 raw_copper:27 torch:15] | F16=47[cobblestone:17 torch:10 oak_planks:5] | F17=86[cobblestone:36 diorite:11 oak_log:7] | F18=191[coal:63 cobblestone:57 granite:27] | F19=176[cobblestone:16 stick:5 leaf_litter:4]
   mem: heap=158M/198M old=-1M ext=216M ab=213M rss=527M cols=1940 ents=3048 evicted=1456 path=6a/2q (max 6) stale=1
F5 [F5] water: pass 10 head=dry shore=hit r=2 land=none y=49.2 o2=20 probes=0 at=[-132,49,397]
F5 tunnel: 0 blocks (branch mine at the floor, steered, ore detour)
F5 [F5] vein sweep: refused a cell - drop of 5 below the cell (cave?) - the ore waits for a safe angle
F5 [F5] craft torches: skip (no coal: sticks 3 coals 0)
F14 retry #1 in 5.1s (Timeout waiting for 4 ticks after 5200ms)
F4 [F4] craft torches: skip (no spare sticks: sticks 0 coals 0)
F9 [F9] water: frozen physics (4 flat passes at y=42.2, o2=3, head WET - the wet-critical fast window) - standing down, the reconnect lane owns this
F9 [F9] water: rescue standing down (frozen physics - the walk gate reopens, the reconnect lane owns a dead client) in 1.4s
F9 [F9] water: frozen client relog (#7 consecutive) (frozen while head-wet (1 verdict) - the drowning clock owns this client) - ending the session, the reconnect lane rebuilds the physics; the drowning sentry holds non-critical pages 60s (the frozen-return gate)
F9 [F9] water: hazard memorized at [-102,42,385] (19 live, fleet-wide)
F12 [F12] craft torches: skip (no coal: sticks 4 coals 0)
F12 [F12] digShaft: water hazard 3.9b away (live 19) - refusing this column, the caller rotates
[hb] n=29 ts=581s rss=528M late=138ms mainLate=480ms
F5 [F5] water: frozen physics (10 flat passes at y=49.2, o2=20) - standing down, the reconnect lane owns this
F5 [F5] water: rescue standing down (frozen physics - the walk gate reopens, the reconnect lane owns a dead client) in 5.9s
F5 [F5] water: hazard memorized at [-132,49,396] (20 live, fleet-wide)
F1 [F1] approach: 4 segment(s) walked in 25.0s, goal now d=33.0 (still outside - the approach clock is spent)
F1 [F1] hop: chest at [-102,73,416] d=30 zero: chest unreachable (budget exhausted (walk floor))
F1 [F1] chest skip (vertical doom: the yard stands 26 levels up over 21b lateral - the walk ladder cannot climb)
F1 [F1] chest skip (vertical doom: the yard stands 26 levels up over 23b lateral - the walk ladder cannot climb)
F1 [F1] chest skip (vertical doom: the yard stands 26 levels up over 22b lateral - the walk ladder cannot climb)
F1 [F1] chest skip (vertical doom: the yard stands 26 levels up over 23b lateral - the walk ladder cannot climb)
F1 [F1] chest skip (vertical doom: the yard stands 26 levels up over 24b lateral - the walk ladder cannot climb)
F1 [F1] chest skip (vertical doom: the yard stands 26 levels up over 25b lateral - the walk ladder cannot climb)
F1 [F1] chest skip (vertical doom: the yard stands 26 levels up over 25b lateral - the walk ladder cannot climb)
F1 bank fallback: none (chest unreachable (budget exhausted (walk floor)))
F1 end-bank budget spent - smelt skipped
F1 [F1] chest skip (vertical doom: the yard stands 26 levels up over 20b lateral - the walk ladder cannot climb)
F1 [F1] chest skip (vertical doom: the yard stands 26 levels up over 21b lateral - the walk ladder cannot climb)
F1 [F1] chest skip (vertical doom: the yard stands 26 levels up over 23b lateral - the walk ladder cannot climb)
F1 [F1] chest skip (vertical doom: the yard stands 26 levels up over 22b lateral - the walk ladder cannot climb)
F1 [F1] chest skip (vertical doom: the yard stands 26 levels up over 23b lateral - the walk ladder cannot climb)
F1 [F1] chest skip (vertical doom: the yard stands 26 levels up over 24b lateral - the walk ladder cannot climb)
F1 [F1] chest skip (vertical doom: the yard stands 26 levels up over 25b lateral - the walk ladder cannot climb)
F1 [F1] chest skip (vertical doom: the yard stands 26 levels up over 25b lateral - the walk ladder cannot climb)
F1 pre-position bank: 0 (no chest in range)
F2 retry #1 in 6.3s (Timeout waiting for 3 ticks after 5150ms)
F19 [F19] craft torches: skip (no coal: sticks 5 coals 0)
F16 [F16] craft torches: skip (no coal: sticks 4 coals 0)
F16 [F16] craft torches: skip (no coal: sticks 4 coals 0)
F16 tunnel: steering coal_ore @ 5.4b (axis z--1, cross 0.5, floor lock)
F10 tunnel: 12 blocks (branch mine at the floor, steered, ore detour)
F1 [F1] climb bridge: unavailable (no solid floor underfoot)
F1 [F1] climb diag: level at y=49 blocked toward 1,0 (dug=1)
F18 [F18] vein sweep: +21u walked from the drops (24 dug)
F18 vein sweep: 24 ores dug beside the gallery (ore detour)
F18 bank trip: skipped (pockets full, 16s left < 150s - the end-phase owns the deadline banking)
F4 [F4] water: drowning rescue start (drowning, oxygen 16)
F4 [F4] water: pass 0 head=wet shore=none land=n/a y=59.5 o2=16 probes=0 at=[-129,60,384]
F14 [F14] died - respawning (cause: server: drowned [kind=drown] | inferred: fall/env (0s before death at [-118,47,389]) [the inference CONTRADICTS the server verdict - the nearest harm was not the killer (the server kind stays the authority)])
F14 [F14] water: death spot memorized as a hazard at [-118,47,389] (19 live, fleet-wide)
F18 tool upgrade due: cobble available -> stone_pickaxe
F14 respawned without tools - re-bootstrapping (attempt 4)
F14 [F14] water: air-bar glitch ignored (oxygen 0 on dry land at [-128,73,392], 1 total)
F13 [F13] craft torches: skip (no coal: sticks 3 coals 0)
F4 tunnel: steering coal_ore @ 7.1b (axis x+, cross 1.5356173440852103, ore detour)
F4 tunnel: 0 blocks (branch mine at the floor, steered, ore detour)
F10 [F10] vein sweep: 3 drop(s) in reach (4 dug)
F5 [F5] water: drowning rescue start (drowning, oxygen 14)
F5 [F5] water: pass 0 head=wet shore=none land=n/a y=46.3 o2=14 probes=0 at=[-132,46,397]
F10 [F10] vein sweep: the drop walk to [-159,41,416] failed - doomed goal (ledgered 14s ago at [-159,41,415]) - sweep drops refused (dy -2.0, range 2)
F10 [F10] vein sweep: the drop walks picked nothing (pocket delta 0, 1 failed walk(s))
F10 [F10] vein sweep: 1 below-plane walk(s) still failed on the wide goal (range 2) - the drop rests deeper than the lip
F10 [F10] vein sweep: 2 deep drop(s) skipped (dy < -2 - the lip sphere cannot reach, the walk was a guaranteed spiral)
F10 vein sweep: 4 ores dug beside the gallery (ore detour)
F10 bank trip: skipped (pockets full, 13s left < 150s - the end-phase owns the deadline banking)
F10 [F10] craft torches: skip (no coal: sticks 5 coals 0)
F10 tunnel: steering coal_ore @ 7.2b (axis z--1, cross 1.6999999999999886, floor lock)
F4 [F4] craft torches: skip (no spare sticks: sticks 0 coals 0)
F4 [F4] water: pass 4 head=dry shore=hit r=5 land=none y=62.5 o2=20 probes=0 at=[-129,63,384]
F5 tunnel: steering iron_ore @ 2.1b (axis x+, cross 0.30000000000001137, floor lock)
F12 tunnel: 7 blocks (branch mine at the floor, ore detour)
F12 bank trip: skipped (pockets full, 12s left < 150s - the end-phase owns the deadline banking)
F12 [F12] craft torches: skip (no coal: sticks 4 coals 0)
F4 tunnel: steering coal_ore @ 5.3b (axis x+, cross 0.5356173440852103, ore detour)
F6 tunnel: 13 blocks (branch mine at the floor, steered, floor lock)
F2 [F2] water: drowning rescue start (drowning, oxygen 8)
F2 [F2] water: pass 0 head=wet shore=none land=n/a y=53.2 o2=8 probes=0 at=[-128,53,409]
F2 [F2] craft torches: skip (no spare sticks: sticks 0 coals 0)
F5 [F5] water: pass 6 head=dry shore=hit r=2 land=none y=49.2 o2=20 probes=0 at=[-132,49,397]
F4 [F4] water: pass 9 head=dry shore=hit r=1 land=none y=62.7 o2=20 probes=0 at=[-125,63,384]
F18 [toolupgrade] [upgrade] upgraded: wooden_shovel,stone_pickaxe,wooden_pickaxe,wooden_pickaxe
F18 tool upgrade: OK -> stone_pickaxe (wooden_shovel,stone_pickaxe,wooden_pickaxe,wooden_pickaxe)
F18 [F18] craft torches: skip (the pocket torch cap: held 22 of 24 - sticks 3 coals 64)
F18 tunnel: steering coal_ore @ 5.4b (axis x+, cross 1.500480674406731, ore detour)
F18 tunnel: 0 blocks (branch mine at the floor, steered, ore detour)
F5 tunnel: 0 blocks (branch mine at the floor, steered, floor lock)
F5 [F5] vein sweep: refused a cell - drop of 5 below the cell (cave?) - the ore waits for a safe angle
F4 [F4] water: rescue complete in 6.4s
F4 [F4] water: hazard memorized at [-126,62,384] (20 live, fleet-wide)
F2 [F2] water: deep-pocket ascend - dug the ceiling stone at [-128,55,409] (jump stalled 4+ passes, o2 6)
F5 [F5] craft torches: skip (no coal: sticks 3 coals 0)
F2 [F2] water: pass 5 head=wet shore=none land=n/a y=53.5 o2=4 probes=0 at=[-128,54,409]
F2 [F2] water: frozen physics (4 flat passes at y=53.5, o2=4, head WET - the wet-critical fast window) - standing down, the reconnect lane owns this
F2 [F2] water: rescue standing down (frozen physics - the walk gate reopens, the reconnect lane owns a dead client) in 2.3s
F2 [F2] water: frozen client relog (#2 consecutive) (frozen while head-wet (1 verdict) - the drowning clock owns this client) - ending the session, the reconnect lane rebuilds the physics; the drowning sentry holds non-critical pages 20s (the frozen-return gate)
F2 [F2] water: hazard memorized at [-128,53,409] (21 live, fleet-wide)
F5 [F5] water: pass 10 head=dry shore=hit r=2 land=none y=49.2 o2=20 probes=0 at=[-131,49,397]
F19 [F19] craft torches: skip (no coal: sticks 5 coals 0)
F19 [F19] craft torches: skip (no coal: sticks 5 coals 0)
F19 tunnel: steering iron_ore @ 4.7b (axis x+, cross 2.434337438678199, floor lock)
F11 [F11] craft torch: variant#3 attempt0 failed: craft torch: timeout after 7000ms
F11 [F11] [tools] closing stale craft window (minecraft:inventory) - grid recovery
F10 tunnel: 4 blocks (branch mine at the floor, steered, floor lock)
F10 bank trip: skipped (pockets full, 7s left < 150s - the end-phase owns the deadline banking)
F13 tunnel: 0 blocks (branch mine at the floor, floor lock)
t-6s alive=19/19 mined=2173 map=1231p/21ch banked=518 smelted=25 pocket=1830u/251s | sand=50 gravel=11 dirt=259 stone=7
   deficits: 157926/50 (0.0%) 149380/11 (0.0%) 31860/0 (0.0%) 27420/0 (0.0%) 10725/38 (0.4%)
   F1=136[cobblestone:109 dirt:27 raw_copper:15] | F2=177[cobblestone:63 raw_copper:24 copper_ingot:7] | F3=87[cobblestone:26 dirt:25 stick:4] | F4=173[leaf_litter:5 dirt:2 sand:1] | F5=25[cobblestone:19 birch_log:5 dirt:4] | F6=162[cobblestone:20 sand:12 stick:6] | F7=98[dirt:51 leaf_litter:9 stick:6] | F8=78[dirt:21 leaf_litter:5 granite:5] | F9=43[cobblestone:68 torch:5 dirt:3] | F10=162[cobblestone:78 granite:61 dirt:25] | F11=129[cobblestone:64 raw_copper:26 torch:16] | F12=100[dirt:45 leaf_litter:27 sand:25] | F13=96[oak_log:6 oak_planks:5 stick:3] | F14=90[empty] | F15=98[cobblestone:67 raw_copper:27 torch:15] | F16=47[cobblestone:17 torch:10 oak_planks:5] | F17=86[cobblestone:36 diorite:11 oak_log:7] | F18=194[coal:64 cobblestone:54 granite:27] | F19=192[cobblestone:33 stick:5 leaf_litter:4]
   mem: heap=166M/204M old=-1M ext=229M ab=226M rss=547M cols=1854 ents=3021 evicted=1247 path=6a/1q (max 6) stale=1
F5 [F5] water: pass 15 head=dry shore=hit r=2 land=none y=49.2 o2=20 probes=0 at=[-131,49,397]
F12 [F12] water: drowning rescue start (drowning, oxygen 14)
F12 [F12] water: pass 0 head=wet shore=none land=n/a y=58.0 o2=14 probes=0 at=[-154,58,402]
F15 [F15] digShaft: water hazard 6.1b away (live 21) - refusing this column, the caller rotates
F15 bank trip: skipped (pockets full, 5s left < 150s - the end-phase owns the deadline banking)
F12 bank trip: skipped (pockets full, 4s left < 150s - the end-phase owns the deadline banking)
F12 sword due: planks available
F12 sword: no table reachable or placeable
F12 sword: failed (no table)
F12 [F12] craft torches: skip (no coal: sticks 4 coals 0)
F5 [F5] water: pass 19 head=dry shore=hit r=2 land=none y=49.2 o2=20 probes=0 at=[-131,49,397]
F5 [F5] water: frozen physics (10 flat passes at y=49.2, o2=20) - standing down, the reconnect lane owns this
F5 [F5] water: rescue standing down (frozen physics - the walk gate reopens, the reconnect lane owns a dead client) in 9.2s
F5 [F5] water: hazard memorized at [-132,49,396] (21 live, fleet-wide)
F12 [F12] water: pass 8 head=dry shore=hit r=1 land=none y=63.2 o2=16 probes=0 at=[-154,63,402]
F1 final climb: OK +6 levels (6 steps, 15 dug, 15s)
F1 bank: holding 46s of 183s for the smelt leg
F2 retry #1 in 5.9s (Timeout waiting for 4 ticks after 5200ms)
F11 [F11] craft torch: variant#3 attempt1 failed: Error: missing ingredient
F11 [F11] [tools] closing stale craft window (minecraft:inventory) - grid recovery
F11 [F11] craft torch: all 1 variant(s) failed, last: Error: missing ingredient
F11 [F11] digShaft: water hazard 4.7b away (live 21) - refusing this column, the caller rotates
F11 bank trip: skipped (pockets full, 3s left < 150s - the end-phase owns the deadline banking)
F11 [F11] craft torches: skip (no coal: sticks 3 coals 0)
F11 [F11] digShaft: water hazard 4.7b away (live 21) - refusing this column, the caller rotates
F11 tunnel: steering coal_ore @ 4.4b (axis z+, cross 0.4994931213977907, floor lock)
F18 [F18] vein sweep: 5 drop(s) in reach (8 dug)
F6 [F6] vein sweep: 8 drop(s) in reach (10 dug)
F13 sword due: planks available
F13 sword: no table reachable or placeable
F13 sword: failed (no table)
F13 [F13] craft torches: skip (no coal: sticks 3 coals 0)
F12 [F12] water: pass 12 head=wet shore=none land=n/a y=61.7 o2=20 probes=0 at=[-154,62,403]
F5 [F5] digShaft: water hazard 0.8b away (live 21) - refusing this column, the caller rotates
F5 tunnel: steering coal_ore @ 7b (axis x+, cross 1.6999999999999886, ore detour)
F5 tunnel: 0 blocks (branch mine at the floor, steered, ore detour)
F5 [F5] vein sweep: refused a cell - drop of 5 below the cell (cave?) - the ore waits for a safe angle
F5 tunnel: 0 blocks x3 - sealed or flooded, cooling down 15s
F19 tunnel: 10 blocks (branch mine at the floor, steered, floor lock)
F19 final bank deferred: night (tod=12458) - the pocket rides out the dark alive (the v0.140.1 night hold)
[hb] n=30 ts=601s rss=548M late=143ms mainLate=884ms
F12 final bank deferred: night (tod=12458) - the pocket rides out the dark alive (the v0.140.1 night hold)
F4 [F4] torch: the placement did not land (dry) x5 - the streak names itself once, a landing re-arms it
F4 tunnel: 8 blocks (branch mine at the floor, steered, ore detour)
F4 final bank deferred: night (tod=12446) - the pocket rides out the dark alive (the v0.140.1 night hold)
[worldmap] autosave: merged 23 from disk, 1254 positions on file
F18 [F18] vein sweep: +14u walked from the drops (8 dug)
F18 vein sweep: 8 ores dug beside the gallery (ore detour)
F18 final bank deferred: night (tod=12458) - the pocket rides out the dark alive (the v0.140.1 night hold)
F11 tunnel: 2 blocks (branch mine at the floor, steered, floor lock)
F11 final bank deferred: night (tod=12458) - the pocket rides out the dark alive (the v0.140.1 night hold)
F7 final bank deferred: night (tod=12428) - the pocket rides out the dark alive (the v0.140.1 night hold)
F5 [F5] water: drowning rescue start (drowning, oxygen 15)
F5 [F5] water: pass 0 head=wet shore=none land=n/a y=46.4 o2=15 probes=0 at=[-132,46,397]
F12 [F12] water: pass 16 head=dry shore=hit r=1 land=none y=63.4 o2=20 probes=0 at=[-155,63,404]
F9 tunnel: 2 blocks (branch mine at the floor, steered, ore detour)
F9 final bank: staggered +72s
F5 [F5] water: pass 7 head=dry shore=hit r=2 land=none y=49.2 o2=20 probes=0 at=[-131,49,397]
F6 [F6] vein sweep: the drop walk to [-135,39,425] failed - sweep drops: timeout after 4000ms (dy 1.0, range 2)
F6 [F6] vein sweep: +1u walked from the drops (10 dug)
F6 [F6] vein sweep: 1 below-plane walk(s) still failed on the wide goal (range 2) - the drop rests deeper than the lip
F6 vein sweep: 10 ores dug beside the gallery (floor lock)
F6 final bank deferred: night (tod=12538) - the pocket rides out the dark alive (the v0.140.1 night hold)
F13 tunnel: 0 blocks (branch mine at the floor, ore detour)
F13 final bank deferred: night (tod=12558) - the pocket rides out the dark alive (the v0.140.1 night hold)
F12 [F12] water: pass 18 head=dry shore=hit r=1 land=none y=63.1 o2=20 probes=0 at=[-156,63,404]
F16 tunnel: 0 blocks (branch mine at the floor, steered, floor lock)
F16 tunnel: 0 blocks x3 - sealed or flooded, cooling down 15s
F5 [F5] water: pass 12 head=dry shore=hit r=2 land=none y=49.2 o2=20 probes=0 at=[-131,49,397]
F12 [F12] water: pass 20 head=dry shore=hit r=1 land=none y=63.5 o2=20 probes=0 at=[-156,63,404]
t-0s alive=19/19 mined=2209 map=1254p/21ch banked=518 smelted=25 pocket=1876u/252s | sand=50 gravel=11 dirt=265 stone=7
   deficits: 157926/50 (0.0%) 149380/11 (0.0%) 31860/0 (0.0%) 27420/0 (0.0%) 10725/39 (0.4%)
   F1=139[cobblestone:113 dirt:27 raw_copper:15] | F2=177[cobblestone:63 raw_copper:24 copper_ingot:7] | F3=87[cobblestone:26 dirt:25 stick:4] | F4=178[dirt:8 leaf_litter:7 sand:1] | F5=25[cobblestone:19 birch_log:5 dirt:4] | F6=168[cobblestone:21 sand:12 stick:6] | F7=98[dirt:51 leaf_litter:9 stick:6] | F8=78[dirt:21 leaf_litter:5 granite:5] | F9=43[cobblestone:68 torch:5 dirt:3] | F10=162[cobblestone:79 granite:61 dirt:25] | F11=131[cobblestone:64 raw_copper:26 torch:20] | F12=101[dirt:45 leaf_litter:27 sand:25] | F13=96[oak_log:6 oak_planks:5 stick:3] | F14=95[birch_log:5] | F15=99[cobblestone:67 raw_copper:27 torch:15] | F16=47[cobblestone:17 torch:10 oak_planks:5] | F17=86[cobblestone:36 diorite:11 oak_log:7] | F18=199[coal:64 cobblestone:54 raw_copper:39] | F19=200[cobblestone:41 stick:5 leaf_litter:4]
   mem: heap=176M/205M old=-1M ext=228M ab=225M rss=545M cols=932 ents=1669 evicted=455 path=6a/0q (max 6) stale=1
F5 [F5] water: pass 16 head=dry shore=hit r=2 land=none y=49.2 o2=20 probes=0 at=[-131,49,397]
F5 [F5] water: rescue standing down (frozen physics - the walk gate reopens, the reconnect lane owns a dead client) in 6.8s
F5 [F5] water: frozen client relog (#7 consecutive) (3 consecutive frozen verdicts) - ending the session, the reconnect lane rebuilds the physics; the drowning sentry holds non-critical pages 60s (the frozen-return gate)
F5 [F5] water: hazard memorized at [-132,49,396] (20 live, fleet-wide)
F6 [F6] combat: fighting skeleton (dist 4.6, hp 20.0, 1 nearby, proximity)
F12 [F12] water: pass 22 head=dry shore=hit r=1 land=none y=63.5 o2=20 probes=0 at=[-156,63,404]
F12 [F12] water: rescue complete in 18.4s
F12 [F12] water: hazard memorized at [-155,62,402] (21 live, fleet-wide)
F5 final bank deferred: night (tod=12637) - the pocket rides out the dark alive (the v0.140.1 night hold)
F8 final bank deferred: night (tod=12749) - the pocket rides out the dark alive (the v0.140.1 night hold)
F6 [F6] combat: fight ended vs skeleton (mob down, hp 20.0 -> 20.0, swings 2, weapon stone_sword, 2 rounds)
[hb] n=31 ts=621s rss=549M late=148ms mainLate=449ms
F3 final bank: staggered +88s
F16 final bank: staggered +64s
t-0s alive=19/19 mined=2213 map=1260p/21ch banked=518 smelted=25 pocket=1882u/252s | sand=50 gravel=11 dirt=265 stone=7
   deficits: 157926/50 (0.0%) 149380/11 (0.0%) 31860/0 (0.0%) 27420/0 (0.0%) 10725/39 (0.4%)
   F1=139[cobblestone:113 dirt:27 raw_copper:15] | F2=177[cobblestone:63 raw_copper:24 copper_ingot:7] | F3=87[cobblestone:26 dirt:25 stick:4] | F4=178[dirt:8 leaf_litter:7 sand:1] | F5=25[cobblestone:19 birch_log:5 dirt:4] | F6=168[cobblestone:22 sand:12 stick:6] | F7=98[dirt:51 leaf_litter:9 stick:6] | F8=78[dirt:21 cobblestone:6 granite:6] | F9=43[cobblestone:68 torch:5 dirt:3] | F10=162[cobblestone:80 granite:61 dirt:25] | F11=131[cobblestone:64 raw_copper:26 torch:20] | F12=101[dirt:45 leaf_litter:28 sand:25] | F13=96[oak_log:6 oak_planks:5 stick:3] | F14=99[birch_log:5] | F15=99[cobblestone:67 raw_copper:27 torch:15] | F16=47[cobblestone:17 torch:10 oak_planks:5] | F17=86[cobblestone:36 diorite:11 oak_log:7] | F18=199[coal:64 cobblestone:54 raw_copper:39] | F19=200[cobblestone:41 stick:5 leaf_litter:4]
   mem: heap=160M/205M old=-1M ext=228M ab=225M rss=549M cols=519 ents=882 evicted=213 path=4a/0q (max 6) stale=1
F17 final bank: staggered +64s
F10 final bank deferred: night (tod=13118) - the pocket rides out the dark alive (the v0.140.1 night hold)
F15 final bank: staggered +80s
t-0s alive=19/19 mined=2213 map=1260p/21ch banked=518 smelted=25 pocket=1900u/256s | sand=50 gravel=11 dirt=265 stone=7
   deficits: 157926/50 (0.0%) 149380/11 (0.0%) 31860/0 (0.0%) 27420/0 (0.0%) 10725/39 (0.4%)
   F1=139[cobblestone:113 dirt:27 raw_copper:15] | F2=177[cobblestone:63 raw_copper:24 copper_ingot:7] | F3=87[cobblestone:26 dirt:25 stick:4] | F4=178[dirt:8 leaf_litter:7 sand:1] | F5=25[cobblestone:19 birch_log:5 dirt:4] | F6=168[cobblestone:22 sand:12 stick:6] | F7=98[dirt:51 leaf_litter:9 stick:6] | F8=78[dirt:21 cobblestone:6 granite:6] | F9=43[cobblestone:68 torch:5 dirt:3] | F10=162[cobblestone:80 granite:61 dirt:25] | F11=131[cobblestone:64 raw_copper:26 torch:20] | F12=101[dirt:45 leaf_litter:28 sand:25] | F13=96[oak_log:6 oak_planks:5 stick:3] | F14=99[birch_planks:11 oak_planks:7 birch_log:2] | F15=99[cobblestone:67 raw_copper:27 torch:15] | F16=47[cobblestone:17 torch:10 oak_planks:5] | F17=86[cobblestone:36 diorite:11 oak_log:7] | F18=199[coal:64 cobblestone:54 raw_copper:39] | F19=200[cobblestone:41 stick:5 leaf_litter:4]
   mem: heap=167M/204M old=-1M ext=227M ab=224M rss=547M cols=208 ents=295 evicted=31 path=0a/0q (max 6) stale=1
[hb] n=32 ts=641s rss=549M late=153ms mainLate=426ms
F18 [F18] combat: fighting zombie (dist 4.8, hp 20.0, 1 nearby, proximity)
F14 [F14] craft torches: stick-dry but 9 planks held - one stick batch first
F14 [F14] craft torches: skip (no coal: sticks 4 coals 0)
F14 dir=(-0.40,-0.92) logs=4 tools=wooden_pickaxe
F14 final bank deferred: night (tod=13480) - the pocket rides out the dark alive (the v0.140.1 night hold)
F18 [F18] combat: drift return wait vs zombie (@5.3) - the swimmer always comes back
t-0s alive=19/19 mined=2213 map=1260p/21ch banked=518 smelted=25 pocket=1896u/258s | sand=50 gravel=11 dirt=265 stone=7
   deficits: 157926/50 (0.0%) 149380/11 (0.0%) 31860/0 (0.0%) 27420/0 (0.0%) 10725/39 (0.4%)
   F1=139[cobblestone:113 dirt:27 raw_copper:15] | F2=177[cobblestone:63 raw_copper:24 copper_ingot:7] | F3=87[cobblestone:26 dirt:25 stick:4] | F4=178[dirt:8 leaf_litter:7 sand:1] | F5=25[cobblestone:19 birch_log:5 dirt:4] | F6=168[cobblestone:22 sand:12 stick:6] | F7=98[dirt:51 leaf_litter:9 stick:6] | F8=78[dirt:21 cobblestone:6 granite:6] | F9=43[cobblestone:68 torch:5 dirt:3] | F10=162[cobblestone:80 granite:61 dirt:25] | F11=131[cobblestone:64 raw_copper:26 torch:20] | F12=101[dirt:45 leaf_litter:28 sand:25] | F13=96[oak_log:6 oak_planks:5 stick:3] | F14=99[oak_planks:7 stick:4 oak_log:2] | F15=99[cobblestone:67 raw_copper:27 torch:15] | F16=47[cobblestone:17 torch:10 oak_planks:5] | F17=86[cobblestone:36 diorite:11 oak_log:7] | F18=199[coal:64 cobblestone:55 raw_copper:39] | F19=200[cobblestone:41 stick:5 leaf_litter:4]
   mem: heap=165M/205M old=-1M ext=227M ab=224M rss=547M cols=105 ents=167 evicted=12 path=0a/0q (max 6) stale=1
[hb] n=33 ts=661s rss=549M late=157ms mainLate=214ms
F18 [F18] combat: fight ended vs zombie (deadline, hp 20.0 -> 20.0, swings 4, weapon wooden_sword, 4 rounds)
F18 [F18] combat: fighting zombie (dist 3.4, hp 20.0, 1 nearby, proximity)
F1 [F1] approach: 8 segment(s) walked in 69.7s, goal now d=32.0 (still outside - the segment cap spent (8 walked, d=32.0))
t-0s alive=19/19 mined=2213 map=1260p/21ch banked=518 smelted=25 pocket=1896u/258s | sand=50 gravel=11 dirt=265 stone=7
   deficits: 157926/50 (0.0%) 149380/11 (0.0%) 31860/0 (0.0%) 27420/0 (0.0%) 10725/39 (0.4%)
   F1=139[cobblestone:113 dirt:27 raw_copper:15] | F2=177[cobblestone:63 raw_copper:24 copper_ingot:7] | F3=87[cobblestone:26 dirt:25 stick:4] | F4=178[dirt:8 leaf_litter:7 sand:1] | F5=25[cobblestone:19 birch_log:5 dirt:4] | F6=168[cobblestone:22 sand:12 stick:6] | F7=98[dirt:51 leaf_litter:9 stick:6] | F8=78[dirt:21 cobblestone:6 granite:6] | F9=43[cobblestone:68 torch:5 dirt:3] | F10=162[cobblestone:80 granite:61 dirt:25] | F11=131[cobblestone:64 raw_copper:26 torch:20] | F12=101[dirt:45 leaf_litter:28 sand:25] | F13=96[oak_log:6 oak_planks:5 stick:3] | F14=99[oak_planks:7 stick:4 oak_log:2] | F15=99[cobblestone:67 raw_copper:27 torch:15] | F16=47[cobblestone:17 torch:10 oak_planks:5] | F17=86[cobblestone:36 diorite:11 oak_log:7] | F18=199[coal:64 cobblestone:55 raw_copper:39] | F19=200[cobblestone:41 stick:5 leaf_litter:4]
   mem: heap=164M/205M old=-1M ext=227M ab=224M rss=547M cols=105 ents=167 evicted=12 path=0a/0q (max 6) stale=1
F18 [F18] combat: fight ended vs zombie (mob down, hp 20.0 -> 20.0, swings 2, weapon wooden_sword, 2 rounds)
F1 [F1] raw hop failed: raw walk: no net progress for 8076ms (best d=32.0) - pathfinder retry
F9 final climb: the yard stands 31 levels up over 14b lateral - climbing toward the yard's level (the walk ladder cannot)
F9 [F9] climb wet escape: oxygen 3 at the floor - the escape yields, the rescue lane owns the air
F9 final climb: no retry (no retry for 'low-o2')
F9 final climb: failed - low-o2
F9 final bank: 0 (still underground after 1 climb attempt - the chain from the shaft bottom is doomed walks)
F1 [F1] hop: chest at [-102,73,416] d=33 zero: chest unreachable (No path to the goal!)
F1 [F1] chest skip (vertical doom: the yard stands 24 levels up over 22b lateral - the walk ladder cannot climb)
F1 [F1] chest skip (vertical doom: the yard stands 24 levels up over 24b lateral - the walk ladder cannot climb)
F1 [F1] chest skip (no path cached 0s ago at [-102,73,414])
F1 [F1] chest skip (vertical doom: the yard stands 24 levels up over 24b lateral - the walk ladder cannot climb)
F1 [F1] chest skip (no path cached 0s ago at [-102,73,412])
[hb] n=34 ts=681s rss=547M late=161ms mainLate=95ms
t-0s alive=19/19 mined=2213 map=1260p/21ch banked=518 smelted=25 pocket=1896u/258s | sand=50 gravel=11 dirt=265 stone=7
   deficits: 157926/50 (0.0%) 149380/11 (0.0%) 31860/0 (0.0%) 27420/0 (0.0%) 10725/39 (0.4%)
   F1=139[cobblestone:113 dirt:27 raw_copper:15] | F2=177[cobblestone:63 raw_copper:24 copper_ingot:7] | F3=87[cobblestone:26 dirt:25 stick:4] | F4=178[dirt:8 leaf_litter:7 sand:1] | F5=25[cobblestone:19 birch_log:5 dirt:4] | F6=168[cobblestone:22 sand:12 stick:6] | F7=98[dirt:51 leaf_litter:9 stick:6] | F8=78[dirt:21 cobblestone:6 granite:6] | F9=43[cobblestone:68 torch:5 dirt:3] | F10=162[cobblestone:80 granite:61 dirt:25] | F11=131[cobblestone:64 raw_copper:26 torch:20] | F12=101[dirt:45 leaf_litter:28 sand:25] | F13=96[oak_log:6 oak_planks:5 stick:3] | F14=99[oak_planks:7 stick:4 oak_log:2] | F15=99[cobblestone:67 raw_copper:27 torch:15] | F16=47[cobblestone:17 torch:10 oak_planks:5] | F17=86[cobblestone:36 diorite:11 oak_log:7] | F18=199[coal:64 cobblestone:55 raw_copper:39] | F19=200[cobblestone:41 stick:5 leaf_litter:4]
   mem: heap=163M/204M old=-1M ext=227M ab=224M rss=547M cols=105 ents=167 evicted=12 path=0a/0q (max 6) stale=1
F16 final climb: the yard stands 32 levels up over 23b lateral - climbing toward the yard's level (the walk ladder cannot)
F16 [F16] climb diag: level at y=41 blocked toward 1,0 (dug=0, wet) at [0,1,0] water (stop)
F17 final climb: the yard stands 32 levels up over 19b lateral - climbing toward the yard's level (the walk ladder cannot)
t-0s alive=19/19 mined=2213 map=1260p/21ch banked=518 smelted=25 pocket=1897u/259s | sand=50 gravel=11 dirt=265 stone=7
   deficits: 157926/50 (0.0%) 149380/11 (0.0%) 31860/0 (0.0%) 27420/0 (0.0%) 10725/39 (0.4%)
   F1=139[cobblestone:113 dirt:27 raw_copper:15] | F2=177[cobblestone:63 raw_copper:24 copper_ingot:7] | F3=87[cobblestone:26 dirt:25 stick:4] | F4=178[dirt:8 leaf_litter:7 sand:1] | F5=25[cobblestone:19 birch_log:5 dirt:4] | F6=168[cobblestone:22 sand:12 stick:6] | F7=98[dirt:51 leaf_litter:9 stick:6] | F8=78[dirt:21 cobblestone:6 granite:6] | F9=43[cobblestone:68 torch:5 dirt:3] | F10=162[cobblestone:80 granite:61 dirt:25] | F11=131[cobblestone:64 raw_copper:26 torch:20] | F12=101[dirt:45 leaf_litter:28 sand:25] | F13=96[oak_log:6 oak_planks:5 stick:3] | F14=99[oak_planks:7 stick:4 oak_log:2] | F15=99[cobblestone:67 raw_copper:27 torch:15] | F16=47[cobblestone:17 torch:10 oak_planks:5] | F17=86[cobblestone:36 diorite:11 oak_log:7] | F18=199[coal:64 cobblestone:55 raw_copper:39] | F19=200[cobblestone:41 stick:5 leaf_litter:4]
   mem: heap=163M/204M old=-1M ext=227M ab=224M rss=547M cols=105 ents=167 evicted=12 path=0a/0q (max 6) stale=1
[hb] n=35 ts=701s rss=547M late=166ms mainLate=110ms
F16 [F16] climb diag: level at y=41 blocked toward 0,1 (dug=0, wet) at [0,1,0] water (stop)
F17 [F17] climb diag: level at y=41 blocked toward -1,0 (dug=0, wet) at [0,1,0] water (stop)
F3 final climb: the yard stands 23 levels up over 4b lateral - climbing toward the yard's level (the walk ladder cannot)
F17 [F17] climb diag: level at y=41 blocked toward 1,0 (dug=0, wet) at [0,1,0] water (stop)
F16 [F16] climb diag: level at y=41 blocked toward 1,0 (dug=0, wet) at [0,1,0] water (stop)
t-0s alive=19/19 mined=2213 map=1260p/21ch banked=518 smelted=25 pocket=1897u/259s | sand=50 gravel=11 dirt=265 stone=7
   deficits: 157926/50 (0.0%) 149380/11 (0.0%) 31860/0 (0.0%) 27420/0 (0.0%) 10725/39 (0.4%)
   F1=139[cobblestone:113 dirt:27 raw_copper:15] | F2=177[cobblestone:63 raw_copper:24 copper_ingot:7] | F3=87[cobblestone:26 dirt:25 stick:4] | F4=178[dirt:8 leaf_litter:7 sand:1] | F5=25[cobblestone:19 birch_log:5 dirt:4] | F6=168[cobblestone:22 sand:12 stick:6] | F7=98[dirt:51 leaf_litter:9 stick:6] | F8=78[dirt:21 cobblestone:6 granite:6] | F9=43[cobblestone:68 torch:5 dirt:3] | F10=162[cobblestone:80 granite:61 dirt:25] | F11=131[cobblestone:64 raw_copper:26 torch:20] | F12=101[dirt:45 leaf_litter:28 sand:25] | F13=96[oak_log:6 oak_planks:5 stick:3] | F14=99[oak_planks:7 stick:4 oak_log:2] | F15=99[cobblestone:67 raw_copper:27 torch:15] | F16=47[cobblestone:17 torch:10 oak_planks:5] | F17=86[cobblestone:36 diorite:11 oak_log:7] | F18=199[coal:64 cobblestone:55 raw_copper:39] | F19=200[cobblestone:41 stick:5 leaf_litter:4]
   mem: heap=165M/205M old=-1M ext=227M ab=224M rss=547M cols=105 ents=167 evicted=12 path=0a/0q (max 6) stale=1
F3 [F3] climb diag: level at y=50 blocked toward 0,-1 (dug=0, wet) at [0,1,0] water (stop)
[hb] n=36 ts=721s rss=549M late=171ms mainLate=48ms
F17 [F17] climb diag: level at y=41 blocked toward -1,0 (dug=0, wet) at [0,1,0] water (stop)
F15 [F15] climb diag: level at y=55 blocked toward -1,0 (dug=0, wet) at [0,1,0] water (stop)
F1 [F1] approach: 6 segment(s) walked in 52.8s, goal now d=36.1 (still outside - a segment stalled (no position delta))
t-0s alive=19/19 mined=2213 map=1260p/21ch banked=518 smelted=25 pocket=1897u/259s | sand=50 gravel=11 dirt=265 stone=7
   deficits: 157926/50 (0.0%) 149380/11 (0.0%) 31860/0 (0.0%) 27420/0 (0.0%) 10725/39 (0.4%)
   F1=139[cobblestone:113 dirt:27 raw_copper:15] | F2=177[cobblestone:63 raw_copper:24 copper_ingot:7] | F3=87[cobblestone:26 dirt:25 stick:4] | F4=178[dirt:8 leaf_litter:7 sand:1] | F5=25[cobblestone:19 birch_log:5 dirt:4] | F6=168[cobblestone:22 sand:12 stick:6] | F7=98[dirt:51 leaf_litter:9 stick:6] | F8=78[dirt:21 cobblestone:6 granite:6] | F9=43[cobblestone:68 torch:5 dirt:3] | F10=162[cobblestone:80 granite:61 dirt:25] | F11=131[cobblestone:64 raw_copper:26 torch:20] | F12=101[dirt:45 leaf_litter:28 sand:25] | F13=96[oak_log:6 oak_planks:5 stick:3] | F14=99[oak_planks:7 stick:4 oak_log:2] | F15=99[cobblestone:67 raw_copper:27 torch:15] | F16=47[cobblestone:17 torch:10 oak_planks:5] | F17=86[cobblestone:36 diorite:11 oak_log:7] | F18=199[coal:64 cobblestone:55 raw_copper:39] | F19=200[cobblestone:41 stick:5 leaf_litter:4]
   mem: heap=166M/205M old=-1M ext=227M ab=224M rss=547M cols=105 ents=167 evicted=12 path=0a/0q (max 6) stale=1
F3 [F3] climb diag: level at y=50 blocked toward 0,-1 (dug=0, wet) at [0,1,0] water (stop)
F17 final climb: retry (escalated retry after stalled, 84s fence)
F1 [F1] raw hop failed: raw walk timeout after 6047ms (d=36.1) - pathfinder retry
F1 [F1] hop: chest at [-107,73,412] d=35 zero: chest unreachable (No path to the goal!)
F1 bank fallback: none (budget exhausted)
F1 camp furnace: build skipped - the leg clock (15s) cannot afford a 18s craft-table build + the 5s put (113 cobble + 7 planks - table first)
F15 [F15] climb diag: level at y=55 blocked toward 1,0 (dug=0, wet) at [0,1,0] water (stop)
[hb] n=37 ts=741s rss=549M late=176ms mainLate=52ms
F17 [F17] climb diag: level at y=41 blocked toward 1,0 (dug=0, wet) at [0,1,0] water (stop)
t-0s alive=19/19 mined=2213 map=1260p/21ch banked=518 smelted=25 pocket=1897u/259s | sand=50 gravel=11 dirt=265 stone=7
   deficits: 157926/50 (0.0%) 149380/11 (0.0%) 31860/0 (0.0%) 27420/0 (0.0%) 10725/39 (0.4%)
   F1=139[cobblestone:113 dirt:27 raw_copper:15] | F2=177[cobblestone:63 raw_copper:24 copper_ingot:7] | F3=87[cobblestone:26 dirt:25 stick:4] | F4=178[dirt:8 leaf_litter:7 sand:1] | F5=25[cobblestone:19 birch_log:5 dirt:4] | F6=168[cobblestone:22 sand:12 stick:6] | F7=98[dirt:51 leaf_litter:9 stick:6] | F8=78[dirt:21 cobblestone:6 granite:6] | F9=43[cobblestone:68 torch:5 dirt:3] | F10=162[cobblestone:80 granite:61 dirt:25] | F11=131[cobblestone:64 raw_copper:26 torch:20] | F12=101[dirt:45 leaf_litter:28 sand:25] | F13=96[oak_log:6 oak_planks:5 stick:3] | F14=99[oak_planks:7 stick:4 oak_log:2] | F15=99[cobblestone:67 raw_copper:27 torch:15] | F16=47[cobblestone:17 torch:10 oak_planks:5] | F17=86[cobblestone:36 diorite:11 oak_log:7] | F18=199[coal:64 cobblestone:55 raw_copper:39] | F19=200[cobblestone:41 stick:5 leaf_litter:4]
   mem: heap=163M/204M old=-1M ext=227M ab=224M rss=547M cols=105 ents=167 evicted=12 path=0a/0q (max 6) stale=1
F3 [F3] climb diag: level at y=50 blocked toward 0,-1 (dug=0, wet) at [0,1,0] water (stop)
F15 [F15] climb diag: level at y=55 blocked toward -1,0 (dug=0, wet) at [0,1,0] water (stop)
F14 [F14] combat: shelter try vs creeper (dist 4.4, proximity)
[F1] walk nudge: approach: 2 segment(s) walked in 14.4s, goal now d=28.8 (still outside - the approach clock is spent)
[F1] walk nudge: closed to d=28.8 - retrying the machine from the new start
F1 smelt: 0 (raw_copper@furnace: machine unreachable (visit budget spent (walk slice)))
F1 [F1] chest skip (vertical doom: the yard stands 26 levels up over 20b lateral - the walk ladder cannot climb)
F1 [F1] chest skip (vertical doom: the yard stands 26 levels up over 21b lateral - the walk ladder cannot climb)
F1 [F1] chest skip (vertical doom: the yard stands 26 levels up over 23b lateral - the walk ladder cannot climb)
F1 [F1] chest skip (vertical doom: the yard stands 26 levels up over 22b lateral - the walk ladder cannot climb)
F1 [F1] chest skip (vertical doom: the yard stands 26 levels up over 23b lateral - the walk ladder cannot climb)
F1 [F1] chest skip (vertical doom: the yard stands 26 levels up over 24b lateral - the walk ladder cannot climb)
F1 [F1] chest skip (vertical doom: the yard stands 26 levels up over 25b lateral - the walk ladder cannot climb)
F1 [F1] chest skip (vertical doom: the yard stands 26 levels up over 25b lateral - the walk ladder cannot climb)
F1 final bank: 0 (no chest in range)
F17 [F17] climb diag: level at y=41 blocked toward -1,0 (dug=0, wet) at [0,1,0] water (stop)
F14 [F14] combat: sheltering from creeper (seal dirt, proximity)
t-0s alive=19/19 mined=2213 map=1260p/21ch banked=518 smelted=25 pocket=1900u/261s | sand=50 gravel=11 dirt=266 stone=7
   deficits: 157926/50 (0.0%) 149380/11 (0.0%) 31860/0 (0.0%) 27420/0 (0.0%) 10725/39 (0.4%)
   F1=139[cobblestone:113 dirt:27 raw_copper:15] | F2=177[cobblestone:63 raw_copper:24 copper_ingot:7] | F3=87[cobblestone:26 dirt:25 stick:4] | F4=178[dirt:8 leaf_litter:7 sand:1] | F5=25[cobblestone:19 birch_log:5 dirt:4] | F6=168[cobblestone:22 sand:12 stick:6] | F7=98[dirt:51 leaf_litter:9 stick:6] | F8=78[dirt:21 cobblestone:6 granite:6] | F9=43[cobblestone:68 torch:5 dirt:3] | F10=162[cobblestone:80 granite:61 dirt:25] | F11=131[cobblestone:64 raw_copper:26 torch:20] | F12=101[dirt:45 leaf_litter:28 sand:25] | F13=96[oak_log:6 oak_planks:5 stick:3] | F14=99[oak_planks:6 stick:4 leaf_litter:3] | F15=99[cobblestone:67 raw_copper:27 torch:15] | F16=47[cobblestone:17 torch:10 oak_planks:5] | F17=86[cobblestone:36 diorite:11 oak_log:7] | F18=199[coal:64 cobblestone:55 raw_copper:39] | F19=200[cobblestone:41 stick:5 leaf_litter:4]
   mem: heap=165M/204M old=-1M ext=227M ab=224M rss=549M cols=105 ents=167 evicted=12 path=0a/0q (max 6) stale=1
[hb] n=38 ts=761s rss=549M late=179ms mainLate=351ms
F17 [F17] climb diag: level at y=41 blocked toward 1,0 (dug=0, wet) at [0,1,0] water (stop)
F16 final climb: retry (escalated retry after stalled, 52s fence)
F16 [F16] climb diag: level at y=41 blocked toward 1,0 (dug=0, wet) at [0,1,0] water (stop)
t-0s alive=19/19 mined=2213 map=1260p/21ch banked=518 smelted=25 pocket=1900u/261s | sand=50 gravel=11 dirt=266 stone=7
   deficits: 157926/50 (0.0%) 149380/11 (0.0%) 31860/0 (0.0%) 27420/0 (0.0%) 10725/39 (0.4%)
   F1=139[cobblestone:113 dirt:27 raw_copper:15] | F2=177[cobblestone:63 raw_copper:24 copper_ingot:7] | F3=87[cobblestone:26 dirt:25 stick:4] | F4=178[dirt:8 leaf_litter:7 sand:1] | F5=25[cobblestone:19 birch_log:5 dirt:4] | F6=168[cobblestone:22 sand:12 stick:6] | F7=98[dirt:51 leaf_litter:9 stick:6] | F8=78[dirt:21 cobblestone:6 granite:6] | F9=43[cobblestone:68 torch:5 dirt:3] | F10=162[cobblestone:80 granite:61 dirt:25] | F11=131[cobblestone:64 raw_copper:26 torch:20] | F12=101[dirt:45 leaf_litter:28 sand:25] | F13=96[oak_log:6 oak_planks:5 stick:3] | F14=99[oak_planks:6 stick:4 leaf_litter:3] | F15=99[cobblestone:67 raw_copper:27 torch:15] | F16=47[cobblestone:17 torch:10 oak_planks:5] | F17=86[cobblestone:36 diorite:11 oak_log:7] | F18=199[coal:64 cobblestone:55 raw_copper:39] | F19=200[cobblestone:41 stick:5 leaf_litter:4]
   mem: heap=162M/205M old=-1M ext=227M ab=224M rss=549M cols=105 ents=167 evicted=12 path=0a/0q (max 6) stale=1
F16 [F16] climb diag: level at y=41 blocked toward 0,1 (dug=0, wet) at [0,1,0] water (stop)
[hb] n=39 ts=781s rss=549M late=184ms mainLate=247ms
F12 [F12] combat: shelter try vs witch (dist 9.7, sentry pre-fight)
F12 [F12] combat: shelter skip (open field: no diggable wall, witch@9.7)
F12 [F12] combat: shelter ring try vs witch (dist 9.7, -z-x+x+z first, full ring, sentry pre-fight)
F12 [F12] combat: shelter skip (open field: ring incomplete 6/8)
F12 [F12] combat: fighting witch (dist 9.7, hp 12.0, 1 nearby, sentry)
t-0s alive=19/19 mined=2213 map=1260p/21ch banked=518 smelted=25 pocket=1894u/261s | sand=50 gravel=11 dirt=260 stone=7
   deficits: 157926/50 (0.0%) 149380/11 (0.0%) 31860/0 (0.0%) 27420/0 (0.0%) 10725/39 (0.4%)
   F1=139[cobblestone:113 dirt:27 raw_copper:15] | F2=177[cobblestone:63 raw_copper:24 copper_ingot:7] | F3=87[cobblestone:26 dirt:25 stick:4] | F4=178[dirt:8 leaf_litter:7 sand:1] | F5=25[cobblestone:19 birch_log:5 dirt:4] | F6=168[cobblestone:22 sand:12 stick:6] | F7=98[dirt:51 leaf_litter:9 stick:6] | F8=78[dirt:21 cobblestone:6 granite:6] | F9=43[cobblestone:68 torch:5 dirt:3] | F10=162[cobblestone:80 granite:61 dirt:25] | F11=131[cobblestone:64 raw_copper:26 torch:20] | F12=101[dirt:39 leaf_litter:28 sand:25] | F13=96[oak_log:6 oak_planks:5 stick:3] | F14=99[oak_planks:6 stick:4 leaf_litter:3] | F15=99[cobblestone:67 raw_copper:27 torch:15] | F16=47[cobblestone:17 torch:10 oak_planks:5] | F17=86[cobblestone:36 diorite:11 oak_log:7] | F18=199[coal:64 cobblestone:55 raw_copper:39] | F19=200[cobblestone:41 stick:5 leaf_litter:4]
   mem: heap=169M/204M old=-1M ext=227M ab=224M rss=549M cols=105 ents=167 evicted=12 path=1a/0q (max 6) stale=1
F16 [F16] climb diag: level at y=41 blocked toward 1,0 (dug=0, wet) at [0,1,0] water (stop)
F12 [F12] combat: verdict flipped to flee vs witch (hp 7.0)
F12 [F12] combat: shelter try vs witch (dist 2.4, sentry re-verdict)
F12 [F12] combat: shelter skip (open field: no diggable wall, witch@2.4)
F12 [F12] combat: shelter skip (open field: ring not buildable [oo oo oo -o] vs witch@2.4)
F12 [F12] died - respawning (cause: server: was killed by Witch using magic [kind=mob by Witch] | inferred: witch@9.7 (0s before death at [-134,64,410]) [the inference corroborates the server verdict])
F12 [F12] water: death spot memorized as a hazard at [-134,64,410] (1 live, fleet-wide)
[hb] n=40 ts=801s rss=552M late=188ms mainLate=57ms
F3 final climb: retry (escalated retry after timeout (fenced at 90s - the chain keeps its reserve), 29s fence)
t-0s alive=19/19 mined=2213 map=1260p/21ch banked=518 smelted=25 pocket=1759u/245s | sand=25 gravel=11 dirt=221 stone=7
   deficits: 157926/25 (0.0%) 149380/11 (0.0%) 31860/0 (0.0%) 27420/0 (0.0%) 10725/39 (0.4%)
   F1=139[cobblestone:113 dirt:27 raw_copper:15] | F2=177[cobblestone:63 raw_copper:24 copper_ingot:7] | F3=87[cobblestone:26 dirt:25 stick:4] | F4=178[dirt:8 leaf_litter:7 sand:1] | F5=25[cobblestone:19 birch_log:5 dirt:4] | F6=168[cobblestone:22 sand:12 stick:6] | F7=98[dirt:51 leaf_litter:9 stick:6] | F8=78[dirt:21 cobblestone:6 granite:6] | F9=43[cobblestone:68 torch:5 dirt:3] | F10=162[cobblestone:80 granite:61 dirt:25] | F11=131[cobblestone:64 raw_copper:26 torch:20] | F12=101[empty] | F13=96[oak_log:6 oak_planks:5 stick:3] | F14=99[oak_planks:6 stick:4 leaf_litter:3] | F15=99[cobblestone:67 raw_copper:27 torch:15] | F16=47[cobblestone:17 torch:10 oak_planks:5] | F17=86[cobblestone:36 diorite:11 oak_log:7] | F18=199[coal:64 cobblestone:55 raw_copper:39] | F19=200[cobblestone:41 stick:5 leaf_litter:4]
   mem: heap=161M/205M old=-1M ext=229M ab=226M rss=552M cols=105 ents=167 evicted=12 path=0a/0q (max 6) stale=1
F15 final climb: retry (escalated retry after timeout (fenced at 90s - the chain keeps its reserve), 21s fence)
F3 [F3] climb diag: level at y=50 blocked toward 0,-1 (dug=0, wet) at [0,1,0] water (stop)
F15 [F15] climb diag: level at y=55 blocked toward 1,0 (dug=0, wet) at [0,1,0] water (stop)
F17 final climb: failed - stalled [stage 1]
F17 final bank: 0 (still underground after 2 climb attempts - the chain from the shaft bottom is doomed walks)
t-0s alive=19/19 mined=2213 map=1260p/21ch banked=518 smelted=25 pocket=1759u/245s | sand=25 gravel=11 dirt=221 stone=7
   deficits: 157926/25 (0.0%) 149380/11 (0.0%) 31860/0 (0.0%) 27420/0 (0.0%) 10725/39 (0.4%)
   F1=139[cobblestone:113 dirt:27 raw_copper:15] | F2=177[cobblestone:63 raw_copper:24 copper_ingot:7] | F3=87[cobblestone:26 dirt:25 stick:4] | F4=178[dirt:8 leaf_litter:7 sand:1] | F5=25[cobblestone:19 birch_log:5 dirt:4] | F6=168[cobblestone:22 sand:12 stick:6] | F7=98[dirt:51 leaf_litter:9 stick:6] | F8=78[dirt:21 cobblestone:6 granite:6] | F9=43[cobblestone:68 torch:5 dirt:3] | F10=162[cobblestone:80 granite:61 dirt:25] | F11=131[cobblestone:64 raw_copper:26 torch:20] | F12=101[empty] | F13=96[oak_log:6 oak_planks:5 stick:3] | F14=99[oak_planks:6 stick:4 leaf_litter:3] | F15=99[cobblestone:67 raw_copper:27 torch:15] | F16=47[cobblestone:17 torch:10 oak_planks:5] | F17=86[cobblestone:36 diorite:11 oak_log:7] | F18=199[coal:64 cobblestone:55 raw_copper:39] | F19=200[cobblestone:41 stick:5 leaf_litter:4]
   mem: heap=169M/205M old=-1M ext=229M ab=226M rss=552M cols=105 ents=167 evicted=12 path=0a/0q (max 6) stale=1
F16 final climb: failed - timeout [stage 2]
F16 final bank: 0 (still underground after 2 climb attempts - the chain from the shaft bottom is doomed walks)
[hb] n=41 ts=821s rss=552M late=192ms mainLate=54ms
F3 [F3] climb diag: level at y=50 blocked toward 0,-1 (dug=0, wet) at [0,1,0] water (stop)
F15 [F15] climb diag: level at y=55 blocked toward -1,0 (dug=0, wet) at [0,1,0] water (stop)
F14 [F14] combat: shelter try vs skeleton (dist 6.4, proximity pre-fight)
F14 [F14] combat: shelter skip (open field: no diggable wall, skeleton@6.4)
F14 [F14] combat: shelter skip (open field: ring not buildable [-o -o oo oo], no arrow wall either vs skeleton@6.4)
F14 [F14] combat: fighting skeleton (dist 6.4, hp 12.5, 1 nearby, proximity)
F15 [F15] climb diag: level at y=55 blocked toward 1,0 (dug=0, wet) at [0,1,0] water (stop)
t-0s alive=19/19 mined=2213 map=1260p/21ch banked=518 smelted=25 pocket=1760u/245s | sand=25 gravel=11 dirt=221 stone=7
   deficits: 157926/25 (0.0%) 149380/11 (0.0%) 31860/0 (0.0%) 27420/0 (0.0%) 10725/39 (0.4%)
   F1=139[cobblestone:113 dirt:27 raw_copper:15] | F2=177[cobblestone:63 raw_copper:24 copper_ingot:7] | F3=87[cobblestone:26 dirt:25 stick:4] | F4=178[dirt:8 leaf_litter:7 sand:1] | F5=25[cobblestone:19 birch_log:5 dirt:4] | F6=168[cobblestone:22 sand:12 stick:6] | F7=98[dirt:51 leaf_litter:9 stick:6] | F8=78[dirt:21 cobblestone:6 granite:6] | F9=43[cobblestone:68 torch:5 dirt:3] | F10=162[cobblestone:80 granite:61 dirt:25] | F11=131[cobblestone:64 raw_copper:26 torch:20] | F12=101[empty] | F13=96[oak_log:6 oak_planks:5 stick:3] | F14=99[oak_planks:6 stick:5 leaf_litter:3] | F15=99[cobblestone:67 raw_copper:27 torch:15] | F16=47[cobblestone:17 torch:10 oak_planks:5] | F17=86[cobblestone:36 diorite:11 oak_log:7] | F18=199[coal:64 cobblestone:55 raw_copper:39] | F19=200[cobblestone:41 stick:5 leaf_litter:4]
   mem: heap=167M/205M old=-1M ext=229M ab=226M rss=552M cols=105 ents=167 evicted=12 path=1a/0q (max 6) stale=1
F14 [F14] combat: melee chase ceiling held (chased 7.3b, skeleton @5.9) - the episode breaks, the next drop reopens it
F14 [F14] combat: ranged cooldown armed vs skeleton (10s) - the chase never wins the arrow trade
F14 [F14] combat: fight ended vs skeleton (chase ceiling, hp 12.5 -> 8.5, swings 1, weapon wooden_pickaxe, 1 rounds)
F15 final climb: failed - timeout [stage 1]
F15 final bank: 0 (still underground after 2 climb attempts - the chain from the shaft bottom is doomed walks)
F3 [F3] climb diag: level at y=50 blocked toward 0,-1 (dug=0, wet) at [0,1,0] water (stop)
F3 final climb: failed - timeout [stage 2]
F3 final bank: 0 (still underground after 2 climb attempts - the chain from the shaft bottom is doomed walks)
================ FLEET RESULT (normal end - deadline 600s reached) ================
bots=19 spawned=19 reconnects=19 kicks=0 tools=18 recovered=3 reboots=1 upgraded=21 swords=16 alive=19 climbs=20 banked=518 smelted=25 planted=13 torched=8 fights=10 kills=3 shelters=2 rescues=58 airGlitches=4 claims=14 claimedHolds=0 wet=1 wt=2
server guard: losses=2 (window 0/10) relogins=37 probe=n/a dead=no revives=0 restarts=0
pickaxe tiers at end: wooden_pickaxe,stone_pickaxe,iron_pickaxe -> wooden=32 stone=15 iron=0
blocks mined: 2213 in ~600s = 3.69 blocks/s (221/min)
loot ledger: mined=2213 banked=518 smelted=25 pocket=1760u/245s accounted=2303 unaccounted=0 conversion=104.1%
  sand          collected      25 (0.016% of 157,926)
  gravel        collected      11 (0.007% of 149,380)
  dirt          collected     221
  stone         collected     684 (10.217% of 6,695)
materials: {"birch_log":65,"oak_log":193,"dirt":314,"stone":885,"coal_ore":223,"iron_ore":35,"grass_block":76,"granite":125,"copper_ore":89,"andesite":48,"oak_leaves":27,"sand":72,"diorite":38,"gravel":14,"smooth_stone":9}
kicks handled: 0 (reconnect attempts: 19)
no-path ledger: 1 live verdict(s) at end phase
full-chest ledger: 0 live verdict(s) at end phase
doomed-goal ledger: 164 recorded, 245 re-issues refused at the funnel, 3 re-dooms absorbed (the v0.96.0 backoff - the storm can no longer out-pace the ttl), 4 live at end phase (v0.72.0 spiral breaker)
walk governor: 3 stall(s) opened, 6 churn re-issues refused (v0.74.0 churn breaker - goals queued+done with zero progress during the run68-class storms)
fleet churn ceiling: 0 open(s), 0 aggregate re-issues refused (v0.77.0 - the per-bot limit leaves the fleet-wide burst unbounded)
goal brake: 2 burst open(s), 19 re-issues refused, 0 fleet-ceiling open(s), 0 fleet refusals (v0.143.0 - the re-issue CADENCE is the storm's rate knob: run 35994461858's flood walkers progressed 1-3 blocks per walk so the progress-judged governors never fired, and their near goals flowed through the closed valve, while ~90MB searches marched at 2.5 goals/s per walker into a frozen main)
alloc valve: 0 close(s) (0 by the worker probe, 0 by the queue-pressure arm, 0 by the funnel probe, 0 by the slow envelope), 0 strike(s), 0 long walks refused, 0 short walks passed while closed, 0 aquifer-gate refusals (v0.105.0 one valve two feeders + the aquifer gate - the run93 fix: the ticker feeds the consulted singleton, the worker's probe verdict rides the storm cell for the freeze class, and while closed the near exemption refuses live-hazard goals - near is not cheap in a flooded region; v0.115.0 the queue-pressure arm closes on the SUSTAINED pathfinder saturation - run101's 8-12q wall warned 80s before the rss burst; v0.121.0 the funnel probe - run105's storm starved the timers that carried both feeders while the walk funnel itself marched through the kill window, so the funnel now carries its own verdict and applies the worker's cell inline; v0.144.0 the slow envelope - run80's ramp sawtoothed past the fast anchor's dip rule while the consults marched, the 5s slide is the dip-immune read)
storm duck: 0 arm(s), 0 walk(s) refused fleet-wide while ducked (v0.143.0 - run58: the storm's next-column class is near BY CONSTRUCTION and rode the closed valve's near exemption to the 3000M ceiling; a live storm verdict now shuts EVERY goal for 15s and sweeps the in-flight goals, the A* starves within one think window, the worker's grace lands the cure instead of the ceiling landing the kill)
worldmap: 1260 positions, 21 chunks scanned, top: coal_ore=346 oak_log=279 copper_ore=228 sand=208 birch_log=92
report: data/fleet-report.json written
plan progress: 2/31 resources complete
