launching 19 bots for 600s -> targets sand, gravel, dirt, stone
[hb] n=1 ts=21s rss=254M late=5ms mainLate=0ms
[hb] n=2 ts=41s rss=328M late=11ms mainLate=312ms
F4 [F4] craft torches: stick-dry with logs held - one plank conversion first
F4 [F4] craft torches: stick-dry but 6 planks held - one stick batch first
F4 [F4] craft torches: skip (no coal: sticks 4 coals 0)
F4 dir=(0.55,0.84) logs=6 tools=wooden_pickaxe
F4 spare pick due: spare (planks available)
F4 spare pick: OK (wooden_pickaxe, holds 2)
F4 [F4] craft torches: stick-dry with logs held - one plank conversion first
F4 [F4] craft oak_planks: no craftable recipe variant (ingredients missing?)
F4 [F4] craft torches: stick-dry but 5 planks held - one stick batch first
F4 [F4] craft torches: skip (no coal: sticks 6 coals 0)
[hb] n=3 ts=61s rss=371M late=16ms mainLate=680ms
F4 [F4] torch: the placement did not land (dry) x1 - the streak names itself once, a landing re-arms it
t-535s alive=19/19 mined=101 map=295p/8ch banked=0 smelted=0 pocket=74u/27s | sand=0 gravel=0 dirt=4 stone=0
   deficits: 157926/0 (0.0%) 149380/0 (0.0%) 31860/0 (0.0%) 27420/0 (0.0%) 10725/0 (0.0%)
   F1=10[oak_log:10 birch_log:3 oak_sapling:1] | F2=0[empty] | F3=0[empty] | F4=12[stick:6 oak_log:5 dirt:4] | F5=6[oak_log:2 birch_log:1] | F6=12[birch_log:3 oak_log:2] | F7=5[oak_log:4 chest:1] | F8=10[oak_log:5] | F9=6[oak_log:2 oak_sapling:1] | F10=4[oak_log:4] | F11=4[oak_log:1] | F12=5[birch_log:1] | F13=0[oak_sapling:2 stick:2] | F14=7[empty] | F15=3[empty] | F16=5[empty] | F17=6[oak_log:1] | F18=4[empty] | F19=2[birch_log:3]
   mem: heap=115M/142M old=-1M ext=129M ab=127M rss=371M cols=2075 ents=2418 evicted=220 path=6a/6q (max 6) stale=0
F4 tool upgrade due: cobble available -> stone_pickaxe
F4 [toolupgrade] [upgrade] upgraded: stone_pickaxe,wooden_shovel,wooden_pickaxe,wooden_pickaxe
F4 tool upgrade: OK -> stone_pickaxe (stone_pickaxe,wooden_shovel,wooden_pickaxe,wooden_pickaxe)
F4 sword due: planks available
F4 sword: OK (wooden_sword, holds 1)
F4 sword: OK (wooden_sword)
F4 [F4] craft torches: skip (no coal: sticks 3 coals 0)
F1 [F1] craft torches: stick-dry but 14 planks held - one stick batch first
F1 [F1] craft torches: skip (no coal: sticks 4 coals 0)
t-520s alive=19/19 mined=125 map=328p/8ch banked=0 smelted=0 pocket=128u/40s | sand=0 gravel=2 dirt=4 stone=0
   deficits: 157926/0 (0.0%) 149380/2 (0.0%) 31860/0 (0.0%) 27420/0 (0.0%) 10725/0 (0.0%)
   F1=10[oak_planks:12 oak_log:7 stick:4] | F2=0[empty] | F3=0[empty] | F4=26[cobblestone:13 oak_log:4 dirt:4] | F5=9[oak_log:2 birch_log:1] | F6=12[birch_log:3 oak_log:2] | F7=5[oak_log:4 chest:1] | F8=10[oak_log:5] | F9=6[oak_log:2 oak_sapling:1] | F10=4[oak_log:4 birch_log:4] | F11=4[oak_log:6] | F12=5[birch_log:2] | F13=3[oak_sapling:2 stick:2] | F14=7[oak_log:6 oak_planks:6 stick:4] | F15=3[empty] | F16=5[empty] | F17=6[oak_log:4 oak_sapling:2] | F18=5[empty] | F19=5[birch_log:5]
   mem: heap=104M/143M old=-1M ext=130M ab=127M rss=374M cols=2085 ents=2289 evicted=274 path=6a/5q (max 6) stale=0
[hb] n=4 ts=81s rss=374M late=22ms mainLate=233ms
F1 dir=(1.00,0.00) logs=7 tools=wooden_pickaxe
F1 spare pick due: spare (planks available)
F4 [F4] craft torches: skip (no coal: sticks 3 coals 0)
F4 [F4] craft torches: skip (no coal: sticks 3 coals 0)
F1 spare pick: OK (wooden_pickaxe, holds 2)
F1 sword due: planks available
F1 sword: OK (wooden_sword, holds 1)
F1 sword: OK (wooden_sword)
F1 [F1] craft torches: stick-dry but 7 planks held - one stick batch first
F14 [F14] craft torches: stick-dry with logs held - one plank conversion first
F1 [F1] craft torches: skip (no coal: sticks 5 coals 0)
F14 [F14] craft torches: stick-dry but 6 planks held - one stick batch first
F14 [F14] craft torches: skip (no coal: sticks 4 coals 0)
F14 dir=(-0.40,-0.92) logs=5 tools=wooden_pickaxe
F14 spare pick due: spare (planks available)
F14 spare pick: OK (wooden_pickaxe, holds 2)
F14 [F14] craft torches: stick-dry with logs held - one plank conversion first
F1 [F1] torch: the placement did not land (dry) x1 - the streak names itself once, a landing re-arms it
F14 [F14] craft torches: stick-dry but 9 planks held - one stick batch first
F14 [F14] craft torches: skip (no coal: sticks 6 coals 0)
F11 [F11] craft torches: stick-dry with logs held - one plank conversion first
F1 tool upgrade due: cobble available -> stone_pickaxe
F11 [F11] craft torches: stick-dry but 6 planks held - one stick batch first
F11 [F11] craft torches: skip (no coal: sticks 4 coals 0)
t-505s alive=19/19 mined=183 map=386p/9ch banked=0 smelted=0 pocket=187u/63s | sand=0 gravel=2 dirt=11 stone=0
   deficits: 157926/0 (0.0%) 149380/2 (0.0%) 31860/0 (0.0%) 27420/0 (0.0%) 10725/0 (0.0%)
   F1=21[oak_log:7 cobblestone:7 stick:5] | F2=0[empty] | F3=2[stick:1 chest:1] | F4=37[cobblestone:15 diorite:10 oak_log:4] | F5=11[oak_log:2 oak_sapling:2 birch_log:1] | F6=14[birch_log:4 oak_log:2] | F7=5[oak_log:4 chest:1 birch_log:1] | F8=14[oak_log:7] | F9=11[oak_log:3 oak_sapling:1] | F10=4[oak_log:4 birch_log:4] | F11=4[oak_log:7 oak_planks:4 stick:4] | F12=10[birch_log:3] | F13=3[oak_sapling:2 stick:2 oak_log:1] | F14=10[oak_planks:7 stick:6 oak_log:3] | F15=7[oak_log:4 birch_log:2] | F16=5[oak_log:3 apple:1] | F17=10[oak_log:6 oak_sapling:2] | F18=5[empty] | F19=10[birch_log:5 oak_log:2]
   mem: heap=100M/145M old=-1M ext=127M ab=124M rss=374M cols=2036 ents=2391 evicted=370 path=5a/0q (max 6) stale=0
F11 dir=(-0.99,-0.16) logs=7 tools=wooden_pickaxe
F11 spare pick due: spare (planks available)
F4 tunnel: 12 blocks (branch mine at the floor, floor lock)
F11 spare pick: OK (wooden_pickaxe, holds 2)
F11 [F11] craft torches: stick-dry with logs held - one plank conversion first
F1 [toolupgrade] [upgrade] upgraded: stone_pickaxe,wooden_shovel,wooden_pickaxe,wooden_pickaxe
F1 tool upgrade: OK -> stone_pickaxe (stone_pickaxe,wooden_shovel,wooden_pickaxe,wooden_pickaxe)
F1 [F1] craft torches: skip (no coal: sticks 3 coals 0)
F11 [F11] craft torches: stick-dry but 9 planks held - one stick batch first
F14 [F14] water: drowning rescue start (drowning, oxygen 14)
F14 [F14] water: pass 0 head=wet shore=none land=n/a y=60.0 o2=14 probes=0 at=[-123,60,388]
F11 [F11] craft torches: skip (no coal: sticks 6 coals 0)
[hb] n=5 ts=101s rss=374M late=27ms mainLate=332ms
F14 [F14] water: pass 5 head=wet shore=none land=n/a y=61.4 o2=19 probes=0 at=[-123,61,387]
F14 sword due: planks available
F14 [F14] water: pass 9 head=dry shore=hit r=2 land=none y=63.5 o2=20 probes=0 at=[-123,63,386]
F14 [F14] water: rescue complete in 5.1s
F14 [F14] water: hazard memorized at [-124,62,387] (1 live, fleet-wide)
F14 sword: OK (wooden_sword, holds 1)
F14 sword: OK (wooden_sword)
F14 [F14] craft torches: skip (no coal: sticks 5 coals 0)
F14 [F14] digShaft: water hazard 2.1b away (live 1) - refusing this column, the caller rotates
F14 [F14] craft torches: skip (no coal: sticks 5 coals 0)
F14 [F14] digShaft: water hazard 2.1b away (live 1) - refusing this column, the caller rotates
F14 tunnel: steering coal_ore @ 4.1b (axis z+, cross 0.30018495619707153, floor lock)
F14 tunnel: 0 blocks (branch mine at the floor, steered, floor lock)
F11 [F11] torch: the placement did not land (dry) x1 - the streak names itself once, a landing re-arms it
F19 [F19] craft torches: stick-dry but 10 planks held - one stick batch first
F14 [F14] vein sweep: 5 drop(s) in reach (1 dug)
F14 [F14] vein sweep: the drop walk to [-121,64,389] failed - doomed goal (ledgered 46s ago at [-122,64,388]) - sweep drops refused (dy 1.0, range 2)
F19 [F19] craft torches: skip (no coal: sticks 4 coals 0)
F14 [F14] vein sweep: the drop walk to [-120,64,389] failed - doomed goal (ledgered 46s ago at [-120,64,389]) - sweep drops refused (dy 1.0, range 2)
F14 [F14] vein sweep: the drop walks picked nothing (pocket delta 0, 3 failed walk(s))
F14 [F14] vein sweep: 3 above-plane walk(s) timed out on the wide goal (range 2) - the ledge family (the v0.189.0 class, the triage names it)
F14 [F14] vein sweep: 2 deep drop(s) skipped (dy < -2 - the lip sphere cannot reach, the walk was a guaranteed spiral)
F14 vein sweep: 1 ores dug beside the gallery (floor lock)
F4 [F4] vein sweep: 8 drop(s) in reach (11 dug)
F2 dir=(0.95,0.32) logs=0 tools=no planks recipe
F2 tool recovery: no pickaxe - spare-pick craft first
F2 spare pick: skip (no sticks and no planks for sticks)
F2 tool recovery: spare craft failed (no sticks and no planks for sticks) - re-running the bootstrap
t-490s alive=19/19 mined=232 map=425p/9ch banked=0 smelted=0 pocket=253u/78s | sand=0 gravel=2 dirt=15 stone=0
   deficits: 157926/0 (0.0%) 149380/2 (0.0%) 31860/0 (0.0%) 27420/0 (0.0%) 10725/0 (0.0%)
   F1=30[cobblestone:15 oak_log:7 dirt:4] | F2=0[oak_sapling:1] | F3=2[stick:1 chest:1] | F4=49[cobblestone:15 diorite:12 oak_log:4] | F5=14[oak_log:2 oak_sapling:2 birch_log:1] | F6=18[oak_planks:12 oak_log:2 birch_log:1] | F7=5[oak_log:4 chest:1 birch_log:1] | F8=14[oak_log:10] | F9=12[oak_log:4] | F10=4[oak_planks:12 birch_planks:2 oak_log:1] | F11=16[oak_planks:7 stick:6 oak_log:5] | F12=11[birch_log:7] | F13=3[oak_sapling:2 stick:2 oak_log:1] | F14=12[oak_planks:5 stick:5 oak_log:3] | F15=7[oak_log:4 birch_log:2] | F16=9[oak_log:4 apple:1] | F17=11[oak_log:9 oak_sapling:2 birch_log:2] | F18=5[empty] | F19=10[oak_planks:8 stick:4 birch_log:3]
   mem: heap=103M/146M old=-1M ext=125M ab=122M rss=376M cols=2012 ents=2756 evicted=428 path=6a/7q (max 6) stale=0
F10 [F10] craft torches: stick-dry but 14 planks held - one stick batch first
F4 [F4] vein sweep: lip dig refused - sealed floor (air 0, dy -0.5)
F10 [F10] craft torches: skip (no coal: sticks 4 coals 0)
F3 dir=(0.79,0.61) logs=0 tools=no planks recipe
F3 tool recovery: no pickaxe - spare-pick craft first
F3 spare pick: skip (no sticks and no planks for sticks)
F3 tool recovery: spare craft failed (no sticks and no planks for sticks) - re-running the bootstrap
F14 [F14] craft torches: skip (no coal: sticks 5 coals 0)
F19 dir=(0.95,-0.32) logs=3 tools=wooden_pickaxe
F19 spare pick due: spare (planks available)
F19 spare pick: OK (wooden_pickaxe, holds 2)
F19 sword due: planks available
F11 tool upgrade due: cobble available -> stone_pickaxe
F19 sword: OK (wooden_sword, holds 1)
F19 sword: OK (wooden_sword)
F19 [F19] craft torches: stick-dry with logs held - one plank conversion first
F6 [F6] craft torches: stick-dry but 14 planks held - one stick batch first
F6 [F6] craft torches: skip (no coal: sticks 4 coals 0)
F19 [F19] craft torches: stick-dry but 7 planks held - one stick batch first
F19 [F19] craft torches: skip (no coal: sticks 5 coals 0)
F6 dir=(-0.08,1.00) logs=3 tools=wooden_pickaxe
F6 spare pick due: spare (planks available)
F4 [F4] vein sweep: the drop walk to [-115,41,428] failed - sweep drops: timeout after 4000ms (dy -0.5, range 2)
F6 spare pick: OK (wooden_pickaxe, holds 2)
F6 sword due: planks available
F8 [F8] craft torches: stick-dry with logs held - one plank conversion first
F14 [F14] torch: the placement did not land (dry) x1 - the streak names itself once, a landing re-arms it
[hb] n=6 ts=121s rss=376M late=32ms mainLate=743ms
F11 [toolupgrade] [upgrade] upgraded: stone_pickaxe,wooden_shovel,wooden_pickaxe,wooden_pickaxe
F11 tool upgrade: OK -> stone_pickaxe (stone_pickaxe,wooden_shovel,wooden_pickaxe,wooden_pickaxe)
F11 sword due: planks available
F6 sword: OK (wooden_sword, holds 1)
F6 sword: OK (wooden_sword)
F6 [F6] craft torches: stick-dry but 7 planks held - one stick batch first
F8 [F8] craft torches: stick-dry but 6 planks held - one stick batch first
F6 [F6] craft torches: skip (no coal: sticks 5 coals 0)
F8 [F8] craft torches: skip (no coal: sticks 4 coals 0)
F10 dir=(-0.99,0.16) logs=2 tools=wooden_pickaxe
F10 spare pick due: spare (planks available)
F19 [F19] torch: the placement did not land (dry) x1 - the streak names itself once, a landing re-arms it
F11 sword: OK (wooden_sword, holds 1)
F11 sword: OK (wooden_sword)
F11 [F11] craft torches: skip (no coal: sticks 3 coals 0)
F14 tool upgrade due: cobble available -> stone_pickaxe
F4 [F4] vein sweep: the drop walk to [-114,42,428] failed - sweep drops: timeout after 4000ms (dy 1.2, range 2)
F10 spare pick: OK (wooden_pickaxe, holds 2)
F10 sword due: planks available
F10 sword: OK (wooden_sword, holds 1)
F10 sword: OK (wooden_sword)
F10 [F10] craft torches: stick-dry but 7 planks held - one stick batch first
F10 [F10] craft torches: skip (no coal: sticks 5 coals 0)
t-475s alive=19/19 mined=282 map=475p/9ch banked=0 smelted=0 pocket=318u/106s | sand=0 gravel=2 dirt=31 stone=0
   deficits: 157926/0 (0.0%) 149380/2 (0.0%) 31860/0 (0.0%) 27420/0 (0.0%) 10725/0 (0.0%)
   F1=30[cobblestone:15 oak_log:7 dirt:4] | F2=0[oak_sapling:1] | F3=2[stick:1 chest:1] | F4=49[cobblestone:16 diorite:13 oak_log:4] | F5=15[oak_log:8 oak_sapling:2 birch_log:1] | F6=24[oak_planks:5 stick:5 dirt:4] | F7=7[oak_log:4 chest:1 birch_log:1] | F8=14[oak_log:9 oak_planks:4 stick:4] | F9=17[oak_log:4 birch_log:1] | F10=4[oak_planks:5 stick:5 wooden_pickaxe:2] | F11=25[cobblestone:8 diorite:7 oak_log:5] | F12=12[birch_log:8] | F13=3[oak_sapling:2 stick:2 oak_log:1] | F14=22[cobblestone:8 leaf_litter:6 dirt:6] | F15=7[oak_log:4 birch_log:2] | F16=11[oak_log:8 apple:1] | F17=11[oak_planks:12 oak_log:6 oak_sapling:2] | F18=7[leaf_litter:3] | F19=22[dirt:9 stick:5 oak_planks:3]
   mem: heap=113M/146M old=-1M ext=124M ab=121M rss=377M cols=1999 ents=2820 evicted=487 path=6a/1q (max 6) stale=0
F8 dir=(-0.68,0.74) logs=9 tools=wooden_pickaxe
F8 spare pick due: spare (planks available)
F11 [F11] craft torches: skip (no coal: sticks 3 coals 0)
F11 [F11] craft torches: skip (no coal: sticks 3 coals 0)
F11 tunnel: steering coal_ore @ 13.1b (axis x+, cross 0.5, floor lock)
F6 [F6] torch: the placement did not land (dry) x1 - the streak names itself once, a landing re-arms it
F1 [F1] craft torches: skip (no coal: sticks 3 coals 0)
F14 [toolupgrade] [upgrade] upgraded: stone_pickaxe,wooden_shovel,wooden_pickaxe,wooden_pickaxe
F14 tool upgrade: OK -> stone_pickaxe (stone_pickaxe,wooden_shovel,wooden_pickaxe,wooden_pickaxe)
F14 [F14] craft torches: skip (no coal: sticks 3 coals 0)
F8 spare pick: OK (wooden_pickaxe, holds 2)
F8 [F8] craft torches: stick-dry with logs held - one plank conversion first
F1 [F1] craft torches: skip (no coal: sticks 3 coals 0)
F8 [F8] craft torches: stick-dry but 9 planks held - one stick batch first
F8 [F8] craft torches: skip (no coal: sticks 6 coals 0)
F6 tool upgrade due: cobble available -> stone_pickaxe
F1 tunnel: steering coal_ore @ 3.6b (axis z+, cross 1.6782676746563254, floor lock)
F17 [F17] craft torches: stick-dry but 10 planks held - one stick batch first
F19 tool upgrade due: cobble available -> stone_pickaxe
F17 [F17] craft torches: skip (no coal: sticks 5 coals 0)
F15 [F15] craft torches: stick-dry but 10 planks held - one stick batch first
F4 [F4] vein sweep: +2u walked from the drops (11 dug)
F4 [F4] vein sweep: 1 below-plane walk(s) still failed on the wide goal (range 2) - the drop rests deeper than the lip
F4 [F4] vein sweep: 1 above-plane walk(s) timed out on the wide goal (range 2) - the ledge family (the v0.189.0 class, the triage names it)
F4 vein sweep: 11 ores dug beside the gallery (floor lock)
F15 [F15] craft torches: skip (no coal: sticks 4 coals 0)
F10 [F10] torch: the placement did not land (dry) x1 - the streak names itself once, a landing re-arms it
F17 dir=(0.55,-0.84) logs=6 tools=wooden_pickaxe
F17 spare pick due: spare (planks available)
F1 tunnel: 2 blocks (branch mine at the floor, steered, floor lock)
F17 spare pick: OK (wooden_pickaxe, holds 2)
F17 sword due: planks available
F6 [toolupgrade] [upgrade] upgraded: stone_pickaxe,wooden_shovel,wooden_pickaxe,wooden_pickaxe
F6 tool upgrade: OK -> stone_pickaxe (stone_pickaxe,wooden_shovel,wooden_pickaxe,wooden_pickaxe)
F6 [F6] craft torches: skip (no coal: sticks 3 coals 0)
F15 dir=(-0.08,-1.00) logs=1 tools=wooden_pickaxe
F15 spare pick due: spare (planks available)
F8 [F8] torch: the placement did not land (dry) x1 - the streak names itself once, a landing re-arms it
F17 sword: OK (wooden_sword, holds 1)
F17 sword: OK (wooden_sword)
F17 [F17] craft torches: stick-dry with logs held - one plank conversion first
F15 spare pick: OK (wooden_pickaxe, holds 2)
F15 sword due: planks available
F19 [toolupgrade] [upgrade] upgraded: stone_pickaxe,wooden_shovel,wooden_pickaxe,wooden_pickaxe
F19 tool upgrade: OK -> stone_pickaxe (stone_pickaxe,wooden_shovel,wooden_pickaxe,wooden_pickaxe)
F19 [F19] craft torches: skip (no coal: sticks 3 coals 0)
F10 tool upgrade due: cobble available -> stone_pickaxe
F17 [F17] craft torches: stick-dry but 7 planks held - one stick batch first
F11 tunnel: 12 blocks (branch mine at the floor, steered, floor lock)
F14 tunnel: 2 blocks (branch mine at the floor, ore detour)
F17 [F17] craft torches: skip (no coal: sticks 6 coals 0)
F15 sword: OK (wooden_sword, holds 1)
F15 sword: OK (wooden_sword)
F15 [F15] craft torches: stick-dry with logs held - one plank conversion first
F14 [F14] craft torches: skip (no coal: sticks 3 coals 0)
F14 tunnel: steering coal_ore @ 5.5b (axis z--1, cross 3.5, ore detour)
F15 [F15] craft torches: stick-dry but 7 planks held - one stick batch first
F15 [F15] craft torches: skip (no coal: sticks 5 coals 0)
F8 tool upgrade due: cobble available -> stone_pickaxe
F19 [F19] craft torches: skip (no coal: sticks 3 coals 0)
F19 [F19] craft torches: skip (no coal: sticks 3 coals 0)
F19 tunnel: steering iron_ore @ 6.8b (axis z--1, cross 2.504725014934408, floor lock)
[hb] n=7 ts=141s rss=376M late=37ms mainLate=444ms
t-460s alive=19/19 mined=393 map=541p/11ch banked=0 smelted=0 pocket=447u/148s | sand=0 gravel=2 dirt=51 stone=0
   deficits: 157926/0 (0.0%) 149380/2 (0.0%) 31860/0 (0.0%) 27420/0 (0.0%) 10725/9 (0.1%)
   F1=39[cobblestone:17 oak_log:7 dirt:4] | F2=0[oak_sapling:1] | F3=2[stick:1 chest:1] | F4=49[cobblestone:16 diorite:13 oak_log:4] | F5=15[oak_log:5 oak_planks:5 oak_sapling:3] | F6=40[cobblestone:16 dirt:4 stick:3] | F7=7[oak_log:6 oak_sapling:2 chest:1] | F8=26[oak_log:7 cobblestone:7 stick:6] | F9=18[oak_log:5 birch_log:1] | F10=16[cobblestone:8 stick:5 dirt:5] | F11=41[cobblestone:17 diorite:10 oak_log:5] | F12=15[birch_log:8 oak_sapling:2 oak_log:1] | F13=6[stick:4 oak_log:4 oak_sapling:2] | F14=34[cobblestone:18 leaf_litter:6 dirt:6] | F15=12[stick:5 oak_planks:4 dirt:4] | F16=13[oak_log:9 oak_planks:2 wooden_shovel:1] | F17=17[stick:6 oak_log:5 dirt:5] | F18=9[oak_log:4 leaf_litter:3 oak_sapling:1] | F19=34[dirt:9 andesite:9 cobblestone:3]
   mem: heap=117M/147M old=-1M ext=125M ab=122M rss=376M cols=2010 ents=2741 evicted=529 path=4a/0q (max 6) stale=0
F14 tunnel: 0 blocks (branch mine at the floor, steered, ore detour)
F14 [F14] craft torches: skip (no coal: sticks 3 coals 0)
F14 tunnel: steering coal_ore @ 5.5b (axis z--1, cross 3.299999999999997, floor lock)
F6 [F6] craft torches: skip (no coal: sticks 3 coals 0)
F6 [F6] craft torches: skip (no coal: sticks 3 coals 0)
F6 tunnel: steering coal_ore @ 11.6b (axis z+, cross 0.5, floor lock)
F16 [F16] craft torches: stick-dry with logs held - one plank conversion first
F10 [toolupgrade] [upgrade] upgraded: stone_pickaxe,wooden_shovel,wooden_pickaxe,wooden_pickaxe
F10 tool upgrade: OK -> stone_pickaxe (stone_pickaxe,wooden_shovel,wooden_pickaxe,wooden_pickaxe)
F10 [F10] craft torches: skip (no coal: sticks 3 coals 0)
F16 [F16] craft torches: stick-dry but 6 planks held - one stick batch first
F17 [F17] torch: the placement did not land (dry) x1 - the streak names itself once, a landing re-arms it
F16 [F16] craft torches: skip (no coal: sticks 4 coals 0)
F5 [F5] craft torches: stick-dry but 6 planks held - one stick batch first
F5 [F5] craft torches: skip (no coal: sticks 4 coals 0)
F8 [toolupgrade] [upgrade] upgraded: stone_pickaxe,wooden_shovel,wooden_pickaxe,wooden_pickaxe
F8 tool upgrade: OK -> stone_pickaxe (stone_pickaxe,wooden_shovel,wooden_pickaxe,wooden_pickaxe)
F8 sword due: planks available
F15 [F15] torch: the placement did not land (dry) x1 - the streak names itself once, a landing re-arms it
F14 tunnel: 0 blocks (branch mine at the floor, steered, floor lock)
F19 tunnel: 2 blocks (branch mine at the floor, steered, floor lock)
F1 [F1] vein sweep: 8 drop(s) in reach (11 dug)
F14 [F14] craft torches: skip (no coal: sticks 3 coals 0)
F14 tunnel: steering coal_ore @ 5.7b (axis x--1, cross 1.6999999999999886, ore detour)
F8 sword: OK (wooden_sword, holds 1)
F8 sword: OK (wooden_sword)
F8 [F8] craft torches: skip (no coal: sticks 3 coals 0)
F15 [F15] digShaft: water strike at y=53 -> water table (regions 1); fluid below (-140, 54, 421) - moving sideways
F19 [F19] craft torches: skip (no coal: sticks 3 coals 0)
F19 [F19] craft torches: skip (no coal: sticks 3 coals 0)
F19 tunnel: steering iron_ore @ 7.1b (axis z--1, cross 2.5, floor lock)
F5 dir=(0.25,0.97) logs=5 tools=wooden_pickaxe
F5 spare pick due: spare (planks available)
F6 tunnel: 2 blocks (branch mine at the floor, steered, floor lock)
F16 dir=(0.25,-0.97) logs=8 tools=wooden_pickaxe
F16 spare pick due: spare (planks available)
F17 tool upgrade due: cobble available -> stone_pickaxe
F15 [F15] craft torches: skip (no coal: sticks 5 coals 0)
F15 [F15] digShaft: water strike at y=53 -> water table (regions 1); fluid below (-140, 54, 421) - moving sideways
F15 [F15] craft torches: skip (no coal: sticks 5 coals 0)
F15 [F15] digShaft: water strike at y=53 -> water table (regions 1); fluid below (-140, 54, 421) - moving sideways
F15 tunnel: steering coal_ore @ 5.3b (axis x+, cross 2.6854202893151182, floor lock)
F16 spare pick: OK (wooden_pickaxe, holds 2)
F16 [F16] craft torches: stick-dry with logs held - one plank conversion first
F5 spare pick: OK (wooden_pickaxe, holds 2)
F5 [F5] craft torches: stick-dry with logs held - one plank conversion first
F10 [F10] craft torches: skip (no coal: sticks 3 coals 0)
F10 [F10] craft torches: skip (no coal: sticks 3 coals 0)
F10 tunnel: steering coal_ore @ 7.1b (axis x+, cross 3.5, floor lock)
F16 [F16] craft torches: stick-dry but 9 planks held - one stick batch first
F16 [F16] craft torches: skip (no coal: sticks 6 coals 0)
F5 [F5] craft torches: stick-dry but 9 planks held - one stick batch first
F5 [F5] craft torches: skip (no coal: sticks 6 coals 0)
F19 tunnel: 2 blocks (branch mine at the floor, steered, floor lock)
F17 [toolupgrade] [upgrade] upgraded: stone_pickaxe,wooden_shovel,wooden_pickaxe,wooden_pickaxe
F17 tool upgrade: OK -> stone_pickaxe (stone_pickaxe,wooden_shovel,wooden_pickaxe,wooden_pickaxe)
F17 [F17] craft torches: skip (no coal: sticks 4 coals 0)
F1 [F1] vein sweep: the drop walk to [-127,44,406] failed - sweep drops: timeout after 4000ms (dy 0.0, range 1)
F19 [F19] craft torches: skip (no coal: sticks 3 coals 0)
F19 [F19] craft torches: skip (no coal: sticks 3 coals 0)
F19 tunnel: steering coal_ore @ 6.9b (axis x+, cross 2.6999999999999886, floor lock)
F13 [F13] craft torches: stick-dry but 16 planks held - one stick batch first
F8 [F8] craft torches: skip (no coal: sticks 3 coals 0)
F8 [F8] craft torches: skip (no coal: sticks 3 coals 0)
F8 tunnel: steering coal_ore @ 3.6b (axis x--1, cross 0.4999999999997158, floor lock)
F15 tunnel: 3 blocks (branch mine at the floor, steered, floor lock)
F13 [F13] craft torches: skip (no coal: sticks 4 coals 0)
F13 dir=(-0.68,-0.74) logs=1 tools=wooden_pickaxe
F13 spare pick due: spare (planks available)
F7 [F7] craft torches: stick-dry but 6 planks held - one stick batch first
F7 [F7] craft torches: skip (no coal: sticks 6 coals 0)
F7 dir=(-0.40,0.92) logs=3 tools=wooden_pickaxe
F7 spare pick due: spare (planks available)
F13 spare pick: OK (wooden_pickaxe, holds 2)
F13 sword due: planks available
F4 [F4] craft torches: skip (no coal: sticks 3 coals 0)
F4 [F4] craft torches: skip (no coal: sticks 3 coals 0)
F4 tunnel: steering coal_ore @ 3.4b (axis z+, cross 0.4612921072687328, floor lock)
F7 spare pick: OK (wooden_pickaxe, holds 2)
F7 [F7] craft torches: skip (no coal: sticks 4 coals 0)
F13 sword: OK (wooden_sword, holds 1)
F13 sword: OK (wooden_sword)
F13 [F13] craft torches: stick-dry but 9 planks held - one stick batch first
F13 [F13] craft torches: skip (no spare sticks: sticks 1 coals 0)
F11 [F11] vein sweep: 8 drop(s) in reach (18 dug)
F1 [F1] vein sweep: the drop walk to [-129,46,406] failed - sweep drops: timeout after 4000ms (dy 2.0, range 2)
F6 [F6] vein sweep: 6 drop(s) in reach (10 dug)
F14 tunnel: 12 blocks (branch mine at the floor, steered, ore detour)
F5 [F5] torch: the placement did not land (dry) x1 - the streak names itself once, a landing re-arms it
F16 [F16] torch: the placement did not land (dry) x1 - the streak names itself once, a landing re-arms it
F13 [F13] digShaft: water table y=57 (region strike) - stopping above the aquifer, the tunnel owns this level (regions 1)
t-444s alive=19/19 mined=545 map=603p/11ch banked=0 smelted=0 pocket=652u/188s | sand=0 gravel=2 dirt=78 stone=0
   deficits: 157926/0 (0.0%) 149380/2 (0.0%) 31860/0 (0.0%) 27420/0 (0.0%) 10725/33 (0.3%)
   F1=43[cobblestone:23 raw_copper:14 oak_log:7] | F2=0[oak_sapling:1] | F3=6[oak_log:7 stick:1 chest:1] | F4=51[cobblestone:17 diorite:14 oak_log:4] | F5=26[dirt:8 stick:6 oak_planks:6] | F6=52[cobblestone:18 raw_copper:12 dirt:4] | F7=13[dirt:7 stick:4 oak_log:3] | F8=41[cobblestone:15 oak_log:7 dirt:5] | F9=20[oak_log:5 birch_log:5 dirt:4] | F10=35[cobblestone:19 dirt:5 andesite:5] | F11=55[cobblestone:18 diorite:10 raw_copper:7] | F12=15[birch_planks:12 birch_log:5 oak_planks:4] | F13=11[oak_planks:7 stick:5 dirt:5] | F14=47[cobblestone:31 leaf_litter:6 dirt:6] | F15=19[cobblestone:8 stick:5 dirt:5] | F16=22[oak_planks:7 oak_log:6 stick:6] | F17=32[andesite:7 cobblestone:6 oak_log:5] | F18=12[oak_log:6 leaf_litter:3 oak_sapling:1] | F19=45[andesite:21 dirt:9 cobblestone:3]
   mem: heap=120M/149M old=-1M ext=123M ab=121M rss=379M cols=1987 ents=2644 evicted=582 path=6a/2q (max 6) stale=0
F4 tunnel: 2 blocks (branch mine at the floor, steered, floor lock)
F16 tool upgrade due: cobble available -> stone_pickaxe
F17 [F17] craft torches: skip (no coal: sticks 4 coals 0)
F17 [F17] craft torches: skip (no coal: sticks 4 coals 0)
F17 tunnel: steering coal_ore @ 7.9b (axis z--1, cross 1.5910251245537381, floor lock)
F15 [F15] water: drowning rescue start (drowning, oxygen 13)
F15 [F15] water: pass 0 head=wet shore=none land=n/a y=50.0 o2=13 probes=0 at=[-137,50,421]
F1 [F1] vein sweep: lip dig refused - sealed floor (air 0, dy 0.0)
F13 [F13] craft torches: skip (no coal: sticks 5 coals 0)
F13 [F13] digShaft: water table y=57 (region strike) - stopping above the aquifer, the tunnel owns this level (regions 1)
F13 [F13] craft torches: skip (no coal: sticks 5 coals 0)
F13 [F13] digShaft: water table y=57 (region strike) - stopping above the aquifer, the tunnel owns this level (regions 1)
F13 tunnel: steering coal_ore @ 8.9b (axis z+, cross 1.5, floor lock)
F7 [F7] torch: the placement did not land (dry) x1 - the streak names itself once, a landing re-arms it
F10 tunnel: 12 blocks (branch mine at the floor, steered, floor lock)
F11 [F11] vein sweep: the drop walk to [-141,45,411] failed - spin breaker: sweep drops re-issued 2x inside the 10s window after its own pf:done - sweep drops refused for 30s (the sync re-issue breaker: the goal->done->goal churn starves the timers, the run53 alloc-storm class) (dy 1.0, range 2)
F11 [F11] vein sweep: the drop walk to [-139,46,409] failed - spin breaker: sweep drops re-issued 2x inside the 10s window after its own pf:done - sweep drops refused for 30s (the sync re-issue breaker: the goal->done->goal churn starves the timers, the run53 alloc-storm class, hold live) (dy 2.0, range 2)
F11 [F11] vein sweep: +15u walked from the drops (18 dug)
F11 [F11] vein sweep: 4 above-plane walk(s) timed out on the wide goal (range 2) - the ledge family (the v0.189.0 class, the triage names it)
F11 vein sweep: 18 ores dug beside the gallery (floor lock)
F15 [F15] water: pass 7 head=dry shore=hit r=1 land=none y=54.0 o2=19 probes=0 at=[-138,54,421]
F6 [F6] vein sweep: the drop walk to [-114,46,418] failed - sweep drops: timeout after 4000ms (dy 3.0, range 2)
F11 [F11] craft torches: 1 batch(es) -> 4 torches (sticks 3 coals 10, the metal reserve keeps 2)
F5 tool upgrade due: cobble available -> stone_pickaxe
F10 [F10] vein sweep: 2 drop(s) in reach (2 dug)
F4 [F4] vein sweep: 8 drop(s) in reach (3 dug)
F4 [F4] vein sweep: the drop walk to [-113,41,426] failed - walk governor: bot churned 4 goals without progress - sweep drops refused for 5s (dy 0.0, range 1)
F19 tunnel: 12 blocks (branch mine at the floor, steered, floor lock)
F15 [F15] water: rescue complete in 3.7s
F15 [F15] water: hazard memorized at [-138,54,421] (2 live, fleet-wide)
F4 [F4] vein sweep: the drop walk to [-112,41,428] failed - walk governor: bot churned 4 goals without progress - sweep drops refused for 4s (dy 0.0, range 1)
F1 [F1] vein sweep: +41u walked from the drops (11 dug)
F1 [F1] vein sweep: 2 above-plane walk(s) timed out on the wide goal (range 2) - the ledge family (the v0.189.0 class, the triage names it)
F1 vein sweep: 11 ores dug beside the gallery (floor lock)
F11 [F11] craft torches: stick-dry with logs held - one plank conversion first
F17 tunnel: 2 blocks (branch mine at the floor, steered, floor lock)
[hb] n=8 ts=161s rss=379M late=42ms mainLate=495ms
F4 [F4] vein sweep: the drop walks picked nothing (pocket delta 0, 8 failed walk(s))
F4 [F4] vein sweep: 2 above-plane walk(s) timed out on the wide goal (range 2) - the ledge family (the v0.189.0 class, the triage names it)
F4 vein sweep: 3 ores dug beside the gallery (floor lock)
F16 [toolupgrade] [upgrade] upgraded: stone_pickaxe,wooden_shovel,wooden_pickaxe,wooden_pickaxe
F16 tool upgrade: OK -> stone_pickaxe (stone_pickaxe,wooden_shovel,wooden_pickaxe,wooden_pickaxe)
F16 sword due: planks available
F7 tool upgrade due: cobble available -> stone_pickaxe
F11 [F11] craft torches: stick-dry but 9 planks held - one stick batch first
F11 [F11] craft torches: 4 batch(es) -> 16 torches (sticks 2 coals 9, the metal reserve keeps 2)
F16 sword: OK (wooden_sword, holds 1)
F16 sword: OK (wooden_sword)
F16 [F16] craft torches: skip (no coal: sticks 3 coals 0)
F8 tunnel: 12 blocks (branch mine at the floor, steered, floor lock)
F13 tunnel: 4 blocks (branch mine at the floor, steered, floor lock)
F6 [F6] vein sweep: the drop walk to [-111,46,417] failed - sweep drops: timeout after 4000ms (dy 2.7, range 2)
F6 [F6] vein sweep: +5u walked from the drops (10 dug)
F6 [F6] vein sweep: 4 above-plane walk(s) timed out on the wide goal (range 2) - the ledge family (the v0.189.0 class, the triage names it)
F6 [F6] vein sweep: 2 deep drop(s) skipped (dy < -2 - the lip sphere cannot reach, the walk was a guaranteed spiral)
F6 vein sweep: 10 ores dug beside the gallery (floor lock)
F6 [F6] craft torches: skip (no coal: sticks 3 coals 0)
F11 tunnel: steering coal_ore @ 4.8b (axis z+, cross 1.5, floor lock)
F6 [F6] craft torches: skip (no coal: sticks 3 coals 0)
F6 tunnel: steering coal_ore @ 12.4b (axis z+, cross 0.4999999999998721, floor lock)
F10 [F10] vein sweep: the drop walk to [-134,46,418] failed - sweep drops: timeout after 4000ms (dy 3.0, range 2)
F14 [F14] vein sweep: 6 drop(s) in reach (10 dug)
F14 [F14] vein sweep: the drop walks picked nothing (pocket delta 0, 0 failed walk(s))
F14 [F14] vein sweep: 6 deep drop(s) skipped (dy < -2 - the lip sphere cannot reach, the walk was a guaranteed spiral)
F14 vein sweep: 10 ores dug beside the gallery (ore detour)
F14 [F14] craft torches: skip (no coal: sticks 3 coals 0)
F14 tunnel: steering coal_ore @ 4.3b (axis z+, cross 0.7000000000000028, floor lock)
F5 [toolupgrade] [upgrade] upgraded: stone_pickaxe,wooden_shovel,wooden_pickaxe,wooden_pickaxe
F5 tool upgrade: OK -> stone_pickaxe (stone_pickaxe,wooden_shovel,wooden_pickaxe,wooden_pickaxe)
F5 sword due: planks available
F5 sword: OK (wooden_sword, holds 1)
F5 sword: OK (wooden_sword)
F5 [F5] craft torches: skip (no coal: sticks 3 coals 0)
F19 [F19] vein sweep: 4 drop(s) in reach (6 dug)
F16 [F16] digShaft: water strike at y=45 -> water table (regions 2); fluid below (-109, 46, 384) - moving sideways
F7 [toolupgrade] [upgrade] upgraded: stone_pickaxe,wooden_shovel,wooden_pickaxe,wooden_pickaxe
F7 tool upgrade: OK -> stone_pickaxe (stone_pickaxe,wooden_shovel,wooden_pickaxe,wooden_pickaxe)
F7 sword due: planks available
F3 [F3] craft torches: stick-dry with logs held - one plank conversion first
F6 tunnel: 0 blocks (branch mine at the floor, steered, floor lock)
F16 [F16] craft torches: skip (no coal: sticks 3 coals 0)
F16 [F16] digShaft: water strike at y=45 -> water table (regions 2); fluid below (-109, 46, 384) - moving sideways
F16 [F16] craft torches: skip (no coal: sticks 3 coals 0)
F16 [F16] digShaft: water strike at y=45 -> water table (regions 2); fluid below (-109, 46, 384) - moving sideways
F6 [F6] craft torches: skip (no coal: sticks 3 coals 0)
F6 [F6] craft torches: skip (no coal: sticks 3 coals 0)
F6 tunnel: steering coal_ore @ 12.4b (axis z+, cross 0.7000000000000028, floor lock)
F3 [F3] craft torches: stick-dry but 6 planks held - one stick batch first
F16 tunnel: steering iron_ore @ 7.2b (axis z+, cross 0.5819774245297538, floor lock)
F3 [F3] craft torches: skip (no coal: sticks 5 coals 0)
F7 sword: OK (wooden_sword, holds 1)
F7 sword: OK (wooden_sword)
F7 [F7] craft torches: stick-dry with logs held - one plank conversion first
F4 [F4] climb bridge: the server refused the pit fill at [-114,43,426] - the rotate ladder owns it (held=cobblestone, 1.4b, ref=gravel, post=? (re-read failed))
F4 [F4] climb diag: level at y=44 blocked toward 0,1 (dug=7)
F7 [F7] craft torches: stick-dry but 7 planks held - one stick batch first
F7 [F7] craft torches: skip (no coal: sticks 5 coals 0)
F3 tool recovery: OK (wooden_pickaxe)
F3 spare pick due: spare (planks available)
F7 [F7] digShaft: water table y=49 (region strike) - stopping above the aquifer, the tunnel owns this level (regions 2)
F10 [F10] vein sweep: the drop walk to [-133,47,419] failed - sweep drops: timeout after 4000ms (dy 2.6, range 2)
F10 [F10] vein sweep: +2u walked from the drops (2 dug)
F10 [F10] vein sweep: 2 above-plane walk(s) timed out on the wide goal (range 2) - the ledge family (the v0.189.0 class, the triage names it)
F10 vein sweep: 2 ores dug beside the gallery (floor lock)
F11 tunnel: 4 blocks (branch mine at the floor, steered, floor lock)
F3 spare pick: OK (wooden_pickaxe, holds 2)
F3 [F3] craft torches: skip (no coal: sticks 3 coals 0)
F17 [F17] vein sweep: 8 drop(s) in reach (9 dug)
F6 tunnel: 0 blocks (branch mine at the floor, steered, floor lock)
F14 tunnel: 4 blocks (branch mine at the floor, steered, floor lock)
F19 [F19] vein sweep: the drop walk to [-103,43,393] failed - sweep drops: timeout after 4000ms (dy 0.0, range 1)
F6 [F6] craft torches: skip (no coal: sticks 3 coals 0)
F6 [F6] craft torches: skip (no coal: sticks 3 coals 0)
F6 tunnel: steering coal_ore @ 12.5b (axis z+, cross 0.29999999999999716, floor lock)
F7 [F7] craft torches: skip (no coal: sticks 5 coals 0)
F7 [F7] digShaft: water table y=49 (region strike) - stopping above the aquifer, the tunnel owns this level (regions 2)
F7 [F7] craft torches: skip (no coal: sticks 5 coals 0)
F7 [F7] digShaft: water table y=49 (region strike) - stopping above the aquifer, the tunnel owns this level (regions 2)
F7 tunnel: steering iron_ore @ 8.2b (axis z--1, cross 2.500834557003529, floor lock)
F16 tunnel: 2 blocks (branch mine at the floor, steered, floor lock)
F11 [F11] vein sweep: 4 drop(s) in reach (2 dug)
F10 [F10] craft torches: skip (no coal: sticks 3 coals 0)
F10 [F10] craft torches: skip (no coal: sticks 3 coals 0)
F10 tunnel: steering coal_ore @ 7.3b (axis x+, cross 2.499764878572421, floor lock)
F16 [F16] craft torches: skip (no coal: sticks 3 coals 0)
F16 [F16] digShaft: water strike at y=45 -> water table (regions 2); fluid below (-109, 46, 384) - moving sideways
F16 [F16] craft torches: skip (no coal: sticks 3 coals 0)
F16 [F16] digShaft: water strike at y=45 -> water table (regions 2); fluid below (-109, 46, 384) - moving sideways
F16 tunnel: steering iron_ore @ 8.1b (axis z+, cross 0.5, floor lock)
t-429s alive=19/19 mined=668 map=641p/11ch banked=0 smelted=0 pocket=804u/208s | sand=0 gravel=9 dirt=88 stone=0
   deficits: 157926/0 (0.0%) 149380/9 (0.0%) 31860/0 (0.0%) 27420/0 (0.0%) 10725/47 (0.4%)
   F1=52[cobblestone:34 raw_copper:31 oak_log:7] | F2=0[oak_sapling:1] | F3=12[oak_log:4 dirt:4 stick:3] | F4=63[diorite:19 cobblestone:17 gravel:9] | F5=36[cobblestone:13 dirt:8 oak_log:3] | F6=52[cobblestone:19 raw_copper:12 dirt:4] | F7=22[cobblestone:11 dirt:7 stick:5] | F8=56[cobblestone:19 coal:10 oak_log:7] | F9=20[oak_log:5 birch_log:5 oak_sapling:2] | F10=39[cobblestone:23 dirt:5 andesite:5] | F11=61[cobblestone:23 torch:20 diorite:10] | F12=15[birch_planks:12 birch_log:5 oak_log:4] | F13=15[dirt:12 oak_planks:7 stick:5] | F14=61[cobblestone:35 leaf_litter:6 dirt:6] | F15=22[cobblestone:8 stick:5 dirt:5] | F16=32[cobblestone:10 oak_log:6 stick:3] | F17=43[andesite:13 cobblestone:6 oak_log:5] | F18=12[oak_log:5 leaf_litter:4 oak_planks:3] | F19=55[andesite:29 dirt:9 cobblestone:3]
   mem: heap=110M/149M old=-1M ext=122M ab=119M rss=377M cols=1959 ents=3130 evicted=625 path=5a/0q (max 6) stale=0
F14 [F14] vein sweep: 5 drop(s) in reach (2 dug)
F14 [F14] vein sweep: the drop walks picked nothing (pocket delta 0, 0 failed walk(s))
F14 [F14] vein sweep: 5 deep drop(s) skipped (dy < -2 - the lip sphere cannot reach, the walk was a guaranteed spiral)
F14 vein sweep: 2 ores dug beside the gallery (floor lock)
F6 tunnel: 0 blocks (branch mine at the floor, steered, floor lock)
F6 tunnel: 0 blocks x3 - sealed or flooded, cooling down 15s
F18 [F18] craft torches: stick-dry with logs held - one plank conversion first
F17 [F17] vein sweep: the drop walk to [-129,42,412] failed - sweep drops: timeout after 4000ms (dy -1.0, range 2)
F12 dir=(-0.88,-0.48) logs=9 tools=no crafting table
F12 tool recovery: no pickaxe - spare-pick craft first
F12 craft stick: storm cooldown 3967ms left (3 consecutive timeouts) - refusing
F12 spare pick: stick craft did not land
F12 tool recovery: spare craft failed (no sticks and no planks for sticks) - re-running the bootstrap
F12 recovery brake: 1 consecutive failures - next attempt in 45s
F12 tool recovery: failed (no crafting table)
F12 spare pick due: spare (planks available)
F12 craft stick: storm cooldown 3935ms left (3 consecutive timeouts) - refusing
F12 spare pick: stick craft did not land
F12 sword due: planks available
F12 craft stick: storm cooldown 3935ms left (3 consecutive timeouts) - refusing
F12 sword: stick craft did not land
F12 sword: failed (wooden_sword)
F12 [F12] craft torches: stick-dry but 15 planks held - one stick batch first
F12 [F12] craft stick: storm cooldown 3932ms left (3 consecutive timeouts) - refusing
F12 [F12] craft torches: skip (no spare sticks: sticks 0 coals 0)
F18 [F18] craft torches: stick-dry but 6 planks held - one stick batch first
F18 [F18] craft torches: skip (no coal: sticks 4 coals 0)
F18 dir=(0.79,-0.61) logs=4 tools=wooden_pickaxe
F18 spare pick due: spare (planks available)
F14 [F14] climb bridge: placed cobblestone at [-123,43,380] (support) - the step re-judges
F3 [F3] torch: the placement did not land (dry) x1 - the streak names itself once, a landing re-arms it
F16 tunnel: 0 blocks (branch mine at the floor, steered, floor lock)
F7 tunnel: 2 blocks (branch mine at the floor, steered, floor lock)
F16 [F16] craft torches: skip (no coal: sticks 3 coals 0)
F16 [F16] digShaft: water strike at y=45 -> water table (regions 2); fluid below (-109, 46, 384) - moving sideways
F16 [F16] craft torches: skip (no coal: sticks 3 coals 0)
F16 [F16] digShaft: water strike at y=45 -> water table (regions 2); fluid below (-109, 46, 384) - moving sideways
F16 tunnel: steering iron_ore @ 10.5b (axis x--1, cross 3.6999999999999886, floor lock)
F18 spare pick: OK (wooden_pickaxe, holds 2)
F18 [F18] craft torches: stick-dry with logs held - one plank conversion first
F19 [F19] vein sweep: the drop walk to [-103,43,394] failed - sweep drops: timeout after 4000ms (dy 0.0, range 1)
F11 [F11] vein sweep: lip dig refused - sealed floor (air 0, dy 0.2)
F11 [F11] vein sweep: +9u walked from the drops (2 dug)
F11 vein sweep: 2 ores dug beside the gallery (floor lock)
F18 [F18] craft torches: stick-dry but 9 planks held - one stick batch first
F18 [F18] craft torches: skip (no coal: sticks 6 coals 0)
F12 [F12] digShaft: water table y=57 (region strike) - stopping above the aquifer, the tunnel owns this level (regions 2)
F11 [F11] climb bridge: placed cobblestone at [-146,43,407] (support) - the step re-judges
F12 [F12] craft torches: stick-dry but 16 planks held - one stick batch first
F12 [F12] craft stick: storm cooldown 231ms left (3 consecutive timeouts) - refusing
F12 [F12] craft torches: skip (no spare sticks: sticks 0 coals 0)
F12 [F12] digShaft: water table y=57 (region strike) - stopping above the aquifer, the tunnel owns this level (regions 2)
F12 [F12] craft torches: stick-dry but 16 planks held - one stick batch first
F12 [F12] craft stick: storm cooldown 228ms left (3 consecutive timeouts) - refusing
F12 [F12] craft torches: skip (no spare sticks: sticks 0 coals 0)
F12 [F12] digShaft: water table y=57 (region strike) - stopping above the aquifer, the tunnel owns this level (regions 2)
F12 tunnel: steering coal_ore @ 6.6b (axis x--1, cross 1.6903988808548434, floor lock)
F16 tunnel: 4 blocks (branch mine at the floor, steered, floor lock)
F17 [F17] vein sweep: the drop walk to [-125,44,415] failed - sweep drops: timeout after 4000ms (dy 1.0, range 2)
F16 [F16] craft torches: skip (no coal: sticks 3 coals 0)
F16 [F16] digShaft: water strike at y=45 -> water table (regions 2); fluid below (-110, 46, 384) - moving sideways
F16 [F16] craft torches: skip (no coal: sticks 3 coals 0)
F16 [F16] digShaft: water strike at y=45 -> water table (regions 2); fluid below (-110, 46, 384) - moving sideways
F16 tunnel: steering copper_ore @ 7.4b (axis x--1, cross 0.30000000000001137, floor lock)
F16 tunnel: 0 blocks (branch mine at the floor, steered, floor lock)
F16 [F16] craft torches: skip (no coal: sticks 3 coals 0)
F16 [F16] digShaft: water strike at y=45 -> water table (regions 2); fluid below (-110, 46, 384) - moving sideways
F16 [F16] craft torches: skip (no coal: sticks 3 coals 0)
F16 [F16] digShaft: water strike at y=45 -> water table (regions 2); fluid below (-110, 46, 384) - moving sideways
F16 tunnel: 0 blocks (branch mine at the floor, floor lock)
F16 [F16] craft torches: skip (no coal: sticks 3 coals 0)
F16 [F16] digShaft: water strike at y=45 -> water table (regions 2); fluid below (-110, 46, 384) - moving sideways
F3 [F3] digShaft: water table y=49 (region strike) - stopping above the aquifer, the tunnel owns this level (regions 2)
F16 [F16] craft torches: skip (no coal: sticks 3 coals 0)
F16 [F16] digShaft: water strike at y=45 -> water table (regions 2); fluid below (-110, 46, 384) - moving sideways
F16 tunnel: 0 blocks (branch mine at the floor, floor lock)
F16 tunnel: 0 blocks x3 - sealed or flooded, cooling down 15s
F3 [F3] craft torches: skip (no coal: sticks 3 coals 0)
F3 [F3] digShaft: water table y=49 (region strike) - stopping above the aquifer, the tunnel owns this level (regions 2)
F3 [F3] craft torches: skip (no coal: sticks 3 coals 0)
F3 [F3] digShaft: water table y=49 (region strike) - stopping above the aquifer, the tunnel owns this level (regions 2)
F3 tunnel: steering coal_ore @ 4.5b (axis z--1, cross 0.5, floor lock)
F7 [F7] vein sweep: 8 drop(s) in reach (6 dug)
F7 [F7] vein sweep: the drop walk to [-119,52,428] failed - doomed goal (ledgered 1s ago at [-119,52,427]) - sweep drops refused (dy 1.0, range 2)
F7 [F7] vein sweep: the drop walk to [-119,52,429] failed - doomed goal (ledgered 2s ago at [-120,52,428]) - sweep drops refused (dy 1.0, range 2)
F8 [F8] vein sweep: 7 drop(s) in reach (21 dug)
F18 [F18] torch: the placement did not land (dry) x1 - the streak names itself once, a landing re-arms it
[hb] n=9 ts=181s rss=380M late=47ms mainLate=481ms
F10 tunnel: 12 blocks (branch mine at the floor, steered, floor lock)
F19 [F19] vein sweep: +4u walked from the drops (6 dug)
F19 [F19] vein sweep: 1 below-plane walk(s) still failed on the wide goal (range 2) - the drop rests deeper than the lip
F19 [F19] vein sweep: 1 above-plane walk(s) timed out on the wide goal (range 2) - the ledge family (the v0.189.0 class, the triage names it)
F19 vein sweep: 6 ores dug beside the gallery (floor lock)
F8 [F8] vein sweep: the drop walk to [-148,42,427] failed - goal brake: 6 goals in 5s - sweep drops refused for 4s (dy -0.7, range 2)
F8 [F8] vein sweep: +11u walked from the drops (21 dug)
F8 [F8] vein sweep: 1 below-plane walk(s) still failed on the wide goal (range 2) - the drop rests deeper than the lip
F8 vein sweep: 21 ores dug beside the gallery (floor lock)
F3 tunnel: 2 blocks (branch mine at the floor, steered, floor lock)
F8 [F8] craft torches: 1 batch(es) -> 4 torches (sticks 3 coals 23)
F19 [F19] craft torches: skip (no coal: sticks 3 coals 0)
F19 [F19] craft torches: skip (no coal: sticks 3 coals 0)
F19 tunnel: steering coal_ore @ 2.6b (axis x+, cross 0.6075433313885128, floor lock)
F10 [F10] vein sweep: 8 drop(s) in reach (3 dug)
F8 [F8] craft torches: stick-dry with logs held - one plank conversion first
F7 [F7] vein sweep: +25u walked from the drops (6 dug)
F7 [F7] vein sweep: 1 below-plane walk(s) still failed on the wide goal (range 2) - the drop rests deeper than the lip
F7 [F7] vein sweep: 3 above-plane walk(s) timed out on the wide goal (range 2) - the ledge family (the v0.189.0 class, the triage names it)
F7 [F7] vein sweep: 1 deep drop(s) skipped (dy < -2 - the lip sphere cannot reach, the walk was a guaranteed spiral)
F7 vein sweep: 6 ores dug beside the gallery (floor lock)
F1 [F1] climb wet escape: 9 blocks walked (budget, walked 1/4)
F2 recovery brake: 1 consecutive failures - next attempt in 45s
F2 tool recovery: failed (no planks recipe)
F2 [F2] craft torches: skip (no spare sticks: sticks 0 coals 0)
F18 [F18] digShaft: water table y=49 (region strike) - stopping above the aquifer, the tunnel owns this level (regions 2)
F8 [F8] craft torches: stick-dry but 9 planks held - one stick batch first
F8 [F8] craft torches: 4 batch(es) -> 16 torches (sticks 2 coals 22)
F7 [F7] craft torches: skip (no coal: sticks 5 coals 0)
F7 [F7] digShaft: water table y=49 (region strike) - stopping above the aquifer, the tunnel owns this level (regions 2)
F7 [F7] craft torches: skip (no coal: sticks 5 coals 0)
F7 [F7] digShaft: water table y=49 (region strike) - stopping above the aquifer, the tunnel owns this level (regions 2)
F7 tunnel: steering copper_ore @ 5.3b (axis z+, cross 2.6116001436711542, floor lock)
F18 sword due: planks available
F18 sword: no table reachable or placeable
F18 sword: failed (no table)
F18 [F18] craft torches: skip (no coal: sticks 6 coals 0)
F18 [F18] digShaft: water table y=49 (region strike) - stopping above the aquifer, the tunnel owns this level (regions 2)
F18 [F18] craft torches: skip (no coal: sticks 6 coals 0)
F18 [F18] digShaft: water table y=49 (region strike) - stopping above the aquifer, the tunnel owns this level (regions 2)
F18 tunnel: steering coal_ore @ 7.7b (axis x--1, cross 3.3000000000000114, floor lock)
t-414s alive=19/19 mined=793 map=724p/11ch banked=0 smelted=0 pocket=989u/221s | sand=0 gravel=16 dirt=106 stone=0
   deficits: 157926/0 (0.0%) 149380/16 (0.0%) 31860/0 (0.0%) 27420/0 (0.0%) 10725/74 (0.7%)
   F1=69[raw_copper:38 cobblestone:37 andesite:11] | F2=0[oak_sapling:1] | F3=22[granite:6 dirt:5 oak_log:4] | F4=70[diorite:19 cobblestone:17 gravel:16] | F5=36[cobblestone:13 dirt:8 oak_log:3] | F6=52[cobblestone:19 raw_copper:12 dirt:4] | F7=28[raw_copper:23 cobblestone:14 dirt:7] | F8=68[cobblestone:19 torch:16 oak_planks:7] | F9=20[oak_log:5 birch_log:5 oak_sapling:2] | F10=54[cobblestone:30 raw_copper:18 andesite:11] | F11=64[cobblestone:25 torch:20 raw_copper:14] | F12=30[dirt:14 birch_planks:12 birch_log:5] | F13=15[dirt:12 oak_planks:7 stick:5] | F14=79[cobblestone:48 leaf_litter:6 dirt:6] | F15=24[cobblestone:8 stick:5 dirt:5] | F16=36[cobblestone:10 diorite:7 oak_log:6] | F17=43[andesite:18 cobblestone:6 oak_log:5] | F18=25[oak_planks:7 diorite:7 stick:6] | F19=58[andesite:34 dirt:9 cobblestone:3]
   mem: heap=109M/149M old=-1M ext=122M ab=119M rss=380M cols=1955 ents=2978 evicted=643 path=4a/0q (max 6) stale=0
F2 tool recovery: no pickaxe - spare-pick craft first
F2 spare pick: skip (no sticks and no planks for sticks)
F2 tool recovery: spare craft failed (no sticks and no planks for sticks) - re-running the bootstrap
F8 tunnel: steering coal_ore @ 5.9b (axis x--1, cross 3.5, floor lock)
F12 tunnel: 12 blocks (branch mine at the floor, steered, floor lock)
F10 [F10] vein sweep: the drop walk to [-133,46,419] failed - sweep drops: timeout after 4000ms (dy 3.0, range 2)
F6 [F6] craft torches: skip (no coal: sticks 3 coals 0)
F6 [F6] craft torches: skip (no coal: sticks 3 coals 0)
F6 tunnel: steering coal_ore @ 11.4b (axis x--1, cross 0.329890823169535, floor lock)
F5 [F5] craft torches: skip (no coal: sticks 3 coals 0)
F5 [F5] craft torches: skip (no coal: sticks 3 coals 0)
F5 tunnel: steering coal_ore @ 8.5b (axis z+, cross 3.48442653941747, floor lock)
F7 tunnel: 3 blocks (branch mine at the floor, steered, floor lock)
F7 [F7] craft torches: skip (no coal: sticks 5 coals 0)
F7 [F7] digShaft: water table y=49 (region strike) - stopping above the aquifer, the tunnel owns this level (regions 2)
F7 [F7] craft torches: skip (no coal: sticks 5 coals 0)
F7 [F7] digShaft: water table y=49 (region strike) - stopping above the aquifer, the tunnel owns this level (regions 2)
F7 tunnel: steering copper_ore @ 5.1b (axis x+, cross 2.4778580560526393, floor lock)
F17 [F17] vein sweep: lip dig refused - sealed floor (air 0, dy -0.9)
F10 [F10] vein sweep: the drop walk to [-132,44,414] failed - sweep drops: timeout after 4000ms (dy -0.2, range 1)
F10 [F10] vein sweep: +22u walked from the drops (3 dug)
F10 [F10] vein sweep: 1 below-plane walk(s) still failed on the wide goal (range 2) - the drop rests deeper than the lip
F10 [F10] vein sweep: 5 above-plane walk(s) timed out on the wide goal (range 2) - the ledge family (the v0.189.0 class, the triage names it)
F10 vein sweep: 3 ores dug beside the gallery (floor lock)
F16 [F16] craft torches: skip (no coal: sticks 3 coals 0)
F16 [F16] digShaft: water strike at y=45 -> water table (regions 2); fluid below (-109, 46, 384) - moving sideways
F16 [F16] craft torches: skip (no coal: sticks 3 coals 0)
F16 [F16] digShaft: water strike at y=45 -> water table (regions 2); fluid below (-109, 46, 384) - moving sideways
F16 tunnel: steering copper_ore @ 8.2b (axis x--1, cross 1.3000000000000114, floor lock)
F16 tunnel: 0 blocks (branch mine at the floor, steered, floor lock)
F19 tunnel: 13 blocks (branch mine at the floor, steered, floor lock)
F16 [F16] craft torches: skip (no coal: sticks 3 coals 0)
F16 [F16] digShaft: water strike at y=45 -> water table (regions 2); fluid below (-109, 46, 384) - moving sideways
F10 [F10] craft torches: skip (no coal: sticks 3 coals 0)
F10 [F10] craft torches: skip (no coal: sticks 3 coals 0)
F10 tunnel: steering coal_ore @ 5.3b (axis z+, cross 0.5, floor lock)
F16 [F16] craft torches: skip (no coal: sticks 3 coals 0)
F16 [F16] digShaft: water strike at y=45 -> water table (regions 2); fluid below (-109, 46, 384) - moving sideways
F9 [F9] craft torches: stick-dry but 14 planks held - one stick batch first
F16 tunnel: steering copper_ore @ 8.3b (axis x--1, cross 1.3000000000000114, floor lock)
F16 tunnel: 0 blocks (branch mine at the floor, steered, floor lock)
F9 [F9] craft torches: skip (no coal: sticks 5 coals 0)
F9 dir=(-0.88,0.48) logs=4 tools=wooden_pickaxe
F9 spare pick due: spare (planks available)
F16 [F16] craft torches: skip (no coal: sticks 3 coals 0)
F16 [F16] digShaft: water strike at y=45 -> water table (regions 2); fluid below (-109, 46, 384) - moving sideways
F16 [F16] craft torches: skip (no coal: sticks 3 coals 0)
F16 [F16] digShaft: water strike at y=45 -> water table (regions 2); fluid below (-109, 46, 384) - moving sideways
F16 tunnel: steering copper_ore @ 8.8b (axis x--1, cross 0.30000000000001137, floor lock)
F16 tunnel: 0 blocks (branch mine at the floor, steered, floor lock)
F16 tunnel: 0 blocks x3 - sealed or flooded, cooling down 15s
F5 tunnel: 3 blocks (branch mine at the floor, steered, floor lock)
F9 spare pick: OK (wooden_pickaxe, holds 2)
F9 sword due: planks available
F9 sword: OK (wooden_sword, holds 1)
F9 sword: OK (wooden_sword)
F9 [F9] craft torches: stick-dry but 7 planks held - one stick batch first
F9 [F9] craft torches: skip (no spare sticks: sticks 2 coals 0)
F9 [F9] digShaft: water hazard 2.3b away (live 2) - refusing this column, the caller rotates
F9 tunnel: steering coal_ore @ 5b (axis x+, cross 1.5000963719171523, ore detour)
F9 tunnel: 0 blocks (branch mine at the floor, steered, ore detour)
F9 [F9] craft torches: stick-dry but 5 planks held - one stick batch first
F17 [F17] vein sweep: +10u walked from the drops (9 dug)
F17 [F17] vein sweep: 1 below-plane walk(s) still failed on the wide goal (range 2) - the drop rests deeper than the lip
F17 [F17] vein sweep: 5 above-plane walk(s) timed out on the wide goal (range 2) - the ledge family (the v0.189.0 class, the triage names it)
F17 vein sweep: 9 ores dug beside the gallery (floor lock)
F17 [F17] craft torches: skip (no coal: sticks 4 coals 0)
F17 tunnel: steering coal_ore @ 6.7b (axis z--1, cross 2.3216407649078405, ore detour)
F8 tunnel: 13 blocks (branch mine at the floor, steered, floor lock)
F6 tunnel: 12 blocks (branch mine at the floor, steered, floor lock)
F15 [F15] vein sweep: 0 drop(s) in reach (8 dug)
F15 vein sweep: 8 ores dug beside the gallery (floor lock)
F15 tool upgrade due: cobble available -> stone_pickaxe
F10 tunnel: 4 blocks (branch mine at the floor, steered, floor lock)
F10 [F10] vein sweep: 4 drop(s) in reach (1 dug)
F18 tunnel: 12 blocks (branch mine at the floor, steered, floor lock)
F18 tool upgrade due: cobble available -> stone_pickaxe
F15 [toolupgrade] [upgrade] upgraded: stone_pickaxe,wooden_shovel,wooden_pickaxe,wooden_pickaxe
F15 tool upgrade: OK -> stone_pickaxe (stone_pickaxe,wooden_shovel,wooden_pickaxe,wooden_pickaxe)
F15 [F15] craft torches: skip (no coal: sticks 3 coals 0)
F15 [F15] digShaft: water hazard 0.8b away (live 2) - refusing this column, the caller rotates
F15 [F15] craft torches: skip (no coal: sticks 3 coals 0)
F15 [F15] digShaft: water hazard 0.8b away (live 2) - refusing this column, the caller rotates
F15 tunnel: steering coal_ore @ 5.4b (axis z+, cross 2.6999999999999886, floor lock)
F7 tunnel: 12 blocks (branch mine at the floor, steered, floor lock)
F3 [F3] vein sweep: 4 drop(s) in reach (6 dug)
F12 [F12] craft torches: stick-dry but 16 planks held - one stick batch first
F12 [F12] craft torches: skip (no coal: sticks 4 coals 0)
F12 [F12] digShaft: water hazard 3.6b away (live 2) - refusing this column, the caller rotates
F12 [F12] craft torches: skip (no coal: sticks 4 coals 0)
F12 [F12] digShaft: water hazard 3.6b away (live 2) - refusing this column, the caller rotates
F12 tunnel: steering coal_ore @ 3b (axis z+, cross 1.3133060987694591, floor lock)
F7 [F7] vein sweep: 3 drop(s) in reach (1 dug)
F7 [F7] vein sweep: the drop walk to [-113,49,425] failed - spin breaker: sweep drops re-issued 2x inside the 10s window after its own pf:done - sweep drops refused for 14s (the sync re-issue breaker: the goal->done->goal churn starves the timers, the run53 alloc-storm class, hold live) (dy -2.0, range 2)
F7 [F7] vein sweep: the drop walk to [-115,49,424] failed - spin breaker: sweep drops re-issued 2x inside the 10s window after its own pf:done - sweep drops refused for 14s (the sync re-issue breaker: the goal->done->goal churn starves the timers, the run53 alloc-storm class, hold live) (dy -1.8, range 2)
F7 [F7] vein sweep: the drop walks picked nothing (pocket delta 0, 2 failed walk(s))
F7 [F7] vein sweep: 2 below-plane walk(s) still failed on the wide goal (range 2) - the drop rests deeper than the lip
F7 [F7] vein sweep: 1 deep drop(s) skipped (dy < -2 - the lip sphere cannot reach, the walk was a guaranteed spiral)
F7 vein sweep: 1 ores dug beside the gallery (floor lock)
F15 tunnel: 2 blocks (branch mine at the floor, steered, floor lock)
[hb] n=10 ts=201s rss=378M late=52ms mainLate=572ms
F15 [F15] craft torches: skip (no coal: sticks 3 coals 0)
t-399s alive=19/19 mined=973 map=756p/11ch banked=0 smelted=0 pocket=1181u/230s | sand=3 gravel=20 dirt=114 stone=0
   deficits: 157926/3 (0.0%) 149380/20 (0.0%) 31860/0 (0.0%) 27420/0 (0.0%) 10725/90 (0.8%)
   F1=83[cobblestone:41 raw_copper:38 andesite:16] | F2=1[oak_sapling:2] | F3=28[granite:6 dirt:5 oak_log:4] | F4=84[cobblestone:25 diorite:22 gravel:20] | F5=39[cobblestone:18 dirt:8 oak_log:3] | F6=70[cobblestone:39 raw_copper:12 dirt:4] | F7=44[cobblestone:30 raw_copper:23 dirt:7] | F8=87[cobblestone:32 torch:20 coal:19] | F9=20[stick:5 oak_planks:4 dirt:3] | F10=59[cobblestone:34 raw_copper:20 andesite:13] | F11=84[cobblestone:44 torch:20 raw_copper:14] | F12=34[dirt:18 birch_planks:10 birch_log:5] | F13=15[dirt:12 oak_planks:7 stick:5] | F14=98[cobblestone:63 dirt:7 leaf_litter:6] | F15=29[cobblestone:7 dirt:6 oak_planks:4] | F16=36[cobblestone:11 diorite:7 oak_log:6] | F17=48[andesite:26 cobblestone:6 oak_log:5] | F18=37[cobblestone:14 diorite:7 stick:6] | F19=77[andesite:35 cobblestone:13 dirt:9]
   mem: heap=116M/149M old=-1M ext=123M ab=121M rss=378M cols=1966 ents=3375 evicted=658 path=4a/0q (max 6) stale=0
F18 [toolupgrade] [upgrade] upgraded: stone_pickaxe,wooden_shovel,wooden_pickaxe,wooden_pickaxe
F18 tool upgrade: OK -> stone_pickaxe (stone_pickaxe,wooden_shovel,wooden_pickaxe,wooden_pickaxe)
F18 [F18] craft torches: skip (no coal: sticks 4 coals 0)
F18 [F18] digShaft: water table y=49 (region strike) - stopping above the aquifer, the tunnel owns this level (regions 2)
F18 [F18] craft torches: skip (no coal: sticks 4 coals 0)
F18 [F18] digShaft: water table y=49 (region strike) - stopping above the aquifer, the tunnel owns this level (regions 2)
F18 tunnel: steering coal_ore @ 7b (axis z+, cross 0.5, floor lock)
F9 [F9] craft stick: variant#2 attempt0 failed: craft stick: timeout after 7000ms
F9 [F9] [tools] closing stale craft window (minecraft:inventory) - grid recovery
F10 [F10] vein sweep: the drop walk to [-134,47,420] failed - sweep drops: timeout after 4000ms (dy 4.3, range 2)
F3 [F3] vein sweep: the drop walk to [-121,50,426] failed - sweep drops: timeout after 4000ms (dy -0.6, range 2)
F17 [F17] water: drowning rescue start (drowning, oxygen 12)
F17 [F17] water: pass 0 head=wet shore=none land=n/a y=43.0 o2=12 probes=0 at=[-127,43,412]
F8 [F8] vein sweep: 8 drop(s) in reach (10 dug)
F17 tunnel: 5 blocks (branch mine at the floor, steered, ore detour)
F8 [F8] vein sweep: lip dig refused - sealed floor (air 0, dy -0.9)
F12 tunnel: 4 blocks (branch mine at the floor, steered, floor lock)
F18 tunnel: 2 blocks (branch mine at the floor, steered, floor lock)
F15 [F15] digShaft: water hazard 1.7b away (live 2) - refusing this column, the caller rotates
F15 [F15] craft torches: skip (no coal: sticks 3 coals 0)
F15 [F15] digShaft: water hazard 1.7b away (live 2) - refusing this column, the caller rotates
F15 tunnel: steering coal_ore @ 4.9b (axis x+, cross 1.5, floor lock)
F17 [F17] water: pass 6 head=dry shore=hit r=2 land=none y=45.2 o2=20 probes=0 at=[-128,45,411]
F15 [F15] water: drowning rescue start (drowning, oxygen 14)
F15 [F15] water: pass 0 head=wet shore=none land=n/a y=50.8 o2=14 probes=0 at=[-137,51,423]
F10 [F10] vein sweep: the drop walk to [-132,44,414] failed - sweep drops: timeout after 4000ms (dy 0.0, range 1)
F18 [F18] craft torches: skip (no coal: sticks 4 coals 0)
F18 [F18] digShaft: water table y=49 (region strike) - stopping above the aquifer, the tunnel owns this level (regions 2)
F18 [F18] craft torches: skip (no coal: sticks 4 coals 0)
F18 [F18] digShaft: water table y=49 (region strike) - stopping above the aquifer, the tunnel owns this level (regions 2)
F18 tunnel: steering coal_ore @ 7.4b (axis z+, cross 0.5, floor lock)
F3 [F3] vein sweep: the drop walk to [-124,50,420] failed - sweep drops: timeout after 4000ms (dy -1.0, range 2)
F8 [F8] vein sweep: lip dig refused - sealed floor (air 0, dy -0.9)
F15 [F15] water: pass 5 head=dry shore=hit r=1 land=none y=55.1 o2=18 probes=0 at=[-137,55,423]
F17 [F17] water: pass 10 head=dry shore=hit r=2 land=none y=45.2 o2=20 probes=0 at=[-127,45,411]
F15 tunnel: 1 blocks (branch mine at the floor, steered, floor lock)
F15 [F15] craft torches: skip (no coal: sticks 3 coals 0)
F16 [F16] craft torches: skip (no coal: sticks 3 coals 0)
F16 [F16] digShaft: water strike at y=45 -> water table (regions 2); fluid below (-109, 46, 384) - moving sideways
F16 [F16] craft torches: skip (no coal: sticks 3 coals 0)
F16 [F16] digShaft: water strike at y=45 -> water table (regions 2); fluid below (-109, 46, 384) - moving sideways
F18 tunnel: 0 blocks (branch mine at the floor, steered, floor lock)
F1 [F1] climb wet escape: 11 blocks walked (budget, walked 2/4)
F18 [F18] craft torches: skip (no coal: sticks 4 coals 0)
F18 [F18] digShaft: water table y=49 (region strike) - stopping above the aquifer, the tunnel owns this level (regions 2)
F18 [F18] craft torches: skip (no coal: sticks 4 coals 0)
F18 [F18] digShaft: water table y=49 (region strike) - stopping above the aquifer, the tunnel owns this level (regions 2)
F18 tunnel: steering coal_ore @ 7.4b (axis z+, cross 0.29999999999999716, floor lock)
F17 [F17] water: pass 14 head=dry shore=hit r=2 land=none y=45.2 o2=20 probes=0 at=[-127,45,411]
F15 [F15] water: pass 8 head=wet shore=none land=n/a y=53.6 o2=20 probes=0 at=[-138,54,421]
F12 [F12] craft torches: skip (no coal: sticks 4 coals 0)
F12 [F12] digShaft: water table y=57 (region strike) - stopping above the aquifer, the tunnel owns this level (regions 2)
F12 [F12] craft torches: skip (no coal: sticks 4 coals 0)
F12 [F12] digShaft: water table y=57 (region strike) - stopping above the aquifer, the tunnel owns this level (regions 2)
F12 tunnel: steering copper_ore @ 7.4b (axis x--1, cross 2.5, floor lock)
F17 [F17] water: frozen physics (10 flat passes at y=45.2, o2=20) - standing down, the reconnect lane owns this
F17 [F17] water: rescue standing down (frozen physics - the walk gate reopens, the reconnect lane owns a dead client) in 7.2s
F17 [F17] water: hazard memorized at [-128,45,411] (3 live, fleet-wide)
F15 [F15] craft torches: skip (no coal: sticks 3 coals 0)
F15 tunnel: steering coal_ore @ 8.8b (axis x+, cross 3.6999999999999886, floor lock)
F15 [F15] water: rescue complete in 5.4s
F15 [F15] water: hazard memorized at [-138,54,421] (4 live, fleet-wide)
F14 [F14] climb wet escape: 1 blocks walked (refused, walked 1/4)
F14 [F14] climb diag: level at y=53 blocked toward 0,-1 (dug=36, wet) at [0,2,0] water (stop)
F14 [F14] water: drowning rescue start (drowning, oxygen 4)
F14 [F14] water: pass 0 head=wet shore=none land=n/a y=53.0 o2=4 probes=0 at=[-123,53,370]
F14 [F14] climb wet escape: oxygen 4 at the floor - the escape yields, the rescue lane owns the air
F14 climb out (trip): failed - low-o2 (traversed 1)
F14 map trip skipped: cannot leave the shaft
F14 [F14] craft torches: skip (no coal: sticks 3 coals 0)
F15 tunnel: 0 blocks (branch mine at the floor, steered, floor lock)
F8 [F8] vein sweep: the drop walk to [-151,41,425] failed - sweep drops: timeout after 4000ms (dy -0.9, range 2)
F18 tunnel: 0 blocks (branch mine at the floor, steered, floor lock)
F18 [F18] craft torches: skip (no coal: sticks 4 coals 0)
F18 [F18] digShaft: water table y=49 (region strike) - stopping above the aquifer, the tunnel owns this level (regions 2)
F18 [F18] craft torches: skip (no coal: sticks 4 coals 0)
F18 [F18] digShaft: water table y=49 (region strike) - stopping above the aquifer, the tunnel owns this level (regions 2)
F15 [F15] climb diag: level at y=53 blocked toward 0,-1 (dug=0, wet) at [0,1,0] water (stop)
F19 [F19] vein sweep: 8 drop(s) in reach (24 dug)
F15 [F15] climb diag: level at y=52 blocked toward 1,0 (dug=0, wet) at [0,2,0] water (stop)
F14 [F14] water: pass 8 head=wet shore=none land=n/a y=56.7 o2=2 probes=0 at=[-123,57,370]
F5 [F5] craft torches: skip (no coal: sticks 3 coals 0)
F15 [F15] climb diag: level at y=52 blocked toward 0,1 (dug=0, wet) at [0,2,0] water (stop)
F19 [F19] vein sweep: lip dig refused - sealed floor (air 0, dy -1.0)
F16 tunnel: 6 blocks (branch mine at the floor, floor lock)
F5 tunnel: steering coal_ore @ 8.4b (axis x--1, cross 1.3000000000000114, ore detour)
F15 climb out (trip): failed - stalled
F15 map trip skipped: cannot leave the shaft
F10 [F10] vein sweep: +7u walked from the drops (1 dug)
F10 [F10] vein sweep: 2 above-plane walk(s) timed out on the wide goal (range 2) - the ledge family (the v0.189.0 class, the triage names it)
F10 vein sweep: 1 ores dug beside the gallery (floor lock)
F16 [F16] craft torches: skip (no coal: sticks 3 coals 0)
F16 [F16] digShaft: water strike at y=45 -> water table (regions 2); fluid below (-107, 46, 385) - moving sideways
F9 [F9] craft stick: variant#2 attempt1 failed: craft stick: timeout after 7000ms
F9 [F9] [tools] closing stale craft window (minecraft:inventory) - grid recovery
F3 [F3] vein sweep: +2u walked from the drops (6 dug)
F3 [F3] vein sweep: 3 below-plane walk(s) still failed on the wide goal (range 2) - the drop rests deeper than the lip
F3 [F3] vein sweep: 1 above-plane walk(s) timed out on the wide goal (range 2) - the ledge family (the v0.189.0 class, the triage names it)
F3 vein sweep: 6 ores dug beside the gallery (floor lock)
t-384s alive=19/19 mined=1102 map=755p/11ch banked=0 smelted=0 pocket=1323u/237s | sand=9 gravel=20 dirt=123 stone=0
   deficits: 157926/9 (0.0%) 149380/20 (0.0%) 31860/0 (0.0%) 27420/0 (0.0%) 10725/97 (0.9%)
   F1=104[cobblestone:60 raw_copper:38 andesite:16] | F2=4[oak_log:4 oak_sapling:2] | F3=28[granite:8 dirt:5 oak_log:4] | F4=104[cobblestone:40 diorite:22 gravel:20] | F5=42[cobblestone:23 dirt:8 oak_log:3] | F6=90[cobblestone:58 raw_copper:12 dirt:4] | F7=44[cobblestone:33 raw_copper:23 dirt:7] | F8=91[cobblestone:37 torch:20 coal:19] | F9=20[stick:6 oak_planks:5 dirt:3] | F10=60[cobblestone:36 raw_copper:20 andesite:17] | F11=100[cobblestone:45 torch:20 diorite:20] | F12=42[dirt:27 birch_planks:10 birch_log:5] | F13=15[dirt:12 oak_planks:7 stick:5] | F14=98[cobblestone:63 dirt:7 leaf_litter:6] | F15=30[cobblestone:8 dirt:6 oak_planks:4] | F16=42[cobblestone:13 diorite:8 oak_log:6] | F17=53[andesite:29 cobblestone:6 oak_log:5] | F18=43[cobblestone:19 diorite:7 stick:4] | F19=92[andesite:35 cobblestone:13 dirt:9]
   mem: heap=105M/151M old=-1M ext=121M ab=118M rss=380M cols=1942 ents=3329 evicted=685 path=6a/0q (max 6) stale=0
F15 [F15] craft torches: skip (no coal: sticks 3 coals 0)
F14 [F14] water: pass 15 head=dry shore=hit r=7 land=none y=62.5 o2=5 probes=0 at=[-122,62,371]
F8 [F8] vein sweep: the drop walk to [-150,45,424] failed - sweep drops: timeout after 4000ms (dy 4.0, range 2)
F16 [F16] craft torches: skip (no coal: sticks 3 coals 0)
F16 [F16] digShaft: water strike at y=45 -> water table (regions 2); fluid below (-107, 46, 385) - moving sideways
F16 tunnel: steering coal_ore @ 9.1b (axis z+, cross 2.299999999999997, floor lock)
F10 [F10] climb bridge: placed cobblestone at [-143,43,418] (support) - the step re-judges
F15 [F15] digShaft: water hazard 0.7b away (live 4) - refusing this column, the caller rotates
F15 [F15] craft torches: skip (no coal: sticks 3 coals 0)
F15 [F15] digShaft: water hazard 0.7b away (live 4) - refusing this column, the caller rotates
F15 tunnel: steering coal_ore @ 5.9b (axis x+, cross 2.5, floor lock)
F15 tunnel: 0 blocks (branch mine at the floor, steered, floor lock)
F19 [F19] vein sweep: the drop walk to [-100,43,394] failed - sweep drops: timeout after 4000ms (dy 0.0, range 1)
F9 [F9] craft stick: all 1 variant(s) failed, last: craft stick: timeout after 7000ms
F9 [F9] craft torches: skip (no spare sticks: sticks 6 coals 0)
F9 [F9] digShaft: water hazard 2.3b away (live 4) - refusing this column, the caller rotates
F9 tunnel: steering coal_ore @ 5.4b (axis x+, cross 2.5000963719171523, floor lock)
F9 tunnel: 0 blocks (branch mine at the floor, steered, floor lock)
F14 [F14] water: pass 19 head=dry shore=hit r=4 land=none y=62.8 o2=17 probes=0 at=[-120,63,374]
F17 [F17] water: drowning rescue start (drowning, oxygen 15)
F17 [F17] water: pass 0 head=wet shore=none land=n/a y=43.0 o2=15 probes=0 at=[-126,43,411]
F14 tunnel: 0 blocks (branch mine at the floor, ore detour)
F14 [F14] craft torches: skip (no coal: sticks 3 coals 0)
F14 tunnel: steering coal_ore @ 9.2b (axis z+, cross 3.700000000000003, floor lock)
F15 [F15] water: drowning rescue start (drowning, oxygen 10)
F15 [F15] water: pass 0 head=wet shore=none land=n/a y=50.0 o2=10 probes=0 at=[-138,50,422]
[hb] n=11 ts=221s rss=379M late=57ms mainLate=288ms
F14 [F14] water: pass 23 head=dry shore=hit r=1 land=none y=63.0 o2=20 probes=0 at=[-118,63,377]
F16 tunnel: 2 blocks (branch mine at the floor, steered, floor lock)
F7 [F7] craft torches: skip (no coal: sticks 5 coals 0)
F7 [F7] digShaft: water table y=49 (region strike) - stopping above the aquifer, the tunnel owns this level (regions 2)
F7 [F7] craft torches: skip (no coal: sticks 5 coals 0)
F7 [F7] digShaft: water table y=49 (region strike) - stopping above the aquifer, the tunnel owns this level (regions 2)
F7 tunnel: steering copper_ore @ 6.8b (axis z--1, cross 0.5, floor lock)
F17 [F17] water: pass 5 head=dry shore=hit r=2 land=none y=45.2 o2=20 probes=0 at=[-126,45,411]
F12 tunnel: 12 blocks (branch mine at the floor, steered, floor lock)
F9 [F9] craft torches: skip (no coal: sticks 6 coals 0)
F18 tunnel: 12 blocks (branch mine at the floor, floor lock)
F18 [F18] vein sweep: refused a cell - drop of 5 below the cell (cave?) - the ore waits for a safe angle
F19 [F19] vein sweep: the drop walk to [-96,41,394] failed - sweep drops: timeout after 4000ms (dy -1.0, range 2)
F14 [F14] water: pass 26 head=dry shore=hit r=1 land=none y=62.7 o2=20 probes=0 at=[-116,63,379]
F19 [F19] vein sweep: +12u walked from the drops (24 dug)
F19 [F19] vein sweep: 2 below-plane walk(s) still failed on the wide goal (range 2) - the drop rests deeper than the lip
F19 [F19] vein sweep: 1 deep drop(s) skipped (dy < -2 - the lip sphere cannot reach, the walk was a guaranteed spiral)
F19 vein sweep: 24 ores dug beside the gallery (floor lock)
F19 map trip skipped: sand,gravel unreachable
F15 [F15] water: pass 6 head=dry shore=hit r=12 land=none y=55.1 o2=17 probes=0 at=[-138,55,421]
F16 [F16] climb bridge: placed cobblestone at [-107,47,384] (support) - the step re-judges
F17 [F17] water: pass 8 head=dry shore=hit r=2 land=none y=45.2 o2=20 probes=0 at=[-126,45,411]
F9 [F9] digShaft: water table y=57 (region strike) - stopping above the aquifer, the tunnel owns this level (regions 2)
F14 [F14] water: rescue complete in 12.6s
F14 [F14] water: hazard memorized at [-118,62,377] (4 live, fleet-wide)
F14 tunnel: 2 blocks (branch mine at the floor, steered, floor lock)
F5 tunnel: 12 blocks (branch mine at the floor, steered, ore detour)
F15 [F15] water: pass 8 head=dry shore=hit r=1 land=none y=54.3 o2=20 probes=0 at=[-137,54,422]
F17 [F17] water: pass 12 head=dry shore=hit r=1 land=none y=45.2 o2=20 probes=0 at=[-126,45,411]
F8 [F8] vein sweep: +35u walked from the drops (10 dug)
F8 [F8] vein sweep: 2 below-plane walk(s) still failed on the wide goal (range 2) - the drop rests deeper than the lip
F8 [F8] vein sweep: 2 above-plane walk(s) timed out on the wide goal (range 2) - the ledge family (the v0.189.0 class, the triage names it)
F8 vein sweep: 10 ores dug beside the gallery (floor lock)
F8 bank trip: pockets full budget 179s
F19 [F19] craft torches: 1 batch(es) -> 4 torches (sticks 3 coals 11)
F17 [F17] water: frozen physics (10 flat passes at y=45.2, o2=20) - standing down, the reconnect lane owns this
F17 [F17] water: rescue standing down (frozen physics - the walk gate reopens, the reconnect lane owns a dead client) in 6.9s
F17 [F17] water: hazard memorized at [-127,45,411] (5 live, fleet-wide)
F14 [F14] craft torches: skip (no coal: sticks 3 coals 0)
F14 [F14] digShaft: water hazard 2.9b away (live 5) - refusing this column, the caller rotates
F14 tunnel: 0 blocks (branch mine at the floor, ore detour)
F14 [F14] craft torches: skip (no coal: sticks 3 coals 0)
F14 [F14] digShaft: water hazard 2.9b away (live 5) - refusing this column, the caller rotates
F14 tunnel: 0 blocks (branch mine at the floor, floor lock)
F19 [F19] craft torches: stick-dry but 5 planks held - one stick batch first
F15 [F15] water: rescue complete in 7.0s
F15 [F15] water: hazard memorized at [-138,54,421] (6 live, fleet-wide)
F14 [F14] craft torches: skip (no coal: sticks 3 coals 0)
F14 [F14] digShaft: water hazard 3.0b away (live 6) - refusing this column, the caller rotates
F14 tunnel: 0 blocks (branch mine at the floor, ore detour)
F14 tunnel: 0 blocks x3 - sealed or flooded, cooling down 15s
F7 tunnel: 4 blocks (branch mine at the floor, steered, floor lock)
F19 [F19] craft torches: 4 batch(es) -> 16 torches (sticks 2 coals 10)
F8 [F8] climb bridge: placed cobblestone at [-153,41,425] (support) - the step re-judges
F7 [F7] climb bridge: placed cobblestone at [-112,51,428] (support) - the step re-judges
F19 tunnel: steering coal_ore @ 2.7b (axis z+, cross 0.5, floor lock)
F8 [F8] climb bridge: placed cobblestone at [-153,41,426] (pit) - the step re-judges
t-369s alive=19/19 mined=1258 map=862p/12ch banked=0 smelted=0 pocket=1539u/240s | sand=22 gravel=20 dirt=169 stone=0
   deficits: 157926/22 (0.0%) 149380/20 (0.0%) 31860/0 (0.0%) 27420/0 (0.0%) 10725/101 (0.9%)
   F1=119[cobblestone:65 raw_copper:38 andesite:20] | F2=7[oak_log:6 oak_sapling:3] | F3=39[granite:13 cobblestone:9 dirt:5] | F4=119[cobblestone:41 diorite:22 gravel:20] | F5=58[cobblestone:33 dirt:8 oak_log:3] | F6=107[cobblestone:75 raw_copper:12 dirt:4] | F7=52[cobblestone:39 raw_copper:23 dirt:7] | F8=96[cobblestone:46 raw_copper:23 torch:20] | F9=24[dirt:21 stick:6 oak_planks:5] | F10=75[cobblestone:51 raw_copper:20 andesite:17] | F11=111[cobblestone:45 torch:20 diorite:20] | F12=48[dirt:33 birch_planks:10 birch_log:5] | F13=15[dirt:14 oak_planks:7 stick:5] | F14=100[cobblestone:63 leaf_litter:9 dirt:9] | F15=31[cobblestone:8 dirt:6 oak_planks:4] | F16=55[cobblestone:24 diorite:8 oak_log:6] | F17=57[andesite:29 cobblestone:6 oak_log:5] | F18=51[cobblestone:23 dirt:8 diorite:7] | F19=94[andesite:35 cobblestone:20 torch:20]
   mem: heap=107M/149M old=-1M ext=121M ab=118M rss=381M cols=1940 ents=3344 evicted=742 path=4a/0q (max 6) stale=0
F8 [F8] climb bridge: placed cobblestone at [-153,42,426] (support) - the step re-judges
F13 [F13] craft torches: skip (no coal: sticks 5 coals 0)
F13 [F13] digShaft: water table y=57 (region strike) - stopping above the aquifer, the tunnel owns this level (regions 2)
F13 [F13] craft torches: skip (no coal: sticks 5 coals 0)
F13 [F13] digShaft: water table y=57 (region strike) - stopping above the aquifer, the tunnel owns this level (regions 2)
F13 tunnel: steering coal_ore @ 9.1b (axis z+, cross 2.596381513816283, floor lock)
F8 climb out (bank): OK +2 levels (2 steps, 5 dug, 6s)
F8 bank: holding 45s of 179s for the smelt leg
F8 [F8] chest skip (vertical doom: the yard stands 27 levels up over 9b lateral - the walk ladder cannot climb)
F8 [F8] chest skip (vertical doom: the yard stands 27 levels up over 10b lateral - the walk ladder cannot climb)
F8 [F8] chest skip (vertical doom: the yard stands 27 levels up over 11b lateral - the walk ladder cannot climb)
F8 [F8] chest skip (vertical doom: the yard stands 27 levels up over 13b lateral - the walk ladder cannot climb)
F8 [F8] chest skip (vertical doom: the yard stands 27 levels up over 13b lateral - the walk ladder cannot climb)
F8 [F8] chest skip (vertical doom: the yard stands 27 levels up over 14b lateral - the walk ladder cannot climb)
F8 [F8] chest skip (vertical doom: the yard stands 27 levels up over 14b lateral - the walk ladder cannot climb)
F8 [F8] chest skip (vertical doom: the yard stands 27 levels up over 15b lateral - the walk ladder cannot climb)
F8 bank: no chest in range (43 blocks from yard) - walking back
F8 yard approach: 43b beyond the 24b envelope (attempt 1)
F19 tunnel: 2 blocks (branch mine at the floor, steered, floor lock)
F15 [F15] vein sweep: 1 drop(s) in reach (1 dug)
F15 [F15] vein sweep: the drop walks picked nothing (pocket delta 0, 0 failed walk(s))
F15 [F15] vein sweep: 1 deep drop(s) skipped (dy < -2 - the lip sphere cannot reach, the walk was a guaranteed spiral)
F15 vein sweep: 1 ores dug beside the gallery (floor lock)
F4 [F4] climb diag: level at y=65 blocked toward -1,0 (dug=65)
F5 [F5] vein sweep: 8 drop(s) in reach (10 dug)
F4 [F4] climb bridge: placed cobblestone at [-136,64,424] (support) - the step re-judges
F13 tunnel: 0 blocks (branch mine at the floor, steered, floor lock)
F4 [F4] climb diag: level at y=66 blocked toward 0,-1 (dug=65)
F17 [F17] water: drowning rescue start (drowning, oxygen 10)
F17 [F17] water: pass 0 head=wet shore=none land=n/a y=43.0 o2=10 probes=0 at=[-126,43,411]
F17 [F17] water: pass 4 head=dry shore=hit r=1 land=none y=45.2 o2=18 probes=0 at=[-126,45,411]
F17 [F17] water: rescue complete in 3.7s
F17 [F17] water: hazard memorized at [-127,45,411] (7 live, fleet-wide)
[hb] n=12 ts=241s rss=379M late=62ms mainLate=293ms
F14 bank trip: planned budget 168s
F14 bank: smelt hold skipped - no fuel in pocket (coal 0)
F18 [F18] craft torches: skip (no coal: sticks 4 coals 0)
F9 [F9] craft torches: skip (no coal: sticks 6 coals 0)
F9 [F9] digShaft: water table y=57 (region strike) - stopping above the aquifer, the tunnel owns this level (regions 2)
F9 [F9] craft torches: skip (no coal: sticks 6 coals 0)
F9 [F9] digShaft: water table y=57 (region strike) - stopping above the aquifer, the tunnel owns this level (regions 2)
F9 tunnel: steering coal_ore @ 4.1b (axis x--1, cross 1.3000000000000114, floor lock)
t-354s alive=19/19 mined=1395 map=847p/12ch banked=0 smelted=0 pocket=1684u/247s | sand=31 gravel=20 dirt=191 stone=0
   deficits: 157926/31 (0.0%) 149380/20 (0.0%) 31860/0 (0.0%) 27420/0 (0.0%) 10725/112 (1.0%)
   F1=137[cobblestone:73 raw_copper:38 andesite:30] | F2=9[oak_log:6 oak_sapling:4 birch_log:1] | F3=50[cobblestone:15 granite:13 dirt:10] | F4=122[cobblestone:36 diorite:22 gravel:20] | F5=62[cobblestone:37 raw_copper:24 dirt:8] | F6=121[cobblestone:76 dirt:19 raw_copper:12] | F7=68[cobblestone:48 raw_copper:23 granite:8] | F8=96[cobblestone:46 raw_copper:23 torch:20] | F9=24[dirt:22 stick:6 oak_planks:5] | F10=93[cobblestone:69 raw_copper:20 andesite:17] | F11=118[cobblestone:45 sand:26 torch:20] | F12=48[dirt:33 birch_planks:10 birch_log:5] | F13=16[dirt:15 oak_planks:7 stick:5] | F14=100[cobblestone:63 leaf_litter:9 dirt:9] | F15=31[cobblestone:9 dirt:6 oak_planks:4] | F16=70[cobblestone:40 diorite:8 oak_log:6] | F17=67[andesite:29 coal:7 cobblestone:6] | F18=55[cobblestone:27 dirt:8 diorite:7] | F19=108[andesite:35 cobblestone:20 torch:20]
   mem: heap=113M/150M old=-1M ext=120M ab=117M rss=382M cols=1942 ents=3351 evicted=797 path=3a/0q (max 6) stale=0
F6 [F6] climb bridge: placed cobblestone at [-119,64,439] (support) - the step re-judges
F18 tunnel: steering coal_ore @ 11.5b (axis z--1, cross 0.45855351523545096, ore detour)
F5 [F5] vein sweep: the drop walk to [-125,44,416] failed - sweep drops: timeout after 4000ms (dy 0.0, range 1)
F5 [F5] vein sweep: +32u walked from the drops (10 dug)
F5 vein sweep: 10 ores dug beside the gallery (ore detour)
F6 [F6] climb bridge: placed cobblestone at [-119,65,440] (support) - the step re-judges
F4 climb out (trip): failed - stalled
F4 map trip skipped: cannot leave the shaft
F5 [F5] climb bridge: placed cobblestone at [-125,44,420] (support) - the step re-judges
F17 [F17] vein sweep: 8 drop(s) in reach (23 dug)
F6 [F6] climb diag: level at y=67 blocked toward 0,1 (dug=62)
F6 [F6] climb diag: level at y=66 blocked toward -1,0 (dug=62)
F4 [F4] craft torches: skip (no coal: sticks 3 coals 0)
F19 [F19] vein sweep: 8 drop(s) in reach (20 dug)
F19 [F19] vein sweep: the drop walk to [-95,41,393] failed - spin breaker: sweep drops re-issued 2x inside the 10s window after its own pf:done - sweep drops refused for 1s (the sync re-issue breaker: the goal->done->goal churn starves the timers, the run53 alloc-storm class, hold live) (dy -1.0, range 2)
F19 [F19] vein sweep: the drop walk to [-95,41,393] failed - spin breaker: sweep drops re-issued 2x inside the 10s window after its own pf:done - sweep drops refused for 1s (the sync re-issue breaker: the goal->done->goal churn starves the timers, the run53 alloc-storm class, hold live) (dy -1.0, range 2)
F18 tunnel: 2 blocks (branch mine at the floor, steered, ore detour)
F19 [F19] vein sweep: the drop walks picked nothing (pocket delta 0, 7 failed walk(s))
F19 [F19] vein sweep: 7 below-plane walk(s) still failed on the wide goal (range 2) - the drop rests deeper than the lip
F19 [F19] vein sweep: 1 deep drop(s) skipped (dy < -2 - the lip sphere cannot reach, the walk was a guaranteed spiral)
F19 vein sweep: 20 ores dug beside the gallery (floor lock)
F1 climb out (trip): failed - timeout (traversed 20)
F1 map trip skipped: cannot leave the shaft
F17 [F17] vein sweep: lip dig refused - sealed floor (air 0, dy -0.8)
F1 tool upgrade due: cobble available -> stone_pickaxe
F1 [toolupgrade] [upgrade] craft stick: no craftable recipe variant (ingredients missing?)
F15 [F15] craft torches: skip (no coal: sticks 3 coals 0)
F15 [F15] digShaft: water hazard 1.0b away (live 7) - refusing this column, the caller rotates
F15 [F15] craft torches: skip (no coal: sticks 3 coals 0)
F15 [F15] digShaft: water hazard 1.0b away (live 7) - refusing this column, the caller rotates
F15 tunnel: steering coal_ore @ 6.7b (axis x--1, cross 2.3173647569838636, floor lock)
F15 tunnel: 0 blocks (branch mine at the floor, steered, floor lock)
F19 [F19] craft torches: stick-dry with logs held - one plank conversion first
F5 [F5] climb bridge: placed cobblestone at [-125,44,421] (pit) - the step re-judges
F19 [F19] craft torches: stick-dry but 7 planks held - one stick batch first
F5 [F5] climb bridge: placed cobblestone at [-125,45,421] (support) - the step re-judges
F19 [F19] craft torches: 1 batch(es) -> 4 torches (sticks 2 coals 6, the metal reserve keeps 1)
F9 tunnel: 12 blocks (branch mine at the floor, steered, floor lock)
F19 [F19] craft torches: skip (the pocket torch cap: held 24 of 24 - sticks 5 coals 15)
F19 tunnel: steering coal_ore @ 2.4b (axis z+, cross 0.33255347754835896, floor lock)
F17 [F17] vein sweep: the drop walk to [-124,44,414] failed - sweep drops: timeout after 4000ms (dy -1.0, range 2)
F17 [F17] vein sweep: the drop walk to [-126,44,408] failed - spin breaker: sweep drops re-issued 2x inside the 10s window after its own pf:done - sweep drops refused for 30s (the sync re-issue breaker: the goal->done->goal churn starves the timers, the run53 alloc-storm class) (dy -0.9, range 2)
F17 [F17] vein sweep: +8u walked from the drops (23 dug)
F17 [F17] vein sweep: 2 below-plane walk(s) still failed on the wide goal (range 2) - the drop rests deeper than the lip
F17 [F17] vein sweep: 1 deep drop(s) skipped (dy < -2 - the lip sphere cannot reach, the walk was a guaranteed spiral)
F17 vein sweep: 23 ores dug beside the gallery (ore detour)
F4 [F4] digShaft: water table y=49 (region strike) - stopping above the aquifer, the tunnel owns this level (regions 2)
F4 tunnel: steering coal_ore @ 4.6b (axis x--1, cross 0.6525365957336362, ore detour)
F14 [F14] approach: 1 segment(s) walked in 15.5s, goal now d=13.1 (inside the direct envelope)
F17 [F17] climb bridge: placed cobblestone at [-126,45,411] (support) - the step re-judges
F3 [F3] died - respawning (cause: server: fell from a high place [kind=fall] | inferred: fall/env (0s before death at [-111,42,424]) [the inference corroborates the server verdict])
F3 [F3] death drop: pocket read empty at death (0u)
F3 [F3] water: death spot memorized as a hazard at [-111,42,424] (8 live, fleet-wide)
F19 tunnel: 1 blocks (branch mine at the floor, steered, floor lock)
F1 [toolupgrade] [upgrade] upgraded: stone_pickaxe,wooden_shovel,wooden_pickaxe,wooden_pickaxe
F1 tool upgrade: OK -> stone_pickaxe (stone_pickaxe,wooden_shovel,wooden_pickaxe,wooden_pickaxe)
F1 [F1] craft torches: stick-dry but 5 planks held - one stick batch first
F1 [F1] craft torches: 3 batch(es) -> 12 torches (sticks 1 coals 9, the metal reserve keeps 5)
[hb] n=13 ts=261s rss=379M late=67ms mainLate=561ms
F13 [F13] vein sweep: 1 drop(s) in reach (2 dug)
F6 [F6] climb bridge: placed cobblestone at [-120,64,430] (support) - the step re-judges
F18 [F18] vein sweep: 7 drop(s) in reach (10 dug)
t-339s alive=19/19 mined=1554 map=857p/12ch banked=0 smelted=0 pocket=1819u/244s | sand=31 gravel=20 dirt=234 stone=0
   deficits: 157926/31 (0.0%) 149380/20 (0.0%) 31860/0 (0.0%) 27420/0 (0.0%) 10725/117 (1.1%)
   F1=145[cobblestone:79 raw_copper:38 andesite:30] | F2=9[oak_log:6 oak_sapling:5 birch_log:1] | F3=60[empty] | F4=144[cobblestone:39 dirt:23 diorite:22] | F5=74[cobblestone:44 raw_copper:24 dirt:8] | F6=131[cobblestone:73 dirt:23 raw_copper:12] | F7=82[cobblestone:49 raw_copper:23 dirt:19] | F8=96[cobblestone:46 raw_copper:23 torch:20] | F9=36[dirt:34 stick:6 oak_planks:5] | F10=112[cobblestone:75 raw_copper:20 dirt:17] | F11=118[cobblestone:45 sand:26 torch:20] | F12=48[dirt:34 birch_planks:10 birch_log:5] | F13=17[dirt:15 oak_planks:7 stick:5] | F14=100[cobblestone:63 leaf_litter:9 dirt:9] | F15=31[cobblestone:10 dirt:7 oak_planks:4] | F16=85[cobblestone:50 dirt:9 diorite:8] | F17=78[andesite:30 coal:14 cobblestone:9] | F18=71[cobblestone:34 dirt:8 diorite:7] | F19=117[andesite:35 coal:31 torch:24]
   mem: heap=115M/149M old=-1M ext=123M ab=120M rss=380M cols=1978 ents=3672 evicted=825 path=4a/0q (max 6) stale=0
F11 [F11] climb wet escape: 1 blocks walked (refused, walked 1/4)
F11 [F11] climb diag: level at y=61 blocked toward 0,-1 (dug=57, wet) at [-1,1,0] water (stop)
F16 [F16] climb diag: level at y=64 blocked toward 0,-1 (dug=41)
F7 [F7] climb bridge: placed cobblestone at [-112,64,441] (support) - the step re-judges
F6 [F6] climb diag: level at y=65 blocked toward 0,-1 (dug=69)
F16 [F16] climb bridge: placed cobblestone at [-106,63,368] (support) - the step re-judges
F14 [F14] raw hop failed: raw walk stalled after 2140ms (d=14.1) - pathfinder retry
F16 [F16] climb bridge: placed cobblestone at [-105,63,368] (pit) - the step re-judges
F13 [F13] vein sweep: the drop walk to [-150,64,419] failed - sweep drops: timeout after 4000ms (dy 5.0, range 2)
F13 [F13] vein sweep: +3u walked from the drops (2 dug)
F13 [F13] vein sweep: 1 above-plane walk(s) timed out on the wide goal (range 2) - the ledge family (the v0.189.0 class, the triage names it)
F13 vein sweep: 2 ores dug beside the gallery (floor lock)
F1 [F1] digShaft: water table y=49 (region strike) - stopping above the aquifer, the tunnel owns this level (regions 2)
F1 tunnel: steering coal_ore @ 7.7b (axis z+, cross 1.5, ore detour)
F18 [F18] vein sweep: the drop walk to [-120,41,396] failed - sweep drops: timeout after 4000ms (dy -2.0, range 2)
F14 [F14] water: drowning rescue start (drowning, oxygen 13)
F14 [F14] water: pass 0 head=wet shore=none land=n/a y=59.0 o2=13 probes=0 at=[-123,59,388]
F16 [F16] climb bridge: placed cobblestone at [-105,64,368] (support) - the step re-judges
F4 tunnel: 12 blocks (branch mine at the floor, steered, ore detour)
F6 climb out (trip): failed - stalled
F6 map trip skipped: cannot leave the shaft
F7 [F7] climb bridge: placed cobblestone at [-112,65,443] (pit) - the step re-judges
F6 [F6] craft torches: skip (no coal: sticks 4 coals 0)
F7 [F7] climb bridge: placed cobblestone at [-112,66,443] (support) - the step re-judges
F7 climb out (trip): OK +16 levels (16 steps, 37 dug, 41s)
F12 tool recovery: no pickaxe - spare-pick craft first
F12 spare pick: no table reachable or placeable
F12 tool recovery: spare craft failed (no table) - re-running the bootstrap
F14 [F14] water: pass 8 head=dry shore=hit r=1 land=none y=62.5 o2=19 probes=0 at=[-123,62,387]
F1 tunnel: 2 blocks (branch mine at the floor, steered, ore detour)
F1 bank trip: planned budget 173s
F18 [F18] vein sweep: the drop walk to [-120,42,397] failed - sweep drops: timeout after 4000ms (dy -0.6, range 2)
F14 [F14] water: pass 11 head=dry shore=hit r=1 land=none y=63.4 o2=20 probes=0 at=[-124,63,387]
F6 [F6] craft torches: the metal fuel reserve holds all 1 coal for the furnace (12 raw metal held)
F13 climb out (trip): OK +5 levels (4 steps, 5 dug, 8s)
F10 [F10] climb: walkable surface at y=64 (+21 levels, dug=58) - the walk takes over (blocked step)
F10 climb out (trip): OK +21 levels (22 steps, 58 dug, undefineds)
F6 [F6] craft torches: the metal fuel reserve holds all 1 coal for the furnace (12 raw metal held)
F6 [F6] craft torches: the metal fuel reserve holds all 1 coal for the furnace (12 raw metal held)
F6 [F6] digShaft: water table y=49 (region strike) - stopping above the aquifer, the tunnel owns this level (regions 2)
F6 tunnel: steering iron_ore @ 15.9b (axis z--1, cross 2.4994170336908184, ore detour)
F14 [F14] water: pass 15 head=dry shore=hit r=1 land=none y=63.4 o2=20 probes=0 at=[-123,63,388]
F15 [F15] craft torches: skip (no coal: sticks 3 coals 0)
F15 [F15] digShaft: water hazard 0.7b away (live 8) - refusing this column, the caller rotates
F15 [F15] craft torches: skip (no coal: sticks 3 coals 0)
F15 [F15] digShaft: water hazard 0.7b away (live 8) - refusing this column, the caller rotates
F15 tunnel: steering coal_ore @ 7b (axis x--1, cross 2.5, floor lock)
F15 tunnel: 0 blocks (branch mine at the floor, steered, floor lock)
F16 climb out (trip): OK +21 levels (20 steps, 51 dug, 53s)
F12 [F12] craft torches: stick-dry but 18 planks held - one stick batch first
F12 [F12] craft torches: skip (no coal: sticks 4 coals 0)
F12 [F12] digShaft: water table y=57 (region strike) - stopping above the aquifer, the tunnel owns this level (regions 2)
F12 tool recovery: OK (wooden_pickaxe)
F12 spare pick due: spare (planks available)
F3 [F3] climb: walkable surface at y=70 (+19 levels, dug=32) - the walk takes over (blocked step)
F3 climb out (trip): OK +19 levels (13 steps, 32 dug, undefineds)
F15 [F15] craft torches: skip (no coal: sticks 3 coals 0)
F15 [F15] digShaft: water hazard 0.7b away (live 8) - refusing this column, the caller rotates
F15 [F15] craft torches: skip (no coal: sticks 3 coals 0)
F15 [F15] digShaft: water hazard 0.7b away (live 8) - refusing this column, the caller rotates
F15 tunnel: steering iron_ore @ 5.2b (axis x--1, cross 2.5, floor lock)
F15 tunnel: 0 blocks (branch mine at the floor, steered, floor lock)
F15 tunnel: 0 blocks x3 - sealed or flooded, cooling down 15s
F14 [F14] water: pass 18 head=dry shore=hit r=1 land=none y=63.6 o2=20 probes=0 at=[-123,64,388]
t-324s alive=19/19 mined=1693 map=835p/12ch banked=0 smelted=0 pocket=1938u/253s | sand=31 gravel=25 dirt=253 stone=0
   deficits: 157926/31 (0.0%) 149380/25 (0.0%) 31860/0 (0.0%) 27420/0 (0.0%) 10725/118 (1.1%)
   F1=163[cobblestone:97 raw_copper:38 andesite:31] | F2=14[oak_log:6 oak_sapling:5 birch_log:3] | F3=60[oak_sapling:2] | F4=162[cobblestone:40 dirt:23 diorite:22] | F5=87[cobblestone:50 raw_copper:24 granite:9] | F6=151[cobblestone:76 dirt:28 leaf_litter:12] | F7=85[cobblestone:46 raw_copper:23 dirt:19] | F8=96[cobblestone:46 raw_copper:23 torch:20] | F9=36[dirt:34 stick:6 oak_planks:5] | F10=117[cobblestone:75 dirt:21 raw_copper:20] | F11=126[cobblestone:52 sand:26 torch:20] | F12=48[dirt:34 oak_planks:12 birch_log:4] | F13=22[dirt:25 oak_planks:7 stick:5] | F14=100[cobblestone:63 leaf_litter:9 dirt:9] | F15=31[cobblestone:12 dirt:7 oak_planks:4] | F16=95[cobblestone:47 dirt:9 oak_log:8] | F17=95[andesite:30 cobblestone:27 coal:14] | F18=71[cobblestone:36 dirt:8 diorite:7] | F19=134[coal:39 andesite:35 torch:24]
   mem: heap=121M/152M old=-1M ext=121M ab=119M rss=380M cols=1957 ents=3917 evicted=889 path=6a/0q (max 6) stale=0
F12 spare pick: OK (wooden_pickaxe, holds 2)
F12 sword due: planks available
F6 tunnel: 2 blocks (branch mine at the floor, steered, ore detour)
F18 [F18] vein sweep: +2u walked from the drops (10 dug)
F18 [F18] vein sweep: 4 below-plane walk(s) still failed on the wide goal (range 2) - the drop rests deeper than the lip
F18 [F18] vein sweep: 3 deep drop(s) skipped (dy < -2 - the lip sphere cannot reach, the walk was a guaranteed spiral)
F18 vein sweep: 10 ores dug beside the gallery (ore detour)
F19 [F19] vein sweep: 8 drop(s) in reach (21 dug)
F12 sword: OK (wooden_sword, holds 1)
F12 sword: OK (wooden_sword)
F12 [F12] craft torches: stick-dry but 11 planks held - one stick batch first
F12 [F12] craft torches: skip (no coal: sticks 5 coals 0)
F12 [F12] digShaft: water table y=57 (region strike) - stopping above the aquifer, the tunnel owns this level (regions 2)
F12 [F12] craft torches: skip (no coal: sticks 5 coals 0)
F12 [F12] digShaft: water table y=57 (region strike) - stopping above the aquifer, the tunnel owns this level (regions 2)
F12 tunnel: steering copper_ore @ 7.7b (axis x--1, cross 2.3000000000000114, floor lock)
F12 tunnel: 0 blocks (branch mine at the floor, steered, floor lock)
F14 [F14] water: pass 24 head=dry shore=hit r=1 land=none y=62.3 o2=20 probes=0 at=[-123,62,387]
F17 [F17] climb wet escape: 12 blocks walked (budget, walked 1/4)
F19 [F19] vein sweep: lip dig refused - sealed floor (air 0, dy -0.9)
F19 [F19] vein sweep: lip dig refused - sealed floor (air 0, dy -0.8)
F19 [F19] vein sweep: the drop walk to [-93,39,397] failed - goal brake: 6 goals in 5s - sweep drops refused for 4s (dy -0.8, range 2)
F19 [F19] vein sweep: the drop walk to [-93,41,394] failed - goal brake: 6 goals in 5s - sweep drops refused for 4s (dy 1.5, range 2)
F19 [F19] vein sweep: +23u walked from the drops (21 dug)
F19 [F19] vein sweep: 1 below-plane walk(s) still failed on the wide goal (range 2) - the drop rests deeper than the lip
F19 [F19] vein sweep: 1 above-plane walk(s) timed out on the wide goal (range 2) - the ledge family (the v0.189.0 class, the triage names it)
F19 vein sweep: 21 ores dug beside the gallery (floor lock)
F19 bank trip: planned budget 184s
[hb] n=14 ts=281s rss=379M late=72ms mainLate=476ms
F14 [F14] water: pass 27 head=dry shore=hit r=1 land=none y=63.4 o2=20 probes=0 at=[-124,63,387]
F12 [F12] climb bridge: the server refused the pit fill at [-136,59,423] - the rotate ladder owns it (held=dirt, 1.0b, ref=crafting_table, post=? (re-read failed))
F12 [F12] climb diag: level at y=60 blocked toward -1,0 (dug=5)
F19 [F19] climb bridge: placed cobblestone at [-93,39,395] (support) - the step re-judges
F11 [F11] climb wet escape: 8 blocks walked (budget, walked 2/4)
F11 climb out (trip): failed - timeout (traversed 9)
F11 map trip skipped: cannot leave the shaft
F2 [F2] craft torches: skip (no coal: sticks 3 coals 0)
F2 tool recovery: OK (wooden_pickaxe)
F2 spare pick due: spare (planks available)
F12 [F12] climb bridge: the server refused the pit fill at [-135,59,422] - the rotate ladder owns it (held=dirt, 1.0b, ref=crafting_table, post=? (re-read failed))
F12 [F12] climb diag: level at y=60 blocked toward 0,-1 (dug=7)
F14 [F14] hop: chest at [-124,70,397] d=25 zero: cannot open chest (open chest: timeout after 10000ms)
F14 [F14] water: pass 29 head=dry shore=hit r=2 land=none y=64.1 o2=20 probes=0 at=[-124,64,387]
F12 [F12] climb bridge: the server refused the pit fill at [-134,59,423] - the rotate ladder owns it (held=dirt, 1.3b, ref=crafting_table, post=? (re-read failed))
F12 [F12] climb diag: level at y=60 blocked toward 1,0 (dug=8)
F2 spare pick: OK (wooden_pickaxe, holds 2)
F2 sword due: planks available
F14 [F14] water: pass 30 head=dry shore=hit r=1 land=none y=63.4 o2=20 probes=0 at=[-124,63,387]
F4 [F4] vein sweep: 8 drop(s) in reach (22 dug)
F18 [F18] climb rise assist: assist did not complete (goto: climb rise assist: timeout after 4500ms)
F4 [F4] vein sweep: lip dig refused - sealed floor (air 0, dy 0.1)
F18 [F18] climb run-up: gallery opened toward 1,0 (digs 1) - the rise re-judges from the L-mouth
F18 [F18] climb diag: level at y=42 did not rise (food=20, dug=3) feet=stone support=stone step=air head=air
F16 [F16] water: drowning rescue start (drowning, oxygen 20)
F16 [F16] water: pass 0 head=wet shore=none land=n/a y=61.1 o2=20 probes=0 at=[-115,61,369]
F2 sword: OK (wooden_sword, holds 1)
F2 sword: OK (wooden_sword)
F2 [F2] craft torches: stick-dry but 9 planks held - one stick batch first
F2 [F2] craft torches: skip (no coal: sticks 4 coals 0)
F14 [F14] water: rescue complete in 24.0s
F14 [F14] water: hazard memorized at [-124,62,387] (8 live, fleet-wide)
F4 [F4] vein sweep: the drop walk to [-130,48,425] failed - goal brake: 6 goals in 5s - sweep drops refused for 4s (dy 0.0, range 1)
F4 [F4] vein sweep: the drop walk to [-133,49,425] failed - goal brake: 6 goals in 5s - sweep drops refused for 4s (dy 1.0, range 2)
F4 [F4] vein sweep: +21u walked from the drops (22 dug)
F4 [F4] vein sweep: 1 above-plane walk(s) timed out on the wide goal (range 2) - the ledge family (the v0.189.0 class, the triage names it)
F4 vein sweep: 22 ores dug beside the gallery (ore detour)
F4 bank trip: planned budget 165s
F4 climb out (bank): the yard stands 22 levels up over 21b lateral - the climb raises its target to the yard's level
F16 [F16] water: pass 5 head=dry shore=hit r=2 land=none y=62.7 o2=20 probes=0 at=[-116,63,371]
F15 bank trip: dusk budget 156s
F4 [F4] climb bridge: placed cobblestone at [-132,48,426] (support) - the step re-judges
F15 [F15] climb bridge: placed cobblestone at [-138,54,421] (pit) - the step re-judges
t-309s alive=19/19 mined=1820 map=856p/12ch banked=0 smelted=0 pocket=2083u/265s | sand=37 gravel=29 dirt=266 stone=0
   deficits: 157926/37 (0.0%) 149380/29 (0.0%) 31860/0 (0.0%) 27420/0 (0.0%) 10725/125 (1.2%)
   F1=178[cobblestone:109 raw_copper:38 andesite:31] | F2=18[oak_planks:7 oak_sapling:5 dirt:5] | F3=60[oak_sapling:2] | F4=172[cobblestone:39 dirt:23 coal:22] | F5=104[cobblestone:60 raw_copper:24 dirt:13] | F6=165[cobblestone:76 dirt:28 leaf_litter:12] | F7=85[cobblestone:47 raw_copper:23 dirt:19] | F8=96[cobblestone:46 raw_copper:23 torch:20] | F9=37[dirt:34 stick:6 oak_planks:5] | F10=125[cobblestone:75 dirt:21 raw_copper:20] | F11=133[cobblestone:59 sand:26 torch:20] | F12=61[dirt:38 oak_planks:8 stick:5] | F13=27[dirt:25 oak_planks:7 leaf_litter:7] | F14=100[cobblestone:63 leaf_litter:9 dirt:9] | F15=31[cobblestone:11 dirt:7 oak_planks:4] | F16=95[cobblestone:47 oak_log:8 diorite:8] | F17=113[cobblestone:35 andesite:35 coal:14] | F18=77[cobblestone:42 dirt:8 diorite:7] | F19=143[coal:51 andesite:35 torch:24]
   mem: heap=122M/152M old=-1M ext=120M ab=118M rss=380M cols=1932 ents=3667 evicted=941 path=2a/0q (max 6) stale=0
F15 [F15] climb bridge: placed cobblestone at [-138,55,421] (support) - the step re-judges
F2 [F2] digShaft: water table y=57 (region strike) - stopping above the aquifer, the tunnel owns this level (regions 2)
F2 bank trip: dusk budget 157s
F16 [F16] water: pass 9 head=wet shore=none land=n/a y=61.4 o2=20 probes=0 at=[-116,61,371]
F16 [F16] water: pass 15 head=dry shore=hit r=3 land=none y=62.0 o2=20 probes=0 at=[-117,62,374]
F8 yard approach: approach: the stall side-step (right) moved the start (d now 42.2)
F12 [F12] climb: walkable surface at y=64 (+5 levels, dug=13) - the walk takes over (blocked step)
F12 climb out (trip): OK +5 levels (5 steps, 13 dug, undefineds)
F16 [F16] water: pass 16 head=dry shore=hit r=3 land=none y=62.0 o2=20 probes=0 at=[-116,62,373]
F1 climb out (bank): OK +10 levels (10 steps, 29 dug, 29s)
F1 bank: holding 45s of 173s for the smelt leg
F16 [F16] water: rescue complete in 11.3s
F16 [F16] water: hazard memorized at [-117,62,373] (9 live, fleet-wide)
F6 [F6] vein sweep: 8 drop(s) in reach (22 dug)
[hb] n=15 ts=301s rss=383M late=77ms mainLate=407ms
F11 [F11] craft torches: stick-dry but 7 planks held - one stick batch first
F14 [F14] raw hop failed: raw walk timeout after 15145ms (d=6.2) - pathfinder retry
F6 [F6] vein sweep: the drop walk to [-118,53,440] failed - spin breaker: sweep drops re-issued 2x inside the 10s window after its own pf:done - sweep drops refused for 30s (the sync re-issue breaker: the goal->done->goal churn starves the timers, the run53 alloc-storm class) (dy 1.0, range 2)
F6 [F6] vein sweep: the drop walk to [-117,53,441] failed - spin breaker: sweep drops re-issued 2x inside the 10s window after its own pf:done - sweep drops refused for 30s (the sync re-issue breaker: the goal->done->goal churn starves the timers, the run53 alloc-storm class, hold live) (dy 1.0, range 2)
F11 [F11] craft torches: 1 batch(es) -> 4 torches (sticks 2 coals 10, the metal reserve keeps 2)
F1 [F1] raw hop failed: raw walk: no net progress for 8611ms (best d=13.9) - pathfinder retry
F6 [F6] vein sweep: +13u walked from the drops (22 dug)
F6 [F6] vein sweep: 5 above-plane walk(s) timed out on the wide goal (range 2) - the ledge family (the v0.189.0 class, the triage names it)
F6 vein sweep: 22 ores dug beside the gallery (ore detour)
F6 bank trip: planned budget 165s
F2 climb out (bank): OK +6 levels (5 steps, 8 dug, 15s)
t-293s alive=19/19 mined=1913 map=855p/12ch banked=0 smelted=0 pocket=2202u/265s | sand=40 gravel=30 dirt=294 stone=0
   deficits: 157926/40 (0.0%) 149380/30 (0.0%) 31860/0 (0.0%) 27420/0 (0.0%) 10725/144 (1.3%)
   F1=184[cobblestone:115 raw_copper:38 andesite:31] | F2=27[dirt:14 leaf_litter:9 oak_planks:7] | F3=60[oak_sapling:2] | F4=181[cobblestone:39 granite:30 dirt:23] | F5=113[cobblestone:60 raw_copper:24 dirt:23] | F6=173[cobblestone:76 dirt:28 coal:20] | F7=85[cobblestone:47 raw_copper:23 dirt:19] | F8=96[cobblestone:46 raw_copper:23 torch:20] | F9=38[dirt:34 stick:6 oak_planks:5] | F10=125[cobblestone:75 dirt:21 raw_copper:20] | F11=133[cobblestone:59 sand:26 torch:24] | F12=61[dirt:38 oak_planks:8 stick:5] | F13=28[dirt:27 leaf_litter:10 oak_planks:7] | F14=100[cobblestone:63 leaf_litter:9 dirt:9] | F15=44[dirt:16 cobblestone:13 oak_planks:4] | F16=95[cobblestone:47 oak_log:8 diorite:8] | F17=126[andesite:48 cobblestone:35 coal:14] | F18=91[cobblestone:49 dirt:8 andesite:8] | F19=153[coal:51 andesite:35 torch:24]
   mem: heap=118M/153M old=-1M ext=119M ab=117M rss=387M cols=1927 ents=3689 evicted=970 path=2a/0q (max 6) stale=0
F11 bank trip: planned budget 163s
F11 climb out (bank): the yard stands 27 levels up over 9b lateral - the climb raises its target to the yard's level
F5 [F5] climb diag: level at y=65 blocked toward 0,1 (dug=52)
F14 [F14] hop: chest at [-125,70,397] d=12 zero: chest unreachable (Took to long to decide path to goal!)
F14 [F14] chest skip (no path cached 0s ago at [-126,70,397])
F5 [F5] climb bridge: the server refused the support fill at [-126,64,441] - the rotate ladder owns it (held=cobblestone, 1.2b, ref=grass_block, post=? (re-read failed))
F5 [F5] climb diag: level at y=64 blocked toward -1,0 (dug=52)
F5 [F5] climb bridge: the server refused the support fill at [-125,64,440] - the rotate ladder owns it (held=cobblestone, 0.7b, ref=grass_block, post=? (re-read failed))
F5 [F5] climb diag: level at y=64 blocked toward 0,-1 (dug=52)
F18 climb out (trip): OK +8 levels (7 steps, 24 dug, 38s)
F5 climb out (trip): failed - stalled
F5 map trip skipped: cannot leave the shaft
F18 map trip skipped: sand,gravel unreachable
F5 [F5] craft torches: skip (no coal: sticks 3 coals 0)
[hb] n=16 ts=321s rss=388M late=82ms mainLate=596ms
F10 map trip: sand
F7 map trip: gravel
F9 [F9] vein sweep: 2 drop(s) in reach (4 dug)
t-278s alive=19/19 mined=1974 map=853p/12ch banked=0 smelted=0 pocket=2284u/270s | sand=42 gravel=31 dirt=301 stone=0
   deficits: 157926/42 (0.0%) 149380/31 (0.0%) 31860/0 (0.0%) 27420/0 (0.0%) 10725/144 (1.3%)
   F1=184[cobblestone:123 raw_copper:38 andesite:31] | F2=27[dirt:14 leaf_litter:9 oak_planks:7] | F3=60[oak_sapling:2] | F4=188[cobblestone:41 granite:34 dirt:23] | F5=118[cobblestone:58 dirt:25 raw_copper:24] | F6=182[cobblestone:85 dirt:28 coal:21] | F7=85[cobblestone:47 raw_copper:23 dirt:19] | F8=96[cobblestone:46 raw_copper:23 torch:20] | F9=40[dirt:34 stick:6 oak_planks:5] | F10=125[cobblestone:75 dirt:21 raw_copper:20] | F11=141[cobblestone:67 sand:26 torch:24] | F12=61[dirt:38 raw_copper:11 oak_planks:8] | F13=34[dirt:26 leaf_litter:10 oak_planks:7] | F14=100[cobblestone:63 leaf_litter:9 dirt:9] | F15=49[dirt:22 cobblestone:13 leaf_litter:5] | F16=95[cobblestone:47 oak_log:8 diorite:8] | F17=134[andesite:48 cobblestone:43 coal:15] | F18=95[cobblestone:57 dirt:8 andesite:8] | F19=160[coal:51 andesite:35 cobblestone:26]
   mem: heap=118M/153M old=-1M ext=120M ab=118M rss=381M cols=1929 ents=3477 evicted=1006 path=6a/1q (max 6) stale=0
F2 [F2] raw hop failed: raw walk timeout after 15459ms (d=7.9) - pathfinder retry
F10 [F10] craft torches: skip (no coal: sticks 3 coals 0)
F1 [F1] raw hop failed: raw walk stalled after 2328ms (d=14.2) - pathfinder retry
F13 map trip: sand
F7 [F7] craft torches: skip (no coal: sticks 5 coals 0)
F15 [F15] climb diag: level at y=65 blocked toward 1,0 (dug=20)
F9 [F9] vein sweep: the drop walk to [-149,64,423] failed - sweep drops: timeout after 4000ms (dy 5.0, range 2)
F15 [F15] climb bridge: placed cobblestone at [-128,64,422] (support) - the step re-judges
F7 tunnel: steering coal_ore @ 5.1b (axis z+, cross 3.5, ore detour)
F14 [F14] raw hop failed: raw walk: no net progress for 8156ms (best d=6.1) - pathfinder retry
F10 [F10] water: drowning rescue start (drowning, oxygen 15)
F10 [F10] water: pass 0 head=wet shore=none land=n/a y=59.6 o2=15 probes=0 at=[-162,60,408]
F16 map trip: sand
F5 [F5] digShaft: water table y=49 (region strike) - stopping above the aquifer, the tunnel owns this level (regions 2)
F5 bank trip: planned budget 180s
F10 [F10] water: pass 3 head=wet shore=none land=n/a y=61.4 o2=12 probes=0 at=[-162,61,408]
F9 [F9] vein sweep: the drop walk to [-150,64,422] failed - sweep drops: timeout after 4000ms (dy 4.0, range 2)
F9 [F9] vein sweep: +13u walked from the drops (4 dug)
F9 [F9] vein sweep: 2 above-plane walk(s) timed out on the wide goal (range 2) - the ledge family (the v0.189.0 class, the triage names it)
F9 vein sweep: 4 ores dug beside the gallery (floor lock)
F3 map trip: gravel
F15 [F15] climb: walkable surface at y=64 (+9 levels, dug=20) - the walk takes over
F15 climb out (bank): OK +9 levels (9 steps, 20 dug, undefineds)
F15 bank: smelt hold skipped - no fuel in pocket (coal 0)
F8 yard approach: approach: 9 segment(s) walked in 100.4s, goal now d=35.4 (still outside - the segment cap spent (9 walked, d=35.4))
F13 [F13] craft torches: skip (no coal: sticks 5 coals 0)
F9 climb out (trip): OK +2 levels (1 steps, 1 dug, 3s)
F14 [F14] hop: chest at [-141,70,397] d=18 zero: chest unreachable (No path to the goal!)
F14 [F14] chest skip (no path cached 0s ago at [-143,70,397])
F10 [F10] water: pass 5 head=wet shore=none land=n/a y=61.3 o2=19 probes=0 at=[-162,61,408]
F8 bank walk path event: block_updated
F8 bank walk path event: path_stop (explicit)
F3 reloot: no walk (unarmed) - the empty pocket bootstraps first, the read re-arms (a delay, not a verdict)
F3 tool recovery: no pickaxe - spare-pick craft first
F3 spare pick: skip (no sticks and no planks for sticks)
F3 tool recovery: spare craft failed (no sticks and no planks for sticks) - re-running the bootstrap
F8 bank: yard walk attempt 1 failed: NoPath: No path to the goal!
F8 bank: yard walk failed (No path to the goal!) - smelting locally if a furnace is near
F8 camp furnace: 9 near machine(s) all beyond the 24b direct envelope (nearest d=41.4) - the bay reads as empty, the camp ladder decides on its own merits
F8 camp furnace: craft-table (46 cobble + 7 planks - table first)
F16 [F16] craft torches: skip (no coal: sticks 3 coals 0)
F7 tunnel: 2 blocks (branch mine at the floor, steered, ore detour)
F7 bank trip: planned budget 165s
F7 climb out (bank): the yard stands 27 levels up over 12b lateral - the climb raises its target to the yard's level
F10 [F10] water: pass 9 head=dry shore=hit r=1 land=none y=64.3 o2=20 probes=0 at=[-163,64,409]
F10 [F10] water: rescue complete in 8.8s
F10 [F10] water: hazard memorized at [-162,62,407] (8 live, fleet-wide)
t-262s alive=19/19 mined=2057 map=854p/12ch banked=0 smelted=0 pocket=2413u/282s | sand=45 gravel=36 dirt=323 stone=0
   deficits: 157926/45 (0.0%) 149380/36 (0.0%) 31860/0 (0.0%) 27420/0 (0.0%) 10725/144 (1.3%)
   F1=184[cobblestone:134 raw_copper:38 andesite:31] | F2=27[dirt:14 leaf_litter:9 oak_planks:7] | F3=60[leaf_litter:5 gravel:4 stick:3] | F4=197[cobblestone:49 granite:34 dirt:25] | F5=134[cobblestone:72 dirt:27 raw_copper:24] | F6=195[cobblestone:92 dirt:33 coal:21] | F7=92[cobblestone:47 raw_copper:23 dirt:19] | F8=96[cobblestone:46 raw_copper:23 torch:20] | F9=41[dirt:45 leaf_litter:9 stick:7] | F10=127[cobblestone:75 dirt:21 raw_copper:20] | F11=153[cobblestone:79 sand:26 torch:24] | F12=61[dirt:38 raw_copper:11 oak_planks:8] | F13=34[dirt:26 leaf_litter:10 oak_planks:7] | F14=100[cobblestone:63 leaf_litter:9 dirt:9] | F15=51[dirt:23 cobblestone:12 leaf_litter:5] | F16=95[cobblestone:47 oak_log:8 diorite:8] | F17=146[cobblestone:53 andesite:48 coal:15] | F18=95[cobblestone:59 dirt:8 andesite:8] | F19=169[coal:51 cobblestone:35 andesite:35]
   mem: heap=115M/153M old=-1M ext=122M ab=119M rss=387M cols=1936 ents=3321 evicted=1053 path=5a/0q (max 6) stale=0
F13 [F13] water: drowning rescue start (drowning, oxygen 14)
F13 [F13] water: pass 0 head=wet shore=none land=n/a y=58.6 o2=14 probes=0 at=[-155,59,391]
F18 sword due: cobble available
F18 sword: no table reachable or placeable
F18 sword: failed (no table)
F18 [F18] craft torches: skip (no coal: sticks 4 coals 0)
F1 [F1] hop: chest at [-105,70,413] d=14 zero: chest unreachable (walk to chest (retry): timeout after 15000ms)
[hb] n=17 ts=341s rss=384M late=87ms mainLate=1085ms
F13 [F13] water: pass 5 head=dry shore=hit r=6 land=none y=62.0 o2=17 probes=0 at=[-155,62,391]
F13 bank trip: planned budget 169s
F13 climb out (bank): failed - rescue owns the bot
F13 climb out (bank): no retry (no retry for 'rescue owns the bot')
F13 [F13] craft torches: skip (no coal: sticks 5 coals 0)
F16 [F16] water: drowning rescue start (drowning, oxygen 13)
F16 [F16] water: pass 0 head=wet shore=none land=n/a y=57.2 o2=13 probes=0 at=[-109,57,357]
F16 bank trip: planned budget 168s
F16 climb out (bank): failed - rescue owns the bot
F16 climb out (bank): no retry (no retry for 'rescue owns the bot')
F16 [F16] craft torches: skip (no coal: sticks 3 coals 0)
F13 tunnel: 0 blocks (branch mine at the floor, floor lock)
F13 climb out (trip): failed - rescue owns the bot
F13 map trip skipped: cannot leave the shaft
F15 [F15] raw hop failed: raw walk: no net progress for 8188ms (best d=6.0) - pathfinder retry
F13 [F13] craft torches: skip (no coal: sticks 5 coals 0)
F13 [F13] craft torches: skip (no coal: sticks 5 coals 0)
F13 tunnel: 0 blocks (branch mine at the floor, floor lock)
F18 bank trip: planned budget 162s
F18 climb out (bank): the yard stands 27 levels up over 3b lateral - the climb raises its target to the yard's level
F13 [F13] craft torches: skip (no coal: sticks 5 coals 0)
F13 [F13] water: pass 12 head=dry shore=hit r=1 land=none y=63.5 o2=20 probes=0 at=[-155,64,397]
F13 [F13] craft torches: skip (no coal: sticks 5 coals 0)
F15 [F15] direct deposit: 27 chest slots derived from the 63-slot view
F15 camp furnace: 10 near machine(s) all beyond the 24b direct envelope (nearest d=26.7) - the bay reads as empty, the camp ladder decides on its own merits
F15 camp furnace: craft-table (12 cobble + 5 planks - table first)
F12 map trip: gravel
F13 [F13] water: pass 14 head=dry shore=hit r=1 land=none y=63.4 o2=20 probes=0 at=[-156,63,399]
F16 [F16] water: pass 6 head=dry shore=hit r=9 land=none y=62.3 o2=20 probes=0 at=[-109,62,358]
F6 climb out (bank): OK +12 levels (12 steps, 27 dug, 40s)
F6 bank: holding 45s of 165s for the smelt leg
F8 camp furnace: BUILT (furnace at -140,43,429) in 11s
F14 [F14] raw hop failed: raw walk: no net progress for 8122ms (best d=6.0) - pathfinder retry
F2 [F2] raw hop failed: raw walk: no net progress for 8061ms (best d=3.5) - pathfinder retry
F16 [F16] water: pass 9 head=dry shore=hit r=6 land=none y=62.7 o2=20 probes=0 at=[-109,63,361]
F13 tunnel: 0 blocks (branch mine at the floor, floor lock)
F13 tunnel: 0 blocks x3 - sealed or flooded, cooling down 15s
F13 [F13] water: pass 17 head=dry shore=hit r=1 land=none y=62.3 o2=20 probes=0 at=[-159,62,399]
F1 [F1] raw hop failed: raw walk stalled after 2279ms (d=8.1) - pathfinder retry
F16 [F16] water: pass 12 head=dry shore=hit r=4 land=none y=62.7 o2=20 probes=0 at=[-108,63,363]
F17 climb out (trip): failed - timeout (traversed 12)
F17 map trip skipped: cannot leave the shaft
F10 [F10] digShaft: water hazard 2.9b away (live 8) - refusing this column, the caller rotates
F10 tunnel: steering copper_ore @ 15.2b (axis x+, cross 2.2054157194751838, ore detour)
F16 tunnel: 0 blocks (branch mine at the floor, floor lock)
F16 climb out (trip): failed - rescue owns the bot
F16 map trip skipped: cannot leave the shaft
F16 [F16] craft torches: skip (no coal: sticks 3 coals 0)
F14 [F14] hop: chest at [-140,70,413] d=17 zero: chest unreachable (Took to long to decide path to goal!)
F14 [F14] chest skip (no path cached 0s ago at [-140,70,415])
F16 [F16] craft torches: skip (no coal: sticks 3 coals 0)
F16 tunnel: 0 blocks (branch mine at the floor, floor lock)
F13 [F13] water: rescue complete in 13.3s
F13 [F13] water: hazard memorized at [-160,62,398] (6 live, fleet-wide)
F16 [F16] craft torches: skip (no coal: sticks 3 coals 0)
F16 [F16] craft torches: skip (no coal: sticks 3 coals 0)
F16 tunnel: 0 blocks (branch mine at the floor, floor lock)
F16 tunnel: 0 blocks x3 - sealed or flooded, cooling down 15s
F16 [F16] water: pass 15 head=dry shore=hit r=1 land=none y=62.3 o2=20 probes=0 at=[-108,62,365]
t-247s alive=19/19 mined=2152 map=927p/14ch banked=0 smelted=0 pocket=2490u/285s | sand=48 gravel=36 dirt=346 stone=0
   deficits: 157926/48 (0.0%) 149380/36 (0.0%) 31860/0 (0.0%) 27420/0 (0.0%) 10725/145 (1.4%)
   F1=184[cobblestone:134 raw_copper:38 andesite:31] | F2=27[dirt:14 leaf_litter:9 oak_planks:7] | F3=60[leaf_litter:5 gravel:4 stick:3] | F4=209[cobblestone:49 dirt:37 granite:34] | F5=147[cobblestone:84 dirt:29 raw_copper:24] | F6=200[cobblestone:92 dirt:40 coal:21] | F7=106[cobblestone:52 raw_copper:23 dirt:19] | F8=96[cobblestone:38 raw_copper:23 torch:20] | F9=44[dirt:46 leaf_litter:9 stick:7] | F10=128[cobblestone:75 dirt:21 raw_copper:20] | F11=166[cobblestone:92 sand:26 torch:24] | F12=61[dirt:46 raw_copper:11 oak_planks:8] | F13=34[dirt:26 leaf_litter:10 oak_planks:7] | F14=100[cobblestone:63 leaf_litter:9 dirt:9] | F15=51[cobblestone:4 stick:3 wooden_pickaxe:2] | F16=95[cobblestone:47 oak_log:8 diorite:8] | F17=158[cobblestone:55 andesite:48 dirt:17] | F18=107[cobblestone:72 dirt:8 andesite:8] | F19=179[coal:51 cobblestone:45 andesite:35]
   mem: heap=114M/154M old=-1M ext=119M ab=117M rss=387M cols=1908 ents=3146 evicted=1114 path=6a/1q (max 6) stale=0
F10 tunnel: 0 blocks (branch mine at the floor, steered, ore detour)
F10 bank trip: planned budget 157s
F12 [F12] craft torches: skip (no coal: sticks 5 coals 0)
F10 [F10] climb bridge: the server refused the support fill at [-158,64,408] - the rotate ladder owns it (held=cobblestone, 1.3b, ref=grass_block, post=? (re-read failed))
F10 [F10] climb diag: level at y=64 blocked toward -1,0 (dug=0)
F17 tool upgrade due: cobble available -> stone_pickaxe
F16 [F16] water: pass 18 head=dry shore=hit r=1 land=none y=63.4 o2=20 probes=0 at=[-108,63,366]
F10 [F10] climb bridge: the server refused the support fill at [-157,64,407] - the rotate ladder owns it (held=cobblestone, 0.9b, ref=grass_block, post=? (re-read failed))
F10 [F10] climb diag: level at y=64 blocked toward 0,-1 (dug=0)
F12 tunnel: steering coal_ore @ 7.3b (axis x--1, cross 0.4218455544659605, ore detour)
F15 camp furnace: BUILT (furnace at -120,64,421) in 12s
F15 smelt: 0 (nothing to smelt)
F6 [F6] approach: 1 segment(s) walked in 10.8s, goal now d=23.6 (inside the direct envelope)
F10 [F10] climb bridge: placed cobblestone at [-156,64,408] (support) - the step re-judges
F4 [F4] climb diag: level at y=65 blocked toward 0,1 (dug=37)
F15 iron commune: iron commune: path nudge approach: 1 segment(s) walked in 0.0s, goal now d=5.0 (inside the direct envelope)
F15 iron commune: iron commune: path nudge inside the direct envelope
F16 [F16] water: pass 21 head=dry shore=hit r=1 land=none y=62.3 o2=20 probes=0 at=[-106,62,367]
F15 iron commune: iron commune: the nudge retry landed
F18 [F18] water: drowning rescue start (drowning, oxygen 11)
F18 [F18] water: pass 0 head=wet shore=none land=n/a y=45.0 o2=11 probes=0 at=[-118,45,401]
F16 [F16] water: rescue complete in 16.6s
F16 [F16] water: hazard memorized at [-106,62,366] (7 live, fleet-wide)
F1 [F1] direct deposit: 27 chest slots derived from the 63-slot view
F1 [F1] fuel tithe: banked 1 x coal (pocket keeps 6)
F1 camp furnace: 8 near machine(s) beyond the 24b direct envelope (nearest d=16.7) - 1 inside the envelope keep the veto
F1 camp furnace: no build (machine near)
F6 [F6] raw hop failed: raw walk stalled after 2335ms (d=23.6) - pathfinder retry
F15 iron commune: chest holds 0 ingot(s) - nothing to complete here
F4 [F4] climb bridge: placed cobblestone at [-133,64,442] (support) - the step re-judges
[F8] walk nudge: approach: the stall side-step (right) stalled too
[F8] walk nudge: approach: 3 segment(s) walked in 13.1s, goal now d=39.9 (still outside - a segment stalled (no position delta))
[F8] walk nudge: closed to d=39.9 - retrying the machine from the new start
F18 [F18] water: pass 3 head=wet shore=none land=n/a y=46.2 o2=11 probes=0 at=[-119,46,401]
[hb] n=18 ts=361s rss=386M late=92ms mainLate=919ms
F4 [F4] climb bridge: placed cobblestone at [-133,64,443] (support) - the step re-judges
F17 [toolupgrade] [upgrade] upgraded: stone_pickaxe,wooden_shovel,wooden_pickaxe,wooden_pickaxe
F17 tool upgrade: OK -> stone_pickaxe (stone_pickaxe,wooden_shovel,wooden_pickaxe,wooden_pickaxe)
F17 [F17] craft torches: stick-dry but 5 planks held - one stick batch first
F15 iron commune: chest walk failed (No path to the goal!)
F17 [F17] craft torches: 4 batch(es) -> 16 torches (sticks 2 coals 15)
F6 [F6] raw hop failed: raw walk stalled after 2054ms (d=23.6) - pathfinder retry
F18 [F18] water: deep-pocket ascend - dug the ceiling stone at [-119,48,400] (jump stalled 4+ passes, o2 18)
F14 [F14] raw hop failed: raw walk: no net progress for 8113ms (best d=6.0) - pathfinder retry
F18 [F18] water: pass 7 head=wet shore=none land=n/a y=46.4 o2=20 probes=0 at=[-119,46,401]
F2 [F2] hop: chest at [-125,70,413] d=13 zero: chest unreachable (walk to chest (retry): timeout after 15000ms)
F13 [F13] craft torches: skip (no coal: sticks 5 coals 0)
F13 [F13] digShaft: water hazard 2.7b away (live 7) - refusing this column, the caller rotates
F13 [F13] craft torches: skip (no coal: sticks 5 coals 0)
F13 [F13] digShaft: water hazard 2.7b away (live 7) - refusing this column, the caller rotates
F18 [F18] water: pass 10 head=wet shore=none land=n/a y=46.4 o2=20 probes=0 at=[-119,46,401]
F18 [F18] water: frozen physics (10 flat passes at y=46.4, o2=20, head WET) - standing down, the reconnect lane owns this
F18 [F18] water: rescue standing down (frozen physics - the walk gate reopens, the reconnect lane owns a dead client) in 7.4s
F18 [F18] water: frozen client relog (#1 consecutive) (frozen while head-wet (1 verdict) - the drowning clock owns this client) - ending the session, the reconnect lane rebuilds the physics; the drowning sentry holds non-critical pages 10s (the frozen-return gate)
F18 [F18] water: hazard memorized at [-119,46,400] (7 live, fleet-wide)
F13 tunnel: 0 blocks (branch mine at the floor, floor lock)
F13 [F13] craft torches: skip (no coal: sticks 5 coals 0)
F13 [F13] digShaft: water hazard 3.8b away (live 7) - refusing this column, the caller rotates
F13 [F13] craft torches: skip (no coal: sticks 5 coals 0)
F13 [F13] digShaft: water hazard 3.8b away (live 7) - refusing this column, the caller rotates
F13 tunnel: 0 blocks (branch mine at the floor, floor lock)
F13 [F13] craft torches: skip (no coal: sticks 5 coals 0)
t-232s alive=19/19 mined=2219 map=943p/14ch banked=0 smelted=0 pocket=2515u/285s | sand=50 gravel=36 dirt=355 stone=0
   deficits: 157926/50 (0.0%) 149380/36 (0.0%) 31860/0 (0.0%) 27420/0 (0.0%) 10725/114 (1.1%)
   F1=184[cobblestone:134 raw_copper:38 torch:12] | F2=27[dirt:14 leaf_litter:9 oak_planks:7] | F3=60[leaf_litter:5 gravel:4 stick:3] | F4=209[cobblestone:47 dirt:38 granite:34] | F5=159[cobblestone:84 dirt:41 raw_copper:24] | F6=200[cobblestone:92 dirt:40 coal:23] | F7=120[cobblestone:62 raw_copper:23 dirt:19] | F8=96[cobblestone:39 raw_copper:23 torch:20] | F9=44[dirt:44 leaf_litter:9 stick:7] | F10=132[cobblestone:73 raw_copper:20 dirt:19] | F11=178[cobblestone:92 diorite:28 sand:27] | F12=70[dirt:46 cobblestone:12 raw_copper:11] | F13=34[dirt:26 leaf_litter:10 oak_planks:7] | F14=100[cobblestone:63 leaf_litter:9 dirt:9] | F15=51[cobblestone:4 stick:3 wooden_pickaxe:2] | F16=95[cobblestone:47 oak_log:8 diorite:8] | F17=162[cobblestone:53 andesite:48 dirt:20] | F18=107[cobblestone:72 dirt:8 andesite:8] | F19=191[coal:51 cobblestone:50 andesite:35]
   mem: heap=118M/155M old=-1M ext=117M ab=114M rss=386M cols=1874 ents=3110 evicted=1175 path=6a/1q (max 6) stale=0
F10 [F10] climb bridge: placed cobblestone at [-152,68,408] (support) - the step re-judges
F10 climb out (bank): OK +7 levels (6 steps, 9 dug, 18s)
F10 bank: smelt hold skipped - no fuel in pocket (coal 0)
F5 climb out (bank): OK +14 levels (13 steps, 32 dug, 41s)
F5 bank: smelt hold skipped - no fuel in pocket (coal 0)
F10 [F10] hop: raw walk in (d=6.8 visible, 305ms - no pathfinder: the CPU-starved A* cannot decide a short walk in time)
F10 [F10] direct deposit: 27 chest slots derived from the 63-slot view
F10 camp furnace: 2 near machine(s) beyond the 24b direct envelope (nearest d=18.2) - 1 inside the envelope keep the veto
F10 camp furnace: no build (machine near)
F10 fuel anchor scan returned empty (attempt 1/2) at [-147,70,411] yard d=14 - the palette empty-return class, re-querying
F10 fuel anchor scan returned empty (attempt 2/2) at [-147,70,411] yard d=14
F10 fuel anchor scan empty x2 - the singular probe rescued the scan (chest at [-145,70,413])
F10 fuel commons: the anchor chest is read first
F13 [F13] digShaft: water table y=57 (region strike) - stopping above the aquifer, the tunnel owns this level (regions 2)
F13 [F13] craft torches: skip (no coal: sticks 5 coals 0)
F7 [F7] climb bridge: placed cobblestone at [-118,53,437] (pit) - the step re-judges
F14 [F14] direct deposit: 27 chest slots derived from the 63-slot view
F14 camp furnace: 1 near machine(s) beyond the 24b direct envelope (nearest d=14.7) - 2 inside the envelope keep the veto
F14 camp furnace: no build (machine near)
F12 tunnel: 12 blocks (branch mine at the floor, steered, ore detour)
F7 [F7] climb bridge: placed cobblestone at [-118,54,437] (support) - the step re-judges
F11 [F11] climb rise assist: assist did not complete (goto: No path to the goal!)
F2 [F2] direct deposit: 27 chest slots derived from the 63-slot view
F2 [F2] banked 27 items at (-125, 70, 415) (direct=5 fallback=0 mirror=true kept: oak_sapling, oak_planks, crafting_table, stick)
F2 camp furnace: 1 near machine(s) beyond the 24b direct envelope (nearest d=11.3) - 2 inside the envelope keep the veto
F2 camp furnace: no build (machine near)
F2 smelt: 0 (nothing to smelt)
[F8] walk nudge: approach: the stall side-step (right) stalled too
[F8] walk nudge: approach: 2 segment(s) walked in 8.5s, goal now d=38.7 (still outside - a segment stalled (no position delta))
[F8] walk nudge: closed to d=38.7 - retrying the machine from the new start
F13 [F13] water: drowning rescue start (drowning, oxygen 14)
F13 [F13] water: pass 0 head=wet shore=none land=n/a y=56.9 o2=14 probes=0 at=[-161,57,392]
F4 [F4] climb bridge: placed cobblestone at [-137,67,443] (pit) - the step re-judges
F4 [F4] climb: walkable surface at y=68 (+20 levels, dug=37) - the walk takes over (blocked step)
F4 climb out (bank): OK +20 levels (20 steps, 37 dug, undefineds)
F4 bank: holding 45s of 165s for the smelt leg
F18 [F18] climb diag: level at y=45 blocked toward 1,0 (dug=6) dig failed at [-118,47,400] stone (held=stone_pickaxe, airborne, post=water STILL THERE (server never broke it))
F11 [F11] climb run-up: gallery opened toward -1,0 (digs 2) - the rise re-judges from the L-mouth
F11 [F11] climb diag: level at y=59 did not rise (food=20, dug=50) feet=air support=air step=air head=air
F2 iron commune: chest holds 0 ingot(s) - nothing to complete here
F10 fuel commons: chest holds no fuel
F2 iron commune: chest holds 0 ingot(s) - nothing to complete here
F6 [F6] direct deposit: 27 chest slots derived from the 63-slot view
F6 [F6] fuel tithe: banked 17 x coal (pocket keeps 6)
F6 camp furnace: 4 near machine(s) beyond the 24b direct envelope (nearest d=8.2) - 1 inside the envelope keep the veto
F6 camp furnace: no build (machine near)
F10 fuel commons: chest holds no fuel
[F14] fuel clips the batch: 3 x stick completes 1 of 55 x cobblestone (the rest re-smelts on the next chain)
[F14] furnace slots after put: input=cobblestone fuel=stick
[F14] smelting 1 x cobblestone in a furnace (fuel: 3 x stick)
F14 fuel anchor scan returned empty (attempt 1/2) at [-132,70,400] yard d=5 - the palette empty-return class, re-querying
F14 fuel anchor scan returned empty (attempt 2/2) at [-132,70,400] yard d=5
F14 fuel anchor scan empty x2 - the singular probe rescued the scan (chest at [-141,70,397])
F14 fuel commons: the anchor chest is read first
F13 [F13] water: pass 7 head=dry shore=hit r=5 land=none y=62.4 o2=20 probes=0 at=[-160,62,393]
F2 iron commune: chest holds 0 ingot(s) - nothing to complete here
F10 fuel commons: chest holds no fuel
F17 [F17] digShaft: water table y=49 (region strike) - stopping above the aquifer, the tunnel owns this level (regions 2)
F17 bank trip: pockets full budget 133s
F14 fuel commons: chest holds no fuel
F10 fuel commons: chest holds no fuel
F14 fuel commons: chest holds no fuel
F13 [F13] water: pass 15 head=dry shore=hit r=1 land=none y=63.4 o2=20 probes=0 at=[-156,63,397]
F15 sweep: 0 collected - machine unreachable (Took to long to decide path to goal!) x3, busy x1
F12 [F12] vein sweep: 5 drop(s) in reach (1 dug)
F15 [F15] hop: raw walk in (d=4.3 visible, 92ms - no pathfinder: the CPU-starved A* cannot decide a short walk in time)
F10 fuel commons: chest holds no fuel
F7 [F7] climb diag: level at y=56 blocked toward 0,1 (dug=38)
F15 [F15] direct deposit: 27 chest slots derived from the 63-slot view
F15 bank: +32
F9 [F9] water: drowning rescue start (drowning, oxygen 16)
F9 [F9] water: pass 0 head=wet shore=none land=n/a y=55.0 o2=16 probes=0 at=[-157,55,408]
F14 fuel commons: chest holds no fuel
F10 fuel commons: chest holds no fuel
[hb] n=19 ts=381s rss=386M late=96ms mainLate=655ms
[F6] the clock clips the batch: the 85s window completes ~7 of 12 x raw_copper (the rest re-smelts on the next chain)
[F6] furnace slots after put: input=raw_copper fuel=coal
[F6] smelting 7 x raw_copper in a blast_furnace (fuel: 2 x coal)
F13 [F13] water: pass 19 head=dry shore=hit r=1 land=none y=63.8 o2=20 probes=0 at=[-156,64,398]
[F8] walk nudge: approach: 1 segment(s) walked in 2.2s, goal now d=37.5 (still outside - the approach clock is spent)
[F8] walk nudge: closed to d=37.5 - retrying the machine from the new start
F9 [F9] water: pass 11 head=dry shore=hit r=9 land=none y=59.1 o2=20 probes=0 at=[-159,59,407]
F8 smelt: 0 (raw_copper@blast_furnace: machine unreachable (No path to the goal!); raw_copper@blast_furnace: machine unreachable (No path to the goal!); raw_copper@blast_furnace: machine unreachable (visit budget spent (walk slice)))
F8 iron commune: iron commune: chest the yard stands 24 levels up over 3b lateral - the walk ladder cannot climb, the fragments ride (the ask retries near the yard)
F8 fuel anchor scan returned empty (attempt 1/2) at [-140,46,426] yard d=33 - the palette empty-return class, re-querying
F8 fuel anchor scan returned empty (attempt 2/2) at [-140,46,426] yard d=33
F8 fuel anchor scan empty x2 - the singular probe rescued the scan (chest at [-140,70,423])
F8 fuel anchor: 0 delivered (the vertical gate: the yard stands 24 levels up over 3b lateral - the walk ladder cannot climb) - the legacy scatter carries the tithe
F8 [F8] chest skip (vertical doom: the yard stands 24 levels up over 3b lateral - the walk ladder cannot climb)
F8 [F8] chest skip (vertical doom: the yard stands 24 levels up over 5b lateral - the walk ladder cannot climb)
F8 [F8] chest skip (vertical doom: the yard stands 24 levels up over 6b lateral - the walk ladder cannot climb)
F8 [F8] chest skip (vertical doom: the yard stands 24 levels up over 7b lateral - the walk ladder cannot climb)
F8 [F8] chest skip (vertical doom: the yard stands 24 levels up over 7b lateral - the walk ladder cannot climb)
F8 [F8] chest skip (vertical doom: the yard stands 24 levels up over 9b lateral - the walk ladder cannot climb)
F8 [F8] chest skip (vertical doom: the yard stands 24 levels up over 9b lateral - the walk ladder cannot climb)
F8 [F8] chest skip (vertical doom: the yard stands 24 levels up over 11b lateral - the walk ladder cannot climb)
F8 bank: 0 (no chest in range)
[F1] walk nudge: approach: 2 segment(s) walked in 22.0s, goal now d=22.1 (inside the direct envelope)
[F1] walk nudge: inside the direct envelope
F14 fuel commons: chest holds no fuel
F18 [F18] climb diag: level at y=46 blocked toward 0,1 (dug=6, wet) at [0,1,0] water (stop)
F10 fuel commons: chest holds no fuel
F12 [F12] vein sweep: the drop walk to [-125,44,416] failed - sweep drops: timeout after 4000ms (dy 1.0, range 2)
F13 [F13] water: pass 24 head=dry shore=hit r=1 land=none y=62.8 o2=20 probes=0 at=[-161,63,400]
t-217s alive=19/19 mined=2288 map=958p/15ch banked=32 smelted=0 pocket=2400u/276s | sand=58 gravel=30 dirt=284 stone=0
   deficits: 157926/58 (0.0%) 149380/30 (0.0%) 31860/0 (0.0%) 27420/0 (0.0%) 10725/101 (0.9%)
   F1=184[cobblestone:134 raw_copper:38 torch:12] | F2=27[oak_planks:7 oak_sapling:5 stick:4] | F3=60[leaf_litter:5 gravel:4 stick:3] | F4=209[cobblestone:46 dirt:38 granite:34] | F5=159[cobblestone:84 dirt:42 raw_copper:24] | F6=200[cobblestone:92 raw_copper:12 coal:6] | F7=135[cobblestone:74 raw_copper:23 diorite:19] | F8=98[cobblestone:39 raw_copper:23 torch:20] | F9=44[dirt:44 leaf_litter:9 stick:7] | F10=137[cobblestone:72 raw_copper:20 sand:6] | F11=183[cobblestone:92 sand:32 diorite:28] | F12=76[dirt:46 cobblestone:15 raw_copper:11] | F13=34[dirt:26 leaf_litter:10 oak_planks:7] | F14=100[cobblestone:62 sand:5 oak_log:3] | F15=51[stick:3 wooden_pickaxe:2 birch_planks:1] | F16=95[cobblestone:47 oak_log:8 diorite:8] | F17=184[cobblestone:75 andesite:48 dirt:20] | F18=107[cobblestone:72 dirt:8 andesite:8] | F19=205[coal:51 cobblestone:51 andesite:35]
   mem: heap=109M/152M old=-1M ext=121M ab=119M rss=388M cols=1916 ents=3078 evicted=1209 path=6a/2q (max 6) stale=0
F14 fuel commons: chest holds no fuel
F8 [F8] climb bridge: placed cobblestone at [-141,45,427] (pit) - the step re-judges
F10 fuel commons: chest holds no fuel
F10 fuel anchor scan returned empty (attempt 1/2) at [-140,70,421] yard d=12 - the palette empty-return class, re-querying
F10 fuel anchor scan returned empty (attempt 2/2) at [-140,70,421] yard d=12
F10 fuel anchor scan empty x2 - the singular probe rescued the scan (chest at [-140,70,419])
F10 fuel commons: the anchor scan saw 1 chest(s), 0 usable after the empty memory - no anchor
F9 [F9] water: pass 17 head=dry shore=hit r=9 land=none y=59.7 o2=20 probes=0 at=[-159,60,407]
F14 fuel commons: chest holds no fuel
F14 fuel commons: budget spent (0/1 units)
F14 smelted 0 () rescued=0 fired=1
F9 map trip: sand
F8 [F8] climb bridge: placed cobblestone at [-141,46,427] (support) - the step re-judges
F9 [F9] craft torches: skip (no coal: sticks 7 coals 0)
F10 fuel commons: chest holds no fuel
F13 [F13] water: pass 29 head=dry shore=hit r=1 land=none y=63.4 o2=20 probes=0 at=[-156,63,400]
F9 [F9] craft torches: skip (no coal: sticks 7 coals 0)
F14 iron commune: chest holds 0 ingot(s) - nothing to complete here
F13 tunnel: 0 blocks (branch mine at the floor, ore detour)
F13 tunnel: 0 blocks x3 - sealed or flooded, cooling down 15s
F10 fuel commons: chest holds no fuel
F14 iron commune: chest holds 0 ingot(s) - nothing to complete here
[F6] took 1 x copper_ingot (1/7)
F9 [F9] water: pass 23 head=dry shore=hit r=9 land=none y=59.5 o2=20 probes=0 at=[-159,59,408]
F10 fuel commons: chest holds no fuel
F10 fuel commons: chest holds no fuel
F14 iron commune: chest holds 0 ingot(s) - nothing to complete here
F14 [F14] direct deposit: 27 chest slots derived from the 63-slot view
F14 bank: +90
F9 tunnel: 1 blocks (branch mine at the floor, floor lock)
F12 [F12] vein sweep: the drop walk to [-124,44,414] failed - sweep drops: timeout after 4000ms (dy 1.0, range 2)
F9 [F9] craft torches: skip (no coal: sticks 7 coals 0)
F10 fuel commons: chest holds no fuel
F2 sweep: 0 collected - busy x2, machine unreachable (Took to long to decide path to goal!) x1
F2 bank: +27
F10 fuel anchor scan returned empty (attempt 1/2) at [-136,70,419] yard d=8 - the palette empty-return class, re-querying
F10 fuel anchor scan returned empty (attempt 2/2) at [-136,70,419] yard d=8
F10 fuel anchor scan empty x2 - the singular probe rescued the scan (chest at [-135,70,417])
F10 fuel commons: the anchor scan saw 1 chest(s), 0 usable after the empty memory - no anchor
F9 [F9] water: pass 30 head=dry shore=hit r=9 land=none y=59.7 o2=20 probes=0 at=[-159,60,408]
F4 [F4] raw hop failed: raw walk: no net progress for 8167ms (best d=3.8) - pathfinder retry
F13 [F13] water: pass 35 head=dry shore=hit r=1 land=none y=63.8 o2=20 probes=0 at=[-157,64,402]
F9 [F9] craft torches: skip (no coal: sticks 7 coals 0)
F9 tunnel: 0 blocks (branch mine at the floor, floor lock)
F10 smelt: 0 (raw_copper@-: no fuel; cobblestone@-: no fuel; sand@-: no fuel)
F9 [F9] craft torches: skip (no coal: sticks 7 coals 0)
F9 [F9] water: pass 33 head=dry shore=hit r=9 land=none y=59.7 o2=20 probes=0 at=[-159,60,407]
F10 iron commune: chest walk failed (goal brake: 6 goals in 5s - iron commune walk @-135,417 refused for 1s)
F10 iron commune: chest walk failed (goal brake: 6 goals in 5s - iron commune walk @-135,419 refused for 0s)
F13 [F13] water: pass 37 head=dry shore=hit r=1 land=none y=63.4 o2=20 probes=0 at=[-159,63,401]
F9 [F9] craft torches: skip (no coal: sticks 7 coals 0)
F9 tunnel: 0 blocks (branch mine at the floor, floor lock)
F10 iron commune: chest walk failed (goal brake: 6 goals in 5s - iron commune walk @-135,421 refused for 0s)
F9 [F9] craft torches: skip (no coal: sticks 7 coals 0)
F9 [F9] water: pass 35 head=dry shore=hit r=9 land=none y=59.3 o2=20 probes=0 at=[-159,59,407]
[F6] took 1 x copper_ingot (2/7)
F18 [F18] climb diag: level at y=46 blocked toward 0,-1 (dug=6, wet) at [0,1,0] water (stop)
F19 [F19] climb wet escape: 6 blocks walked (budget, walked 1/4)
F19 climb out (bank): failed - timeout (traversed 6)
F19 climb out (bank): retry (escalated retry after timeout, fenced to 70s of the 70s the chain has left)
F9 [F9] craft torches: skip (no coal: sticks 7 coals 0)
F9 tunnel: 0 blocks (branch mine at the floor, floor lock)
F9 tunnel: 0 blocks x3 - sealed or flooded, cooling down 15s
F13 [F13] water: pass 39 head=dry shore=hit r=2 land=none y=64.2 o2=20 probes=0 at=[-160,64,400]
F8 [F8] climb diag: level at y=44 blocked toward 0,1 (dug=9)
F2 [F2] climb bridge: unavailable (no placeable block in the pocket)
F2 [F2] climb diag: level at y=63 blocked toward 1,0 (dug=0)
F8 [F8] climb diag: level at y=44 blocked toward -1,0 (dug=11)
F16 [F16] craft torches: skip (no coal: sticks 3 coals 0)
F8 [F8] climb diag: level at y=44 blocked toward 0,-1 (dug=11)
F9 [F9] water: pass 47 head=dry shore=hit r=9 land=none y=59.3 o2=20 probes=0 at=[-160,59,408]
F8 climb out (trip): failed - stalled
F8 map trip skipped: cannot leave the shaft
F2 climb out (trip): OK +3 levels (3 steps, 2 dug, 1s)
F14 [F14] craft torches: stick-dry with logs held - one plank conversion first
F13 [F13] water: pass 47 head=dry shore=hit r=1 land=none y=64.2 o2=20 probes=0 at=[-158,64,400]
[F6] took 1 x copper_ingot (3/7)
F7 [F7] climb diag: level at y=65 blocked toward -1,0 (dug=58)
F4 [F4] direct deposit: 27 chest slots derived from the 63-slot view
F4 [F4] fuel tithe: banked 16 x coal (pocket keeps 6)
F4 camp furnace: 4 near machine(s) beyond the 24b direct envelope (nearest d=15.5) - 9 inside the envelope keep the veto
F4 camp furnace: no build (machine near)
F7 [F7] climb: walkable surface at y=64 (+21 levels, dug=58) - the walk takes over (blocked step)
F7 climb out (bank): OK +21 levels (23 steps, 58 dug, undefineds)
F7 bank: holding 45s of 165s for the smelt leg
F5 [F5] approach: the stall side-step (right) moved the start (d now 30.2)
F14 [F14] craft torches: stick-dry but 9 planks held - one stick batch first
F9 [F9] water: pass 54 head=dry shore=hit r=9 land=none y=59.2 o2=20 probes=0 at=[-159,59,407]
t-202s alive=19/19 mined=2359 map=967p/15ch banked=149 smelted=0 pocket=2267u/272s | sand=54 gravel=10 dirt=273 stone=0
   deficits: 157926/54 (0.0%) 149380/10 (0.0%) 31860/0 (0.0%) 27420/0 (0.0%) 10725/101 (0.9%)
   F1=184[cobblestone:134 raw_copper:38 torch:12] | F2=29[oak_planks:7 oak_sapling:5 stick:4] | F3=60[leaf_litter:5 gravel:4 stick:3] | F4=209[cobblestone:46 coal:6 stick:5] | F5=159[cobblestone:84 dirt:42 raw_copper:24] | F6=200[cobblestone:92 raw_copper:12 coal:6] | F7=149[cobblestone:75 dirt:33 raw_copper:23] | F8=108[cobblestone:45 raw_copper:23 torch:20] | F9=45[dirt:44 leaf_litter:9 stick:7] | F10=137[cobblestone:72 raw_copper:20 sand:6] | F11=183[cobblestone:92 sand:32 diorite:28] | F12=76[dirt:45 cobblestone:15 raw_copper:11] | F13=35[dirt:26 leaf_litter:10 oak_planks:7] | F14=100[stick:2 birch_log:2 wooden_pickaxe:2] | F15=65[dirt:13 stick:4 oak_sapling:2] | F16=101[cobblestone:49 leaf_litter:9 oak_log:8] | F17=201[cobblestone:92 andesite:48 dirt:20] | F18=107[cobblestone:72 dirt:8 andesite:8] | F19=211[cobblestone:54 coal:51 andesite:35]
   mem: heap=114M/155M old=-1M ext=120M ab=117M rss=388M cols=1917 ents=2964 evicted=1264 path=6a/1q (max 6) stale=0
F14 [F14] craft torches: skip (no coal: sticks 6 coals 0)
F12 [F12] vein sweep: the drop walks picked nothing (pocket delta 0, 5 failed walk(s))
F12 [F12] vein sweep: 4 above-plane walk(s) timed out on the wide goal (range 2) - the ledge family (the v0.189.0 class, the triage names it)
F12 vein sweep: 1 ores dug beside the gallery (ore detour)
F13 [F13] water: rescue complete in 25.3s
F13 [F13] water: hazard memorized at [-161,62,400] (8 live, fleet-wide)
F11 [F11] climb diag: level at y=58 blocked toward 0,-1 (dug=50) dig failed at [-158,60,409] sand (held=wooden_shovel, grounded, post=sand STILL THERE (server never broke it))
F11 climb out (bank): failed - timeout
F11 climb out (bank): retry (escalated retry after timeout, fenced to 72s of the 72s the chain has left)
[hb] n=20 ts=401s rss=386M late=103ms mainLate=894ms
F9 [F9] water: pass 60 head=dry shore=hit r=9 land=none y=59.0 o2=20 probes=0 at=[-159,59,408]
[F6] took 1 x copper_ingot (4/7)
F7 [F7] raw hop failed: raw walk stalled after 2098ms (d=15.2) - pathfinder retry
F15 [F15] climb bridge: placed cobblestone at [-140,64,412] (support) - the step re-judges
F13 [F13] craft torches: skip (no coal: sticks 5 coals 0)
F13 [F13] digShaft: water hazard 0.5b away (live 8) - refusing this column, the caller rotates
F16 [F16] craft torches: 1 batch(es) -> 4 torches (sticks 3 coals 1)
F14 [F14] water: drowning rescue start (drowning, oxygen 13)
F14 [F14] water: pass 0 head=wet shore=none land=n/a y=58.0 o2=13 probes=0 at=[-118,58,377]
F9 [F9] water: rescue timeout (still wet, 70 passes, 0 probes, tail dry/dry/dry) in 25.4s
F9 [F9] water: hazard memorized at [-160,59,407] (9 live, fleet-wide)
F15 [F15] climb diag: level at y=65 blocked toward 0,-1 (dug=15)
F15 [F15] climb diag: level at y=65 blocked toward 1,0 (dug=16)
F18 climb out (bank): failed - stalled
F18 climb out (bank): retry (escalated retry after stalled, fenced to 90s of the 98s the chain has left)
[F6] took 1 x copper_ingot (5/7)
F14 [F14] water: pass 5 head=wet shore=none land=n/a y=61.8 o2=11 probes=0 at=[-118,62,377]
F14 climb out (trip): failed - rescue owns the bot
F14 map trip skipped: cannot leave the shaft
F16 tunnel: steering coal_ore @ 10.5b (axis x--1, cross 1.6531936932086069, ore detour)
F15 [F15] climb diag: level at y=65 blocked toward 0,1 (dug=18)
F17 [F17] climb bridge: placed cobblestone at [-92,65,390] (support) - the step re-judges
F14 [F14] craft torches: skip (no coal: sticks 6 coals 0)
F13 tunnel: 1 blocks (branch mine at the floor, ore detour)
F13 [F13] craft torches: skip (no coal: sticks 5 coals 0)
F13 [F13] digShaft: water hazard 1.0b away (live 9) - refusing this column, the caller rotates
F13 tunnel: 0 blocks (branch mine at the floor, floor lock)
F15 climb out (trip): failed - stalled
F15 map trip skipped: cannot leave the shaft
F14 [F14] water: pass 7 head=dry shore=hit r=1 land=none y=62.3 o2=20 probes=0 at=[-118,62,378]
F14 [F14] craft torches: skip (no coal: sticks 6 coals 0)
F14 tunnel: 0 blocks (branch mine at the floor, floor lock)
F14 [F14] craft torches: skip (no coal: sticks 6 coals 0)
F14 [F14] craft torches: skip (no coal: sticks 6 coals 0)
F14 tunnel: 0 blocks (branch mine at the floor, floor lock)
F11 [F11] climb: walkable surface at y=64 (+6 levels, dug=7) - the walk takes over (blocked step)
F11 climb out (bank): retry OK +6 levels (5 steps, 7 dug, undefineds)
F11 bank: holding 45s of 163s for the smelt leg
F14 [F14] water: pass 10 head=dry shore=hit r=1 land=none y=64.2 o2=20 probes=0 at=[-115,64,378]
F14 [F14] craft torches: skip (no coal: sticks 6 coals 0)
F14 [F14] craft torches: skip (no coal: sticks 6 coals 0)
[F6] took 1 x copper_ingot (6/7)
F13 [F13] craft torches: skip (no coal: sticks 5 coals 0)
t-186s alive=19/19 mined=2437 map=989p/15ch banked=149 smelted=0 pocket=2367u/281s | sand=72 gravel=10 dirt=281 stone=0
   deficits: 157926/72 (0.0%) 149380/10 (0.0%) 31860/0 (0.0%) 27420/0 (0.0%) 10725/101 (0.9%)
   F1=184[cobblestone:134 raw_copper:38 torch:12] | F2=38[oak_planks:7 oak_sapling:5 sand:5] | F3=60[leaf_litter:5 gravel:4 stick:3] | F4=209[cobblestone:46 coal:6 stick:5] | F5=159[cobblestone:84 dirt:42 raw_copper:24] | F6=200[cobblestone:92 raw_copper:12 coal:6] | F7=149[cobblestone:75 dirt:33 raw_copper:23] | F8=108[cobblestone:46 raw_copper:23 torch:20] | F9=49[dirt:42 leaf_litter:9 stick:7] | F10=137[cobblestone:71 raw_copper:20 sand:6] | F11=190[cobblestone:92 sand:42 diorite:28] | F12=86[dirt:44 cobblestone:19 raw_copper:11] | F13=36[dirt:26 leaf_litter:10 oak_planks:7] | F14=105[oak_planks:7 stick:6 dirt:3] | F15=71[dirt:13 stick:4 leaf_litter:4] | F16=120[cobblestone:63 leaf_litter:9 oak_log:8] | F17=211[cobblestone:97 andesite:48 dirt:24] | F18=107[cobblestone:72 dirt:8 andesite:8] | F19=218[cobblestone:59 coal:51 andesite:35]
   mem: heap=123M/155M old=-1M ext=118M ab=116M rss=388M cols=1892 ents=2788 evicted=1336 path=6a/2q (max 6) stale=0
F5 [F5] approach: the stall side-step (left) stalled too
F5 [F5] approach: 4 segment(s) walked in 43.4s, goal now d=30.2 (still outside - a segment stalled (no position delta))
[F10] swept 1 x stone from a finished fired batch furnace
F10 sweep: collected 1 (stone:1)
F14 [F14] water: pass 15 head=dry shore=hit r=1 land=none y=63.8 o2=20 probes=0 at=[-110,64,373]
F15 [F15] craft torches: skip (no coal: sticks 4 coals 0)
F19 [F19] climb wet escape: 9 blocks walked (budget, walked 1/4)
F18 [F18] climb diag: level at y=46 blocked toward 0,1 (dug=0, wet) at [0,1,0] water (stop)
F14 tunnel: 0 blocks (branch mine at the floor, floor lock)
F14 tunnel: 0 blocks x3 - sealed or flooded, cooling down 15s
[F6] took 1 x copper_ingot (7/7)
[F6] blast_furnace within reach - opening without a walk
[F6] the clock clips the batch: the 47s window completes ~4 of 5 x raw_copper (the rest re-smelts on the next chain)
F14 [F14] water: pass 17 head=dry shore=hit r=1 land=none y=63.4 o2=20 probes=0 at=[-109,63,371]
[F6] furnace slots after put: input=raw_copper fuel=empty
[F6] smelting 4 x raw_copper in a blast_furnace (fuel: 1 x coal)
F8 [F8] craft torches: stick-dry with logs held - one plank conversion first
[F4] walk nudge: inside the direct envelope
F15 [F15] digShaft: water table y=57 (region strike) - stopping above the aquifer, the tunnel owns this level (regions 2)
F13 [F13] water: drowning rescue start (drowning, oxygen 12)
F13 [F13] water: pass 0 head=wet shore=none land=n/a y=58.6 o2=12 probes=0 at=[-165,59,394]
[F4] fuel clips the batch: 3 x stick completes 1 of 38 x cobblestone (the rest re-smelts on the next chain)
[F4] the clock clips the batch: the 68s window completes ~6 of 38 x cobblestone (the rest re-smelts on the next chain)
F8 [F8] craft torches: stick-dry but 7 planks held - one stick batch first
[F4] furnace slots after put: input=cobblestone fuel=stick
[F4] smelting 1 x cobblestone in a furnace (fuel: 3 x stick)
F8 [F8] craft torches: 1 batch(es) -> 4 torches (sticks 2 coals 19, the metal reserve keeps 3)
F10 [F10] direct deposit: 27 chest slots derived from the 63-slot view
F10 bank: +151
F13 tunnel: 0 blocks (branch mine at the floor, ore detour)
F13 [F13] craft torches: skip (no coal: sticks 5 coals 0)
F16 tunnel: 12 blocks (branch mine at the floor, steered, ore detour)
F17 [F17] climb rise assist: assist did not complete (goto: climb rise assist: timeout after 4500ms)
[hb] n=21 ts=421s rss=383M late=108ms mainLate=832ms
F8 bank trip: pockets full budget 120s
F8 climb out (bank): the yard stands 27 levels up over 24b lateral - the climb raises its target to the yard's level
F13 [F13] water: pass 7 head=dry shore=hit r=4 land=none y=62.2 o2=20 probes=0 at=[-162,62,396]
F14 [F14] water: pass 24 head=dry shore=hit r=1 land=none y=63.8 o2=20 probes=0 at=[-113,64,371]
F11 [F11] raw hop failed: raw walk: no net progress for 8370ms (best d=16.4) - pathfinder retry
F15 tunnel: 2 blocks (branch mine at the floor, ore detour)
F8 [F8] climb bridge: placed cobblestone at [-142,43,429] (support) - the step re-judges
F5 [F5] raw hop failed: raw walk stalled after 2173ms (d=30.2) - pathfinder retry
F13 [F13] water: pass 9 head=dry shore=hit r=2 land=none y=62.1 o2=20 probes=0 at=[-161,62,397]
F17 [F17] climb diag: level at y=65 did not rise (food=20, dug=37) feet=leaf_litter support=cobblestone step=air head=air
F5 [F5] hop: chest at [-125,70,423] d=38 zero: chest unreachable (No path to the goal!)
F13 tunnel: 0 blocks (branch mine at the floor, floor lock)
F13 tunnel: 0 blocks x3 - sealed or flooded, cooling down 15s
[F6] took 1 x copper_ingot (1/4)
F14 [F14] water: pass 26 head=dry shore=hit r=1 land=none y=64.2 o2=20 probes=0 at=[-113,64,372]
F17 [F17] climb bridge: placed cobblestone at [-91,64,385] (support) - the step re-judges
F13 [F13] water: pass 15 head=dry shore=hit r=1 land=none y=63.5 o2=20 probes=0 at=[-156,63,399]
F14 [F14] water: pass 30 head=dry shore=hit r=1 land=none y=62.2 o2=20 probes=0 at=[-114,62,373]
F9 [F9] climb wet escape: 12 blocks walked (budget, walked 1/4)
F18 [F18] climb diag: level at y=46 blocked toward 0,-1 (dug=0, wet) at [0,1,0] water (stop)
F9 [F9] climb bridge: placed dirt at [-153,63,398] (support) - the step re-judges
F13 [F13] water: pass 18 head=dry shore=hit r=2 land=none y=64.0 o2=20 probes=0 at=[-160,64,400]
t-171s alive=19/19 mined=2505 map=999p/15ch banked=300 smelted=1 pocket=2357u/278s | sand=81 gravel=10 dirt=290 stone=0
   deficits: 157926/81 (0.1%) 149380/10 (0.0%) 31860/0 (0.0%) 27420/0 (0.0%) 10725/101 (0.9%)
   F1=184[cobblestone:134 raw_copper:38 torch:12] | F2=47[sand:11 leaf_litter:9 oak_planks:7] | F3=60[leaf_litter:5 gravel:4 stick:3] | F4=209[cobblestone:46 coal:6 stick:5] | F5=159[cobblestone:85 dirt:42 raw_copper:24] | F6=200[cobblestone:92 copper_ingot:7 coal:5] | F7=149[cobblestone:75 dirt:33 raw_copper:23] | F8=111[cobblestone:48 torch:24 raw_copper:23] | F9=60[dirt:40 sand:16 leaf_litter:16] | F10=137[cobblestone:11 stick:4 oak_log:3] | F11=190[cobblestone:93 sand:42 diorite:28] | F12=97[dirt:44 cobblestone:31 raw_copper:11] | F13=36[dirt:26 leaf_litter:10 oak_planks:7] | F14=105[oak_planks:7 stick:6 dirt:3] | F15=78[dirt:24 leaf_litter:6 stick:4] | F16=135[cobblestone:66 granite:11 leaf_litter:9] | F17=212[cobblestone:96 andesite:48 dirt:24] | F18=107[cobblestone:72 dirt:8 andesite:8] | F19=229[cobblestone:70 coal:51 andesite:35]
   mem: heap=111M/154M old=-1M ext=118M ab=115M rss=385M cols=1888 ents=2901 evicted=1384 path=6a/2q (max 6) stale=0
[F6] took 1 x copper_ingot (2/4)
F14 [F14] water: rescue timeout (still wet, 34 passes, 0 probes, tail dry/dry/dry) in 25.3s
F14 [F14] water: hazard memorized at [-114,62,372] (8 live, fleet-wide)
[F4] took 1 x stone (1/1)
F14 [F14] water: drowning rescue start (drowning, oxygen 20)
F14 [F14] water: pass 0 head=wet shore=none land=n/a y=61.2 o2=20 probes=0 at=[-115,61,372]
F13 [F13] water: pass 21 head=dry shore=hit r=1 land=none y=63.4 o2=20 probes=0 at=[-160,63,400]
F14 [F14] craft torches: skip (no coal: sticks 6 coals 0)
F14 [F14] craft torches: skip (no coal: sticks 6 coals 0)
F14 [F14] water: pass 4 head=dry shore=hit r=1 land=none y=64.0 o2=20 probes=0 at=[-114,64,373]
F13 [F13] water: pass 24 head=dry shore=hit r=1 land=none y=64.2 o2=20 probes=0 at=[-157,64,400]
F17 [F17] climb rise assist: repositioned to -89,64,384 - the loop re-judges
F8 [F8] climb rise assist: assist did not complete (goto: No path to the goal!)
F8 [F8] climb diag: level at y=45 did not rise (food=18, dug=3) feet=air support=air step=air head=air
[F6] took 1 x copper_ingot (3/4)
F14 [F14] water: pass 7 head=dry shore=hit r=1 land=none y=62.3 o2=20 probes=0 at=[-112,62,375]
F13 [F13] water: pass 26 head=dry shore=hit r=1 land=none y=63.4 o2=20 probes=0 at=[-159,63,400]
F17 [F17] climb bridge: placed cobblestone at [-88,64,384] (support) - the step re-judges
F16 [F16] vein sweep: 8 drop(s) in reach (17 dug)
F14 [F14] water: pass 10 head=dry shore=hit r=2 land=none y=64.2 o2=20 probes=0 at=[-110,64,374]
F13 [F13] water: pass 30 head=dry shore=hit r=3 land=none y=64.3 o2=20 probes=0 at=[-160,64,400]
F18 [F18] climb diag: level at y=46 blocked toward 0,1 (dug=0, wet) at [0,1,0] water (stop)
F17 [F17] climb bridge: placed cobblestone at [-85,66,384] (pit) - the step re-judges
F14 tunnel: 3 blocks (branch mine at the floor, floor lock)
F14 [F14] craft torches: skip (no coal: sticks 6 coals 0)
F14 [F14] craft torches: skip (no coal: sticks 6 coals 0)
F14 tunnel: steering coal_ore @ 4.2b (axis z+, cross 0.355095814292838, floor lock)
F14 tunnel: 0 blocks (branch mine at the floor, steered, floor lock)
[F6] took 1 x copper_ingot (4/4)
F14 [F14] craft torches: skip (no coal: sticks 6 coals 0)
F14 [F14] craft torches: skip (no coal: sticks 6 coals 0)
F14 tunnel: steering coal_ore @ 4.7b (axis z+, cross 0.9023743732251717, floor lock)
F17 [F17] climb bridge: placed cobblestone at [-85,67,384] (support) - the step re-judges
F13 climb out (trip): failed - rescue owns the bot
F13 map trip skipped: cannot leave the shaft
F13 [F13] craft torches: skip (no coal: sticks 5 coals 0)
F14 tunnel: 0 blocks (branch mine at the floor, steered, floor lock)
F14 [F14] water: pass 14 head=dry shore=hit r=1 land=none y=65.2 o2=20 probes=0 at=[-105,65,376]
F19 [F19] climb wet escape: 8 blocks walked (budget, walked 2/4)
F17 climb out (bank): OK +18 levels (16 steps, 43 dug, 63s)
F17 bank: holding 45s of 133s for the smelt leg
F1 smelt: 0 (raw_copper@blast_furnace: machine unreachable (walk to furnace: timeout after 20000ms); raw_copper@blast_furnace: machine unreachable (visit budget spent (walk slice)))
[hb] n=22 ts=441s rss=386M late=110ms mainLate=671ms
F13 [F13] water: pass 33 head=dry shore=hit r=1 land=none y=63.4 o2=20 probes=0 at=[-160,63,401]
F8 [F8] climb diag: level at y=46 blocked toward 0,-1 (dug=10)
F14 [F14] vein sweep: 3 drop(s) in reach (1 dug)
F14 [F14] vein sweep: the drop walks picked nothing (pocket delta 0, 0 failed walk(s))
F14 [F14] vein sweep: 3 deep drop(s) skipped (dy < -2 - the lip sphere cannot reach, the walk was a guaranteed spiral)
F14 vein sweep: 1 ores dug beside the gallery (floor lock)
F14 [F14] craft torches: skip (no coal: sticks 6 coals 0)
F14 [F14] craft torches: skip (no coal: sticks 6 coals 0)
F14 tunnel: steering coal_ore @ 4.6b (axis z+, cross 0.13828264815487046, floor lock)
F16 [F16] vein sweep: lip dig refused - sealed floor (air 0, dy -1.0)
F8 [F8] climb bridge: placed cobblestone at [-141,44,428] (pit) - the step re-judges
[F4] furnace within reach - opening without a walk
F14 [F14] water: pass 18 head=dry shore=hit r=1 land=none y=65.2 o2=20 probes=0 at=[-107,65,379]
F8 [F8] climb bridge: placed cobblestone at [-141,45,428] (support) - the step re-judges
F7 [F7] raw hop failed: raw walk: no net progress for 8277ms (best d=5.2) - pathfinder retry
[F4] furnace within reach - opening without a walk
[F6] furnace slots after put: input=raw_copper fuel=coal
[F6] smelting 1 x raw_copper in a blast_furnace (fuel: 1 x coal)
F14 tunnel: 0 blocks (branch mine at the floor, steered, floor lock)
[F4] furnace within reach - opening without a walk
F13 [F13] water: rescue complete in 24.6s
F13 [F13] water: hazard memorized at [-161,62,400] (9 live, fleet-wide)
t-156s alive=19/19 mined=2565 map=1034p/17ch banked=300 smelted=1 pocket=2392u/280s | sand=88 gravel=10 dirt=296 stone=1
   deficits: 157926/88 (0.1%) 149380/10 (0.0%) 31860/0 (0.0%) 27420/0 (0.0%) 10725/101 (0.9%)
   F1=184[cobblestone:134 raw_copper:38 torch:12] | F2=49[sand:13 leaf_litter:9 oak_planks:7] | F3=60[leaf_litter:5 gravel:4 stick:3] | F4=209[cobblestone:45 coal:6 oak_log:4] | F5=159[cobblestone:85 dirt:42 raw_copper:24] | F6=200[cobblestone:92 copper_ingot:11 coal:4] | F7=149[cobblestone:75 dirt:33 raw_copper:23] | F8=119[cobblestone:54 torch:24 raw_copper:23] | F9=63[dirt:40 sand:16 leaf_litter:16] | F10=137[cobblestone:11 stick:4 oak_log:3] | F11=190[cobblestone:93 sand:47 diorite:28] | F12=112[dirt:49 cobblestone:41 raw_copper:11] | F13=38[dirt:26 leaf_litter:10 oak_planks:7] | F14=109[oak_planks:7 stick:6 dirt:4] | F15=78[dirt:24 leaf_litter:6 stick:4] | F16=144[cobblestone:66 granite:11 leaf_litter:9] | F17=218[cobblestone:93 andesite:48 dirt:24] | F18=107[cobblestone:72 dirt:8 andesite:8] | F19=240[cobblestone:80 coal:51 andesite:35]
   mem: heap=112M/154M old=-1M ext=117M ab=115M rss=385M cols=1888 ents=3068 evicted=1423 path=6a/3q (max 6) stale=0
F15 [F15] craft torches: skip (no coal: sticks 4 coals 0)
F15 [F15] digShaft: water table y=57 (region strike) - stopping above the aquifer, the tunnel owns this level (regions 2)
F9 [F9] climb: walkable surface at y=66 (+8 levels, dug=19) - the walk takes over (blocked step)
F9 climb out (trip): OK +8 levels (3 steps, 19 dug, 12 traversed, undefineds)
F14 [F14] water: pass 22 head=dry shore=hit r=1 land=none y=64.8 o2=20 probes=0 at=[-106,65,378]
F14 [F14] vein sweep: 5 drop(s) in reach (2 dug)
F14 [F14] vein sweep: the drop walks picked nothing (pocket delta 0, 0 failed walk(s))
F14 [F14] vein sweep: 5 deep drop(s) skipped (dy < -2 - the lip sphere cannot reach, the walk was a guaranteed spiral)
F14 vein sweep: 2 ores dug beside the gallery (floor lock)
F14 [F14] craft torches: skip (no coal: sticks 6 coals 0)
F2 map trip: sand
F14 [F14] craft torches: skip (no coal: sticks 6 coals 0)
F16 [F16] vein sweep: lip dig refused - sealed floor (air 0, dy -0.9)
F19 [F19] water: drowning rescue start (drowning, oxygen 12)
F19 [F19] water: pass 0 head=wet shore=none land=n/a y=43.0 o2=12 probes=0 at=[-86,43,388]
F11 [F11] direct deposit: 27 chest slots derived from the 63-slot view
F11 [F11] fuel tithe: banked 3 x coal (pocket keeps 6)
F11 camp furnace: 3 near machine(s) beyond the 24b direct envelope (nearest d=16.3) - 10 inside the envelope keep the veto
F11 camp furnace: no build (machine near)
F13 tunnel: 3 blocks (branch mine at the floor, ore detour)
F13 [F13] craft torches: skip (no coal: sticks 5 coals 0)
F14 [F14] water: pass 25 head=dry shore=hit r=1 land=none y=65.2 o2=20 probes=0 at=[-106,65,380]
F14 tunnel: 0 blocks (branch mine at the floor, floor lock)
F14 [F14] craft torches: skip (no coal: sticks 6 coals 0)
F14 [F14] craft torches: skip (no coal: sticks 6 coals 0)
F14 tunnel: steering coal_ore @ 5.4b (axis x+, cross 1.2439092968423893, floor lock)
F14 tunnel: 0 blocks (branch mine at the floor, steered, floor lock)
F14 [F14] craft torches: skip (no coal: sticks 6 coals 0)
F14 [F14] craft torches: skip (no coal: sticks 6 coals 0)
F14 tunnel: steering coal_ore @ 5.7b (axis z+, cross 1.710579082674812, floor lock)
F14 tunnel: 0 blocks (branch mine at the floor, steered, floor lock)
F14 tunnel: 0 blocks x3 - sealed or flooded, cooling down 15s
F13 [F13] digShaft: water table y=57 (region strike) - stopping above the aquifer, the tunnel owns this level (regions 2)
F19 [F19] water: pass 8 head=wet shore=none land=n/a y=48.2 o2=9 probes=0 at=[-86,48,388]
[F6] took 1 x copper_ingot (1/1)
[F6] furnace within reach - opening without a walk
F14 [F14] water: pass 28 head=dry shore=hit r=1 land=none y=65.0 o2=20 probes=0 at=[-105,65,382]
[F6] fuel clips the batch: 2 x stick completes 1 of 84 x cobblestone (the rest re-smelts on the next chain)
[F6] the clock clips the batch: the 16s window completes ~1 of 84 x cobblestone (the rest re-smelts on the next chain)
[F6] furnace slots after put: input=cobblestone fuel=stick
[F6] smelting 1 x cobblestone in a furnace (fuel: 2 x stick)
F2 [F2] craft torches: skip (no coal: sticks 4 coals 0)
F18 climb out (bank): retry failed - stalled
F19 [F19] water: deep-pocket ascend - dug the ceiling stone at [-87,50,388] (jump stalled 4+ passes, o2 8)
F19 [F19] water: pass 13 head=wet shore=none land=n/a y=48.4 o2=7 probes=0 at=[-86,48,388]
F19 [F19] water: frozen physics (10 flat passes at y=48.2, o2=5, head WET) - standing down, the reconnect lane owns this
F19 [F19] water: rescue standing down (frozen physics - the walk gate reopens, the reconnect lane owns a dead client) in 5.4s
F19 [F19] water: frozen client relog (#1 consecutive) (frozen while head-wet (1 verdict) - the drowning clock owns this client) - ending the session, the reconnect lane rebuilds the physics; the drowning sentry holds non-critical pages 10s (the frozen-return gate)
F19 [F19] water: hazard memorized at [-87,48,388] (10 live, fleet-wide)
F14 [F14] water: pass 30 head=dry shore=hit r=1 land=none y=64.8 o2=20 probes=0 at=[-105,65,382]
F16 [F16] vein sweep: the drop walk to [-111,43,374] failed - sweep drops: timeout after 4000ms (dy 0.1, range 2)
F2 [F2] torch: the placement did not land (dry) x1 - the streak names itself once, a landing re-arms it
F8 [F8] climb diag: level at y=47 blocked toward 1,0 (dug=13)
F5 [F5] approach: 1 segment(s) walked in 31.7s, goal now d=13.8 (inside the direct envelope)
F14 [F14] water: rescue complete in 25.1s
F14 [F14] water: hazard memorized at [-113,62,374] (11 live, fleet-wide)
F2 tool upgrade due: cobble available -> stone_pickaxe
[F4] furnace within reach - opening without a walk
[F11] the clock clips the batch: the 79s window completes ~7 of 14 x raw_copper (the rest re-smelts on the next chain)
[F11] furnace slots after put: input=raw_copper fuel=coal
[F11] smelting 7 x raw_copper in a blast_furnace (fuel: 2 x coal)
t-141s alive=19/19 mined=2600 map=1066p/17ch banked=300 smelted=1 pocket=2407u/280s | sand=90 gravel=10 dirt=310 stone=1
   deficits: 157926/90 (0.1%) 149380/10 (0.0%) 31860/0 (0.0%) 27420/0 (0.0%) 10725/101 (0.9%)
   F1=184[cobblestone:134 raw_copper:38 torch:12] | F2=59[sand:13 leaf_litter:13 cobblestone:8] | F3=60[leaf_litter:5 gravel:4 stick:3] | F4=209[cobblestone:45 coal:6 oak_log:4] | F5=159[cobblestone:85 dirt:42 raw_copper:24] | F6=200[cobblestone:92 copper_ingot:12 stick:4] | F7=149[cobblestone:75 dirt:33 raw_copper:23] | F8=121[cobblestone:52 torch:24 raw_copper:23] | F9=68[dirt:40 leaf_litter:19 sand:17] | F10=137[cobblestone:11 stick:4 oak_log:3] | F11=190[cobblestone:93 sand:47 torch:24] | F12=121[dirt:58 cobblestone:41 raw_copper:11] | F13=43[dirt:29 leaf_litter:13 sand:8] | F14=111[oak_planks:7 stick:6 dirt:4] | F15=79[dirt:30 leaf_litter:6 stick:4] | F16=144[cobblestone:67 granite:12 leaf_litter:9] | F17=218[cobblestone:93 andesite:48 dirt:24] | F18=107[cobblestone:72 dirt:8 andesite:8] | F19=241[cobblestone:81 coal:51 andesite:35]
   mem: heap=106M/154M old=-1M ext=117M ab=114M rss=388M cols=1878 ents=2966 evicted=1463 path=6a/4q (max 6) stale=0
F1 iron commune: chest walk failed (iron commune walk @-115,413: timeout after 14994ms)
F1 iron commune: budget spent (0/3 units)
F2 [toolupgrade] [upgrade] upgraded: wooden_shovel,stone_pickaxe,wooden_pickaxe,wooden_pickaxe
F2 tool upgrade: OK -> stone_pickaxe (wooden_shovel,stone_pickaxe,wooden_pickaxe,wooden_pickaxe)
F2 [F2] craft torches: stick-dry but 7 planks held - one stick batch first
F2 [F2] craft torches: skip (no coal: sticks 6 coals 0)
F1 [F1] direct deposit: 27 chest slots derived from the 63-slot view
F1 bank: +232
F16 [F16] vein sweep: +6u walked from the drops (17 dug)
F16 [F16] vein sweep: 1 above-plane walk(s) timed out on the wide goal (range 2) - the ledge family (the v0.189.0 class, the triage names it)
F16 vein sweep: 17 ores dug beside the gallery (ore detour)
F16 bank trip: skipped (pockets full, 140s left < 150s - the end-phase owns the deadline banking)
[hb] n=23 ts=461s rss=385M late=116ms mainLate=675ms
F2 [F2] digShaft: water hazard 1.6b away (live 11) - refusing this column, the caller rotates
F2 tunnel: steering coal_ore @ 4b (axis x--1, cross 0.47324584313383866, ore detour)
F12 [F12] climb bridge: unavailable (no solid floor underfoot)
F12 [F12] climb diag: level at y=65 blocked toward -1,0 (dug=45)
F19 [F19] climb diag: level at y=43 blocked toward 1,0 (dug=32) dig failed at [-86,44,388] stone (held=wooden_pickaxe, airborne, post=stone STILL THERE (server never broke it))
[F6] took 1 x stone (1/1)
[F6] furnace within reach - opening without a walk
[F6] furnace within reach - opening without a walk
F12 [F12] climb bridge: placed cobblestone at [-143,64,419] (support) - the step re-judges
[F6] furnace within reach - opening without a walk
F19 [F19] climb wet escape: oxygen 5 at the floor - the escape yields, the rescue lane owns the air
F19 climb out (bank): retry failed - low-o2
F13 [F13] craft torches: skip (no coal: sticks 5 coals 0)
F13 [F13] digShaft: water hazard 2.7b away (live 11) - refusing this column, the caller rotates
F13 [F13] craft torches: skip (no coal: sticks 5 coals 0)
F13 [F13] digShaft: water hazard 2.7b away (live 11) - refusing this column, the caller rotates
F12 [F12] climb bridge: placed cobblestone at [-143,64,418] (pit) - the step re-judges
F13 tunnel: 1 blocks (branch mine at the floor, floor lock)
F12 [F12] climb bridge: placed cobblestone at [-143,65,418] (support) - the step re-judges
F7 [F7] direct deposit: 27 chest slots derived from the 63-slot view
F7 camp furnace: 11 near machine(s) beyond the 24b direct envelope (nearest d=9.0) - 1 inside the envelope keep the veto
F7 camp furnace: no build (machine near)
[F11] took 1 x copper_ingot (1/7)
F5 [F5] raw hop failed: raw walk: no net progress for 8242ms (best d=6.0) - pathfinder retry
F2 tunnel: 12 blocks (branch mine at the floor, steered, ore detour)
F6 smelted 13 (copper_ingot:12 stone:1) rescued=0
[F11] took 1 x copper_ingot (2/7)
F2 [F2] vein sweep: 1 drop(s) in reach (1 dug)
F14 [F14] craft torches: skip (no coal: sticks 6 coals 0)
F14 [F14] digShaft: water hazard 7.8b away (live 11) - refusing this column, the caller rotates
F14 [F14] craft torches: skip (no coal: sticks 6 coals 0)
F14 [F14] digShaft: water hazard 7.8b away (live 11) - refusing this column, the caller rotates
F14 tunnel: steering copper_ore @ 8.4b (axis z+, cross 0.31097620537920534, floor lock)
F13 [F13] water: drowning rescue start (drowning, oxygen 16)
F13 [F13] water: pass 0 head=wet shore=none land=n/a y=61.9 o2=16 probes=0 at=[-157,62,404]
F13 [F13] craft torches: skip (no coal: sticks 5 coals 0)
F13 [F13] craft torches: skip (no coal: sticks 5 coals 0)
F13 tunnel: 0 blocks (branch mine at the floor, floor lock)
F13 [F13] craft torches: skip (no coal: sticks 5 coals 0)
F13 [F13] craft torches: skip (no coal: sticks 5 coals 0)
F13 [F13] water: rescue complete in 1.4s
F13 [F13] water: hazard memorized at [-158,62,404] (10 live, fleet-wide)
F5 [F5] direct deposit: 27 chest slots derived from the 63-slot view
F16 [F16] craft torches: stick-dry with logs held - one plank conversion first
F5 [F5] direct deposit: 27 chest slots derived from the 63-slot view
F5 camp furnace: 11 near machine(s) beyond the 24b direct envelope (nearest d=6.2) - 1 inside the envelope keep the veto
F5 camp furnace: no build (machine near)
F5 fuel anchor scan returned empty (attempt 1/2) at [-121,70,422] yard d=22 - the palette empty-return class, re-querying
F5 fuel anchor scan returned empty (attempt 2/2) at [-121,70,422] yard d=22
F5 fuel anchor scan empty x2 - the singular probe rescued the scan (chest at [-120,70,421])
F5 fuel commons: the anchor chest is read first
t-125s alive=19/19 mined=2638 map=1182p/18ch banked=532 smelted=14 pocket=2142u/269s | sand=91 gravel=9 dirt=249 stone=2
   deficits: 157926/91 (0.1%) 149380/9 (0.0%) 31860/0 (0.0%) 27420/0 (0.0%) 10725/95 (0.9%)
   F1=184[torch:12 oak_log:5 oak_planks:3] | F2=74[cobblestone:19 sand:13 leaf_litter:13] | F3=60[leaf_litter:5 gravel:4 stick:3] | F4=209[cobblestone:45 leaf_litter:9 dirt:9] | F5=159[cobblestone:85 raw_copper:24 oak_sapling:4] | F6=200[cobblestone:91 copper_ingot:12 coal:3] | F7=149[cobblestone:75 raw_copper:23 stick:5] | F8=130[cobblestone:61 torch:24 raw_copper:23] | F9=68[dirt:40 leaf_litter:19 sand:17] | F10=137[cobblestone:11 stick:4 oak_log:3] | F11=190[cobblestone:93 sand:47 torch:24] | F12=131[dirt:59 cobblestone:38 raw_copper:11] | F13=45[dirt:31 leaf_litter:13 sand:9] | F14=113[oak_planks:7 stick:6 dirt:6] | F15=79[dirt:30 leaf_litter:6 stick:4] | F16=144[cobblestone:67 granite:12 leaf_litter:9] | F17=218[cobblestone:93 andesite:48 dirt:24] | F18=107[cobblestone:72 dirt:8 andesite:8] | F19=241[cobblestone:81 coal:51 andesite:35]
   mem: heap=113M/154M old=-1M ext=117M ab=114M rss=389M cols=1878 ents=2693 evicted=1502 path=6a/5q (max 6) stale=0
[F11] took 1 x copper_ingot (3/7)
F14 tunnel: 2 blocks (branch mine at the floor, steered, floor lock)
F16 [F16] craft torches: stick-dry but 9 planks held - one stick batch first
F16 [F16] craft torches: skip (no coal: sticks 6 coals 0)
F16 tunnel: steering coal_ore @ 4.5b (axis z--1, cross 1.5, ore detour)
[F7] fuel clips the batch: 3 x stick completes 1 of 23 x raw_copper (the rest re-smelts on the next chain)
[F7] the clock clips the batch: the 56s window completes ~5 of 23 x raw_copper (the rest re-smelts on the next chain)
[F7] furnace slots after put: input=raw_copper fuel=stick
[F7] smelting 1 x raw_copper in a blast_furnace (fuel: 3 x stick)
[F11] took 1 x copper_ingot (4/7)
[hb] n=24 ts=481s rss=387M late=121ms mainLate=458ms
F16 tunnel: 4 blocks (branch mine at the floor, steered, ore detour)
F6 iron commune: chest holds 0 ingot(s) - nothing to complete here
F13 [F13] torch: the placement did not land (dry) x1 - the streak names itself once, a landing re-arms it
[F4] walk nudge: approach: 2 segment(s) walked in 20.1s, goal now d=27.8 (still outside - the approach clock is spent)
[F4] walk nudge: closed to d=27.8 - retrying the machine from the new start
[F7] took 1 x copper_ingot (1/1)
[F7] blast_furnace within reach - opening without a walk
F16 [F16] vein sweep: 8 drop(s) in reach (3 dug)
[F11] took 1 x copper_ingot (5/7)
F2 [F2] vein sweep: the drop walk to [-123,57,398] failed - sweep drops: timeout after 4000ms (dy 4.3, range 2)
F2 [F2] vein sweep: the drop walks picked nothing (pocket delta 0, 1 failed walk(s))
F2 [F2] vein sweep: 1 above-plane walk(s) timed out on the wide goal (range 2) - the ledge family (the v0.189.0 class, the triage names it)
F2 vein sweep: 1 ores dug beside the gallery (ore detour)
F5 fuel commons: chest holds no fuel
F13 tunnel: 12 blocks (branch mine at the floor, floor lock)
F14 [F14] craft torches: skip (no coal: sticks 6 coals 0)
F14 [F14] digShaft: water hazard 0.7b away (live 10) - refusing this column, the caller rotates
F14 [F14] craft torches: skip (no coal: sticks 6 coals 0)
F14 [F14] digShaft: water hazard 0.7b away (live 10) - refusing this column, the caller rotates
F14 tunnel: steering copper_ore @ 10.9b (axis z+, cross 3.585031305056802, floor lock)
F12 climb out (trip): OK +24 levels (23 steps, 55 dug, 88s)
[F11] took 1 x copper_ingot (6/7)
t-110s alive=19/19 mined=2672 map=1191p/18ch banked=532 smelted=14 pocket=2189u/271s | sand=93 gravel=9 dirt=265 stone=2
   deficits: 157926/93 (0.1%) 149380/9 (0.0%) 31860/0 (0.0%) 27420/0 (0.0%) 10725/95 (0.9%)
   F1=184[torch:12 oak_log:5 oak_planks:3] | F2=74[cobblestone:19 sand:13 leaf_litter:13] | F3=60[leaf_litter:5 gravel:4 stick:3] | F4=209[cobblestone:45 leaf_litter:9 dirt:9] | F5=159[cobblestone:85 raw_copper:24 oak_sapling:4] | F6=200[cobblestone:91 copper_ingot:12 coal:3] | F7=149[cobblestone:75 raw_copper:22 oak_planks:4] | F8=144[cobblestone:74 torch:24 raw_copper:23] | F9=68[dirt:40 leaf_litter:19 sand:17] | F10=137[cobblestone:11 stick:4 oak_log:3] | F11=190[cobblestone:93 sand:47 torch:24] | F12=131[dirt:59 cobblestone:38 raw_copper:11] | F13=56[dirt:41 leaf_litter:22 sand:11] | F14=115[dirt:9 oak_planks:7 stick:6] | F15=79[dirt:33 leaf_litter:6 stick:4] | F16=151[cobblestone:71 granite:12 leaf_litter:9] | F17=218[cobblestone:93 andesite:48 dirt:24] | F18=107[cobblestone:72 dirt:8 andesite:8] | F19=241[cobblestone:81 coal:51 andesite:35]
   mem: heap=106M/155M old=-1M ext=116M ab=114M rss=389M cols=1867 ents=2644 evicted=1532 path=6a/9q (max 6) stale=0
F6 iron commune: chest holds 0 ingot(s) - nothing to complete here
F6 iron commune: budget spent (0/3 units)
F6 [F6] direct deposit: 27 chest slots derived from the 63-slot view
F6 bank: +191
F14 tunnel: 3 blocks (branch mine at the floor, steered, floor lock)
F4 smelted 1 (stone:1) rescued=0
[F7] blast_furnace within reach - opening without a walk
[F7] furnace within reach - opening without a walk
F17 [F17] approach: 4 segment(s) walked in 53.0s, goal now d=22.3 (inside the direct envelope)
F16 [F16] vein sweep: lip dig refused - sealed floor (air 0, dy -1.9)
[F7] furnace within reach - opening without a walk
F2 [F2] craft torches: skip (no coal: sticks 6 coals 0)
F15 [F15] craft torches: skip (no coal: sticks 4 coals 0)
F5 fuel anchor scan returned empty (attempt 1/2) at [-120,70,423] yard d=23 - the palette empty-return class, re-querying
F5 fuel anchor scan returned empty (attempt 2/2) at [-120,70,423] yard d=23
F5 fuel anchor scan empty x2 - the singular probe rescued the scan (chest at [-120,70,421])
F5 fuel commons: the anchor scan saw 1 chest(s), 0 usable after the empty memory - no anchor
[F7] furnace within reach - opening without a walk
F15 [F15] digShaft: water table y=57 (region strike) - stopping above the aquifer, the tunnel owns this level (regions 2)
[F7] furnace within reach - opening without a walk
[F11] took 1 x copper_ingot (7/7)
[F11] blast_furnace within reach - opening without a walk
F2 [F2] digShaft: water table y=49 (region strike) - stopping above the aquifer, the tunnel owns this level (regions 2)
[F11] the clock clips the batch: the 43s window completes ~3 of 7 x raw_copper (the rest re-smelts on the next chain)
[F11] furnace slots after put: input=raw_copper fuel=coal
[F11] smelting 3 x raw_copper in a blast_furnace (fuel: 1 x coal)
F13 [F13] craft torches: skip (no coal: sticks 5 coals 0)
F9 map trip: sand
F15 tunnel: 4 blocks (branch mine at the floor, ore detour)
[F11] took 1 x copper_ingot (1/3)
F14 [F14] craft torches: skip (no coal: sticks 6 coals 0)
F14 [F14] digShaft: water hazard 1.6b away (live 10) - refusing this column, the caller rotates
F14 [F14] craft torches: skip (no coal: sticks 6 coals 0)
F14 [F14] digShaft: water hazard 1.6b away (live 10) - refusing this column, the caller rotates
F14 tunnel: 0 blocks (branch mine at the floor, floor lock)
[hb] n=25 ts=501s rss=383M late=126ms mainLate=921ms
F4 iron commune: chest holds 0 ingot(s) - nothing to complete here
F16 [F16] vein sweep: lip dig refused - sealed floor (air 0, dy -1.0)
F5 smelt: 0 (raw_copper@-: no fuel; cobblestone@-: no fuel)
F13 [F13] digShaft: water table y=57 (region strike) - stopping above the aquifer, the tunnel owns this level (regions 2)
F13 tunnel: steering iron_ore @ 18b (axis z+, cross 3.313217659105561, ore detour)
F13 [F13] water: drowning rescue start (drowning, oxygen 15)
F13 [F13] water: pass 0 head=wet shore=none land=n/a y=59.0 o2=15 probes=0 at=[-146,59,402]
[F7] furnace within reach - opening without a walk
F13 [F13] water: pass 8 head=dry shore=hit r=1 land=none y=63.8 o2=19 probes=0 at=[-146,64,402]
t-95s alive=19/19 mined=2707 map=1197p/18ch banked=723 smelted=15 pocket=2178u/270s | sand=100 gravel=9 dirt=303 stone=1
   deficits: 157926/100 (0.1%) 149380/9 (0.0%) 31860/0 (0.0%) 27420/0 (0.0%) 10725/95 (0.9%)
   F1=184[torch:12 oak_log:5 oak_planks:3] | F2=76[cobblestone:23 sand:13 leaf_litter:13] | F3=60[dirt:20 leaf_litter:5 gravel:4] | F4=209[cobblestone:45 leaf_litter:9 dirt:9] | F5=159[cobblestone:85 raw_copper:24 oak_sapling:4] | F6=200[cobblestone:27 oak_log:2 stick:2] | F7=149[cobblestone:75 raw_copper:22 oak_planks:4] | F8=162[cobblestone:80 torch:24 raw_copper:23] | F9=68[dirt:40 leaf_litter:19 sand:17] | F10=137[cobblestone:11 stick:4 oak_log:3] | F11=190[cobblestone:93 sand:47 torch:24] | F12=135[dirt:59 cobblestone:38 leaf_litter:12] | F13=61[dirt:41 leaf_litter:23 sand:17] | F14=116[dirt:11 oak_planks:7 stick:6] | F15=84[dirt:38 leaf_litter:6 stick:4] | F16=151[cobblestone:72 granite:12 leaf_litter:9] | F17=218[cobblestone:93 andesite:48 dirt:24] | F18=107[cobblestone:72 dirt:8 andesite:8] | F19=241[cobblestone:81 coal:51 andesite:35]
   mem: heap=105M/154M old=-1M ext=117M ab=115M rss=386M cols=1885 ents=2571 evicted=1569 path=6a/8q (max 6) stale=0
[F11] took 1 x copper_ingot (2/3)
F13 [F13] water: pass 11 head=dry shore=hit r=1 land=none y=60.8 o2=20 probes=0 at=[-146,61,402]
F17 [F17] raw hop failed: raw walk: no net progress for 8104ms (best d=6.0) - pathfinder retry
F18 sword due: cobble available
F18 sword: no table reachable or placeable
F18 sword: failed (no table)
F18 [F18] craft torches: skip (no coal: sticks 4 coals 0)
F13 tunnel: 2 blocks (branch mine at the floor, steered, ore detour)
F13 [F13] craft torches: skip (no coal: sticks 5 coals 0)
F13 tunnel: steering copper_ore @ 9.7b (axis z+, cross 0.6999999999999886, ore detour)
F13 tunnel: 0 blocks (branch mine at the floor, steered, ore detour)
F13 [F13] craft torches: skip (no coal: sticks 5 coals 0)
F13 tunnel: steering copper_ore @ 9.8b (axis z+, cross 1.6999999999999886, floor lock)
F13 tunnel: 0 blocks (branch mine at the floor, steered, floor lock)
F13 [F13] craft torches: skip (no coal: sticks 5 coals 0)
F13 tunnel: steering copper_ore @ 10b (axis z+, cross 2.6999999999999886, ore detour)
F13 tunnel: 0 blocks (branch mine at the floor, steered, ore detour)
F13 tunnel: 0 blocks x3 - sealed or flooded, cooling down 15s
F9 [F9] craft torches: skip (no coal: sticks 7 coals 0)
F9 [F9] digShaft: water hazard 2.1b away (live 10) - refusing this column, the caller rotates
F9 [F9] craft torches: skip (no coal: sticks 7 coals 0)
F9 [F9] digShaft: water hazard 2.1b away (live 10) - refusing this column, the caller rotates
F9 tunnel: 0 blocks (branch mine at the floor, floor lock)
F13 [F13] water: pass 15 head=dry shore=hit r=1 land=none y=60.2 o2=20 probes=0 at=[-145,60,402]
[F11] took 1 x copper_ingot (3/3)
[F11] blast_furnace within reach - opening without a walk
[F11] the clock clips the batch: the 26s window completes ~2 of 4 x raw_copper (the rest re-smelts on the next chain)
[F11] furnace slots after put: input=raw_copper fuel=coal
[F11] smelting 2 x raw_copper in a blast_furnace (fuel: 1 x coal)
F6 tool upgrade due: worn (left=7/131) -> stone_pickaxe
F6 [toolupgrade] craft crafting_table: no craftable recipe variant (ingredients missing?)
F6 [toolupgrade] plank rung: converted 1->5 same-type planks (need 4, from oak_log)
F13 [F13] water: pass 18 head=dry shore=hit r=1 land=none y=60.2 o2=20 probes=0 at=[-145,60,402]
F13 [F13] water: rescue complete in 10.3s
F13 [F13] water: hazard memorized at [-147,62,401] (8 live, fleet-wide)
F6 [toolupgrade] spare table: crafted
F18 retry #1 in 6.2s (Timeout waiting for 4 ticks after 5200ms)
F19 pre-position: 51b from yard, t-86s - walking home
F19 [F19] climb wet escape: oxygen 5 at the floor - the escape yields, the rescue lane owns the air
F19 climb out (pre-position): failed - low-o2
F19 [F19] climb wet escape: oxygen 5 at the floor - the escape yields, the rescue lane owns the air
F19 final climb: no retry (no retry for 'low-o2')
F19 final climb: failed - low-o2
F19 final bank: 0 (still underground after 1 climb attempt - the chain from the shaft bottom is doomed walks)
F19 retry #1 in 3.7s ()
F6 [toolupgrade] stone_pickaxe: crafted (worn (left=7/131))
F6 tool upgrade: OK -> stone_pickaxe (worn (left=7/131))
F6 [F6] craft torches: stick-dry with logs held - one plank conversion first
F6 [F6] craft torches: stick-dry but 5 planks held - one stick batch first
F6 [F6] craft torches: skip (no coal: sticks 4 coals 0)
[F11] took 1 x copper_ingot (1/2)
F17 [F17] direct deposit: 27 chest slots derived from the 63-slot view
F17 [F17] fuel tithe: banked 5 x coal (pocket keeps 6)
F17 camp furnace: no build (machine near)
F17 fuel anchor scan returned empty (attempt 1/2) at [-123,70,401] yard d=13 - the palette empty-return class, re-querying
F17 fuel anchor scan returned empty (attempt 2/2) at [-123,70,401] yard d=13
F17 fuel anchor scan empty x2 - the singular probe rescued the scan (chest at [-125,70,413])
F17 fuel commons: the anchor chest is read first
F4 iron commune: chest holds 0 ingot(s) - nothing to complete here
F4 iron commune: budget spent (0/3 units)
F4 [F4] direct deposit: 27 chest slots derived from the 63-slot view
F4 bank: +208
F16 [F16] vein sweep: +2u walked from the drops (3 dug)
F16 vein sweep: 3 ores dug beside the gallery (ore detour)
F16 bank trip: skipped (pockets full, 82s left < 150s - the end-phase owns the deadline banking)
F16 pre-position: 56b from yard, t-82s - walking home
F19 [F19] water: drowning rescue start (drowning, oxygen 5)
F19 [F19] water: pass 0 head=wet shore=none land=n/a y=48.2 o2=5 probes=0 at=[-86,48,388]
F19 pre-position: 51b from yard, t-81s - walking home
F19 climb out (pre-position): failed - rescue owns the bot
F19 final climb: no retry (no retry for 'rescue owns the bot')
F19 final climb: failed - rescue owns the bot
F19 final bank: 0 (still underground after 1 climb attempt - the chain from the shaft bottom is doomed walks)
F19 retry #1 in 5.1s ()
F5 iron commune: chest holds 0 ingot(s) - nothing to complete here
F5 iron commune: budget spent (0/3 units)
F5 [F5] direct deposit: 27 chest slots derived from the 63-slot view
F5 [F5] direct deposit: 27 chest slots derived from the 63-slot view
F5 bank: +222
F19 [F19] water: frozen physics (4 flat passes at y=48.2, o2=4, head WET - the wet-critical fast window) - standing down, the reconnect lane owns this
F19 [F19] water: rescue standing down (frozen physics - the walk gate reopens, the reconnect lane owns a dead client) in 0.9s
F19 [F19] water: frozen client relog (#2 consecutive) (frozen while head-wet (1 verdict) - the drowning clock owns this client) - ending the session, the reconnect lane rebuilds the physics; the drowning sentry holds non-critical pages 20s (the frozen-return gate)
F19 [F19] water: hazard memorized at [-87,48,388] (8 live, fleet-wide)
t-80s alive=19/19 mined=2724 map=1245p/18ch banked=1153 smelted=15 pocket=1929u/257s | sand=113 gravel=6 dirt=272 stone=0
   deficits: 157926/113 (0.1%) 149380/6 (0.0%) 31860/0 (0.0%) 27420/0 (0.0%) 10725/48 (0.4%)
   F1=184[torch:12 oak_log:5 oak_planks:3] | F2=76[cobblestone:24 sand:13 leaf_litter:13] | F3=60[dirt:20 leaf_litter:5 gravel:4] | F4=209[oak_log:4 stick:3 oak_sapling:2] | F5=159[oak_sapling:4 oak_log:3 stick:3] | F6=200[cobblestone:24 stick:4 oak_planks:3] | F7=149[cobblestone:75 raw_copper:22 oak_planks:4] | F8=162[cobblestone:80 torch:24 raw_copper:23] | F9=68[dirt:40 leaf_litter:19 sand:18] | F10=137[cobblestone:11 stick:4 oak_log:3] | F11=190[cobblestone:93 sand:47 torch:24] | F12=148[dirt:60 cobblestone:38 leaf_litter:17] | F13=63[dirt:41 sand:25 leaf_litter:23] | F14=116[dirt:11 oak_planks:7 stick:6] | F15=84[dirt:39 leaf_litter:6 stick:4] | F16=153[cobblestone:73 granite:12 leaf_litter:9] | F17=218[cobblestone:93 torch:14 coal:6] | F18=107[cobblestone:72 dirt:8 andesite:8] | F19=241[cobblestone:81 coal:51 andesite:35]
   mem: heap=111M/154M old=-1M ext=120M ab=117M rss=383M cols=1785 ents=2432 evicted=1532 path=6a/7q (max 6) stale=0
[hb] n=26 ts=521s rss=383M late=131ms mainLate=462ms
F8 climb out (bank): failed - timeout [stage 1]
F8 climb out (bank): no retry (slice left 20s < min 20s)
F8 tool upgrade due: cobble available -> stone_pickaxe
[F11] took 1 x copper_ingot (2/2)
F1 [F1] craft torches: stick-dry with logs held - one plank conversion first
F17 fuel commons: chest holds no fuel
F1 [F1] craft torches: stick-dry but 7 planks held - one stick batch first
F1 [F1] craft torches: skip (no coal: sticks 6 coals 0)
F18 sword due: cobble available
F18 sword: no table reachable or placeable
F18 sword: failed (no table)
F18 [F18] craft torches: skip (no coal: sticks 4 coals 0)
F9 [F9] craft torches: skip (no coal: sticks 7 coals 0)
F8 [toolupgrade] [upgrade] upgraded: stone_pickaxe,wooden_shovel,wooden_pickaxe,wooden_pickaxe
F8 tool upgrade: OK -> stone_pickaxe (stone_pickaxe,wooden_shovel,wooden_pickaxe,wooden_pickaxe)
F8 [F8] craft torches: skip (the pocket torch cap: held 24 of 24 - sticks 3 coals 18)
F13 [F13] craft torches: skip (no coal: sticks 5 coals 0)
F13 [F13] digShaft: water hazard 2.1b away (live 8) - refusing this column, the caller rotates
F13 tunnel: steering copper_ore @ 11b (axis z+, cross 1.6999999999999886, floor lock)
F13 tunnel: 0 blocks (branch mine at the floor, steered, floor lock)
F1 [F1] digShaft: water table y=49 (region strike) - stopping above the aquifer, the tunnel owns this level (regions 2)
F19 [F19] water: drowning rescue start (drowning, oxygen 3)
F19 [F19] water: pass 0 head=wet shore=none land=n/a y=48.1 o2=3 probes=0 at=[-86,48,388]
F18 [F18] water: drowning rescue start (drowning, oxygen 13)
F18 [F18] water: pass 0 head=wet shore=none land=n/a y=45.0 o2=13 probes=0 at=[-119,45,401]
F19 [F19] water: frozen physics (4 flat passes at y=48.2, o2=1, head WET - the wet-critical fast window) - standing down, the reconnect lane owns this
F19 [F19] water: rescue standing down (frozen physics - the walk gate reopens, the reconnect lane owns a dead client) in 1.5s
F19 [F19] water: frozen client relog (#3 consecutive) (frozen while head-wet (1 verdict) - the drowning clock owns this client) - ending the session, the reconnect lane rebuilds the physics; the drowning sentry holds non-critical pages 40s (the frozen-return gate)
F19 [F19] water: hazard memorized at [-87,48,388] (8 live, fleet-wide)
F8 [F8] digShaft: water table y=57 (region strike) - stopping above the aquifer, the tunnel owns this level (regions 2)
F8 tunnel: steering coal_ore @ 8.7b (axis z+, cross 1.5001055965057049, ore detour)
F18 [F18] craft torches: skip (no coal: sticks 4 coals 0)
F18 [F18] water: pass 5 head=wet shore=none land=n/a y=46.2 o2=15 probes=0 at=[-119,46,401]
[F11] the clock clips the batch: the 10s window completes ~1 of 2 x raw_copper (the rest re-smelts on the next chain)
[F11] furnace slots after put: input=raw_copper fuel=coal
[F11] smelting 1 x raw_copper in a blast_furnace (fuel: 1 x coal)
F18 [F18] water: deep-pocket ascend - dug the ceiling stone at [-119,48,400] (jump stalled 4+ passes, o2 18)
F17 fuel commons: chest holds no fuel
F17 fuel commons: budget spent (0/6 units)
F17 smelt: 0 (cobblestone@-: no fuel)
F18 [F18] water: pass 10 head=wet shore=none land=n/a y=46.4 o2=20 probes=0 at=[-119,46,401]
F14 [F14] water: drowning rescue start (drowning, oxygen 14)
F14 [F14] water: pass 0 head=wet shore=none land=n/a y=60.0 o2=14 probes=0 at=[-111,60,364]
F9 [F9] water: drowning rescue start (drowning, oxygen 16)
F9 [F9] water: pass 0 head=wet shore=none land=n/a y=60.0 o2=16 probes=0 at=[-168,60,408]
F18 [F18] water: frozen physics (10 flat passes at y=46.4, o2=20, head WET) - standing down, the reconnect lane owns this
F18 [F18] water: rescue standing down (frozen physics - the walk gate reopens, the reconnect lane owns a dead client) in 5.0s
F18 [F18] water: frozen client relog (#2 consecutive) (frozen while head-wet (1 verdict) - the drowning clock owns this client) - ending the session, the reconnect lane rebuilds the physics; the drowning sentry holds non-critical pages 20s (the frozen-return gate)
F18 [F18] water: hazard memorized at [-119,46,400] (9 live, fleet-wide)
F15 [F15] craft torches: skip (no coal: sticks 4 coals 0)
F15 [F15] digShaft: water table y=57 (region strike) - stopping above the aquifer, the tunnel owns this level (regions 2)
F15 tunnel: steering coal_ore @ 8.7b (axis z+, cross 0.5029910915866651, ore detour)
F9 tunnel: steering copper_ore @ 20.4b (axis x+, cross 3.6992373374854424, ore detour)
F8 tunnel: 2 blocks (branch mine at the floor, steered, ore detour)
F8 bank trip: skipped (pockets full, 70s left < 150s - the end-phase owns the deadline banking)
F9 [F9] water: rescue complete in 1.8s
F9 [F9] water: hazard memorized at [-168,62,408] (10 live, fleet-wide)
F14 [F14] water: pass 7 head=dry shore=hit r=3 land=none y=62.2 o2=20 probes=0 at=[-112,62,364]
F6 tunnel: 0 blocks (branch mine at the floor, ore detour)
F6 [F6] craft torches: skip (no coal: sticks 4 coals 0)
F2 [F2] water: drowning rescue start (drowning, oxygen 20)
F2 [F2] water: pass 0 head=wet shore=none land=n/a y=49.2 o2=20 probes=0 at=[-118,49,398]
F2 [F2] craft torches: skip (no coal: sticks 6 coals 0)
F2 [F2] craft torches: skip (no coal: sticks 6 coals 0)
F2 tunnel: steering coal_ore @ 8.2b (axis x--1, cross 1.3000000000000114, floor lock)
[F11] took 1 x copper_ingot (1/1)
[F11] furnace within reach - opening without a walk
[F11] furnace slots after put: input=raw_copper fuel=coal
[F11] smelting 1 x raw_copper in a furnace (fuel: 1 x coal)
F13 [F13] craft torches: skip (no coal: sticks 5 coals 0)
F13 [F13] digShaft: water hazard 2.6b away (live 10) - refusing this column, the caller rotates
F13 tunnel: 0 blocks (branch mine at the floor, ore detour)
F13 [F13] craft torches: skip (no coal: sticks 5 coals 0)
F13 [F13] digShaft: water hazard 2.6b away (live 10) - refusing this column, the caller rotates
F13 tunnel: 0 blocks (branch mine at the floor, floor lock)
F13 tunnel: 0 blocks x3 - sealed or flooded, cooling down 15s
F2 [F2] water: pass 6 head=wet shore=none land=n/a y=50.0 o2=20 probes=0 at=[-119,50,399]
F14 [F14] water: pass 12 head=dry shore=hit r=3 land=none y=62.8 o2=20 probes=0 at=[-113,63,366]
t-65s alive=19/19 mined=2754 map=1307p/19ch banked=1153 smelted=15 pocket=1970u/259s | sand=120 gravel=6 dirt=288 stone=0
   deficits: 157926/120 (0.1%) 149380/6 (0.0%) 31860/0 (0.0%) 27420/0 (0.0%) 10725/51 (0.5%)
   F1=186[torch:12 stick:6 oak_planks:5] | F2=77[cobblestone:25 sand:13 leaf_litter:13] | F3=60[dirt:20 leaf_litter:5 gravel:4] | F4=209[oak_log:4 stick:3 oak_sapling:2] | F5=159[oak_sapling:4 oak_log:3 stick:3] | F6=200[cobblestone:24 stick:4 oak_planks:3] | F7=149[cobblestone:75 raw_copper:22 oak_planks:4] | F8=168[cobblestone:79 torch:24 dirt:24] | F9=74[dirt:42 sand:19 leaf_litter:19] | F10=137[cobblestone:11 stick:4 oak_log:3] | F11=190[cobblestone:93 sand:47 torch:24] | F12=154[dirt:62 cobblestone:38 leaf_litter:22] | F13=63[dirt:40 sand:26 leaf_litter:23] | F14=116[dirt:11 oak_planks:7 stick:6] | F15=89[dirt:46 leaf_litter:6 stick:4] | F16=156[cobblestone:75 granite:12 leaf_litter:9] | F17=218[cobblestone:93 torch:14 coal:6] | F18=108[cobblestone:72 dirt:8 andesite:8] | F19=241[cobblestone:81 coal:51 andesite:35]
   mem: heap=119M/155M old=-1M ext=134M ab=131M rss=389M cols=1933 ents=2451 evicted=1515 path=6a/5q (max 6) stale=0
F17 iron commune: chest holds 0 ingot(s) - nothing to complete here
F18 retry #1 in 6.1s (Timeout waiting for 4 ticks after 5200ms)
F5 [F5] craft torches: skip (no coal: sticks 3 coals 0)
F7 smelted 1 (copper_ingot:1) rescued=0
F14 [F14] water: pass 17 head=dry shore=hit r=2 land=none y=62.4 o2=20 probes=0 at=[-113,62,368]
F2 [F2] water: pass 12 head=wet shore=none land=n/a y=49.1 o2=20 probes=0 at=[-119,49,399]
F2 tunnel: 2 blocks (branch mine at the floor, steered, floor lock)
F15 tunnel: 6 blocks (branch mine at the floor, steered, ore detour)
F15 [F15] craft torches: skip (no coal: sticks 4 coals 0)
F15 [F15] digShaft: water table y=57 (region strike) - stopping above the aquifer, the tunnel owns this level (regions 2)
F15 tunnel: steering coal_ore @ 6.6b (axis z+, cross 0.6999999999999886, floor lock)
F2 [F2] craft torches: skip (no coal: sticks 6 coals 0)
F2 [F2] craft torches: skip (no coal: sticks 6 coals 0)
F2 tunnel: steering coal_ore @ 8.3b (axis x--1, cross 1.6198162396725024, floor lock)
F2 tunnel: 0 blocks (branch mine at the floor, steered, floor lock)
F2 [F2] craft torches: skip (no coal: sticks 6 coals 0)
F2 [F2] craft torches: skip (no coal: sticks 6 coals 0)
F2 tunnel: steering coal_ore @ 8.5b (axis z--1, cross 2.299999999999997, floor lock)
F2 tunnel: 0 blocks (branch mine at the floor, steered, floor lock)
F11 smelted 13 (copper_ingot:13) rescued=0
F2 [F2] craft torches: skip (no coal: sticks 6 coals 0)
F2 [F2] craft torches: skip (no coal: sticks 6 coals 0)
F2 tunnel: steering iron_ore @ 8.1b (axis z--1, cross 0.7000000000000028, floor lock)
F2 tunnel: 0 blocks (branch mine at the floor, steered, floor lock)
F2 tunnel: 0 blocks x3 - sealed or flooded, cooling down 15s
F17 iron commune: chest holds 0 ingot(s) - nothing to complete here
F14 [F14] water: pass 21 head=dry shore=hit r=2 land=none y=62.1 o2=20 probes=0 at=[-112,62,368]
F2 [F2] water: pass 16 head=dry shore=hit r=2 land=none y=49.2 o2=20 probes=0 at=[-120,49,399]
F14 [F14] water: rescue complete in 10.3s
F14 [F14] water: hazard memorized at [-112,62,368] (11 live, fleet-wide)
[hb] n=27 ts=541s rss=387M late=135ms mainLate=736ms
F15 tunnel: 0 blocks (branch mine at the floor, steered, floor lock)
F2 [F2] water: pass 21 head=dry shore=hit r=2 land=none y=49.2 o2=20 probes=0 at=[-120,49,399]
F9 [F9] torch: the placement did not land (dry) x1 - the streak names itself once, a landing re-arms it
F5 [F5] digShaft: water table y=49 (region strike) - stopping above the aquifer, the tunnel owns this level (regions 2)
F5 tunnel: steering iron_ore @ 8b (axis z--1, cross 1.5, ore detour)
F2 [F2] water: frozen physics (10 flat passes at y=49.2, o2=20) - standing down, the reconnect lane owns this
F2 [F2] water: rescue standing down (frozen physics - the walk gate reopens, the reconnect lane owns a dead client) in 9.6s
F2 [F2] water: hazard memorized at [-120,49,398] (12 live, fleet-wide)
F4 [F4] craft torches: skip (no coal: sticks 3 coals 0)
F18 sword due: cobble available
F18 sword: no table reachable or placeable
F18 sword: failed (no table)
F18 [F18] craft torches: skip (no coal: sticks 4 coals 0)
F18 [F18] digShaft: water hazard 0.6b away (live 12) - refusing this column, the caller rotates
F18 tunnel: steering coal_ore @ 11.5b (axis z--1, cross 0.29999999999999716, ore detour)
F11 iron commune: chest holds 0 ingot(s) - nothing to complete here
F14 [F14] craft torches: skip (no coal: sticks 6 coals 0)
F8 [F8] craft torches: skip (the pocket torch cap: held 24 of 24 - sticks 3 coals 18)
F17 iron commune: chest holds 0 ingot(s) - nothing to complete here
F17 [F17] direct deposit: 27 chest slots derived from the 63-slot view
F17 bank: +188
F9 tunnel: 13 blocks (branch mine at the floor, steered, ore detour)
F7 iron commune: chest holds 0 ingot(s) - nothing to complete here
F11 iron commune: chest holds 0 ingot(s) - nothing to complete here
F18 [F18] water: frozen-return gate holds the page (2s left) - the fresh client walks the hazard-ledgered column out
F4 tool upgrade due: cobble available -> stone_pickaxe
F4 [toolupgrade] [upgrade] craft stick: no craftable recipe variant (ingredients missing?)
F12 map trip: sand
F5 tunnel: 6 blocks (branch mine at the floor, steered, ore detour)
F3 recovery brake: 1 consecutive failures - next attempt in 45s
F3 tool recovery: failed (no planks recipe)
F3 [F3] craft torches: skip (no coal: sticks 3 coals 0)
F3 reloot: no walk (no-time)
F3 [F3] craft torches: skip (no coal: sticks 3 coals 0)
F3 tunnel: steering coal_ore @ 4.7b (axis z+, cross 1.3281496181507038, floor lock)
F7 iron commune: chest holds 0 ingot(s) - nothing to complete here
F9 [F9] craft torches: skip (no coal: sticks 7 coals 0)
F9 [F9] digShaft: water hazard 8.6b away (live 12) - refusing this column, the caller rotates
F9 tunnel: steering copper_ore @ 16.9b (axis x+, cross 0.5, ore detour)
F18 tunnel: 2 blocks (branch mine at the floor, steered, ore detour)
F18 [F18] craft torches: skip (no coal: sticks 4 coals 0)
F18 [F18] digShaft: water hazard 0.8b away (live 12) - refusing this column, the caller rotates
F18 tunnel: steering coal_ore @ 11.4b (axis z--1, cross 1.7000000000000028, floor lock)
t-50s alive=19/19 mined=2827 map=1314p/19ch banked=1341 smelted=29 pocket=1988u/261s | sand=132 gravel=6 dirt=314 stone=0
   deficits: 157926/132 (0.1%) 149380/6 (0.0%) 31860/0 (0.0%) 27420/0 (0.0%) 10725/51 (0.5%)
   F1=186[torch:12 stick:6 oak_planks:5] | F2=78[cobblestone:26 sand:13 leaf_litter:13] | F3=60[dirt:20 leaf_litter:5 gravel:4] | F4=215[cobblestone:7 oak_planks:5 stick:3] | F5=173[cobblestone:9 dirt:5 oak_sapling:4] | F6=200[cobblestone:24 stick:4 oak_planks:3] | F7=149[cobblestone:75 raw_copper:22 oak_planks:4] | F8=178[cobblestone:80 dirt:34 diorite:29] | F9=84[dirt:44 sand:28 leaf_litter:19] | F10=137[cobblestone:11 stick:4 oak_log:3] | F11=190[cobblestone:93 sand:47 torch:24] | F12=163[dirt:65 cobblestone:38 leaf_litter:23] | F13=63[dirt:40 sand:26 leaf_litter:23] | F14=120[dirt:14 oak_planks:7 stick:6] | F15=90[dirt:49 leaf_litter:6 stick:4] | F16=172[cobblestone:91 granite:12 leaf_litter:9] | F17=218[cobblestone:29 torch:14 oak_log:5] | F18=110[cobblestone:75 dirt:8 andesite:8] | F19=241[cobblestone:81 coal:51 andesite:35]
   mem: heap=119M/156M old=-1M ext=139M ab=137M rss=393M cols=1931 ents=2383 evicted=1579 path=6a/5q (max 6) stale=0
F18 [F18] water: drowning rescue start (drowning, oxygen 10)
F18 [F18] water: pass 0 head=wet shore=none land=n/a y=44.0 o2=10 probes=0 at=[-118,44,400]
F14 [F14] water: drowning rescue start (drowning, oxygen 14)
F14 [F14] water: pass 0 head=wet shore=none land=n/a y=58.0 o2=14 probes=0 at=[-120,58,377]
F17 [F17] craft torches: stick-dry with logs held - one plank conversion first
F8 pre-position: 48b from yard, t-49s - walking home
F17 [F17] craft torches: stick-dry but 7 planks held - one stick batch first
F17 [F17] craft torches: skip (no coal: sticks 6 coals 0)
F11 iron commune: chest holds 0 ingot(s) - nothing to complete here
F4 [toolupgrade] [upgrade] upgraded: stone_pickaxe,wooden_pickaxe,wooden_pickaxe
F4 tool upgrade: OK -> stone_pickaxe (stone_pickaxe,wooden_pickaxe,wooden_pickaxe)
F4 [F4] craft torches: stick-dry but 5 planks held - one stick batch first
F11 [F11] direct deposit: 27 chest slots derived from the 63-slot view
F11 [F11] direct deposit: 27 chest slots derived from the 63-slot view
F11 bank: +228
F4 [F4] craft torches: skip (no coal: sticks 5 coals 0)
F4 tunnel: steering coal_ore @ 6.4b (axis x--1, cross 0.500216763689366, ore detour)
F9 tunnel: 0 blocks (branch mine at the floor, steered, ore detour)
F9 [F9] craft torches: skip (no coal: sticks 7 coals 0)
F14 tunnel: steering coal_ore @ 8.8b (axis z+, cross 2.425272891534533, ore detour)
F14 [F14] water: pass 8 head=wet shore=none land=n/a y=61.9 o2=12 probes=0 at=[-120,62,377]
F18 [F18] water: pass 8 head=wet shore=none land=n/a y=46.2 o2=12 probes=0 at=[-119,46,400]
F10 [F10] craft torches: skip (no coal: sticks 4 coals 0)
F10 [F10] digShaft: water hazard 2.1b away (live 12) - refusing this column, the caller rotates
F12 tool upgrade due: worn (left=7/59) -> stone_pickaxe
F18 [F18] water: deep-pocket ascend - dug the ceiling stone at [-119,48,400] (jump stalled 4+ passes, o2 13)
F11 tool upgrade due: cobble available -> stone_pickaxe
F12 [toolupgrade] spare table: crafted
F14 [F14] water: pass 11 head=dry shore=hit r=1 land=none y=62.5 o2=20 probes=0 at=[-120,62,378]
F18 [F18] water: pass 11 head=wet shore=none land=n/a y=46.4 o2=20 probes=0 at=[-119,46,400]
F7 iron commune: chest holds 0 ingot(s) - nothing to complete here
F7 [F7] direct deposit: 27 chest slots derived from the 63-slot view
F7 bank: +168
F1 [F1] craft torches: skip (no coal: sticks 6 coals 0)
F1 [F1] digShaft: water table y=49 (region strike) - stopping above the aquifer, the tunnel owns this level (regions 2)
F1 [F1] craft torches: skip (no coal: sticks 6 coals 0)
F1 [F1] digShaft: water table y=49 (region strike) - stopping above the aquifer, the tunnel owns this level (regions 2)
F1 tunnel: steering coal_ore @ 6.7b (axis z+, cross 2.34712004975826, floor lock)
F17 [F17] craft torches: skip (no coal: sticks 6 coals 0)
F18 [F18] water: frozen physics (10 flat passes at y=46.2, o2=20, head WET) - standing down, the reconnect lane owns this
F18 [F18] water: rescue standing down (frozen physics - the walk gate reopens, the reconnect lane owns a dead client) in 5.9s
F18 [F18] water: frozen client relog (#3 consecutive) (frozen while head-wet (1 verdict) - the drowning clock owns this client) - ending the session, the reconnect lane rebuilds the physics; the drowning sentry holds non-critical pages 40s (the frozen-return gate)
F18 [F18] water: hazard memorized at [-119,46,400] (12 live, fleet-wide)
F6 tunnel: 0 blocks (branch mine at the floor, floor lock)
F14 tunnel: 2 blocks (branch mine at the floor, steered, ore detour)
F14 [F14] water: pass 14 head=dry shore=hit r=1 land=none y=63.4 o2=20 probes=0 at=[-120,63,379]
F14 [F14] craft torches: skip (no coal: sticks 6 coals 0)
F14 tunnel: steering coal_ore @ 8.7b (axis z+, cross 2.3918228387950364, ore detour)
F14 tunnel: 0 blocks (branch mine at the floor, steered, ore detour)
F14 [F14] craft torches: skip (no coal: sticks 6 coals 0)
F14 tunnel: steering coal_ore @ 8.8b (axis z+, cross 3.3918228387950364, floor lock)
F14 tunnel: 0 blocks (branch mine at the floor, steered, floor lock)
F14 [F14] craft torches: skip (no coal: sticks 6 coals 0)
F10 tunnel: 0 blocks (branch mine at the floor, ore detour)
F10 [F10] craft torches: skip (no coal: sticks 4 coals 0)
F12 [toolupgrade] stone_pickaxe: crafted (worn (left=7/59))
F12 tool upgrade: OK -> stone_pickaxe (worn (left=7/59))
F12 [F12] craft torches: the metal fuel reserve holds all 2 coal for the furnace (11 raw metal held)
F12 [F12] digShaft: water hazard 2.9b away (live 12) - refusing this column, the caller rotates
F12 tunnel: steering iron_ore @ 18.4b (axis z+, cross 1.567368023574602, ore detour)
F5 tool upgrade due: worn (left=3/131) -> stone_pickaxe
F5 [toolupgrade] craft crafting_table: no craftable recipe variant (ingredients missing?)
F3 tunnel: 6 blocks (branch mine at the floor, steered, floor lock)
F14 tunnel: 0 blocks (branch mine at the floor, ore detour)
F14 tunnel: 0 blocks x3 - sealed or flooded, cooling down 15s
F11 [toolupgrade] [upgrade] upgraded: stone_pickaxe,wooden_shovel,wooden_pickaxe,wooden_pickaxe
F11 tool upgrade: OK -> stone_pickaxe (stone_pickaxe,wooden_shovel,wooden_pickaxe,wooden_pickaxe)
F11 [F11] craft torches: skip (no coal: sticks 3 coals 0)
F5 [toolupgrade] plank rung: converted 1->4 same-type planks (need 4, from oak_log)
F6 [F6] craft torches: skip (no coal: sticks 4 coals 0)
F12 tunnel: 1 blocks (branch mine at the floor, steered, ore detour)
F12 bank trip: skipped (pockets full, 41s left < 150s - the end-phase owns the deadline banking)
F12 [F12] craft torches: the metal fuel reserve holds all 2 coal for the furnace (11 raw metal held)
F12 [F12] digShaft: water hazard 2.6b away (live 12) - refusing this column, the caller rotates
F12 tunnel: 0 blocks (branch mine at the floor, floor lock)
F12 bank trip: skipped (pockets full, 41s left < 150s - the end-phase owns the deadline banking)
F14 [F14] water: pass 18 head=dry shore=hit r=1 land=none y=63.3 o2=20 probes=0 at=[-117,63,377]
F5 [toolupgrade] spare table: crafted
F10 [F10] digShaft: water table y=57 (region strike) - stopping above the aquifer, the tunnel owns this level (regions 2)
F1 tunnel: 3 blocks (branch mine at the floor, steered, floor lock)
F3 [F3] vein sweep: 1 drop(s) in reach (1 dug)
[hb] n=28 ts=561s rss=397M late=141ms mainLate=465ms
F19 pre-position: 51b from yard, t-39s - walking home
F19 [F19] climb wet escape: oxygen 1 at the floor - the escape yields, the rescue lane owns the air
F19 climb out (pre-position): failed - low-o2
F19 [F19] climb wet escape: oxygen 1 at the floor - the escape yields, the rescue lane owns the air
F19 final climb: no retry (no retry for 'low-o2')
F19 final climb: failed - low-o2
F19 final bank: 0 (still underground after 1 climb attempt - the chain from the shaft bottom is doomed walks)
F19 retry #1 in 5.5s ()
F4 tunnel: 12 blocks (branch mine at the floor, steered, ore detour)
F17 tunnel: 0 blocks (branch mine at the floor, floor lock)
F5 [toolupgrade] stone_pickaxe: crafted (worn (left=3/131))
F5 tool upgrade: OK -> stone_pickaxe (worn (left=3/131))
F5 [F5] craft torches: stick-dry with logs held - one plank conversion first
F14 [F14] water: rescue complete in 11.8s
F14 [F14] water: hazard memorized at [-118,62,377] (13 live, fleet-wide)
F5 [F5] craft oak_planks: no craftable recipe variant (ingredients missing?)
F5 [F5] craft torches: stick-dry but 5 planks held - one stick batch first
F5 [F5] craft torches: skip (no coal: sticks 5 coals 0)
F12 pre-position: 53b from yard, t-37s - walking home
F12 bank: smelt hold skipped - no fuel in pocket (coal 2)
t-35s alive=19/19 mined=2899 map=1323p/19ch banked=1737 smelted=29 pocket=1846u/262s | sand=86 gravel=13 dirt=314 stone=0
   deficits: 157926/86 (0.1%) 149380/13 (0.0%) 31860/0 (0.0%) 27420/0 (0.0%) 10725/61 (0.6%)
   F1=189[torch:12 andesite:10 stick:6] | F2=78[cobblestone:26 sand:13 leaf_litter:13] | F3=67[dirt:20 cobblestone:17 granite:13] | F4=230[cobblestone:12 stick:5 diorite:5] | F5=178[cobblestone:14 dirt:5 stick:5] | F6=200[cobblestone:24 stick:4 oak_planks:3] | F7=149[oak_planks:4 stick:3 oak_sapling:3] | F8=197[cobblestone:88 diorite:40 dirt:34] | F9=85[dirt:44 sand:28 leaf_litter:20] | F10=142[cobblestone:11 stick:4 leaf_litter:4] | F11=190[cobblestone:24 torch:24 oak_log:3] | F12=164[dirt:65 cobblestone:35 leaf_litter:23] | F13=63[dirt:39 sand:26 leaf_litter:23] | F14=123[dirt:15 oak_planks:7 stick:6] | F15=90[dirt:49 leaf_litter:6 stick:4] | F16=184[cobblestone:99 granite:12 leaf_litter:9] | F17=218[cobblestone:29 torch:14 stick:6] | F18=111[cobblestone:75 dirt:8 andesite:8] | F19=241[cobblestone:81 coal:51 andesite:35]
   mem: heap=124M/158M old=-1M ext=132M ab=129M rss=398M cols=1797 ents=2222 evicted=1642 path=6a/4q (max 6) stale=0
F10 [F10] craft torches: skip (no coal: sticks 4 coals 0)
F3 [F3] vein sweep: +2u walked from the drops (1 dug)
F3 vein sweep: 1 ores dug beside the gallery (floor lock)
F4 [F4] vein sweep: 5 drop(s) in reach (6 dug)
F19 [F19] water: drowning rescue start (drowning, oxygen 0)
F19 [F19] water: pass 0 head=wet shore=none land=n/a y=48.1 o2=0 probes=0 at=[-86,48,388]
F17 [F17] craft torches: skip (no coal: sticks 6 coals 0)
F19 [F19] water: frozen physics (4 flat passes at y=48.2, o2=0, head WET - the wet-critical fast window) - standing down, the reconnect lane owns this
F19 [F19] water: rescue standing down (frozen physics - the walk gate reopens, the reconnect lane owns a dead client) in 0.7s
F19 [F19] water: frozen client relog (#4 consecutive) (frozen while head-wet (1 verdict) - the drowning clock owns this client) - ending the session, the reconnect lane rebuilds the physics; the drowning sentry holds non-critical pages 60s (the frozen-return gate)
F19 [F19] water: hazard memorized at [-87,48,388] (13 live, fleet-wide)
F12 [F12] water: drowning rescue start (drowning, oxygen 13)
F12 [F12] water: pass 0 head=wet shore=none land=n/a y=60.0 o2=13 probes=0 at=[-153,60,395]
F3 tool upgrade due: cobble available -> stone_pickaxe
F3 [toolupgrade] [upgrade] craft stick: no craftable recipe variant (ingredients missing?)
F4 [F4] vein sweep: the drop walk to [-140,43,430] failed - No path to the goal! (dy 0.0, range 1)
F4 [F4] vein sweep: the drop walks picked nothing (pocket delta 0, 1 failed walk(s))
F4 [F4] vein sweep: 4 deep drop(s) skipped (dy < -2 - the lip sphere cannot reach, the walk was a guaranteed spiral)
F4 vein sweep: 6 ores dug beside the gallery (ore detour)
F4 [F4] craft torches: skip (no coal: sticks 5 coals 0)
F4 tunnel: steering coal_ore @ 4.1b (axis z--1, cross 0.5, floor lock)
F12 [F12] water: pass 5 head=dry shore=hit r=2 land=none y=62.3 o2=19 probes=0 at=[-149,62,395]
F1 [F1] craft torches: skip (no coal: sticks 6 coals 0)
F16 [F16] water: drowning rescue start (drowning, oxygen 13)
F16 [F16] water: pass 0 head=wet shore=none land=n/a y=55.0 o2=13 probes=0 at=[-104,55,361]
F1 [F1] digShaft: water table y=49 (region strike) - stopping above the aquifer, the tunnel owns this level (regions 2)
F1 tunnel: steering coal_ore @ 5.4b (axis x+, cross 0.49981809825868595, ore detour)
F5 [F5] craft torches: skip (no coal: sticks 5 coals 0)
F5 [F5] craft torches: skip (no coal: sticks 5 coals 0)
F5 tunnel: steering coal_ore @ 4.7b (axis x+, cross 2.5, floor lock)
F18 tunnel: 1 blocks (branch mine at the floor, steered, floor lock)
F17 [F17] craft torches: skip (no coal: sticks 6 coals 0)
F12 [F12] water: pass 9 head=dry shore=hit r=2 land=none y=62.8 o2=20 probes=0 at=[-145,63,397]
F14 [F14] craft torches: skip (no coal: sticks 6 coals 0)
F10 tunnel: steering iron_ore @ 16.3b (axis z+, cross 2.5, ore detour)
F16 [F16] water: pass 8 head=wet shore=none land=n/a y=59.1 o2=10 probes=0 at=[-104,59,361]
F3 [toolupgrade] [upgrade] upgraded: stone_pickaxe,wooden_shovel,wooden_pickaxe,wooden_pickaxe
F3 tool upgrade: OK -> stone_pickaxe (stone_pickaxe,wooden_shovel,wooden_pickaxe,wooden_pickaxe)
F3 sword due: cobble available
F4 tunnel: 2 blocks (branch mine at the floor, steered, floor lock)
F3 sword: OK (stone_sword, holds 1)
F3 sword: OK (stone_sword)
F3 [F3] craft torches: stick-dry but 5 planks held - one stick batch first
F3 [F3] craft torches: 2 batch(es) -> 8 torches (sticks 0 coals 2)
F3 [F3] craft torches: stick-dry with logs held - one plank conversion first
F12 [F12] water: pass 13 head=dry shore=hit r=1 land=none y=63.8 o2=20 probes=0 at=[-143,64,397]
F11 tunnel: 0 blocks (branch mine at the floor, floor lock)
F3 [F3] craft torches: stick-dry but 7 planks held - one stick batch first
F16 [F16] water: pass 15 head=dry shore=hit r=4 land=none y=62.2 o2=16 probes=0 at=[-104,62,363]
F3 [F3] craft torches: skip (no coal: sticks 6 coals 0)
F3 tunnel: steering copper_ore @ 6.6b (axis z+, cross 1.5, floor lock)
F10 tunnel: 1 blocks (branch mine at the floor, steered, ore detour)
F4 [F4] vein sweep: 8 drop(s) in reach (4 dug)
F4 [F4] vein sweep: the drop walk to [-140,43,430] failed - doomed goal (ledgered 8s ago at [-141,43,429]) - sweep drops refused (dy 1.0, range 2)
F4 [F4] vein sweep: the drop walks picked nothing (pocket delta 0, 1 failed walk(s))
F4 [F4] vein sweep: 1 above-plane walk(s) timed out on the wide goal (range 2) - the ledge family (the v0.189.0 class, the triage names it)
F4 [F4] vein sweep: 7 deep drop(s) skipped (dy < -2 - the lip sphere cannot reach, the walk was a guaranteed spiral)
F4 vein sweep: 4 ores dug beside the gallery (floor lock)
F12 [F12] water: rescue complete in 8.3s
F12 [F12] water: hazard memorized at [-144,62,396] (12 live, fleet-wide)
F16 [F16] climb diag: level at y=55 blocked toward 0,-1 (dug=34, wet) at [0,2,0] water (stop)
F6 tunnel: 0 blocks (branch mine at the floor, ore detour)
F6 tunnel: 0 blocks x3 - sealed or flooded, cooling down 15s
F16 [F16] water: pass 20 head=dry shore=hit r=1 land=none y=62.8 o2=20 probes=0 at=[-106,63,366]
F16 [F16] climb bridge: the server refused the support fill at [-106,62,365] - the rotate ladder owns it (held=cobblestone, 0.9b, ref=sand, post=? (re-read failed))
F16 [F16] climb diag: level at y=62 blocked toward 1,0 (dug=34)
F3 tunnel: 0 blocks (branch mine at the floor, steered, floor lock)
F16 [F16] climb bridge: placed cobblestone at [-106,62,366] (support) - the step re-judges
F16 [F16] climb diag: level at y=63 blocked toward 0,1 (dug=34)
F17 tunnel: 0 blocks (branch mine at the floor, floor lock)
t-20s alive=19/19 mined=2952 map=1342p/19ch banked=1737 smelted=29 pocket=1919u/269s | sand=92 gravel=14 dirt=323 stone=0
   deficits: 157926/92 (0.1%) 149380/14 (0.0%) 31860/0 (0.0%) 27420/0 (0.0%) 10725/65 (0.6%)
   F1=200[andesite:14 cobblestone:13 torch:12] | F2=78[cobblestone:27 sand:13 leaf_litter:13] | F3=67[dirt:20 granite:13 cobblestone:12] | F4=239[cobblestone:15 stick:5 diorite:5] | F5=189[cobblestone:22 dirt:5 stick:5] | F6=200[cobblestone:24 stick:4 oak_planks:3] | F7=149[oak_planks:4 stick:3 oak_sapling:3] | F8=215[cobblestone:102 diorite:40 dirt:38] | F9=85[dirt:44 sand:28 leaf_litter:20] | F10=145[cobblestone:11 stick:4 leaf_litter:4] | F11=190[cobblestone:24 torch:24 oak_log:3] | F12=164[dirt:65 cobblestone:35 leaf_litter:23] | F13=63[dirt:41 sand:26 leaf_litter:23] | F14=123[dirt:15 oak_planks:7 stick:6] | F15=90[dirt:49 leaf_litter:6 stick:4] | F16=185[cobblestone:98 granite:12 leaf_litter:9] | F17=218[cobblestone:29 torch:14 stick:6] | F18=111[cobblestone:75 dirt:8 andesite:8] | F19=241[cobblestone:81 coal:51 andesite:35]
   mem: heap=114M/159M old=-1M ext=137M ab=134M rss=399M cols=1901 ents=2357 evicted=1691 path=6a/4q (max 6) stale=0
F16 climb out (pre-position): failed - stalled
F16 final climb: no retry (no retry for 'rescue owns the bot')
F16 final climb: failed - rescue owns the bot
F16 final bank: 0 (still underground after 1 climb attempt - the chain from the shaft bottom is doomed walks)
F16 retry #1 in 4.8s ()
[hb] n=29 ts=581s rss=399M late=145ms mainLate=572ms
F8 climb out (pre-position): OK +12 levels (12 steps, 35 dug, 30s)
F16 [F16] water: rescue complete in 9.2s
F16 [F16] water: hazard memorized at [-106,62,365] (13 live, fleet-wide)
F1 tunnel: 12 blocks (branch mine at the floor, steered, ore detour)
F5 tunnel: 12 blocks (branch mine at the floor, steered, floor lock)
F14 [F14] digShaft: water hazard 3.3b away (live 13) - refusing this column, the caller rotates
F3 [F3] vein sweep: 3 drop(s) in reach (5 dug)
F12 [F12] raw hop failed: raw walk timeout after 20011ms (d=8.0) - pathfinder retry
F16 [F16] KICKED: {"type":"compound","value":{"translate":{"type":"string","value":"multiplayer.disconnect.duplicate_login"}}}
F5 [F5] vein sweep: 6 drop(s) in reach (6 dug)
F15 [F15] craft torches: skip (no coal: sticks 4 coals 0)
F15 [F15] digShaft: water table y=57 (region strike) - stopping above the aquifer, the tunnel owns this level (regions 2)
F15 tunnel: steering coal_ore @ 9b (axis z+, cross 0.30000000000001137, ore detour)
F8 [F8] hop: chest at [-145,70,423] d=42 zero: chest unreachable (Took to long to decide path to goal!)
F8 [F8] chest skip (no path cached 0s ago at [-145,70,421])
F8 [F8] chest skip (no path cached 0s ago at [-145,70,419])
F13 [F13] water: drowning rescue start (drowning, oxygen 15)
F13 [F13] water: pass 0 head=wet shore=none land=n/a y=61.0 o2=15 probes=0 at=[-145,61,395]
F13 [F13] craft torches: skip (no coal: sticks 5 coals 0)
F8 [F8] hop: chest at [-145,70,417] d=47 zero: chest unreachable (Took to long to decide path to goal!)
F13 tunnel: steering copper_ore @ 14.3b (axis x+, cross 1.264801419190519, ore detour)
F13 tunnel: 0 blocks (branch mine at the floor, steered, ore detour)
F13 [F13] craft torches: skip (no coal: sticks 5 coals 0)
F13 tunnel: 0 blocks (branch mine at the floor, floor lock)
F13 [F13] craft torches: skip (no coal: sticks 5 coals 0)
F13 tunnel: 0 blocks (branch mine at the floor, ore detour)
F13 tunnel: 0 blocks x3 - sealed or flooded, cooling down 15s
F15 tunnel: 0 blocks (branch mine at the floor, steered, ore detour)
F15 [F15] craft torches: skip (no coal: sticks 4 coals 0)
F15 [F15] digShaft: water table y=57 (region strike) - stopping above the aquifer, the tunnel owns this level (regions 2)
F15 tunnel: steering coal_ore @ 7b (axis z+, cross 0.30000000000001137, floor lock)
F12 [F12] direct deposit: 27 chest slots derived from the 63-slot view
F12 end-bank budget spent - smelt skipped
F12 [F12] direct deposit: 27 chest slots derived from the 63-slot view
F12 pre-position bank: +160
F12 retry #1 in 7.1s ()
F8 [F8] hop: chest at [-140,70,423] d=41 zero: chest unreachable (Took to long to decide path to goal!)
F13 [F13] water: pass 6 head=dry shore=hit r=2 land=none y=62.8 o2=20 probes=0 at=[-146,63,396]
F15 tunnel: 0 blocks (branch mine at the floor, steered, floor lock)
F15 tunnel: 0 blocks x3 - sealed or flooded, cooling down 15s
F6 [F6] craft torches: skip (no coal: sticks 4 coals 0)
F11 [F11] craft torches: skip (no coal: sticks 3 coals 0)
F18 [F18] craft torches: skip (no coal: sticks 4 coals 0)
F8 [F8] hop: chest at [-135,70,423] d=42 zero: chest unreachable (Took to long to decide path to goal!)
F8 [F8] chest skip (no path cached 2s ago at [-140,70,421])
F10 [F10] craft torches: skip (no coal: sticks 4 coals 0)
F10 [F10] digShaft: water hazard 3.6b away (live 13) - refusing this column, the caller rotates
F10 tunnel: steering copper_ore @ 8.5b (axis z+, cross 0.3633027388394794, ore detour)
F2 [F2] craft torches: skip (no coal: sticks 6 coals 0)
F13 [F13] water: pass 10 head=dry shore=hit r=1 land=none y=63.4 o2=20 probes=0 at=[-147,63,400]
F8 [F8] hop: chest at [-130,70,423] d=42 zero: chest unreachable (Took to long to decide path to goal!)
F8 bank: chest unreachable (Took to long to decide path to goal!) (52 blocks from yard) - walking back
F8 yard approach: skipped (the clock cannot afford a segment + the walk floor)
F2 [F2] digShaft: water hazard 0.4b away (live 13) - refusing this column, the caller rotates
F2 [F2] craft torches: skip (no coal: sticks 6 coals 0)
F2 [F2] digShaft: water hazard 0.4b away (live 13) - refusing this column, the caller rotates
F2 tunnel: steering coal_ore @ 8.2b (axis z+, cross 2.299999999999997, floor lock)
F2 tunnel: 0 blocks (branch mine at the floor, steered, floor lock)
t-5s alive=19/19 mined=2982 map=1341p/19ch banked=1897 smelted=29 pocket=1800u/260s | sand=79 gravel=12 dirt=275 stone=0
   deficits: 157926/79 (0.1%) 149380/12 (0.0%) 31860/0 (0.0%) 27420/0 (0.0%) 10725/61 (0.6%)
   F1=202[cobblestone:16 andesite:14 torch:12] | F2=78[cobblestone:27 sand:13 leaf_litter:13] | F3=72[dirt:20 granite:13 cobblestone:12] | F4=239[cobblestone:15 stick:5 diorite:5] | F5=197[cobblestone:22 diorite:8 dirt:5] | F6=200[cobblestone:24 stick:4 oak_planks:3] | F7=149[oak_planks:4 stick:3 oak_sapling:3] | F8=215[cobblestone:102 dirt:43 diorite:40] | F9=85[dirt:44 sand:28 leaf_litter:20] | F10=147[cobblestone:11 stick:4 leaf_litter:4] | F11=193[cobblestone:24 torch:24 oak_log:3] | F12=164[oak_planks:4 birch_log:4 oak_sapling:3] | F13=63[dirt:40 sand:26 leaf_litter:23] | F14=133[dirt:25 leaf_litter:12 oak_planks:7] | F15=90[dirt:49 leaf_litter:6 stick:4] | F16=185[cobblestone:98 granite:12 leaf_litter:9] | F17=218[cobblestone:29 torch:14 stick:6] | F18=111[cobblestone:75 dirt:8 andesite:8] | F19=241[cobblestone:81 coal:51 andesite:35]
   mem: heap=130M/161M old=-1M ext=144M ab=141M rss=402M cols=1808 ents=2206 evicted=1533 path=6a/4q (max 6) stale=0
F11 [F11] digShaft: water table y=57 (region strike) - stopping above the aquifer, the tunnel owns this level (regions 2)
F11 tunnel: steering iron_ore @ 6.3b (axis x--1, cross 1.3311491872416923, ore detour)
F14 tunnel: 12 blocks (branch mine at the floor, floor lock)
F13 [F13] water: pass 13 head=dry shore=hit r=1 land=none y=62.1 o2=20 probes=0 at=[-147,62,399]
F12 [F12] KICKED: {"type":"compound","value":{"translate":{"type":"string","value":"multiplayer.disconnect.duplicate_login"}}}
F17 [F17] craft torches: skip (no coal: sticks 6 coals 0)
F10 tunnel: 4 blocks (branch mine at the floor, steered, ore detour)
F10 [F10] craft torches: skip (no coal: sticks 4 coals 0)
F18 retry #1 in 6.1s (Timeout waiting for 4 ticks after 5200ms)
F16 pre-position: 54b from yard, t-1s - walking home
F10 [F10] digShaft: water table y=57 (region strike) - stopping above the aquifer, the tunnel owns this level (regions 2)
F6 final bank: staggered +96s
F13 [F13] water: pass 16 head=dry shore=hit r=3 land=none y=64.2 o2=20 probes=0 at=[-147,64,397]
F9 final bank: staggered +80s
F11 tunnel: 4 blocks (branch mine at the floor, steered, ore detour)
[hb] n=30 ts=601s rss=412M late=151ms mainLate=528ms
F11 final bank deferred: night (tod=12417) - the pocket rides out the dark alive (the v0.140.1 night hold)
F19 final bank: staggered +40s
F8 bank walk path event: path_stop (explicit)
[worldmap] autosave: merged 18 from disk, 1377 positions on file
F2 [F2] water: drowning rescue start (drowning, oxygen 15)
F2 [F2] water: pass 0 head=wet shore=none land=n/a y=49.0 o2=15 probes=0 at=[-119,49,400]
F16 [F16] climb bridge: placed cobblestone at [-108,62,365] (pit) - the step re-judges
F16 climb out (pre-position): failed - stopped
F16 final bank deferred: night (tod=12414) - the pocket rides out the dark alive (the v0.140.1 night hold)
F8 bank: yard walk attempt 1 failed: Error: walk to yard: timeout after 5331ms
F8 bank: yard walk retry 2/3
F8 yard approach: skipped (the clock cannot afford a segment + the walk floor)
F8 bank: end-bank budget spent - yard walk cancelled
F8 end-bank budget spent - smelt skipped
F8 fuel anchor: skipped - the final leg clock (-0.7s) cannot afford the walk while the pocket holds 12 over the bound
F8 pre-position bank: 0 (budget exhausted)
F8 final bank deferred: night (tod=12415) - the pocket rides out the dark alive (the v0.140.1 night hold)
F5 [F5] vein sweep: lip dig refused - sealed floor (air 0, dy -1.0)
F5 [F5] vein sweep: +1u walked from the drops (6 dug)
F5 vein sweep: 6 ores dug beside the gallery (floor lock)
F5 final bank deferred: night (tod=12414) - the pocket rides out the dark alive (the v0.140.1 night hold)
F3 [F3] vein sweep: +3u walked from the drops (5 dug)
F3 vein sweep: 5 ores dug beside the gallery (floor lock)
F3 final bank: staggered +48s
F17 final bank deferred: night (tod=12433) - the pocket rides out the dark alive (the v0.140.1 night hold)
F14 final bank deferred: night (tod=12436) - the pocket rides out the dark alive (the v0.140.1 night hold)
F13 [F13] water: pass 18 head=dry shore=hit r=1 land=none y=62.8 o2=20 probes=0 at=[-147,63,397]
F2 [F2] vein sweep: 3 drop(s) in reach (2 dug)
F2 [F2] vein sweep: the drop walks picked nothing (pocket delta 0, 0 failed walk(s))
F2 vein sweep: 2 ores dug beside the gallery (floor lock)
F2 final bank deferred: night (tod=12458) - the pocket rides out the dark alive (the v0.140.1 night hold)
F2 [F2] water: pass 4 head=dry shore=hit r=1 land=none y=50.2 o2=20 probes=0 at=[-119,50,400]
F13 [F13] water: pass 21 head=dry shore=hit r=2 land=none y=64.0 o2=20 probes=0 at=[-147,64,399]
F10 final bank deferred: night (tod=12498) - the pocket rides out the dark alive (the v0.140.1 night hold)
F2 [F2] water: pass 9 head=dry shore=hit r=1 land=none y=50.2 o2=20 probes=0 at=[-119,50,400]
F4 final bank deferred: night (tod=12498) - the pocket rides out the dark alive (the v0.140.1 night hold)
F13 final bank deferred: night (tod=12517) - the pocket rides out the dark alive (the v0.140.1 night hold)
F2 [F2] water: frozen physics (10 flat passes at y=50.2, o2=20) - standing down, the reconnect lane owns this
F2 [F2] water: rescue standing down (frozen physics - the walk gate reopens, the reconnect lane owns a dead client) in 4.7s
F2 [F2] water: hazard memorized at [-119,50,399] (13 live, fleet-wide)
F4 [F4] combat: fighting skeleton (dist 2.8, hp 16.0, 1 nearby, sentry)
F13 [F13] water: pass 23 head=dry shore=hit r=1 land=none y=62.1 o2=20 probes=0 at=[-147,62,398]
F15 final bank deferred: night (tod=12554) - the pocket rides out the dark alive (the v0.140.1 night hold)
F13 [F13] water: pass 26 head=dry shore=hit r=1 land=none y=62.8 o2=20 probes=0 at=[-147,63,397]
t-0s alive=19/19 mined=2997 map=1376p/19ch banked=1897 smelted=29 pocket=1833u/263s | sand=88 gravel=12 dirt=283 stone=0
   deficits: 157926/88 (0.1%) 149380/12 (0.0%) 31860/0 (0.0%) 27420/0 (0.0%) 10725/61 (0.6%)
   F1=202[cobblestone:17 andesite:14 torch:12] | F2=80[cobblestone:27 sand:13 leaf_litter:13] | F3=72[dirt:20 granite:13 cobblestone:12] | F4=239[cobblestone:20 stick:5 diorite:5] | F5=197[cobblestone:22 diorite:9 dirt:5] | F6=201[cobblestone:24 stick:4 oak_planks:3] | F7=149[oak_planks:4 stick:3 oak_sapling:3] | F8=215[cobblestone:102 dirt:43 diorite:40] | F9=85[dirt:44 sand:28 leaf_litter:20] | F10=151[cobblestone:12 dirt:5 stick:4] | F11=199[cobblestone:24 torch:24 sand:9] | F12=164[oak_planks:4 birch_log:4 oak_sapling:3] | F13=63[dirt:40 sand:26 leaf_litter:23] | F14=135[dirt:27 leaf_litter:15 oak_planks:7] | F15=90[dirt:49 leaf_litter:6 stick:4] | F16=185[cobblestone:97 granite:12 leaf_litter:9] | F17=218[cobblestone:29 torch:14 stick:6] | F18=111[cobblestone:75 dirt:8 andesite:8] | F19=241[cobblestone:81 coal:51 andesite:35]
   mem: heap=117M/161M old=-1M ext=139M ab=137M rss=409M cols=293 ents=447 evicted=238 path=3a/0q (max 6) stale=0
F13 [F13] water: rescue complete in 22.4s
F13 [F13] water: hazard memorized at [-148,62,396] (14 live, fleet-wide)
F4 [F4] combat: melee chase ceiling held (chased 6.6b, skeleton @3.4) - the episode breaks, the next drop reopens it
F4 [F4] combat: ranged cooldown armed vs skeleton (10s) - the chase never wins the arrow trade
F4 [F4] combat: fight ended vs skeleton (chase ceiling, hp 16.0 -> 11.0, swings 4, weapon wooden_sword, 4 rounds)
F2 [F2] water: drowning rescue start (drowning, oxygen 10)
F2 [F2] water: pass 0 head=wet shore=none land=n/a y=49.0 o2=10 probes=0 at=[-119,49,400]
F2 [F2] water: pass 6 head=dry shore=hit r=1 land=none y=50.2 o2=20 probes=0 at=[-119,50,400]
F4 [F4] died - respawning (cause: server: was shot by Skeleton [kind=mob by Skeleton] | inferred: skeleton@3.3 (0s before death at [-129,36,423]) [the inference corroborates the server verdict])
F4 [F4] death drop: ~41u lost at [-129,36,423] (cobblestone 20, diorite 5, stick 5, oak_planks 3, oak_log 2, +5 more)
F4 [F4] water: death spot memorized as a hazard at [-129,36,423] (15 live, fleet-wide)
F2 [F2] water: pass 11 head=dry shore=hit r=1 land=none y=50.2 o2=20 probes=0 at=[-119,50,400]
F2 [F2] water: rescue standing down (frozen physics - the walk gate reopens, the reconnect lane owns a dead client) in 4.1s
F2 [F2] water: frozen client relog (#1 consecutive) (3 consecutive frozen verdicts) - ending the session, the reconnect lane rebuilds the physics; the drowning sentry holds non-critical pages 10s (the frozen-return gate)
F2 [F2] water: hazard memorized at [-119,50,399] (16 live, fleet-wide)
[hb] n=31 ts=621s rss=412M late=156ms mainLate=266ms
t-0s alive=19/19 mined=2997 map=1376p/19ch banked=1897 smelted=29 pocket=1793u/253s | sand=88 gravel=12 dirt=283 stone=0
   deficits: 157926/88 (0.1%) 149380/12 (0.0%) 31860/0 (0.0%) 27420/0 (0.0%) 10725/62 (0.6%)
   F1=202[cobblestone:17 andesite:15 torch:12] | F2=80[cobblestone:27 sand:13 leaf_litter:13] | F3=72[dirt:20 granite:13 cobblestone:12] | F4=239[empty] | F5=197[cobblestone:22 diorite:9 dirt:5] | F6=201[cobblestone:24 stick:4 oak_planks:3] | F7=149[oak_planks:4 stick:3 oak_sapling:3] | F8=215[cobblestone:102 dirt:43 diorite:40] | F9=85[dirt:44 sand:28 leaf_litter:20] | F10=151[cobblestone:12 dirt:5 stick:4] | F11=199[cobblestone:24 torch:24 sand:9] | F12=164[oak_planks:4 birch_log:4 oak_sapling:3] | F13=63[dirt:40 sand:26 leaf_litter:23] | F14=135[dirt:27 leaf_litter:15 oak_planks:7] | F15=90[dirt:49 leaf_litter:6 stick:4] | F16=185[cobblestone:97 granite:12 leaf_litter:9] | F17=218[cobblestone:29 torch:14 stick:6] | F18=111[cobblestone:75 dirt:8 andesite:8] | F19=241[cobblestone:81 coal:51 andesite:35]
   mem: heap=113M/159M old=-1M ext=134M ab=132M rss=412M cols=293 ents=475 evicted=238 path=2a/0q (max 6) stale=0
F1 final bank deferred: night (tod=13097) - the pocket rides out the dark alive (the v0.140.1 night hold)
t-0s alive=19/19 mined=2997 map=1376p/19ch banked=1897 smelted=29 pocket=1793u/253s | sand=88 gravel=12 dirt=283 stone=0
   deficits: 157926/88 (0.1%) 149380/12 (0.0%) 31860/0 (0.0%) 27420/0 (0.0%) 10725/62 (0.6%)
   F1=202[cobblestone:17 andesite:15 torch:12] | F2=80[cobblestone:27 sand:13 leaf_litter:13] | F3=72[dirt:20 granite:13 cobblestone:12] | F4=239[empty] | F5=197[cobblestone:22 diorite:9 dirt:5] | F6=201[cobblestone:24 stick:4 oak_planks:3] | F7=149[oak_planks:4 stick:3 oak_sapling:3] | F8=215[cobblestone:102 dirt:43 diorite:40] | F9=85[dirt:44 sand:28 leaf_litter:20] | F10=151[cobblestone:12 dirt:5 stick:4] | F11=199[cobblestone:24 torch:24 sand:9] | F12=164[oak_planks:4 birch_log:4 oak_sapling:3] | F13=63[dirt:40 sand:26 leaf_litter:23] | F14=135[dirt:27 leaf_litter:15 oak_planks:7] | F15=90[dirt:49 leaf_litter:6 stick:4] | F16=185[cobblestone:97 granite:12 leaf_litter:9] | F17=218[cobblestone:29 torch:14 stick:6] | F18=111[cobblestone:75 dirt:8 andesite:8] | F19=241[cobblestone:81 coal:51 andesite:35]
   mem: heap=121M/160M old=-1M ext=135M ab=132M rss=410M cols=198 ents=317 evicted=142 path=1a/0q (max 6) stale=0
[hb] n=32 ts=641s rss=410M late=160ms mainLate=283ms
F19 [F19] climb wet escape: oxygen 0 at the floor - the escape yields, the rescue lane owns the air
F19 final climb: no retry (no retry for 'low-o2')
F19 final climb: failed - low-o2
F19 final bank: 0 (still underground after 1 climb attempt - the chain from the shaft bottom is doomed walks)
F3 final climb: the yard stands 37 levels up over 30b lateral - climbing toward the yard's level (the walk ladder cannot)
t-0s alive=19/19 mined=3001 map=1376p/19ch banked=1897 smelted=29 pocket=1800u/253s | sand=88 gravel=15 dirt=283 stone=0
   deficits: 157926/88 (0.1%) 149380/15 (0.0%) 31860/0 (0.0%) 27420/0 (0.0%) 10725/62 (0.6%)
   F1=202[cobblestone:17 andesite:15 torch:12] | F2=80[cobblestone:27 sand:13 leaf_litter:13] | F3=76[dirt:20 gravel:15 granite:13] | F4=239[empty] | F5=197[cobblestone:22 diorite:9 dirt:5] | F6=201[cobblestone:24 stick:4 oak_planks:3] | F7=149[oak_planks:4 stick:3 oak_sapling:3] | F8=215[cobblestone:102 dirt:43 diorite:40] | F9=85[dirt:44 sand:28 leaf_litter:20] | F10=151[cobblestone:12 dirt:5 stick:4] | F11=199[cobblestone:24 torch:24 sand:9] | F12=164[oak_planks:4 birch_log:4 oak_sapling:3] | F13=63[dirt:40 sand:26 leaf_litter:23] | F14=135[dirt:27 leaf_litter:15 oak_planks:7] | F15=90[dirt:49 leaf_litter:6 stick:4] | F16=185[cobblestone:97 granite:12 leaf_litter:9] | F17=218[cobblestone:29 torch:14 stick:6] | F18=111[cobblestone:75 dirt:8 andesite:8] | F19=241[cobblestone:81 coal:51 andesite:35]
   mem: heap=121M/159M old=-1M ext=134M ab=132M rss=412M cols=198 ents=289 evicted=142 path=1a/0q (max 6) stale=0
F16 [F16] combat: fighting drowned (dist 4.7, hp 20.0, 1 nearby, proximity)
F3 [F3] climb bridge: the server refused the pit fill at [-113,41,427] - the rotate ladder owns it (held=cobblestone, 0.9b, ref=crafting_table, post=? (re-read failed))
F3 [F3] climb diag: level at y=42 blocked toward 0,-1 (dug=5)
[hb] n=33 ts=661s rss=412M late=166ms mainLate=42ms
F7 final bank deferred: night (tod=13718) - the pocket rides out the dark alive (the v0.140.1 night hold)
t-0s alive=19/19 mined=3008 map=1376p/19ch banked=1897 smelted=29 pocket=1802u/254s | sand=88 gravel=17 dirt=283 stone=0
   deficits: 157926/88 (0.1%) 149380/17 (0.0%) 31860/0 (0.0%) 27420/0 (0.0%) 10725/62 (0.6%)
   F1=202[cobblestone:17 andesite:15 torch:12] | F2=80[cobblestone:27 sand:13 leaf_litter:13] | F3=83[dirt:20 gravel:15 granite:13] | F4=239[empty] | F5=197[cobblestone:22 diorite:9 dirt:5] | F6=201[cobblestone:24 stick:4 oak_planks:3] | F7=149[oak_planks:4 stick:3 oak_sapling:3] | F8=215[cobblestone:102 dirt:43 diorite:40] | F9=85[dirt:44 sand:28 leaf_litter:20] | F10=151[cobblestone:12 dirt:5 stick:4] | F11=199[cobblestone:24 torch:24 sand:9] | F12=164[oak_planks:4 birch_log:4 oak_sapling:3] | F13=63[dirt:40 sand:26 leaf_litter:23] | F14=135[dirt:27 leaf_litter:15 oak_planks:7] | F15=90[dirt:49 leaf_litter:6 stick:4] | F16=185[cobblestone:97 granite:12 leaf_litter:9] | F17=218[cobblestone:29 torch:14 stick:6] | F18=111[cobblestone:75 dirt:8 andesite:8] | F19=241[cobblestone:81 coal:51 andesite:35]
   mem: heap=125M/159M old=-1M ext=136M ab=133M rss=410M cols=105 ents=146 evicted=12 path=0a/0q (max 6) stale=0
F16 [F16] combat: fight ended vs drowned (mob down, hp 20.0 -> 20.0, swings 5, weapon wooden_sword, 5 rounds)
F7 [F7] combat: fighting skeleton (dist 6.8, hp 16.8, 1 nearby, proximity)
F9 [F9] climb bridge: unavailable (no solid floor underfoot)
F9 [F9] climb diag: level at y=64 blocked toward -1,0 (dug=0)
[hb] n=34 ts=681s rss=410M late=171ms mainLate=10ms
F9 [F9] climb bridge: unavailable (no solid floor underfoot)
F9 [F9] climb diag: level at y=64 blocked toward 0,-1 (dug=1)
F9 [F9] climb bridge: unavailable (no solid floor underfoot)
F9 [F9] climb diag: level at y=64 blocked toward 1,0 (dug=2)
F9 final climb: retry (escalated retry after stalled, 145s fence)
F9 [F9] climb bridge: unavailable (no solid floor underfoot)
F9 [F9] climb diag: level at y=64 blocked toward 0,-1 (dug=0)
F9 [F9] climb bridge: unavailable (no solid floor underfoot)
F9 [F9] climb diag: level at y=64 blocked toward 1,0 (dug=0)
F9 [F9] climb bridge: unavailable (no solid floor underfoot)
F9 [F9] climb diag: level at y=64 blocked toward 0,1 (dug=0)
F9 final climb: failed - stalled [stage 1]
F9 final bank: 0 (still underground after 2 climb attempts - the chain from the shaft bottom is doomed walks)
t-0s alive=19/19 mined=3027 map=1376p/19ch banked=1897 smelted=29 pocket=1814u/255s | sand=88 gravel=17 dirt=283 stone=0
   deficits: 157926/88 (0.1%) 149380/17 (0.0%) 31860/0 (0.0%) 27420/0 (0.0%) 10725/62 (0.6%)
   F1=202[cobblestone:17 andesite:15 torch:12] | F2=80[cobblestone:27 sand:13 leaf_litter:13] | F3=100[cobblestone:22 dirt:20 gravel:15] | F4=239[empty] | F5=197[cobblestone:22 diorite:9 dirt:5] | F6=201[cobblestone:24 stick:4 oak_planks:3] | F7=149[oak_planks:4 stick:3 oak_sapling:3] | F8=215[cobblestone:102 dirt:43 diorite:40] | F9=87[dirt:44 sand:28 leaf_litter:20] | F10=151[cobblestone:12 dirt:5 stick:4] | F11=199[cobblestone:24 torch:24 sand:9] | F12=164[oak_planks:4 birch_log:4 oak_sapling:3] | F13=63[dirt:40 sand:26 leaf_litter:23] | F14=135[dirt:27 leaf_litter:15 oak_planks:7] | F15=90[dirt:49 leaf_litter:6 stick:4] | F16=185[cobblestone:97 granite:12 leaf_litter:9] | F17=218[cobblestone:29 torch:14 stick:6] | F18=111[cobblestone:75 dirt:8 andesite:8] | F19=241[cobblestone:81 coal:51 andesite:35]
   mem: heap=114M/160M old=-1M ext=134M ab=132M rss=410M cols=105 ents=146 evicted=12 path=1a/0q (max 6) stale=0
F7 [F7] combat: fight ended vs skeleton (deadline, hp 16.8 -> 16.8, swings 12, weapon wooden_sword, 12 rounds)
F6 final climb: OK +2 levels (1 steps, 0 dug, 1s)
F6 bank: holding 45s of 150s for the smelt leg
t-0s alive=19/19 mined=3048 map=1376p/19ch banked=1897 smelted=29 pocket=1835u/255s | sand=88 gravel=17 dirt=283 stone=0
   deficits: 157926/88 (0.1%) 149380/17 (0.0%) 31860/0 (0.0%) 27420/0 (0.0%) 10725/62 (0.6%)
   F1=202[cobblestone:17 andesite:15 torch:12] | F2=80[cobblestone:27 sand:13 leaf_litter:13] | F3=121[cobblestone:34 granite:22 dirt:20] | F4=239[empty] | F5=197[cobblestone:22 diorite:9 dirt:5] | F6=201[cobblestone:24 stick:4 oak_planks:3] | F7=149[oak_planks:4 stick:3 oak_sapling:3] | F8=215[cobblestone:102 dirt:43 diorite:40] | F9=87[dirt:44 sand:28 leaf_litter:20] | F10=151[cobblestone:12 dirt:5 stick:4] | F11=199[cobblestone:24 torch:24 sand:9] | F12=164[oak_planks:4 birch_log:4 oak_sapling:3] | F13=63[dirt:40 sand:26 leaf_litter:23] | F14=135[dirt:27 leaf_litter:15 oak_planks:7] | F15=90[dirt:49 leaf_litter:6 stick:4] | F16=185[cobblestone:97 granite:12 leaf_litter:9] | F17=218[cobblestone:29 torch:14 stick:6] | F18=111[cobblestone:75 dirt:8 andesite:8] | F19=241[cobblestone:81 coal:51 andesite:35]
   mem: heap=118M/160M old=-1M ext=135M ab=133M rss=412M cols=105 ents=146 evicted=12 path=0a/0q (max 6) stale=0
[hb] n=35 ts=701s rss=412M late=175ms mainLate=13ms
F6 [F6] raw hop failed: raw walk: no net progress for 8250ms (best d=5.4) - pathfinder retry
F8 [F8] combat: fighting zombie (dist 4.7, hp 20.0, 1 nearby, proximity)
F13 [F13] combat: fighting drowned (dist 4.4, hp 20.0, 1 nearby, proximity)
t-0s alive=19/19 mined=3069 map=1376p/19ch banked=1897 smelted=29 pocket=1857u/256s | sand=88 gravel=17 dirt=291 stone=0
   deficits: 157926/88 (0.1%) 149380/17 (0.0%) 31860/0 (0.0%) 27420/0 (0.0%) 10725/62 (0.6%)
   F1=202[cobblestone:17 andesite:15 torch:12] | F2=80[cobblestone:27 sand:13 leaf_litter:13] | F3=142[cobblestone:46 dirt:28 granite:22] | F4=239[empty] | F5=197[cobblestone:22 diorite:9 dirt:5] | F6=201[cobblestone:24 stick:4 oak_planks:3] | F7=149[oak_planks:4 stick:3 oak_sapling:3] | F8=215[cobblestone:102 dirt:43 diorite:40] | F9=87[dirt:44 sand:28 leaf_litter:20] | F10=151[cobblestone:12 dirt:5 stick:4] | F11=199[cobblestone:24 torch:24 sand:9] | F12=164[oak_planks:4 birch_log:4 oak_sapling:3] | F13=63[dirt:40 sand:26 leaf_litter:23] | F14=135[dirt:27 leaf_litter:15 oak_planks:7] | F15=90[dirt:49 leaf_litter:6 stick:4] | F16=185[cobblestone:97 granite:12 leaf_litter:9] | F17=218[cobblestone:29 torch:14 stick:6] | F18=111[cobblestone:75 dirt:8 andesite:8] | F19=241[cobblestone:81 coal:51 andesite:35]
   mem: heap=120M/160M old=-1M ext=136M ab=133M rss=414M cols=105 ents=146 evicted=12 path=1a/0q (max 6) stale=0
F13 [F13] combat: fight ended vs drowned (mob down, hp 20.0 -> 12.3, swings 7, weapon wooden_sword, 7 rounds)
F8 [F8] combat: fight ended vs zombie (mob down, hp 20.0 -> 11.0, swings 6, weapon wooden_sword, 6 rounds)
[hb] n=36 ts=721s rss=414M late=180ms mainLate=3ms
F13 [F13] water: drowning rescue start (drowning, oxygen 9)
F13 [F13] water: pass 0 head=wet shore=none land=n/a y=60.0 o2=9 probes=0 at=[-148,60,396]
F6 [F6] raw hop failed: raw walk stalled after 2003ms (d=8.6) - pathfinder retry
F13 [F13] water: pass 6 head=dry shore=hit r=1 land=none y=62.3 o2=17 probes=0 at=[-147,62,397]
F3 [F3] climb bridge: placed cobblestone at [-87,67,427] (support) - the step re-judges
F13 [F13] water: pass 11 head=dry shore=hit r=1 land=none y=64.0 o2=20 probes=0 at=[-148,64,403]
F3 [F3] climb diag: level at y=68 blocked toward 1,0 (dug=75)
F3 [F3] climb diag: level at y=68 blocked toward 0,1 (dug=75)
F3 final climb: retry (escalated retry after stalled, 79s fence)
F3 [F3] climb bridge: unavailable (no solid floor underfoot)
F3 [F3] climb diag: level at y=68 blocked toward 0,-1 (dug=0)
F3 [F3] climb bridge: unavailable (no solid floor underfoot)
F3 [F3] climb diag: level at y=68 blocked toward 1,0 (dug=0)
F3 [F3] climb bridge: unavailable (no solid floor underfoot)
F3 [F3] climb diag: level at y=68 blocked toward 0,1 (dug=0)
F3 final climb: failed - stalled
F3 final bank: 0 (still underground after 2 climb attempts - the chain from the shaft bottom is doomed walks)
F13 [F13] water: pass 14 head=dry shore=hit r=1 land=none y=63.0 o2=20 probes=0 at=[-151,63,404]
t-0s alive=19/19 mined=3075 map=1376p/19ch banked=1897 smelted=29 pocket=1865u/256s | sand=88 gravel=17 dirt=295 stone=0
   deficits: 157926/88 (0.1%) 149380/17 (0.0%) 31860/0 (0.0%) 27420/0 (0.0%) 10725/62 (0.6%)
   F1=202[cobblestone:17 andesite:15 torch:12] | F2=80[cobblestone:27 sand:13 leaf_litter:13] | F3=148[cobblestone:45 dirt:32 granite:22] | F4=239[empty] | F5=197[cobblestone:22 diorite:9 dirt:5] | F6=201[cobblestone:24 stick:4 oak_planks:3] | F7=149[oak_planks:4 stick:3 oak_sapling:3] | F8=215[cobblestone:102 dirt:43 diorite:40] | F9=87[dirt:44 sand:28 leaf_litter:20] | F10=151[cobblestone:12 dirt:5 stick:4] | F11=199[cobblestone:24 torch:24 sand:9] | F12=164[oak_planks:4 birch_log:4 oak_sapling:3] | F13=63[dirt:40 sand:26 leaf_litter:23] | F14=135[dirt:27 leaf_litter:15 oak_planks:7] | F15=90[dirt:49 leaf_litter:6 stick:4] | F16=185[cobblestone:97 granite:12 leaf_litter:9] | F17=218[cobblestone:29 torch:14 stick:6] | F18=111[cobblestone:75 dirt:8 andesite:8] | F19=241[cobblestone:81 coal:51 andesite:35]
   mem: heap=117M/160M old=-1M ext=136M ab=134M rss=414M cols=105 ents=146 evicted=12 path=1a/0q (max 6) stale=0
F9 [F9] combat: fighting zombie (dist 3.4, hp 20.0, 1 nearby, proximity)
F13 [F13] water: pass 18 head=dry shore=hit r=1 land=none y=63.8 o2=20 probes=0 at=[-152,64,402]
F13 [F13] water: pass 21 head=dry shore=hit r=1 land=none y=64.3 o2=20 probes=0 at=[-151,64,402]
F9 [F9] combat: fight ended vs zombie (mob down, hp 20.0 -> 18.2, swings 7, weapon wooden_sword, 7 rounds)
F6 [F6] hop: chest at [-125,70,423] d=5 zero: chest unreachable (walk to chest (retry): timeout after 15000ms)
F13 [F13] water: rescue complete in 16.5s
F13 [F13] water: hazard memorized at [-148,62,396] (3 live, fleet-wide)
[hb] n=37 ts=741s rss=411M late=185ms mainLate=38ms
t-0s alive=19/19 mined=3075 map=1376p/19ch banked=1897 smelted=29 pocket=1865u/256s | sand=88 gravel=17 dirt=295 stone=0
   deficits: 157926/88 (0.1%) 149380/17 (0.0%) 31860/0 (0.0%) 27420/0 (0.0%) 10725/62 (0.6%)
   F1=202[cobblestone:17 andesite:15 torch:12] | F2=80[cobblestone:27 sand:13 leaf_litter:13] | F3=148[cobblestone:45 dirt:32 granite:22] | F4=239[empty] | F5=197[cobblestone:22 diorite:9 dirt:5] | F6=201[cobblestone:24 stick:4 oak_planks:3] | F7=149[oak_planks:4 stick:3 oak_sapling:3] | F8=215[cobblestone:102 dirt:43 diorite:40] | F9=87[dirt:44 sand:28 leaf_litter:20] | F10=151[cobblestone:12 dirt:5 stick:4] | F11=199[cobblestone:24 torch:24 sand:9] | F12=164[oak_planks:4 birch_log:4 oak_sapling:3] | F13=63[dirt:40 sand:26 leaf_litter:23] | F14=135[dirt:27 leaf_litter:15 oak_planks:7] | F15=90[dirt:49 leaf_litter:6 stick:4] | F16=185[cobblestone:97 granite:12 leaf_litter:9] | F17=218[cobblestone:29 torch:14 stick:6] | F18=111[cobblestone:75 dirt:8 andesite:8] | F19=241[cobblestone:81 coal:51 andesite:35]
   mem: heap=114M/159M old=-1M ext=135M ab=133M rss=411M cols=105 ents=146 evicted=12 path=0a/0q (max 6) stale=0
F6 [F6] raw hop failed: raw walk: no net progress for 8013ms (best d=4.7) - pathfinder retry
F10 [F10] combat: fighting zombie (dist 4.7, hp 20.0, 1 nearby, proximity)
F3 [F3] combat: shelter skip (night=true armed=true hp=20 attackers=1 poison=off threat=creeper@6.9)
F3 [F3] combat: fleeing creeper (dist 6.9, hp 20.0, 1 nearby, proximity)
F13 [F13] combat: fighting zombie (dist 4.3, hp 14.3, 1 nearby, proximity)
F10 [F10] combat: drift return wait vs zombie (@5.5) - the swimmer always comes back
F10 [F10] combat: fight ended vs zombie (verdict ignore, hp 20.0 -> 20.0, swings 1, weapon wooden_sword, 1 rounds)
F13 [F13] combat: drift return wait vs zombie (@5.1) - the swimmer always comes back
F3 [F3] combat: flee bearing rotated 90deg (water/hazard vetoes the away target) vs creeper (proximity)
F13 [F13] combat: fight ended vs zombie (mob down, hp 14.3 -> 14.3, swings 6, weapon wooden_sword, 6 rounds)
t-0s alive=19/19 mined=3075 map=1376p/19ch banked=1897 smelted=29 pocket=1865u/256s | sand=88 gravel=17 dirt=295 stone=0
   deficits: 157926/88 (0.1%) 149380/17 (0.0%) 31860/0 (0.0%) 27420/0 (0.0%) 10725/62 (0.6%)
   F1=202[cobblestone:17 andesite:15 torch:12] | F2=80[cobblestone:27 sand:13 leaf_litter:13] | F3=148[cobblestone:45 dirt:32 granite:22] | F4=239[empty] | F5=197[cobblestone:22 diorite:9 dirt:5] | F6=201[cobblestone:24 stick:4 oak_planks:3] | F7=149[oak_planks:4 stick:3 oak_sapling:3] | F8=215[cobblestone:102 dirt:43 diorite:40] | F9=87[dirt:44 sand:28 leaf_litter:20] | F10=151[cobblestone:12 dirt:5 stick:4] | F11=199[cobblestone:24 torch:24 sand:9] | F12=164[oak_planks:4 birch_log:4 oak_sapling:3] | F13=63[dirt:40 sand:26 leaf_litter:23] | F14=135[dirt:27 leaf_litter:15 oak_planks:7] | F15=90[dirt:49 leaf_litter:6 stick:4] | F16=185[cobblestone:97 granite:12 leaf_litter:9] | F17=218[cobblestone:29 torch:14 stick:6] | F18=111[cobblestone:75 dirt:8 andesite:8] | F19=241[cobblestone:81 coal:51 andesite:35]
   mem: heap=126M/160M old=-1M ext=138M ab=136M rss=414M cols=105 ents=146 evicted=12 path=2a/0q (max 6) stale=0
[hb] n=38 ts=761s rss=414M late=190ms mainLate=36ms
F3 [F3] combat: shelter skip (night=true armed=true hp=16.333332061767578 attackers=2 poison=off threat=creeper@2.2)
F3 [F3] combat: fleeing creeper (dist 2.2, hp 16.3, 2 nearby, proximity)
F3 [F3] combat: flee bearing rotated 270deg (water/hazard vetoes the away target) vs creeper (proximity)
F9 [F9] combat: fighting zombie (dist 1.1, hp 16.2, 1 nearby, proximity)
F6 [F6] raw hop failed: raw walk: no net progress for 8110ms (best d=5.0) - pathfinder retry
F6 [F6] direct deposit: 27 chest slots derived from the 63-slot view
F6 [F6] banked 4 items at (-125, 70, 415) (direct=2 fallback=0 mirror=true kept: oak_planks, stick, birch_log, crafting_table)
F6 camp furnace: 1 near machine(s) beyond the 24b direct envelope (nearest d=11.4) - 12 inside the envelope keep the veto
F6 camp furnace: no build (machine near)
F9 [F9] combat: fight ended vs zombie (mob down, hp 16.2 -> 13.2, swings 6, weapon wooden_sword, 6 rounds)
F3 [F3] combat: fighting skeleton (dist 5.5, hp 18.7, 1 nearby, proximity)
t-0s alive=19/19 mined=3075 map=1376p/19ch banked=1897 smelted=29 pocket=1861u/254s | sand=88 gravel=17 dirt=294 stone=0
   deficits: 157926/88 (0.1%) 149380/17 (0.0%) 31860/0 (0.0%) 27420/0 (0.0%) 10725/62 (0.6%)
   F1=202[cobblestone:17 andesite:15 torch:12] | F2=80[cobblestone:27 sand:13 leaf_litter:13] | F3=148[cobblestone:45 dirt:32 granite:22] | F4=239[empty] | F5=197[cobblestone:22 diorite:9 dirt:5] | F6=201[cobblestone:24 stick:4 oak_planks:3] | F7=149[oak_planks:4 stick:3 oak_sapling:3] | F8=215[cobblestone:102 dirt:43 diorite:40] | F9=87[dirt:44 sand:28 leaf_litter:20] | F10=151[cobblestone:12 dirt:5 stick:4] | F11=199[cobblestone:24 torch:24 sand:9] | F12=164[oak_planks:4 birch_log:4 oak_sapling:3] | F13=63[dirt:40 sand:26 leaf_litter:23] | F14=135[dirt:27 leaf_litter:15 oak_planks:7] | F15=90[dirt:49 leaf_litter:6 stick:4] | F16=185[cobblestone:97 granite:12 leaf_litter:9] | F17=218[cobblestone:29 torch:14 stick:6] | F18=111[cobblestone:75 dirt:8 andesite:8] | F19=241[cobblestone:81 coal:51 andesite:35]
   mem: heap=113M/161M old=-1M ext=135M ab=133M rss=412M cols=105 ents=146 evicted=12 path=2a/0q (max 6) stale=0
F8 [F8] combat: shelter try vs skeleton (dist 8.4, sentry)
F8 [F8] combat: shelter skip (open field: no diggable wall, skeleton@8.4)
F8 [F8] combat: shelter ring try vs skeleton (dist 8.4, +z-z+x-x first, arrow wall, sentry)
F3 [F3] combat: melee chase ceiling held (chased 10.3b, skeleton @6.0) - the episode breaks, the next drop reopens it
F3 [F3] combat: ranged cooldown armed vs skeleton (10s) - the chase never wins the arrow trade
F3 [F3] combat: fight ended vs skeleton (chase ceiling, hp 18.7 -> 10.7, swings 3, weapon stone_sword, 3 rounds)
[hb] n=39 ts=781s rss=414M late=194ms mainLate=23ms
[F6] fuel clips the batch: 2 x stick completes 1 of 16 x cobblestone (the rest re-smelts on the next chain)
[F6] the clock clips the batch: the 36s window completes ~3 of 16 x cobblestone (the rest re-smelts on the next chain)
[F6] furnace slots after put: input=cobblestone fuel=stick
[F6] smelting 1 x cobblestone in a furnace (fuel: 2 x stick)
F8 [F8] combat: sheltering from skeleton (arrow wall, cells 8/8, sentry)
F3 [F3] combat: shelter try vs skeleton (dist 7.0, proximity)
t-0s alive=19/19 mined=3075 map=1376p/19ch banked=1897 smelted=29 pocket=1854u/255s | sand=88 gravel=17 dirt=286 stone=0
   deficits: 157926/88 (0.1%) 149380/17 (0.0%) 31860/0 (0.0%) 27420/0 (0.0%) 10725/62 (0.6%)
   F1=202[cobblestone:17 andesite:15 torch:12] | F2=80[cobblestone:27 sand:13 leaf_litter:13] | F3=148[cobblestone:45 dirt:32 granite:22] | F4=239[empty] | F5=197[cobblestone:22 diorite:9 dirt:5] | F6=201[cobblestone:24 stick:4 oak_planks:3] | F7=149[oak_planks:4 stick:3 oak_sapling:3] | F8=215[cobblestone:102 diorite:40 dirt:35] | F9=87[dirt:44 sand:28 leaf_litter:20] | F10=151[cobblestone:12 dirt:5 stick:4] | F11=199[cobblestone:24 torch:24 sand:9] | F12=164[oak_planks:4 birch_log:4 oak_sapling:3] | F13=63[dirt:40 sand:26 leaf_litter:23] | F14=135[dirt:27 leaf_litter:15 oak_planks:7] | F15=90[dirt:49 leaf_litter:6 stick:4] | F16=185[cobblestone:97 granite:12 leaf_litter:9] | F17=218[cobblestone:29 torch:14 stick:6] | F18=111[cobblestone:75 dirt:8 andesite:8] | F19=241[cobblestone:81 coal:51 andesite:35]
   mem: heap=111M/160M old=-1M ext=136M ab=133M rss=411M cols=105 ents=146 evicted=12 path=0a/0q (max 6) stale=0
F3 [F3] combat: sheltering from skeleton (seal dirt, proximity)
F6 [F6] combat: fighting zombie (dist 4.2, hp 20.0, 1 nearby, proximity)
[F6] took 1 x stone (1/1)
F6 [F6] combat: drift return wait vs zombie (@6.7) - the swimmer always comes back
F3 [F3] died - respawning (cause: server: was shot by Skeleton [kind=mob by Skeleton] | inferred: skeleton@1.7 (0s before death at [-80,64,397]) [the inference corroborates the server verdict])
F3 [F3] death drop: ~169u lost at [-80,64,397] (cobblestone 45, dirt 32, granite 22, gravel 15, diorite 8, +15 more)
F3 [F3] water: death spot memorized as a hazard at [-80,64,397] (3 live, fleet-wide)
F6 [F6] combat: fight ended vs zombie (verdict ignore, hp 20.0 -> 18.0, swings 2, weapon wooden_sword, 2 rounds)
F4 [F4] combat: shelter dig-earn: 36 free slot(s), the dig supplies the seal
F4 [F4] combat: shelter try vs zombie (dist 6.9, proximity)
F4 [F4] combat: shelter skip (open field: no diggable wall, zombie@6.9)
F4 [F4] combat: shelter skip (open field: ring stock 0/8, ground earns nothing)
F4 [F4] combat: fleeing zombie (dist 6.9, hp 20.0, 1 nearby, proximity)
[F6] furnace within reach - opening without a walk
[hb] n=40 ts=801s rss=414M late=199ms mainLate=550ms
[F6] furnace within reach - opening without a walk
[F6] furnace within reach - opening without a walk
t-0s alive=19/19 mined=3075 map=1376p/19ch banked=1897 smelted=29 pocket=1683u/236s | sand=88 gravel=2 dirt=254 stone=1
   deficits: 157926/88 (0.1%) 149380/2 (0.0%) 31860/0 (0.0%) 27420/0 (0.0%) 10725/62 (0.6%)
   F1=202[cobblestone:17 andesite:15 torch:12] | F2=80[cobblestone:27 sand:13 leaf_litter:13] | F3=148[empty] | F4=239[empty] | F5=197[cobblestone:22 diorite:9 dirt:5] | F6=201[cobblestone:23 oak_planks:3 stick:2] | F7=149[oak_planks:4 stick:3 oak_sapling:3] | F8=215[cobblestone:102 diorite:40 dirt:35] | F9=87[dirt:44 sand:28 leaf_litter:20] | F10=151[cobblestone:12 dirt:5 stick:4] | F11=199[cobblestone:24 torch:24 sand:9] | F12=164[oak_planks:4 birch_log:4 oak_sapling:3] | F13=63[dirt:40 sand:26 leaf_litter:23] | F14=135[dirt:27 leaf_litter:15 oak_planks:7] | F15=90[dirt:49 leaf_litter:6 stick:4] | F16=185[cobblestone:97 granite:12 leaf_litter:9] | F17=218[cobblestone:29 torch:14 stick:6] | F18=111[cobblestone:75 dirt:8 andesite:8] | F19=241[cobblestone:81 coal:51 andesite:35]
   mem: heap=120M/160M old=-1M ext=139M ab=136M rss=411M cols=105 ents=146 evicted=12 path=1a/0q (max 6) stale=0
F6 [F6] combat: fighting zombie (dist 2.8, hp 20.0, 1 nearby, proximity)
F6 [F6] combat: drift return wait vs zombie (@6.5) - the swimmer always comes back
[F6] walk nudge: approach: 1 segment(s) walked in 12.0s, goal now d=30.8 (still outside - the approach clock is spent)
[F6] walk nudge: closed to d=30.8 - retrying the machine from the new start
F6 [F6] combat: fight ended vs zombie (mob down, hp 20.0 -> 17.0, swings 4, weapon wooden_sword, 4 rounds)
F6 smelted 1 (stone:1) rescued=0
F6 [F6] direct deposit: 27 chest slots derived from the 63-slot view
F6 [F6] banked 25 items at (-140, 70, 413) (direct=3 fallback=0 mirror=true kept: oak_planks, stick, birch_log, crafting_table)
F6 final bank: +29
================ FLEET RESULT (normal end - deadline 600s reached) ================
bots=19 spawned=19 reconnects=8 kicks=0 tools=16 recovered=3 reboots=0 upgraded=24 swords=18 alive=19 climbs=24 banked=1926 smelted=30 planted=3 torched=5 fights=17 kills=7 shelters=2 rescues=37 airGlitches=0 claims=12 claimedHolds=0 wet=3 wt=2
sentry per-bot: F2 g0/r3 F9 g0/r2 F10 g0/r1 F12 g0/r1 F13 g0/r7 F14 g0/r7 F15 g0/r3 F16 g0/r3 F17 g0/r3 F18 g0/r3 F19 g0/r4 | 8 g0/r0
server guard: losses=0 (window 0/10) relogins=26 probe=n/a dead=no revives=0 restarts=0
pickaxe tiers at end: wooden_pickaxe,stone_pickaxe,iron_pickaxe -> wooden=33 stone=15 iron=0
blocks mined: 3075 in ~600s = 5.13 blocks/s (308/min)
loot ledger: mined=3075 banked=1926 smelted=30 pocket=1658u/233s accounted=3614 unaccounted=0 surplus=539u conversion=117.5%
sweep drop ledger: sweeps=35 picked=282u failed=78 (below x14, plane x17, above x47) deepSkip=38 lipDig=0
  sand          collected      88 (0.056% of 157,926)
  gravel        collected       2 (0.001% of 149,380)
  dirt          collected     254
  stone         collected     488 (7.289% of 6,695)
materials: {"birch_log":48,"oak_log":157,"dirt":443,"stone":1285,"copper_ore":112,"coal_ore":241,"andesite":124,"diorite":165,"grass_block":104,"oak_leaves":66,"sand":160,"granite":94,"iron_ore":19,"gravel":35,"smooth_stone":6,"stone_bricks":1,"sandstone":8,"birch_leaves":6,"magma_block":1}
kicks handled: 0 (reconnect attempts: 8)
no-path ledger: 5 live verdict(s) at end phase
full-chest ledger: 0 live verdict(s) at end phase
doomed-goal ledger: 177 recorded, 1278 re-issues refused at the funnel, 7 re-dooms absorbed (the v0.96.0 backoff - the storm can no longer out-pace the ttl), 1 live at end phase (v0.72.0 spiral breaker)
walk governor: 11 stall(s) opened, 568 churn re-issues refused (v0.74.0 churn breaker - goals queued+done with zero progress during the run68-class storms)
fleet churn ceiling: 0 open(s), 0 aggregate re-issues refused (v0.77.0 - the per-bot limit leaves the fleet-wide burst unbounded)
goal brake: 4 burst open(s), 21 re-issues refused, 0 fleet-ceiling open(s), 0 fleet refusals (v0.143.0 - the re-issue CADENCE is the storm's rate knob: run 35994461858's flood walkers progressed 1-3 blocks per walk so the progress-judged governors never fired, and their near goals flowed through the closed valve, while ~90MB searches marched at 2.5 goals/s per walker into a frozen main)
alloc valve: 0 close(s) (0 by the worker probe, 0 by the queue-pressure arm, 0 by the funnel probe, 0 by the slow envelope), 0 strike(s), 0 long walks refused, 0 short walks passed while closed, 0 aquifer-gate refusals (v0.105.0 one valve two feeders + the aquifer gate - the run93 fix: the ticker feeds the consulted singleton, the worker's probe verdict rides the storm cell for the freeze class, and while closed the near exemption refuses live-hazard goals - near is not cheap in a flooded region; v0.115.0 the queue-pressure arm closes on the SUSTAINED pathfinder saturation - run101's 8-12q wall warned 80s before the rss burst; v0.121.0 the funnel probe - run105's storm starved the timers that carried both feeders while the walk funnel itself marched through the kill window, so the funnel now carries its own verdict and applies the worker's cell inline; v0.144.0 the slow envelope - run80's ramp sawtoothed past the fast anchor's dip rule while the consults marched, the 5s slide is the dip-immune read)
storm duck: 0 arm(s), 0 walk(s) refused fleet-wide while ducked (v0.143.0 - run58: the storm's next-column class is near BY CONSTRUCTION and rode the closed valve's near exemption to the 3000M ceiling; a live storm verdict now shuts EVERY goal for 15s and sweeps the in-flight goals, the A* starves within one think window, the worker's grace lands the cure instead of the ceiling landing the kill)
worldmap: 1376 positions, 19 chunks scanned, top: coal_ore=400 sand=308 oak_log=291 copper_ore=204 birch_log=78
report: data/fleet-report.json written
plan progress: 2/31 resources complete
