launching 19 bots for 600s -> targets sand, gravel, dirt, stone
[hb] n=1 ts=21s rss=242M late=6ms mainLate=0ms
[hb] n=2 ts=41s rss=331M late=11ms mainLate=163ms
[hb] n=3 ts=61s rss=370M late=15ms mainLate=592ms
t-537s alive=19/19 mined=100 map=366p/7ch banked=0 smelted=0 pocket=82u/26s | sand=0 gravel=0 dirt=0 stone=0
   deficits: 157926/0 (0.0%) 149380/0 (0.0%) 31860/0 (0.0%) 27420/0 (0.0%) 10725/0 (0.0%)
   F1=8[oak_log:4 stick:4 oak_planks:3] | F2=10[oak_log:7 oak_planks:2 wooden_shovel:1] | F3=7[oak_log:1] | F4=9[empty] | F5=8[oak_log:4] | F6=4[oak_log:6 birch_log:2] | F7=7[oak_planks:11 oak_log:2] | F8=6[birch_log:3 oak_log:3] | F9=6[birch_log:5] | F10=5[oak_log:3] | F11=3[oak_log:3] | F12=8[empty] | F13=5[oak_log:4] | F14=5[birch_log:3] | F15=2[oak_log:2] | F16=0[empty] | F17=3[birch_log:4] | F18=3[empty] | F19=1[empty]
   mem: heap=110M/140M old=-1M ext=134M ab=132M rss=370M cols=2097 ents=2048 evicted=241 path=6a/9q (max 6) stale=0
F1 dir=(1.00,0.00) logs=5 tools=wooden_pickaxe
F1 spare pick due: spare (planks available)
F1 spare pick: OK (wooden_pickaxe, holds 2)
F2 dir=(0.95,0.32) logs=8 tools=wooden_pickaxe
F6 dir=(-0.08,1.00) logs=3 tools=wooden_pickaxe
F6 spare pick due: spare (planks available)
F1 [F1] digShaft: water strike at y=52 -> water table (regions 1); fluid below (-139, 53, 413) - moving sideways
t-522s alive=19/19 mined=166 map=416p/8ch banked=0 smelted=0 pocket=154u/47s | sand=0 gravel=0 dirt=9 stone=0
   deficits: 157926/0 (0.0%) 149380/0 (0.0%) 31860/0 (0.0%) 27420/0 (0.0%) 10725/0 (0.0%)
   F1=18[dirt:5 granite:5 oak_log:4] | F2=20[oak_log:8 cobblestone:5 dirt:4] | F3=10[oak_log:4 birch_log:1] | F4=12[birch_log:1] | F5=13[oak_log:7] | F6=4[oak_planks:4 oak_log:3 stick:2] | F7=7[oak_planks:12 oak_log:6] | F8=9[oak_planks:12 oak_log:4 stick:4] | F9=6[oak_planks:12 birch_log:2 birch_planks:2] | F10=9[oak_log:3] | F11=7[oak_log:3] | F12=12[empty] | F13=8[oak_log:4] | F14=7[birch_log:4] | F15=5[oak_log:3] | F16=3[oak_sapling:1] | F17=5[birch_log:4] | F18=3[birch_log:2] | F19=8[empty]
   mem: heap=111M/141M old=-1M ext=130M ab=127M rss=372M cols=2053 ents=2130 evicted=325 path=6a/3q (max 6) stale=0
F6 spare pick: OK (wooden_pickaxe, holds 2)
F6 sword due: planks available
F2 tool upgrade due: cobble available -> stone_pickaxe
F9 dir=(-0.88,0.48) logs=2 tools=wooden_pickaxe
F9 spare pick due: spare (planks available)
[hb] n=4 ts=81s rss=372M late=20ms mainLate=147ms
F6 sword: OK (wooden_sword, holds 1)
F6 sword: OK (wooden_sword)
F1 [F1] digShaft: water strike at y=52 -> water table (regions 1); fluid below (-139, 53, 413) - moving sideways
F1 [F1] digShaft: water strike at y=52 -> water table (regions 1); fluid below (-139, 53, 413) - moving sideways
F1 tunnel: steering coal_ore @ 5.4b (axis x+, cross 1.4733455218855624, floor lock)
F9 spare pick: OK (wooden_pickaxe, holds 2)
F9 sword due: planks available
F9 sword: OK (wooden_sword, holds 1)
F9 sword: OK (wooden_sword)
F6 [F6] digShaft: water table y=56 (region strike) - stopping above the aquifer, the tunnel owns this level (regions 1)
F8 dir=(-0.68,0.74) logs=4 tools=wooden_pickaxe
F8 spare pick due: spare (planks available)
F2 [toolupgrade] [upgrade] upgraded: stone_pickaxe,wooden_shovel,wooden_pickaxe
F2 tool upgrade: OK -> stone_pickaxe (stone_pickaxe,wooden_shovel,wooden_pickaxe)
F2 sword due: planks available
F8 spare pick: OK (wooden_pickaxe, holds 2)
F8 sword due: planks available
F2 sword: OK (wooden_sword, holds 1)
F2 sword: OK (wooden_sword)
F8 sword: OK (wooden_sword, holds 1)
F8 sword: OK (wooden_sword)
F6 [F6] digShaft: water table y=56 (region strike) - stopping above the aquifer, the tunnel owns this level (regions 1)
F6 [F6] digShaft: water table y=56 (region strike) - stopping above the aquifer, the tunnel owns this level (regions 1)
F6 tunnel: steering iron_ore @ 21.7b (axis x+, cross 2.3000000000000114, floor lock)
F8 [F8] digShaft: water table y=56 (region strike) - stopping above the aquifer, the tunnel owns this level (regions 1)
F9 tool upgrade due: cobble available -> stone_pickaxe
F8 [F8] digShaft: water table y=56 (region strike) - stopping above the aquifer, the tunnel owns this level (regions 1)
F8 [F8] digShaft: water table y=56 (region strike) - stopping above the aquifer, the tunnel owns this level (regions 1)
F8 tunnel: steering coal_ore @ 24.7b (axis x+, cross 1.6999999999999886, floor lock)
t-506s alive=19/19 mined=240 map=479p/9ch banked=0 smelted=0 pocket=250u/78s | sand=0 gravel=0 dirt=25 stone=0
   deficits: 157926/0 (0.0%) 149380/0 (0.0%) 31860/0 (0.0%) 27420/0 (0.0%) 10725/3 (0.0%)
   F1=27[granite:9 cobblestone:6 dirt:5] | F2=32[cobblestone:12 raw_copper:9 oak_log:6] | F3=10[oak_log:4 birch_log:1] | F4=12[birch_log:1] | F5=14[oak_log:9] | F6=14[dirt:7 cobblestone:5 oak_log:3] | F7=7[oak_planks:11 oak_log:6] | F8=16[oak_planks:7 dirt:6 oak_log:4] | F9=16[cobblestone:8 stick:5 dirt:3] | F10=14[birch_log:4 oak_log:3] | F11=12[oak_log:3] | F12=16[empty] | F13=9[oak_log:4] | F14=9[birch_log:4 oak_log:4] | F15=6[oak_log:7 oak_planks:6 stick:4] | F16=4[oak_sapling:1] | F17=5[birch_log:4 oak_sapling:2 stick:2] | F18=8[birch_log:7] | F19=9[oak_log:5 birch_log:4]
   mem: heap=98M/142M old=-1M ext=125M ab=122M rss=364M cols=2003 ents=1792 evicted=432 path=6a/7q (max 6) stale=0
F2 tunnel: steering copper_ore @ 2.5b (axis z+, cross 0.418021484620283, floor lock)
F9 [toolupgrade] [upgrade] upgraded: stone_pickaxe,wooden_shovel,wooden_pickaxe,wooden_pickaxe
F9 tool upgrade: OK -> stone_pickaxe (stone_pickaxe,wooden_shovel,wooden_pickaxe,wooden_pickaxe)
F1 tunnel: 13 blocks (branch mine at the floor, steered, floor lock)
F2 tunnel: 4 blocks (branch mine at the floor, steered, floor lock)
F6 tunnel: 12 blocks (branch mine at the floor, steered, floor lock)
[hb] n=5 ts=101s rss=372M late=25ms mainLate=575ms
F1 tool upgrade due: cobble available -> stone_pickaxe
F1 [toolupgrade] [upgrade] craft stick: no craftable recipe variant (ingredients missing?)
F8 tunnel: 12 blocks (branch mine at the floor, steered, floor lock)
F9 tunnel: steering coal_ore @ 2.1b (axis x+, cross 0.5, floor lock)
F15 dir=(-0.08,-1.00) logs=7 tools=wooden_pickaxe
F1 [toolupgrade] [upgrade] upgraded: stone_pickaxe,wooden_shovel,wooden_pickaxe,wooden_pickaxe
F1 tool upgrade: OK -> stone_pickaxe (stone_pickaxe,wooden_shovel,wooden_pickaxe,wooden_pickaxe)
F1 sword due: cobble available
t-491s alive=19/19 mined=310 map=582p/11ch banked=0 smelted=0 pocket=339u/97s | sand=0 gravel=0 dirt=36 stone=0
   deficits: 157926/0 (0.0%) 149380/0 (0.0%) 31860/0 (0.0%) 27420/0 (0.0%) 10725/3 (0.0%)
   F1=31[granite:9 cobblestone:8 dirt:5] | F2=44[cobblestone:17 raw_copper:9 oak_log:6] | F3=16[oak_log:5 birch_log:2] | F4=16[oak_log:4 birch_log:1] | F5=14[oak_log:10 oak_sapling:1] | F6=21[dirt:11 cobblestone:9 oak_log:3] | F7=11[oak_planks:10 oak_log:6 oak_pressure_plate:1] | F8=27[dirt:13 oak_planks:7 diorite:5] | F9=31[cobblestone:23 stick:3 dirt:3] | F10=14[oak_planks:12 birch_planks:6 oak_log:4] | F11=12[oak_log:3] | F12=18[empty] | F13=9[oak_log:4] | F14=9[oak_planks:12 birch_planks:5 oak_log:2] | F15=6[oak_log:7 oak_planks:2 wooden_shovel:1] | F16=4[oak_sapling:1] | F17=7[birch_log:4 oak_log:2 oak_sapling:2] | F18=11[birch_log:7 oak_log:1] | F19=9[oak_planks:12 oak_log:2 birch_planks:2]
   mem: heap=108M/143M old=-1M ext=125M ab=123M rss=373M cols=1997 ents=1978 evicted=478 path=6a/7q (max 6) stale=0
F1 sword: OK (stone_sword, holds 1)
F1 sword: OK (stone_sword)
F8 [F8] digShaft: water table y=56 (region strike) - stopping above the aquifer, the tunnel owns this level (regions 1)
F8 [F8] digShaft: water table y=56 (region strike) - stopping above the aquifer, the tunnel owns this level (regions 1)
F8 tunnel: steering coal_ore @ 22.8b (axis x+, cross 3.418023380416855, floor lock)
F19 dir=(0.95,-0.32) logs=3 tools=wooden_pickaxe
F19 spare pick due: spare (planks available)
F9 tunnel: 12 blocks (branch mine at the floor, steered, floor lock)
F14 dir=(-0.40,-0.92) logs=2 tools=wooden_pickaxe
F14 spare pick due: spare (planks available)
F19 spare pick: OK (wooden_pickaxe, holds 2)
F19 sword due: planks available
[hb] n=6 ts=121s rss=367M late=31ms mainLate=402ms
F19 sword: OK (wooden_sword, holds 1)
F19 sword: OK (wooden_sword)
F1 [F1] water: drowning rescue start (drowning, oxygen 15)
F1 [F1] water: pass 0 head=wet shore=none land=n/a y=48.0 o2=15 probes=0 at=[-132,48,414]
F2 vein sweep: 19 ores dug beside the gallery (floor lock)
F14 spare pick: OK (wooden_pickaxe, holds 2)
F14 sword due: planks available
F6 tool upgrade due: cobble available -> stone_pickaxe
F10 dir=(-0.99,0.16) logs=6 tools=wooden_pickaxe
F10 spare pick due: spare (planks available)
F1 [F1] water: transit toward known land (oak_log) at [-134,413] d=3
F1 [F1] water: pass 4 head=dry shore=none land=oak_log d=3 y=51.2 o2=13 probes=0 at=[-132,51,414]
F2 tunnel: steering coal_ore @ 8.7b (axis x+, cross 0.36729528381971477, floor lock)
F15 tool upgrade due: cobble available -> stone_pickaxe
F14 sword: OK (wooden_sword, holds 1)
F14 sword: OK (wooden_sword)
F1 [F1] water: transit toward known land (oak_log) at [-134,413] d=2
F1 [F1] water: transit toward known land (oak_log) at [-134,413] d=2
t-476s alive=19/19 mined=387 map=594p/11ch banked=0 smelted=0 pocket=416u/124s | sand=0 gravel=0 dirt=52 stone=0
   deficits: 157926/0 (0.0%) 149380/0 (0.0%) 31860/0 (0.0%) 27420/0 (0.0%) 10725/12 (0.1%)
   F1=36[cobblestone:13 granite:9 dirt:5] | F2=57[cobblestone:20 raw_copper:9 oak_log:6] | F3=16[oak_log:5 birch_log:2 birch_sapling:1] | F4=16[oak_log:4 birch_log:1] | F5=14[oak_log:10 oak_sapling:1] | F6=21[dirt:11 cobblestone:9 stick:5] | F7=11[oak_log:9 stick:2 oak_planks:1] | F8=38[dirt:21 cobblestone:9 oak_planks:7] | F9=46[cobblestone:23 andesite:9 stick:3] | F10=14[oak_planks:9 oak_log:4 stick:2] | F11=12[oak_log:3] | F12=21[oak_log:4] | F13=13[oak_log:4] | F14=13[oak_planks:10 oak_log:2 wooden_pickaxe:2] | F15=16[cobblestone:7 oak_planks:6 oak_log:5] | F16=8[empty] | F17=7[oak_planks:15 birch_planks:2 stick:2] | F18=14[birch_log:7 oak_log:6] | F19=14[oak_planks:7 dirt:3 oak_log:2]
   mem: heap=101M/142M old=-1M ext=124M ab=121M rss=374M cols=1991 ents=2092 evicted=536 path=4a/0q (max 6) stale=0
F1 [F1] water: pass 11 head=dry shore=hit r=1 land=none y=52.2 o2=20 probes=0 at=[-132,52,414]
F10 spare pick: OK (wooden_pickaxe, holds 2)
F10 sword due: planks available
F7 dir=(-0.40,0.92) logs=9 tools=wooden_pickaxe
F14 [F14] digShaft: water table y=56 (region strike) - stopping above the aquifer, the tunnel owns this level (regions 1)
F10 sword: OK (wooden_sword, holds 1)
F10 sword: OK (wooden_sword)
F17 dir=(0.55,-0.84) logs=1 tools=wooden_pickaxe
F17 spare pick due: spare (planks available)
F8 tunnel: 13 blocks (branch mine at the floor, steered, floor lock)
F1 [F1] water: transit toward known land (oak_log) at [-134,413] d=2
F17 spare pick: OK (wooden_pickaxe, holds 2)
F17 sword due: planks available
F6 [toolupgrade] [upgrade] upgraded: stone_pickaxe,wooden_shovel,wooden_pickaxe,wooden_pickaxe
F6 tool upgrade: OK -> stone_pickaxe (stone_pickaxe,wooden_shovel,wooden_pickaxe,wooden_pickaxe)
F6 [F6] digShaft: water table y=56 (region strike) - stopping above the aquifer, the tunnel owns this level (regions 1)
F6 [F6] digShaft: water table y=56 (region strike) - stopping above the aquifer, the tunnel owns this level (regions 1)
F6 tunnel: steering iron_ore @ 13.9b (axis z+, cross 1.5, floor lock)
F1 [F1] water: pass 17 head=wet shore=none land=n/a y=50.1 o2=20 probes=0 at=[-132,50,414]
F1 [F1] water: transit toward known land (oak_log) at [-134,413] d=2
F7 [F7] digShaft: water table y=56 (region strike) - stopping above the aquifer, the tunnel owns this level (regions 1)
F10 [F10] digShaft: water table y=56 (region strike) - stopping above the aquifer, the tunnel owns this level (regions 1)
F1 [F1] water: pass 20 head=wet shore=none land=n/a y=49.9 o2=20 probes=0 at=[-132,50,414]
F15 [toolupgrade] [upgrade] craft crafting_table: variant#2 attempt0 failed: craft crafting_table: timeout after 7000ms
F15 [toolupgrade] [upgrade] [tools] closing stale craft window (minecraft:inventory) - grid recovery
F1 tunnel: steering coal_ore @ 3.7b (axis x--1, cross 1.3000000000000114, ore detour)
F14 [F14] digShaft: water table y=56 (region strike) - stopping above the aquifer, the tunnel owns this level (regions 1)
F14 tunnel: steering coal_ore @ 4.5b (axis x--1, cross 0.5, ore detour)
F17 sword: OK (wooden_sword, holds 1)
F17 sword: OK (wooden_sword)
F1 [F1] water: transit toward known land (oak_log) at [-134,413] d=2
F1 [F1] water: transit stalled (d=2 after 18 passes - the walls own this swim; the release takes over)
F1 [F1] water: transit toward known land (oak_log) at [-134,413] d=2
F1 [F1] water: rescue released (surface-safe, open water - no land known; the walk gate reopens) in 10.9s
F1 [F1] water: hazard memorized at [-132,51,413] (1 live, fleet-wide)
F7 [F7] digShaft: water table y=56 (region strike) - stopping above the aquifer, the tunnel owns this level (regions 1)
F7 [F7] digShaft: water table y=56 (region strike) - stopping above the aquifer, the tunnel owns this level (regions 1)
F7 tunnel: steering coal_ore @ 8.5b (axis x+, cross 0.5, floor lock)
F10 [F10] digShaft: water table y=56 (region strike) - stopping above the aquifer, the tunnel owns this level (regions 1)
F10 [F10] digShaft: water table y=56 (region strike) - stopping above the aquifer, the tunnel owns this level (regions 1)
F10 tunnel: steering coal_ore @ 16.5b (axis x+, cross 0.41802146372390325, floor lock)
F1 [F1] water: drowning rescue start (drowning, oxygen 20)
F1 [F1] water: pass 0 head=wet shore=none land=n/a y=50.2 o2=20 probes=0 at=[-132,50,414]
F6 tunnel: 2 blocks (branch mine at the floor, steered, floor lock)
F6 [F6] digShaft: water table y=56 (region strike) - stopping above the aquifer, the tunnel owns this level (regions 1)
F6 [F6] digShaft: water table y=56 (region strike) - stopping above the aquifer, the tunnel owns this level (regions 1)
F6 tunnel: steering iron_ore @ 12.5b (axis z+, cross 0.30000000000001137, floor lock)
F1 [F1] water: transit toward known land (oak_log) at [-134,413] d=2
F1 [F1] water: transit toward known land (oak_log) at [-134,413] d=2
F19 tool upgrade due: cobble available -> stone_pickaxe
F2 tunnel: 12 blocks (branch mine at the floor, steered, floor lock)
F1 [F1] water: pass 8 head=wet shore=none land=n/a y=50.2 o2=20 probes=0 at=[-132,50,413]
F9 vein sweep: 17 ores dug beside the gallery (floor lock)
F6 tunnel: 0 blocks (branch mine at the floor, steered, floor lock)
F1 [F1] water: transit toward known land (oak_log) at [-134,413] d=2
F6 [F6] digShaft: water table y=56 (region strike) - stopping above the aquifer, the tunnel owns this level (regions 1)
F6 [F6] digShaft: water table y=56 (region strike) - stopping above the aquifer, the tunnel owns this level (regions 1)
F6 tunnel: steering iron_ore @ 12.5b (axis z+, cross 1.3000000000000114, floor lock)
F1 tunnel: 2 blocks (branch mine at the floor, steered, ore detour)
F1 [F1] water: pass 11 head=wet shore=none land=n/a y=50.7 o2=20 probes=0 at=[-132,51,414]
F1 [F1] water: transit toward known land (oak_log) at [-134,413] d=3
F1 [F1] water: pass 14 head=wet shore=none land=n/a y=50.1 o2=20 probes=0 at=[-132,50,414]
t-460s alive=19/19 mined=481 map=654p/11ch banked=0 smelted=0 pocket=570u/155s | sand=0 gravel=0 dirt=98 stone=0
   deficits: 157926/0 (0.0%) 149380/0 (0.0%) 31860/0 (0.0%) 27420/0 (0.0%) 10725/15 (0.1%)
   F1=39[cobblestone:15 granite:9 dirt:5] | F2=67[cobblestone:33 raw_copper:9 oak_log:6] | F3=18[oak_log:6 birch_log:2 birch_sapling:1] | F4=22[oak_log:7 birch_log:1] | F5=14[oak_log:7 oak_planks:3 stick:2] | F6=23[dirt:12 cobblestone:6 oak_planks:4] | F7=23[dirt:12 oak_log:9 cobblestone:2] | F8=41[dirt:22 cobblestone:10 oak_planks:7] | F9=56[cobblestone:25 andesite:9 coal:7] | F10=26[dirt:10 oak_planks:7 oak_log:4] | F11=16[birch_log:4 oak_log:3 dirt:2] | F12=21[oak_log:4 leaf_litter:3 dirt:2] | F13=13[oak_log:4 stick:2] | F14=22[dirt:14 oak_planks:10 cobblestone:3] | F15=16[oak_planks:7 cobblestone:7 oak_log:5] | F16=9[oak_planks:12 birch_planks:10 stick:4] | F17=18[oak_planks:10 dirt:6 stick:3] | F18=14[oak_planks:12 birch_planks:6 stick:6] | F19=23[cobblestone:8 stick:5 diorite:4]
   mem: heap=102M/143M old=-1M ext=122M ab=120M rss=375M cols=1968 ents=1962 evicted=581 path=6a/1q (max 6) stale=0
[hb] n=7 ts=141s rss=375M late=36ms mainLate=823ms
F6 tunnel: 0 blocks (branch mine at the floor, steered, floor lock)
F1 [F1] water: pass 17 head=dry shore=hit r=1 land=none y=52.4 o2=20 probes=0 at=[-131,52,414]
F1 [F1] water: pass 19 head=wet shore=none land=n/a y=50.2 o2=19 probes=0 at=[-132,50,414]
F15 [toolupgrade] [upgrade] craft crafting_table: variant#2 attempt1 failed: craft crafting_table: timeout after 7000ms
F15 [toolupgrade] [upgrade] [tools] closing stale craft window (minecraft:inventory) - grid recovery
F19 [toolupgrade] [upgrade] upgraded: stone_pickaxe,wooden_shovel,wooden_pickaxe,wooden_pickaxe
F19 tool upgrade: OK -> stone_pickaxe (stone_pickaxe,wooden_shovel,wooden_pickaxe,wooden_pickaxe)
F1 [F1] water: transit toward known land (oak_log) at [-134,413] d=2
F1 [F1] water: pass 22 head=dry shore=none land=oak_log d=2 y=51.6 o2=20 probes=0 at=[-132,52,414]
F1 [F1] water: transit stalled (d=2 after 16 passes - the walls own this swim; the release takes over)
F1 [F1] water: transit toward known land (oak_log) at [-134,413] d=2
F1 [F1] water: rescue released (surface-safe, open water - no land known; the walk gate reopens) in 15.3s
F1 [F1] water: hazard memorized at [-132,51,413] (2 live, fleet-wide)
F15 [toolupgrade] [upgrade] craft crafting_table: all 1 variant(s) failed, last: craft crafting_table: timeout after 7000ms
F15 tool upgrade: failed -> none (no table material)
F15 spare pick due: spare (cobble available)
F15 spare pick: no table reachable or placeable
F15 sword due: cobble available
F15 sword: no table reachable or placeable
F15 sword: failed (no table)
F14 tunnel: 12 blocks (branch mine at the floor, steered, ore detour)
F10 tunnel: 12 blocks (branch mine at the floor, steered, floor lock)
F1 [F1] water: repeat wet page at the same cell (o2 19) - standing down, the walk machinery owns the exit
F7 tunnel: 12 blocks (branch mine at the floor, steered, floor lock)
F1 [F1] water: drowning rescue start (drowning, oxygen 18)
F1 [F1] water: pass 0 head=wet shore=none land=n/a y=48.0 o2=18 probes=0 at=[-132,48,414]
F1 [F1] water: transit toward known land (oak_log) at [-134,413] d=3
F10 [F10] digShaft: water table y=56 (region strike) - stopping above the aquifer, the tunnel owns this level (regions 1)
F10 [F10] digShaft: water table y=56 (region strike) - stopping above the aquifer, the tunnel owns this level (regions 1)
F10 tunnel: steering coal_ore @ 9b (axis x+, cross 3.5063324024700364, floor lock)
F1 [F1] water: transit toward known land (oak_log) at [-134,413] d=2
F1 [F1] water: pass 5 head=dry shore=none land=oak_log d=2 y=51.7 o2=20 probes=0 at=[-132,52,414]
F1 [F1] water: transit toward known land (oak_log) at [-134,413] d=3
F17 tool upgrade due: cobble available -> stone_pickaxe
F1 [F1] water: transit toward known land (oak_log) at [-134,413] d=2
F1 [F1] water: pass 9 head=dry shore=none land=oak_log d=2 y=51.6 o2=20 probes=0 at=[-132,52,414]
t-445s alive=19/19 mined=528 map=731p/12ch banked=0 smelted=0 pocket=621u/162s | sand=0 gravel=0 dirt=121 stone=0
   deficits: 157926/0 (0.0%) 149380/0 (0.0%) 31860/0 (0.0%) 27420/0 (0.0%) 10725/20 (0.2%)
   F1=40[cobblestone:15 granite:9 dirt:5] | F2=67[cobblestone:46 raw_copper:9 oak_log:6] | F3=18[oak_log:6 birch_log:2 stick:2] | F4=22[oak_log:8 birch_log:1] | F5=14[oak_log:7 oak_planks:2 wooden_shovel:1] | F6=23[dirt:17 granite:7 cobblestone:6] | F7=29[dirt:15 oak_log:9 cobblestone:5] | F8=42[dirt:22 cobblestone:10 oak_planks:7] | F9=56[cobblestone:25 andesite:9 coal:7] | F10=34[dirt:18 oak_planks:7 oak_log:4] | F11=16[birch_log:4 oak_log:3 dirt:2] | F12=21[oak_log:4 leaf_litter:3 dirt:2] | F13=13[oak_log:4 stick:2] | F14=28[dirt:20 oak_planks:10 cobblestone:3] | F15=22[cobblestone:13 oak_planks:6 oak_log:5] | F16=9[oak_planks:12 oak_log:2 birch_planks:2] | F17=28[oak_planks:8 stick:7 cobblestone:7] | F18=14[oak_planks:12 birch_log:4 oak_log:3] | F19=32[cobblestone:9 andesite:5 diorite:4]
   mem: heap=109M/143M old=-1M ext=122M ab=120M rss=375M cols=1944 ents=1900 evicted=616 path=6a/7q (max 6) stale=0
F1 [F1] water: transit toward known land (oak_log) at [-134,413] d=3
F2 tunnel: steering coal_ore @ 6b (axis z--1, cross 2.321780039908333, floor lock)
F1 [F1] water: transit toward known land (oak_log) at [-134,413] d=2
F1 [F1] water: pass 14 head=wet shore=none land=n/a y=50.1 o2=20 probes=0 at=[-132,50,414]
F1 [F1] water: transit toward known land (oak_log) at [-134,413] d=3
F16 dir=(0.25,-0.97) logs=3 tools=wooden_pickaxe
F16 spare pick due: spare (planks available)
F1 [F1] water: transit toward known land (oak_log) at [-134,413] d=2
F1 [F1] water: pass 18 head=wet shore=none land=n/a y=50.1 o2=20 probes=0 at=[-132,50,414]
F19 tunnel: steering iron_ore @ 13.6b (axis x--1, cross 0.5000000000002842, floor lock)
[hb] n=8 ts=161s rss=372M late=40ms mainLate=771ms
F1 [F1] water: transit toward known land (oak_log) at [-134,413] d=3
F1 [F1] water: transit stalled (d=3 after 16 passes - the walls own this swim; the release takes over)
F1 [F1] water: transit toward known land (oak_log) at [-134,413] d=3
F1 [F1] water: rescue released (surface-safe, open water - no land known; the walk gate reopens) in 10.9s
F1 [F1] water: hazard memorized at [-132,51,413] (3 live, fleet-wide)
F15 tunnel: steering coal_ore @ 3.4b (axis x--1, cross 0.5004467636828167, floor lock)
F9 tunnel: steering iron_ore @ 2.5b (axis x--1, cross 0.5, floor lock)
F16 spare pick: OK (wooden_pickaxe, holds 2)
F16 sword due: planks available
F5 dir=(0.25,0.97) logs=7 tools=wooden_pickaxe
F18 dir=(0.79,-0.61) logs=7 tools=wooden_pickaxe
F18 spare pick due: spare (planks available)
F2 tunnel: 4 blocks (branch mine at the floor, steered, floor lock)
F17 [toolupgrade] [upgrade] upgraded: wooden_shovel,stone_pickaxe,wooden_pickaxe,wooden_pickaxe
F17 tool upgrade: OK -> stone_pickaxe (wooden_shovel,stone_pickaxe,wooden_pickaxe,wooden_pickaxe)
F16 sword: OK (wooden_sword, holds 1)
F16 sword: OK (wooden_sword)
F18 spare pick: OK (wooden_pickaxe, holds 2)
F18 sword due: planks available
F6 [F6] digShaft: water table y=56 (region strike) - stopping above the aquifer, the tunnel owns this level (regions 1)
F6 [F6] digShaft: water table y=56 (region strike) - stopping above the aquifer, the tunnel owns this level (regions 1)
F6 tunnel: steering iron_ore @ 10.3b (axis z+, cross 1.4986003899590798, floor lock)
F17 tunnel: steering coal_ore @ 6.2b (axis z--1, cross 0.3669318975513818, ore detour)
F10 tunnel: 12 blocks (branch mine at the floor, steered, floor lock)
F18 sword: OK (wooden_sword, holds 1)
F18 sword: OK (wooden_sword)
F6 tunnel: 2 blocks (branch mine at the floor, steered, floor lock)
F13 dir=(-0.68,-0.74) logs=1 tools=wooden_pickaxe
F13 sword due: planks available
F17 tunnel: 2 blocks (branch mine at the floor, steered, ore detour)
F1 [F1] water: drowning rescue start (drowning, oxygen 13)
F1 [F1] water: pass 0 head=wet shore=none land=n/a y=48.0 o2=13 probes=0 at=[-131,48,414]
F4 dir=(0.55,0.84) logs=7 tools=wooden_pickaxe
F4 spare pick due: spare (planks available)
F13 sword: OK (wooden_sword, holds 1)
F13 sword: OK (wooden_sword)
F12 dir=(-0.88,-0.48) logs=1 tools=wooden_pickaxe
F1 [F1] water: transit toward known land (oak_log) at [-134,413] d=3
F19 tunnel: 12 blocks (branch mine at the floor, steered, floor lock)
F1 [F1] water: transit toward known land (oak_log) at [-134,413] d=2
F1 [F1] water: pass 5 head=dry shore=none land=oak_log d=2 y=51.7 o2=15 probes=0 at=[-132,52,414]
F6 vein sweep: 5 ores dug beside the gallery (floor lock)
F19 tunnel: steering coal_ore @ 5.6b (axis x+, cross 0.49999999999943157, floor lock)
F12 [F12] digShaft: water table y=56 (region strike) - stopping above the aquifer, the tunnel owns this level (regions 1)
t-430s alive=19/19 mined=639 map=795p/12ch banked=0 smelted=0 pocket=737u/195s | sand=0 gravel=0 dirt=154 stone=0
   deficits: 157926/0 (0.0%) 149380/0 (0.0%) 31860/0 (0.0%) 27420/0 (0.0%) 10725/35 (0.3%)
   F1=40[cobblestone:15 granite:9 dirt:5] | F2=80[cobblestone:59 raw_copper:9 oak_log:6] | F3=18[oak_log:8 stick:4 dirt:3] | F4=22[oak_log:7 stick:2 wooden_pickaxe:2] | F5=24[oak_log:7 cobblestone:6 dirt:4] | F6=31[dirt:18 granite:8 cobblestone:6] | F7=29[dirt:19 oak_log:9 cobblestone:5] | F8=44[dirt:22 cobblestone:10 oak_planks:7] | F9=66[cobblestone:33 coal:11 andesite:10] | F10=44[dirt:27 oak_planks:7 cobblestone:5] | F11=20[birch_log:4 oak_log:3 dirt:2] | F12=25[dirt:5 leaf_litter:3 oak_planks:2] | F13=17[dirt:3 leaf_litter:2 oak_log:1] | F14=30[dirt:20 oak_planks:10 cobblestone:3] | F15=32[cobblestone:23 oak_planks:6 oak_log:5] | F16=18[oak_planks:7 cobblestone:6 dirt:3] | F17=34[torch:8 cobblestone:7 dirt:6] | F18=21[oak_planks:7 birch_log:4 cobblestone:4] | F19=44[andesite:19 cobblestone:9 diorite:4]
   mem: heap=116M/144M old=-1M ext=122M ab=119M rss=376M cols=1931 ents=2005 evicted=643 path=4a/0q (max 6) stale=0
F4 spare pick: OK (wooden_pickaxe, holds 2)
F16 tool upgrade due: cobble available -> stone_pickaxe
F5 tool upgrade due: cobble available -> stone_pickaxe
F1 [F1] water: transit toward known land (oak_log) at [-134,413] d=3
F1 [F1] water: transit toward known land (oak_log) at [-134,413] d=2
F1 [F1] water: pass 9 head=dry shore=none land=oak_log d=2 y=51.6 o2=20 probes=0 at=[-132,52,414]
F9 tunnel: 12 blocks (branch mine at the floor, steered, floor lock)
F1 [F1] water: transit toward known land (oak_log) at [-134,413] d=3
F18 tool upgrade due: cobble available -> stone_pickaxe
F1 [F1] water: transit toward known land (oak_log) at [-134,413] d=2
F9 vein sweep: 1 ores dug beside the gallery (floor lock)
F1 [F1] water: transit toward known land (oak_log) at [-134,413] d=3
F1 [F1] water: transit toward known land (oak_log) at [-134,413] d=2
F1 [F1] water: pass 19 head=wet shore=none land=n/a y=50.3 o2=20 probes=0 at=[-132,50,414]
F1 [F1] water: transit toward known land (oak_log) at [-134,413] d=3
F1 [F1] water: transit stalled (d=3 after 16 passes - the walls own this swim; the release takes over)
F1 [F1] water: transit toward known land (oak_log) at [-134,413] d=3
F1 [F1] water: rescue released (surface-safe, open water - no land known; the walk gate reopens) in 6.8s
F1 [F1] water: hazard memorized at [-132,51,413] (4 live, fleet-wide)
F9 [F9] climb diag: level at y=43 blocked toward -1,0 (dug=2)
F3 dir=(0.79,0.61) logs=5 tools=wooden_pickaxe
F3 spare pick due: spare (planks available)
F17 vein sweep: 10 ores dug beside the gallery (ore detour)
F17 tunnel: steering coal_ore @ 6.2b (axis z--1, cross 0.7000000000000028, floor lock)
F16 [toolupgrade] [upgrade] upgraded: stone_pickaxe,wooden_shovel,wooden_pickaxe,wooden_pickaxe
F16 tool upgrade: OK -> stone_pickaxe (stone_pickaxe,wooden_shovel,wooden_pickaxe,wooden_pickaxe)
F5 [toolupgrade] [upgrade] upgraded: stone_pickaxe,wooden_shovel,wooden_pickaxe
F5 tool upgrade: OK -> stone_pickaxe (stone_pickaxe,wooden_shovel,wooden_pickaxe)
F5 sword due: planks available
F7 [F7] digShaft: water table y=56 (region strike) - stopping above the aquifer, the tunnel owns this level (regions 1)
F7 [F7] digShaft: water table y=56 (region strike) - stopping above the aquifer, the tunnel owns this level (regions 1)
F7 tunnel: steering coal_ore @ 7.8b (axis x--1, cross 0.4843534435939887, floor lock)
F7 tunnel: 0 blocks (branch mine at the floor, steered, floor lock)
F15 tunnel: 12 blocks (branch mine at the floor, steered, floor lock)
F3 spare pick: OK (wooden_pickaxe, holds 2)
F3 sword due: planks available
F18 [toolupgrade] [upgrade] upgraded: stone_pickaxe,wooden_shovel,wooden_pickaxe,wooden_pickaxe
F18 tool upgrade: OK -> stone_pickaxe (stone_pickaxe,wooden_shovel,wooden_pickaxe,wooden_pickaxe)
F5 sword: OK (wooden_sword, holds 1)
F5 sword: OK (wooden_sword)
F3 sword: OK (wooden_sword, holds 1)
F3 sword: OK (wooden_sword)
F3 [F3] digShaft: water table y=56 (region strike) - stopping above the aquifer, the tunnel owns this level (regions 1)
F3 tunnel: steering coal_ore @ 5.5b (axis x--1, cross 0.4993984819798243, ore detour)
F17 tunnel: 0 blocks (branch mine at the floor, steered, floor lock)
F1 [F1] water: drowning rescue start (drowning, oxygen 13)
F1 [F1] water: pass 0 head=wet shore=none land=n/a y=48.0 o2=13 probes=0 at=[-131,48,414]
[hb] n=9 ts=181s rss=371M late=45ms mainLate=843ms
F17 tunnel: steering coal_ore @ 6.5b (axis z--1, cross 0.4928240447546983, ore detour)
F1 [F1] water: transit toward known land (oak_log) at [-134,413] d=3
F18 [F18] digShaft: water strike at y=43 -> water table (regions 2); fluid below (-106, 44, 383) - moving sideways
F6 climb out (trip): OK +7 levels (6 steps, 11 dug, 12s)
F1 [F1] water: pass 6 head=wet shore=none land=n/a y=50.0 o2=18 probes=0 at=[-132,50,414]
F1 [F1] water: transit toward known land (oak_log) at [-134,413] d=3
F15 vein sweep: 4 ores dug beside the gallery (floor lock)
F16 tunnel: steering coal_ore @ 3.6b (axis x+, cross 1.38289857601751, floor lock)
F3 tunnel: 0 blocks (branch mine at the floor, steered, ore detour)
F5 tunnel: steering coal_ore @ 2.6b (axis z+, cross 0.5053809388653008, floor lock)
F1 [F1] water: transit toward known land (oak_log) at [-134,413] d=3
F7 [F7] digShaft: water table y=56 (region strike) - stopping above the aquifer, the tunnel owns this level (regions 2)
F7 tunnel: steering copper_ore @ 10b (axis x--1, cross 2.3425173863276996, ore detour)
F19 tunnel: 13 blocks (branch mine at the floor, steered, floor lock)
F1 [F1] water: transit toward known land (oak_log) at [-134,413] d=2
F1 [F1] water: pass 12 head=dry shore=none land=oak_log d=2 y=51.2 o2=20 probes=0 at=[-132,51,414]
F13 [F13] digShaft: water table y=47 (region strike) - stopping above the aquifer, the tunnel owns this level (regions 2)
t-415s alive=19/19 mined=794 map=895p/13ch banked=0 smelted=0 pocket=886u/215s | sand=0 gravel=4 dirt=183 stone=0
   deficits: 157926/0 (0.0%) 149380/4 (0.0%) 31860/0 (0.0%) 27420/0 (0.0%) 10725/44 (0.4%)
   F1=42[cobblestone:15 granite:9 dirt:5] | F2=98[cobblestone:61 diorite:16 raw_copper:9] | F3=18[oak_log:5 oak_planks:5 dirt:5] | F4=40[andesite:8 oak_log:7 cobblestone:5] | F5=37[cobblestone:10 oak_log:5 gravel:4] | F6=43[dirt:32 granite:8 cobblestone:6] | F7=31[dirt:28 oak_log:9 cobblestone:6] | F8=44[dirt:24 cobblestone:10 oak_planks:7] | F9=83[cobblestone:47 coal:11 andesite:10] | F10=45[dirt:27 oak_planks:7 cobblestone:5] | F11=20[oak_log:4 birch_log:4 leaf_litter:1] | F12=25[dirt:5 leaf_litter:3 oak_planks:2] | F13=28[cobblestone:9 dirt:3 leaf_litter:2] | F14=33[dirt:20 oak_planks:10 cobblestone:3] | F15=44[cobblestone:26 oak_planks:6 oak_log:5] | F16=31[cobblestone:20 stick:3 dirt:3] | F17=42[cobblestone:11 torch:8 dirt:6] | F18=33[cobblestone:15 stick:5 birch_log:4] | F19=57[andesite:20 cobblestone:13 coal:7]
   mem: heap=102M/144M old=-1M ext=121M ab=119M rss=373M cols=1941 ents=2387 evicted=656 path=3a/0q (max 6) stale=0
F13 [F13] digShaft: water table y=47 (region strike) - stopping above the aquifer, the tunnel owns this level (regions 2)
F13 [F13] digShaft: water table y=47 (region strike) - stopping above the aquifer, the tunnel owns this level (regions 2)
F13 tunnel: steering coal_ore @ 4.7b (axis z--1, cross 2.495381466912079, floor lock)
F17 tunnel: 2 blocks (branch mine at the floor, steered, ore detour)
F6 [F6] digShaft: water table y=56 (region strike) - stopping above the aquifer, the tunnel owns this level (regions 2)
F6 map trip: coal_ore
F6 [F6] digShaft: water table y=56 (region strike) - stopping above the aquifer, the tunnel owns this level (regions 2)
F6 [F6] digShaft: water table y=56 (region strike) - stopping above the aquifer, the tunnel owns this level (regions 2)
F6 tunnel: steering coal_ore @ 8.7b (axis x+, cross 0.500000001060414, floor lock)
F4 tool upgrade due: cobble available -> stone_pickaxe
F4 [toolupgrade] [upgrade] craft stick: no craftable recipe variant (ingredients missing?)
F1 [F1] water: transit toward known land (oak_log) at [-134,413] d=3
F17 vein sweep: 1 ores dug beside the gallery (ore detour)
F17 tunnel: steering coal_ore @ 7b (axis x--1, cross 0.30000000000001137, floor lock)
F1 [F1] water: pass 19 head=wet shore=none land=n/a y=50.0 o2=20 probes=0 at=[-132,50,413]
F5 tunnel: 2 blocks (branch mine at the floor, steered, floor lock)
F1 [F1] water: transit toward known land (oak_log) at [-134,413] d=3
F1 [F1] water: transit stalled (d=3 after 16 passes - the walls own this swim; the release takes over)
F1 [F1] water: transit toward known land (oak_log) at [-134,413] d=3
F1 [F1] water: rescue released (surface-safe, open water - no land known; the walk gate reopens) in 7.9s
F1 [F1] water: hazard memorized at [-132,51,413] (5 live, fleet-wide)
F6 tunnel: 0 blocks (branch mine at the floor, steered, floor lock)
F3 [F3] digShaft: water table y=56 (region strike) - stopping above the aquifer, the tunnel owns this level (regions 2)
F3 tunnel: steering coal_ore @ 8.3b (axis z+, cross 2.7076998252631483, floor lock)
F13 tunnel: 2 blocks (branch mine at the floor, steered, floor lock)
F4 [toolupgrade] [upgrade] upgraded: stone_pickaxe,wooden_shovel,wooden_pickaxe,wooden_pickaxe
F4 tool upgrade: OK -> stone_pickaxe (stone_pickaxe,wooden_shovel,wooden_pickaxe,wooden_pickaxe)
F4 sword due: planks available
F12 [F12] digShaft: water table y=56 (region strike) - stopping above the aquifer, the tunnel owns this level (regions 2)
F12 [F12] digShaft: water table y=56 (region strike) - stopping above the aquifer, the tunnel owns this level (regions 2)
F12 tunnel: steering iron_ore @ 9.9b (axis x+, cross 1.6999999999999886, floor lock)
F4 sword: OK (wooden_sword, holds 1)
F4 sword: OK (wooden_sword)
F16 tunnel: 12 blocks (branch mine at the floor, steered, floor lock)
F14 vein sweep: 7 ores dug beside the gallery (ore detour)
F8 vein sweep: 5 ores dug beside the gallery (floor lock)
F18 tunnel: steering coal_ore @ 5.7b (axis x+, cross 1.4995988205328672, ore detour)
F18 tunnel: 0 blocks (branch mine at the floor, steered, ore detour)
F1 [F1] water: drowning rescue start (drowning, oxygen 13)
F1 [F1] water: pass 0 head=wet shore=none land=n/a y=48.0 o2=13 probes=0 at=[-131,48,414]
F3 tunnel: 4 blocks (branch mine at the floor, steered, floor lock)
F16 vein sweep: 2 ores dug beside the gallery (floor lock)
F5 vein sweep: 8 ores dug beside the gallery (floor lock)
F18 tunnel: steering coal_ore @ 5.8b (axis z--1, cross 1.6065226138498048, ore detour)
F13 vein sweep: 1 ores dug beside the gallery (floor lock)
F14 map trip skipped: sand,gravel unreachable
F7 tunnel: 12 blocks (branch mine at the floor, steered, ore detour)
F1 [F1] water: pass 3 head=wet shore=none land=n/a y=50.1 o2=9 probes=0 at=[-131,50,414]
F5 tunnel: steering coal_ore @ 2.6b (axis z+, cross 0.5, floor lock)
F1 [F1] water: transit toward known land (oak_log) at [-134,413] d=3
F17 tunnel: 12 blocks (branch mine at the floor, steered, floor lock)
F18 tunnel: 2 blocks (branch mine at the floor, steered, ore detour)
F18 tunnel: steering coal_ore @ 5.7b (axis x+, cross 1.3000000000000114, floor lock)
F18 tunnel: 0 blocks (branch mine at the floor, steered, floor lock)
F1 [F1] water: transit toward known land (oak_log) at [-134,413] d=2
F1 [F1] water: pass 5 head=dry shore=none land=oak_log d=2 y=51.7 o2=16 probes=0 at=[-132,52,414]
F10 vein sweep: 2 ores dug beside the gallery (floor lock)
F18 tunnel: steering coal_ore @ 6b (axis z--1, cross 2.299999999999997, ore detour)
F18 tunnel: 0 blocks (branch mine at the floor, steered, ore detour)
F18 tunnel: steering iron_ore @ 7.6b (axis x--1, cross 1.3000000000000114, floor lock)
F18 tunnel: 0 blocks (branch mine at the floor, steered, floor lock)
F18 tunnel: 0 blocks x3 - sealed or flooded, cooling down 15s
[hb] n=10 ts=201s rss=373M late=50ms mainLate=564ms
t-399s alive=19/19 mined=929 map=953p/14ch banked=0 smelted=0 pocket=1016u/221s | sand=0 gravel=4 dirt=210 stone=0
   deficits: 157926/0 (0.0%) 149380/4 (0.0%) 31860/0 (0.0%) 27420/0 (0.0%) 10725/57 (0.5%)
   F1=43[cobblestone:15 granite:9 dirt:5] | F2=113[cobblestone:70 diorite:21 raw_copper:9] | F3=22[dirt:13 oak_log:5 oak_planks:5] | F4=45[cobblestone:16 andesite:9 oak_log:5] | F5=45[cobblestone:11 oak_log:5 gravel:4] | F6=43[dirt:34 granite:8 cobblestone:6] | F7=42[dirt:34 cobblestone:12 oak_log:9] | F8=51[dirt:30 cobblestone:11 oak_planks:7] | F9=98[cobblestone:62 coal:11 andesite:10] | F10=48[dirt:27 oak_planks:7 cobblestone:5] | F11=20[oak_log:5 birch_log:4 leaf_litter:1] | F12=31[dirt:8 leaf_litter:3 oak_planks:2] | F13=31[cobblestone:9 diorite:5 dirt:3] | F14=35[dirt:22 oak_planks:10 cobblestone:3] | F15=54[cobblestone:37 oak_planks:6 oak_log:5] | F16=43[cobblestone:34 stick:3 dirt:3] | F17=56[andesite:12 cobblestone:11 torch:8] | F18=37[cobblestone:20 stick:5 birch_log:4] | F19=72[andesite:20 cobblestone:13 coal:9]
   mem: heap=115M/146M old=-1M ext=121M ab=118M rss=371M cols=1939 ents=2569 evicted=684 path=6a/2q (max 6) stale=0
F17 vein sweep: 2 ores dug beside the gallery (floor lock)
F1 [F1] water: pass 7 head=wet shore=none land=n/a y=50.3 o2=20 probes=0 at=[-132,50,414]
F10 [F10] climb diag: level at y=58 blocked toward -1,0 (dug=2)
F1 [F1] water: transit toward known land (oak_log) at [-134,413] d=3
F1 [F1] water: transit toward known land (oak_log) at [-134,413] d=2
F1 [F1] water: pass 9 head=dry shore=none land=oak_log d=2 y=51.6 o2=20 probes=0 at=[-132,52,414]
F5 tunnel: 0 blocks (branch mine at the floor, steered, floor lock)
F4 tunnel: steering coal_ore @ 8.4b (axis x+, cross 0.45382531803642223, floor lock)
F5 tunnel: steering coal_ore @ 3.3b (axis z+, cross 0.29999999999999716, floor lock)
F1 [F1] water: pass 11 head=wet shore=none land=n/a y=50.3 o2=20 probes=0 at=[-132,50,414]
F13 [F13] digShaft: water table y=47 (region strike) - stopping above the aquifer, the tunnel owns this level (regions 2)
F13 [F13] digShaft: water table y=47 (region strike) - stopping above the aquifer, the tunnel owns this level (regions 2)
F13 tunnel: steering coal_ore @ 5b (axis z--1, cross 1.5, floor lock)
F1 [F1] water: transit toward known land (oak_log) at [-134,413] d=3
F3 [F3] digShaft: water table y=56 (region strike) - stopping above the aquifer, the tunnel owns this level (regions 2)
F3 tunnel: steering coal_ore @ 8b (axis x--1, cross 1.3969563227659023, ore detour)
F1 [F1] water: transit toward known land (oak_log) at [-134,413] d=2
F14 [F14] digShaft: water table y=56 (region strike) - stopping above the aquifer, the tunnel owns this level (regions 2)
F1 [F1] water: pass 14 head=wet shore=none land=n/a y=50.1 o2=20 probes=0 at=[-132,50,414]
F6 [F6] digShaft: water table y=56 (region strike) - stopping above the aquifer, the tunnel owns this level (regions 2)
F6 [F6] digShaft: water table y=56 (region strike) - stopping above the aquifer, the tunnel owns this level (regions 2)
F6 tunnel: steering coal_ore @ 8.8b (axis z--1, cross 0.3226530164098165, floor lock)
F1 [F1] water: transit toward known land (oak_log) at [-134,413] d=3
F12 tunnel: 12 blocks (branch mine at the floor, steered, floor lock)
F1 [F1] water: transit toward known land (oak_log) at [-134,413] d=2
F5 tunnel: 0 blocks (branch mine at the floor, steered, floor lock)
F13 tunnel: 0 blocks (branch mine at the floor, steered, floor lock)
F5 tunnel: steering coal_ore @ 3.4b (axis z+, cross 0.7000000000000028, floor lock)
F1 [F1] water: pass 18 head=wet shore=none land=n/a y=50.1 o2=20 probes=0 at=[-132,50,414]
F13 [F13] digShaft: water table y=47 (region strike) - stopping above the aquifer, the tunnel owns this level (regions 2)
F13 [F13] digShaft: water table y=47 (region strike) - stopping above the aquifer, the tunnel owns this level (regions 2)
F13 tunnel: steering coal_ore @ 5b (axis z--1, cross 2.299999999999997, floor lock)
F1 [F1] water: transit toward known land (oak_log) at [-134,413] d=3
F1 [F1] water: transit stalled (d=3 after 16 passes - the walls own this swim; the release takes over)
F1 [F1] water: transit toward known land (oak_log) at [-134,413] d=3
F1 [F1] water: rescue released (surface-safe, open water - no land known; the walk gate reopens) in 17.2s
F1 [F1] water: hazard memorized at [-132,51,413] (6 live, fleet-wide)
F19 vein sweep: 24 ores dug beside the gallery (floor lock)
F6 tunnel: 2 blocks (branch mine at the floor, steered, floor lock)
F12 spare pick due: spare (cobble available)
F14 [F14] digShaft: water table y=56 (region strike) - stopping above the aquifer, the tunnel owns this level (regions 2)
F14 tunnel: steering coal_ore @ 7.4b (axis z+, cross 3.5, ore detour)
F19 [F19] climb diag: level at y=43 blocked toward 1,0 (dug=2)
F5 tunnel: 0 blocks (branch mine at the floor, steered, floor lock)
F5 tunnel: 0 blocks x3 - sealed or flooded, cooling down 15s
F13 tunnel: 0 blocks (branch mine at the floor, steered, floor lock)
F8 [F8] climb diag: level at y=65 blocked toward 0,1 (dug=12)
F13 [F13] digShaft: water table y=47 (region strike) - stopping above the aquifer, the tunnel owns this level (regions 2)
F13 [F13] digShaft: water table y=47 (region strike) - stopping above the aquifer, the tunnel owns this level (regions 2)
F13 tunnel: steering coal_ore @ 5.1b (axis z--1, cross 3.299999999999997, floor lock)
F12 spare pick: no table reachable or placeable
F12 [F12] digShaft: water table y=56 (region strike) - stopping above the aquifer, the tunnel owns this level (regions 2)
F12 [F12] digShaft: water table y=56 (region strike) - stopping above the aquifer, the tunnel owns this level (regions 2)
F12 tunnel: steering iron_ore @ 14.8b (axis x+, cross 2.4931646464105484, floor lock)
F8 [F8] climb diag: level at y=64 blocked toward -1,0 (dug=12)
F8 [F8] climb diag: level at y=64 blocked toward 0,-1 (dug=12)
F8 climb out (trip): failed - stalled
F8 map trip skipped: cannot leave the shaft
F18 tunnel: steering iron_ore @ 11.5b (axis x--1, cross 2.3000000000000114, ore detour)
F18 tunnel: 0 blocks (branch mine at the floor, steered, ore detour)
F18 tunnel: steering iron_ore @ 12.3b (axis x--1, cross 3.3000000000000114, floor lock)
F18 tunnel: 0 blocks (branch mine at the floor, steered, floor lock)
F18 tunnel: steering iron_ore @ 12.8b (axis z--1, cross 3.5, ore detour)
F18 tunnel: 0 blocks (branch mine at the floor, steered, ore detour)
F18 tunnel: 0 blocks x3 - sealed or flooded, cooling down 15s
t-384s alive=19/19 mined=1034 map=1002p/14ch banked=0 smelted=0 pocket=1192u/229s | sand=0 gravel=4 dirt=275 stone=0
   deficits: 157926/0 (0.0%) 149380/4 (0.0%) 31860/0 (0.0%) 27420/0 (0.0%) 10725/69 (0.6%)
   F1=44[cobblestone:15 granite:9 dirt:5] | F2=125[cobblestone:82 diorite:21 raw_copper:9] | F3=30[dirt:24 oak_log:5 oak_planks:5] | F4=52[cobblestone:28 andesite:9 oak_log:5] | F5=45[cobblestone:11 oak_log:5 gravel:4] | F6=45[dirt:37 cobblestone:9 granite:8] | F7=42[dirt:52 cobblestone:12 oak_log:9] | F8=57[dirt:34 cobblestone:11 oak_planks:7] | F9=111[cobblestone:74 coal:11 andesite:10] | F10=59[dirt:38 oak_planks:7 cobblestone:5] | F11=20[oak_planks:12 birch_planks:6 oak_log:5] | F12=37[dirt:10 cobblestone:5 stick:4] | F13=31[cobblestone:9 diorite:5 dirt:3] | F14=39[dirt:36 oak_planks:10 cobblestone:6] | F15=63[cobblestone:46 oak_planks:6 oak_log:5] | F16=43[cobblestone:44 stick:3 dirt:3] | F17=69[andesite:24 cobblestone:11 torch:8] | F18=37[cobblestone:20 stick:5 birch_log:4] | F19=85[andesite:20 cobblestone:16 coal:9]
   mem: heap=115M/146M old=-1M ext=122M ab=119M rss=378M cols=1947 ents=2686 evicted=725 path=4a/0q (max 6) stale=0
F8 tool upgrade due: cobble available -> stone_pickaxe
F1 [F1] water: drowning rescue start (drowning, oxygen 13)
F1 [F1] water: pass 0 head=wet shore=none land=n/a y=48.0 o2=13 probes=0 at=[-131,48,414]
F13 tunnel: 0 blocks (branch mine at the floor, steered, floor lock)
F13 tunnel: 0 blocks x3 - sealed or flooded, cooling down 15s
F14 tunnel: 2 blocks (branch mine at the floor, steered, ore detour)
F1 [F1] water: transit toward known land (oak_log) at [-134,413] d=3
F10 [F10] climb diag: level at y=65 blocked toward 0,-1 (dug=13)
F10 [F10] climb: walkable surface at y=64 (+6 levels, dug=13) - the walk takes over (blocked step)
F10 climb out (trip): OK +6 levels (6 steps, 13 dug, undefineds)
F11 dir=(-0.99,-0.16) logs=6 tools=wooden_pickaxe
F11 spare pick due: spare (planks available)
F1 [F1] water: transit toward known land (oak_log) at [-134,413] d=3
F14 tool upgrade due: cobble available -> stone_pickaxe
F1 [F1] water: pass 11 head=wet shore=none land=n/a y=50.5 o2=18 probes=0 at=[-132,50,414]
F4 tunnel: 12 blocks (branch mine at the floor, steered, floor lock)
F3 tunnel: 12 blocks (branch mine at the floor, steered, ore detour)
F3 tool upgrade due: cobble available -> stone_pickaxe
[hb] n=11 ts=221s rss=375M late=55ms mainLate=874ms
F8 [toolupgrade] [upgrade] upgraded: stone_pickaxe,wooden_shovel,wooden_pickaxe,wooden_pickaxe
F8 tool upgrade: OK -> stone_pickaxe (stone_pickaxe,wooden_shovel,wooden_pickaxe,wooden_pickaxe)
F11 spare pick: OK (wooden_pickaxe, holds 2)
F11 sword due: planks available
F1 [F1] water: pass 18 head=dry shore=hit r=1 land=none y=52.1 o2=20 probes=0 at=[-131,52,414]
F11 sword: OK (wooden_sword, holds 1)
F11 sword: OK (wooden_sword)
F1 [F1] water: transit toward known land (oak_log) at [-134,413] d=2
F1 [F1] water: transit stalled (d=2 after 15 passes - the walls own this swim; the release takes over)
F1 [F1] water: transit toward known land (oak_log) at [-134,413] d=2
F1 [F1] water: rescue released (surface-safe, open water - no land known; the walk gate reopens) in 4.5s
F1 [F1] water: hazard memorized at [-132,51,413] (7 live, fleet-wide)
F11 [F11] digShaft: water table y=56 (region strike) - stopping above the aquifer, the tunnel owns this level (regions 2)
F1 [F1] water: drowning rescue start (drowning, oxygen 19)
F1 [F1] water: pass 0 head=wet shore=none land=n/a y=48.1 o2=19 probes=0 at=[-132,48,414]
F8 [F8] digShaft: water table y=56 (region strike) - stopping above the aquifer, the tunnel owns this level (regions 2)
F8 tunnel: steering coal_ore @ 12b (axis x+, cross 1.5, ore detour)
F1 [F1] water: pass 5 head=dry shore=hit r=1 land=none y=52.4 o2=20 probes=0 at=[-131,52,414]
F1 [F1] water: transit toward known land (oak_log) at [-134,413] d=2
F17 [F17] water: drowning rescue start (drowning, oxygen 20)
F17 [F17] water: pass 0 head=wet shore=none land=n/a y=45.6 o2=20 probes=0 at=[-128,46,418]
F9 [F9] climb wet escape: 2 blocks walked (budget)
F17 [F17] water: transit toward known land (oak_log) at [-125,420] d=4
F3 [toolupgrade] [upgrade] upgraded: stone_pickaxe,wooden_shovel,wooden_pickaxe,wooden_pickaxe
F3 tool upgrade: OK -> stone_pickaxe (stone_pickaxe,wooden_shovel,wooden_pickaxe,wooden_pickaxe)
F14 [toolupgrade] [upgrade] upgraded: stone_pickaxe,wooden_shovel,wooden_pickaxe,wooden_pickaxe
F14 tool upgrade: OK -> stone_pickaxe (stone_pickaxe,wooden_shovel,wooden_pickaxe,wooden_pickaxe)
F7 [F7] digShaft: water table y=56 (region strike) - stopping above the aquifer, the tunnel owns this level (regions 2)
F7 tunnel: steering coal_ore @ 3.5b (axis x+, cross 0.30000000000001137, ore detour)
F17 [F17] water: transit toward known land (oak_log) at [-125,420] d=4
F17 [F17] water: transit toward known land (oak_log) at [-125,420] d=4
F7 tunnel: 0 blocks (branch mine at the floor, steered, ore detour)
F7 [F7] digShaft: water table y=56 (region strike) - stopping above the aquifer, the tunnel owns this level (regions 2)
F7 tunnel: steering coal_ore @ 9.5b (axis x+, cross 1.3000000000000114, floor lock)
F7 tunnel: 0 blocks (branch mine at the floor, steered, floor lock)
F17 [F17] water: transit toward known land (oak_log) at [-125,420] d=4
F3 [F3] digShaft: water table y=56 (region strike) - stopping above the aquifer, the tunnel owns this level (regions 2)
F3 tunnel: steering coal_ore @ 7b (axis x--1, cross 0.30000000000001137, floor lock)
F17 [F17] water: transit toward known land (oak_log) at [-125,420] d=4
F14 [F14] digShaft: water table y=56 (region strike) - stopping above the aquifer, the tunnel owns this level (regions 2)
F14 tunnel: steering coal_ore @ 9.2b (axis x+, cross 0.5003342923334912, ore detour)
F14 tunnel: 0 blocks (branch mine at the floor, steered, ore detour)
F14 [F14] digShaft: water table y=56 (region strike) - stopping above the aquifer, the tunnel owns this level (regions 2)
F14 tunnel: steering coal_ore @ 9.3b (axis x+, cross 1.5003342923334912, floor lock)
F14 tunnel: 0 blocks (branch mine at the floor, steered, floor lock)
F1 [F1] water: transit toward known land (oak_log) at [-134,413] d=3
F1 [F1] water: pass 13 head=dry shore=none land=oak_log d=3 y=51.1 o2=20 probes=0 at=[-131,51,414]
F12 tunnel: 12 blocks (branch mine at the floor, steered, floor lock)
F17 [F17] water: transit toward known land (oak_log) at [-125,420] d=4
F17 [F17] water: pass 6 head=dry shore=none land=oak_log d=4 y=46.2 o2=20 probes=0 at=[-128,46,418]
F17 [F17] water: transit toward known land (oak_log) at [-125,420] d=4
F1 [F1] water: transit toward known land (oak_log) at [-134,413] d=2
F5 tunnel: steering iron_ore @ 14.7b (axis x+, cross 3.3000000000000114, floor lock)
F17 [F17] water: transit toward known land (oak_log) at [-125,420] d=4
F17 [F17] water: transit toward known land (oak_log) at [-125,420] d=4
F17 [F17] water: transit toward known land (oak_log) at [-125,420] d=4
F17 [F17] water: frozen physics (10 flat passes at y=46.2, o2=20) - standing down, the reconnect lane owns this
F17 [F17] water: rescue standing down (frozen physics - the walk gate reopens, the reconnect lane owns a dead client) in 3.7s
F17 [F17] water: hazard memorized at [-129,46,417] (8 live, fleet-wide)
F1 [F1] water: transit toward known land (oak_log) at [-134,413] d=3
F1 [F1] water: pass 17 head=dry shore=none land=oak_log d=3 y=51.4 o2=20 probes=0 at=[-131,51,414]
F11 [F11] digShaft: water table y=56 (region strike) - stopping above the aquifer, the tunnel owns this level (regions 2)
F11 tunnel: steering iron_ore @ 11.3b (axis x+, cross 3.5, ore detour)
F1 [F1] water: transit toward known land (oak_log) at [-134,413] d=2
F9 [F9] climb wet escape: 2 blocks walked (low-o2)
F9 [F9] climb wet escape: oxygen 4 at the floor - the escape yields, the rescue lane owns the air
F9 climb out (trip): failed - low-o2 (traversed 4)
F9 map trip skipped: cannot leave the shaft
F7 [F7] climb diag: level at y=59 blocked toward 0,1 (dug=4)
F9 [F9] water: drowning rescue start (drowning, oxygen 4)
F9 [F9] water: pass 0 head=wet shore=none land=n/a y=57.8 o2=4 probes=0 at=[-125,58,374]
F9 bank trip: planned budget 159s
F9 climb out (bank): failed - rescue owns the bot
F9 tunnel: steering coal_ore @ 4.1b (axis x--1, cross 0.6230301891544059, floor lock)
F1 vein sweep: 6 ores dug beside the gallery (ore detour)
F1 climb out (trip): failed - rescue owns the bot
F1 map trip skipped: cannot leave the shaft
F7 [F7] climb diag: level at y=58 blocked toward -1,0 (dug=5)
F18 tunnel: steering copper_ore @ 7.7b (axis x+, cross 1.3000000000000114, floor lock)
F18 tunnel: 0 blocks (branch mine at the floor, steered, floor lock)
t-368s alive=19/19 mined=1170 map=1020p/14ch banked=0 smelted=0 pocket=1314u/238s | sand=3 gravel=7 dirt=333 stone=0
   deficits: 157926/3 (0.0%) 149380/7 (0.0%) 31860/0 (0.0%) 27420/0 (0.0%) 10725/70 (0.7%)
   F1=45[cobblestone:15 granite:9 dirt:5] | F2=143[cobblestone:89 diorite:21 dirt:16] | F3=38[dirt:29 cobblestone:5 oak_log:4] | F4=68[cobblestone:33 andesite:9 oak_log:5] | F5=48[cobblestone:14 oak_log:5 gravel:4] | F6=45[dirt:39 cobblestone:10 granite:8] | F7=47[dirt:58 cobblestone:12 oak_log:9] | F8=73[dirt:39 cobblestone:14 leaf_litter:8] | F9=119[cobblestone:75 coal:11 dirt:11] | F10=72[dirt:41 leaf_litter:8 oak_planks:7] | F11=23[oak_planks:7 dirt:6 oak_log:5] | F12=49[dirt:16 cobblestone:11 stick:4] | F13=31[cobblestone:9 diorite:5 dirt:3] | F14=39[dirt:40 oak_planks:4 torch:4] | F15=73[cobblestone:51 dirt:7 oak_planks:6] | F16=43[cobblestone:50 stick:3 dirt:3] | F17=74[andesite:25 cobblestone:16 torch:8] | F18=37[cobblestone:20 stick:5 birch_log:4] | F19=103[andesite:20 granite:17 cobblestone:16]
   mem: heap=115M/148M old=-1M ext=120M ab=118M rss=378M cols=1923 ents=2841 evicted=788 path=3a/0q (max 6) stale=0
F1 [F1] water: pass 24 head=wet shore=none land=n/a y=50.3 o2=19 probes=0 at=[-132,50,414]
F18 tunnel: steering copper_ore @ 10b (axis z--1, cross 3.5, ore detour)
F18 tunnel: 0 blocks (branch mine at the floor, steered, ore detour)
F18 tunnel: steering copper_ore @ 10.1b (axis z--1, cross 3.5, floor lock)
F18 tunnel: 0 blocks (branch mine at the floor, steered, floor lock)
F18 tunnel: 0 blocks x3 - sealed or flooded, cooling down 15s
F1 [F1] water: transit toward known land (oak_log) at [-134,413] d=3
F1 [F1] water: transit stalled (d=3 after 19 passes - the walls own this swim; the release takes over)
F1 [F1] water: transit toward known land (oak_log) at [-134,413] d=3
F1 [F1] water: rescue released (surface-safe, open water - no land known; the walk gate reopens) in 9.6s
F1 [F1] water: hazard memorized at [-132,51,413] (9 live, fleet-wide)
F9 [F9] water: pass 5 head=wet shore=none land=n/a y=60.5 o2=1 probes=0 at=[-125,61,374]
F13 [F13] digShaft: water table y=47 (region strike) - stopping above the aquifer, the tunnel owns this level (regions 2)
F13 [F13] digShaft: water table y=47 (region strike) - stopping above the aquifer, the tunnel owns this level (regions 2)
F13 tunnel: steering iron_ore @ 2.5b (axis z--1, cross 0.7000000000000028, floor lock)
F9 tunnel: 1 blocks (branch mine at the floor, steered, floor lock)
F9 tunnel: 0 blocks (branch mine at the floor, floor lock)
F6 [F6] digShaft: water table y=56 (region strike) - stopping above the aquifer, the tunnel owns this level (regions 2)
F6 bank trip: planned budget 171s
F9 tunnel: steering coal_ore @ 9.4b (axis z+, cross 1.6184717714099577, floor lock)
F9 tunnel: 0 blocks (branch mine at the floor, steered, floor lock)
F9 tunnel: 0 blocks (branch mine at the floor, floor lock)
F9 tunnel: 0 blocks x3 - sealed or flooded, cooling down 15s
F1 [F1] digShaft: water hazard 0.4b away (live 9) - refusing this column, the caller rotates
F1 tunnel: steering coal_ore @ 5.8b (axis z--1, cross 0.30000000000001137, ore detour)
F2 [F2] climb diag: level at y=67 blocked toward 1,0 (dug=72)
F2 [F2] climb diag: level at y=67 blocked toward 0,1 (dug=72)
F13 tunnel: 0 blocks (branch mine at the floor, steered, floor lock)
F2 [F2] climb diag: level at y=67 blocked toward -1,0 (dug=72)
F8 tunnel: 13 blocks (branch mine at the floor, steered, ore detour)
F8 bank trip: planned budget 177s
F13 [F13] digShaft: water table y=47 (region strike) - stopping above the aquifer, the tunnel owns this level (regions 2)
F13 [F13] digShaft: water table y=47 (region strike) - stopping above the aquifer, the tunnel owns this level (regions 2)
F13 tunnel: steering copper_ore @ 6.4b (axis x--1, cross 1.3000000000000114, floor lock)
F9 [F9] water: pass 12 head=dry shore=hit r=1 land=none y=62.4 o2=9 probes=0 at=[-121,62,378]
F2 climb out (trip): OK +27 levels (26 steps, 72 dug, 73s)
F16 tunnel: steering iron_ore @ 8b (axis x+, cross 1.606522907576732, floor lock)
F17 [F17] water: drowning rescue start (drowning, oxygen 18)
F17 [F17] water: pass 0 head=wet shore=none land=n/a y=43.0 o2=18 probes=0 at=[-128,43,420]
F3 tunnel: 12 blocks (branch mine at the floor, steered, floor lock)
F9 [F9] water: pass 16 head=dry shore=hit r=1 land=none y=64.3 o2=20 probes=0 at=[-120,64,379]
F3 vein sweep: 1 ores dug beside the gallery (floor lock)
F17 [F17] water: pass 7 head=dry shore=hit r=4 land=none y=44.2 o2=20 probes=0 at=[-128,44,420]
F5 tunnel: 13 blocks (branch mine at the floor, steered, floor lock)
F1 [F1] water: drowning rescue start (drowning, oxygen 14)
F1 [F1] water: pass 0 head=wet shore=none land=n/a y=48.0 o2=14 probes=0 at=[-131,48,413]
F1 tunnel: 2 blocks (branch mine at the floor, steered, ore detour)
F9 [F9] water: pass 18 head=dry shore=hit r=1 land=none y=64.2 o2=20 probes=0 at=[-122,64,380]
F17 [F17] water: rescue standing down (frozen physics - the walk gate reopens, the reconnect lane owns a dead client) in 4.0s
F17 [F17] water: hazard memorized at [-129,44,419] (10 live, fleet-wide)
[hb] n=12 ts=241s rss=376M late=60ms mainLate=828ms
F17 [F17] climb diag: level at y=48 blocked toward 0,-1 (dug=17) dig failed at [-129,49,413] stone (held=stone_pickaxe, airborne, post=water STILL THERE (server never broke it))
F1 [F1] water: transit toward known land (oak_log) at [-134,413] d=3
F9 [F9] water: rescue complete in 11.0s
F9 [F9] water: hazard memorized at [-122,62,378] (11 live, fleet-wide)
F1 [F1] water: pass 8 head=wet shore=none land=n/a y=50.1 o2=18 probes=0 at=[-132,50,414]
F1 [F1] water: transit toward known land (oak_log) at [-134,413] d=3
F4 vein sweep: 24 ores dug beside the gallery (floor lock)
F1 [F1] water: pass 13 head=dry shore=hit r=1 land=none y=52.5 o2=20 probes=0 at=[-132,52,414]
F11 tunnel: 13 blocks (branch mine at the floor, steered, ore detour)
F12 [F12] climb diag: level at y=58 blocked toward -1,0 (dug=2)
F16 tunnel: 13 blocks (branch mine at the floor, steered, floor lock)
F4 map trip skipped: sand,gravel unreachable
F1 [F1] water: transit toward known land (oak_log) at [-134,413] d=2
F1 [F1] water: pass 18 head=dry shore=none land=oak_log d=2 y=51.7 o2=20 probes=0 at=[-132,52,414]
F8 [F8] climb: walkable surface at y=64 (+6 levels, dug=15) - the walk takes over (blocked step)
F8 climb out (bank): OK +6 levels (5 steps, 15 dug, undefineds)
F8 bank: holding 45s of 177s for the smelt leg
t-353s alive=19/19 mined=1331 map=1042p/15ch banked=0 smelted=0 pocket=1471u/240s | sand=7 gravel=12 dirt=388 stone=0
   deficits: 157926/7 (0.0%) 149380/12 (0.0%) 31860/0 (0.0%) 27420/0 (0.0%) 10725/72 (0.7%)
   F1=47[cobblestone:17 granite:9 dirt:5] | F2=143[cobblestone:90 diorite:21 dirt:17] | F3=47[dirt:35 cobblestone:10 oak_log:4] | F4=81[cobblestone:33 andesite:9 oak_log:5] | F5=68[cobblestone:28 gravel:9 oak_log:5] | F6=56[dirt:50 cobblestone:10 granite:8] | F7=58[dirt:69 cobblestone:12 oak_log:9] | F8=92[dirt:52 cobblestone:20 leaf_litter:14] | F9=120[cobblestone:75 dirt:12 coal:11] | F10=82[dirt:43 leaf_litter:12 oak_planks:7] | F11=35[cobblestone:12 oak_planks:7 dirt:6] | F12=53[dirt:20 cobblestone:11 stick:4] | F13=41[cobblestone:13 diorite:11 dirt:3] | F14=39[dirt:42 cobblestone:4 oak_planks:4] | F15=75[cobblestone:51 dirt:9 oak_planks:6] | F16=58[cobblestone:57 diorite:6 stick:3] | F17=76[andesite:27 cobblestone:16 torch:8] | F18=37[cobblestone:20 stick:5 birch_log:4] | F19=123[cobblestone:33 andesite:20 granite:18]
   mem: heap=117M/148M old=-1M ext=120M ab=117M rss=378M cols=1906 ents=3032 evicted=823 path=6a/0q (max 6) stale=0
F11 tool upgrade due: cobble available -> stone_pickaxe
F14 [F14] digShaft: water table y=56 (region strike) - stopping above the aquifer, the tunnel owns this level (regions 2)
F14 tunnel: steering iron_ore @ 4b (axis x--1, cross 2.321639949907592, ore detour)
F1 [F1] water: transit toward known land (oak_log) at [-134,413] d=3
F1 [F1] water: pass 21 head=dry shore=none land=oak_log d=3 y=51.2 o2=20 probes=0 at=[-131,51,414]
F4 tunnel: steering coal_ore @ 5.3b (axis z+, cross 0.7613580335077472, floor lock)
F1 [F1] water: transit toward known land (oak_log) at [-134,413] d=2
F1 [F1] water: transit stalled (d=2 after 15 passes - the walls own this swim; the release takes over)
F1 [F1] water: transit toward known land (oak_log) at [-134,413] d=2
F1 [F1] water: rescue released (surface-safe, open water - no land known; the walk gate reopens) in 9.5s
F1 [F1] water: hazard memorized at [-132,51,413] (12 live, fleet-wide)
F6 climb out (bank): OK +7 levels (7 steps, 11 dug, 14s)
F6 bank: holding 45s of 171s for the smelt leg
F18 [F18] climb diag: level at y=43 blocked toward 1,0 (dug=2)
F1 [F1] water: drowning rescue start (drowning, oxygen 20)
F1 [F1] water: pass 0 head=wet shore=none land=n/a y=48.0 o2=20 probes=0 at=[-132,48,414]
F15 [F15] climb diag: level at y=53 blocked toward 1,0 (dug=33, wet) at [0,2,0] water (stop)
F9 [F9] climb diag: level at y=63 blocked toward -1,0 (dug=0)
F9 [F9] climb diag: level at y=63 blocked toward 0,-1 (dug=0)
F15 [F15] climb wet escape: oxygen 0 at the floor - the escape yields, the rescue lane owns the air
F15 climb out (trip): failed - low-o2
F15 map trip skipped: cannot leave the shaft
F15 [F15] water: drowning rescue start (drowning, oxygen 0)
F15 [F15] water: pass 0 head=wet shore=none land=n/a y=53.0 o2=0 probes=0 at=[-127,53,371]
F13 tunnel: 12 blocks (branch mine at the floor, steered, floor lock)
F15 tool recovery: no pickaxe - spare-pick craft first
F15 spare pick: no table reachable or placeable
F15 tool recovery: spare craft failed (no table) - re-running the bootstrap
F9 [F9] climb diag: level at y=63 blocked toward 1,0 (dug=0)
F9 climb out (trip): failed - stalled
F9 map trip skipped: cannot leave the shaft
F1 [F1] water: transit toward known land (oak_log) at [-134,413] d=3
F7 [F7] climb diag: level at y=65 blocked toward 0,-1 (dug=16)
F7 [F7] climb: walkable surface at y=64 (+6 levels, dug=16) - the walk takes over (blocked step)
F7 climb out (trip): OK +6 levels (8 steps, 16 dug, undefineds)
F1 [F1] water: pass 7 head=wet shore=none land=n/a y=50.0 o2=20 probes=0 at=[-132,50,414]
F15 [F15] water: pass 6 head=wet shore=none land=n/a y=56.6 o2=-1 probes=0 at=[-127,57,371]
F1 [F1] water: transit toward known land (oak_log) at [-134,413] d=3
F7 map trip skipped: sand,gravel unreachable
F11 [toolupgrade] [upgrade] upgraded: stone_pickaxe,wooden_shovel,wooden_pickaxe,wooden_pickaxe
F11 tool upgrade: OK -> stone_pickaxe (stone_pickaxe,wooden_shovel,wooden_pickaxe,wooden_pickaxe)
F11 [F11] digShaft: water table y=56 (region strike) - stopping above the aquifer, the tunnel owns this level (regions 2)
F11 tunnel: steering iron_ore @ 12.1b (axis x+, cross 2.4998544691341635, ore detour)
F1 [F1] water: pass 11 head=wet shore=none land=n/a y=50.8 o2=20 probes=0 at=[-132,51,414]
F1 [F1] water: transit toward known land (oak_log) at [-134,413] d=2
F7 [F7] digShaft: water hazard 4.8b away (live 12) - refusing this column, the caller rotates
F7 tunnel: steering iron_ore @ 10.6b (axis x--1, cross 2.679184698505196, ore detour)
F16 vein sweep: 9 ores dug beside the gallery (floor lock)
F4 tunnel: 4 blocks (branch mine at the floor, steered, floor lock)
F15 [F15] water: pass 12 head=dry shore=hit r=6 land=none y=62.4 o2=4 probes=0 at=[-126,62,372]
F7 tunnel: 0 blocks (branch mine at the floor, steered, ore detour)
F7 tunnel: 0 blocks x3 - sealed or flooded, cooling down 15s
F4 vein sweep: 1 ores dug beside the gallery (floor lock)
F1 [F1] water: transit toward known land (oak_log) at [-134,413] d=3
F1 [F1] water: pass 18 head=wet shore=none land=n/a y=50.8 o2=20 probes=0 at=[-132,51,414]
F15 [F15] water: pass 16 head=dry shore=hit r=3 land=none y=62.0 o2=18 probes=0 at=[-123,62,375]
F1 [F1] water: pass 21 head=dry shore=hit r=1 land=none y=52.2 o2=20 probes=0 at=[-131,52,414]
F14 tunnel: 12 blocks (branch mine at the floor, steered, ore detour)
[hb] n=13 ts=261s rss=376M late=65ms mainLate=440ms
F15 [F15] water: pass 18 head=dry shore=hit r=2 land=none y=62.7 o2=20 probes=0 at=[-122,63,377]
F12 [F12] climb diag: level at y=65 blocked toward 0,-1 (dug=13)
F1 [F1] water: transit toward known land (oak_log) at [-134,413] d=3
F1 [F1] water: pass 24 head=dry shore=none land=oak_log d=3 y=51.0 o2=20 probes=0 at=[-131,51,414]
F1 [F1] water: transit stalled (d=3 after 18 passes - the walls own this swim; the release takes over)
F1 [F1] water: transit toward known land (oak_log) at [-134,413] d=3
F1 [F1] water: rescue released (surface-safe, open water - no land known; the walk gate reopens) in 12.1s
F1 [F1] water: hazard memorized at [-132,51,413] (12 live, fleet-wide)
F12 [F12] climb diag: level at y=64 blocked toward 1,0 (dug=13)
F10 map trip: sand
F12 climb out (trip): failed - stalled
F12 map trip skipped: cannot leave the shaft
t-337s alive=19/19 mined=1446 map=1070p/15ch banked=0 smelted=0 pocket=1614u/243s | sand=9 gravel=13 dirt=415 stone=0
   deficits: 157926/9 (0.0%) 149380/13 (0.0%) 31860/0 (0.0%) 27420/0 (0.0%) 10725/75 (0.7%)
   F1=47[cobblestone:17 granite:9 dirt:5] | F2=153[cobblestone:103 diorite:21 dirt:17] | F3=47[dirt:35 cobblestone:11 oak_log:4] | F4=86[cobblestone:43 andesite:11 oak_log:5] | F5=83[cobblestone:40 gravel:10 diorite:7] | F6=56[dirt:51 cobblestone:10 granite:8] | F7=58[dirt:70 cobblestone:12 oak_log:9] | F8=92[dirt:52 cobblestone:20 leaf_litter:14] | F9=127[cobblestone:78 dirt:15 coal:10] | F10=82[dirt:41 leaf_litter:12 sand:9] | F11=41[cobblestone:15 dirt:8 oak_log:5] | F12=62[dirt:30 cobblestone:11 leaf_litter:7] | F13=51[cobblestone:22 diorite:11 dirt:3] | F14=53[dirt:48 cobblestone:9 oak_planks:4] | F15=75[cobblestone:51 dirt:10 oak_planks:6] | F16=72[cobblestone:57 diorite:12 raw_copper:6] | F17=76[andesite:28 cobblestone:16 torch:8] | F18=47[cobblestone:30 stick:5 birch_log:4] | F19=138[cobblestone:43 andesite:20 granite:18]
   mem: heap=104M/147M old=-1M ext=119M ab=117M rss=379M cols=1915 ents=3070 evicted=850 path=4a/0q (max 6) stale=0
F15 [F15] water: pass 21 head=dry shore=hit r=1 land=none y=62.4 o2=20 probes=0 at=[-121,62,378]
F14 vein sweep: 3 ores dug beside the gallery (ore detour)
F14 [F14] digShaft: water table y=56 (region strike) - stopping above the aquifer, the tunnel owns this level (regions 2)
F14 tunnel: steering coal_ore @ 9.5b (axis z+, cross 1.3000000000000114, floor lock)
F12 tool upgrade due: cobble available -> stone_pickaxe
F15 [F15] water: pass 23 head=dry shore=hit r=1 land=none y=64.2 o2=20 probes=0 at=[-120,64,379]
F1 bank trip: planned budget 160s
F12 [toolupgrade] [upgrade] upgraded: stone_pickaxe,wooden_shovel,wooden_pickaxe
F12 tool upgrade: OK -> stone_pickaxe (stone_pickaxe,wooden_shovel,wooden_pickaxe)
F12 sword due: cobble available
F15 [F15] water: rescue complete in 17.4s
F15 [F15] water: hazard memorized at [-121,62,377] (12 live, fleet-wide)
F12 sword: OK (stone_sword, holds 1)
F12 sword: OK (stone_sword)
F11 tunnel: 12 blocks (branch mine at the floor, steered, ore detour)
F14 tunnel: 4 blocks (branch mine at the floor, steered, floor lock)
F11 vein sweep: 1 ores dug beside the gallery (ore detour)
F14 vein sweep: 1 ores dug beside the gallery (floor lock)
F14 bank trip: planned budget 170s
F14 bank: holding 45s of 170s for the smelt leg
F6 [F6] raw hop failed: raw walk timeout after 20014ms (d=7.1) - pathfinder retry
F12 [F12] digShaft: water table y=56 (region strike) - stopping above the aquifer, the tunnel owns this level (regions 2)
F7 [F7] digShaft: water hazard 7.3b away (live 12) - refusing this column, the caller rotates
F7 tunnel: steering iron_ore @ 9.6b (axis x--1, cross 2.1981299441321767, floor lock)
F7 tunnel: 0 blocks (branch mine at the floor, steered, floor lock)
F14 [F14] raw hop failed: raw walk stalled after 2485ms (d=19.3) - pathfinder retry
F9 tunnel: steering iron_ore @ 5.3b (axis x--1, cross 2.5, ore detour)
F6 [F6] hop: chest at [-132,71,409] d=24 zero: chest unreachable (Took to long to decide path to goal!)
F19 [F19] climb: walkable surface at y=67 (+24 levels, dug=70) - the walk takes over (blocked step)
F19 climb out (trip): OK +24 levels (23 steps, 70 dug, undefineds)
F4 tunnel: steering coal_ore @ 7.6b (axis x--1, cross 3.5, floor lock)
F12 tunnel: 2 blocks (branch mine at the floor, ore detour)
F2 map trip: coal_ore
t-322s alive=19/19 mined=1567 map=1095p/16ch banked=0 smelted=0 pocket=1744u/248s | sand=9 gravel=13 dirt=436 stone=0
   deficits: 157926/9 (0.0%) 149380/13 (0.0%) 31860/0 (0.0%) 27420/0 (0.0%) 10725/89 (0.8%)
   F1=50[cobblestone:21 granite:9 dirt:5] | F2=167[cobblestone:117 diorite:21 dirt:17] | F3=47[dirt:35 cobblestone:11 oak_log:4] | F4=88[cobblestone:51 andesite:17 oak_log:5] | F5=97[cobblestone:54 gravel:10 diorite:7] | F6=56[dirt:51 cobblestone:10 granite:8] | F7=59[dirt:71 cobblestone:12 oak_log:9] | F8=92[dirt:52 cobblestone:20 leaf_litter:14] | F9=145[cobblestone:89 andesite:18 dirt:15] | F10=82[dirt:40 leaf_litter:12 sand:9] | F11=59[cobblestone:27 dirt:13 oak_log:5] | F12=69[dirt:34 cobblestone:9 leaf_litter:7] | F13=61[cobblestone:31 diorite:11 dirt:4] | F14=59[dirt:49 cobblestone:10 oak_planks:4] | F15=76[cobblestone:51 dirt:10 oak_planks:6] | F16=86[cobblestone:67 diorite:17 raw_copper:6] | F17=76[andesite:28 cobblestone:16 torch:8] | F18=47[cobblestone:30 stick:5 birch_log:4] | F19=151[cobblestone:45 dirt:20 andesite:20]
   mem: heap=111M/149M old=-1M ext=118M ab=115M rss=377M cols=1889 ents=3091 evicted=910 path=6a/2q (max 6) stale=0
F3 [F3] digShaft: water table y=56 (region strike) - stopping above the aquifer, the tunnel owns this level (regions 2)
F3 tunnel: steering coal_ore @ 9.5b (axis x+, cross 0.6772698736806433, ore detour)
[hb] n=14 ts=281s rss=377M late=70ms mainLate=748ms
F2 tool upgrade due: cobble available -> stone_pickaxe
F7 [F7] digShaft: water table y=56 (region strike) - stopping above the aquifer, the tunnel owns this level (regions 2)
F3 tunnel: 0 blocks (branch mine at the floor, steered, ore detour)
F3 [F3] digShaft: water table y=56 (region strike) - stopping above the aquifer, the tunnel owns this level (regions 2)
F3 tunnel: steering coal_ore @ 7b (axis x+, cross 0.30000000000001137, floor lock)
F3 tunnel: 0 blocks (branch mine at the floor, steered, floor lock)
F17 [F17] climb wet escape: 1 blocks walked (refused)
F17 [F17] climb diag: level at y=43 blocked toward 0,1 (dug=19, wet) at [0,1,0] water (stop)
F6 [F6] raw hop failed: raw walk timeout after 15578ms (d=7.0) - pathfinder retry
F16 [F16] water: drowning rescue start (drowning, oxygen 12)
F16 [F16] water: pass 0 head=wet shore=none land=n/a y=50.0 o2=12 probes=0 at=[-90,50,356]
F9 tunnel: 12 blocks (branch mine at the floor, steered, ore detour)
F3 [F3] climb diag: level at y=59 blocked toward 1,0 (dug=5)
t-306s alive=19/19 mined=1618 map=1106p/16ch banked=0 smelted=0 pocket=1821u/253s | sand=10 gravel=14 dirt=454 stone=0
   deficits: 157926/10 (0.0%) 149380/14 (0.0%) 31860/0 (0.0%) 27420/0 (0.0%) 10725/107 (1.0%)
   F1=50[cobblestone:21 granite:9 dirt:5] | F2=167[cobblestone:117 diorite:21 dirt:17] | F3=52[dirt:40 cobblestone:11 oak_log:4] | F4=96[cobblestone:53 andesite:24 oak_log:5] | F5=107[cobblestone:64 gravel:10 diorite:7] | F6=56[dirt:51 cobblestone:10 granite:8] | F7=60[dirt:75 cobblestone:12 oak_log:9] | F8=92[dirt:52 cobblestone:20 leaf_litter:14] | F9=153[cobblestone:96 andesite:18 dirt:15] | F10=82[dirt:38 leaf_litter:12 sand:9] | F11=62[cobblestone:28 dirt:14 andesite:7] | F12=69[dirt:44 cobblestone:9 leaf_litter:7] | F13=68[cobblestone:35 diorite:11 dirt:4] | F14=59[dirt:49 cobblestone:10 oak_planks:4] | F15=78[cobblestone:51 dirt:10 oak_log:7] | F16=90[cobblestone:71 diorite:17 raw_copper:6] | F17=79[andesite:31 cobblestone:16 torch:8] | F18=47[cobblestone:30 stick:5 birch_log:4] | F19=151[cobblestone:45 andesite:21 dirt:20]
   mem: heap=116M/148M old=-1M ext=118M ab=115M rss=377M cols=1893 ents=3121 evicted=934 path=6a/0q (max 6) stale=0
F16 [F16] water: pass 2 head=wet shore=none land=n/a y=51.2 o2=8 probes=0 at=[-90,51,356]
F17 climb out (trip): failed - timeout (traversed 1)
F17 map trip skipped: cannot leave the shaft
F4 tunnel: 12 blocks (branch mine at the floor, steered, floor lock)
F16 [F16] water: pass 4 head=wet shore=none land=n/a y=51.2 o2=20 probes=0 at=[-90,51,357]
F6 [F6] hop: chest at [-137,71,409] d=9 zero: chest unreachable (Took to long to decide path to goal!)
[hb] n=15 ts=301s rss=375M late=75ms mainLate=791ms
F16 [F16] water: pass 6 head=wet shore=none land=n/a y=51.2 o2=20 probes=0 at=[-90,51,357]
F17 tunnel: steering coal_ore @ 6.2b (axis x--1, cross 3.3000000000000114, ore detour)
F8 [F8] approach: 5 segment(s) walked in 55.9s, goal now d=26.7 (still outside - a segment stalled (no position delta))
F16 [F16] water: pass 8 head=wet shore=none land=n/a y=51.2 o2=20 probes=0 at=[-90,51,357]
F8 [F8] raw hop failed: raw walk stalled after 2115ms (d=26.7) - pathfinder retry
F12 [F12] water: drowning rescue start (drowning, oxygen 18)
F12 [F12] water: pass 0 head=wet shore=none land=n/a y=61.0 o2=18 probes=0 at=[-161,61,401]
F2 [toolupgrade] [upgrade] upgraded: wooden_shovel,stone_pickaxe,wooden_pickaxe
F2 tool upgrade: OK -> stone_pickaxe (wooden_shovel,stone_pickaxe,wooden_pickaxe)
F2 bank trip: pockets full budget 203s
F16 [F16] water: pass 10 head=wet shore=none land=n/a y=51.2 o2=20 probes=0 at=[-90,51,357]
F16 [F16] water: frozen physics (10 flat passes at y=51.2, o2=20) - standing down, the reconnect lane owns this
F16 [F16] water: rescue standing down (frozen physics - the walk gate reopens, the reconnect lane owns a dead client) in 13.3s
F16 [F16] water: hazard memorized at [-91,51,356] (11 live, fleet-wide)
F16 [F16] water: drowning rescue start (drowning, oxygen 20)
F16 [F16] water: pass 0 head=wet shore=none land=n/a y=51.2 o2=20 probes=0 at=[-90,51,357]
F12 [F12] water: pass 2 head=dry shore=hit r=1 land=none y=62.5 o2=20 probes=0 at=[-161,62,401]
F10 tool upgrade due: cobble available -> stone_pickaxe
F14 [F14] raw hop failed: raw walk stalled after 2260ms (d=19.3) - pathfinder retry
t-291s alive=19/19 mined=1698 map=1107p/16ch banked=0 smelted=0 pocket=1906u/258s | sand=12 gravel=15 dirt=477 stone=0
   deficits: 157926/12 (0.0%) 149380/15 (0.0%) 31860/0 (0.0%) 27420/0 (0.0%) 10725/114 (1.1%)
   F1=50[cobblestone:21 granite:9 dirt:5] | F2=169[cobblestone:117 diorite:21 dirt:17] | F3=59[dirt:47 cobblestone:11 leaf_litter:5] | F4=98[cobblestone:56 andesite:27 oak_log:5] | F5=115[cobblestone:67 gravel:10 dirt:9] | F6=56[dirt:51 cobblestone:10 granite:8] | F7=60[dirt:75 cobblestone:12 oak_log:9] | F8=92[dirt:52 cobblestone:20 leaf_litter:14] | F9=159[cobblestone:97 andesite:18 dirt:15] | F10=88[dirt:42 leaf_litter:12 sand:9] | F11=62[cobblestone:32 dirt:19 andesite:9] | F12=69[dirt:44 cobblestone:9 leaf_litter:7] | F13=72[cobblestone:37 diorite:11 dirt:6] | F14=59[dirt:49 cobblestone:10 oak_planks:4] | F15=82[cobblestone:51 dirt:10 oak_log:10] | F16=90[cobblestone:71 diorite:17 raw_copper:6] | F17=79[andesite:32 cobblestone:16 torch:8] | F18=47[cobblestone:30 stick:5 birch_log:4] | F19=192[cobblestone:45 raw_copper:39 andesite:22]
   mem: heap=121M/148M old=-1M ext=119M ab=116M rss=380M cols=1893 ents=3232 evicted=954 path=6a/1q (max 6) stale=0
F12 [F12] water: pass 5 head=dry shore=hit r=1 land=none y=63.4 o2=20 probes=0 at=[-159,63,401]
F16 [F16] water: pass 4 head=wet shore=none land=n/a y=51.2 o2=20 probes=0 at=[-90,51,357]
F16 [F16] water: pass 6 head=wet shore=none land=n/a y=51.2 o2=20 probes=0 at=[-90,51,357]
F11 tunnel: steering copper_ore @ 2.5b (axis x--1, cross 0.3149655911780087, floor lock)
F6 [F6] raw hop failed: raw walk timeout after 15174ms (d=7.0) - pathfinder retry
F9 vein sweep: 8 ores dug beside the gallery (ore detour)
F9 bank trip: pockets full budget 167s
F12 [F12] water: pass 7 head=dry shore=hit r=1 land=none y=63.8 o2=20 probes=0 at=[-158,64,401]
F16 [F16] water: pass 8 head=wet shore=none land=n/a y=51.2 o2=20 probes=0 at=[-90,51,357]
F7 [F7] digShaft: water table y=56 (region strike) - stopping above the aquifer, the tunnel owns this level (regions 2)
F7 tunnel: steering iron_ore @ 7.2b (axis x+, cross 3.5, ore detour)
F16 [F16] water: rescue standing down (frozen physics - the walk gate reopens, the reconnect lane owns a dead client) in 10.5s
F16 [F16] water: hazard memorized at [-91,51,356] (11 live, fleet-wide)
[hb] n=16 ts=321s rss=377M late=80ms mainLate=1318ms
F4 tunnel: steering coal_ore @ 10.4b (axis z--1, cross 3.5001078085715136, floor lock)
F12 [F12] water: pass 9 head=dry shore=hit r=1 land=none y=63.8 o2=20 probes=0 at=[-159,64,401]
F6 [F6] hop: chest at [-142,71,409] d=9 zero: chest unreachable (Took to long to decide path to goal!)
F6 bank: chest unreachable (Took to long to decide path to goal!) (17 blocks from yard) - walking back
F13 [F13] died - respawning (cause: fall/env (0s before death at [-112,58,367]))
F13 [F13] water: death spot memorized as a hazard at [-112,58,367] (12 live, fleet-wide)
F6 bank: yard walk arrived in 2s (1 attempt)
F6 camp furnace: no build (machine near)
F16 [F16] water: repeat wet page at the same cell (o2 16) - standing down, the walk machinery owns the exit
F12 [F12] water: pass 10 head=dry shore=hit r=1 land=none y=63.4 o2=20 probes=0 at=[-158,63,401]
t-274s alive=19/19 mined=1726 map=1140p/16ch banked=0 smelted=0 pocket=1889u/246s | sand=11 gravel=15 dirt=477 stone=0
   deficits: 157926/11 (0.0%) 149380/15 (0.0%) 31860/0 (0.0%) 27420/0 (0.0%) 10725/120 (1.1%)
   F1=50[cobblestone:21 granite:9 dirt:5] | F2=175[cobblestone:123 diorite:21 dirt:17] | F3=60[dirt:49 cobblestone:11 leaf_litter:10] | F4=100[cobblestone:56 andesite:33 diorite:6] | F5=118[cobblestone:67 dirt:12 gravel:10] | F6=56[dirt:51 cobblestone:10 granite:8] | F7=64[dirt:76 cobblestone:14 oak_log:9] | F8=92[dirt:52 cobblestone:20 leaf_litter:14] | F9=164[cobblestone:100 andesite:18 dirt:15] | F10=88[dirt:42 leaf_litter:12 sand:9] | F11=68[cobblestone:41 dirt:19 andesite:9] | F12=69[dirt:44 cobblestone:9 leaf_litter:7] | F13=73[empty] | F14=59[dirt:49 cobblestone:10 oak_planks:4] | F15=82[cobblestone:51 oak_log:10 dirt:10] | F16=90[cobblestone:71 diorite:17 raw_copper:6] | F17=79[andesite:32 cobblestone:16 torch:8] | F18=47[cobblestone:30 stick:5 birch_log:4] | F19=192[cobblestone:45 raw_copper:39 andesite:22]
   mem: heap=115M/149M old=-1M ext=118M ab=116M rss=380M cols=1877 ents=3099 evicted=980 path=4a/0q (max 6) stale=0
F3 [F3] climb diag: level at y=65 blocked toward 0,1 (dug=13)
F16 [F16] water: drowning rescue start (drowning, oxygen 9)
F16 [F16] water: pass 0 head=wet shore=none land=n/a y=50.0 o2=9 probes=0 at=[-90,50,357]
F12 [F12] water: pass 11 head=dry shore=hit r=1 land=none y=63.8 o2=20 probes=0 at=[-158,64,401]
F3 [F3] climb diag: level at y=64 blocked toward -1,0 (dug=13)
F16 [F16] water: pass 2 head=wet shore=none land=n/a y=51.2 o2=5 probes=0 at=[-90,51,357]
F3 climb out (trip): failed - stalled
F3 map trip skipped: cannot leave the shaft
F10 [toolupgrade] [upgrade] upgraded: stone_pickaxe,wooden_pickaxe,wooden_pickaxe
F10 tool upgrade: OK -> stone_pickaxe (stone_pickaxe,wooden_pickaxe,wooden_pickaxe)
F10 [F10] digShaft: water table y=56 (region strike) - stopping above the aquifer, the tunnel owns this level (regions 2)
F10 [F10] digShaft: water table y=56 (region strike) - stopping above the aquifer, the tunnel owns this level (regions 2)
F10 tunnel: steering copper_ore @ 13.4b (axis x+, cross 0.49950037922383217, floor lock)
F10 tunnel: 0 blocks (branch mine at the floor, steered, floor lock)
F12 [F12] water: rescue complete in 27.9s
F12 [F12] water: hazard memorized at [-161,62,401] (12 live, fleet-wide)
F16 [F16] water: pass 4 head=wet shore=none land=n/a y=51.2 o2=17 probes=0 at=[-90,51,357]
F5 climb out (trip): failed - timeout
F5 map trip skipped: cannot leave the shaft
F16 [F16] water: pass 6 head=wet shore=none land=n/a y=51.2 o2=20 probes=0 at=[-90,51,357]
F18 [F18] climb wet escape: 3 blocks walked (refused)
F18 [F18] climb diag: level at y=43 blocked toward 0,-1 (dug=10, wet) at [0,1,1] water (stop)
F11 tunnel: 12 blocks (branch mine at the floor, steered, floor lock)
F16 [F16] water: pass 9 head=wet shore=none land=n/a y=51.2 o2=20 probes=0 at=[-90,51,357]
F4 tunnel: 4 blocks (branch mine at the floor, steered, floor lock)
[hb] n=17 ts=341s rss=378M late=85ms mainLate=1762ms
F4 vein sweep: 1 ores dug beside the gallery (floor lock)
F14 [F14] hop: chest at [-142,71,409] d=20 zero: chest unreachable (walk to chest (retry): timeout after 30000ms)
F16 [F16] water: pass 11 head=wet shore=none land=n/a y=51.2 o2=20 probes=0 at=[-90,51,357]
F16 [F16] water: frozen physics (10 flat passes at y=51.2, o2=20) - standing down, the reconnect lane owns this
F16 [F16] water: rescue standing down (frozen physics - the walk gate reopens, the reconnect lane owns a dead client) in 12.7s
F16 [F16] water: frozen client relog (3 consecutive frozen verdicts) - ending the session, the reconnect lane rebuilds the physics
F16 [F16] water: hazard memorized at [-91,51,356] (13 live, fleet-wide)
t-259s alive=19/19 mined=1771 map=1140p/16ch banked=0 smelted=0 pocket=1927u/251s | sand=14 gravel=15 dirt=483 stone=0
   deficits: 157926/14 (0.0%) 149380/15 (0.0%) 31860/0 (0.0%) 27420/0 (0.0%) 10725/120 (1.1%)
   F1=50[cobblestone:21 granite:9 dirt:5] | F2=182[cobblestone:129 diorite:21 dirt:17] | F3=65[dirt:51 leaf_litter:13 cobblestone:11] | F4=104[cobblestone:56 andesite:33 diorite:8] | F5=119[cobblestone:67 dirt:13 gravel:10] | F6=56[dirt:51 cobblestone:10 granite:8] | F7=69[dirt:78 cobblestone:17 oak_log:9] | F8=92[dirt:52 cobblestone:20 leaf_litter:14] | F9=171[cobblestone:107 andesite:18 dirt:15] | F10=93[dirt:43 leaf_litter:12 sand:12] | F11=76[cobblestone:48 dirt:19 andesite:9] | F12=69[dirt:44 cobblestone:9 leaf_litter:7] | F13=73[empty] | F14=59[dirt:49 cobblestone:10 oak_planks:4] | F15=82[cobblestone:48 oak_log:10 dirt:10] | F16=90[cobblestone:71 diorite:17 raw_copper:6] | F17=79[andesite:32 cobblestone:16 torch:8] | F18=50[cobblestone:30 stick:5 birch_log:4] | F19=192[cobblestone:45 raw_copper:39 andesite:22]
   mem: heap=109M/149M old=-1M ext=120M ab=118M rss=379M cols=1916 ents=3419 evicted=1040 path=1a/0q (max 6) stale=0
F18 climb out (trip): failed - timeout (traversed 3)
F18 map trip skipped: cannot leave the shaft
F15 tool recovery: OK (wooden_pickaxe,stone_pickaxe)
F15 sword due: cobble available
F3 [F3] digShaft: water table y=56 (region strike) - stopping above the aquifer, the tunnel owns this level (regions 2)
F18 tunnel: steering coal_ore @ 5.6b (axis x+, cross 0.34687299027189056, ore detour)
F15 sword: OK (stone_sword, holds 1)
F15 sword: OK (stone_sword)
F3 [F3] digShaft: water table y=56 (region strike) - stopping above the aquifer, the tunnel owns this level (regions 2)
F3 [F3] digShaft: water table y=56 (region strike) - stopping above the aquifer, the tunnel owns this level (regions 2)
F3 tunnel: steering iron_ore @ 7.8b (axis x+, cross 1.5, floor lock)
F9 [F9] climb diag: level at y=46 did not rise (food=20, dug=11) feet=air support=stone step=air head=air
F7 tunnel: 13 blocks (branch mine at the floor, steered, ore detour)
F12 [F12] digShaft: water hazard 2.0b away (live 13) - refusing this column, the caller rotates
F12 [F12] climb diag: level at y=63 blocked toward -1,0 (dug=0)
F16 [F16] climb diag: level at y=50 blocked toward 0,-1 (dug=25) dig failed at [-91,52,355] stone (held=stone_pickaxe, airborne, post=water STILL THERE (server never broke it))
F12 [F12] climb diag: level at y=63 blocked toward 0,-1 (dug=0)
F12 [F12] climb diag: level at y=63 blocked toward 1,0 (dug=0)
F10 [F10] climb diag: level at y=63 blocked toward -1,0 (dug=10)
F10 [F10] climb diag: level at y=63 blocked toward 0,-1 (dug=10)
F12 climb out (trip): failed - stalled
F12 map trip skipped: cannot leave the shaft
F10 [F10] climb diag: level at y=63 blocked toward 1,0 (dug=10)
F10 [F10] climb: walkable surface at y=64 (+6 levels, dug=10) - the walk takes over (blocked step)
F10 climb out (trip): OK +6 levels (5 steps, 10 dug, undefineds)
F16 climb out (trip): failed - timeout
F16 map trip skipped: cannot leave the shaft
F11 vein sweep: 12 ores dug beside the gallery (floor lock)
F11 [F11] climb diag: level at y=43 blocked toward -1,0 (dug=2)
F12 [F12] digShaft: water table y=56 (region strike) - stopping above the aquifer, the tunnel owns this level (regions 2)
F19 map trip: gravel
F15 [F15] digShaft: water table y=47 (region strike) - stopping above the aquifer, the tunnel owns this level (regions 2)
F15 tunnel: steering coal_ore @ 3.4b (axis z--1, cross 0.5002493506275556, ore detour)
F8 [F8] raw hop failed: raw walk timeout after 20302ms (d=7.1) - pathfinder retry
F3 tunnel: 10 blocks (branch mine at the floor, steered, floor lock)
t-244s alive=19/19 mined=1898 map=1206p/17ch banked=0 smelted=0 pocket=2063u/256s | sand=16 gravel=15 dirt=509 stone=0
   deficits: 157926/16 (0.0%) 149380/15 (0.0%) 31860/0 (0.0%) 27420/0 (0.0%) 10725/139 (1.3%)
   F1=50[cobblestone:21 granite:9 dirt:5] | F2=197[cobblestone:144 diorite:21 dirt:17] | F3=78[dirt:62 cobblestone:19 leaf_litter:13] | F4=120[cobblestone:58 andesite:48 diorite:8] | F5=142[cobblestone:88 dirt:15 gravel:10] | F6=56[dirt:51 cobblestone:10 granite:8] | F7=75[dirt:81 cobblestone:20 oak_log:9] | F8=92[dirt:52 cobblestone:20 leaf_litter:14] | F9=178[cobblestone:114 andesite:18 dirt:15] | F10=98[dirt:46 sand:14 leaf_litter:12] | F11=91[cobblestone:53 dirt:19 andesite:9] | F12=76[dirt:48 cobblestone:10 leaf_litter:7] | F13=73[empty] | F14=59[dirt:49 cobblestone:10 oak_planks:4] | F15=98[cobblestone:56 dirt:13 oak_log:10] | F16=90[cobblestone:71 diorite:17 raw_copper:6] | F17=83[andesite:36 cobblestone:17 torch:8] | F18=50[cobblestone:32 stick:5 birch_log:4] | F19=192[cobblestone:45 raw_copper:39 andesite:22]
   mem: heap=113M/149M old=-1M ext=118M ab=116M rss=381M cols=1896 ents=3474 evicted=1081 path=4a/0q (max 6) stale=0
F1 [F1] climb wet escape: 1 blocks walked (refused)
F1 [F1] climb diag: level at y=48 blocked toward 1,0 (dug=3, wet) at [0,2,0] water (stop)
F1 climb out (bank): failed - timeout (traversed 1)
F1 [F1] digShaft: water hazard 1.5b away (live 13) - refusing this column, the caller rotates
F1 tunnel: steering coal_ore @ 5.9b (axis z--1, cross 1.6999999999999886, floor lock)
F19 bank trip: pockets full budget 151s
F12 tunnel: 1 blocks (branch mine at the floor, ore detour)
F3 vein sweep: 2 ores dug beside the gallery (floor lock)
[hb] n=18 ts=361s rss=376M late=90ms mainLate=1447ms
F5 tunnel: 2 blocks (branch mine at the floor, ore detour)
F8 [F8] hop: chest at [-152,71,409] d=30 zero: chest unreachable (Took to long to decide path to goal!)
F14 [F14] raw hop failed: raw walk timeout after 20240ms (d=32.4) - pathfinder retry
F15 tunnel: 2 blocks (branch mine at the floor, steered, ore detour)
F6 smelt: 0 (cobblestone@furnace: machine unreachable (doomed goal (ledgered 2s ago at [-142,71,383]) - walk to furnace refused); cobblestone@furnace: machine unreachable (doomed goal (ledgered 1s ago at [-140,71,383]) - walk to furnace refused); cobblestone@furnace: machine unreachable (doomed goal (ledgered 1s ago at [-144,71,383]) - walk to furnace refused); cobblestone@furnace: machine unreachable (doomed goal (ledgered 1s ago at [-138,71,383]) - walk to furnace refused); cobblestone@furnace: machine unreachable (doomed goal (ledgered 1s ago at [-146,71,383]) - walk to furnace refused); cobblestone@furnace: machine unreachable (doomed goal (ledgered 1s ago at [-136,71,383]) - walk to furnace refused); cobblestone@furnace: machine unreachable (doomed goal (ledgered 1s ago at [-134,71,383]) - walk to furnace refused))
F12 [F12] digShaft: water hazard 0.6b away (live 13) - refusing this column, the caller rotates
F3 [F3] digShaft: water table y=56 (region strike) - stopping above the aquifer, the tunnel owns this level (regions 2)
F3 [F3] digShaft: water table y=56 (region strike) - stopping above the aquifer, the tunnel owns this level (regions 2)
F3 tunnel: steering coal_ore @ 7.4b (axis z--1, cross 3.5, floor lock)
F7 vein sweep: 4 ores dug beside the gallery (ore detour)
F12 [F12] water: drowning rescue start (drowning, oxygen 13)
F12 [F12] water: pass 0 head=wet shore=none land=n/a y=61.0 o2=13 probes=0 at=[-159,61,401]
t-228s alive=19/19 mined=1987 map=1218p/17ch banked=0 smelted=0 pocket=2150u/260s | sand=18 gravel=15 dirt=515 stone=0
   deficits: 157926/18 (0.0%) 149380/15 (0.0%) 31860/0 (0.0%) 27420/0 (0.0%) 10725/142 (1.3%)
   F1=50[cobblestone:22 granite:9 dirt:5] | F2=211[cobblestone:157 diorite:21 dirt:17] | F3=82[dirt:68 cobblestone:22 leaf_litter:13] | F4=130[cobblestone:68 andesite:48 diorite:8] | F5=151[cobblestone:88 dirt:15 gravel:10] | F6=56[dirt:51 cobblestone:10 granite:8] | F7=78[dirt:81 cobblestone:20 oak_log:9] | F8=92[dirt:52 cobblestone:20 leaf_litter:14] | F9=187[cobblestone:123 andesite:18 dirt:15] | F10=98[dirt:46 sand:14 leaf_litter:12] | F11=103[cobblestone:63 dirt:19 raw_copper:10] | F12=81[dirt:48 cobblestone:10 leaf_litter:7] | F13=73[empty] | F14=59[dirt:49 cobblestone:19 oak_planks:4] | F15=108[cobblestone:57 dirt:13 oak_log:10] | F16=90[cobblestone:71 diorite:17 raw_copper:6] | F17=83[andesite:36 cobblestone:17 torch:8] | F18=52[cobblestone:35 stick:5 birch_log:4] | F19=203[cobblestone:56 raw_copper:39 andesite:22]
   mem: heap=107M/150M old=-1M ext=118M ab=115M rss=377M cols=1890 ents=3672 evicted=1111 path=3a/0q (max 6) stale=0
F12 [F12] water: pass 3 head=dry shore=hit r=1 land=none y=63.2 o2=20 probes=0 at=[-158,63,401]
F7 map trip skipped: sand,gravel unreachable
F14 [F14] hop: chest at [-132,71,409] d=23 zero: chest unreachable (No path to the goal!)
F12 tunnel: 5 blocks (branch mine at the floor, ore detour)
F7 [F7] digShaft: water table y=56 (region strike) - stopping above the aquifer, the tunnel owns this level (regions 2)
F7 tunnel: steering iron_ore @ 6.8b (axis z+, cross 1.5007719596336244, ore detour)
F12 [F12] water: rescue complete in 3.4s
F12 [F12] water: hazard memorized at [-160,61,401] (8 live, fleet-wide)
F3 tunnel: 3 blocks (branch mine at the floor, steered, floor lock)
F12 tunnel: 0 blocks (branch mine at the floor, floor lock)
F13 [F13] climb wet escape: 1 blocks walked (refused)
F13 [F13] climb: walkable surface at y=71 (+22 levels, dug=30) - the walk takes over (blocked step)
F13 climb out (trip): OK +22 levels (8 steps, 30 dug, 1 traversed, undefineds)
F13 [F13] water: air-bar glitch ignored (oxygen 0 on dry land, 1 total)
F12 [F12] digShaft: water hazard 1.6b away (live 8) - refusing this column, the caller rotates
F12 tunnel: 0 blocks (branch mine at the floor, ore detour)
F12 [F12] digShaft: water hazard 0.6b away (live 8) - refusing this column, the caller rotates
F17 tunnel: 5 blocks (branch mine at the floor, steered, ore detour)
F8 [F8] raw hop failed: raw walk timeout after 15172ms (d=7.2) - pathfinder retry
F15 vein sweep: 14 ores dug beside the gallery (ore detour)
F6 [F6] raw hop failed: raw walk timeout after 15178ms (d=8.1) - pathfinder retry
F3 [F3] climb diag: level at y=59 blocked toward 1,0 (dug=4)
F5 vein sweep: 17 ores dug beside the gallery (ore detour)
F5 bank trip: pockets full budget 131s
F3 [F3] climb diag: level at y=59 blocked toward 0,1 (dug=5)
[hb] n=19 ts=381s rss=376M late=95ms mainLate=770ms
F8 [F8] hop: chest at [-147,71,409] d=8 zero: chest unreachable (Took to long to decide path to goal!)
F8 bank fallback: none (budget exhausted)
F8 camp furnace: no build (machine near)
F3 [F3] climb diag: level at y=59 blocked toward -1,0 (dug=6)
F12 [F12] water: drowning rescue start (drowning, oxygen 12)
F12 [F12] water: pass 0 head=wet shore=none land=n/a y=61.0 o2=12 probes=0 at=[-161,61,400]
F6 [F6] hop: chest at [-142,71,399] d=11 zero: chest unreachable (Took to long to decide path to goal!)
F7 tunnel: 4 blocks (branch mine at the floor, steered, ore detour)
F7 [F7] digShaft: water table y=56 (region strike) - stopping above the aquifer, the tunnel owns this level (regions 2)
F7 tunnel: steering coal_ore @ 9.3b (axis z--1, cross 0.6999999999999886, floor lock)
F3 climb out (trip): failed - stalled
F3 map trip skipped: cannot leave the shaft
F10 [F10] water: drowning rescue start (drowning, oxygen 13)
F10 [F10] water: pass 0 head=wet shore=none land=n/a y=59.5 o2=13 probes=0 at=[-200,59,422]
F17 vein sweep: 7 ores dug beside the gallery (ore detour)
F17 tunnel: steering coal_ore @ 5.4b (axis x--1, cross 1.4997573453405266, floor lock)
F12 [F12] water: pass 4 head=dry shore=hit r=1 land=none y=62.2 o2=20 probes=0 at=[-160,62,400]
F13 [F13] water: drowning rescue start (drowning, oxygen 0)
F13 [F13] water: pass 0 head=wet shore=none land=n/a y=61.5 o2=0 probes=0 at=[-138,61,391]
F10 [F10] water: pass 4 head=dry shore=hit r=3 land=none y=62.0 o2=19 probes=0 at=[-199,62,422]
F12 [F12] water: pass 7 head=dry shore=hit r=1 land=none y=63.8 o2=20 probes=0 at=[-158,64,399]
t-213s alive=19/19 mined=2104 map=1261p/18ch banked=0 smelted=0 pocket=2259u/265s | sand=24 gravel=15 dirt=526 stone=0
   deficits: 157926/24 (0.0%) 149380/15 (0.0%) 31860/0 (0.0%) 27420/0 (0.0%) 10725/142 (1.3%)
   F1=50[cobblestone:22 granite:9 dirt:5] | F2=223[cobblestone:167 diorite:21 dirt:17] | F3=90[dirt:76 cobblestone:24 leaf_litter:13] | F4=139[cobblestone:77 andesite:48 diorite:8] | F5=166[cobblestone:94 dirt:15 gravel:10] | F6=56[dirt:51 cobblestone:10 granite:8] | F7=84[dirt:84 cobblestone:23 oak_log:9] | F8=92[dirt:52 cobblestone:20 leaf_litter:14] | F9=198[cobblestone:134 andesite:18 dirt:15] | F10=98[dirt:46 sand:15 leaf_litter:12] | F11=118[cobblestone:78 dirt:19 raw_copper:10] | F12=82[dirt:48 cobblestone:10 leaf_litter:7] | F13=78[leaf_litter:3 sand:2] | F14=59[dirt:49 cobblestone:21 oak_planks:4] | F15=121[cobblestone:65 dirt:13 oak_log:10] | F16=90[cobblestone:71 diorite:17 raw_copper:6] | F17=93[andesite:36 cobblestone:20 torch:8] | F18=52[cobblestone:35 stick:5 birch_log:4] | F19=215[cobblestone:68 raw_copper:39 andesite:22]
   mem: heap=108M/148M old=-1M ext=118M ab=115M rss=376M cols=1889 ents=3735 evicted=1148 path=2a/0q (max 6) stale=0
F10 [F10] water: pass 7 head=dry shore=hit r=1 land=none y=62.8 o2=20 probes=0 at=[-196,63,421]
F13 [F13] water: pass 3 head=dry shore=hit r=2 land=none y=62.2 o2=0 probes=0 at=[-137,62,391]
F10 [F10] water: rescue complete in 4.7s
F10 [F10] water: hazard memorized at [-197,62,421] (7 live, fleet-wide)
F7 tunnel: 2 blocks (branch mine at the floor, steered, floor lock)
F14 [F14] approach: 1 segment(s) walked in 15.2s, goal now d=26.8 (still outside - the approach clock is spent)
F14 [F14] hop: chest at [-142,71,405] d=28 zero: chest unreachable (budget exhausted (walk floor))
F14 [F14] hop: chest at [-137,71,405] d=27 zero: chest unreachable (budget exhausted (walk floor))
F14 bank fallback: none (chest unreachable (budget exhausted (walk floor)))
F14 camp furnace: no build (machine near)
F14 smelt: 0 (cobblestone@-: no fuel; raw_iron@-: no fuel)
F12 [F12] water: pass 10 head=dry shore=hit r=1 land=none y=63.4 o2=20 probes=0 at=[-159,63,399]
F13 [F13] water: rescue complete in 4.5s
F13 [F13] water: hazard memorized at [-136,62,391] (8 live, fleet-wide)
F7 [F7] digShaft: water table y=56 (region strike) - stopping above the aquifer, the tunnel owns this level (regions 2)
F7 tunnel: steering iron_ore @ 2.9b (axis z+, cross 1.4969912727039798, ore detour)
F13 [F13] water: drowning rescue start (drowning, oxygen 0)
F13 [F13] water: pass 0 head=dry shore=hit r=2 land=none y=62.4 o2=0 probes=0 at=[-135,62,391]
F18 tunnel: 5 blocks (branch mine at the floor, steered, ore detour)
F18 tunnel: steering coal_ore @ 5.1b (axis x+, cross 0.30000000000001137, floor lock)
F18 tunnel: 0 blocks (branch mine at the floor, steered, floor lock)
F12 [F12] water: pass 16 head=dry shore=hit r=1 land=none y=63.4 o2=20 probes=0 at=[-159,63,399]
F18 [F18] climb diag: level at y=43 blocked toward 1,0 (dug=2)
F13 [F13] water: pass 7 head=wet shore=none land=n/a y=61.2 o2=0 probes=0 at=[-136,61,391]
F10 [F10] combat: fighting drowned (dist 1.7, hp 17.0, 1 nearby, sentry)
F8 smelt: 0 (cobblestone@furnace: machine unreachable (doomed goal (ledgered 1s ago at [-146,71,383]) - walk to furnace refused); cobblestone@furnace: machine unreachable (doomed goal (ledgered 1s ago at [-144,71,383]) - walk to furnace refused); cobblestone@furnace: machine unreachable (visit budget spent (walk slice)))
F17 tunnel: 12 blocks (branch mine at the floor, steered, floor lock)
F10 map trip: sand
F12 [F12] water: pass 22 head=dry shore=hit r=1 land=none y=63.4 o2=20 probes=0 at=[-159,63,399]
F1 tunnel: 0 blocks (branch mine at the floor, steered, floor lock)
F13 [F13] water: pass 15 head=dry shore=hit r=2 land=none y=62.3 o2=20 probes=0 at=[-137,62,392]
F1 vein sweep: 1 ores dug beside the gallery (floor lock)
F7 tunnel: 4 blocks (branch mine at the floor, steered, ore detour)
F7 [F7] digShaft: water table y=56 (region strike) - stopping above the aquifer, the tunnel owns this level (regions 2)
F7 tunnel: steering copper_ore @ 8.2b (axis x+, cross 2.6999999999999886, floor lock)
F12 tunnel: 1 blocks (branch mine at the floor, floor lock)
F12 tunnel: 0 blocks (branch mine at the floor, ore detour)
F12 [F12] water: pass 29 head=dry shore=hit r=2 land=none y=62.4 o2=20 probes=0 at=[-154,62,396]
F18 [F18] climb diag: level at y=45 blocked toward 0,1 (dug=10)
F13 [F13] water: pass 26 head=dry shore=hit r=1 land=none y=63.5 o2=20 probes=0 at=[-135,64,392]
F13 [F13] water: rescue complete in 6.6s
F13 [F13] water: hazard memorized at [-135,62,392] (9 live, fleet-wide)
F6 [F6] raw hop failed: raw walk timeout after 15021ms (d=7.4) - pathfinder retry
F12 [F12] water: pass 36 head=dry shore=hit r=1 land=none y=64.3 o2=20 probes=0 at=[-156,64,398]
F16 retry #1 in 6.0s (Timeout waiting for 4 ticks after 5200ms)
F2 climb out (bank): failed - timeout
F2 tunnel: steering coal_ore @ 6.4b (axis z--1, cross 1.2999999999999972, floor lock)
[hb] n=20 ts=401s rss=379M late=100ms mainLate=649ms
F12 [F12] water: pass 39 head=dry shore=hit r=1 land=none y=64.3 o2=20 probes=0 at=[-153,64,400]
F10 [F10] water: drowning rescue start (drowning, oxygen 13)
F10 [F10] water: pass 0 head=wet shore=none land=n/a y=60.0 o2=13 probes=0 at=[-195,60,427]
F6 [F6] hop: chest at [-137,71,399] d=8 zero: chest unreachable (Took to long to decide path to goal!)
t-198s alive=19/19 mined=2270 map=1309p/19ch banked=0 smelted=0 pocket=2430u/263s | sand=29 gravel=15 dirt=560 stone=0
   deficits: 157926/29 (0.0%) 149380/15 (0.0%) 31860/0 (0.0%) 27420/0 (0.0%) 10725/147 (1.4%)
   F1=55[cobblestone:27 granite:9 dirt:5] | F2=240[cobblestone:184 diorite:21 dirt:17] | F3=90[dirt:80 cobblestone:27 leaf_litter:13] | F4=152[cobblestone:85 andesite:53 diorite:8] | F5=182[cobblestone:97 dirt:15 granite:14] | F6=56[dirt:51 cobblestone:10 granite:8] | F7=94[dirt:88 cobblestone:28 oak_log:9] | F8=92[dirt:52 cobblestone:20 leaf_litter:14] | F9=203[cobblestone:138 andesite:18 dirt:15] | F10=101[dirt:46 sand:17 leaf_litter:12] | F11=141[cobblestone:90 dirt:30 raw_copper:10] | F12=83[dirt:48 leaf_litter:11 cobblestone:10] | F13=79[sand:4 leaf_litter:3] | F14=59[dirt:49 cobblestone:21 oak_planks:4] | F15=140[cobblestone:82 dirt:15 oak_log:10] | F16=90[cobblestone:71 diorite:17 raw_copper:6] | F17=113[andesite:36 cobblestone:32 dirt:13] | F18=70[cobblestone:44 diorite:12 stick:5] | F19=230[cobblestone:77 raw_copper:39 dirt:26]
   mem: heap=103M/150M old=-1M ext=118M ab=116M rss=378M cols=1884 ents=3692 evicted=1199 path=1a/0q (max 6) stale=0
F2 tunnel: 2 blocks (branch mine at the floor, steered, floor lock)
F12 [F12] water: pass 43 head=dry shore=hit r=1 land=none y=63.8 o2=20 probes=0 at=[-155,64,401]
F10 [F10] water: pass 7 head=dry shore=hit r=1 land=none y=64.0 o2=20 probes=0 at=[-192,64,427]
F14 [F14] approach: 1 segment(s) walked in 16.3s, goal now d=24.9 (still outside - a segment stalled (no position delta))
F16 [F16] digShaft: water hazard 1.0b away (live 9) - refusing this column, the caller rotates
F16 tunnel: steering iron_ore @ 6.7b (axis z+, cross 1.2999999999999972, ore detour)
F10 [F10] water: pass 10 head=dry shore=hit r=1 land=none y=65.2 o2=20 probes=0 at=[-190,65,427]
F17 [F17] water: drowning rescue start (drowning, oxygen 12)
F17 [F17] water: pass 0 head=wet shore=none land=n/a y=46.0 o2=12 probes=0 at=[-137,46,417]
F12 [F12] water: rescue complete in 25.3s
F12 [F12] water: hazard memorized at [-154,62,396] (10 live, fleet-wide)
F11 [F11] climb diag: level at y=63 blocked toward 0,-1 (dug=58)
F8 [F8] raw hop failed: raw walk timeout after 15044ms (d=7.0) - pathfinder retry
F8 [F8] hop: chest at [-137,71,399] d=13 zero: chest unreachable (doomed goal (ledgered 6s ago at [-137,71,399]) - walk to chest refused)
F11 [F11] climb diag: level at y=64 blocked toward 1,0 (dug=60)
F10 [F10] water: pass 18 head=dry shore=hit r=1 land=none y=64.8 o2=20 probes=0 at=[-191,65,426]
F14 [F14] raw hop failed: raw walk stalled after 2133ms (d=24.5) - pathfinder retry
F7 tunnel: 12 blocks (branch mine at the floor, steered, floor lock)
F7 bank trip: pockets full budget 120s
F17 [F17] water: pass 13 head=wet shore=none land=n/a y=52.2 o2=9 probes=0 at=[-137,52,417]
F11 climb out (trip): failed - stalled
F11 map trip skipped: cannot leave the shaft
F17 [F17] water: frozen physics (10 flat passes at y=52.2, o2=7) - standing down, the reconnect lane owns this
F17 [F17] water: rescue standing down (frozen physics - the walk gate reopens, the reconnect lane owns a dead client) in 3.3s
F17 [F17] water: frozen client relog (3 consecutive frozen verdicts) - ending the session, the reconnect lane rebuilds the physics
F17 [F17] water: hazard memorized at [-138,52,417] (11 live, fleet-wide)
F15 [F15] climb wet escape: 2 blocks walked (stalled)
F15 [F15] climb diag: level at y=57 blocked toward -1,0 (dug=31, wet) at [0,2,0] water (stop)
F10 [F10] water: pass 22 head=dry shore=hit r=1 land=none y=63.5 o2=20 probes=0 at=[-194,63,426]
F15 [F15] climb wet escape: oxygen 6 at the floor - the escape yields, the rescue lane owns the air
F15 climb out (trip): failed - low-o2 (traversed 2)
F15 map trip skipped: cannot leave the shaft
F17 [F17] water: drowning rescue start (drowning, oxygen 7)
F17 [F17] water: pass 0 head=wet shore=none land=n/a y=52.2 o2=7 probes=0 at=[-137,52,417]
F15 [F15] water: drowning rescue start (drowning, oxygen 6)
F15 [F15] water: pass 0 head=wet shore=none land=n/a y=59.0 o2=6 probes=0 at=[-101,59,367]
F15 tunnel: steering coal_ore @ 7.2b (axis x--1, cross 0.6258331502378383, ore detour)
F9 climb out (bank): failed - timeout [stage 1]
F15 [F15] water: pass 5 head=wet shore=none land=n/a y=61.9 o2=4 probes=0 at=[-101,62,367]
F17 [F17] water: pass 1 head=wet shore=none land=n/a y=52.2 o2=7 probes=0 at=[-137,52,417]
F2 vein sweep: 10 ores dug beside the gallery (floor lock)
F2 bank trip: pockets full budget 120s
F10 [F10] water: pass 25 head=dry shore=hit r=1 land=none y=64.8 o2=20 probes=0 at=[-191,65,426]
F11 [F11] digShaft: water hazard 7.2b away (live 11) - refusing this column, the caller rotates
F11 bank trip: pockets full budget 120s
F11 [F11] climb diag: level at y=63 blocked toward -1,0 (dug=0)
F11 [F11] climb diag: level at y=63 blocked toward 0,-1 (dug=0)
F11 [F11] climb diag: level at y=63 blocked toward 1,0 (dug=0)
F9 [F9] climb diag: level at y=55 blocked toward -1,0 (dug=2)
F11 climb out (bank): failed - stalled
F11 [F11] digShaft: water hazard 7.2b away (live 11) - refusing this column, the caller rotates
F11 tunnel: steering copper_ore @ 16.6b (axis z+, cross 3.5, floor lock)
F3 tunnel: steering coal_ore @ 9.4b (axis z--1, cross 3.6782396707487663, ore detour)
F15 [F15] water: pass 9 head=dry shore=hit r=2 land=none y=62.7 o2=15 probes=0 at=[-102,63,368]
F17 [F17] water: pass 2 head=wet shore=none land=n/a y=52.2 o2=7 probes=0 at=[-137,52,417]
F10 [F10] water: pass 28 head=dry shore=hit r=2 land=none y=65.2 o2=20 probes=0 at=[-193,65,424]
F12 tunnel: 1 blocks (branch mine at the floor, floor lock)
F3 [F3] combat: fighting zombie (dist 0.7, hp 17.8, 5 nearby, sentry)
F3 [F3] combat: verdict flipped to flee vs creeper (hp 19.0)
F3 [F3] combat: shelter skip (night=false armed=true threat=creeper@2.5)
F15 [F15] water: pass 11 head=dry shore=hit r=1 land=none y=63.2 o2=20 probes=0 at=[-103,63,368]
F6 [F6] raw hop failed: raw walk timeout after 15364ms (d=7.0) - pathfinder retry
F15 tunnel: 2 blocks (branch mine at the floor, steered, ore detour)
F15 bank trip: pockets full budget 120s
F15 climb out (bank): failed - rescue owns the bot
F15 tunnel: steering coal_ore @ 8.7b (axis x--1, cross 0.30000000000001137, floor lock)
F15 tunnel: 0 blocks (branch mine at the floor, steered, floor lock)
F15 bank trip: pockets full budget 120s
F15 climb out (bank): failed - rescue owns the bot
F17 [F17] water: pass 3 head=wet shore=none land=n/a y=52.2 o2=7 probes=0 at=[-137,52,417]
F14 [F14] hop: chest at [-142,71,409] d=25 zero: chest unreachable (No path to the goal!)
t-182s alive=19/19 mined=2406 map=1346p/20ch banked=0 smelted=0 pocket=2564u/266s | sand=30 gravel=16 dirt=584 stone=0
   deficits: 157926/30 (0.0%) 149380/16 (0.0%) 31860/0 (0.0%) 27420/0 (0.0%) 10725/154 (1.4%)
   F1=55[cobblestone:28 granite:9 dirt:5] | F2=255[cobblestone:189 diorite:21 dirt:17] | F3=107[dirt:82 cobblestone:35 leaf_litter:13] | F4=166[cobblestone:93 andesite:53 dirt:10] | F5=195[cobblestone:106 dirt:15 granite:14] | F6=56[dirt:51 cobblestone:10 granite:8] | F7=107[dirt:96 cobblestone:30 oak_log:9] | F8=92[dirt:52 cobblestone:20 leaf_litter:14] | F9=211[cobblestone:144 andesite:18 dirt:15] | F10=102[dirt:46 sand:17 leaf_litter:12] | F11=150[cobblestone:90 dirt:35 raw_copper:10] | F12=83[dirt:48 leaf_litter:11 cobblestone:10] | F13=80[sand:5 leaf_litter:3] | F14=59[dirt:49 cobblestone:31 oak_planks:4] | F15=146[cobblestone:84 dirt:17 oak_log:10] | F16=98[cobblestone:79 diorite:17 raw_copper:6] | F17=114[andesite:36 cobblestone:34 dirt:13] | F18=88[cobblestone:53 diorite:21 stick:5] | F19=242[cobblestone:88 raw_copper:39 dirt:27]
   mem: heap=119M/150M old=-1M ext=126M ab=124M rss=382M cols=1896 ents=3670 evicted=1187 path=2a/0q (max 6) stale=0
F17 [F17] climb diag: level at y=46 blocked toward 0,-1 (dug=11) dig failed at [-138,47,416] stone (held=stone_pickaxe, airborne, post=water STILL THERE (server never broke it))
F15 tunnel: steering coal_ore @ 8.3b (axis x--1, cross 0.8567101107635153, ore detour)
F10 [F10] water: pass 30 head=dry shore=hit r=1 land=none y=64.4 o2=20 probes=0 at=[-191,64,422]
F15 [F15] water: rescue complete in 8.2s
F15 [F15] water: hazard memorized at [-102,62,367] (12 live, fleet-wide)
F3 [F3] died - respawning (cause: zombie@1.8 (0s before death at [-127,40,436]))
F3 [F3] water: death spot memorized as a hazard at [-127,40,436] (13 live, fleet-wide)
F15 tunnel: 0 blocks (branch mine at the floor, steered, ore detour)
F15 bank trip: pockets full budget 120s
F17 [F17] water: pass 4 head=wet shore=none land=n/a y=52.2 o2=7 probes=0 at=[-137,52,417]
[hb] n=21 ts=421s rss=380M late=106ms mainLate=886ms
F15 [F15] climb diag: level at y=63 blocked toward 0,-1 (dug=2)
F15 [F15] climb diag: level at y=63 blocked toward 1,0 (dug=2)
F10 [F10] water: pass 32 head=dry shore=hit r=1 land=none y=64.8 o2=20 probes=0 at=[-189,65,420]
F16 tunnel: 8 blocks (branch mine at the floor, steered, ore detour)
F16 [F16] digShaft: water hazard 3.8b away (live 13) - refusing this column, the caller rotates
F16 tunnel: steering iron_ore @ 5.2b (axis z+, cross 0.29999999999999716, floor lock)
F15 [F15] climb diag: level at y=63 blocked toward 0,1 (dug=3)
F6 [F6] hop: chest at [-132,71,399] d=8 zero: chest unreachable (Took to long to decide path to goal!)
F6 bank: 0 (budget exhausted)
F15 climb out (bank): failed - stalled
F15 [F15] digShaft: water hazard 2.9b away (live 13) - refusing this column, the caller rotates
F15 tunnel: steering coal_ore @ 8.4b (axis x--1, cross 0.39869969867368127, floor lock)
F15 tunnel: 0 blocks (branch mine at the floor, steered, floor lock)
F15 tunnel: 0 blocks x3 - sealed or flooded, cooling down 15s
F10 tunnel: 0 blocks (branch mine at the floor, ore detour)
F10 climb out (trip): failed - rescue owns the bot
F10 map trip skipped: cannot leave the shaft
F17 [F17] water: pass 5 head=wet shore=none land=n/a y=52.2 o2=7 probes=0 at=[-137,52,417]
F4 [F4] climb diag: level at y=65 blocked toward 0,1 (dug=63)
F12 [F12] digShaft: water hazard 7.5b away (live 13) - refusing this column, the caller rotates
F4 [F4] climb diag: level at y=64 blocked toward -1,0 (dug=63)
F11 tunnel: 4 blocks (branch mine at the floor, steered, floor lock)
F11 bank trip: pockets full budget 120s
F4 [F4] climb: walkable surface at y=63 (+22 levels, dug=63) - the walk takes over (blocked step)
F4 climb out (trip): OK +22 levels (23 steps, 63 dug, undefineds)
F10 tunnel: steering iron_ore @ 45.1b (axis x+, cross 0.9089371681160969, ore detour)
F10 tunnel: 0 blocks (branch mine at the floor, steered, ore detour)
F10 tunnel: 0 blocks x3 - sealed or flooded, cooling down 15s
F8 [F8] raw hop failed: raw walk timeout after 15177ms (d=7.7) - pathfinder retry
F8 [F8] hop: chest at [-132,71,399] d=9 zero: chest unreachable (doomed goal (ledgered 1s ago at [-132,71,399]) - walk to chest refused)
F8 bank: 0 (budget exhausted)
F11 [F11] climb diag: level at y=61 blocked toward 0,-1 (dug=2)
F18 [F18] climb diag: level at y=54 blocked toward -1,0 (dug=38)
F10 [F10] water: pass 36 head=dry shore=hit r=1 land=none y=62.4 o2=20 probes=0 at=[-188,62,419]
F12 tunnel: 0 blocks (branch mine at the floor, ore detour)
F16 tunnel: 0 blocks (branch mine at the floor, steered, floor lock)
F17 [F17] water: pass 6 head=wet shore=none land=n/a y=52.2 o2=7 probes=0 at=[-137,52,417]
F13 map trip: sand
F4 map trip skipped: sand,gravel unreachable
F6 [F6] digShaft: water table y=56 (region strike) - stopping above the aquifer, the tunnel owns this level (regions 2)
F6 tunnel: steering coal_ore @ 7.9b (axis x+, cross 2.3851974092621617, ore detour)
F16 [F16] digShaft: water hazard 3.5b away (live 13) - refusing this column, the caller rotates
F16 tunnel: steering iron_ore @ 4.9b (axis z+, cross 0.33175118496622247, ore detour)
F11 climb out (bank): OK +2 levels (1 steps, 4 dug, 4s)
F11 bank: holding 45s of 120s for the smelt leg
F17 [F17] water: pass 7 head=wet shore=none land=n/a y=52.2 o2=7 probes=0 at=[-137,52,417]
F10 [F10] water: rescue complete in 25.2s
F10 [F10] water: hazard memorized at [-188,62,418] (14 live, fleet-wide)
F3 tunnel: 4 blocks (branch mine at the floor, steered, ore detour)
F3 tool recovery: no pickaxe - spare-pick craft first
F3 spare pick: skip (no sticks and no planks for sticks)
F3 tool recovery: spare craft failed (no sticks and no planks for sticks) - re-running the bootstrap
F13 tool recovery: no pickaxe - spare-pick craft first
F13 spare pick: skip (no sticks and no planks for sticks)
F13 tool recovery: spare craft failed (no sticks and no planks for sticks) - re-running the bootstrap
F16 tunnel: 1 blocks (branch mine at the floor, steered, ore detour)
F17 [F17] water: pass 8 head=wet shore=none land=n/a y=52.2 o2=7 probes=0 at=[-137,52,417]
F16 vein sweep: 1 ores dug beside the gallery (ore detour)
F16 [F16] digShaft: water hazard 3.8b away (live 14) - refusing this column, the caller rotates
F16 tunnel: steering iron_ore @ 5.3b (axis z+, cross 0.29999999999999716, floor lock)
F7 climb out (bank): OK +7 levels (6 steps, 12 dug, 21s)
F7 bank: holding 45s of 120s for the smelt leg
F17 [F17] climb diag: level at y=52 blocked toward 1,0 (dug=11, wet) at [0,1,0] water (stop)
F19 climb out (bank): OK +21 levels (21 steps, 62 dug, 71s)
F19 bank: holding 45s of 151s for the smelt leg
F4 tool upgrade due: worn (left=7/59) -> stone_pickaxe
F4 [toolupgrade] craft crafting_table: no craftable recipe variant (ingredients missing?)
F4 [toolupgrade] spare table: FAILED
F4 tool upgrade: failed -> none (cannot make a spare table (no 4 planks of one type?))
F17 [F17] water: pass 9 head=wet shore=none land=n/a y=52.2 o2=7 probes=0 at=[-137,52,417]
F17 [F17] water: frozen physics (10 flat passes at y=52.2, o2=7) - standing down, the reconnect lane owns this
F17 [F17] water: rescue standing down (frozen physics - the walk gate reopens, the reconnect lane owns a dead client) in 20.4s
F17 [F17] water: hazard memorized at [-138,52,417] (14 live, fleet-wide)
F12 [F12] water: drowning rescue start (drowning, oxygen 14)
F12 [F12] water: pass 0 head=wet shore=none land=n/a y=59.6 o2=14 probes=0 at=[-166,60,406]
F16 tunnel: 0 blocks (branch mine at the floor, steered, floor lock)
F16 [F16] digShaft: water hazard 3.8b away (live 14) - refusing this column, the caller rotates
F16 tunnel: steering copper_ore @ 4.4b (axis z+, cross 0.29999999999999716, ore detour)
F12 [F12] water: pass 8 head=dry shore=hit r=1 land=none y=64.3 o2=20 probes=0 at=[-165,64,410]
t-167s alive=19/19 mined=2511 map=1459p/22ch banked=0 smelted=0 pocket=2528u/256s | sand=33 gravel=19 dirt=535 stone=0
   deficits: 157926/33 (0.0%) 149380/19 (0.0%) 31860/0 (0.0%) 27420/0 (0.0%) 10725/147 (1.4%)
   F1=55[cobblestone:28 granite:9 dirt:5] | F2=270[cobblestone:194 diorite:21 dirt:17] | F3=109[empty] | F4=170[cobblestone:93 andesite:53 dirt:13] | F5=207[cobblestone:106 diorite:19 dirt:15] | F6=70[dirt:55 cobblestone:20 leaf_litter:8] | F7=112[dirt:103 cobblestone:30 oak_log:9] | F8=92[dirt:52 cobblestone:20 leaf_litter:14] | F9=223[cobblestone:154 andesite:18 dirt:17] | F10=102[dirt:46 sand:17 leaf_litter:12] | F11=156[cobblestone:90 dirt:41 raw_copper:10] | F12=86[dirt:48 leaf_litter:11 sand:11] | F13=80[sand:5 leaf_litter:3 gravel:1] | F14=59[dirt:49 cobblestone:31 oak_planks:4] | F15=149[cobblestone:84 dirt:17 oak_log:10] | F16=100[cobblestone:81 diorite:17 raw_copper:6] | F17=114[andesite:36 cobblestone:34 dirt:13] | F18=103[cobblestone:66 diorite:21 stick:5] | F19=254[cobblestone:89 raw_copper:39 dirt:38]
   mem: heap=117M/152M old=-1M ext=124M ab=122M rss=381M cols=1890 ents=3699 evicted=1264 path=2a/0q (max 6) stale=0
F16 tunnel: 0 blocks (branch mine at the floor, steered, ore detour)
F16 [F16] digShaft: water hazard 3.8b away (live 14) - refusing this column, the caller rotates
F16 tunnel: steering copper_ore @ 6.6b (axis z+, cross 0.7000000000000028, floor lock)
F1 [F1] climb wet escape: 1 blocks walked (refused)
F1 [F1] climb diag: level at y=48 blocked toward 0,1 (dug=4, wet) at [0,2,0] water (stop)
F12 [F12] water: rescue complete in 4.2s
F12 [F12] water: hazard memorized at [-166,62,406] (15 live, fleet-wide)
F6 tunnel: 12 blocks (branch mine at the floor, steered, ore detour)
F15 bank trip: pockets full budget 120s
F15 [F15] climb diag: level at y=63 blocked toward 1,0 (dug=0)
F15 [F15] climb diag: level at y=63 blocked toward 0,1 (dug=0)
F15 [F15] climb diag: level at y=63 blocked toward -1,0 (dug=0)
F14 [F14] raw hop failed: raw walk timeout after 20316ms (d=20.4) - pathfinder retry
F10 [F10] digShaft: water hazard 3.7b away (live 15) - refusing this column, the caller rotates
F16 tunnel: 0 blocks (branch mine at the floor, steered, floor lock)
F16 tunnel: 0 blocks x3 - sealed or flooded, cooling down 15s
F15 climb out (bank): failed - stalled [stage 1]
[hb] n=22 ts=441s rss=381M late=110ms mainLate=654ms
F19 [F19] raw hop failed: raw walk stalled after 2308ms (d=19.6) - pathfinder retry
F5 [F5] climb wet escape: 7 blocks walked (budget)
F17 [F17] climb diag: level at y=52 blocked toward 0,1 (dug=11, wet) at [0,1,0] water (stop)
F6 vein sweep: 4 ores dug beside the gallery (ore detour)
F11 [F11] raw hop failed: raw walk timeout after 15696ms (d=13.1) - pathfinder retry
F9 climb out (trip): OK +9 levels (8 steps, 19 dug, 31s)
F7 [F7] approach: 3 segment(s) walked in 14.1s, goal now d=28.5 (still outside - a segment stalled (no position delta))
F7 [F7] raw hop failed: raw walk stalled after 2658ms (d=28.5) - pathfinder retry
F17 climb out (trip): failed - stalled
F17 map trip skipped: cannot leave the shaft
t-151s alive=19/19 mined=2584 map=1495p/22ch banked=0 smelted=0 pocket=2632u/261s | sand=37 gravel=24 dirt=553 stone=0
   deficits: 157926/37 (0.0%) 149380/24 (0.0%) 31860/0 (0.0%) 27420/0 (0.0%) 10725/154 (1.4%)
   F1=62[cobblestone:36 granite:9 dirt:5] | F2=283[cobblestone:205 diorite:21 dirt:17] | F3=109[stick:5 oak_sapling:1] | F4=182[cobblestone:100 andesite:59 dirt:13] | F5=216[cobblestone:110 diorite:23 dirt:15] | F6=84[dirt:60 cobblestone:25 leaf_litter:8] | F7=112[dirt:103 cobblestone:30 oak_log:9] | F8=92[dirt:52 cobblestone:22 leaf_litter:14] | F9=226[cobblestone:154 dirt:21 andesite:18] | F10=104[dirt:46 sand:19 leaf_litter:12] | F11=156[cobblestone:90 dirt:42 leaf_litter:13] | F12=86[dirt:48 leaf_litter:11 sand:11] | F13=80[sand:6 leaf_litter:3 gravel:1] | F14=59[dirt:49 cobblestone:31 granite:9] | F15=149[cobblestone:84 dirt:17 oak_log:10] | F16=100[cobblestone:81 diorite:17 raw_copper:6] | F17=114[andesite:36 cobblestone:34 dirt:13] | F18=116[cobblestone:72 diorite:21 dirt:11] | F19=254[cobblestone:89 raw_copper:39 dirt:38]
   mem: heap=119M/151M old=-1M ext=123M ab=120M rss=382M cols=1876 ents=3592 evicted=1308 path=6a/4q (max 6) stale=0
F10 tunnel: 2 blocks (branch mine at the floor, floor lock)
F11 [F11] hop: chest at [-152,71,407] d=8 zero: chest unreachable (Took to long to decide path to goal!)
F4 tunnel: steering iron_ore @ 19.3b (axis z--1, cross 3.5252834648167948, ore detour)
F14 [F14] hop: chest at [-137,71,409] d=21 zero: chest unreachable (budget exhausted (walk floor))
F14 bank: 0 (budget exhausted)
[hb] n=23 ts=461s rss=377M late=114ms mainLate=736ms
F1 [F1] water: drowning rescue start (drowning, oxygen 15)
F1 [F1] water: pass 0 head=wet shore=none land=n/a y=48.0 o2=15 probes=0 at=[-130,48,415]
F4 tunnel: 2 blocks (branch mine at the floor, steered, ore detour)
F4 bank trip: pockets full budget 120s
F16 [F16] digShaft: water table y=47 (region strike) - stopping above the aquifer, the tunnel owns this level (regions 2)
t-136s alive=19/19 mined=2620 map=1508p/22ch banked=0 smelted=0 pocket=2683u/262s | sand=37 gravel=26 dirt=558 stone=0
   deficits: 157926/37 (0.0%) 149380/26 (0.0%) 31860/0 (0.0%) 27420/0 (0.0%) 10725/154 (1.4%)
   F1=62[cobblestone:36 granite:9 dirt:5] | F2=293[cobblestone:214 diorite:21 dirt:17] | F3=109[stick:6 oak_sapling:2] | F4=190[cobblestone:108 andesite:59 dirt:13] | F5=224[cobblestone:119 diorite:23 dirt:15] | F6=90[dirt:66 cobblestone:25 leaf_litter:9] | F7=112[dirt:103 cobblestone:30 oak_log:9] | F8=92[dirt:52 cobblestone:26 leaf_litter:14] | F9=226[cobblestone:154 dirt:21 andesite:18] | F10=104[dirt:46 sand:19 leaf_litter:12] | F11=156[cobblestone:90 dirt:42 leaf_litter:13] | F12=88[dirt:48 leaf_litter:13 sand:11] | F13=81[sand:6 leaf_litter:3 gravel:1] | F14=59[dirt:49 cobblestone:32 granite:16] | F15=149[cobblestone:84 dirt:17 oak_log:10] | F16=101[cobblestone:82 diorite:17 raw_copper:6] | F17=114[andesite:36 cobblestone:34 dirt:13] | F18=116[cobblestone:72 diorite:21 dirt:12] | F19=254[cobblestone:89 raw_copper:39 dirt:36]
   mem: heap=120M/153M old=-1M ext=123M ab=120M rss=381M cols=1871 ents=3585 evicted=1349 path=6a/5q (max 6) stale=0
F10 [F10] digShaft: water hazard 7.4b away (live 15) - refusing this column, the caller rotates
F10 tunnel: steering copper_ore @ 35.7b (axis x+, cross 2.334230778907397, ore detour)
F18 [F18] climb: walkable surface at y=63 (+20 levels, dug=61) - the walk takes over (blocked step)
F18 climb out (trip): OK +20 levels (21 steps, 61 dug, undefineds)
F1 [F1] water: pass 5 head=wet shore=none land=n/a y=49.8 o2=20 probes=0 at=[-131,50,415]
F8 [F8] combat: fighting zombie (dist 1.4, hp 17.7, 3 nearby, sentry)
F19 [F19] direct deposit: 27 chest slots derived from the 63-slot view
F19 camp furnace: no build (machine near)
F19 smelt: 0 (nothing to smelt)
F1 [F1] water: pass 10 head=wet shore=none land=n/a y=50.8 o2=20 probes=0 at=[-132,51,415]
F19 [F19] direct deposit: 27 chest slots derived from the 63-slot view
F19 bank: +221
F10 [F10] water: drowning rescue start (drowning, oxygen 13)
F10 [F10] water: pass 0 head=wet shore=none land=n/a y=59.0 o2=13 probes=0 at=[-195,59,427]
F8 [F8] combat: verdict flipped to flee vs zombie (hp 13.3)
F8 [F8] combat: shelter skip (night=false armed=true threat=zombie@0.9)
F11 [F11] raw hop failed: raw walk timeout after 15159ms (d=7.0) - pathfinder retry
F5 climb out (bank): failed - timeout (traversed 7)
F7 [F7] hop: chest at [-127,71,409] d=33 zero: chest unreachable (Took to long to decide path to goal!)
F1 [F1] water: pass 13 head=dry shore=hit r=8 land=none y=51.2 o2=20 probes=0 at=[-133,51,415]
F10 [F10] water: pass 4 head=dry shore=hit r=1 land=none y=62.5 o2=11 probes=0 at=[-194,63,427]
F16 [F16] digShaft: water table y=47 (region strike) - stopping above the aquifer, the tunnel owns this level (regions 2)
F16 [F16] digShaft: water table y=47 (region strike) - stopping above the aquifer, the tunnel owns this level (regions 2)
F16 tunnel: steering copper_ore @ 7b (axis z+, cross 0.3917129296808355, floor lock)
F1 [F1] water: pass 15 head=dry shore=hit r=7 land=none y=51.2 o2=20 probes=0 at=[-133,51,415]
F10 [F10] water: pass 6 head=dry shore=hit r=1 land=none y=63.3 o2=20 probes=0 at=[-193,63,426]
F8 [F8] died - respawning (cause: zombie@0.9 (0s before death at [-126,39,430]))
F8 [F8] water: death spot memorized as a hazard at [-126,39,430] (12 live, fleet-wide)
F6 climb out (trip): OK +6 levels (6 steps, 12 dug, 32s)
F1 [F1] water: pass 19 head=dry shore=hit r=7 land=none y=51.2 o2=20 probes=0 at=[-134,51,415]
F11 [F11] hop: chest at [-147,71,407] d=8 zero: chest unreachable (Took to long to decide path to goal!)
F11 bank: chest unreachable (Took to long to decide path to goal!) (21 blocks from yard) - walking back
F10 [F10] water: pass 9 head=dry shore=hit r=1 land=none y=64.8 o2=20 probes=0 at=[-189,65,426]
F11 bank: yard walk arrived in 0s (1 attempt)
F11 camp furnace: no build (machine near)
F16 tunnel: 0 blocks (branch mine at the floor, steered, floor lock)
F1 [F1] water: pass 24 head=dry shore=hit r=7 land=none y=51.2 o2=20 probes=0 at=[-134,51,415]
F1 [F1] water: frozen physics (10 flat passes at y=51.2, o2=20) - standing down, the reconnect lane owns this
F1 [F1] water: rescue standing down (frozen physics - the walk gate reopens, the reconnect lane owns a dead client) in 14.0s
F1 [F1] water: hazard memorized at [-134,51,414] (13 live, fleet-wide)
F8 map trip: gravel
F10 [F10] water: pass 12 head=dry shore=hit r=1 land=none y=64.4 o2=20 probes=0 at=[-191,64,425]
F19 tunnel: steering coal_ore @ 6.2b (axis z--1, cross 0.45244171072323525, floor lock)
F19 tunnel: 0 blocks (branch mine at the floor, steered, floor lock)
F5 tool upgrade due: worn (left=1/59) -> stone_pickaxe
t-121s alive=19/19 mined=2650 map=1543p/23ch banked=221 smelted=0 pocket=2393u/238s | sand=43 gravel=15 dirt=476 stone=0
   deficits: 157926/43 (0.0%) 149380/15 (0.0%) 31860/0 (0.0%) 27420/0 (0.0%) 10725/131 (1.2%)
   F1=62[cobblestone:36 granite:9 dirt:5] | F2=303[cobblestone:225 diorite:21 dirt:17] | F3=111[stick:8 oak_sapling:2] | F4=199[cobblestone:117 andesite:59 dirt:13] | F5=227[cobblestone:124 diorite:23 dirt:15] | F6=90[dirt:67 cobblestone:25 leaf_litter:9] | F7=112[dirt:103 cobblestone:30 oak_log:9] | F8=92[empty] | F9=224[cobblestone:154 dirt:19 andesite:18] | F10=105[dirt:46 sand:22 leaf_litter:12] | F11=156[cobblestone:90 dirt:42 leaf_litter:13] | F12=88[dirt:48 leaf_litter:13 sand:11] | F13=81[sand:8 leaf_litter:3 gravel:1] | F14=59[dirt:53 cobblestone:33 granite:23] | F15=156[cobblestone:87 dirt:20 oak_log:10] | F16=101[cobblestone:82 diorite:17 raw_copper:6] | F17=114[andesite:36 cobblestone:34 dirt:13] | F18=116[cobblestone:72 diorite:21 dirt:12] | F19=254[torch:4 leaf_litter:3 wooden_pickaxe:2]
   mem: heap=109M/153M old=-1M ext=126M ab=124M rss=383M cols=1936 ents=3735 evicted=1393 path=6a/0q (max 6) stale=0
F10 [F10] water: pass 13 head=dry shore=hit r=1 land=none y=65.2 o2=20 probes=0 at=[-190,65,425]
F5 [toolupgrade] sticks: crafted (have 5)
F5 [toolupgrade] craft crafting_table: no craftable recipe variant (ingredients missing?)
F5 [toolupgrade] spare table: FAILED
F5 tool upgrade: failed -> none (cannot make a spare table (no 4 planks of one type?))
F5 spare pick due: spare (cobble available)
F5 spare pick: no table reachable or placeable
F19 tunnel: steering coal_ore @ 5.8b (axis z--1, cross 0.5, floor lock)
F19 tunnel: 0 blocks (branch mine at the floor, steered, floor lock)
[hb] n=24 ts=481s rss=384M late=119ms mainLate=1012ms
F8 tool recovery: no pickaxe - spare-pick craft first
F8 spare pick: skip (no sticks and no planks for sticks)
F8 tool recovery: spare craft failed (no sticks and no planks for sticks) - re-running the bootstrap
F10 [F10] water: pass 14 head=dry shore=hit r=1 land=none y=64.4 o2=20 probes=0 at=[-191,64,425]
F14 [F14] digShaft: water table y=56 (region strike) - stopping above the aquifer, the tunnel owns this level (regions 2)
F14 tunnel: steering iron_ore @ 8.9b (axis z+, cross 0.6999999999999886, ore detour)
F19 tunnel: steering coal_ore @ 5.9b (axis z--1, cross 0.5, floor lock)
F19 tunnel: 0 blocks (branch mine at the floor, steered, floor lock)
F19 tunnel: 0 blocks x3 - sealed or flooded, cooling down 15s
F16 tunnel: steering copper_ore @ 3.6b (axis z+, cross 1.5, ore detour)
F15 [F15] digShaft: water table y=47 (region strike) - stopping above the aquifer, the tunnel owns this level (regions 2)
F15 bank trip: pockets full budget 117s
F5 tool recovery: no pickaxe - spare-pick craft first
F5 spare pick: no table reachable or placeable
F5 tool recovery: spare craft failed (no table) - re-running the bootstrap
F10 [F10] water: pass 18 head=dry shore=hit r=1 land=none y=62.4 o2=20 probes=0 at=[-194,62,425]
F7 [F7] raw hop failed: raw walk timeout after 15446ms (d=6.0) - pathfinder retry
F9 [F9] water: drowning rescue start (drowning, oxygen 14)
F9 [F9] water: pass 0 head=wet shore=none land=n/a y=60.2 o2=14 probes=0 at=[-117,60,373]
F10 [F10] water: pass 20 head=dry shore=hit r=1 land=none y=64.2 o2=20 probes=0 at=[-193,64,425]
F1 [F1] water: drowning rescue start (drowning, oxygen 13)
F1 [F1] water: pass 0 head=wet shore=none land=n/a y=48.0 o2=13 probes=0 at=[-130,48,415]
F9 [F9] water: pass 4 head=dry shore=hit r=1 land=none y=62.1 o2=19 probes=0 at=[-117,62,373]
F16 tunnel: 2 blocks (branch mine at the floor, steered, ore detour)
F16 bank trip: pockets full budget 110s
F1 [F1] water: pass 3 head=dry shore=hit r=11 land=none y=49.2 o2=20 probes=0 at=[-131,49,415]
F10 [F10] water: pass 22 head=dry shore=hit r=1 land=none y=64.1 o2=20 probes=0 at=[-192,64,424]
F9 [F9] water: pass 6 head=dry shore=hit r=1 land=none y=63.6 o2=20 probes=0 at=[-116,64,373]
F14 tunnel: 4 blocks (branch mine at the floor, steered, ore detour)
F14 bank trip: pockets full budget 109s
F1 [F1] water: pass 6 head=dry shore=hit r=10 land=none y=50.2 o2=20 probes=0 at=[-131,50,415]
F10 [F10] water: rescue complete in 26.3s
F10 [F10] water: hazard memorized at [-195,62,425] (14 live, fleet-wide)
F9 [F9] water: pass 8 head=wet shore=none land=n/a y=61.8 o2=20 probes=0 at=[-115,62,373]
F14 [F14] climb diag: level at y=58 blocked toward 0,-1 (dug=2)
t-106s alive=19/19 mined=2704 map=1544p/23ch banked=221 smelted=0 pocket=2458u/243s | sand=48 gravel=20 dirt=489 stone=0
   deficits: 157926/48 (0.0%) 149380/20 (0.0%) 31860/0 (0.0%) 27420/0 (0.0%) 10725/132 (1.2%)
   F1=62[cobblestone:36 granite:9 dirt:5] | F2=314[cobblestone:227 dirt:21 diorite:21] | F3=112[stick:8 oak_sapling:2 oak_log:1] | F4=206[cobblestone:120 andesite:60 dirt:13] | F5=228[cobblestone:125 diorite:23 dirt:15] | F6=91[dirt:69 cobblestone:25 leaf_litter:9] | F7=112[dirt:103 cobblestone:30 oak_log:9] | F8=94[empty] | F9=224[cobblestone:154 dirt:19 andesite:18] | F10=105[dirt:46 sand:22 leaf_litter:12] | F11=156[cobblestone:90 dirt:42 leaf_litter:13] | F12=88[dirt:48 leaf_litter:13 sand:11] | F13=83[sand:8 leaf_litter:3 oak_log:2] | F14=65[dirt:57 cobblestone:33 granite:28] | F15=170[cobblestone:100 dirt:22 oak_log:10] | F16=110[cobblestone:83 diorite:26 raw_copper:6] | F17=114[andesite:36 cobblestone:34 dirt:13] | F18=116[cobblestone:72 diorite:21 dirt:12] | F19=254[torch:4 leaf_litter:3 wooden_pickaxe:2]
   mem: heap=109M/152M old=-1M ext=124M ab=121M rss=386M cols=1878 ents=3455 evicted=1476 path=5a/0q (max 6) stale=0
F9 map trip: sand
F9 tool upgrade due: cobble available -> stone_pickaxe
F9 [toolupgrade] [upgrade] craft stick: no craftable recipe variant (ingredients missing?)
F1 [F1] water: pass 11 head=dry shore=hit r=8 land=none y=51.2 o2=20 probes=0 at=[-132,51,415]
F9 [F9] water: pass 11 head=dry shore=hit r=1 land=none y=63.5 o2=20 probes=0 at=[-116,64,373]
F19 tunnel: steering coal_ore @ 6.6b (axis z--1, cross 0.5, floor lock)
F19 tunnel: 0 blocks (branch mine at the floor, steered, floor lock)
F19 tunnel: steering iron_ore @ 9.9b (axis x--1, cross 0.6999999999999886, floor lock)
F1 [F1] water: pass 15 head=dry shore=hit r=7 land=none y=51.2 o2=20 probes=0 at=[-133,51,415]
F9 [F9] water: pass 13 head=dry shore=hit r=2 land=none y=62.0 o2=20 probes=0 at=[-119,62,373]
F11 [F11] water: drowning rescue start (drowning, oxygen 18)
F11 [F11] water: pass 0 head=wet shore=none land=n/a y=61.3 o2=18 probes=0 at=[-141,61,391]
F7 [F7] hop: chest at [-122,71,409] d=8 zero: chest unreachable (budget exhausted (walk floor))
[hb] n=25 ts=501s rss=383M late=124ms mainLate=722ms
F19 tunnel: 1 blocks (branch mine at the floor, steered, floor lock)
F9 [F9] water: pass 15 head=dry shore=hit r=2 land=none y=62.4 o2=20 probes=0 at=[-118,62,373]
F1 [F1] water: pass 19 head=dry shore=hit r=7 land=none y=51.2 o2=20 probes=0 at=[-134,51,415]
F19 tunnel: steering iron_ore @ 10.2b (axis x--1, cross 0.30000000000001137, floor lock)
F19 tunnel: 0 blocks (branch mine at the floor, steered, floor lock)
F7 [F7] direct deposit: 27 chest slots derived from the 63-slot view
F7 camp furnace: no build (machine near)
F7 smelt: 0 (nothing to smelt)
F17 retry #1 in 7.6s (Timeout waiting for 4 ticks after 5200ms)
F19 tunnel: steering iron_ore @ 10.4b (axis x--1, cross 0.6999999999999886, floor lock)
F19 tunnel: 0 blocks (branch mine at the floor, steered, floor lock)
F11 [F11] water: pass 3 head=dry shore=hit r=1 land=none y=62.2 o2=20 probes=0 at=[-141,62,392]
F19 tunnel: steering copper_ore @ 10.3b (axis x--1, cross 1.6999999999999886, floor lock)
F19 tunnel: 0 blocks (branch mine at the floor, steered, floor lock)
F19 tunnel: 0 blocks x3 - sealed or flooded, cooling down 15s
F7 bank: +141
F1 [F1] water: pass 22 head=dry shore=hit r=7 land=none y=51.2 o2=20 probes=0 at=[-134,51,415]
F9 [F9] water: pass 18 head=dry shore=hit r=1 land=none y=62.4 o2=20 probes=0 at=[-117,62,373]
F9 [toolupgrade] [upgrade] upgraded: stone_pickaxe,wooden_shovel,wooden_pickaxe
F9 tool upgrade: OK -> stone_pickaxe (stone_pickaxe,wooden_shovel,wooden_pickaxe)
F9 tunnel: steering coal_ore @ 11.5b (axis x+, cross 3.5440335211469005, ore detour)
F1 [F1] water: frozen physics (10 flat passes at y=51.2, o2=20) - standing down, the reconnect lane owns this
F1 [F1] water: rescue standing down (frozen physics - the walk gate reopens, the reconnect lane owns a dead client) in 15.4s
F1 [F1] water: hazard memorized at [-134,51,414] (14 live, fleet-wide)
F11 [F11] water: pass 6 head=dry shore=hit r=1 land=none y=63.8 o2=20 probes=0 at=[-139,64,395]
F1 [F1] climb diag: level at y=50 blocked toward -1,0 (dug=11) dig failed at [-134,51,414] stone (held=stone_pickaxe, airborne, post=water STILL THERE (server never broke it))
F1 climb out (trip): failed - timeout (traversed 1) [stage 1]
F1 map trip skipped: cannot leave the shaft
F10 [F10] water: drowning rescue start (drowning, oxygen 15)
F10 [F10] water: pass 0 head=wet shore=none land=n/a y=59.0 o2=15 probes=0 at=[-193,59,427]
F9 tunnel: 0 blocks (branch mine at the floor, steered, ore detour)
F9 bank trip: pockets full budget 95s
F9 climb out (bank): failed - rescue owns the bot
F9 tunnel: steering coal_ore @ 8.9b (axis x+, cross 3.3626834119370983, floor lock)
F9 tunnel: 0 blocks (branch mine at the floor, steered, floor lock)
F9 bank trip: pockets full budget 95s
F9 climb out (bank): failed - rescue owns the bot
F9 tunnel: steering coal_ore @ 9.1b (axis z--1, cross 2.8138497888197236, ore detour)
F9 tunnel: 0 blocks (branch mine at the floor, steered, ore detour)
F9 tunnel: 0 blocks x3 - sealed or flooded, cooling down 15s
F9 [F9] water: pass 22 head=dry shore=hit r=1 land=none y=62.8 o2=20 probes=0 at=[-115,63,373]
F10 [F10] water: pass 4 head=dry shore=hit r=1 land=none y=62.2 o2=13 probes=0 at=[-193,62,426]
F11 [F11] water: pass 8 head=dry shore=hit r=1 land=none y=63.8 o2=20 probes=0 at=[-139,64,395]
F9 [F9] water: pass 25 head=dry shore=hit r=1 land=none y=62.7 o2=20 probes=0 at=[-116,63,372]
t-90s alive=18/19 mined=2775 map=1556p/23ch banked=362 smelted=0 pocket=2273u/227s | sand=55 gravel=25 dirt=397 stone=0
[fleet] uncaught exception (kept alive): TypeError: Cannot read properties of undefined (reading 'items')
    at file:///home/runner/work/privateB/privateB/testbed/fleet19.mjs:340:78
    at Array.reduce (<anonymous>)
    at materialsProgress (file:///home/runner/work/privateB/privateB/testbed/fleet19.mjs:340:23)
    at topDeficits (file:///home/runner/work/privateB/privateB/testbed/fleet19.mjs:348:24)
    at Timeout._onTimeout (file:///home/runner/work/privateB/privateB/testbed/fleet19.mjs:1339:61)
    at listOnTimeout (node:internal/timers:585:17)
    at process.processTimers (node:internal/timers:521:7)
F10 [F10] water: pass 8 head=dry shore=hit r=1 land=none y=61.0 o2=20 probes=0 at=[-192,61,427]
F10 [F10] water: transit toward known land (oak_log) at [-189,429] d=4
F2 [F2] climb wet escape: 9 blocks walked (budget)
F2 climb out (bank): failed - timeout (traversed 9)
F17 [F17] water: drowning rescue start (drowning, oxygen 6)
F17 [F17] water: pass 0 head=wet shore=none land=n/a y=52.1 o2=6 probes=0 at=[-137,52,417]
F9 [F9] water: rescue complete in 25.3s
F9 [F9] water: hazard memorized at [-116,62,372] (13 live, fleet-wide)
F11 [F11] water: pass 12 head=dry shore=hit r=1 land=none y=62.3 o2=20 probes=0 at=[-143,62,396]
F18 map trip: sand
F10 [F10] water: pass 11 head=dry shore=hit r=1 land=none y=61.0 o2=20 probes=0 at=[-192,61,427]
F2 pre-position: 79b from yard, t-86s - walking home
F17 [F17] water: pass 4 head=wet shore=none land=n/a y=52.2 o2=2 probes=0 at=[-137,52,417]
F3 recovery brake: 1 consecutive failures - next attempt in 45s
F3 tool recovery: failed (none)
F3 tool recovery: no pickaxe - spare-pick craft first
F3 spare pick: skip (no pickaxe materials (need 3 ingots / 3 cobble / 3 planks of ONE type))
F3 tool recovery: spare craft failed (no pickaxe materials (need 3 ingots / 3 cobble / 3 planks of ONE type)) - re-running the bootstrap
F11 [F11] water: pass 15 head=dry shore=hit r=1 land=none y=63.4 o2=20 probes=0 at=[-141,63,396]
F10 [F10] water: pass 12 head=dry shore=hit r=1 land=none y=61.0 o2=20 probes=0 at=[-192,61,427]
F1 [F1] water: drowning rescue start (drowning, oxygen 20)
F1 [F1] water: pass 0 head=wet shore=none land=n/a y=50.4 o2=20 probes=0 at=[-132,50,415]
F15 [F15] climb diag: level at y=57 blocked toward 0,1 (dug=26)
F14 [F14] climb: walkable surface at y=64 (+6 levels, dug=15) - the walk takes over (blocked step)
F14 climb out (bank): OK +6 levels (6 steps, 15 dug, undefineds)
F14 bank: holding 45s of 109s for the smelt leg
F2 [F2] climb diag: level at y=59 blocked toward 1,0 (dug=2)
F16 [F16] climb wet escape: 2 blocks walked (low-o2)
F16 [F16] climb wet escape: oxygen 5 at the floor - the escape yields, the rescue lane owns the air
F16 climb out (bank): failed - low-o2 (traversed 2)
F16 [F16] water: drowning rescue start (drowning, oxygen 4)
F16 [F16] water: pass 0 head=wet shore=none land=n/a y=46.9 o2=4 probes=0 at=[-89,47,356]
F16 pre-position: 60b from yard, t-84s - walking home
F16 climb out (pre-position): failed - rescue owns the bot
F16 final climb: no retry (no retry for 'rescue owns the bot')
F16 final climb: failed - rescue owns the bot
F16 final bank: 0 (still underground after 1 climb attempt - the chain from the shaft bottom is doomed walks)
F16 retry #1 in 4.3s ()
F17 [F17] water: pass 8 head=wet shore=none land=n/a y=52.2 o2=-1 probes=0 at=[-137,52,417]
F1 tunnel: steering coal_ore @ 7.2b (axis z--1, cross 0.9359739901404112, ore detour)
F1 tunnel: 0 blocks (branch mine at the floor, steered, ore detour)
F1 tunnel: steering iron_ore @ 5.5b (axis z+, cross 0.06402600985958884, floor lock)
F17 [F17] water: frozen physics (10 flat passes at y=52.2, o2=0) - standing down, the reconnect lane owns this
F17 [F17] water: rescue standing down (frozen physics - the walk gate reopens, the reconnect lane owns a dead client) in 6.1s
F17 [F17] water: hazard memorized at [-138,52,417] (13 live, fleet-wide)
F1 [F1] water: pass 4 head=wet shore=none land=n/a y=50.4 o2=20 probes=0 at=[-132,50,415]
F11 [F11] water: pass 17 head=dry shore=hit r=2 land=none y=64.2 o2=20 probes=0 at=[-141,64,396]
F10 [F10] water: pass 15 head=dry shore=hit r=1 land=none y=60.2 o2=20 probes=0 at=[-191,60,426]
F19 tunnel: steering copper_ore @ 10.5b (axis x--1, cross 2.6999999999999886, floor lock)
F19 tunnel: 0 blocks (branch mine at the floor, steered, floor lock)
F17 [F17] water: drowning rescue start (drowning, oxygen -1)
F17 [F17] water: pass 0 head=wet shore=none land=n/a y=51.9 o2=-1 probes=0 at=[-137,52,417]
F19 tunnel: steering copper_ore @ 10.6b (axis x--1, cross 1.6999999999999886, floor lock)
F19 tunnel: 0 blocks (branch mine at the floor, steered, floor lock)
F10 [F10] water: rescue complete in 13.9s
F10 [F10] water: hazard memorized at [-194,62,426] (14 live, fleet-wide)
F16 [F16] water: pass 5 head=wet shore=none land=n/a y=47.2 o2=11 probes=0 at=[-89,47,356]
F19 tunnel: steering copper_ore @ 10.7b (axis z+, cross 3.299999999999997, floor lock)
F16 [F16] water: frozen physics (10 flat passes at y=47.2, o2=17) - standing down, the reconnect lane owns this
F16 [F16] water: rescue standing down (frozen physics - the walk gate reopens, the reconnect lane owns a dead client) in 3.3s
F16 [F16] water: hazard memorized at [-89,47,355] (15 live, fleet-wide)
F1 [F1] water: pass 9 head=wet shore=none land=n/a y=50.8 o2=20 probes=0 at=[-132,51,415]
F11 [F11] water: pass 20 head=dry shore=hit r=2 land=none y=64.2 o2=20 probes=0 at=[-141,64,396]
F17 tunnel: steering coal_ore @ 3.9b (axis x+, cross 2.3000000000000114, ore detour)
F17 tunnel: 0 blocks (branch mine at the floor, steered, ore detour)
[hb] n=26 ts=521s rss=386M late=129ms mainLate=1254ms
F10 tunnel: 12 blocks (branch mine at the floor, steered, ore detour)
F10 pre-position: 60b from yard, t-80s - walking home
F10 bank: holding 45s of 80s for the smelt leg
F17 [F17] water: pass 9 head=wet shore=none land=n/a y=52.2 o2=0 probes=0 at=[-137,52,417]
F17 [F17] water: rescue standing down (frozen physics - the walk gate reopens, the reconnect lane owns a dead client) in 2.3s
F17 [F17] water: hazard memorized at [-138,52,417] (16 live, fleet-wide)
F9 bank trip: pockets full budget 79s
F9 bank: holding 45s of 79s for the smelt leg
F16 [F16] KICKED: {"type":"compound","value":{"translate":{"type":"string","value":"multiplayer.disconnect.duplicate_login"}}}
F6 map trip: sand
F16 pre-position: 60b from yard, t-78s - walking home
F1 [F1] water: pass 17 head=dry shore=hit r=7 land=none y=51.2 o2=20 probes=0 at=[-134,51,415]
F6 [F6] digShaft: water hazard 4.9b away (live 16) - refusing this column, the caller rotates
F6 tunnel: steering copper_ore @ 12.7b (axis z+, cross 1.4989932351364814, ore detour)
F6 tunnel: 0 blocks (branch mine at the floor, steered, ore detour)
F6 bank trip: pockets full budget 78s
F6 [F6] climb diag: level at y=64 blocked toward 0,1 (dug=0)
F17 [F17] water: drowning rescue start (drowning, oxygen 0)
F17 [F17] water: pass 0 head=wet shore=none land=n/a y=50.9 o2=0 probes=0 at=[-137,51,417]
F6 [F6] climb diag: level at y=64 blocked toward -1,0 (dug=0)
F19 tunnel: 2 blocks (branch mine at the floor, steered, floor lock)
F11 [F11] water: pass 24 head=dry shore=hit r=2 land=none y=64.2 o2=20 probes=0 at=[-142,64,396]
F19 tunnel: 0 blocks (branch mine at the floor, floor lock)
F6 [F6] climb diag: level at y=64 blocked toward 0,-1 (dug=1)
F19 tunnel: 0 blocks (branch mine at the floor, floor lock)
F6 climb out (bank): failed - stalled
F6 [F6] digShaft: water hazard 4.9b away (live 16) - refusing this column, the caller rotates
F6 tunnel: steering copper_ore @ 13.3b (axis z+, cross 1.4989932351364814, floor lock)
F6 tunnel: 0 blocks (branch mine at the floor, steered, floor lock)
F6 bank trip: pockets full budget 76s
F6 [F6] climb diag: level at y=64 blocked toward -1,0 (dug=0)
F17 [F17] water: pass 4 head=wet shore=none land=n/a y=52.2 o2=-1 probes=0 at=[-137,52,417]
F19 tunnel: 0 blocks (branch mine at the floor, floor lock)
F19 tunnel: 0 blocks x3 - sealed or flooded, cooling down 15s
F6 [F6] climb diag: level at y=64 blocked toward 0,-1 (dug=0)
F18 [F18] digShaft: water table y=47 (region strike) - stopping above the aquifer, the tunnel owns this level (regions 2)
F18 bank trip: pockets full budget 76s
F6 [F6] climb diag: level at y=64 blocked toward 1,0 (dug=0)
t-75s alive=19/19 mined=2852 map=1651p/25ch banked=362 smelted=0 pocket=2470u/249s | sand=59 gravel=25 dirt=442 stone=0
   deficits: 157926/59 (0.0%) 149380/25 (0.0%) 31860/0 (0.0%) 27420/0 (0.0%) 10725/133 (1.2%)
   F1=64[cobblestone:36 granite:9 dirt:5] | F2=335[cobblestone:227 dirt:43 diorite:21] | F3=114[stick:8 oak_sapling:1 birch_log:1] | F4=225[cobblestone:133 andesite:61 dirt:13] | F5=228[cobblestone:125 diorite:23 dirt:15] | F6=100[dirt:67 cobblestone:25 leaf_litter:16] | F7=115[oak_log:9 dirt:5 crafting_table:1] | F8=96[oak_log:2 stick:2 cobblestone:1] | F9=224[cobblestone:151 dirt:19 andesite:18] | F10=116[dirt:52 sand:26 leaf_litter:12] | F11=156[cobblestone:90 dirt:42 leaf_litter:13] | F12=88[dirt:48 leaf_litter:13 sand:11] | F13=87[sand:8 dirt:7 leaf_litter:4] | F14=78[dirt:69 cobblestone:33 granite:28] | F15=200[cobblestone:124 dirt:26 oak_log:10] | F16=124[cobblestone:91 diorite:30 raw_copper:6] | F17=114[andesite:36 cobblestone:34 dirt:13] | F18=131[cobblestone:81 diorite:21 dirt:14] | F19=257[torch:4 leaf_litter:3 cobblestone:3]
   mem: heap=112M/154M old=-1M ext=130M ab=128M rss=391M cols=1903 ents=3183 evicted=1482 path=2a/0q (max 6) stale=0
F1 [F1] water: pass 19 head=dry shore=hit r=8 land=none y=51.2 o2=20 probes=0 at=[-132,51,415]
F11 [F11] water: rescue timeout (still wet, 26 passes, 0 probes, tail dry/dry/dry) in 25.5s
F11 [F11] water: hazard memorized at [-143,62,396] (17 live, fleet-wide)
F6 climb out (bank): failed - stalled [stage 1]
F17 [F17] water: pass 9 head=wet shore=none land=n/a y=52.2 o2=-1 probes=0 at=[-137,52,417]
F2 [F2] water: drowning rescue start (drowning, oxygen 13)
F2 [F2] water: pass 0 head=wet shore=none land=n/a y=59.0 o2=13 probes=0 at=[-58,59,422]
[F11] walk refused by a water rescue - rescue cleared, walking again
F11 smelt: 0 (cobblestone@furnace: machine unreachable (doomed goal (ledgered 1s ago at [-146,71,383]) - walk to furnace refused); cobblestone@furnace: machine unreachable (doomed goal (ledgered 1s ago at [-144,71,383]) - walk to furnace refused); cobblestone@furnace: machine unreachable (doomed goal (ledgered 1s ago at [-142,71,383]) - walk to furnace refused); cobblestone@furnace: machine unreachable (doomed goal (ledgered 1s ago at [-140,71,383]) - walk to furnace refused); cobblestone@furnace: machine unreachable (water rescue in progress (walk to furnace refused)))
F1 [F1] water: pass 21 head=dry shore=hit r=8 land=none y=51.2 o2=20 probes=0 at=[-132,51,415]
F2 [F2] water: transit toward known land (oak_log) at [-101,399] d=49
F17 [F17] water: rescue standing down (frozen physics - the walk gate reopens, the reconnect lane owns a dead client) in 5.4s
F17 [F17] water: frozen client relog (3 consecutive frozen verdicts) - ending the session, the reconnect lane rebuilds the physics
F17 [F17] water: hazard memorized at [-138,52,417] (17 live, fleet-wide)
F15 climb out (bank): OK +14 levels (13 steps, 40 dug, 45s)
F15 bank: holding 45s of 117s for the smelt leg
F1 tunnel: 3 blocks (branch mine at the floor, steered, floor lock)
F2 [F2] water: transit toward known land (oak_log) at [-101,399] d=49
F2 [F2] water: transit toward known land (oak_log) at [-101,399] d=49
F2 [F2] water: pass 4 head=dry shore=none land=oak_log d=49 y=60.2 o2=20 probes=0 at=[-58,60,422]
F1 [F1] water: pass 23 head=dry shore=hit r=8 land=none y=51.2 o2=20 probes=0 at=[-133,51,415]
F2 [F2] water: transit toward known land (oak_log) at [-101,399] d=49
F1 tunnel: steering iron_ore @ 5.7b (axis z+, cross 0.017937715169040302, ore detour)
F2 [F2] water: transit toward known land (oak_log) at [-101,399] d=49
F2 [F2] water: transit toward known land (oak_log) at [-101,399] d=49
F2 [F2] water: transit toward known land (oak_log) at [-101,399] d=49
F2 [F2] water: transit toward known land (oak_log) at [-101,399] d=49
F14 [F14] raw hop failed: raw walk timeout after 15051ms (d=7.4) - pathfinder retry
F2 [F2] water: transit toward known land (oak_log) at [-101,399] d=49
F6 [F6] digShaft: water table y=56 (region strike) - stopping above the aquifer, the tunnel owns this level (regions 2)
F6 bank trip: pockets full budget 69s
F2 [F2] water: transit toward known land (oak_log) at [-101,399] d=49
F2 [F2] water: frozen physics (10 flat passes at y=60.2, o2=20) - standing down, the reconnect lane owns this
F2 [F2] water: rescue standing down (frozen physics - the walk gate reopens, the reconnect lane owns a dead client) in 4.7s
F2 [F2] water: hazard memorized at [-58,60,422] (17 live, fleet-wide)
F1 [F1] water: pass 28 head=dry shore=hit r=7 land=none y=51.2 o2=20 probes=0 at=[-133,51,415]
F7 tunnel: steering coal_ore @ 10.2b (axis z+, cross 3.48763223040433, floor lock)
F9 [F9] water: drowning rescue start (drowning, oxygen 14)
F9 [F9] water: pass 0 head=wet shore=none land=n/a y=59.0 o2=14 probes=0 at=[-131,59,383]
F1 [F1] water: pass 30 head=dry shore=hit r=8 land=none y=51.2 o2=20 probes=0 at=[-133,51,415]
F9 [F9] water: pass 5 head=dry shore=hit r=7 land=none y=62.8 o2=15 probes=0 at=[-131,63,383]
F4 [F4] climb wet escape: 2 blocks walked (budget)
F14 [F14] hop: chest at [-137,71,409] d=8 zero: chest unreachable (Took to long to decide path to goal!)
F1 [F1] water: rescue complete in 20.0s
F1 [F1] water: hazard memorized at [-133,51,414] (18 live, fleet-wide)
F7 tunnel: 2 blocks (branch mine at the floor, steered, floor lock)
F4 [F4] climb wet escape: 2 blocks walked (budget)
F4 [F4] climb diag: level at y=57 blocked toward 0,1 (dug=44, wet) at [0,2,1] water (stop)
F9 [F9] water: pass 12 head=dry shore=hit r=8 land=none y=62.4 o2=20 probes=0 at=[-131,62,383]
F4 [F4] climb diag: level at y=57 blocked toward -1,0 (dug=46, wet) at [0,2,0] water (stop)
F4 [F4] climb diag: level at y=57 blocked toward 0,-1 (dug=46, wet) at [0,2,0] water (stop)
F4 climb out (bank): failed - stalled (traversed 4)
F4 pre-position: 83b from yard, t-62s - walking home
F2 [F2] water: drowning rescue start (drowning, oxygen 15)
F2 [F2] water: pass 0 head=wet shore=none land=n/a y=59.0 o2=15 probes=0 at=[-58,59,422]
F17 retry #1 in 6.9s (Timeout waiting for 4 ticks after 5200ms)
F2 [F2] water: transit toward known land (oak_log) at [-101,399] d=49
F2 [F2] water: transit toward known land (oak_log) at [-101,399] d=49
F2 [F2] water: transit toward known land (oak_log) at [-101,399] d=49
F2 [F2] water: transit toward known land (oak_log) at [-101,399] d=49
F9 [F9] water: pass 19 head=dry shore=hit r=8 land=none y=62.3 o2=20 probes=0 at=[-132,62,383]
F1 tunnel: 6 blocks (branch mine at the floor, steered, ore detour)
F1 [F1] digShaft: water hazard 2.4b away (live 18) - refusing this column, the caller rotates
F1 tunnel: steering coal_ore @ 7.1b (axis x+, cross 3.3000000000000114, floor lock)
F2 [F2] water: transit toward known land (oak_log) at [-101,399] d=49
F2 [F2] water: transit toward known land (oak_log) at [-101,399] d=49
F2 [F2] water: pass 7 head=dry shore=none land=oak_log d=49 y=60.2 o2=20 probes=0 at=[-58,60,422]
F13 tool recovery: OK (wooden_pickaxe)
F13 pre-position: 53b from yard, t-60s - walking home
F13 [F13] climb diag: level at y=65 blocked toward 0,-1 (dug=0)
F2 [F2] water: transit toward known land (oak_log) at [-101,399] d=49
F13 [F13] climb diag: level at y=65 blocked toward 1,0 (dug=0)
F19 tunnel: steering iron_ore @ 11.3b (axis x--1, cross 0.323948426711695, floor lock)
F19 tunnel: 0 blocks (branch mine at the floor, steered, floor lock)
F13 [F13] climb diag: level at y=65 blocked toward 0,1 (dug=0)
t-60s alive=19/19 mined=2914 map=1715p/26ch banked=362 smelted=0 pocket=2553u/259s | sand=59 gravel=25 dirt=467 stone=0
   deficits: 157926/59 (0.0%) 149380/25 (0.0%) 31860/0 (0.0%) 27420/0 (0.0%) 10725/136 (1.3%)
   F1=72[cobblestone:45 granite:9 dirt:5] | F2=335[cobblestone:227 dirt:43 diorite:21] | F3=118[stick:8 oak_log:5 birch_log:3] | F4=235[cobblestone:134 andesite:64 dirt:14] | F5=228[cobblestone:122 diorite:23 dirt:15] | F6=113[dirt:79 cobblestone:25 leaf_litter:16] | F7=117[oak_log:9 dirt:7 crafting_table:1] | F8=99[birch_log:4 oak_log:2 stick:2] | F9=224[cobblestone:151 dirt:19 andesite:18] | F10=116[dirt:52 sand:26 leaf_litter:12] | F11=156[cobblestone:90 dirt:42 leaf_litter:13] | F12=88[dirt:48 leaf_litter:13 sand:11] | F13=87[sand:8 oak_log:4 leaf_litter:4] | F14=78[dirt:69 cobblestone:33 granite:28] | F15=203[cobblestone:124 dirt:30 leaf_litter:12] | F16=126[cobblestone:93 diorite:32 raw_copper:6] | F17=114[andesite:36 cobblestone:34 dirt:13] | F18=148[cobblestone:88 dirt:24 diorite:21] | F19=257[torch:4 leaf_litter:3 cobblestone:3]
   mem: heap=120M/156M old=-1M ext=130M ab=128M rss=390M cols=1907 ents=2944 evicted=1528 path=1a/0q (max 6) stale=0
F2 [F2] water: transit toward known land (oak_log) at [-101,399] d=49
[hb] n=27 ts=541s rss=389M late=134ms mainLate=640ms
F13 climb out (pre-position): failed - stalled
F13 [F13] climb diag: level at y=65 blocked toward 1,0 (dug=0)
F2 [F2] water: transit toward known land (oak_log) at [-101,399] d=49
F13 [F13] climb diag: level at y=65 blocked toward 0,1 (dug=0)
F10 [F10] approach: 2 segment(s) walked in 20.3s, goal now d=42.6 (still outside - a segment stalled (no position delta))
F13 [F13] climb diag: level at y=65 blocked toward -1,0 (dug=0)
F2 [F2] water: transit toward known land (oak_log) at [-101,399] d=49
F2 [F2] water: rescue standing down (frozen physics - the walk gate reopens, the reconnect lane owns a dead client) in 3.3s
F2 [F2] water: hazard memorized at [-58,60,422] (17 live, fleet-wide)
F19 tunnel: steering copper_ore @ 10.7b (axis x--1, cross 2.6999999999999886, floor lock)
F19 tunnel: 0 blocks (branch mine at the floor, steered, floor lock)
F9 [F9] water: pass 24 head=dry shore=hit r=8 land=none y=62.3 o2=20 probes=0 at=[-131,62,383]
F9 [F9] raw hop failed: raw walk timeout after 20410ms (d=8.7) - pathfinder retry
F19 tunnel: 0 blocks (branch mine at the floor, floor lock)
F19 tunnel: 0 blocks x3 - sealed or flooded, cooling down 15s
F13 final climb: retry (escalated retry after stalled, 220s fence)
F13 [F13] climb diag: level at y=65 blocked toward 0,1 (dug=0)
F11 [F11] raw hop failed: raw walk timeout after 15143ms (d=8.0) - pathfinder retry
F13 [F13] climb diag: level at y=65 blocked toward -1,0 (dug=0)
F5 tool recovery: OK (wooden_pickaxe,stone_pickaxe)
F5 pre-position: 61b from yard, t-57s - walking home
F13 [F13] climb diag: level at y=65 blocked toward 0,-1 (dug=0)
F9 [F9] water: pass 25 head=wet shore=none land=n/a y=61.3 o2=20 probes=0 at=[-131,61,383]
F13 final climb: failed - stalled [stage 2]
F13 final bank: 0 (still underground after 2 climb attempts - the chain from the shaft bottom is doomed walks)
F13 retry #1 in 5.2s ()
F9 [F9] water: pass 28 head=dry shore=hit r=6 land=none y=62.2 o2=20 probes=0 at=[-130,62,384]
F2 [F2] water: repeat wet page at the same cell (o2 16) - standing down, the walk machinery owns the exit
F11 [F11] hop: chest at [-142,71,399] d=9 zero: chest unreachable (Took to long to decide path to goal!)
F11 bank: 0 (budget exhausted)
F17 [F17] died - respawning (cause: fall/env (0s before death at [-138,51,417]))
F17 [F17] water: death spot memorized as a hazard at [-138,51,417] (17 live, fleet-wide)
F15 [F15] raw hop failed: raw walk timeout after 20535ms (d=17.9) - pathfinder retry
F17 [F17] water: air-bar glitch ignored (oxygen 0 on dry land, 1 total)
F9 [F9] water: pass 31 head=dry shore=hit r=4 land=none y=62.5 o2=20 probes=0 at=[-127,63,384]
F14 [F14] raw hop failed: raw walk timeout after 15179ms (d=7.0) - pathfinder retry
F6 climb out (bank): OK +7 levels (6 steps, 11 dug, 21s)
F6 bank: holding 39s of 69s for the smelt leg
F2 [F2] water: drowning rescue start (drowning, oxygen 10)
F2 [F2] water: pass 0 head=wet shore=none land=n/a y=59.0 o2=10 probes=0 at=[-58,59,422]
F9 [F9] water: pass 33 head=dry shore=hit r=2 land=none y=62.3 o2=20 probes=0 at=[-125,62,384]
F16 [F16] died - respawning (cause: fall/env (0s before death at [-88,46,355]))
F16 [F16] water: death spot memorized as a hazard at [-88,46,355] (17 live, fleet-wide)
F1 [F1] water: drowning rescue start (drowning, oxygen 19)
F1 [F1] water: pass 0 head=wet shore=none land=n/a y=46.0 o2=19 probes=0 at=[-128,46,417]
F13 [F13] KICKED: {"type":"compound","value":{"translate":{"type":"string","value":"multiplayer.disconnect.duplicate_login"}}}
F2 [F2] water: transit toward known land (oak_log) at [-101,399] d=49
F2 [F2] water: transit toward known land (oak_log) at [-101,399] d=49
F2 [F2] water: pass 3 head=dry shore=none land=oak_log d=49 y=60.2 o2=20 probes=0 at=[-58,60,422]
F9 [F9] water: pass 35 head=dry shore=hit r=1 land=none y=63.5 o2=20 probes=0 at=[-125,64,384]
F1 [F1] water: pass 2 head=dry shore=hit r=2 land=none y=46.2 o2=20 probes=0 at=[-128,46,418]
F2 [F2] water: transit toward known land (oak_log) at [-101,399] d=49
F13 pre-position: 53b from yard, t-45s - walking home
F13 [F13] climb diag: level at y=65 blocked toward 0,-1 (dug=0)
t-45s alive=19/19 mined=2956 map=1715p/26ch banked=362 smelted=0 pocket=2338u/231s | sand=59 gravel=24 dirt=465 stone=0
   deficits: 157926/59 (0.0%) 149380/24 (0.0%) 31860/0 (0.0%) 27420/0 (0.0%) 10725/102 (1.0%)
   F1=79[cobblestone:51 granite:9 dirt:5] | F2=335[cobblestone:227 dirt:43 diorite:21] | F3=118[oak_planks:12 birch_planks:4 stick:4] | F4=243[cobblestone:139 andesite:64 dirt:17] | F5=236[cobblestone:124 diorite:23 dirt:20] | F6=115[dirt:83 cobblestone:25 leaf_litter:19] | F7=118[oak_log:9 dirt:7 crafting_table:1] | F8=104[birch_log:4 oak_log:3 stick:2] | F9=224[cobblestone:151 dirt:19 andesite:18] | F10=116[dirt:51 sand:26 leaf_litter:12] | F11=156[cobblestone:90 dirt:43 leaf_litter:13] | F12=88[dirt:48 leaf_litter:13 sand:11] | F13=87[sand:8 oak_log:4 leaf_litter:4] | F14=78[dirt:69 cobblestone:33 granite:28] | F15=203[cobblestone:124 dirt:30 leaf_litter:12] | F16=126[empty] | F17=114[empty] | F18=159[cobblestone:98 dirt:26 diorite:21] | F19=257[torch:4 leaf_litter:3 cobblestone:3]
   mem: heap=127M/160M old=-1M ext=144M ab=142M rss=401M cols=1916 ents=3028 evicted=1410 path=5a/0q (max 6) stale=0
F13 [F13] climb diag: level at y=65 blocked toward 1,0 (dug=0)
F14 [F14] hop: chest at [-142,71,409] d=9 zero: chest unreachable (Took to long to decide path to goal!)
F10 [F10] hop: chest at [-152,71,409] d=44 zero: chest unreachable (budget exhausted (walk floor))
F10 bank fallback: none (budget exhausted)
F10 camp furnace: no build (cobble 4/8)
F10 smelt: 0 (sand@furnace: no machine in reach (furnace within 48b))
F13 [F13] climb diag: level at y=65 blocked toward 0,1 (dug=0)
F2 [F2] water: transit toward known land (oak_log) at [-101,399] d=49
F13 climb out (pre-position): failed - stalled
F13 [F13] climb diag: level at y=65 blocked toward 1,0 (dug=0)
F9 [F9] water: rescue complete in 24.3s
F9 [F9] water: hazard memorized at [-126,62,384] (17 live, fleet-wide)
F2 [F2] water: transit toward known land (oak_log) at [-101,399] d=49
F2 [F2] water: pass 6 head=dry shore=none land=oak_log d=49 y=60.2 o2=20 probes=0 at=[-58,60,422]
F13 [F13] climb diag: level at y=65 blocked toward 0,1 (dug=0)
F13 [F13] climb diag: level at y=65 blocked toward -1,0 (dug=0)
F2 [F2] water: transit toward known land (oak_log) at [-101,399] d=49
F2 [F2] water: transit toward known land (oak_log) at [-101,399] d=49
F1 [F1] water: pass 5 head=dry shore=hit r=2 land=none y=46.2 o2=20 probes=0 at=[-128,46,418]
F19 tunnel: 0 blocks (branch mine at the floor, floor lock)
F2 [F2] water: transit toward known land (oak_log) at [-101,399] d=49
F19 tunnel: 0 blocks (branch mine at the floor, floor lock)
F13 final climb: retry (escalated retry after stalled, 205s fence)
F13 [F13] climb diag: level at y=65 blocked toward 0,1 (dug=0)
F9 [F9] hop: chest at [-131,71,383] d=20 zero: chest unreachable (budget exhausted (walk floor))
F9 bank fallback: none (budget exhausted)
F9 camp furnace: no build (machine near)
F19 tunnel: 0 blocks (branch mine at the floor, floor lock)
F19 tunnel: 0 blocks x3 - sealed or flooded, cooling down 15s
F2 [F2] water: transit toward known land (oak_log) at [-101,399] d=49
F6 [F6] hop: raw walk missed the reach window (d=8.0) - the pathfinder attempt follows
F13 [F13] climb diag: level at y=65 blocked toward -1,0 (dug=0)
F13 [F13] climb diag: level at y=65 blocked toward 0,-1 (dug=0)
F2 [F2] water: transit toward known land (oak_log) at [-101,399] d=49
F2 [F2] water: rescue standing down (frozen physics - the walk gate reopens, the reconnect lane owns a dead client) in 6.6s
F2 [F2] water: frozen client relog (3 consecutive frozen verdicts) - ending the session, the reconnect lane rebuilds the physics
F2 [F2] water: hazard memorized at [-58,60,422] (18 live, fleet-wide)
F3 tool recovery: OK (wooden_pickaxe)
F3 spare pick due: spare (planks available)
F4 [F4] climb wet escape: 5 blocks walked (budget)
F1 [F1] water: pass 11 head=dry shore=hit r=1 land=none y=46.2 o2=20 probes=0 at=[-128,46,418]
F1 [F1] water: rescue complete in 7.1s
F1 [F1] water: hazard memorized at [-129,46,417] (19 live, fleet-wide)
F13 final climb: failed - stalled [stage 2]
F13 final bank: 0 (still underground after 2 climb attempts - the chain from the shaft bottom is doomed walks)
F13 retry #1 in 6.6s ()
[hb] n=28 ts=561s rss=414M late=139ms mainLate=535ms
F3 spare pick: OK (wooden_pickaxe, holds 2)
F3 sword due: planks available
F1 tunnel: 12 blocks (branch mine at the floor, steered, floor lock)
F17 tunnel: 0 blocks (branch mine at the floor, ore detour)
F5 climb out (pre-position): OK +7 levels (6 steps, 11 dug, 19s)
F5 bank: holding 9s of 39s for the smelt leg
F5 [F5] hop: chest at [-117,71,409] d=60 zero: chest beyond the hop search radius 48 - walking home instead
F5 bank: no chest in range (67 blocks from yard) - walking back
F3 sword: OK (wooden_sword, holds 1)
F3 sword: OK (wooden_sword)
F5 bank walk path event: block_updated
F17 tunnel: 0 blocks (branch mine at the floor, floor lock)
F1 vein sweep: 3 ores dug beside the gallery (floor lock)
F2 [F2] climb diag: level at y=60 blocked toward 0,1 (dug=6) dig failed at [-58,61,424] dirt (held=wooden_shovel, airborne, post=water STILL THERE (server never broke it))
F18 [F18] climb diag: level at y=62 blocked toward 1,0 (dug=35)
F13 [F13] KICKED: {"type":"compound","value":{"translate":{"type":"string","value":"multiplayer.disconnect.duplicate_login"}}}
F1 [F1] digShaft: water hazard 1.8b away (live 19) - refusing this column, the caller rotates
F1 tunnel: steering coal_ore @ 4.5b (axis x+, cross 0.48786085718444383, ore detour)
F18 climb out (bank): OK +15 levels (14 steps, 35 dug, 44s)
F18 bank: holding 45s of 76s for the smelt leg
F13 pre-position: 53b from yard, t-32s - walking home
F13 [F13] climb diag: level at y=65 blocked toward 0,-1 (dug=0)
F7 vein sweep: 3 ores dug beside the gallery (floor lock)
F13 [F13] climb diag: level at y=65 blocked toward 1,0 (dug=0)
F13 [F13] climb diag: level at y=65 blocked toward 0,1 (dug=0)
F8 tool recovery: OK (wooden_pickaxe)
F8 spare pick due: spare (planks available)
F13 climb out (pre-position): failed - stalled
F13 [F13] climb diag: level at y=65 blocked toward 1,0 (dug=0)
F13 [F13] climb diag: level at y=65 blocked toward 0,1 (dug=0)
F13 [F13] climb diag: level at y=65 blocked toward -1,0 (dug=0)
F9 smelt: 0 (cobblestone@furnace: machine unreachable (visit budget spent (walk slice)))
F8 spare pick: OK (wooden_pickaxe, holds 2)
F8 sword due: planks available
t-30s alive=19/19 mined=2994 map=1726p/26ch banked=362 smelted=0 pocket=2392u/241s | sand=59 gravel=24 dirt=478 stone=0
   deficits: 157926/59 (0.0%) 149380/24 (0.0%) 31860/0 (0.0%) 27420/0 (0.0%) 10725/108 (1.0%)
   F1=88[cobblestone:51 granite:9 andesite:8] | F2=335[cobblestone:227 dirt:43 diorite:21] | F3=127[oak_planks:10 cobblestone:5 leaf_litter:3] | F4=251[cobblestone:141 andesite:64 dirt:23] | F5=239[cobblestone:124 dirt:23 diorite:23] | F6=115[dirt:83 cobblestone:25 leaf_litter:19] | F7=120[oak_log:9 dirt:7 crafting_table:1] | F8=104[oak_planks:9 oak_log:5 stick:4] | F9=224[cobblestone:151 andesite:18 coal:14] | F10=116[dirt:51 sand:26 leaf_litter:12] | F11=156[cobblestone:90 dirt:43 leaf_litter:13] | F12=88[dirt:48 leaf_litter:13 sand:11] | F13=87[sand:8 oak_log:4 leaf_litter:4] | F14=78[dirt:69 cobblestone:33 granite:28] | F15=203[cobblestone:124 dirt:30 leaf_litter:12] | F16=126[empty] | F17=115[empty] | F18=165[cobblestone:98 dirt:34 diorite:21] | F19=257[torch:4 leaf_litter:3 cobblestone:3]
   mem: heap=118M/160M old=-1M ext=137M ab=134M rss=417M cols=1767 ents=3305 evicted=1546 path=3a/0q (max 6) stale=0
F14 [F14] raw hop failed: raw walk timeout after 15013ms (d=7.3) - pathfinder retry
F16 [F16] climb wet escape: 2 blocks walked (refused)
F16 [F16] climb: walkable surface at y=71 (+25 levels, dug=3) - the walk takes over (blocked step)
F16 climb out (pre-position): OK +25 levels (0 steps, 3 dug, 2 traversed, undefineds)
F16 bank fallback: none (nothing to deposit)
F16 end-bank budget spent - smelt skipped
F16 pre-position bank: 0 (nothing to deposit)
F16 retry #1 in 4.5s ()
F3 tool upgrade due: cobble available -> stone_pickaxe
F10 [F10] approach: 1 segment(s) walked in 15.0s, goal now d=21.5 (inside the direct envelope)
F13 final climb: retry (escalated retry after stalled, 191s fence)
F13 [F13] climb diag: level at y=65 blocked toward 0,1 (dug=0)
F5 bank: yard walk arrived in 10s (1 attempt)
F5 end-bank budget spent - smelt skipped
F13 [F13] climb diag: level at y=65 blocked toward -1,0 (dug=0)
F16 [F16] water: air-bar glitch ignored (oxygen 0 on dry land, 1 total)
F7 tunnel: steering coal_ore @ 10.1b (axis x+, cross 2.6999999999999886, floor lock)
F13 [F13] climb diag: level at y=65 blocked toward 0,-1 (dug=0)
F6 [F6] raw hop failed: raw walk timeout after 15298ms (d=7.0) - pathfinder retry
F6 [F6] hop: chest at [-142,71,409] d=8 zero: chest unreachable (doomed goal (ledgered 18s ago at [-142,71,409]) - walk to chest refused)
F6 bank: chest unreachable (doomed goal (ledgered 18s ago at [-142,71,409]) - walk to chest refused) (17 blocks from yard) - walking back
F8 sword: OK (wooden_sword, holds 1)
F8 sword: OK (wooden_sword)
F19 tunnel: 0 blocks (branch mine at the floor, floor lock)
F6 bank: yard walk arrived in 0s (1 attempt)
F6 camp furnace: no build (machine near)
F19 tunnel: 0 blocks (branch mine at the floor, floor lock)
F14 [F14] hop: chest at [-137,71,403] d=11 zero: chest unreachable (Took to long to decide path to goal!)
F14 bank: chest unreachable (Took to long to decide path to goal!) (13 blocks from yard) - walking back
F14 bank: end-bank budget spent - yard walk cancelled
F14 camp furnace: no build (machine near)
F14 smelt: 0 (cobblestone@-: no fuel; raw_iron@-: no fuel)
F9 [F9] water: drowning rescue start (drowning, oxygen 14)
F9 [F9] water: pass 0 head=wet shore=none land=n/a y=59.4 o2=14 probes=0 at=[-131,59,391]
F13 final climb: failed - stalled [stage 2]
F13 final bank: 0 (still underground after 2 climb attempts - the chain from the shaft bottom is doomed walks)
F13 retry #1 in 5.3s ()
F19 retry #1 in 5.1s (Cannot read properties of undefined (reading 'items'))
F16 [F16] KICKED: {"type":"compound","value":{"translate":{"type":"string","value":"multiplayer.disconnect.duplicate_login"}}}
F18 [F18] approach: 1 segment(s) walked in 9.5s, goal now d=11.3 (inside the direct envelope)
F9 [F9] water: pass 7 head=dry shore=hit r=1 land=none y=62.4 o2=20 probes=0 at=[-132,62,395]
F11 [F11] water: drowning rescue start (drowning, oxygen 16)
F11 [F11] water: pass 0 head=wet shore=none land=n/a y=59.0 o2=16 probes=0 at=[-149,59,400]
F11 tunnel: steering copper_ore @ 11.7b (axis x+, cross 1.3000000000000114, ore detour)
F3 [toolupgrade] [upgrade] upgraded: stone_pickaxe,wooden_shovel,wooden_pickaxe,wooden_pickaxe
F3 tool upgrade: OK -> stone_pickaxe (stone_pickaxe,wooden_shovel,wooden_pickaxe,wooden_pickaxe)
F9 [F9] water: rescue complete in 3.6s
F9 [F9] water: hazard memorized at [-132,62,394] (20 live, fleet-wide)
F17 [F17] water: air-bar glitch ignored (oxygen 0 on dry land, 33 total)
F15 [F15] combat: shelter skip (night=false armed=true threat=drowned@9.1)
F15 [F15] combat: fleeing drowned (dist 9.1, hp 3.0, 1 nearby, sentry)
F15 [F15] combat: flee toward shore (-6,11 step 1) vs drowned (sentry)
F15 [F15] combat: flee toward shore (-5,11 step 1) vs drowned (sentry)
F15 [F15] combat: flee toward shore (-5,11 step 1) vs drowned (sentry)
F11 [F11] water: rescue complete in 2.1s
F11 [F11] water: hazard memorized at [-149,62,399] (21 live, fleet-wide)
[hb] n=29 ts=581s rss=413M late=144ms mainLate=846ms
F16 respawned without tools - re-bootstrapping (attempt 3)
F1 tunnel: 13 blocks (branch mine at the floor, steered, ore detour)
F13 [F13] KICKED: {"type":"compound","value":{"translate":{"type":"string","value":"multiplayer.disconnect.duplicate_login"}}}
F19 [F19] KICKED: {"type":"compound","value":{"translate":{"type":"string","value":"multiplayer.disconnect.duplicate_login"}}}
F8 tool upgrade due: cobble available -> stone_pickaxe
F13 pre-position: 53b from yard, t-18s - walking home
F13 [F13] climb diag: level at y=65 blocked toward 0,-1 (dug=0)
F13 [F13] climb diag: level at y=65 blocked toward 1,0 (dug=0)
F13 [F13] climb diag: level at y=65 blocked toward 0,1 (dug=0)
[F6] furnace slots after put: input=cobblestone fuel=stick
[F6] smelting 17 x cobblestone in a furnace (fuel: 1 x stick)
F13 climb out (pre-position): failed - stalled
F13 [F13] climb diag: level at y=65 blocked toward 1,0 (dug=0)
F13 [F13] climb diag: level at y=65 blocked toward 0,1 (dug=0)
F13 [F13] climb diag: level at y=65 blocked toward -1,0 (dug=0)
F2 [F2] climb diag: level at y=60 blocked toward 0,-1 (dug=6, wet) dig failed at [-58,62,422] grass_block (held=wooden_shovel, airborne, post=grass_block STILL THERE (server never broke it))
F7 tunnel: 12 blocks (branch mine at the floor, steered, floor lock)
F13 final climb: retry (escalated retry after stalled, 178s fence)
F13 [F13] climb diag: level at y=65 blocked toward 0,1 (dug=0)
F13 [F13] climb diag: level at y=65 blocked toward -1,0 (dug=0)
F13 [F13] climb diag: level at y=65 blocked toward 0,-1 (dug=0)
t-15s alive=19/19 mined=3065 map=1768p/26ch banked=362 smelted=0 pocket=2440u/247s | sand=63 gravel=24 dirt=497 stone=0
   deficits: 157926/63 (0.0%) 149380/24 (0.0%) 31860/0 (0.0%) 27420/0 (0.0%) 10725/109 (1.0%)
   F1=103[cobblestone:62 andesite:9 granite:9] | F2=335[cobblestone:227 dirt:43 diorite:21] | F3=138[cobblestone:16 oak_planks:4 stick:3] | F4=257[cobblestone:145 andesite:64 dirt:24] | F5=239[cobblestone:124 dirt:23 diorite:23] | F6=115[dirt:71 cobblestone:25 leaf_litter:19] | F7=132[dirt:19 oak_log:9 crafting_table:1] | F8=114[oak_log:5 stick:5 cobblestone:5] | F9=224[cobblestone:151 andesite:18 coal:14] | F10=116[dirt:51 sand:26 leaf_litter:12] | F11=169[cobblestone:90 dirt:49 leaf_litter:13] | F12=88[dirt:48 leaf_litter:13 sand:11] | F13=87[sand:8 oak_log:4 leaf_litter:4] | F14=78[dirt:69 cobblestone:33 granite:28] | F15=203[cobblestone:124 dirt:30 leaf_litter:12] | F16=126[empty] | F17=119[dirt:7] | F18=165[cobblestone:98 dirt:34 diorite:21] | F19=257[torch:4 cobblestone:4 leaf_litter:3]
   mem: heap=126M/164M old=-1M ext=155M ab=153M rss=425M cols=1827 ents=3375 evicted=1463 path=3a/0q (max 6) stale=0
F8 [toolupgrade] [upgrade] upgraded: stone_pickaxe,wooden_shovel,wooden_pickaxe,wooden_pickaxe
F8 tool upgrade: OK -> stone_pickaxe (stone_pickaxe,wooden_shovel,wooden_pickaxe,wooden_pickaxe)
F7 tunnel: steering coal_ore @ 6.4b (axis x+, cross 1.4952853695183421, floor lock)
F13 final climb: failed - stalled [stage 2]
F13 final bank: 0 (still underground after 2 climb attempts - the chain from the shaft bottom is doomed walks)
F13 retry #1 in 5.7s ()
F11 tunnel: 12 blocks (branch mine at the floor, steered, ore detour)
F11 bank trip: pockets full budget 13s
F11 [F11] climb diag: level at y=63 blocked toward -1,0 (dug=0)
F1 vein sweep: 7 ores dug beside the gallery (ore detour)
F11 [F11] climb diag: level at y=65 blocked toward 0,-1 (dug=0)
F11 [F11] climb diag: level at y=64 blocked toward 1,0 (dug=0)
F11 climb out (bank): failed - stalled
F8 pre-position: 48b from yard, t-12s - walking home
F11 [F11] digShaft: water hazard 2.5b away (live 21) - refusing this column, the caller rotates
F11 tunnel: steering coal_ore @ 17.2b (axis x+, cross 0.5, ore detour)
F15 [F15] water: drowning rescue start (drowning, oxygen 8)
F15 [F15] water: pass 0 head=wet shore=none land=n/a y=56.0 o2=8 probes=0 at=[-131,56,383]
F3 [F3] water: drowning rescue start (drowning, oxygen 14)
F3 [F3] water: pass 0 head=wet shore=none land=n/a y=44.0 o2=14 probes=0 at=[-101,44,387]
F6 smelt: 0 (cobblestone@furnace: timeout; cobblestone@furnace: machine unreachable (visit budget spent (walk slice)); sand@-: no fuel)
F9 [F9] raw hop failed: raw walk timeout after 20179ms (d=13.0) - pathfinder retry
F4 [F4] climb wet escape: 4 blocks walked (budget)
F15 [F15] water: pass 4 head=wet shore=none land=n/a y=60.9 o2=6 probes=0 at=[-131,61,383]
F14 [F14] raw hop failed: raw walk timeout after 15002ms (d=7.0) - pathfinder retry
F3 [F3] water: pass 3 head=wet shore=none land=n/a y=44.0 o2=20 probes=0 at=[-101,44,387]
F5 [F5] raw hop failed: raw walk timeout after 20370ms (d=6.1) - pathfinder retry
F10 [F10] raw hop failed: raw walk timeout after 20575ms (d=7.1) - pathfinder retry
F15 [F15] water: pass 7 head=dry shore=hit r=5 land=none y=62.8 o2=13 probes=0 at=[-131,63,383]
F15 [F15] died - respawning (cause: drowned@2.0 (0s before death at [-132,62,382]))
F15 [F15] water: death spot memorized as a hazard at [-132,62,382] (22 live, fleet-wide)
F3 [F3] water: pass 5 head=dry shore=hit r=4 land=none y=45.5 o2=20 probes=0 at=[-101,46,387]
F13 [F13] KICKED: {"type":"compound","value":{"translate":{"type":"string","value":"multiplayer.disconnect.duplicate_login"}}}
F15 [F15] water: pass 8 head=dry shore=hit r=1 land=none y=71.0 o2=14 probes=0 at=[-136,71,388]
F14 [F14] hop: chest at [-132,71,403] d=8 zero: chest unreachable (Took to long to decide path to goal!)
F14 bank: 0 (chest unreachable (Took to long to decide path to goal!))
F3 tunnel: steering coal_ore @ 5.1b (axis z+, cross 1.2999999999999972, floor lock)
F13 pre-position: 53b from yard, t-4s - walking home
F13 [F13] climb diag: level at y=65 blocked toward 0,-1 (dug=0)
F3 [F3] water: pass 8 head=wet shore=none land=n/a y=44.8 o2=20 probes=0 at=[-101,45,387]
F13 [F13] climb diag: level at y=65 blocked toward 1,0 (dug=0)
F15 [F15] water: rescue complete in 7.9s
F15 [F15] water: hazard memorized at [-132,62,382] (21 live, fleet-wide)
F13 [F13] climb diag: level at y=65 blocked toward 0,1 (dug=0)
F13 climb out (pre-position): failed - stalled
F13 [F13] climb diag: level at y=65 blocked toward 1,0 (dug=0)
F13 [F13] climb diag: level at y=65 blocked toward 0,1 (dug=0)
F13 [F13] climb diag: level at y=65 blocked toward -1,0 (dug=0)
F17 tunnel: steering coal_ore @ 6b (axis z+, cross 3.5, ore detour)
F18 [F18] raw hop failed: raw walk timeout after 20152ms (d=5.2) - pathfinder retry
F3 [F3] water: pass 11 head=dry shore=hit r=4 land=none y=45.7 o2=20 probes=0 at=[-101,46,387]
F13 final climb: retry (escalated retry after stalled, 164s fence)
F13 [F13] climb diag: level at y=65 blocked toward 0,1 (dug=0)
F13 [F13] climb diag: level at y=65 blocked toward -1,0 (dug=0)
F13 [F13] climb diag: level at y=65 blocked toward 0,-1 (dug=0)
F15 [F15] direct deposit: 27 chest slots derived from the 63-slot view
F15 [F15] hop: chest at [-131,71,383] d=17 zero: nothing to deposit
F15 bank fallback: none (nothing to deposit)
F15 camp furnace: no build (machine near)
F15 smelt: 0 (nothing to smelt)
F10 [F10] direct deposit: 27 chest slots derived from the 63-slot view
F10 pre-position bank: +92
F10 retry #1 in 5.9s ()
F11 tunnel: 6 blocks (branch mine at the floor, steered, ore detour)
F11 final bank: staggered +104s
F12 final bank: staggered +64s
F3 [F3] water: pass 12 head=dry shore=hit r=4 land=none y=45.1 o2=20 probes=0 at=[-101,45,388]
F14 final bank: staggered +96s
F1 tunnel: steering coal_ore @ 8.8b (axis z+, cross 0.6065229399058154, ore detour)
F1 tunnel: 0 blocks (branch mine at the floor, steered, ore detour)
[hb] n=30 ts=601s rss=436M late=149ms mainLate=978ms
F1 final bank: staggered +64s
t-0s alive=19/19 mined=3117 map=1773p/26ch banked=454 smelted=0 pocket=2205u/229s | sand=44 gravel=29 dirt=430 stone=0
   deficits: 157926/44 (0.0%) 149380/29 (0.0%) 31860/0 (0.0%) 27420/0 (0.0%) 10725/109 (1.0%)
   F1=110[cobblestone:78 andesite:9 granite:9] | F2=335[cobblestone:227 dirt:43 diorite:21] | F3=141[cobblestone:17 oak_planks:4 stick:3] | F4=260[cobblestone:145 andesite:64 dirt:25] | F5=239[cobblestone:124 dirt:23 diorite:23] | F6=115[dirt:71 cobblestone:25 leaf_litter:19] | F7=140[dirt:27 oak_log:9 crafting_table:1] | F8=126[cobblestone:6 diorite:6 gravel:6] | F9=224[cobblestone:151 andesite:18 coal:14] | F10=116[oak_log:4 stick:3 birch_log:2] | F11=178[cobblestone:90 dirt:53 leaf_litter:14] | F12=88[dirt:48 leaf_litter:13 sand:11] | F13=87[sand:8 oak_log:4 leaf_litter:4] | F14=83[dirt:73 cobblestone:34 granite:28] | F15=203[empty] | F16=128[sand:1] | F17=122[dirt:10 leaf_litter:4] | F18=165[cobblestone:98 dirt:34 diorite:21] | F19=257[torch:4 cobblestone:4 leaf_litter:3]
   mem: heap=133M/166M old=-1M ext=152M ab=149M rss=433M cols=1328 ents=2411 evicted=1119 path=5a/0q (max 6) stale=0
F3 tunnel: 2 blocks (branch mine at the floor, steered, floor lock)
F3 final bank: staggered +48s
F15 bank: 0 (nothing to deposit)
F3 [F3] water: pass 13 head=wet shore=none land=n/a y=44.5 o2=20 probes=0 at=[-101,44,387]
F13 final climb: failed - stalled [stage 2]
F13 final bank: 0 (still underground after 2 climb attempts - the chain from the shaft bottom is doomed walks)
F8 climb out (pre-position): failed - stopped
F8 final bank: staggered +48s
F4 climb out (pre-position): failed - stopped (traversed 9)
F4 final bank: staggered +8s
F7 tunnel: 10 blocks (branch mine at the floor, steered, floor lock)
F7 final bank: staggered +48s
F17 tunnel: 2 blocks (branch mine at the floor, steered, ore detour)
F17 final bank: staggered +64s
F9 [F9] direct deposit: 27 chest slots derived from the 63-slot view
F9 bank: +156
F3 [F3] water: pass 19 head=dry shore=hit r=4 land=none y=45.5 o2=20 probes=0 at=[-101,46,387]
F6 [F6] raw hop failed: raw walk timeout after 15198ms (d=6.6) - pathfinder retry
F3 [F3] water: pass 25 head=wet shore=none land=n/a y=44.3 o2=20 probes=0 at=[-101,44,387]
F18 [F18] direct deposit: 27 chest slots derived from the 63-slot view
F18 camp furnace: no build (machine near)
F2 climb out (pre-position): failed - timeout
F19 tunnel: steering coal_ore @ 6.3b (axis z--1, cross 0.41890333747926434, ore detour)
F19 tunnel: 0 blocks (branch mine at the floor, steered, ore detour)
F19 final bank: staggered +64s
F3 [F3] water: pass 29 head=wet shore=none land=n/a y=44.6 o2=20 probes=0 at=[-101,45,387]
F17 [F17] water: air-bar glitch ignored (oxygen 0 on dry land, 69 total)
F6 [F6] direct deposit: 27 chest slots derived from the 63-slot view
F6 bank: +129
F9 final bank: staggered +80s
F4 [F4] climb diag: level at y=59 blocked toward 0,1 (dug=2)
[F18] furnace slots after put: input=cobblestone fuel=oak_log
[F18] smelting 26 x cobblestone in a furnace (fuel: 2 x oak_log)
F3 [F3] water: rescue timeout (still wet, 47 passes, 0 probes, tail wet/dry/wet) in 25.1s
F3 [F3] water: hazard memorized at [-101,44,387] (21 live, fleet-wide)
F3 [F3] water: drowning rescue start (drowning, oxygen 20)
F3 [F3] water: pass 0 head=wet shore=none land=n/a y=44.2 o2=20 probes=0 at=[-101,44,387]
t-0s alive=19/19 mined=3131 map=1782p/26ch banked=739 smelted=0 pocket=1823u/209s | sand=33 gravel=29 dirt=330 stone=0
   deficits: 157926/33 (0.0%) 149380/29 (0.0%) 31860/0 (0.0%) 27420/0 (0.0%) 10725/91 (0.8%)
   F1=110[cobblestone:78 andesite:9 granite:9] | F2=335[cobblestone:227 dirt:43 diorite:21] | F3=141[cobblestone:17 oak_planks:4 stick:3] | F4=264[cobblestone:145 andesite:64 dirt:27] | F5=239[cobblestone:124 dirt:23 diorite:23] | F6=115[dirt:7 oak_planks:4 stick:4] | F7=142[dirt:28 oak_log:9 crafting_table:1] | F8=128[cobblestone:8 diorite:6 gravel:6] | F9=224[cobblestone:64 torch:6 oak_sapling:4] | F10=116[oak_log:4 stick:3 birch_log:2] | F11=178[cobblestone:90 dirt:53 leaf_litter:14] | F12=88[dirt:48 leaf_litter:13 sand:11] | F13=87[sand:8 oak_log:4 leaf_litter:4] | F14=83[dirt:73 cobblestone:34 granite:28] | F15=203[empty] | F16=132[sand:2] | F17=124[dirt:11 leaf_litter:4] | F18=165[cobblestone:34 stick:5 oak_log:4] | F19=257[torch:4 cobblestone:4 leaf_litter:3]
   mem: heap=135M/167M old=-1M ext=152M ab=149M rss=436M cols=426 ents=718 evicted=310 path=2a/0q (max 6) stale=0
F6 final bank: staggered +72s
F3 [F3] water: pass 7 head=wet shore=none land=n/a y=44.0 o2=20 probes=0 at=[-101,44,387]
F3 [F3] water: pass 14 head=wet shore=none land=n/a y=44.9 o2=20 probes=0 at=[-101,45,387]
[hb] n=31 ts=621s rss=433M late=154ms mainLate=943ms
F5 [F5] hop: chest at [-122,71,409] d=17 zero: chest unreachable (budget exhausted (walk floor))
F5 pre-position bank: 0 (budget exhausted)
F5 final bank: staggered +104s
F3 [F3] water: pass 26 head=wet shore=none land=n/a y=44.1 o2=20 probes=0 at=[-101,44,387]
F3 [F3] water: pass 44 head=wet shore=none land=n/a y=44.1 o2=20 probes=0 at=[-101,44,387]
F11 [F11] combat: fighting drowned (dist 1.5, hp 17.0, 1 nearby, sentry)
[F18] took 1 x stone (1/26)
F3 [F3] water: pass 62 head=wet shore=none land=n/a y=44.0 o2=20 probes=0 at=[-101,44,387]
F4 final climb: OK +5 levels (4 steps, 10 dug, 16s)
F4 bank: holding 52s of 208s for the smelt leg
F2 [F2] climb diag: level at y=60 blocked toward 0,-1 (dug=0, wet) dig failed at [-58,62,422] grass_block (held=wooden_shovel, airborne, post=grass_block STILL THERE (server never broke it))
F3 [F3] water: pass 78 head=dry shore=hit r=4 land=none y=45.2 o2=20 probes=0 at=[-101,45,387]
F3 [F3] water: pass 95 head=wet shore=none land=n/a y=44.2 o2=20 probes=0 at=[-101,44,387]
t-0s alive=19/19 mined=3143 map=1782p/26ch banked=739 smelted=0 pocket=1834u/212s | sand=34 gravel=29 dirt=335 stone=0
   deficits: 157926/34 (0.0%) 149380/29 (0.0%) 31860/0 (0.0%) 27420/0 (0.0%) 10725/91 (0.8%)
   F1=110[cobblestone:78 andesite:9 granite:9] | F2=335[cobblestone:227 dirt:43 diorite:21] | F3=141[cobblestone:17 oak_planks:4 stick:3] | F4=271[cobblestone:145 andesite:64 dirt:32] | F5=239[cobblestone:124 dirt:23 diorite:23] | F6=115[dirt:7 oak_planks:4 stick:4] | F7=142[dirt:28 oak_log:9 crafting_table:1] | F8=128[cobblestone:8 diorite:6 gravel:6] | F9=224[cobblestone:64 torch:6 oak_sapling:4] | F10=116[oak_log:4 stick:3 birch_log:2] | F11=178[cobblestone:90 dirt:53 leaf_litter:14] | F12=88[dirt:48 leaf_litter:13 sand:11] | F13=87[sand:8 oak_log:4 leaf_litter:4] | F14=83[dirt:73 cobblestone:34 granite:28] | F15=203[empty] | F16=137[oak_log:3 sand:2] | F17=124[dirt:11 leaf_litter:4] | F18=165[cobblestone:34 stick:5 oak_log:4] | F19=257[torch:4 cobblestone:4 leaf_litter:3]
   mem: heap=126M/167M old=-1M ext=152M ab=150M rss=433M cols=208 ents=292 evicted=116 path=0a/0q (max 6) stale=0
F3 [F3] water: pass 112 head=wet shore=none land=n/a y=44.5 o2=20 probes=0 at=[-101,45,387]
F16 [F16] combat: shelter try vs drowned (dist 11.6, sentry)
F16 [F16] combat: shelter skip (open field: no diggable wall, drowned@11.6)
F16 [F16] combat: shelter skip (open field: ring stock 3/8, threat@11.6 beyond the earn edge - the flee wins)
F16 [F16] combat: fleeing drowned (dist 11.6, hp 6.3, 1 nearby, sentry)
F4 [F4] approach: 2 segment(s) walked in 5.6s, goal now d=16.0 (inside the direct envelope)
F3 [F3] water: pass 124 head=wet shore=none land=n/a y=44.0 o2=20 probes=0 at=[-101,44,387]
[F18] took 1 x stone (2/26)
F1 [F1] combat: shelter skip (night=true armed=true threat=creeper@5.6)
F1 [F1] combat: fleeing creeper (dist 5.6, hp 20.0, 1 nearby, proximity)
F1 [F1] combat: flee bearing rotated 90deg (water/hazard vetoes the away target) vs creeper (proximity)
F4 [F4] raw hop failed: raw walk stalled after 2271ms (d=16.0) - pathfinder retry
F16 [F16] died - respawning (cause: drowned@11.6 (0s before death at [-89,64,380]))
F16 [F16] water: death spot memorized as a hazard at [-89,64,380] (20 live, fleet-wide)
F4 [F4] direct deposit: 27 chest slots derived from the 63-slot view
F4 [F4] direct deposit: 27 chest slots derived from the 63-slot view
F4 [F4] direct deposit: 27 chest slots derived from the 63-slot view
F4 camp furnace: no build (machine near)
F4 smelt: 0 (nothing to smelt)
F11 [F11] water: drowning rescue start (drowning, oxygen 15)
F11 [F11] water: pass 0 head=wet shore=none land=n/a y=59.3 o2=15 probes=0 at=[-130,59,388]
F17 [F17] water: air-bar glitch ignored (oxygen 0 on dry land, 114 total)
F3 [F3] water: rescue timeout (still wet, 141 passes, 0 probes, tail wet/wet/dry) in 25.1s
F3 [F3] water: hazard memorized at [-101,44,387] (18 live, fleet-wide)
[hb] n=32 ts=641s rss=433M late=159ms mainLate=756ms
F4 final bank: +369
F3 [F3] water: repeat wet page at the same cell (o2 19) - standing down, the walk machinery owns the exit
F11 [F11] water: pass 5 head=dry shore=hit r=3 land=none y=62.3 o2=20 probes=0 at=[-129,62,387]
F11 [F11] water: rescue complete in 4.0s
F11 [F11] water: hazard memorized at [-128,62,385] (18 live, fleet-wide)
[F18] took 1 x stone (3/26)
t-0s alive=19/19 mined=3146 map=1813p/27ch banked=1108 smelted=0 pocket=1554u/200s | sand=32 gravel=19 dirt=303 stone=0
   deficits: 157926/32 (0.0%) 149380/19 (0.0%) 31860/0 (0.0%) 27420/0 (0.0%) 10725/27 (0.3%)
   F1=110[cobblestone:81 andesite:9 granite:9] | F2=335[cobblestone:227 dirt:43 diorite:21] | F3=141[cobblestone:17 oak_planks:4 stick:3] | F4=271[oak_log:5 stick:3 birch_planks:1] | F5=239[cobblestone:124 dirt:23 diorite:23] | F6=115[dirt:7 oak_planks:4 stick:4] | F7=142[dirt:28 oak_log:9 crafting_table:1] | F8=128[cobblestone:8 diorite:6 gravel:6] | F9=224[cobblestone:64 torch:6 oak_sapling:4] | F10=116[oak_log:4 stick:3 birch_log:2] | F11=178[cobblestone:90 dirt:53 leaf_litter:14] | F12=88[dirt:48 leaf_litter:13 sand:11] | F13=87[sand:8 oak_log:4 leaf_litter:4] | F14=83[dirt:73 cobblestone:34 granite:28] | F15=203[empty] | F16=140[empty] | F17=124[dirt:11 leaf_litter:4] | F18=165[cobblestone:34 stick:5 oak_log:4] | F19=257[torch:4 cobblestone:4 leaf_litter:3]
   mem: heap=142M/171M old=-1M ext=157M ab=154M rss=434M cols=242 ents=354 evicted=125 path=0a/0q (max 6) stale=0
F2 [F2] climb diag: level at y=60 blocked toward 0,-1 (dug=0, wet) dig failed at [-58,62,422] grass_block (held=wooden_shovel, airborne, post=grass_block STILL THERE (server never broke it))
F3 [F3] water: drowning rescue start (drowning, oxygen 10)
F3 [F3] water: pass 0 head=wet shore=none land=n/a y=44.0 o2=10 probes=0 at=[-101,44,387]
F3 final climb: no retry (no retry for 'rescue owns the bot')
F3 final climb: failed - rescue owns the bot
F3 final bank: 0 (still underground after 1 climb attempt - the chain from the shaft bottom is doomed walks)
F3 [F3] water: pass 7 head=wet shore=none land=n/a y=44.9 o2=18 probes=0 at=[-101,45,387]
F3 [F3] water: pass 13 head=dry shore=hit r=6 land=none y=46.3 o2=20 probes=0 at=[-101,46,387]
F3 [F3] water: pass 18 head=wet shore=none land=n/a y=44.0 o2=20 probes=0 at=[-101,44,387]
F17 [F17] combat: shelter try vs zombie (dist 5.4, proximity)
F3 [F3] water: pass 25 head=wet shore=none land=n/a y=44.7 o2=20 probes=0 at=[-101,45,387]
F2 [F2] climb diag: level at y=60 blocked toward 1,0 (dug=0, wet) dig failed at [-58,62,422] grass_block (held=wooden_shovel, airborne, post=grass_block STILL THERE (server never broke it))
F8 final climb: OK +3 levels (3 steps, 9 dug, 7s)
F8 bank: holding 46s of 185s for the smelt leg
F17 [F17] combat: sheltering from zombie (seal dirt, proximity)
F3 [F3] water: pass 32 head=wet shore=none land=n/a y=44.9 o2=20 probes=0 at=[-101,45,387]
[hb] n=33 ts=661s rss=433M late=164ms mainLate=330ms
F2 final climb: retry (escalated retry after stalled, 116s fence)
t-0s alive=19/19 mined=3167 map=1813p/27ch banked=1108 smelted=0 pocket=1573u/200s | sand=32 gravel=19 dirt=313 stone=0
   deficits: 157926/32 (0.0%) 149380/19 (0.0%) 31860/0 (0.0%) 27420/0 (0.0%) 10725/27 (0.3%)
   F1=110[cobblestone:81 andesite:9 granite:9] | F2=335[cobblestone:227 dirt:43 diorite:21] | F3=141[cobblestone:17 oak_planks:4 stick:3] | F4=271[oak_log:5 stick:3 birch_planks:1] | F5=239[cobblestone:124 dirt:23 diorite:23] | F6=115[dirt:7 oak_planks:4 stick:4] | F7=151[dirt:37 oak_log:9 crafting_table:1] | F8=137[cobblestone:17 diorite:6 gravel:6] | F9=224[cobblestone:64 torch:6 oak_sapling:4] | F10=116[oak_log:4 stick:3 birch_log:2] | F11=178[cobblestone:90 dirt:53 leaf_litter:14] | F12=88[dirt:48 leaf_litter:13 sand:11] | F13=87[sand:8 oak_log:4 leaf_litter:4] | F14=83[dirt:73 cobblestone:34 granite:28] | F15=203[empty] | F16=143[empty] | F17=124[dirt:12 leaf_litter:4] | F18=165[cobblestone:34 stick:5 oak_log:4] | F19=257[torch:4 cobblestone:4 leaf_litter:3]
   mem: heap=131M/168M old=-1M ext=153M ab=151M rss=436M cols=208 ents=346 evicted=159 path=0a/0q (max 6) stale=0
F3 [F3] water: pass 39 head=wet shore=none land=n/a y=44.3 o2=20 probes=0 at=[-101,44,387]
F3 [F3] water: pass 46 head=dry shore=hit r=4 land=none y=45.9 o2=20 probes=0 at=[-101,46,387]
F7 final climb: OK +6 levels (5 steps, 9 dug, 13s)
F9 [F9] combat: fighting zombie (dist 4.3, hp 20.0, 1 nearby, proximity)
F12 final climb: OK +0 levels (0 steps, 0 dug, undefineds)
F12 bank: holding 45s of 170s for the smelt leg
F1 final climb: OK +0 levels (0 steps, 0 dug, undefineds)
F1 bank: holding 45s of 171s for the smelt leg
F3 [F3] water: pass 51 head=dry shore=hit r=6 land=none y=46.0 o2=20 probes=0 at=[-101,46,387]
F3 [F3] water: pass 56 head=wet shore=none land=n/a y=44.0 o2=20 probes=0 at=[-101,44,387]
F2 [F2] climb diag: level at y=60 blocked toward 0,-1 (dug=0, wet) at [0,1,1] water (stop)
F17 [F17] water: air-bar glitch ignored (oxygen 0 on dry land, 154 total)
F19 final climb: OK +0 levels (0 steps, 0 dug, undefineds)
F3 [F3] water: rescue timeout (still wet, 73 passes, 0 probes, tail wet/wet/wet) in 25.2s
F3 [F3] water: hazard memorized at [-101,44,387] (12 live, fleet-wide)
F3 [F3] water: repeat wet page at the same cell (o2 20) - standing down, the walk machinery owns the exit
F17 [F17] climb: walkable surface at y=63 (+2 levels, dug=2) - the walk takes over (blocked step)
F17 final climb: OK +2 levels (2 steps, 2 dug, undefineds)
F16 dir=(0.25,-0.97) logs=0 tools=no planks recipe
t-0s alive=19/19 mined=3170 map=1813p/27ch banked=1108 smelted=0 pocket=1590u/203s | sand=33 gravel=19 dirt=318 stone=0
   deficits: 157926/33 (0.0%) 149380/19 (0.0%) 31860/0 (0.0%) 27420/0 (0.0%) 10725/27 (0.3%)
   F1=110[cobblestone:82 andesite:9 granite:9] | F2=335[cobblestone:227 dirt:43 diorite:21] | F3=141[cobblestone:17 oak_planks:4 stick:3] | F4=271[oak_log:5 stick:3 birch_planks:1] | F5=239[cobblestone:124 dirt:23 diorite:23] | F6=115[dirt:7 oak_planks:4 stick:4] | F7=151[dirt:38 oak_log:9 crafting_table:1] | F8=137[cobblestone:17 diorite:6 gravel:6] | F9=224[cobblestone:64 torch:6 oak_sapling:4] | F10=116[oak_log:4 stick:3 birch_log:2] | F11=178[cobblestone:90 dirt:53 leaf_litter:14] | F12=88[dirt:48 leaf_litter:16 sand:11] | F13=87[sand:8 oak_log:4 leaf_litter:4] | F14=83[dirt:73 cobblestone:34 granite:28] | F15=203[empty] | F16=144[sand:1] | F17=126[dirt:16 leaf_litter:8] | F18=165[cobblestone:34 stick:5 oak_log:4] | F19=257[torch:4 cobblestone:4 leaf_litter:3]
   mem: heap=124M/167M old=-1M ext=147M ab=145M rss=431M cols=101 ents=149 evicted=95 path=1a/0q (max 6) stale=0
F12 [F12] raw hop failed: raw walk timeout after 15075ms (d=7.0) - pathfinder retry
F16 [F16] water: drowning rescue start (drowning, oxygen 13)
F16 [F16] water: pass 0 head=wet shore=none land=n/a y=61.0 o2=13 probes=0 at=[-133,61,395]
[hb] n=34 ts=681s rss=433M late=168ms mainLate=219ms
F7 [F7] approach: 2 segment(s) walked in 16.6s, goal now d=18.1 (inside the direct envelope)
F3 [F3] water: drowning rescue start (drowning, oxygen 10)
F3 [F3] water: pass 0 head=wet shore=none land=n/a y=44.0 o2=10 probes=0 at=[-101,44,387]
F16 [F16] water: pass 6 head=dry shore=hit r=3 land=none y=61.1 o2=20 probes=0 at=[-136,61,395]
F12 [F12] hop: chest at [-152,71,409] d=14 zero: chest unreachable (No path to the goal!)
F3 [F3] water: pass 7 head=wet shore=none land=n/a y=44.9 o2=18 probes=0 at=[-101,45,387]
F16 [F16] water: pass 9 head=dry shore=hit r=3 land=none y=61.8 o2=20 probes=0 at=[-137,62,395]
F9 [F9] combat: fighting drowned (dist 4.9, hp 12.0, 1 nearby, proximity)
F3 [F3] water: pass 14 head=dry shore=hit r=6 land=none y=46.5 o2=20 probes=0 at=[-101,46,387]
F7 [F7] raw hop failed: raw walk stalled after 2250ms (d=6.4) - pathfinder retry
F16 [F16] water: pass 12 head=dry shore=hit r=3 land=none y=61.8 o2=20 probes=0 at=[-137,62,395]
F3 [F3] water: pass 20 head=wet shore=none land=n/a y=44.0 o2=20 probes=0 at=[-101,44,387]
F6 [F6] climb diag: level at y=58 blocked toward 0,1 (dug=1)
F2 [F2] climb diag: level at y=60 blocked toward 0,-1 (dug=0, wet) dig failed at [-58,62,422] grass_block (held=wooden_shovel, airborne, post=grass_block STILL THERE (server never broke it))
F9 [F9] combat: verdict flipped to flee vs drowned (hp 6.0)
F9 [F9] combat: shelter skip (night=true armed=true threat=drowned@3.6)
F9 [F9] combat: flee toward shore (2,0 step 1) vs drowned (proximity re-verdict)
F7 [F7] direct deposit: 27 chest slots derived from the 63-slot view
F7 camp furnace: no build (machine near)
F7 smelt: 0 (nothing to smelt)
F3 [F3] water: pass 25 head=wet shore=none land=n/a y=44.3 o2=20 probes=0 at=[-101,44,387]
F6 [F6] climb diag: level at y=58 blocked toward -1,0 (dug=2)
F7 final bank: +39
t-0s alive=19/19 mined=3172 map=1813p/27ch banked=1147 smelted=0 pocket=1553u/202s | sand=35 gravel=19 dirt=279 stone=0
   deficits: 157926/35 (0.0%) 149380/19 (0.0%) 31860/0 (0.0%) 27420/0 (0.0%) 10725/27 (0.3%)
   F1=110[cobblestone:82 andesite:9 granite:9] | F2=335[cobblestone:227 dirt:43 diorite:21] | F3=141[cobblestone:17 oak_planks:4 stick:3] | F4=271[oak_log:5 stick:3 birch_planks:1] | F5=239[cobblestone:124 dirt:23 diorite:23] | F6=117[dirt:9 oak_planks:4 stick:4] | F7=151[oak_log:9 crafting_table:1 oak_sapling:1] | F8=137[cobblestone:17 diorite:6 gravel:6] | F9=224[cobblestone:64 torch:6 oak_sapling:4] | F10=116[oak_log:4 stick:3 birch_log:2] | F11=178[cobblestone:90 dirt:53 leaf_litter:14] | F12=88[dirt:48 leaf_litter:16 sand:11] | F13=87[sand:8 oak_log:4 leaf_litter:4] | F14=83[dirt:73 cobblestone:34 granite:28] | F15=203[empty] | F16=144[sand:3] | F17=126[dirt:16 leaf_litter:8] | F18=165[cobblestone:34 stick:5 oak_log:4] | F19=257[torch:4 cobblestone:4 leaf_litter:3]
   mem: heap=126M/167M old=-1M ext=148M ab=145M rss=430M cols=101 ents=138 evicted=95 path=2a/0q (max 6) stale=0
F16 [F16] water: pass 15 head=dry shore=hit r=3 land=none y=61.5 o2=20 probes=0 at=[-137,61,395]
F6 [F6] climb diag: level at y=58 blocked toward 0,-1 (dug=3)
F9 final climb: OK +0 levels (0 steps, 0 dug, undefineds)
F9 bank: holding 45s of 161s for the smelt leg
F6 final climb: retry (escalated retry after stalled, 130s fence)
F6 [F6] climb diag: level at y=58 blocked toward -1,0 (dug=0)
F6 [F6] climb diag: level at y=58 blocked toward 0,-1 (dug=0)
F6 [F6] climb diag: level at y=58 blocked toward 1,0 (dug=0)
F3 [F3] water: pass 30 head=dry shore=hit r=4 land=none y=45.9 o2=20 probes=0 at=[-101,46,387]
F16 [F16] water: pass 18 head=dry shore=hit r=1 land=none y=62.3 o2=20 probes=0 at=[-136,62,395]
F6 final climb: failed - stalled [stage 1]
F6 final bank: 0 (still underground after 2 climb attempts - the chain from the shaft bottom is doomed walks)
F3 [F3] water: pass 36 head=wet shore=none land=n/a y=44.0 o2=20 probes=0 at=[-101,44,387]
F9 [F9] combat: flee bearing rotated 90deg (water/hazard vetoes the away target) vs drowned (proximity re-verdict)
F9 [F9] died - respawning (cause: drowned@6.8 (0s before death at [-100,63,371]))
F9 [F9] water: death spot memorized as a hazard at [-100,63,371] (10 live, fleet-wide)
F16 [F16] water: pass 21 head=dry shore=hit r=3 land=none y=61.4 o2=20 probes=0 at=[-137,61,395]
F3 [F3] water: pass 41 head=wet shore=none land=n/a y=44.8 o2=20 probes=0 at=[-101,45,387]
F16 [F16] water: pass 23 head=dry shore=hit r=1 land=none y=62.2 o2=20 probes=0 at=[-137,62,395]
F12 [F12] raw hop failed: raw walk timeout after 15011ms (d=7.0) - pathfinder retry
F16 [F16] water: rescue complete in 19.4s
F16 [F16] water: hazard memorized at [-134,62,394] (11 live, fleet-wide)
F3 [F3] water: pass 48 head=wet shore=none land=n/a y=44.9 o2=20 probes=0 at=[-101,45,387]
[hb] n=35 ts=701s rss=435M late=173ms mainLate=59ms
F17 [F17] water: air-bar glitch ignored (oxygen 0 on dry land, 201 total)
F3 [F3] water: pass 55 head=wet shore=none land=n/a y=44.3 o2=20 probes=0 at=[-101,44,387]
F12 [F12] hop: chest at [-147,71,409] d=8 zero: chest unreachable (Took to long to decide path to goal!)
F9 [F9] direct deposit: 27 chest slots derived from the 63-slot view
F9 [F9] hop: chest at [-131,71,383] d=23 zero: nothing to deposit
F9 bank fallback: none (nothing to deposit)
F9 camp furnace: no build (machine near)
F9 smelt: 0 (nothing to smelt)
F11 [F11] climb diag: level at y=63 blocked toward -1,0 (dug=0)
F11 [F11] climb diag: level at y=63 blocked toward 0,-1 (dug=0)
F11 [F11] climb diag: level at y=63 blocked toward 1,0 (dug=0)
F9 final bank: 0 (nothing to deposit)
F11 final climb: retry (escalated retry after stalled, 135s fence)
F11 [F11] climb diag: level at y=63 blocked toward 0,-1 (dug=0)
F11 [F11] climb diag: level at y=63 blocked toward 1,0 (dug=0)
F11 [F11] climb diag: level at y=63 blocked toward 0,1 (dug=0)
t-0s alive=19/19 mined=3183 map=1813p/27ch banked=1147 smelted=0 pocket=1476u/188s | sand=35 gravel=19 dirt=288 stone=0
   deficits: 157926/35 (0.0%) 149380/19 (0.0%) 31860/0 (0.0%) 27420/0 (0.0%) 10725/27 (0.3%)
   F1=110[cobblestone:83 andesite:9 granite:9] | F2=335[cobblestone:227 dirt:43 diorite:21] | F3=141[cobblestone:17 oak_planks:4 stick:3] | F4=271[oak_log:5 stick:3 birch_planks:1] | F5=239[cobblestone:124 dirt:23 diorite:23] | F6=118[dirt:10 oak_planks:4 stick:4] | F7=151[oak_log:9 crafting_table:1 oak_sapling:1] | F8=137[cobblestone:17 diorite:6 gravel:6] | F9=224[empty] | F10=116[oak_log:4 stick:3 birch_log:2] | F11=178[cobblestone:90 dirt:53 leaf_litter:14] | F12=88[dirt:48 leaf_litter:16 sand:11] | F13=87[sand:8 oak_log:4 leaf_litter:4] | F14=93[dirt:83 cobblestone:34 granite:28] | F15=203[empty] | F16=144[sand:3] | F17=126[dirt:16 leaf_litter:8] | F18=165[cobblestone:34 stick:5 oak_log:4] | F19=257[torch:4 cobblestone:4 leaf_litter:3]
   mem: heap=123M/173M old=-1M ext=150M ab=148M rss=437M cols=101 ents=154 evicted=95 path=1a/0q (max 6) stale=0
F11 final climb: failed - stalled [stage 1]
F11 final bank: 0 (still underground after 2 climb attempts - the chain from the shaft bottom is doomed walks)
F3 [F3] water: rescue timeout (still wet, 71 passes, 0 probes, tail wet/wet/wet) in 25.2s
F3 [F3] water: hazard memorized at [-101,44,387] (10 live, fleet-wide)
F3 [F3] water: repeat wet page at the same cell (o2 20) - standing down, the walk machinery owns the exit
F17 [F17] approach: 2 segment(s) walked in 35.8s, goal now d=8.2 (inside the direct envelope)
F14 final climb: OK +6 levels (5 steps, 10 dug, 13s)
F14 bank: holding 45s of 151s for the smelt leg
F2 [F2] climb diag: level at y=60 blocked toward 0,-1 (dug=0, wet) dig failed at [-58,62,422] grass_block (held=wooden_shovel, airborne, post=grass_block STILL THERE (server never broke it))
F1 [F1] approach: 3 segment(s) walked in 47.9s, goal now d=27.0 (still outside - a segment stalled (no position delta))
F3 [F3] water: drowning rescue start (drowning, oxygen 10)
F3 [F3] water: pass 0 head=wet shore=none land=n/a y=44.0 o2=10 probes=0 at=[-101,44,387]
F12 [F12] raw hop failed: raw walk timeout after 15243ms (d=8.0) - pathfinder retry
F3 [F3] water: pass 7 head=wet shore=none land=n/a y=44.9 o2=18 probes=0 at=[-101,45,387]
F19 [F19] approach: 4 segment(s) walked in 46.6s, goal now d=28.4 (still outside - a segment stalled (no position delta))
[hb] n=36 ts=721s rss=434M late=178ms mainLate=520ms
F3 [F3] water: pass 14 head=dry shore=hit r=6 land=none y=46.5 o2=20 probes=0 at=[-101,46,387]
F19 [F19] raw hop failed: raw walk stalled after 2005ms (d=28.3) - pathfinder retry
t-0s alive=19/19 mined=3183 map=1813p/27ch banked=1147 smelted=0 pocket=1477u/188s | sand=35 gravel=19 dirt=289 stone=0
   deficits: 157926/35 (0.0%) 149380/19 (0.0%) 31860/0 (0.0%) 27420/0 (0.0%) 10725/27 (0.3%)
   F1=110[cobblestone:83 andesite:9 granite:9] | F2=335[cobblestone:227 dirt:43 diorite:21] | F3=141[cobblestone:17 oak_planks:4 stick:3] | F4=271[oak_log:5 stick:3 birch_planks:1] | F5=239[cobblestone:124 dirt:23 diorite:23] | F6=118[dirt:10 oak_planks:4 stick:4] | F7=151[oak_log:9 crafting_table:1 oak_sapling:1] | F8=137[cobblestone:17 diorite:6 gravel:6] | F9=224[empty] | F10=116[oak_log:4 stick:3 birch_log:2] | F11=178[cobblestone:90 dirt:53 leaf_litter:14] | F12=88[dirt:48 leaf_litter:16 sand:11] | F13=87[sand:8 oak_log:4 leaf_litter:4] | F14=93[dirt:84 cobblestone:34 granite:28] | F15=203[empty] | F16=144[sand:3] | F17=126[dirt:16 leaf_litter:8] | F18=165[cobblestone:34 stick:5 oak_log:4] | F19=257[torch:4 cobblestone:4 leaf_litter:3]
   mem: heap=132M/167M old=-1M ext=152M ab=149M rss=434M cols=101 ents=154 evicted=95 path=2a/0q (max 6) stale=0
F12 [F12] hop: chest at [-147,71,403] d=10 zero: chest unreachable (No path to the goal!)
F12 bank: chest unreachable (No path to the goal!) (16 blocks from yard) - walking back
F12 bank: yard walk arrived in 0s (1 attempt)
F12 camp furnace: no build (machine near)
F12 smelt: 0 (sand@-: no fuel; cobblestone@-: no fuel)
F3 [F3] water: pass 18 head=dry shore=hit r=4 land=none y=45.3 o2=20 probes=0 at=[-101,45,387]
F11 [F11] combat: fighting drowned (dist 5.0, hp 18.0, 1 nearby, proximity)
F5 final climb: OK +0 levels (0 steps, 0 dug, undefineds)
F5 bank: holding 45s of 150s for the smelt leg
F5 [F5] direct deposit: 27 chest slots derived from the 63-slot view
F5 [F5] direct deposit: 27 chest slots derived from the 63-slot view
F5 camp furnace: no build (machine near)
F5 smelt: 0 (nothing to smelt)
F14 [F14] raw hop failed: raw walk timeout after 15031ms (d=8.0) - pathfinder retry
F5 [F5] direct deposit: 27 chest slots derived from the 63-slot view
F5 final bank: +276
F3 [F3] water: pass 24 head=dry shore=hit r=4 land=none y=45.5 o2=20 probes=0 at=[-101,46,387]
F3 [F3] water: pass 29 head=wet shore=none land=n/a y=44.2 o2=20 probes=0 at=[-101,44,387]
F17 [F17] raw hop failed: raw walk timeout after 20214ms (d=5.2) - pathfinder retry
F3 [F3] water: pass 33 head=wet shore=none land=n/a y=44.0 o2=20 probes=0 at=[-101,44,387]
F17 [F17] combat: shelter try vs zombified_piglin (dist 6.8, proximity)
F17 [F17] combat: shelter skip (open field: no diggable wall, zombified_piglin@6.8)
F17 [F17] combat: shelter skip (open field: ring not buildable [-o -o oo -o] vs zombified_piglin@6.8)
F17 [F17] combat: fleeing zombified_piglin (dist 6.8, hp 20.0, 1 nearby, proximity)
F14 [F14] hop: chest at [-132,71,399] d=6 zero: chest unreachable (Took to long to decide path to goal!)
F17 [F17] hop: chest at [-112,71,399] d=28 zero: chest unreachable (The goal was changed before it could be completed!)
F1 [F1] raw hop failed: raw walk timeout after 20107ms (d=25.9) - pathfinder retry
F3 [F3] water: pass 41 head=wet shore=none land=n/a y=44.0 o2=20 probes=0 at=[-101,44,387]
F14 [F14] raw hop failed: raw walk stalled after 2454ms (d=8.7) - pathfinder retry
F12 [F12] combat: fighting drowned (dist 3.2, hp 20.0, 1 nearby, proximity)
F11 [F11] water: drowning rescue start (drowning, oxygen 12)
F11 [F11] water: pass 0 head=wet shore=none land=n/a y=60.0 o2=12 probes=0 at=[-125,60,381]
F11 [F11] died - respawning (cause: drowned@12.7 (0s before death at [-126,60,380]))
F11 [F11] water: death spot memorized as a hazard at [-126,60,380] (8 live, fleet-wide)
F3 [F3] water: pass 44 head=wet shore=none land=n/a y=44.3 o2=20 probes=0 at=[-101,44,387]
F11 [F11] water: pass 2 head=dry shore=hit r=1 land=none y=71.0 o2=11 probes=0 at=[-123,71,387]
t-0s alive=19/19 mined=3183 map=1813p/27ch banked=1423 smelted=0 pocket=1053u/159s | sand=25 gravel=7 dirt=214 stone=0
   deficits: 157926/25 (0.0%) 149380/7 (0.0%) 31860/0 (0.0%) 27420/0 (0.0%) 10725/18 (0.2%)
   F1=110[cobblestone:87 andesite:9 granite:9] | F2=335[cobblestone:227 dirt:43 diorite:21] | F3=141[cobblestone:17 oak_planks:4 stick:3] | F4=271[oak_log:5 stick:3 birch_planks:1] | F5=239[torch:12 oak_planks:3 oak_log:2] | F6=118[dirt:10 oak_planks:4 stick:4] | F7=151[oak_log:9 crafting_table:1 oak_sapling:1] | F8=137[cobblestone:17 diorite:6 gravel:6] | F9=224[empty] | F10=116[oak_log:4 stick:3 birch_log:2] | F11=178[empty] | F12=88[dirt:48 leaf_litter:16 sand:11] | F13=87[sand:8 oak_log:4 leaf_litter:4] | F14=93[dirt:85 cobblestone:34 granite:28] | F15=203[empty] | F16=144[sand:3] | F17=126[dirt:16 leaf_litter:8] | F18=165[cobblestone:34 stick:5 oak_log:4] | F19=257[torch:4 cobblestone:4 leaf_litter:3]
   mem: heap=126M/168M old=-1M ext=153M ab=150M rss=435M cols=101 ents=181 evicted=95 path=3a/0q (max 6) stale=0
F17 [F17] water: air-bar glitch ignored (oxygen 0 on dry land, 247 total)
F12 [F12] raw hop failed: raw walk timeout after 15305ms (d=8.1) - pathfinder retry
F14 [F14] hop: chest at [-137,71,399] d=9 zero: chest unreachable (Took to long to decide path to goal!)
F8 [F8] approach: 5 segment(s) walked in 81.5s, goal now d=34.1 (still outside - a segment stalled (no position delta))
F11 [F11] water: pass 4 head=dry shore=hit r=3 land=none y=72.3 o2=11 probes=0 at=[-124,72,387]
F3 [F3] water: pass 47 head=dry shore=hit r=6 land=none y=46.0 o2=20 probes=0 at=[-101,46,387]
F17 [F17] raw hop failed: raw walk stalled after 2884ms (d=12.2) - pathfinder retry
[hb] n=37 ts=741s rss=435M late=183ms mainLate=206ms
F12 [F12] combat: verdict flipped to flee vs drowned (hp 3.3)
F12 [F12] combat: shelter skip (night=true armed=true threat=drowned@0.6)
F12 [F12] combat: flee bearing rotated 270deg (water/hazard vetoes the away target) vs drowned (proximity re-verdict)
F12 [F12] hop: chest at [-152,71,403] d=10 zero: chest unreachable (The goal was changed before it could be completed!)
F11 [F11] water: pass 5 head=dry shore=hit r=1 land=none y=71.8 o2=11 probes=0 at=[-126,72,387]
F12 [F12] combat: flee bearing rotated 270deg (water/hazard vetoes the away target) vs drowned (proximity re-verdict)
F3 [F3] water: rescue complete in 25.4s
F3 [F3] water: hazard memorized at [-101,44,387] (9 live, fleet-wide)
F12 [F12] died - respawning (cause: drowned@1.2 (0s before death at [-153,63,404]))
F12 [F12] water: death spot memorized as a hazard at [-153,63,404] (10 live, fleet-wide)
F3 [F3] water: drowning rescue start (drowning, oxygen 20)
F3 [F3] water: pass 0 head=wet shore=none land=n/a y=44.8 o2=20 probes=0 at=[-101,45,387]
F11 [F11] water: pass 7 head=dry shore=hit r=1 land=none y=72.3 o2=11 probes=0 at=[-128,72,388]
F3 [F3] water: pass 4 head=wet shore=none land=n/a y=44.1 o2=20 probes=0 at=[-101,44,387]
F11 [F11] water: pass 9 head=dry shore=hit r=1 land=none y=72.3 o2=11 probes=0 at=[-127,72,389]
F14 [F14] combat: fighting drowned (dist 2.1, hp 14.0, 1 nearby, proximity)
F1 [F1] hop: chest at [-122,71,409] d=28 zero: chest unreachable (No path to the goal!)
F3 [F3] water: pass 14 head=dry shore=hit r=6 land=none y=46.6 o2=20 probes=0 at=[-101,47,387]
F17 [F17] direct deposit: 27 chest slots derived from the 63-slot view
F17 camp furnace: no build (machine near)
F17 smelt: 0 (nothing to smelt)
F17 final bank: +25
F17 [F17] combat: shelter dig-earn: 36 free slot(s), the dig supplies the seal
F17 [F17] combat: shelter try vs zombified_piglin (dist 6.3, proximity)
F17 [F17] combat: shelter skip (open field: no diggable wall, zombified_piglin@6.3)
F17 [F17] combat: shelter skip (open field: ring stock 0/8, ground earns nothing)
F17 [F17] combat: fleeing zombified_piglin (dist 6.3, hp 20.0, 1 nearby, proximity)
F11 [F11] water: pass 15 head=dry shore=hit r=1 land=none y=71.5 o2=11 probes=0 at=[-129,71,390]
F19 [F19] direct deposit: 27 chest slots derived from the 63-slot view
F19 camp furnace: no build (machine near)
F19 smelt: 0 (nothing to smelt)
F19 final bank: +15
F3 [F3] water: pass 25 head=dry shore=hit r=4 land=none y=45.3 o2=20 probes=0 at=[-101,45,387]
F12 [F12] direct deposit: 27 chest slots derived from the 63-slot view
F12 [F12] hop: chest at [-152,71,401] d=8 zero: nothing to deposit
F12 final bank: 0 (nothing to deposit)
F11 [F11] water: pass 20 head=dry shore=hit r=1 land=none y=71.1 o2=11 probes=0 at=[-132,71,390]
t-0s alive=19/19 mined=3183 map=1813p/27ch banked=1463 smelted=0 pocket=939u/146s | sand=14 gravel=7 dirt=150 stone=0
   deficits: 157926/14 (0.0%) 149380/7 (0.0%) 31860/0 (0.0%) 27420/0 (0.0%) 10725/18 (0.2%)
   F1=110[cobblestone:94 andesite:9 granite:9] | F2=335[cobblestone:227 dirt:43 diorite:21] | F3=141[cobblestone:17 oak_planks:4 stick:3] | F4=271[oak_log:5 stick:3 birch_planks:1] | F5=239[torch:12 oak_planks:3 oak_log:2] | F6=118[dirt:10 oak_planks:4 stick:4] | F7=151[oak_log:9 crafting_table:1 oak_sapling:1] | F8=137[cobblestone:17 diorite:6 gravel:6] | F9=224[empty] | F10=116[oak_log:4 stick:3 birch_log:2] | F11=178[empty] | F12=88[empty] | F13=87[sand:8 oak_log:4 leaf_litter:4] | F14=93[dirt:85 cobblestone:34 granite:28] | F15=203[empty] | F16=144[sand:3] | F17=126[empty] | F18=165[cobblestone:34 stick:5 oak_log:4] | F19=257[torch:4 oak_sapling:3 stick:2]
   mem: heap=129M/171M old=-1M ext=156M ab=154M rss=438M cols=101 ents=193 evicted=95 path=0a/0q (max 6) stale=0
F3 [F3] water: pass 34 head=wet shore=none land=n/a y=44.9 o2=20 probes=0 at=[-101,45,387]
F14 [F14] raw hop failed: raw walk timeout after 15124ms (d=8.0) - pathfinder retry
F1 [F1] raw hop failed: raw walk stalled after 2044ms (d=22.5) - pathfinder retry
F11 [F11] water: pass 22 head=dry shore=hit r=1 land=none y=71.5 o2=11 probes=0 at=[-132,71,390]
F3 [F3] water: pass 41 head=wet shore=none land=n/a y=44.4 o2=20 probes=0 at=[-101,44,387]
F2 final climb: failed - timeout [stage 1]
F2 final bank: 0 (still underground after 2 climb attempts - the chain from the shaft bottom is doomed walks)
F15 [F15] died - respawning (cause: drowned@12.8 (0s before death at [-130,72,381]))
F15 [F15] water: death spot memorized as a hazard at [-130,72,381] (11 live, fleet-wide)
F3 [F3] water: pass 44 head=wet shore=none land=n/a y=44.0 o2=20 probes=0 at=[-101,44,387]
F11 [F11] water: pass 23 head=dry shore=hit r=5 land=none y=72.3 o2=11 probes=0 at=[-132,72,390]
F11 [F11] water: rescue complete in 25.3s
F11 [F11] water: hazard memorized at [-126,60,380] (11 live, fleet-wide)
F8 [F8] raw hop failed: raw walk timeout after 20335ms (d=34.1) - pathfinder retry
F8 [F8] hop: chest at [-122,71,409] d=39 zero: chest unreachable (doomed goal (ledgered 12s ago at [-122,71,409]) - walk to chest refused)
F3 [F3] water: pass 48 head=wet shore=none land=n/a y=44.2 o2=20 probes=0 at=[-101,44,387]
[hb] n=38 ts=761s rss=440M late=187ms mainLate=797ms
F14 [F14] died - respawning (cause: fall/env (0s before death at [-142,63,399]))
F14 [F14] water: death spot memorized as a hazard at [-142,63,399] (11 live, fleet-wide)
F3 [F3] water: pass 53 head=dry shore=hit r=6 land=none y=46.5 o2=20 probes=0 at=[-101,47,387]
F3 [F3] water: pass 59 head=wet shore=none land=n/a y=44.3 o2=20 probes=0 at=[-101,44,387]
t-0s alive=19/19 mined=3183 map=1813p/27ch banked=1463 smelted=0 pocket=775u/130s | sand=14 gravel=7 dirt=65 stone=0
   deficits: 157926/14 (0.0%) 149380/7 (0.0%) 31860/0 (0.0%) 27420/0 (0.0%) 10725/15 (0.1%)
   F1=110[cobblestone:106 andesite:9 granite:9] | F2=335[cobblestone:227 dirt:43 diorite:21] | F3=141[cobblestone:17 oak_planks:4 stick:3] | F4=271[oak_log:5 stick:3 birch_planks:1] | F5=239[torch:12 oak_planks:3 oak_log:2] | F6=118[dirt:10 oak_planks:4 stick:4] | F7=151[oak_log:9 crafting_table:1 oak_sapling:1] | F8=137[cobblestone:17 diorite:6 gravel:6] | F9=224[empty] | F10=116[oak_log:4 stick:3 birch_log:2] | F11=178[empty] | F12=88[empty] | F13=87[sand:8 oak_log:4 leaf_litter:4] | F14=93[empty] | F15=203[empty] | F16=144[sand:3] | F17=126[empty] | F18=165[cobblestone:34 stick:5 oak_log:4] | F19=257[torch:4 oak_sapling:3 stick:2]
   mem: heap=137M/172M old=-1M ext=159M ab=156M rss=438M cols=101 ents=212 evicted=95 path=2a/0q (max 6) stale=0
F1 [F1] hop: chest at [-117,71,409] d=23 zero: chest unreachable (No path to the goal!)
F17 [F17] water: air-bar glitch ignored (oxygen 0 on dry land, 282 total)
F3 [F3] water: rescue complete in 25.1s
F3 [F3] water: hazard memorized at [-101,44,387] (11 live, fleet-wide)
F3 [F3] water: drowning rescue start (drowning, oxygen 20)
F3 [F3] water: pass 0 head=wet shore=none land=n/a y=44.0 o2=20 probes=0 at=[-101,44,387]
F3 [F3] water: pass 7 head=dry shore=hit r=6 land=none y=46.3 o2=20 probes=0 at=[-101,46,387]
F1 [F1] raw hop failed: raw walk stalled after 2051ms (d=20.7) - pathfinder retry
F1 [F1] hop: chest at [-117,71,403] d=21 zero: chest unreachable (No path to the goal!)
F3 [F3] water: pass 12 head=wet shore=none land=n/a y=44.1 o2=20 probes=0 at=[-101,44,387]
F14 [F14] hop: chest at [-142,71,399] d=9 zero: cannot open chest (open chest: timeout after 10000ms)
F14 bank: cannot open chest (open chest: timeout after 10000ms) (8 blocks from yard) - walking back
F14 bank: yard walk arrived in 0s (1 attempt)
F14 camp furnace: no build (machine near)
F14 smelt: 0 (nothing to smelt)
F3 [F3] water: pass 19 head=dry shore=hit r=4 land=none y=45.4 o2=20 probes=0 at=[-101,45,387]
F8 [F8] approach: 1 segment(s) walked in 15.5s, goal now d=14.5 (inside the direct envelope)
F14 final bank: 0 (nothing to deposit)
F3 [F3] water: pass 25 head=dry shore=hit r=6 land=none y=46.3 o2=20 probes=0 at=[-101,46,387]
F8 [F8] raw hop failed: raw walk stalled after 2040ms (d=13.3) - pathfinder retry
F3 [F3] water: pass 31 head=wet shore=none land=n/a y=44.0 o2=20 probes=0 at=[-101,44,387]
[hb] n=39 ts=781s rss=439M late=187ms mainLate=648ms
F3 [F3] water: pass 38 head=wet shore=none land=n/a y=44.8 o2=20 probes=0 at=[-101,45,387]
F8 [F8] direct deposit: 27 chest slots derived from the 63-slot view
F8 camp furnace: no build (machine near)
F8 smelt: 0 (nothing to smelt)
F8 final bank: +19
t-0s alive=19/19 mined=3183 map=1813p/27ch banked=1482 smelted=0 pocket=743u/126s | sand=14 gravel=1 dirt=65 stone=0
   deficits: 157926/14 (0.0%) 149380/1 (0.0%) 31860/0 (0.0%) 27420/0 (0.0%) 10725/15 (0.1%)
   F1=110[cobblestone:106 andesite:9 granite:9] | F2=335[cobblestone:227 dirt:43 diorite:21] | F3=141[cobblestone:17 oak_planks:4 stick:3] | F4=271[oak_log:5 stick:3 birch_planks:1] | F5=239[torch:12 oak_planks:3 oak_log:2] | F6=118[dirt:10 oak_planks:4 stick:4] | F7=151[oak_log:9 crafting_table:1 oak_sapling:1] | F8=137[oak_log:5 stick:5 wooden_pickaxe:2] | F9=224[empty] | F10=116[oak_log:4 stick:3 birch_log:2] | F11=178[empty] | F12=88[empty] | F13=87[sand:8 oak_log:4 leaf_litter:4] | F14=93[empty] | F15=203[empty] | F16=144[sand:3] | F17=126[empty] | F18=165[cobblestone:34 stick:5 oak_log:4] | F19=257[torch:4 oak_sapling:3 stick:2]
   mem: heap=136M/172M old=-1M ext=157M ab=155M rss=439M cols=101 ents=202 evicted=95 path=0a/0q (max 6) stale=0
F3 [F3] water: pass 45 head=dry shore=hit r=6 land=none y=46.5 o2=20 probes=0 at=[-101,46,387]
F3 [F3] water: pass 51 head=wet shore=none land=n/a y=44.0 o2=20 probes=0 at=[-101,44,387]
F3 [F3] water: pass 58 head=dry shore=hit r=4 land=none y=45.1 o2=20 probes=0 at=[-101,45,387]
F4 [F4] combat: fighting skeleton (dist 4.7, hp 20.0, 1 nearby, proximity)
F17 [F17] combat: shelter dig-earn: 36 free slot(s), the dig supplies the seal
F17 [F17] combat: shelter try vs skeleton (dist 10.2, sentry)
F17 [F17] combat: fleeing skeleton (dist 10.2, hp 17.7, 1 nearby, sentry)
F1 [F1] raw hop failed: raw walk timeout after 18425ms (d=22.6) - pathfinder retry
F1 [F1] hop: chest at [-122,71,403] d=21 zero: chest unreachable (No path to the goal!)
F1 bank: chest unreachable (No path to the goal!) (26 blocks from yard) - walking back
F1 bank: end-bank budget spent - yard walk cancelled
F1 camp furnace: no build (machine near)
F3 [F3] water: rescue complete in 25.2s
F3 [F3] water: hazard memorized at [-101,45,387] (11 live, fleet-wide)
F3 [F3] water: drowning rescue start (drowning, oxygen 20)
F3 [F3] water: pass 0 head=wet shore=none land=n/a y=44.0 o2=20 probes=0 at=[-101,44,387]
F3 [F3] water: pass 7 head=dry shore=hit r=4 land=none y=45.1 o2=20 probes=0 at=[-101,45,387]
t-0s alive=19/19 mined=3183 map=1813p/27ch banked=1482 smelted=0 pocket=746u/128s | sand=14 gravel=1 dirt=66 stone=0
   deficits: 157926/14 (0.0%) 149380/1 (0.0%) 31860/0 (0.0%) 27420/0 (0.0%) 10725/15 (0.1%)
   F1=110[cobblestone:106 andesite:9 granite:9] | F2=335[cobblestone:227 dirt:43 diorite:21] | F3=141[cobblestone:17 oak_planks:4 stick:3] | F4=271[oak_log:5 stick:3 arrow:2] | F5=239[torch:12 oak_planks:3 oak_log:2] | F6=118[dirt:10 oak_planks:4 stick:4] | F7=151[oak_log:9 crafting_table:1 oak_sapling:1] | F8=137[oak_log:5 stick:5 wooden_pickaxe:2] | F9=224[empty] | F10=116[oak_log:4 stick:3 birch_log:2] | F11=178[empty] | F12=88[empty] | F13=87[sand:8 oak_log:4 leaf_litter:4] | F14=93[empty] | F15=203[empty] | F16=144[sand:3] | F17=126[dirt:1] | F18=165[cobblestone:34 stick:5 oak_log:4] | F19=257[torch:4 oak_sapling:3 stick:2]
   mem: heap=123M/172M old=-1M ext=156M ab=153M rss=438M cols=101 ents=206 evicted=95 path=1a/0q (max 6) stale=0
F16 [F16] combat: shelter dig-earn: 35 free slot(s), the dig supplies the seal
F16 [F16] combat: shelter earn: dropped 1 sand for a seal slot
F16 [F16] combat: shelter try vs drowned (dist 6.7, proximity)
F16 [F16] combat: shelter skip (open field: no diggable wall, drowned@6.7)
F16 [F16] combat: shelter ring try vs drowned (dist 6.7, +x+z-z-x first, proximity)
F16 [F16] combat: sheltering from drowned (ring 8/8, proximity)
F17 [F17] water: air-bar glitch ignored (oxygen 0 on dry land, 326 total)
F3 [F3] water: pass 12 head=dry shore=hit r=6 land=none y=46.3 o2=20 probes=0 at=[-101,46,387]
[hb] n=40 ts=801s rss=441M late=191ms mainLate=350ms
F3 [F3] water: pass 18 head=wet shore=none land=n/a y=44.0 o2=20 probes=0 at=[-101,44,387]
F3 [F3] water: pass 25 head=wet shore=none land=n/a y=44.8 o2=20 probes=0 at=[-101,45,387]
F17 [F17] died - respawning (cause: drowning (0s before death at [-128,64,409]))
F17 [F17] water: death spot memorized as a hazard at [-128,64,409] (12 live, fleet-wide)
F1 smelt: 0 (cobblestone@furnace: machine unreachable (doomed goal (ledgered 1s ago at [-134,71,383]) - walk to furnace refused); cobblestone@furnace: machine unreachable (doomed goal (ledgered 1s ago at [-136,71,383]) - walk to furnace refused); cobblestone@furnace: machine unreachable (doomed goal (ledgered 1s ago at [-138,71,383]) - walk to furnace refused); cobblestone@furnace: machine unreachable (doomed goal (ledgered 1s ago at [-140,71,383]) - walk to furnace refused); cobblestone@furnace: machine unreachable (doomed goal (ledgered 1s ago at [-142,71,383]) - walk to furnace refused); cobblestone@furnace: machine unreachable (visit budget spent (walk slice)))
F3 [F3] water: pass 31 head=dry shore=hit r=6 land=none y=46.2 o2=20 probes=0 at=[-101,46,387]
F3 [F3] water: pass 37 head=dry shore=hit r=4 land=none y=45.3 o2=20 probes=0 at=[-101,45,387]
F3 [F3] water: pass 43 head=wet shore=none land=n/a y=44.1 o2=20 probes=0 at=[-101,44,387]
F3 [F3] water: pass 49 head=dry shore=hit r=4 land=none y=45.1 o2=20 probes=0 at=[-101,45,387]
t-0s alive=19/19 mined=3183 map=1813p/27ch banked=1482 smelted=0 pocket=746u/128s | sand=14 gravel=1 dirt=65 stone=0
   deficits: 157926/14 (0.0%) 149380/1 (0.0%) 31860/0 (0.0%) 27420/0 (0.0%) 10725/15 (0.1%)
   F1=110[cobblestone:106 andesite:9 granite:9] | F2=335[cobblestone:227 dirt:43 diorite:21] | F3=141[cobblestone:17 oak_planks:4 stick:3] | F4=271[oak_log:5 stick:3 arrow:2] | F5=239[torch:12 oak_planks:3 oak_log:2] | F6=118[dirt:10 oak_planks:4 stick:4] | F7=151[oak_log:9 crafting_table:1 oak_sapling:1] | F8=137[oak_log:5 stick:5 wooden_pickaxe:2] | F9=224[empty] | F10=116[oak_log:4 stick:3 birch_log:2] | F11=178[empty] | F12=88[empty] | F13=87[sand:8 oak_log:4 leaf_litter:4] | F14=93[empty] | F15=203[empty] | F16=144[sand:3] | F17=126[empty] | F18=165[cobblestone:34 stick:5 oak_log:4] | F19=257[torch:4 oak_sapling:3 stick:2]
   mem: heap=128M/171M old=-1M ext=157M ab=155M rss=438M cols=101 ents=195 evicted=95 path=0a/0q (max 6) stale=0
F3 [F3] water: pass 55 head=wet shore=none land=n/a y=44.9 o2=20 probes=0 at=[-101,45,387]
F3 [F3] water: rescue timeout (still wet, 72 passes, 0 probes, tail dry/wet/wet) in 25.1s
F3 [F3] water: hazard memorized at [-101,44,387] (11 live, fleet-wide)
F3 [F3] water: drowning rescue start (drowning, oxygen 20)
F3 [F3] water: pass 0 head=wet shore=none land=n/a y=44.8 o2=20 probes=0 at=[-101,45,387]
[hb] n=41 ts=821s rss=441M late=196ms mainLate=296ms
F3 [F3] water: pass 7 head=dry shore=hit r=6 land=none y=46.3 o2=20 probes=0 at=[-101,46,387]
F3 [F3] water: pass 13 head=wet shore=none land=n/a y=44.0 o2=20 probes=0 at=[-101,44,387]
F1 [F1] raw hop failed: raw walk timeout after 20085ms (d=22.4) - pathfinder retry
F3 [F3] water: pass 20 head=dry shore=hit r=4 land=none y=45.1 o2=20 probes=0 at=[-101,45,387]
F1 [F1] hop: chest at [-127,71,409] d=22 zero: chest unreachable (No path to the goal!)
F1 final bank: 0 (chest unreachable (No path to the goal!))
t-0s alive=19/19 mined=3183 map=1813p/27ch banked=1482 smelted=0 pocket=747u/128s | sand=14 gravel=1 dirt=65 stone=0
   deficits: 157926/14 (0.0%) 149380/1 (0.0%) 31860/0 (0.0%) 27420/0 (0.0%) 10725/15 (0.1%)
   F1=110[cobblestone:107 andesite:9 granite:9] | F2=335[cobblestone:227 dirt:43 diorite:21] | F3=141[cobblestone:17 oak_planks:4 stick:3] | F4=271[oak_log:5 stick:3 arrow:2] | F5=239[torch:12 oak_planks:3 oak_log:2] | F6=118[dirt:10 oak_planks:4 stick:4] | F7=151[oak_log:9 crafting_table:1 oak_sapling:1] | F8=137[oak_log:5 stick:5 wooden_pickaxe:2] | F9=224[empty] | F10=116[oak_log:4 stick:3 birch_log:2] | F11=178[empty] | F12=88[empty] | F13=87[sand:8 oak_log:4 leaf_litter:4] | F14=93[empty] | F15=203[empty] | F16=144[sand:3] | F17=126[empty] | F18=165[cobblestone:34 stick:5 oak_log:4] | F19=257[torch:4 oak_sapling:3 stick:2]
   mem: heap=129M/172M old=-1M ext=159M ab=157M rss=441M cols=102 ents=187 evicted=95 path=0a/0q (max 6) stale=0
F17 [F17] water: air-bar glitch ignored (oxygen 0 on dry land, 376 total)
F3 [F3] water: pass 26 head=wet shore=none land=n/a y=44.5 o2=20 probes=0 at=[-101,45,387]
F3 [F3] water: pass 33 head=wet shore=none land=n/a y=44.5 o2=20 probes=0 at=[-101,44,387]
F3 [F3] water: pass 39 head=dry shore=hit r=4 land=none y=45.9 o2=20 probes=0 at=[-101,46,387]
F3 [F3] water: pass 46 head=wet shore=none land=n/a y=44.0 o2=20 probes=0 at=[-101,44,387]
F16 [F16] died - respawning (cause: drowned@2.5 (0s before death at [-137,61,394]))
F16 [F16] water: death spot memorized as a hazard at [-137,61,394] (11 live, fleet-wide)
F3 [F3] water: pass 52 head=wet shore=none land=n/a y=44.5 o2=20 probes=0 at=[-101,44,387]
F3 [F3] water: pass 59 head=dry shore=hit r=6 land=none y=46.0 o2=20 probes=0 at=[-101,46,387]
[hb] n=42 ts=841s rss=440M late=201ms mainLate=64ms
t-0s alive=19/19 mined=3183 map=1813p/27ch banked=1482 smelted=0 pocket=744u/127s | sand=11 gravel=1 dirt=65 stone=0
   deficits: 157926/11 (0.0%) 149380/1 (0.0%) 31860/0 (0.0%) 27420/0 (0.0%) 10725/15 (0.1%)
   F1=110[cobblestone:107 andesite:9 granite:9] | F2=335[cobblestone:227 dirt:43 diorite:21] | F3=141[cobblestone:17 oak_planks:4 stick:3] | F4=271[oak_log:5 stick:3 arrow:2] | F5=239[torch:12 oak_planks:3 oak_log:2] | F6=118[dirt:10 oak_planks:4 stick:4] | F7=151[oak_log:9 crafting_table:1 oak_sapling:1] | F8=137[oak_log:5 stick:5 wooden_pickaxe:2] | F9=224[empty] | F10=116[oak_log:4 stick:3 birch_log:2] | F11=178[empty] | F12=88[empty] | F13=87[sand:8 oak_log:4 leaf_litter:4] | F14=93[empty] | F15=203[empty] | F16=144[empty] | F17=126[empty] | F18=165[cobblestone:34 stick:5 oak_log:4] | F19=257[torch:4 oak_sapling:3 stick:2]
   mem: heap=125M/171M old=-1M ext=160M ab=158M rss=440M cols=102 ents=192 evicted=96 path=0a/0q (max 6) stale=0
F3 [F3] water: rescue timeout (still wet, 72 passes, 0 probes, tail wet/wet/wet) in 25.0s
F3 [F3] water: hazard memorized at [-101,44,387] (12 live, fleet-wide)
F8 [F8] combat: shelter skip (night=true armed=true threat=drowned@9.9)
F8 [F8] combat: fleeing drowned (dist 9.9, hp 5.5, 1 nearby, sentry)
F3 [F3] water: repeat wet page at the same cell (o2 13) - standing down, the walk machinery owns the exit
F3 [F3] water: drowning rescue start (drowning, oxygen 10)
F3 [F3] water: pass 0 head=wet shore=none land=n/a y=44.0 o2=10 probes=0 at=[-101,44,387]
F8 [F8] died - respawning (cause: drowned@14.4 (0s before death at [-120,64,419]))
F8 [F8] water: death spot memorized as a hazard at [-120,64,419] (13 live, fleet-wide)
F3 [F3] water: pass 7 head=wet shore=none land=n/a y=44.8 o2=18 probes=0 at=[-101,45,387]
F7 [F7] combat: shelter try vs drowned (dist 9.8, sentry)
F7 [F7] combat: shelter skip (open field: no diggable wall, drowned@9.8)
F7 [F7] combat: shelter skip (open field: ring not buildable [-o oo -o -o] vs drowned@9.8)
F7 [F7] combat: fleeing drowned (dist 9.8, hp 12.0, 1 nearby, sentry)
F3 [F3] water: pass 14 head=dry shore=hit r=6 land=none y=46.0 o2=20 probes=0 at=[-101,46,387]
t-0s alive=19/19 mined=3183 map=1813p/27ch banked=1482 smelted=0 pocket=727u/118s | sand=11 gravel=1 dirt=65 stone=0
   deficits: 157926/11 (0.0%) 149380/1 (0.0%) 31860/0 (0.0%) 27420/0 (0.0%) 10725/15 (0.1%)
   F1=110[cobblestone:107 andesite:9 granite:9] | F2=335[cobblestone:227 dirt:43 diorite:21] | F3=141[cobblestone:17 oak_planks:4 stick:3] | F4=271[oak_log:5 stick:3 arrow:2] | F5=239[torch:12 oak_planks:3 oak_log:2] | F6=118[dirt:10 oak_planks:4 stick:4] | F7=151[oak_log:9 crafting_table:1 oak_sapling:1] | F8=137[empty] | F9=224[empty] | F10=116[oak_log:4 stick:3 birch_log:2] | F11=178[empty] | F12=88[empty] | F13=87[sand:8 oak_log:4 leaf_litter:4] | F14=93[empty] | F15=203[empty] | F16=144[empty] | F17=126[empty] | F18=165[cobblestone:34 stick:5 oak_log:4] | F19=257[torch:4 oak_sapling:3 stick:2]
   mem: heap=123M/172M old=-1M ext=160M ab=157M rss=440M cols=101 ents=180 evicted=97 path=1a/0q (max 6) stale=0
F17 [F17] water: air-bar glitch ignored (oxygen 0 on dry land, 426 total)
F3 [F3] water: pass 19 head=wet shore=none land=n/a y=44.1 o2=20 probes=0 at=[-101,44,387]
[hb] n=43 ts=861s rss=438M late=206ms mainLate=113ms
F3 [F3] water: pass 25 head=wet shore=none land=n/a y=44.9 o2=20 probes=0 at=[-101,45,387]
F3 [F3] water: pass 32 head=dry shore=hit r=6 land=none y=46.5 o2=20 probes=0 at=[-101,46,387]
F3 [F3] water: pass 38 head=wet shore=none land=n/a y=44.0 o2=20 probes=0 at=[-101,44,387]
F3 [F3] water: pass 45 head=dry shore=hit r=4 land=none y=45.1 o2=20 probes=0 at=[-101,45,387]
F3 [F3] water: pass 51 head=wet shore=none land=n/a y=44.9 o2=20 probes=0 at=[-101,45,387]
F10 [F10] combat: shelter skip (night=true armed=true threat=drowned@9.9)
F10 [F10] combat: fleeing drowned (dist 9.9, hp 2.0, 1 nearby, sentry)
t-0s alive=19/19 mined=3183 map=1813p/27ch banked=1482 smelted=0 pocket=727u/118s | sand=11 gravel=1 dirt=65 stone=0
   deficits: 157926/11 (0.0%) 149380/1 (0.0%) 31860/0 (0.0%) 27420/0 (0.0%) 10725/15 (0.1%)
   F1=110[cobblestone:107 andesite:9 granite:9] | F2=335[cobblestone:227 dirt:43 diorite:21] | F3=141[cobblestone:17 oak_planks:4 stick:3] | F4=271[oak_log:5 stick:3 arrow:2] | F5=239[torch:12 oak_planks:3 oak_log:2] | F6=118[dirt:10 oak_planks:4 stick:4] | F7=151[oak_log:9 crafting_table:1 oak_sapling:1] | F8=137[empty] | F9=224[empty] | F10=116[oak_log:4 stick:3 birch_log:2] | F11=178[empty] | F12=88[empty] | F13=87[sand:8 oak_log:4 leaf_litter:4] | F14=93[empty] | F15=203[empty] | F16=144[empty] | F17=126[empty] | F18=165[cobblestone:34 stick:5 oak_log:4] | F19=257[torch:4 oak_sapling:3 stick:2]
   mem: heap=125M/172M old=-1M ext=160M ab=158M rss=441M cols=102 ents=184 evicted=97 path=1a/0q (max 6) stale=0
F3 [F3] water: pass 58 head=wet shore=none land=n/a y=44.3 o2=20 probes=0 at=[-101,44,387]
F3 [F3] water: rescue timeout (still wet, 72 passes, 0 probes, tail dry/dry/wet) in 25.0s
F3 [F3] water: hazard memorized at [-101,44,387] (10 live, fleet-wide)
F3 [F3] water: repeat wet page at the same cell (o2 20) - standing down, the walk machinery owns the exit
[hb] n=44 ts=881s rss=443M late=207ms mainLate=13ms
F10 [F10] died - respawning (cause: drowned@9.8 (0s before death at [-163,64,410]))
F10 [F10] water: death spot memorized as a hazard at [-163,64,410] (9 live, fleet-wide)
F4 [F4] combat: fighting spider (dist 4.8, hp 16.5, 1 nearby, proximity)
F3 [F3] water: drowning rescue start (drowning, oxygen 10)
F3 [F3] water: pass 0 head=wet shore=none land=n/a y=44.0 o2=10 probes=0 at=[-101,44,387]
F7 [F7] combat: shelter try vs spider (dist 6.9, proximity)
F7 [F7] combat: shelter skip (open field: no diggable wall, spider@6.9)
F7 [F7] combat: shelter skip (open field: ring not buildable [oB -B -B oo] vs spider@6.9)
F7 [F7] combat: fleeing spider (dist 6.9, hp 14.5, 1 nearby, proximity)
t-0s alive=19/19 mined=3183 map=1813p/27ch banked=1482 smelted=0 pocket=714u/111s | sand=11 gravel=1 dirt=65 stone=0
   deficits: 157926/11 (0.0%) 149380/1 (0.0%) 31860/0 (0.0%) 27420/0 (0.0%) 10725/15 (0.1%)
   F1=110[cobblestone:107 andesite:9 granite:9] | F2=335[cobblestone:227 dirt:43 diorite:21] | F3=141[cobblestone:17 oak_planks:4 stick:3] | F4=271[oak_log:5 stick:3 arrow:2] | F5=239[torch:12 oak_planks:3 oak_log:2] | F6=118[dirt:10 oak_planks:4 stick:4] | F7=151[oak_log:9 crafting_table:1 oak_sapling:1] | F8=137[empty] | F9=224[empty] | F10=116[empty] | F11=178[empty] | F12=88[empty] | F13=87[sand:8 oak_log:4 leaf_litter:4] | F14=93[empty] | F15=203[empty] | F16=144[empty] | F17=126[empty] | F18=165[cobblestone:34 stick:5 oak_log:4] | F19=257[torch:4 oak_sapling:3 stick:2]
   mem: heap=140M/172M old=-1M ext=165M ab=162M rss=447M cols=101 ents=187 evicted=98 path=1a/0q (max 6) stale=0
F3 [F3] water: pass 6 head=dry shore=hit r=4 land=none y=45.1 o2=20 probes=0 at=[-101,45,387]
F17 [F17] water: air-bar glitch ignored (oxygen 0 on dry land, 475 total)
F13 [F13] combat: shelter try vs drowned (dist 9.8, sentry)
F13 [F13] combat: shelter skip (open field: no diggable wall, drowned@9.8)
F13 [F13] combat: shelter ring try vs drowned (dist 9.8, +z-x+x-z first, sentry)
F3 [F3] water: pass 11 head=dry shore=hit r=6 land=none y=46.3 o2=20 probes=0 at=[-101,46,387]
F13 [F13] died - respawning (cause: drowned@9.8 (0s before death at [-158,65,430]))
F13 [F13] water: death spot memorized as a hazard at [-158,65,430] (9 live, fleet-wide)
F3 [F3] water: pass 17 head=wet shore=none land=n/a y=44.0 o2=20 probes=0 at=[-101,44,387]
F5 [F5] combat: fighting drowned (dist 4.4, hp 10.5, 2 nearby, proximity)
F3 [F3] water: pass 24 head=wet shore=none land=n/a y=44.9 o2=20 probes=0 at=[-101,45,387]
F5 [F5] combat: verdict flipped to flee vs drowned (hp 2.5)
F5 [F5] combat: shelter skip (night=true armed=true threat=drowned@3.7)
F3 [F3] water: pass 31 head=dry shore=hit r=6 land=none y=46.5 o2=20 probes=0 at=[-101,46,387]
F13 [F13] combat: shelter skip (open field: ring incomplete 4/8)
F13 [F13] combat: fleeing drowned (dist 9.8, hp 20.0, 0 nearby, sentry)
F3 [F3] water: pass 37 head=wet shore=none land=n/a y=44.0 o2=20 probes=0 at=[-101,44,387]
F4 [F4] combat: fighting spider (dist 4.2, hp 16.5, 2 nearby, proximity)
[hb] n=45 ts=901s rss=451M late=211ms mainLate=57ms
F3 [F3] water: pass 44 head=wet shore=none land=n/a y=44.8 o2=20 probes=0 at=[-101,45,387]
t-0s alive=19/19 mined=3183 map=1813p/27ch banked=1482 smelted=0 pocket=688u/102s | sand=3 gravel=0 dirt=61 stone=0
   deficits: 157926/3 (0.0%) 149380/0 (0.0%) 31860/0 (0.0%) 27420/0 (0.0%) 10725/15 (0.1%)
   F1=110[cobblestone:107 andesite:9 granite:9] | F2=335[cobblestone:227 dirt:43 diorite:21] | F3=141[cobblestone:17 oak_planks:4 stick:3] | F4=271[oak_log:5 stick:3 arrow:2] | F5=239[torch:12 oak_planks:3 oak_log:2] | F6=118[dirt:10 oak_planks:4 stick:4] | F7=151[oak_log:9 crafting_table:1 oak_sapling:1] | F8=137[empty] | F9=224[empty] | F10=116[empty] | F11=178[empty] | F12=88[empty] | F13=87[empty] | F14=93[empty] | F15=203[empty] | F16=144[empty] | F17=126[empty] | F18=165[cobblestone:34 stick:5 oak_log:4] | F19=257[torch:4 oak_sapling:3 stick:2]
   mem: heap=133M/172M old=-1M ext=168M ab=165M rss=451M cols=101 ents=168 evicted=98 path=3a/0q (max 6) stale=0
F18 smelted 3 (stone:3) rescued=0
F18 bank: +171
F3 [F3] water: pass 51 head=dry shore=hit r=6 land=none y=46.0 o2=20 probes=0 at=[-101,46,387]
F3 [F3] water: pass 56 head=wet shore=none land=n/a y=44.0 o2=20 probes=0 at=[-101,44,387]
F5 [F5] died - respawning (cause: spider@1.0 (0s before death at [-103,64,377]))
F5 [F5] water: death spot memorized as a hazard at [-103,64,377] (10 live, fleet-wide)
F3 [F3] water: rescue timeout (still wet, 73 passes, 0 probes, tail wet/wet/wet) in 25.2s
F3 [F3] water: hazard memorized at [-101,44,387] (11 live, fleet-wide)
F3 [F3] water: repeat wet page at the same cell (o2 20) - standing down, the walk machinery owns the exit
F13 [F13] combat: shelter dig-earn: 34 free slot(s), the dig supplies the seal
F13 [F13] combat: shelter earn: dropped 1 leaf_litter for a seal slot
F13 [F13] combat: shelter try vs spider (dist 3.5, proximity pre-fight)
F13 [F13] combat: shelter skip (open field: no diggable wall, spider@3.5)
F13 [F13] combat: shelter skip (open field: ring stock 0/8, ground earns nothing)
F13 [F13] combat: fighting spider (dist 3.5, hp 20.0, 1 nearby, proximity)
F7 [F7] combat: shelter try vs zombie (dist 4.4, proximity)
F7 [F7] combat: shelter skip (open field: no diggable wall, zombie@4.4)
F7 [F7] combat: shelter skip (open field: ring not buildable [oo -o oo oo] vs zombie@4.4)
F7 [F7] combat: fleeing zombie (dist 4.4, hp 14.5, 1 nearby, proximity)
F4 [F4] combat: shelter skip (night=true armed=true threat=drowned@9.2)
F4 [F4] combat: fleeing drowned (dist 9.2, hp 6.5, 1 nearby, sentry)
t-0s alive=19/19 mined=3183 map=1813p/27ch banked=1653 smelted=3 pocket=672u/99s | sand=3 gravel=0 dirt=61 stone=3
   deficits: 157926/3 (0.0%) 149380/0 (0.0%) 31860/0 (0.0%) 27420/0 (0.0%) 10725/15 (0.1%)
   F1=110[cobblestone:107 andesite:9 granite:9] | F2=335[cobblestone:227 dirt:43 diorite:21] | F3=141[cobblestone:17 oak_planks:4 stick:3] | F4=271[oak_log:5 stick:3 arrow:2] | F5=239[empty] | F6=118[dirt:10 oak_planks:4 stick:4] | F7=151[oak_log:9 crafting_table:1 oak_sapling:1] | F8=137[empty] | F9=224[empty] | F10=116[empty] | F11=178[empty] | F12=88[empty] | F13=87[leaf_litter:2 rotten_flesh:2 wooden_sword:1] | F14=93[empty] | F15=203[empty] | F16=144[empty] | F17=126[empty] | F18=165[cobblestone:32 stick:5 birch_log:4] | F19=257[torch:4 oak_sapling:3 stick:2]
   mem: heap=134M/172M old=-1M ext=167M ab=164M rss=454M cols=102 ents=132 evicted=108 path=3a/0q (max 6) stale=0
F17 [F17] water: air-bar glitch ignored (oxygen 0 on dry land, 525 total)
F3 [F3] water: drowning rescue start (drowning, oxygen 10)
F3 [F3] water: pass 0 head=wet shore=none land=n/a y=44.0 o2=10 probes=0 at=[-101,44,387]
[hb] n=46 ts=921s rss=452M late=216ms mainLate=291ms
F3 [F3] water: pass 7 head=wet shore=none land=n/a y=44.9 o2=18 probes=0 at=[-101,45,387]
F3 [F3] water: pass 14 head=dry shore=hit r=6 land=none y=46.5 o2=20 probes=0 at=[-101,46,387]
F3 [F3] water: pass 20 head=wet shore=none land=n/a y=44.0 o2=20 probes=0 at=[-101,44,387]
F3 [F3] water: pass 27 head=dry shore=hit r=4 land=none y=45.1 o2=20 probes=0 at=[-101,45,387]
F3 [F3] water: pass 33 head=wet shore=none land=n/a y=44.9 o2=20 probes=0 at=[-101,45,387]
t-0s alive=19/19 mined=3183 map=1813p/27ch banked=1653 smelted=3 pocket=676u/101s | sand=3 gravel=0 dirt=61 stone=3
   deficits: 157926/3 (0.0%) 149380/0 (0.0%) 31860/0 (0.0%) 27420/0 (0.0%) 10725/15 (0.1%)
   F1=110[cobblestone:107 andesite:9 granite:9] | F2=335[cobblestone:227 dirt:43 diorite:21] | F3=141[cobblestone:17 oak_planks:4 stick:3] | F4=271[oak_log:5 stick:3 arrow:2] | F5=239[empty] | F6=118[dirt:10 oak_planks:4 stick:4] | F7=151[oak_log:10 crafting_table:1 oak_sapling:1] | F8=137[empty] | F9=224[empty] | F10=116[empty] | F11=178[empty] | F12=88[empty] | F13=87[leaf_litter:2 rotten_flesh:2 string:2] | F14=93[empty] | F15=203[empty] | F16=144[empty] | F17=126[empty] | F18=165[cobblestone:32 stick:5 birch_log:4] | F19=257[torch:4 oak_sapling:3 stick:2]
   mem: heap=128M/172M old=-1M ext=167M ab=165M rss=451M cols=102 ents=131 evicted=108 path=1a/0q (max 6) stale=0
F3 [F3] water: pass 40 head=wet shore=none land=n/a y=44.3 o2=20 probes=0 at=[-101,44,387]
F3 [F3] water: pass 47 head=dry shore=hit r=4 land=none y=45.9 o2=20 probes=0 at=[-101,46,387]
F7 [F7] combat: shelter try vs zombie (dist 6.9, proximity)
F7 [F7] combat: shelter skip (open field: no diggable wall, zombie@6.9)
F7 [F7] combat: shelter ring try vs zombie (dist 6.9, -z-x+x+z first, proximity)
F3 [F3] water: pass 53 head=wet shore=none land=n/a y=44.0 o2=20 probes=0 at=[-101,44,387]
F7 [F7] combat: sheltering from zombie (ring 8/8, proximity)
[hb] n=47 ts=941s rss=454M late=220ms mainLate=86ms
F3 [F3] water: pass 60 head=wet shore=none land=n/a y=44.7 o2=20 probes=0 at=[-101,45,387]
F3 [F3] water: rescue timeout (still wet, 74 passes, 0 probes, tail dry/dry/wet) in 25.1s
F3 [F3] water: hazard memorized at [-101,44,387] (9 live, fleet-wide)
F3 [F3] water: repeat wet page at the same cell (o2 20) - standing down, the walk machinery owns the exit
t-0s alive=19/19 mined=3183 map=1813p/27ch banked=1653 smelted=3 pocket=670u/101s | sand=3 gravel=0 dirt=61 stone=3
   deficits: 157926/3 (0.0%) 149380/0 (0.0%) 31860/0 (0.0%) 27420/0 (0.0%) 10725/15 (0.1%)
   F1=110[cobblestone:107 andesite:9 granite:9] | F2=335[cobblestone:227 dirt:43 diorite:21] | F3=141[cobblestone:17 oak_planks:4 stick:3] | F4=271[oak_log:5 stick:3 arrow:2] | F5=239[empty] | F6=118[dirt:10 oak_planks:4 stick:4] | F7=151[oak_log:4 crafting_table:1 oak_sapling:1] | F8=137[empty] | F9=224[empty] | F10=116[empty] | F11=178[empty] | F12=88[empty] | F13=87[leaf_litter:2 rotten_flesh:2 string:2] | F14=93[empty] | F15=203[empty] | F16=144[empty] | F17=126[empty] | F18=165[cobblestone:32 stick:5 birch_log:4] | F19=257[torch:4 oak_sapling:3 stick:2]
   mem: heap=142M/172M old=-1M ext=169M ab=166M rss=454M cols=101 ents=119 evicted=109 path=1a/0q (max 6) stale=0
F17 [F17] water: air-bar glitch ignored (oxygen 0 on dry land, 575 total)
F3 [F3] water: drowning rescue start (drowning, oxygen 10)
F3 [F3] water: pass 0 head=wet shore=none land=n/a y=44.0 o2=10 probes=0 at=[-101,44,387]
F4 [F4] combat: shelter skip (night=true armed=true threat=creeper@5.0)
F4 [F4] combat: fleeing creeper (dist 5.0, hp 6.5, 1 nearby, proximity)
F18 final bank: staggered +64s
F3 [F3] water: pass 7 head=wet shore=none land=n/a y=44.9 o2=18 probes=0 at=[-101,45,387]
F6 [F6] combat: fighting drowned (dist 4.3, hp 20.0, 1 nearby, proximity)
F3 [F3] water: pass 13 head=dry shore=hit r=6 land=none y=46.3 o2=20 probes=0 at=[-101,46,387]
F3 [F3] water: pass 19 head=wet shore=none land=n/a y=44.0 o2=20 probes=0 at=[-101,44,387]
[hb] n=48 ts=961s rss=454M late=224ms mainLate=37ms
F3 [F3] water: pass 26 head=wet shore=none land=n/a y=44.8 o2=20 probes=0 at=[-101,45,387]
t-0s alive=19/19 mined=3183 map=1813p/27ch banked=1653 smelted=3 pocket=684u/104s | sand=3 gravel=0 dirt=61 stone=3
   deficits: 157926/3 (0.0%) 149380/0 (0.0%) 31860/0 (0.0%) 27420/0 (0.0%) 10725/15 (0.1%)
   F1=110[cobblestone:107 andesite:9 granite:9] | F2=335[cobblestone:227 dirt:43 diorite:21] | F3=141[cobblestone:17 oak_planks:4 stick:3] | F4=271[oak_log:10 stick:8 wooden_shovel:2] | F5=239[empty] | F6=118[dirt:10 oak_planks:4 stick:4] | F7=151[oak_log:4 crafting_table:1 oak_sapling:1] | F8=137[empty] | F9=224[empty] | F10=116[empty] | F11=178[empty] | F12=88[empty] | F13=87[leaf_litter:2 rotten_flesh:2 string:2] | F14=93[empty] | F15=203[empty] | F16=144[empty] | F17=126[empty] | F18=165[cobblestone:32 stick:5 birch_log:4] | F19=257[torch:4 oak_sapling:3 stick:2]
   mem: heap=134M/172M old=-1M ext=169M ab=167M rss=454M cols=0 ents=0 evicted=0 path=0a/0q (max 6) stale=0
F3 [F3] water: pass 33 head=dry shore=hit r=6 land=none y=46.0 o2=20 probes=0 at=[-101,46,387]
F4 [F4] died - respawning (cause: drowned@7.8 (0s before death at [-129,64,416]))
F4 [F4] water: death spot memorized as a hazard at [-129,64,416] (8 live, fleet-wide)
F3 [F3] water: pass 38 head=wet shore=none land=n/a y=44.0 o2=20 probes=0 at=[-101,44,387]
F3 [F3] water: pass 45 head=wet shore=none land=n/a y=44.7 o2=20 probes=0 at=[-101,45,387]
F3 [F3] water: pass 52 head=dry shore=hit r=4 land=none y=45.3 o2=20 probes=0 at=[-101,45,387]
F3 [F3] water: pass 58 head=wet shore=none land=n/a y=44.1 o2=20 probes=0 at=[-101,44,387]
t-0s alive=19/19 mined=3183 map=1813p/27ch banked=1653 smelted=3 pocket=656u/92s | sand=3 gravel=0 dirt=61 stone=3
   deficits: 157926/3 (0.0%) 149380/0 (0.0%) 31860/0 (0.0%) 27420/0 (0.0%) 10725/15 (0.1%)
   F1=110[cobblestone:107 andesite:9 granite:9] | F2=335[cobblestone:227 dirt:43 diorite:21] | F3=141[cobblestone:17 oak_planks:4 stick:3] | F4=271[empty] | F5=239[empty] | F6=118[dirt:10 oak_planks:4 stick:4] | F7=151[oak_log:6 crafting_table:1 oak_sapling:1] | F8=137[empty] | F9=224[empty] | F10=116[empty] | F11=178[empty] | F12=88[empty] | F13=87[leaf_litter:2 rotten_flesh:2 string:2] | F14=93[empty] | F15=203[empty] | F16=144[empty] | F17=126[empty] | F18=165[cobblestone:32 stick:5 birch_log:4] | F19=257[torch:4 oak_sapling:3 stick:2]
   mem: heap=126M/173M old=-1M ext=169M ab=166M rss=451M cols=0 ents=0 evicted=0 path=0a/0q (max 6) stale=0
F3 [F3] water: rescue timeout (still wet, 74 passes, 0 probes, tail dry/wet/wet) in 25.2s
F3 [F3] water: hazard memorized at [-101,44,387] (8 live, fleet-wide)
F3 [F3] water: repeat wet page at the same cell (o2 20) - standing down, the walk machinery owns the exit
F17 [F17] water: air-bar glitch ignored (oxygen 0 on dry land, 625 total)
[hb] n=49 ts=981s rss=454M late=227ms mainLate=11ms
F3 [F3] water: drowning rescue start (drowning, oxygen 10)
F3 [F3] water: pass 0 head=wet shore=none land=n/a y=44.0 o2=10 probes=0 at=[-101,44,387]
F3 [F3] water: pass 7 head=dry shore=hit r=4 land=none y=45.1 o2=18 probes=0 at=[-101,45,387]
F3 [F3] water: pass 13 head=dry shore=hit r=6 land=none y=46.0 o2=20 probes=0 at=[-101,46,387]
t-0s alive=19/19 mined=3183 map=1813p/27ch banked=1653 smelted=3 pocket=656u/92s | sand=3 gravel=0 dirt=61 stone=3
   deficits: 157926/3 (0.0%) 149380/0 (0.0%) 31860/0 (0.0%) 27420/0 (0.0%) 10725/15 (0.1%)
   F1=110[cobblestone:107 andesite:9 granite:9] | F2=335[cobblestone:227 dirt:43 diorite:21] | F3=141[cobblestone:17 oak_planks:4 stick:3] | F4=271[empty] | F5=239[empty] | F6=118[dirt:10 oak_planks:4 stick:4] | F7=151[oak_log:6 crafting_table:1 oak_sapling:1] | F8=137[empty] | F9=224[empty] | F10=116[empty] | F11=178[empty] | F12=88[empty] | F13=87[leaf_litter:2 rotten_flesh:2 string:2] | F14=93[empty] | F15=203[empty] | F16=144[empty] | F17=126[empty] | F18=165[cobblestone:32 stick:5 birch_log:4] | F19=257[torch:4 oak_sapling:3 stick:2]
   mem: heap=129M/173M old=-1M ext=169M ab=166M rss=454M cols=0 ents=0 evicted=0 path=0a/0q (max 6) stale=0
F3 [F3] water: pass 18 head=wet shore=none land=n/a y=44.0 o2=20 probes=0 at=[-101,44,387]
F3 [F3] water: pass 25 head=wet shore=none land=n/a y=44.7 o2=20 probes=0 at=[-101,45,387]
F3 [F3] water: pass 32 head=dry shore=hit r=4 land=none y=45.3 o2=20 probes=0 at=[-101,45,387]
[hb] n=50 ts=1001s rss=451M late=231ms mainLate=3ms
F3 [F3] water: pass 38 head=wet shore=none land=n/a y=44.1 o2=20 probes=0 at=[-101,44,387]
F3 [F3] water: pass 44 head=wet shore=none land=n/a y=44.9 o2=20 probes=0 at=[-101,45,387]
F3 [F3] water: pass 51 head=dry shore=hit r=6 land=none y=46.5 o2=20 probes=0 at=[-101,46,387]
t-0s alive=19/19 mined=3183 map=1813p/27ch banked=1653 smelted=3 pocket=656u/92s | sand=3 gravel=0 dirt=61 stone=3
   deficits: 157926/3 (0.0%) 149380/0 (0.0%) 31860/0 (0.0%) 27420/0 (0.0%) 10725/15 (0.1%)
   F1=110[cobblestone:107 andesite:9 granite:9] | F2=335[cobblestone:227 dirt:43 diorite:21] | F3=141[cobblestone:17 oak_planks:4 stick:3] | F4=271[empty] | F5=239[empty] | F6=118[dirt:10 oak_planks:4 stick:4] | F7=151[oak_log:6 crafting_table:1 oak_sapling:1] | F8=137[empty] | F9=224[empty] | F10=116[empty] | F11=178[empty] | F12=88[empty] | F13=87[leaf_litter:2 rotten_flesh:2 string:2] | F14=93[empty] | F15=203[empty] | F16=144[empty] | F17=126[empty] | F18=165[cobblestone:32 stick:5 birch_log:4] | F19=257[torch:4 oak_sapling:3 stick:2]
   mem: heap=136M/173M old=-1M ext=170M ab=168M rss=451M cols=0 ents=0 evicted=0 path=0a/0q (max 6) stale=0
F3 [F3] water: pass 57 head=wet shore=none land=n/a y=44.0 o2=20 probes=0 at=[-101,44,387]
F17 [F17] water: air-bar glitch ignored (oxygen 0 on dry land, 675 total)
F3 [F3] water: rescue timeout (still wet, 73 passes, 0 probes, tail wet/wet/wet) in 25.2s
F3 [F3] water: hazard memorized at [-101,44,387] (6 live, fleet-wide)
F7 [F7] combat: shelter try vs zombie (dist 5.4, proximity)
F7 [F7] combat: shelter skip (open field: no diggable wall, zombie@5.4)
F7 [F7] combat: shelter skip (open field: ring stock 6/8, ground earns nothing)
F7 [F7] combat: fleeing zombie (dist 5.4, hp 14.5, 2 nearby, proximity)
F18 final climb: failed - climb skipped (slice 0s < min 15s - the chain keeps its budget)
F18 final bank: 0 (budget exhausted)
================ FLEET RESULT (normal end - deadline 600s reached) ================
bots=19 spawned=19 reconnects=11 kicks=0 tools=19 recovered=5 reboots=0 upgraded=20 swords=20 alive=19 climbs=27 banked=1653 smelted=3 planted=7 torched=3 fights=33 shelters=3 rescues=64 airGlitches=701 claims=15 claimedHolds=0 wet=6 wt=2
server guard: losses=0 (window 0/10) relogins=29 probe=n/a dead=no revives=0 restarts=0
pickaxe tiers at end: wooden_pickaxe,stone_pickaxe,iron_pickaxe -> wooden=12 stone=4 iron=0
blocks mined: 3183 in ~600s = 5.30 blocks/s (318/min)
loot ledger: mined=3183 banked=1653 smelted=3 pocket=656u/92s accounted=2312 unaccounted=871 conversion=72.6%
  sand          collected       3 (0.002% of 157,926)
  gravel        collected       0 (0.000% of 149,380)
  dirt          collected      61
  stone         collected     386 (5.765% of 6,695)
materials: {"oak_log":216,"birch_log":61,"grass_block":100,"dirt":604,"granite":67,"stone":1394,"coal_ore":131,"iron_ore":25,"copper_ore":120,"andesite":142,"diorite":141,"sand":84,"oak_leaves":14,"gravel":76,"clay":4,"birch_leaves":3,"sandstone":1}
kicks handled: 0 (reconnect attempts: 11)
no-path ledger: 5 live verdict(s) at end phase
full-chest ledger: 0 live verdict(s) at end phase
doomed-goal ledger: 191 recorded, 313 re-issues refused at the funnel, 5 live at end phase (v0.72.0 spiral breaker)
walk governor: 2 stall(s) opened, 66 churn re-issues refused (v0.74.0 churn breaker - goals queued+done with zero progress during the run68-class storms)
fleet churn ceiling: 0 open(s), 0 aggregate re-issues refused (v0.77.0 - the per-bot limit leaves the fleet-wide burst unbounded)
worldmap: 1813 positions, 27 chunks scanned, top: coal_ore=552 sand=385 copper_ore=320 oak_log=295 gravel=97
report: data/fleet-report.json written
plan progress: 1/31 resources complete
