launching 19 bots for 600s -> targets sand, gravel, dirt, stone
[hb] n=1 ts=21s rss=242M late=6ms mainLate=0ms
[hb] n=2 ts=41s rss=319M late=11ms mainLate=450ms
[hb] n=3 ts=61s rss=361M late=14ms mainLate=651ms
t-532s alive=19/19 mined=51 map=225p/6ch banked=0 smelted=0 pocket=34u/10s | sand=0 gravel=0 dirt=0 stone=0
   deficits: 157926/0 (0.0%) 149380/0 (0.0%) 31860/0 (0.0%) 27420/0 (0.0%) 10725/0 (0.0%)
   F1=7[oak_log:4 birch_log:3] | F2=8[birch_log:5 oak_log:2] | F3=0[empty] | F4=2[empty] | F5=1[empty] | F6=0[empty] | F7=0[empty] | F8=7[empty] | F9=7[empty] | F10=1[oak_log:7] | F11=4[birch_log:3] | F12=3[oak_log:4] | F13=0[chest:2] | F14=5[empty] | F15=3[oak_log:2] | F16=2[oak_log:2] | F17=1[empty] | F18=0[empty] | F19=0[empty]
   mem: heap=106M/139M old=-1M ext=130M ab=127M rss=368M cols=2062 ents=1792 evicted=221 path=6a/6q (max 6) stale=0
[hb] n=4 ts=81s rss=370M late=19ms mainLate=641ms
t-517s alive=19/19 mined=67 map=285p/7ch banked=0 smelted=0 pocket=51u/18s | sand=0 gravel=0 dirt=0 stone=0
   deficits: 157926/0 (0.0%) 149380/0 (0.0%) 31860/0 (0.0%) 27420/0 (0.0%) 10725/0 (0.0%)
   F1=7[oak_log:4 birch_log:3 oak_sapling:1] | F2=8[birch_log:5 oak_log:2] | F3=0[empty] | F4=4[empty] | F5=1[empty] | F6=0[empty] | F7=0[empty] | F8=7[empty] | F9=7[oak_log:1] | F10=1[oak_log:7] | F11=8[birch_log:5] | F12=3[oak_log:6] | F13=1[chest:2] | F14=5[oak_sapling:1] | F15=3[oak_log:2 birch_log:2 stick:2] | F16=2[oak_log:2 oak_sapling:1] | F17=5[empty] | F18=4[birch_log:2] | F19=1[oak_log:3]
   mem: heap=105M/140M old=-1M ext=132M ab=130M rss=368M cols=2098 ents=1789 evicted=284 path=6a/10q (max 6) stale=0
t-502s alive=19/19 mined=109 map=322p/7ch banked=0 smelted=0 pocket=77u/25s | sand=0 gravel=0 dirt=0 stone=0
   deficits: 157926/0 (0.0%) 149380/0 (0.0%) 31860/0 (0.0%) 27420/0 (0.0%) 10725/0 (0.0%)
   F1=7[oak_planks:12 birch_planks:6 stick:4] | F2=9[birch_log:5 oak_log:2] | F3=6[empty] | F4=8[birch_log:2] | F5=2[birch_log:3 oak_log:1] | F6=2[empty] | F7=0[empty] | F8=12[birch_log:1 oak_log:1] | F9=12[oak_log:1] | F10=5[oak_log:7] | F11=8[birch_log:5] | F12=3[oak_log:6] | F13=4[chest:2 oak_log:2] | F14=5[oak_sapling:1] | F15=6[oak_log:2 birch_log:2 stick:2] | F16=5[oak_log:2 oak_sapling:1] | F17=5[empty] | F18=6[birch_log:3] | F19=4[oak_log:3]
   mem: heap=100M/144M old=-1M ext=129M ab=126M rss=376M cols=2044 ents=2113 evicted=406 path=6a/4q (max 6) stale=0
[hb] n=5 ts=101s rss=376M late=24ms mainLate=397ms
F1 [F1] craft torches: stick-dry but 14 planks held - one stick batch first
F1 [F1] craft torches: skip (no coal: sticks 4 coals 0)
F1 dir=(1.00,0.00) logs=1 tools=wooden_pickaxe
F1 spare pick due: spare (planks available)
F1 spare pick: OK (wooden_pickaxe, holds 2)
F1 sword due: planks available
F1 sword: OK (wooden_sword, holds 1)
F1 sword: OK (wooden_sword)
F1 [F1] craft torches: stick-dry but 7 planks held - one stick batch first
F1 [F1] craft torches: skip (no coal: sticks 5 coals 0)
F1 [F1] torch: the placement did not land (dry) x1 - the streak names itself once, a landing re-arms it
t-487s alive=19/19 mined=160 map=398p/9ch banked=0 smelted=0 pocket=141u/40s | sand=0 gravel=0 dirt=3 stone=0
   deficits: 157926/0 (0.0%) 149380/0 (0.0%) 31860/0 (0.0%) 27420/0 (0.0%) 10725/0 (0.0%)
   F1=15[oak_planks:5 stick:5 cobblestone:4] | F2=12[birch_log:5 oak_log:2] | F3=9[birch_log:9 oak_log:5] | F4=8[birch_log:2] | F5=5[oak_log:5 birch_log:3] | F6=8[oak_log:2] | F7=6[empty] | F8=13[birch_log:3 oak_log:1] | F9=13[oak_log:1] | F10=5[oak_log:7] | F11=12[birch_log:5] | F12=3[oak_planks:12 oak_log:6 birch_planks:6] | F13=7[oak_log:4 chest:2] | F14=7[oak_sapling:1 birch_sapling:1] | F15=8[oak_log:8 birch_log:2 stick:2] | F16=7[oak_log:4 oak_sapling:1] | F17=8[oak_log:2] | F18=8[birch_log:7 oak_log:1] | F19=6[oak_log:5]
   mem: heap=101M/143M old=-1M ext=129M ab=127M rss=378M cols=2028 ents=1867 evicted=496 path=6a/3q (max 6) stale=0
F1 tool upgrade due: cobble available -> stone_pickaxe
F12 [F12] craft torches: stick-dry but 14 planks held - one stick batch first
F12 [F12] craft torches: skip (no coal: sticks 4 coals 0)
F1 [toolupgrade] [upgrade] upgraded: stone_pickaxe,wooden_shovel,wooden_pickaxe,wooden_pickaxe
F1 tool upgrade: OK -> stone_pickaxe (stone_pickaxe,wooden_shovel,wooden_pickaxe,wooden_pickaxe)
F1 [F1] craft torches: skip (no coal: sticks 3 coals 0)
F3 [F3] craft torches: stick-dry but 14 planks held - one stick batch first
F3 [F3] craft torches: skip (no coal: sticks 4 coals 0)
F3 dir=(0.79,0.61) logs=8 tools=wooden_pickaxe
F3 spare pick due: spare (planks available)
F3 spare pick: OK (wooden_pickaxe, holds 2)
F3 sword due: planks available
[hb] n=6 ts=121s rss=378M late=29ms mainLate=659ms
F3 sword: OK (wooden_sword, holds 1)
F3 sword: OK (wooden_sword)
F3 [F3] craft torches: stick-dry but 7 planks held - one stick batch first
F3 [F3] craft torches: skip (no coal: sticks 5 coals 0)
F12 dir=(-0.88,-0.48) logs=6 tools=wooden_pickaxe
F12 spare pick due: spare (planks available)
F1 [F1] craft torches: 1 batch(es) -> 4 torches (sticks 3 coals 1)
F12 spare pick: OK (wooden_pickaxe, holds 2)
F12 sword due: planks available
F12 sword: OK (wooden_sword, holds 1)
F12 sword: OK (wooden_sword)
F12 [F12] craft torches: stick-dry but 7 planks held - one stick batch first
F12 [F12] craft torches: skip (no coal: sticks 5 coals 0)
F2 [F2] craft torches: stick-dry but 14 planks held - one stick batch first
F2 [F2] craft torches: skip (no coal: sticks 4 coals 0)
F3 [F3] torch: the placement did not land (dry) x1 - the streak names itself once, a landing re-arms it
F2 dir=(0.95,0.32) logs=2 tools=wooden_pickaxe
F2 spare pick due: spare (planks available)
F2 spare pick: OK (wooden_pickaxe, holds 2)
F2 sword due: planks available
F2 sword: OK (wooden_sword, holds 1)
F2 sword: OK (wooden_sword)
F2 [F2] craft torches: stick-dry but 7 planks held - one stick batch first
t-472s alive=19/19 mined=223 map=437p/9ch banked=0 smelted=0 pocket=227u/73s | sand=0 gravel=0 dirt=12 stone=0
   deficits: 157926/0 (0.0%) 149380/0 (0.0%) 31860/0 (0.0%) 27420/0 (0.0%) 10725/2 (0.0%)
   F1=28[cobblestone:12 dirt:3 torch:3] | F2=15[birch_log:2 wooden_pickaxe:2 stick:1] | F3=19[birch_log:6 cobblestone:6 stick:5] | F4=11[oak_log:3 birch_log:2 oak_sapling:1] | F5=5[oak_planks:12 oak_log:4 birch_planks:2] | F6=8[oak_log:8] | F7=9[oak_log:1] | F8=19[birch_log:3 oak_log:1] | F9=19[oak_log:1] | F10=8[oak_log:10] | F11=13[birch_log:5 oak_log:3] | F12=10[oak_log:6 oak_planks:5 stick:5] | F13=10[oak_log:10 chest:2] | F14=8[oak_sapling:1 birch_sapling:1] | F15=8[oak_planks:12 stick:6 oak_log:5] | F16=7[oak_log:4 oak_sapling:2] | F17=9[oak_log:3] | F18=8[birch_log:4 oak_planks:4 birch_planks:3] | F19=9[oak_log:7]
   mem: heap=106M/144M old=-1M ext=125M ab=123M rss=376M cols=1995 ents=1866 evicted=570 path=6a/7q (max 6) stale=0
F2 [F2] craft torches: skip (no coal: sticks 5 coals 0)
F3 tool upgrade due: cobble available -> stone_pickaxe
F12 [F12] torch: the placement did not land (dry) x1 - the streak names itself once, a landing re-arms it
F18 [F18] craft torches: stick-dry but 6 planks held - one stick batch first
F18 [F18] craft torches: skip (no coal: sticks 4 coals 0)
F7 dir=(-0.40,0.92) logs=0 tools=no crafting table
F7 tool recovery: no pickaxe - spare-pick craft first
F7 spare pick: skip (no pickaxe materials (need 3 ingots / 3 cobble / 3 planks of ONE type))
F7 tool recovery: spare craft failed (no pickaxe materials (need 3 ingots / 3 cobble / 3 planks of ONE type)) - re-running the bootstrap
F15 [F15] craft torches: stick-dry but 10 planks held - one stick batch first
F15 [F15] craft torches: skip (no coal: sticks 6 coals 0)
F1 [F1] craft torches: stick-dry with logs held - one plank conversion first
F1 [F1] craft torches: stick-dry but 5 planks held - one stick batch first
F1 [F1] craft torches: 2 batch(es) -> 8 torches (sticks 2 coals 2)
F12 tool upgrade due: cobble available -> stone_pickaxe
F3 [toolupgrade] [upgrade] upgraded: stone_pickaxe,wooden_shovel,wooden_pickaxe,wooden_pickaxe
F3 tool upgrade: OK -> stone_pickaxe (stone_pickaxe,wooden_shovel,wooden_pickaxe,wooden_pickaxe)
F3 [F3] craft torches: skip (no coal: sticks 3 coals 0)
F1 [F1] [tools] closing stale craft window (minecraft:inventory) - grid recovery
F2 [F2] torch: the placement did not land (dry) x1 - the streak names itself once, a landing re-arms it
F18 dir=(0.79,-0.61) logs=4 tools=wooden_pickaxe
F18 spare pick due: spare (planks available)
F15 dir=(-0.08,-1.00) logs=5 tools=wooden_pickaxe
F15 spare pick due: spare (planks available)
F15 spare pick: OK (wooden_pickaxe, holds 2)
F15 sword due: planks available
F18 spare pick: OK (wooden_pickaxe, holds 2)
F18 [F18] craft torches: stick-dry with logs held - one plank conversion first
F12 [toolupgrade] [upgrade] upgraded: stone_pickaxe,wooden_shovel,wooden_pickaxe,wooden_pickaxe
F12 tool upgrade: OK -> stone_pickaxe (stone_pickaxe,wooden_shovel,wooden_pickaxe,wooden_pickaxe)
F12 [F12] craft torches: skip (no coal: sticks 3 coals 0)
F2 tool upgrade due: cobble available -> stone_pickaxe
F13 [F13] craft torches: stick-dry with logs held - one plank conversion first
F6 [F6] craft torches: stick-dry with logs held - one plank conversion first
F15 sword: OK (wooden_sword, holds 1)
F15 sword: OK (wooden_sword)
F15 [F15] craft torches: skip (no coal: sticks 3 coals 0)
F13 [F13] craft torches: stick-dry but 6 planks held - one stick batch first
F6 [F6] craft torches: stick-dry but 6 planks held - one stick batch first
F18 [F18] craft torches: stick-dry but 9 planks held - one stick batch first
F13 [F13] craft torches: skip (no coal: sticks 4 coals 0)
F18 [F18] craft torches: skip (no coal: sticks 6 coals 0)
F6 [F6] craft torches: skip (no coal: sticks 4 coals 0)
F6 dir=(-0.08,1.00) logs=4 tools=wooden_pickaxe
F6 spare pick due: spare (planks available)
F6 spare pick: OK (wooden_pickaxe, holds 2)
F6 [F6] craft torches: stick-dry with logs held - one plank conversion first
F13 dir=(-0.68,-0.74) logs=6 tools=wooden_pickaxe
F13 spare pick due: spare (planks available)
[hb] n=7 ts=141s rss=372M late=34ms mainLate=388ms
F6 [F6] craft torches: stick-dry but 9 planks held - one stick batch first
F13 spare pick: OK (wooden_pickaxe, holds 2)
F13 [F13] craft torches: stick-dry with logs held - one plank conversion first
F4 [F4] craft torches: stick-dry but 10 planks held - one stick batch first
F6 [F6] craft torches: skip (no coal: sticks 6 coals 0)
F4 [F4] craft torches: skip (no coal: sticks 4 coals 0)
F3 [F3] craft torches: skip (no coal: sticks 3 coals 0)
F3 [F3] craft torches: skip (no coal: sticks 3 coals 0)
F3 tunnel: steering coal_ore @ 4.3b (axis x+, cross 2.5, floor lock)
F11 [F11] craft torches: stick-dry but 14 planks held - one stick batch first
F2 [toolupgrade] [upgrade] upgraded: stone_pickaxe,wooden_shovel,wooden_pickaxe,wooden_pickaxe
F2 tool upgrade: OK -> stone_pickaxe (stone_pickaxe,wooden_shovel,wooden_pickaxe,wooden_pickaxe)
F2 [F2] craft torches: skip (no coal: sticks 3 coals 0)
F4 dir=(0.55,0.84) logs=0 tools=wooden_pickaxe
F4 spare pick due: spare (planks available)
F11 [F11] craft torches: skip (no coal: sticks 4 coals 0)
F11 dir=(-0.99,-0.16) logs=3 tools=wooden_pickaxe
F11 spare pick due: spare (planks available)
F15 [F15] torch: the placement did not land (dry) x1 - the streak names itself once, a landing re-arms it
F12 [F12] craft torches: skip (no coal: sticks 3 coals 0)
F12 [F12] craft torches: skip (no coal: sticks 3 coals 0)
F12 tunnel: steering coal_ore @ 8.4b (axis x+, cross 3.5, floor lock)
F13 [F13] craft torches: stick-dry but 9 planks held - one stick batch first
t-456s alive=19/19 mined=292 map=526p/11ch banked=0 smelted=0 pocket=344u/118s | sand=0 gravel=0 dirt=30 stone=0
   deficits: 157926/0 (0.0%) 149380/0 (0.0%) 31860/0 (0.0%) 27420/0 (0.0%) 10725/14 (0.1%)
   F1=28[cobblestone:12 stick:6 torch:4] | F2=28[cobblestone:7 dirt:4 stick:3] | F3=35[cobblestone:11 andesite:9 dirt:8] | F4=11[oak_planks:7 stick:4 oak_sapling:2] | F5=5[oak_planks:12 oak_log:4 birch_planks:3] | F6=11[oak_planks:7 stick:6 dirt:3] | F7=12[stick:4 oak_planks:2] | F8=19[birch_log:5 oak_log:2 stick:2] | F9=19[oak_log:4 oak_sapling:1] | F10=8[oak_log:10] | F11=13[oak_planks:12 stick:4 birch_log:2] | F12=25[cobblestone:13 oak_log:6 dirt:5] | F13=10[oak_log:4 stick:2 wooden_pickaxe:2] | F14=10[oak_log:4 oak_sapling:1 birch_sapling:1] | F15=16[oak_log:5 stick:3 dirt:3] | F16=7[oak_log:6 oak_sapling:2] | F17=9[oak_log:3] | F18=15[stick:6 birch_planks:6 cobblestone:4] | F19=11[oak_log:7]
   mem: heap=120M/145M old=-1M ext=126M ab=123M rss=373M cols=1992 ents=1966 evicted=630 path=5a/0q (max 6) stale=0
F18 [F18] torch: the placement did not land (dry) x1 - the streak names itself once, a landing re-arms it
F13 [F13] craft torches: skip (no coal: sticks 6 coals 0)
F11 spare pick: OK (wooden_pickaxe, holds 2)
F11 sword due: planks available
F4 spare pick: OK (wooden_pickaxe, holds 2)
F4 sword due: planks available
F11 sword: OK (wooden_sword, holds 1)
F11 sword: OK (wooden_sword)
F11 [F11] craft torches: stick-dry but 7 planks held - one stick batch first
F18 tool upgrade due: cobble available -> stone_pickaxe
F4 sword: OK (wooden_sword, holds 1)
F4 sword: OK (wooden_sword)
F4 [F4] craft torches: skip (no spare sticks: sticks 1 coals 0)
F11 [F11] craft torches: skip (no coal: sticks 5 coals 0)
F1 [F1] craft torch: variant#3 attempt0 failed: craft torch: timeout after 7000ms
F1 [F1] [tools] closing stale craft window (minecraft:inventory) - grid recovery
F6 [F6] torch: the placement did not land (dry) x1 - the streak names itself once, a landing re-arms it
F15 [F15] digShaft: water strike at y=50 -> water table (regions 1); fluid below (-117, 51, 397) - moving sideways
F15 [F15] digShaft: water table y=54 (region strike) - stopping above the aquifer, the tunnel owns this level (regions 1)
F15 [F15] craft torches: skip (no coal: sticks 3 coals 0)
F15 [F15] digShaft: water strike at y=50 -> water table (regions 1); fluid below (-117, 51, 397) - moving sideways
F15 [F15] digShaft: water strike at y=50 -> water table (regions 1); fluid below (-117, 51, 397) - moving sideways
F15 [F15] craft torches: skip (no coal: sticks 3 coals 0)
F15 [F15] digShaft: water strike at y=50 -> water table (regions 1); fluid below (-117, 51, 397) - moving sideways
F15 tunnel: steering coal_ore @ 6.7b (axis x--1, cross 0.5, floor lock)
F13 [F13] torch: the placement did not land (dry) x1 - the streak names itself once, a landing re-arms it
F18 [toolupgrade] [upgrade] upgraded: stone_pickaxe,wooden_shovel,wooden_pickaxe,wooden_pickaxe
F18 tool upgrade: OK -> stone_pickaxe (stone_pickaxe,wooden_shovel,wooden_pickaxe,wooden_pickaxe)
F18 sword due: planks available
F6 tool upgrade due: cobble available -> stone_pickaxe
F18 sword: OK (wooden_sword, holds 1)
F18 sword: OK (wooden_sword)
F18 [F18] craft torches: skip (no coal: sticks 3 coals 0)
F18 [F18] digShaft: water table y=54 (region strike) - stopping above the aquifer, the tunnel owns this level (regions 1)
F18 tunnel: steering coal_ore @ 13.5b (axis x--1, cross 0.3278298070101755, ore detour)
F3 tunnel: 12 blocks (branch mine at the floor, steered, floor lock)
F11 [F11] torch: the placement did not land (dry) x1 - the streak names itself once, a landing re-arms it
F11 [F11] digShaft: water table y=54 (region strike) - stopping above the aquifer, the tunnel owns this level (regions 1)
F1 [F1] [tools] closing stale craft window (minecraft:inventory) - grid recovery
F1 [F1] craft torches: craft did not land (held 8 torch(es))
F1 wood trip: famine (sticks 5 planks 3 logs 0) - gathering
F11 [F11] craft torches: skip (no coal: sticks 5 coals 0)
F11 [F11] digShaft: water table y=54 (region strike) - stopping above the aquifer, the tunnel owns this level (regions 1)
F11 [F11] craft torches: skip (no coal: sticks 5 coals 0)
F11 [F11] digShaft: water table y=54 (region strike) - stopping above the aquifer, the tunnel owns this level (regions 1)
F11 tunnel: steering coal_ore @ 4.6b (axis z--1, cross 0.33599667118305376, floor lock)
F10 [F10] craft torches: stick-dry with logs held - one plank conversion first
F4 [F4] torch: the placement did not land (dry) x1 - the streak names itself once, a landing re-arms it
F12 tunnel: 12 blocks (branch mine at the floor, steered, floor lock)
F10 [F10] craft torches: stick-dry but 6 planks held - one stick batch first
F10 [F10] craft torches: skip (no coal: sticks 4 coals 0)
F4 tool upgrade due: cobble available -> stone_pickaxe
F4 [toolupgrade] [upgrade] craft crafting_table: no craftable recipe variant (ingredients missing?)
F4 tool upgrade: failed -> none (no table material)
F4 [F4] craft torches: skip (no coal: sticks 5 coals 0)
F4 [F4] digShaft: water table y=54 (region strike) - stopping above the aquifer, the tunnel owns this level (regions 1)
F4 tunnel: steering copper_ore @ 10.4b (axis z+, cross 0.5, ore detour)
F6 [toolupgrade] [upgrade] upgraded: stone_pickaxe,wooden_shovel,wooden_pickaxe,wooden_pickaxe
F6 tool upgrade: OK -> stone_pickaxe (stone_pickaxe,wooden_shovel,wooden_pickaxe,wooden_pickaxe)
F6 sword due: planks available
F5 [F5] craft torches: stick-dry but 6 planks held - one stick batch first
F5 [F5] craft torches: skip (no coal: sticks 4 coals 0)
F5 dir=(0.25,0.97) logs=6 tools=wooden_pickaxe
F5 spare pick due: spare (planks available)
F6 sword: OK (wooden_sword, holds 1)
F6 sword: OK (wooden_sword)
F6 [F6] craft torches: skip (no coal: sticks 3 coals 0)
F6 [F6] digShaft: water table y=54 (region strike) - stopping above the aquifer, the tunnel owns this level (regions 1)
F13 tool upgrade due: cobble available -> stone_pickaxe
F5 spare pick: OK (wooden_pickaxe, holds 2)
F5 [F5] craft torches: stick-dry with logs held - one plank conversion first
F11 tunnel: 2 blocks (branch mine at the floor, steered, floor lock)
F5 [F5] craft torches: stick-dry but 9 planks held - one stick batch first
F5 [F5] craft torches: skip (no coal: sticks 6 coals 0)
F2 [F2] water: drowning rescue start (drowning, oxygen 14)
F2 [F2] water: pass 0 head=wet shore=none land=n/a y=47.0 o2=14 probes=0 at=[-115,47,399]
F8 [F8] craft torches: stick-dry but 10 planks held - one stick batch first
F4 tunnel: 2 blocks (branch mine at the floor, steered, ore detour)
F10 dir=(-0.99,0.16) logs=6 tools=wooden_pickaxe
F10 spare pick due: spare (planks available)
F8 [F8] craft torches: skip (no coal: sticks 6 coals 0)
F8 dir=(-0.68,0.74) logs=2 tools=wooden_pickaxe
F8 spare pick due: spare (planks available)
F2 [F2] craft torches: skip (no coal: sticks 3 coals 0)
F2 [F2] water: transit toward known land (birch_log) at [-111,393] d=7
F18 tunnel: 12 blocks (branch mine at the floor, steered, ore detour)
F10 spare pick: OK (wooden_pickaxe, holds 2)
F10 [F10] craft torches: stick-dry with logs held - one plank conversion first
F8 spare pick: OK (wooden_pickaxe, holds 2)
F8 sword due: planks available
F13 [toolupgrade] [upgrade] upgraded: stone_pickaxe,wooden_shovel,wooden_pickaxe,wooden_pickaxe
F13 tool upgrade: OK -> stone_pickaxe (stone_pickaxe,wooden_shovel,wooden_pickaxe,wooden_pickaxe)
F13 sword due: planks available
t-441s alive=19/19 mined=427 map=590p/11ch banked=0 smelted=0 pocket=500u/158s | sand=0 gravel=0 dirt=49 stone=0
   deficits: 157926/0 (0.0%) 149380/0 (0.0%) 31860/0 (0.0%) 27420/0 (0.0%) 10725/27 (0.3%)
   F1=35[cobblestone:12 torch:8 andesite:6] | F2=34[cobblestone:13 dirt:4 stick:3] | F3=54[cobblestone:20 raw_copper:16 andesite:10] | F4=22[cobblestone:9 stick:5 leaf_litter:2] | F5=9[oak_planks:6 stick:6 dirt:3] | F6=20[cobblestone:8 dirt:4 stick:3] | F7=15[stick:9 birch_log:3 oak_log:3] | F8=19[oak_planks:5 stick:4 birch_log:2] | F9=19[oak_log:4 dirt:2 oak_sapling:1] | F10=8[oak_log:5 oak_planks:5 stick:2] | F11=24[cobblestone:7 stick:5 oak_planks:5] | F12=36[cobblestone:18 andesite:11 oak_log:6] | F13=25[cobblestone:5 oak_log:4 stick:4] | F14=14[oak_log:9 oak_sapling:1 birch_sapling:1] | F15=30[cobblestone:13 oak_log:5 diorite:5] | F16=7[oak_log:6 leaf_litter:3 oak_sapling:2] | F17=11[oak_log:3 leaf_litter:3] | F18=30[cobblestone:8 diorite:8 dirt:4] | F19=15[oak_log:7 stick:2 oak_sapling:1]
   mem: heap=107M/146M old=-1M ext=124M ab=122M rss=376M cols=1980 ents=1953 evicted=681 path=6a/2q (max 6) stale=0
F11 [F11] vein sweep: 2 drop(s) in reach (2 dug)
F8 sword: OK (wooden_sword, holds 1)
F8 sword: OK (wooden_sword)
F8 [F8] craft torches: skip (no coal: sticks 3 coals 0)
F13 sword: OK (wooden_sword, holds 1)
F13 sword: OK (wooden_sword)
F13 [F13] craft torches: skip (no coal: sticks 3 coals 0)
F2 [F2] water: pass 6 head=wet shore=none land=n/a y=49.2 o2=18 probes=0 at=[-115,49,398]
F2 [F2] water: transit toward known land (birch_log) at [-111,393] d=7
[hb] n=8 ts=161s rss=377M late=39ms mainLate=641ms
F2 [F2] water: transit toward known land (birch_log) at [-111,393] d=7
F10 [F10] craft torches: stick-dry but 9 planks held - one stick batch first
F18 [F18] vein sweep: 2 drop(s) in reach (2 dug)
F10 [F10] craft torches: skip (no coal: sticks 6 coals 0)
F2 [F2] water: pass 10 head=dry shore=hit r=1 land=none y=51.1 o2=20 probes=0 at=[-115,51,398]
F15 tunnel: 12 blocks (branch mine at the floor, steered, floor lock)
F5 [F5] torch: the placement did not land (dry) x1 - the streak names itself once, a landing re-arms it
F6 [F6] craft torches: skip (no coal: sticks 3 coals 0)
F2 [F2] water: pass 15 head=wet shore=none land=n/a y=49.0 o2=20 probes=0 at=[-116,49,398]
F5 tool upgrade due: cobble available -> stone_pickaxe
F8 [F8] torch: the placement did not land (dry) x1 - the streak names itself once, a landing re-arms it
F2 [F2] water: transit toward known land (birch_log) at [-111,393] d=7
F10 [F10] torch: the placement did not land (dry) x1 - the streak names itself once, a landing re-arms it
F2 [F2] water: pass 21 head=wet shore=none land=n/a y=49.7 o2=20 probes=0 at=[-115,50,398]
F2 [F2] water: transit toward known land (birch_log) at [-111,393] d=7
F2 [F2] water: transit stalled (d=7 after 17 passes - the walls own this swim; the release takes over)
F2 [F2] water: transit toward known land (birch_log) at [-111,393] d=7
F2 [F2] water: rescue released (surface-safe, open water - no land known; the walk gate reopens) in 9.4s
F2 [F2] water: hazard memorized at [-116,50,398] (1 live, fleet-wide)
F2 [F2] digShaft: water hazard 0.8b away (live 1) - refusing this column, the caller rotates
F2 [F2] craft torches: skip (no coal: sticks 3 coals 0)
F11 [F11] vein sweep: the drop walk to [-121,54,410] failed - sweep drops: timeout after 4000ms (dy -1.7, range 2)
F11 [F11] vein sweep: +2u walked from the drops (2 dug)
F11 [F11] vein sweep: 1 below-plane walk(s) still failed on the wide goal (range 2) - the drop rests deeper than the lip
F11 [F11] vein sweep: 1 deep drop(s) skipped (dy < -2 - the lip sphere cannot reach, the walk was a guaranteed spiral)
F11 vein sweep: 2 ores dug beside the gallery (floor lock)
F18 [F18] vein sweep: the drop walk to [-111,59,396] failed - sweep drops: timeout after 4000ms (dy 3.0, range 2)
F8 tool upgrade due: cobble available -> stone_pickaxe
F2 [F2] digShaft: water hazard 0.8b away (live 1) - refusing this column, the caller rotates
F2 tunnel: steering coal_ore @ 10.1b (axis z--1, cross 3.700000000000003, floor lock)
F5 [toolupgrade] [upgrade] upgraded: stone_pickaxe,wooden_shovel,wooden_pickaxe,wooden_pickaxe
F5 tool upgrade: OK -> stone_pickaxe (stone_pickaxe,wooden_shovel,wooden_pickaxe,wooden_pickaxe)
F5 sword due: planks available
F15 tool upgrade due: cobble available -> stone_pickaxe
F5 sword: OK (wooden_sword, holds 1)
F5 sword: OK (wooden_sword)
F5 [F5] craft torches: skip (no coal: sticks 3 coals 0)
F13 [F13] craft torches: skip (no coal: sticks 3 coals 0)
F13 [F13] craft torches: skip (no coal: sticks 3 coals 0)
F13 tunnel: steering coal_ore @ 3.8b (axis z+, cross 1.5581502596270127, floor lock)
F5 [F5] digShaft: water table y=54 (region strike) - stopping above the aquifer, the tunnel owns this level (regions 1)
F2 [F2] water: surface re-arm holds the page (6s left) - the open-water float owns the pacing; a sinking bar still pages
F3 [F3] vein sweep: 8 drop(s) in reach (24 dug)
F11 tool upgrade due: cobble available -> stone_pickaxe
F4 [F4] vein sweep: 0 drop(s) in reach (3 dug)
F4 vein sweep: 3 ores dug beside the gallery (ore detour)
F4 wood trip: famine (sticks 5 planks 1 logs 0) - gathering
t-425s alive=19/19 mined=519 map=615p/11ch banked=0 smelted=0 pocket=605u/167s | sand=0 gravel=0 dirt=59 stone=0
   deficits: 157926/0 (0.0%) 149380/0 (0.0%) 31860/0 (0.0%) 27420/0 (0.0%) 10725/33 (0.3%)
   F1=50[cobblestone:20 andesite:12 torch:8] | F2=36[cobblestone:16 dirt:4 stick:3] | F3=69[raw_copper:21 cobblestone:20 andesite:10] | F4=25[cobblestone:9 stick:5 leaf_litter:2] | F5=17[cobblestone:7 stick:3 dirt:3] | F6=29[cobblestone:24 dirt:4 stick:3] | F7=15[stick:9 birch_log:3 oak_log:3] | F8=31[cobblestone:8 stick:7 dirt:6] | F9=19[oak_planks:8 dirt:2 oak_sapling:1] | F10=23[oak_planks:7 stick:6 diorite:6] | F11=25[cobblestone:9 stick:5 dirt:5] | F12=36[cobblestone:18 andesite:11 oak_log:6] | F13=32[granite:7 cobblestone:6 oak_log:4] | F14=14[oak_log:10 oak_sapling:1 birch_sapling:1] | F15=33[cobblestone:17 stick:7 oak_log:5] | F16=7[oak_log:6 leaf_litter:3 oak_sapling:2] | F17=11[oak_log:3 leaf_litter:3] | F18=32[diorite:13 cobblestone:8 dirt:4] | F19=15[oak_log:11 stick:2 oak_sapling:1]
   mem: heap=113M/147M old=-1M ext=123M ab=120M rss=379M cols=1953 ents=1974 evicted=728 path=6a/2q (max 6) stale=0
F18 [F18] vein sweep: the drop walk to [-109,59,397] failed - sweep drops: timeout after 4000ms (dy 2.2, range 2)
F18 [F18] vein sweep: +7u walked from the drops (2 dug)
F18 [F18] vein sweep: 2 above-plane walk(s) timed out on the wide goal (range 2) - the ledge family (the v0.189.0 class, the triage names it)
F18 vein sweep: 2 ores dug beside the gallery (ore detour)
F18 [F18] craft torches: skip (no coal: sticks 3 coals 0)
F18 [F18] digShaft: water table y=54 (region strike) - stopping above the aquifer, the tunnel owns this level (regions 1)
F18 tunnel: steering coal_ore @ 7.8b (axis x+, cross 2.3000000000000114, floor lock)
F18 tunnel: 0 blocks (branch mine at the floor, steered, floor lock)
F12 [F12] craft torches: skip (no coal: sticks 3 coals 0)
F12 [F12] craft torches: skip (no coal: sticks 3 coals 0)
F12 tunnel: steering coal_ore @ 6.1b (axis x--1, cross 0.5910406487986393, floor lock)
F3 [F3] vein sweep: lip dig refused - sealed floor (air 0, dy -0.4)
F15 [toolupgrade] [upgrade] upgraded: stone_pickaxe,wooden_shovel,wooden_pickaxe,wooden_pickaxe
F15 tool upgrade: OK -> stone_pickaxe (stone_pickaxe,wooden_shovel,wooden_pickaxe,wooden_pickaxe)
F15 [F15] craft torches: skip (no coal: sticks 5 coals 0)
F10 tool upgrade due: cobble available -> stone_pickaxe
F5 [F5] craft torches: skip (no coal: sticks 3 coals 0)
F5 [F5] digShaft: water table y=54 (region strike) - stopping above the aquifer, the tunnel owns this level (regions 1)
F5 [F5] craft torches: skip (no coal: sticks 3 coals 0)
F5 [F5] digShaft: water table y=54 (region strike) - stopping above the aquifer, the tunnel owns this level (regions 1)
F5 tunnel: steering copper_ore @ 7.2b (axis z+, cross 3.5429041870027476, floor lock)
F1 [F1] climb wet escape: 10 blocks walked (budget, walked 1/4)
F8 [toolupgrade] [upgrade] upgraded: stone_pickaxe,wooden_shovel,wooden_pickaxe,wooden_pickaxe
F8 tool upgrade: OK -> stone_pickaxe (stone_pickaxe,wooden_shovel,wooden_pickaxe,wooden_pickaxe)
F8 [F8] craft torches: skip (no coal: sticks 5 coals 0)
F3 [F3] vein sweep: the drop walk to [-99,41,414] failed - spin breaker: sweep drops re-issued 2x inside the 10s window after its own pf:done - sweep drops refused for 30s (the sync re-issue breaker: the goal->done->goal churn starves the timers, the run53 alloc-storm class) (dy 0.0, range 1)
F13 tunnel: 2 blocks (branch mine at the floor, steered, floor lock)
F3 [F3] vein sweep: the drop walk to [-99,42,413] failed - spin breaker: sweep drops re-issued 2x inside the 10s window after its own pf:done - sweep drops refused for 30s (the sync re-issue breaker: the goal->done->goal churn starves the timers, the run53 alloc-storm class, hold live) (dy 1.0, range 2)
F18 [F18] vein sweep: 3 drop(s) in reach (2 dug)
F2 tunnel: 2 blocks (branch mine at the floor, steered, floor lock)
F18 [F18] vein sweep: the drop walk to [-108,59,396] failed - doomed goal (ledgered 9s ago at [-109,59,396]) - sweep drops refused (dy 3.0, range 2)
F3 [F3] vein sweep: +10u walked from the drops (24 dug)
F3 [F3] vein sweep: 4 above-plane walk(s) timed out on the wide goal (range 2) - the ledge family (the v0.189.0 class, the triage names it)
F3 vein sweep: 24 ores dug beside the gallery (floor lock)
F2 [F2] water: drowning rescue start (drowning, oxygen 5)
F2 [F2] water: pass 0 head=wet shore=none land=n/a y=46.0 o2=5 probes=0 at=[-115,46,398]
F6 tunnel: steering coal_ore @ 3.6b (axis z--1, cross 1.678260864211211, ore detour)
[hb] n=9 ts=181s rss=377M late=41ms mainLate=632ms
F11 [toolupgrade] [upgrade] upgraded: stone_pickaxe,wooden_shovel,wooden_pickaxe,wooden_pickaxe
F11 tool upgrade: OK -> stone_pickaxe (stone_pickaxe,wooden_shovel,wooden_pickaxe,wooden_pickaxe)
F11 [F11] craft torches: skip (no coal: sticks 3 coals 0)
F11 [F11] digShaft: water table y=54 (region strike) - stopping above the aquifer, the tunnel owns this level (regions 1)
F11 [F11] craft torches: skip (no coal: sticks 3 coals 0)
F11 [F11] digShaft: water table y=54 (region strike) - stopping above the aquifer, the tunnel owns this level (regions 1)
F11 tunnel: steering coal_ore @ 4.1b (axis z--1, cross 0.5000556568389101, floor lock)
F18 [F18] vein sweep: +11u walked from the drops (2 dug)
F18 [F18] vein sweep: 1 above-plane walk(s) timed out on the wide goal (range 2) - the ledge family (the v0.189.0 class, the triage names it)
F18 vein sweep: 2 ores dug beside the gallery (floor lock)
F2 [F2] water: pass 6 head=dry shore=hit r=1 land=none y=51.6 o2=6 probes=0 at=[-115,52,398]
F13 [F13] vein sweep: 5 drop(s) in reach (4 dug)
F15 tunnel: steering coal_ore @ 8.7b (axis z--1, cross 1.6850214545526114, ore detour)
F2 [F2] water: transit toward known land (birch_log) at [-111,393] d=7
F2 [F2] water: pass 8 head=dry shore=none land=birch_log d=7 y=50.4 o2=12 probes=0 at=[-115,50,398]
F3 [F3] craft torches: 1 batch(es) -> 4 torches (sticks 3 coals 14, the metal reserve keeps 4)
F10 [toolupgrade] [upgrade] upgraded: stone_pickaxe,wooden_shovel,wooden_pickaxe,wooden_pickaxe
F10 tool upgrade: OK -> stone_pickaxe (stone_pickaxe,wooden_shovel,wooden_pickaxe,wooden_pickaxe)
F10 sword due: planks available
F6 tunnel: 2 blocks (branch mine at the floor, steered, ore detour)
F5 tunnel: 4 blocks (branch mine at the floor, steered, floor lock)
F3 [F3] craft torches: stick-dry with logs held - one plank conversion first
F2 [F2] water: transit toward known land (birch_log) at [-111,393] d=7
F2 [F2] water: pass 12 head=dry shore=hit r=1 land=none y=51.5 o2=20 probes=0 at=[-115,51,398]
F5 [F5] craft torches: skip (no coal: sticks 3 coals 0)
F5 [F5] digShaft: water table y=54 (region strike) - stopping above the aquifer, the tunnel owns this level (regions 1)
F5 [F5] craft torches: skip (no coal: sticks 3 coals 0)
F5 [F5] digShaft: water table y=54 (region strike) - stopping above the aquifer, the tunnel owns this level (regions 1)
F8 [F8] craft torches: skip (no coal: sticks 5 coals 0)
F8 [F8] craft torches: skip (no coal: sticks 5 coals 0)
F8 tunnel: steering coal_ore @ 3.5b (axis z--1, cross 1.4998624774839868, floor lock)
F9 [F9] craft torches: stick-dry with logs held - one plank conversion first
F14 [F14] craft torches: stick-dry with logs held - one plank conversion first
F10 sword: OK (wooden_sword, holds 1)
F10 sword: OK (wooden_sword)
F10 [F10] craft torches: skip (no coal: sticks 3 coals 0)
F3 [F3] craft torches: stick-dry but 9 planks held - one stick batch first
F9 [F9] craft torches: stick-dry but 6 planks held - one stick batch first
F14 [F14] craft torches: stick-dry but 6 planks held - one stick batch first
F15 tunnel: 2 blocks (branch mine at the floor, steered, ore detour)
F2 [F2] water: pass 14 head=wet shore=none land=n/a y=49.5 o2=19 probes=0 at=[-115,49,398]
F3 [F3] craft torches: 4 batch(es) -> 16 torches (sticks 2 coals 13, the metal reserve keeps 4)
F9 [F9] craft torches: skip (no coal: sticks 4 coals 0)
F9 dir=(-0.88,0.48) logs=0 tools=wooden_pickaxe
F9 spare pick due: spare (planks available)
F14 [F14] craft torches: skip (no coal: sticks 4 coals 0)
F14 dir=(-0.40,-0.92) logs=6 tools=wooden_pickaxe
F14 spare pick due: spare (planks available)
F2 [F2] water: transit toward known land (birch_log) at [-111,393] d=7
F11 tunnel: 4 blocks (branch mine at the floor, steered, floor lock)
t-410s alive=19/19 mined=609 map=719p/12ch banked=0 smelted=0 pocket=733u/186s | sand=0 gravel=2 dirt=60 stone=0
   deficits: 157926/0 (0.0%) 149380/2 (0.0%) 31860/0 (0.0%) 27420/0 (0.0%) 10725/37 (0.3%)
   F1=64[cobblestone:26 andesite:12 granite:8] | F2=38[cobblestone:16 dirt:4 raw_copper:4] | F3=69[raw_copper:28 cobblestone:27 andesite:10] | F4=35[cobblestone:19 stick:5 leaf_litter:2] | F5=23[cobblestone:15 stick:3 dirt:3] | F6=35[cobblestone:26 dirt:4 stick:3] | F7=16[stick:9 oak_log:4 birch_log:3] | F8=43[cobblestone:19 dirt:6 stick:5] | F9=19[oak_planks:4 stick:4 dirt:3] | F10=29[cobblestone:8 diorite:6 dirt:5] | F11=29[cobblestone:11 dirt:5 stick:3] | F12=47[cobblestone:28 andesite:12 oak_log:6] | F13=36[granite:12 cobblestone:7 oak_log:4] | F14=14[oak_log:6 oak_planks:4 stick:4] | F15=45[cobblestone:22 oak_log:5 stick:5] | F16=7[oak_log:6 leaf_litter:3 oak_sapling:2] | F17=11[oak_log:4 leaf_litter:3] | F18=34[diorite:17 raw_copper:12 cobblestone:11] | F19=15[oak_log:8 stick:4 oak_planks:3]
   mem: heap=110M/148M old=-1M ext=122M ab=120M rss=378M cols=1958 ents=1859 evicted=750 path=5a/0q (max 6) stale=0
F2 [F2] water: pass 17 head=wet shore=none land=n/a y=49.7 o2=20 probes=0 at=[-115,50,398]
F13 [F13] vein sweep: the drop walk to [-155,46,406] failed - sweep drops: timeout after 4000ms (dy 1.0, range 2)
F13 [F13] vein sweep: the drop walk to [-154,46,408] failed - doomed goal (ledgered 1s ago at [-155,46,407]) - sweep drops refused (dy 1.0, range 2)
F10 [F10] craft torches: skip (no coal: sticks 3 coals 0)
F10 [F10] craft torches: skip (no coal: sticks 3 coals 0)
F10 tunnel: steering coal_ore @ 9b (axis x--1, cross 0.33473018633458196, floor lock)
F13 [F13] vein sweep: +9u walked from the drops (4 dug)
F13 [F13] vein sweep: 3 above-plane walk(s) timed out on the wide goal (range 2) - the ledge family (the v0.189.0 class, the triage names it)
F13 vein sweep: 4 ores dug beside the gallery (floor lock)
F9 spare pick: OK (wooden_pickaxe, holds 2)
F9 [F9] craft torches: skip (no spare sticks: sticks 2 coals 0)
F14 spare pick: OK (wooden_pickaxe, holds 2)
F14 [F14] craft torches: stick-dry with logs held - one plank conversion first
F19 [F19] craft torches: stick-dry with logs held - one plank conversion first
F12 tunnel: 13 blocks (branch mine at the floor, steered, floor lock)
F3 tunnel: steering coal_ore @ 3.5b (axis x--1, cross 1.5, floor lock)
F19 [F19] craft torches: stick-dry but 6 planks held - one stick batch first
F2 [F2] water: transit toward known land (birch_log) at [-111,393] d=7
F2 [F2] water: pass 19 head=dry shore=none land=birch_log d=7 y=50.1 o2=19 probes=0 at=[-115,50,398]
F19 [F19] craft torches: skip (no coal: sticks 6 coals 0)
F19 dir=(0.95,-0.32) logs=7 tools=wooden_pickaxe
F19 spare pick due: spare (planks available)
F8 tunnel: 4 blocks (branch mine at the floor, steered, floor lock)
F14 [F14] craft torches: stick-dry but 9 planks held - one stick batch first
F2 [F2] water: transit toward known land (birch_log) at [-111,393] d=7
F14 [F14] craft torches: skip (no coal: sticks 6 coals 0)
F13 [F13] craft torches: 1 batch(es) -> 4 torches (sticks 3 coals 4)
F2 [F2] water: pass 24 head=dry shore=hit r=1 land=none y=51.4 o2=20 probes=0 at=[-115,51,398]
F19 spare pick: OK (wooden_pickaxe, holds 2)
F19 [F19] craft torches: skip (no coal: sticks 4 coals 0)
F2 [F2] water: transit toward known land (birch_log) at [-111,393] d=7
F2 [F2] water: transit stalled (d=7 after 17 passes - the walls own this swim; the release takes over)
F2 [F2] water: transit toward known land (birch_log) at [-111,393] d=7
F2 [F2] water: rescue released (surface-safe, open water - no land known; the walk gate reopens) in 15.9s
F2 [F2] water: hazard memorized at [-116,50,398] (2 live, fleet-wide)
F13 [F13] craft torches: stick-dry with logs held - one plank conversion first
F6 [F6] vein sweep: 8 drop(s) in reach (10 dug)
F13 [F13] craft torches: stick-dry but 9 planks held - one stick batch first
F13 [F13] craft torches: 3 batch(es) -> 12 torches (sticks 2 coals 3)
F9 [F9] torch: the placement did not land (dry) x1 - the streak names itself once, a landing re-arms it
F5 tunnel: 12 blocks (branch mine at the floor, floor lock)
F13 tunnel: steering coal_ore @ 4.6b (axis z+, cross 1.5, floor lock)
F9 tool upgrade due: cobble available -> stone_pickaxe
F9 [toolupgrade] [upgrade] craft stick: no craftable recipe variant (ingredients missing?)
F17 [F17] craft torches: stick-dry with logs held - one plank conversion first
F17 [F17] craft torches: stick-dry but 6 planks held - one stick batch first
F14 [F14] torch: the placement did not land (dry) x1 - the streak names itself once, a landing re-arms it
F17 [F17] craft torches: skip (no coal: sticks 4 coals 0)
F17 dir=(0.55,-0.84) logs=1 tools=wooden_pickaxe
F17 spare pick due: spare (planks available)
F14 [F14] digShaft: water table y=54 (region strike) - stopping above the aquifer, the tunnel owns this level (regions 1)
F10 tunnel: 12 blocks (branch mine at the floor, steered, floor lock)
F8 [F8] vein sweep: 8 drop(s) in reach (8 dug)
F17 spare pick: OK (wooden_pickaxe, holds 2)
F17 [F17] craft torches: stick-dry with logs held - one plank conversion first
F9 [toolupgrade] [upgrade] upgraded: stone_pickaxe,wooden_pickaxe,wooden_shovel,wooden_pickaxe
F9 tool upgrade: OK -> stone_pickaxe (stone_pickaxe,wooden_pickaxe,wooden_shovel,wooden_pickaxe)
F9 [F9] craft torches: skip (no spare sticks: sticks 0 coals 0)
F13 tunnel: 0 blocks (branch mine at the floor, steered, floor lock)
[hb] n=10 ts=201s rss=378M late=41ms mainLate=706ms
F15 [F15] vein sweep: 7 drop(s) in reach (13 dug)
F14 sword due: planks available
F14 sword: no table reachable or placeable
F14 sword: failed (no table)
F14 [F14] craft torches: skip (no coal: sticks 6 coals 0)
F14 [F14] digShaft: water table y=54 (region strike) - stopping above the aquifer, the tunnel owns this level (regions 1)
F14 [F14] craft torches: skip (no coal: sticks 6 coals 0)
F14 [F14] digShaft: water table y=54 (region strike) - stopping above the aquifer, the tunnel owns this level (regions 1)
F14 tunnel: steering iron_ore @ 10.2b (axis x+, cross 2.4568622769895683, floor lock)
F17 [F17] craft torches: stick-dry but 5 planks held - one stick batch first
F15 [F15] vein sweep: lip dig refused - sealed floor (air 0, dy -1.9)
F17 [F17] craft torches: skip (no coal: sticks 6 coals 0)
F15 [F15] vein sweep: lip dig refused - sealed floor (air 0, dy -1.8)
F19 [F19] torch: the placement did not land (dry) x1 - the streak names itself once, a landing re-arms it
F19 [F19] digShaft: water table y=54 (region strike) - stopping above the aquifer, the tunnel owns this level (regions 1)
F6 [F6] vein sweep: the drop walk to [-96,47,416] failed - sweep drops: timeout after 4000ms (dy 0.0, range 1)
F3 tunnel: 12 blocks (branch mine at the floor, steered, floor lock)
F19 tool upgrade due: cobble available -> stone_pickaxe
F12 [F12] vein sweep: 8 drop(s) in reach (12 dug)
F18 [F18] craft torches: skip (no coal: sticks 3 coals 0)
F18 [F18] digShaft: water hazard 2.3b away (live 2) - refusing this column, the caller rotates
F18 tunnel: steering coal_ore @ 7.4b (axis x--1, cross 0.6999999999999886, ore detour)
F2 [F2] vein sweep: 5 drop(s) in reach (6 dug)
F2 [F2] water: surface re-arm holds the page (4s left) - the open-water float owns the pacing; a sinking bar still pages
F2 [F2] vein sweep: the drop walk to [-114,49,398] failed - spin breaker: sweep drops re-issued 2x inside the 10s window after its own pf:done - sweep drops refused for 30s (the sync re-issue breaker: the goal->done->goal churn starves the timers, the run53 alloc-storm class) (dy 3.4, range 2)
F2 [F2] vein sweep: +3u walked from the drops (6 dug)
F2 [F2] vein sweep: 1 above-plane walk(s) timed out on the wide goal (range 2) - the ledge family (the v0.189.0 class, the triage names it)
F2 [F2] vein sweep: 2 deep drop(s) skipped (dy < -2 - the lip sphere cannot reach, the walk was a guaranteed spiral)
F2 vein sweep: 6 ores dug beside the gallery (floor lock)
F10 [F10] vein sweep: 6 drop(s) in reach (4 dug)
F11 [F11] vein sweep: 8 drop(s) in reach (15 dug)
F12 [F12] vein sweep: the drop walk to [-151,45,419] failed - spin breaker: sweep drops re-issued 2x inside the 10s window after its own pf:done - sweep drops refused for 30s (the sync re-issue breaker: the goal->done->goal churn starves the timers, the run53 alloc-storm class) (dy 3.0, range 2)
F11 [F11] vein sweep: the drop walk to [-121,56,414] failed - doomed goal (ledgered 14s ago at [-121,56,413]) - sweep drops refused (dy 0.0, range 1)
F9 wood trip: famine (sticks 0 planks 1 logs 0) - gathering
F12 [F12] vein sweep: the drop walk to [-147,42,416] failed - spin breaker: sweep drops re-issued 2x inside the 10s window after its own pf:done - sweep drops refused for 30s (the sync re-issue breaker: the goal->done->goal churn starves the timers, the run53 alloc-storm class, hold live) (dy 0.0, range 1)
F8 [F8] vein sweep: the drop walk to [-150,45,420] failed - sweep drops: timeout after 4000ms (dy 2.0, range 2)
F12 [F12] vein sweep: +28u walked from the drops (12 dug)
F12 [F12] vein sweep: 3 above-plane walk(s) timed out on the wide goal (range 2) - the ledge family (the v0.189.0 class, the triage names it)
F12 vein sweep: 12 ores dug beside the gallery (floor lock)
F10 [F10] vein sweep: lip dig refused - sealed floor (air 0, dy -1.0)
F7 [F7] craft torches: skip (no coal: sticks 5 coals 0)
F15 [F15] vein sweep: the drop walk to [-119,41,396] failed - sweep drops: timeout after 4000ms (dy -1.8, range 2)
t-395s alive=19/19 mined=791 map=732p/12ch banked=0 smelted=0 pocket=999u/219s | sand=0 gravel=2 dirt=74 stone=0
   deficits: 157926/0 (0.0%) 149380/2 (0.0%) 31860/0 (0.0%) 27420/0 (0.0%) 10725/37 (0.3%)
   F1=81[cobblestone:42 andesite:12 granite:8] | F2=42[cobblestone:16 raw_copper:16 dirt:4] | F3=84[raw_copper:47 cobblestone:36 torch:20] | F4=43[cobblestone:25 stick:5 dirt:3] | F5=39[cobblestone:25 stick:3 dirt:3] | F6=41[cobblestone:28 raw_copper:8 dirt:4] | F7=20[oak_planks:13 stick:5 oak_log:5] | F8=52[cobblestone:21 dirt:6 stick:5] | F9=36[cobblestone:11 dirt:5 wooden_pickaxe:2] | F10=45[cobblestone:16 granite:7 diorite:6] | F11=44[cobblestone:11 dirt:5 stick:3] | F12=62[raw_copper:35 cobblestone:30 andesite:12] | F13=36[torch:16 granite:15 cobblestone:9] | F14=26[oak_planks:7 stick:6 diorite:5] | F15=57[cobblestone:24 raw_iron:7 oak_log:5] | F16=7[oak_log:3 oak_planks:3 leaf_litter:3] | F17=17[stick:6 leaf_litter:6 dirt:5] | F18=36[diorite:18 raw_copper:12 cobblestone:11] | F19=23[cobblestone:6 oak_log:5 oak_planks:5]
   mem: heap=118M/149M old=-1M ext=122M ab=119M rss=381M cols=1946 ents=2824 evicted=777 path=5a/0q (max 6) stale=0
F15 [F15] vein sweep: the drop walk to [-120,40,395] failed - spin breaker: sweep drops re-issued 2x inside the 10s window after its own pf:done - sweep drops refused for 30s (the sync re-issue breaker: the goal->done->goal churn starves the timers, the run53 alloc-storm class) (dy -1.0, range 2)
F9 [F9] climb bridge: placed cobblestone at [-146,42,418] (pit) - the step re-judges
F15 [F15] vein sweep: +8u walked from the drops (13 dug)
F15 [F15] vein sweep: 5 below-plane walk(s) still failed on the wide goal (range 2) - the drop rests deeper than the lip
F15 vein sweep: 13 ores dug beside the gallery (ore detour)
F2 [F2] climb wet escape: oxygen 6 at the floor - the escape yields, the rescue lane owns the air
F2 climb out (trip): failed - low-o2
F2 map trip skipped: cannot leave the shaft
F6 [F6] vein sweep: the drop walk to [-95,47,413] failed - sweep drops: timeout after 4000ms (dy 0.0, range 1)
F17 [F17] torch: the placement did not land (dry) x1 - the streak names itself once, a landing re-arms it
F2 [F2] craft torches: skip (no coal: sticks 3 coals 0)
F2 [F2] digShaft: water hazard 0.8b away (live 2) - refusing this column, the caller rotates
F2 [F2] craft torches: skip (no coal: sticks 3 coals 0)
F2 [F2] digShaft: water hazard 0.8b away (live 2) - refusing this column, the caller rotates
F2 tunnel: steering coal_ore @ 9.8b (axis z+, cross 0.7000000000000028, floor lock)
F9 [F9] climb bridge: placed cobblestone at [-146,43,418] (support) - the step re-judges
F3 [F3] vein sweep: 5 drop(s) in reach (5 dug)
F2 [F2] water: drowning rescue start (drowning, oxygen 5)
F2 [F2] water: pass 0 head=wet shore=none land=n/a y=46.0 o2=5 probes=0 at=[-115,46,398]
F3 [F3] vein sweep: the drop walk to [-101,43,411] failed - spin breaker: sweep drops re-issued 2x inside the 10s window after its own pf:done - sweep drops refused for 1s (the sync re-issue breaker: the goal->done->goal churn starves the timers, the run53 alloc-storm class, hold live) (dy 3.0, range 2)
F3 [F3] vein sweep: the drop walk to [-99,42,411] failed - spin breaker: sweep drops re-issued 2x inside the 10s window after its own pf:done - sweep drops refused for 0s (the sync re-issue breaker: the goal->done->goal churn starves the timers, the run53 alloc-storm class, hold live) (dy 2.1, range 2)
F15 [F15] craft torches: skip (no coal: sticks 5 coals 0)
F15 tunnel: steering coal_ore @ 8.7b (axis z--1, cross 1.5, ore detour)
F3 [F3] vein sweep: the drop walks picked nothing (pocket delta 0, 5 failed walk(s))
F3 [F3] vein sweep: 5 above-plane walk(s) timed out on the wide goal (range 2) - the ledge family (the v0.189.0 class, the triage names it)
F3 vein sweep: 5 ores dug beside the gallery (floor lock)
F3 bank trip: pockets full budget 180s
F3 climb out (bank): the yard stands 40 levels up over 21b lateral - the climb raises its target to the yard's level
F18 tunnel: 5 blocks (branch mine at the floor, steered, ore detour)
F18 [F18] craft torches: skip (no coal: sticks 3 coals 0)
F18 [F18] digShaft: water hazard 2.8b away (live 2) - refusing this column, the caller rotates
F18 tunnel: steering coal_ore @ 6b (axis x--1, cross 0.30000000000001137, floor lock)
F18 tunnel: 0 blocks (branch mine at the floor, steered, floor lock)
F11 [F11] vein sweep: the drop walk to [-117,54,410] failed - sweep drops: timeout after 4000ms (dy -2.0, range 2)
F11 [F11] vein sweep: +1u walked from the drops (15 dug)
F11 [F11] vein sweep: 1 below-plane walk(s) still failed on the wide goal (range 2) - the drop rests deeper than the lip
F11 [F11] vein sweep: 6 deep drop(s) skipped (dy < -2 - the lip sphere cannot reach, the walk was a guaranteed spiral)
F11 vein sweep: 15 ores dug beside the gallery (floor lock)
F19 [toolupgrade] [upgrade] upgraded: stone_pickaxe,wooden_shovel,wooden_pickaxe,wooden_pickaxe
F19 tool upgrade: OK -> stone_pickaxe (stone_pickaxe,wooden_shovel,wooden_pickaxe,wooden_pickaxe)
F19 sword due: planks available
F5 [F5] vein sweep: 8 drop(s) in reach (9 dug)
F8 [F8] vein sweep: the drop walk to [-147,42,417] failed - sweep drops: timeout after 4000ms (dy -1.3, range 2)
F10 [F10] vein sweep: the drop walk to [-154,46,410] failed - sweep drops: timeout after 4000ms (dy 3.0, range 2)
F2 [F2] water: transit toward known land (birch_log) at [-111,393] d=7
F2 [F2] water: pass 7 head=dry shore=hit r=1 land=none y=51.5 o2=6 probes=0 at=[-115,51,399]
F3 [F3] climb bridge: placed cobblestone at [-102,40,412] (support) - the step re-judges
F18 [F18] craft torches: skip (no coal: sticks 3 coals 0)
F18 [F18] digShaft: water hazard 1.4b away (live 2) - refusing this column, the caller rotates
F18 tunnel: steering coal_ore @ 7b (axis x--1, cross 1.5094620425463177, ore detour)
F19 sword: OK (wooden_sword, holds 1)
F19 sword: OK (wooden_sword)
F19 [F19] craft torches: stick-dry with logs held - one plank conversion first
F10 [F10] vein sweep: lip dig refused - sealed floor (air 0, dy 0.1)
F7 tool recovery: OK (wooden_pickaxe)
F7 spare pick due: spare (planks available)
F6 [F6] vein sweep: +14u walked from the drops (10 dug)
F6 [F6] vein sweep: 4 deep drop(s) skipped (dy < -2 - the lip sphere cannot reach, the walk was a guaranteed spiral)
F6 vein sweep: 10 ores dug beside the gallery (ore detour)
F18 tunnel: 0 blocks (branch mine at the floor, steered, ore detour)
F18 [F18] craft torches: skip (no coal: sticks 3 coals 0)
F18 [F18] digShaft: water hazard 2.7b away (live 2) - refusing this column, the caller rotates
F18 tunnel: steering copper_ore @ 11.2b (axis x+, cross 1.4993157584542018, floor lock)
F19 [F19] craft torches: stick-dry but 7 planks held - one stick batch first
F2 [F2] water: pass 8 head=dry shore=hit r=1 land=none y=51.2 o2=16 probes=0 at=[-115,51,398]
F1 [F1] water: drowning rescue start (drowning, oxygen 12)
F1 [F1] water: pass 0 head=wet shore=none land=n/a y=54.0 o2=12 probes=0 at=[-118,54,370]
F2 [F2] water: transit toward known land (birch_log) at [-111,393] d=7
F19 [F19] craft torches: skip (no coal: sticks 5 coals 0)
F19 [F19] digShaft: water table y=54 (region strike) - stopping above the aquifer, the tunnel owns this level (regions 1)
F19 [F19] craft torches: skip (no coal: sticks 5 coals 0)
F19 [F19] digShaft: water table y=54 (region strike) - stopping above the aquifer, the tunnel owns this level (regions 1)
F19 tunnel: steering coal_ore @ 4.7b (axis x--1, cross 0.6850214545526683, floor lock)
F16 [F16] craft torches: stick-dry with logs held - one plank conversion first
F8 [F8] vein sweep: lip dig refused - sealed floor (air 0, dy 0.0)
F1 [F1] water: pass 3 head=wet shore=none land=n/a y=56.1 o2=8 probes=0 at=[-118,56,370]
F11 [F11] craft torches: skip (no coal: sticks 3 coals 0)
F11 [F11] digShaft: water table y=54 (region strike) - stopping above the aquifer, the tunnel owns this level (regions 1)
F11 [F11] craft torches: skip (no coal: sticks 3 coals 0)
F11 [F11] digShaft: water table y=54 (region strike) - stopping above the aquifer, the tunnel owns this level (regions 1)
F11 tunnel: steering coal_ore @ 5.3b (axis z--1, cross 2.6846833974713036, floor lock)
F3 [F3] climb bridge: placed cobblestone at [-101,40,412] (pit) - the step re-judges
F2 [F2] water: pass 10 head=wet shore=none land=n/a y=50.0 o2=20 probes=0 at=[-115,50,399]
F5 [F5] vein sweep: the drop walk to [-84,54,402] failed - sweep drops: timeout after 4000ms (dy -2.0, range 2)
F10 [F10] vein sweep: the drop walk to [-147,42,415] failed - sweep drops: timeout after 4000ms (dy -1.0, range 2)
F10 [F10] vein sweep: +11u walked from the drops (4 dug)
F10 [F10] vein sweep: 1 below-plane walk(s) still failed on the wide goal (range 2) - the drop rests deeper than the lip
F10 [F10] vein sweep: 2 above-plane walk(s) timed out on the wide goal (range 2) - the ledge family (the v0.189.0 class, the triage names it)
F10 vein sweep: 4 ores dug beside the gallery (floor lock)
F5 [F5] vein sweep: lip dig refused - sealed floor (air 0, dy -0.5)
F16 [F16] craft torches: stick-dry but 7 planks held - one stick batch first
F3 [F3] climb bridge: placed cobblestone at [-101,41,412] (support) - the step re-judges
F16 [F16] craft torches: skip (no coal: sticks 6 coals 0)
F7 spare pick: OK (wooden_pickaxe, holds 2)
F7 sword due: planks available
F8 [F8] vein sweep: +9u walked from the drops (8 dug)
F8 [F8] vein sweep: 2 below-plane walk(s) still failed on the wide goal (range 2) - the drop rests deeper than the lip
F8 [F8] vein sweep: 1 above-plane walk(s) timed out on the wide goal (range 2) - the ledge family (the v0.189.0 class, the triage names it)
F8 vein sweep: 8 ores dug beside the gallery (floor lock)
F15 tunnel: 4 blocks (branch mine at the floor, steered, ore detour)
F1 [F1] water: pass 9 head=wet shore=none land=n/a y=61.9 o2=5 probes=0 at=[-118,62,370]
F17 tool upgrade due: cobble available -> stone_pickaxe
F17 [toolupgrade] [upgrade] craft crafting_table: no craftable recipe variant (ingredients missing?)
F17 tool upgrade: failed -> none (no table material)
F17 sword due: cobble available
F17 sword: no table reachable or placeable
F17 sword: failed (no table)
F17 [F17] craft torches: skip (no coal: sticks 6 coals 0)
F3 [F3] climb diag: level at y=42 blocked toward 1,0 (dug=5)
F3 [F3] climb diag: level at y=42 blocked toward 0,1 (dug=5)
F2 [F2] water: transit toward known land (birch_log) at [-111,393] d=7
F2 [F2] water: pass 13 head=dry shore=none land=birch_log d=7 y=50.4 o2=20 probes=0 at=[-115,50,398]
F7 sword: OK (wooden_sword, holds 1)
F7 sword: OK (wooden_sword)
F7 [F7] craft torches: stick-dry but 12 planks held - one stick batch first
F7 [F7] craft torches: skip (no coal: sticks 6 coals 0)
F3 [F3] climb diag: level at y=42 blocked toward -1,0 (dug=6)
F11 tunnel: 2 blocks (branch mine at the floor, steered, floor lock)
F3 climb out (bank): failed - stalled
F3 climb out (bank): retry (escalated retry after stalled, fenced to 90s of the 169s the chain has left)
F3 [F3] climb bridge: unavailable (no solid floor underfoot)
F3 [F3] climb diag: level at y=42 blocked toward 1,0 (dug=0)
F2 [F2] water: transit toward known land (birch_log) at [-111,393] d=7
F3 [F3] climb bridge: unavailable (no solid floor underfoot)
F3 [F3] climb diag: level at y=42 blocked toward 0,1 (dug=0)
F3 [F3] climb bridge: unavailable (no solid floor underfoot)
F3 [F3] climb diag: level at y=42 blocked toward -1,0 (dug=0)
F3 climb out (bank): retry failed - stalled
F3 [F3] climb bridge: unavailable (no solid floor underfoot)
F3 [F3] climb diag: level at y=42 blocked toward 0,1 (dug=0)
F3 [F3] climb bridge: unavailable (no solid floor underfoot)
F3 [F3] climb diag: level at y=42 blocked toward -1,0 (dug=0)
F3 [F3] climb bridge: unavailable (no solid floor underfoot)
F3 [F3] climb diag: level at y=42 blocked toward 0,-1 (dug=0)
F17 [F17] digShaft: water strike at y=43 -> water table (regions 2); fluid below (-133, 44, 405) - moving sideways
F1 [F1] water: pass 17 head=dry shore=hit r=1 land=none y=62.7 o2=16 probes=0 at=[-113,63,373]
F11 [F11] vein sweep: 8 drop(s) in reach (1 dug)
F3 climb out (trip): failed - stalled [stage 1]
F3 map trip skipped: cannot leave the shaft
F2 tunnel: 4 blocks (branch mine at the floor, steered, floor lock)
F2 [F2] craft torches: skip (no coal: sticks 3 coals 0)
F14 tunnel: 13 blocks (branch mine at the floor, steered, floor lock)
F2 [F2] water: pass 21 head=wet shore=none land=n/a y=49.7 o2=20 probes=0 at=[-115,50,398]
F5 [F5] vein sweep: the drop walk to [-84,54,401] failed - sweep drops: timeout after 4000ms (dy -1.5, range 2)
t-380s alive=19/19 mined=889 map=790p/12ch banked=0 smelted=0 pocket=1159u/230s | sand=3 gravel=2 dirt=80 stone=0
   deficits: 157926/3 (0.0%) 149380/2 (0.0%) 31860/0 (0.0%) 27420/0 (0.0%) 10725/44 (0.4%)
   F1=81[cobblestone:43 andesite:12 granite:8] | F2=47[cobblestone:19 raw_copper:16 dirt:4] | F3=92[raw_copper:55 cobblestone:38 torch:20] | F4=44[cobblestone:25 stick:5 dirt:3] | F5=42[cobblestone:27 stick:3 dirt:3] | F6=41[cobblestone:34 raw_copper:17 diorite:5] | F7=25[oak_planks:9 stick:6 oak_log:5] | F8=52[cobblestone:26 dirt:6 stick:5] | F9=48[cobblestone:22 dirt:5 wooden_pickaxe:2] | F10=45[cobblestone:19 granite:13 raw_copper:8] | F11=47[cobblestone:17 dirt:6 stick:3] | F12=76[cobblestone:45 raw_copper:35 andesite:12] | F13=36[torch:16 granite:15 cobblestone:9] | F14=36[diorite:8 oak_planks:7 andesite:7] | F15=64[cobblestone:28 raw_iron:16 oak_log:5] | F16=7[stick:6 oak_planks:5 leaf_litter:3] | F17=30[cobblestone:9 stick:6 leaf_litter:6] | F18=46[diorite:21 cobblestone:18 raw_copper:12] | F19=30[cobblestone:11 stick:5 oak_planks:5]
   mem: heap=105M/148M old=-1M ext=121M ab=118M rss=379M cols=1932 ents=2599 evicted=809 path=6a/0q (max 6) stale=0
F2 [F2] water: transit toward known land (birch_log) at [-111,393] d=7
F2 [F2] water: transit stalled (d=7 after 16 passes - the walls own this swim; the release takes over)
F2 [F2] water: transit toward known land (birch_log) at [-111,393] d=7
F2 [F2] water: rescue released (surface-safe, open water - no land known; the walk gate reopens) in 12.7s
F2 [F2] water: hazard memorized at [-116,50,398] (3 live, fleet-wide)
F17 [F17] craft torches: skip (no coal: sticks 6 coals 0)
F17 [F17] digShaft: water strike at y=43 -> water table (regions 2); fluid below (-133, 44, 405) - moving sideways
F5 [F5] vein sweep: +2u walked from the drops (9 dug)
F5 [F5] vein sweep: 4 below-plane walk(s) still failed on the wide goal (range 2) - the drop rests deeper than the lip
F5 [F5] vein sweep: 2 above-plane walk(s) timed out on the wide goal (range 2) - the ledge family (the v0.189.0 class, the triage names it)
F5 vein sweep: 9 ores dug beside the gallery (floor lock)
F17 [F17] craft torches: skip (no coal: sticks 6 coals 0)
F17 [F17] digShaft: water strike at y=43 -> water table (regions 2); fluid below (-133, 44, 405) - moving sideways
[hb] n=11 ts=221s rss=379M late=46ms mainLate=617ms
F17 tunnel: steering coal_ore @ 2.3b (axis x+, cross 1.5, floor lock)
F13 [F13] craft torches: skip (no coal: sticks 3 coals 0)
F13 [F13] craft torches: skip (no coal: sticks 3 coals 0)
F13 tunnel: steering coal_ore @ 4.8b (axis x--1, cross 1.3133875215165745, floor lock)
F16 dir=(0.25,-0.97) logs=2 tools=wooden_pickaxe
F16 spare pick due: spare (planks available)
F15 [F15] vein sweep: 1 drop(s) in reach (5 dug)
F15 [F15] vein sweep: the drop walk to [-119,42,394] failed - spin breaker: sweep drops re-issued 2x inside the 10s window after its own pf:done - sweep drops refused for 14s (the sync re-issue breaker: the goal->done->goal churn starves the timers, the run53 alloc-storm class, hold live) (dy 2.7, range 2)
F15 [F15] vein sweep: +1u walked from the drops (5 dug)
F15 [F15] vein sweep: 1 above-plane walk(s) timed out on the wide goal (range 2) - the ledge family (the v0.189.0 class, the triage names it)
F15 vein sweep: 5 ores dug beside the gallery (ore detour)
F15 [F15] craft torches: skip (no coal: sticks 5 coals 0)
F15 tunnel: steering coal_ore @ 8b (axis z--1, cross 0.29999999999999716, floor lock)
F1 [F1] water: pass 22 head=dry shore=hit r=1 land=none y=64.0 o2=20 probes=0 at=[-110,64,374]
F2 [F2] digShaft: water hazard 0.8b away (live 3) - refusing this column, the caller rotates
F2 [F2] craft torches: skip (no coal: sticks 3 coals 0)
F2 [F2] digShaft: water hazard 0.8b away (live 3) - refusing this column, the caller rotates
F2 tunnel: steering coal_ore @ 9.9b (axis z+, cross 0.29999999999999716, floor lock)
F2 tunnel: 0 blocks (branch mine at the floor, steered, floor lock)
F1 [F1] water: rescue complete in 11.1s
F1 [F1] water: hazard memorized at [-114,62,373] (4 live, fleet-wide)
F7 [F7] torch: the placement did not land (dry) x1 - the streak names itself once, a landing re-arms it
F11 [F11] vein sweep: lip dig refused - sealed floor (air 0, dy -1.0)
F2 [F2] craft torches: skip (no coal: sticks 3 coals 0)
F2 [F2] digShaft: water hazard 0.8b away (live 4) - refusing this column, the caller rotates
F2 [F2] craft torches: skip (no coal: sticks 3 coals 0)
F2 [F2] digShaft: water hazard 0.8b away (live 4) - refusing this column, the caller rotates
F2 tunnel: steering coal_ore @ 10.2b (axis x+, cross 3.6999999999999886, floor lock)
F2 tunnel: 0 blocks (branch mine at the floor, steered, floor lock)
F16 spare pick: OK (wooden_pickaxe, holds 2)
F16 sword due: planks available
F19 tunnel: 12 blocks (branch mine at the floor, steered, floor lock)
F7 [F7] digShaft: water table y=54 (region strike) - stopping above the aquifer, the tunnel owns this level (regions 2)
F15 tunnel: 1 blocks (branch mine at the floor, steered, floor lock)
F16 sword: OK (wooden_sword, holds 1)
F16 sword: OK (wooden_sword)
F16 [F16] craft torches: skip (no coal: sticks 3 coals 0)
F11 [F11] vein sweep: the drop walk to [-115,59,414] failed - sweep drops: timeout after 4000ms (dy 4.3, range 2)
F11 [F11] vein sweep: +5u walked from the drops (1 dug)
F11 [F11] vein sweep: 1 above-plane walk(s) timed out on the wide goal (range 2) - the ledge family (the v0.189.0 class, the triage names it)
F11 [F11] vein sweep: 6 deep drop(s) skipped (dy < -2 - the lip sphere cannot reach, the walk was a guaranteed spiral)
F11 vein sweep: 1 ores dug beside the gallery (floor lock)
F2 [F2] craft torches: skip (no coal: sticks 3 coals 0)
F2 [F2] digShaft: water hazard 0.8b away (live 4) - refusing this column, the caller rotates
F2 [F2] craft torches: skip (no coal: sticks 3 coals 0)
F2 [F2] digShaft: water hazard 0.8b away (live 4) - refusing this column, the caller rotates
F2 tunnel: steering coal_ore @ 10.2b (axis z--1, cross 3.700000000000003, floor lock)
F2 tunnel: 0 blocks (branch mine at the floor, steered, floor lock)
F2 tunnel: 0 blocks x3 - sealed or flooded, cooling down 15s
F18 tunnel: 13 blocks (branch mine at the floor, steered, floor lock)
F11 [F11] climb bridge: placed cobblestone at [-120,56,413] (support) - the step re-judges
F2 [F2] water: drowning rescue start (drowning, oxygen 6)
F2 [F2] water: pass 0 head=wet shore=none land=n/a y=46.0 o2=6 probes=0 at=[-115,46,398]
F18 [F18] climb bridge: placed cobblestone at [-110,52,397] (support) - the step re-judges
F1 [F1] climb wet escape: 7 blocks walked (budget, walked 2/4)
F1 [F1] climb: walkable surface at y=64 (+21 levels, dug=55) - the walk takes over (blocked step)
F1 climb out (wood trip): OK +21 levels (11 steps, 55 dug, 17 traversed, undefineds)
F2 [F2] water: pass 3 head=wet shore=none land=n/a y=48.1 o2=2 probes=0 at=[-115,48,398]
t-365s alive=19/19 mined=980 map=829p/13ch banked=0 smelted=0 pocket=1259u/235s | sand=3 gravel=2 dirt=87 stone=0
   deficits: 157926/3 (0.0%) 149380/2 (0.0%) 31860/0 (0.0%) 27420/0 (0.0%) 10725/44 (0.4%)
   F1=83[cobblestone:43 andesite:12 granite:8] | F2=47[cobblestone:19 raw_copper:16 dirt:4] | F3=92[raw_copper:55 cobblestone:41 torch:20] | F4=51[cobblestone:25 dirt:9 leaf_litter:5] | F5=42[cobblestone:35 raw_copper:7 stick:3] | F6=41[cobblestone:37 raw_copper:17 diorite:5] | F7=35[cobblestone:10 oak_planks:9 stick:6] | F8=52[cobblestone:26 dirt:6 stick:5] | F9=60[cobblestone:34 dirt:5 wooden_pickaxe:2] | F10=45[cobblestone:19 granite:13 raw_copper:8] | F11=48[cobblestone:21 dirt:6 stick:3] | F12=87[cobblestone:55 raw_copper:35 andesite:12] | F13=45[granite:19 torch:16 cobblestone:13] | F14=43[diorite:8 oak_planks:7 andesite:7] | F15=70[cobblestone:32 raw_iron:18 oak_log:5] | F16=7[stick:3 leaf_litter:3 oak_log:2] | F17=37[cobblestone:16 stick:6 leaf_litter:6] | F18=54[cobblestone:26 diorite:21 raw_copper:12] | F19=41[cobblestone:14 stick:5 oak_planks:5]
   mem: heap=110M/149M old=-1M ext=121M ab=118M rss=377M cols=1929 ents=2633 evicted=828 path=6a/0q (max 6) stale=0
F9 climb out (wood trip): OK +9 levels (9 steps, 25 dug, 32s)
F2 [F2] water: pass 6 head=dry shore=hit r=1 land=none y=51.6 o2=8 probes=0 at=[-115,52,398]
F8 [F8] craft torches: 3 batch(es) -> 12 torches (sticks 5 coals 4)
F10 [F10] craft torches: the metal fuel reserve holds all 1 coal for the furnace (8 raw metal held)
F10 [F10] craft torches: the metal fuel reserve holds all 1 coal for the furnace (8 raw metal held)
F10 tunnel: steering coal_ore @ 2.9b (axis x--1, cross 0.43428581520976195, floor lock)
F5 [F5] craft torches: skip (no coal: sticks 3 coals 0)
F5 [F5] digShaft: water table y=54 (region strike) - stopping above the aquifer, the tunnel owns this level (regions 2)
F5 [F5] craft torches: skip (no coal: sticks 3 coals 0)
F5 [F5] digShaft: water table y=54 (region strike) - stopping above the aquifer, the tunnel owns this level (regions 2)
F5 tunnel: steering coal_ore @ 7.2b (axis z+, cross 0.5004133915647628, floor lock)
F2 [F2] water: pass 9 head=wet shore=none land=n/a y=49.8 o2=17 probes=0 at=[-115,50,398]
[hb] n=12 ts=241s rss=377M late=51ms mainLate=956ms
F13 tunnel: 12 blocks (branch mine at the floor, steered, floor lock)
F2 [F2] water: transit toward known land (birch_log) at [-111,393] d=7
F3 [F3] craft torches: stick-dry but 7 planks held - one stick batch first
F3 [F3] craft torches: 1 batch(es) -> 4 torches (sticks 2 coals 17, the metal reserve keeps 7)
F8 [F8] craft torches: stick-dry but 5 planks held - one stick batch first
F8 [F8] craft torches: 1 batch(es) -> 4 torches (sticks 2 coals 1)
F3 bank trip: pockets full budget 182s
F3 climb out (bank): the yard stands 39 levels up over 26b lateral - the climb raises its target to the yard's level
F2 [F2] water: transit toward known land (birch_log) at [-111,393] d=7
F2 [F2] water: pass 16 head=dry shore=none land=birch_log d=7 y=50.6 o2=20 probes=0 at=[-115,51,398]
F8 tunnel: steering coal_ore @ 7b (axis x--1, cross 0.49978559805526857, floor lock)
F5 tunnel: 2 blocks (branch mine at the floor, steered, floor lock)
F3 [F3] climb bridge: placed cobblestone at [-99,41,414] (support) - the step re-judges
F2 [F2] water: transit toward known land (birch_log) at [-111,393] d=7
F2 [F2] water: pass 20 head=wet shore=none land=n/a y=49.3 o2=19 probes=0 at=[-115,49,398]
F2 [F2] craft torches: skip (no coal: sticks 3 coals 0)
F2 [F2] water: transit toward known land (birch_log) at [-111,393] d=7
F4 [F4] climb bridge: placed cobblestone at [-93,68,403] (support) - the step re-judges
F15 [F15] climb bridge: unavailable (no solid floor underfoot)
F15 [F15] climb diag: level at y=44 blocked toward 0,-1 (dug=11)
F14 [F14] vein sweep: 7 drop(s) in reach (11 dug)
F4 [F4] climb diag: level at y=70 blocked toward 0,1 (dug=32)
F4 [F4] climb diag: level at y=69 blocked toward -1,0 (dug=32)
F2 [F2] water: transit toward known land (birch_log) at [-111,393] d=7
F2 [F2] water: pass 25 head=dry shore=hit r=1 land=none y=51.6 o2=20 probes=0 at=[-115,52,398]
F17 tunnel: 12 blocks (branch mine at the floor, steered, floor lock)
F6 [F6] craft torches: skip (no coal: sticks 3 coals 0)
F2 [F2] water: pass 28 head=dry shore=hit r=1 land=none y=51.4 o2=20 probes=0 at=[-115,51,398]
F14 [F14] vein sweep: lip dig refused - sealed floor (air 0, dy 0.0)
F5 [F5] vein sweep: 5 drop(s) in reach (7 dug)
t-349s alive=19/19 mined=1111 map=891p/14ch banked=0 smelted=0 pocket=1410u/244s | sand=3 gravel=2 dirt=103 stone=0
   deficits: 157926/3 (0.0%) 149380/2 (0.0%) 31860/0 (0.0%) 27420/0 (0.0%) 10725/52 (0.5%)
   F1=88[cobblestone:43 andesite:12 granite:8] | F2=47[cobblestone:19 raw_copper:16 dirt:4] | F3=94[raw_copper:55 cobblestone:43 torch:24] | F4=59[cobblestone:24 dirt:11 leaf_litter:10] | F5=51[cobblestone:41 raw_copper:11 stick:3] | F6=44[cobblestone:42 raw_copper:17 dirt:8] | F7=45[cobblestone:18 oak_planks:9 dirt:7] | F8=58[cobblestone:32 torch:16 dirt:6] | F9=60[cobblestone:38 dirt:5 wooden_pickaxe:2] | F10=55[cobblestone:30 granite:13 raw_copper:8] | F11=60[cobblestone:27 dirt:14 stick:3] | F12=100[cobblestone:61 raw_copper:35 andesite:12] | F13=57[granite:19 cobblestone:17 torch:16] | F14=47[diorite:8 andesite:8 coal:7] | F15=81[cobblestone:36 raw_iron:18 andesite:8] | F16=7[stick:3 leaf_litter:3 oak_log:2] | F17=42[cobblestone:20 stick:6 leaf_litter:6] | F18=62[cobblestone:34 diorite:21 raw_copper:12] | F19=54[cobblestone:14 coal:8 stick:5]
   mem: heap=108M/150M old=-1M ext=121M ab=118M rss=382M cols=1934 ents=2809 evicted=851 path=4a/0q (max 6) stale=0
F2 [F2] water: pass 31 head=dry shore=hit r=1 land=none y=51.5 o2=20 probes=0 at=[-115,51,398]
F14 [F14] vein sweep: lip dig refused - sealed floor (air 0, dy -1.0)
F2 [F2] water: transit toward known land (birch_log) at [-111,393] d=7
F2 [F2] water: pass 36 head=dry shore=none land=birch_log d=7 y=50.7 o2=20 probes=0 at=[-115,51,398]
F2 [F2] water: transit stalled (d=7 after 25 passes - the walls own this swim; the release takes over)
F2 [F2] water: transit toward known land (birch_log) at [-111,393] d=7
F2 [F2] water: rescue released (surface-safe, open water - no land known; the walk gate reopens) in 20.6s
F2 [F2] water: hazard memorized at [-116,50,398] (5 live, fleet-wide)
F2 [F2] water: surface re-arm holds the page (11s left) - the open-water float owns the pacing; a sinking bar still pages
F10 [F10] craft torches: the metal fuel reserve holds all 1 coal for the furnace (11 raw metal held)
F10 tunnel: 13 blocks (branch mine at the floor, steered, floor lock)
F2 [F2] digShaft: water hazard 0.8b away (live 5) - refusing this column, the caller rotates
F2 [F2] craft torches: skip (no coal: sticks 3 coals 0)
F2 [F2] digShaft: water hazard 0.8b away (live 5) - refusing this column, the caller rotates
F2 tunnel: steering coal_ore @ 10b (axis z+, cross 0.7000000000000028, floor lock)
F2 tunnel: 0 blocks (branch mine at the floor, steered, floor lock)
F2 [F2] craft torches: skip (no coal: sticks 3 coals 0)
F2 [F2] digShaft: water hazard 0.8b away (live 5) - refusing this column, the caller rotates
F2 [F2] craft torches: skip (no coal: sticks 3 coals 0)
F2 [F2] digShaft: water hazard 0.8b away (live 5) - refusing this column, the caller rotates
F2 tunnel: steering copper_ore @ 14b (axis z--1, cross 1.2999999999999972, floor lock)
F2 tunnel: 0 blocks (branch mine at the floor, steered, floor lock)
F2 [F2] craft torches: skip (no coal: sticks 3 coals 0)
F2 [F2] digShaft: water hazard 0.8b away (live 5) - refusing this column, the caller rotates
F2 [F2] craft torches: skip (no coal: sticks 3 coals 0)
F2 [F2] digShaft: water hazard 0.8b away (live 5) - refusing this column, the caller rotates
F2 tunnel: 0 blocks (branch mine at the floor, floor lock)
F2 tunnel: 0 blocks x3 - sealed or flooded, cooling down 15s
F19 [F19] vein sweep: 8 drop(s) in reach (24 dug)
F5 [F5] vein sweep: lip dig refused - sealed floor (air 0, dy -1.0)
F5 [F5] vein sweep: +23u walked from the drops (7 dug)
F5 vein sweep: 7 ores dug beside the gallery (floor lock)
F5 [F5] craft torches: skip (no coal: sticks 3 coals 0)
F13 [F13] vein sweep: refused a cell - drop of 4 below the cell (cave?) - the ore waits for a safe angle
F13 [F13] vein sweep: 8 drop(s) in reach (15 dug)
F14 [F14] vein sweep: the drop walk to [-117,54,410] failed - sweep drops: timeout after 4000ms (dy 0.0, range 1)
F14 [F14] vein sweep: the drop walk to [-117,53,410] failed - spin breaker: sweep drops re-issued 2x inside the 10s window after its own pf:done - sweep drops refused for 30s (the sync re-issue breaker: the goal->done->goal churn starves the timers, the run53 alloc-storm class) (dy -1.0, range 2)
F14 [F14] vein sweep: +12u walked from the drops (11 dug)
F14 [F14] vein sweep: 1 below-plane walk(s) still failed on the wide goal (range 2) - the drop rests deeper than the lip
F14 vein sweep: 11 ores dug beside the gallery (floor lock)
F8 tunnel: 12 blocks (branch mine at the floor, steered, floor lock)
F19 [F19] vein sweep: the drop walk to [-92,57,383] failed - spin breaker: sweep drops re-issued 2x inside the 10s window after its own pf:done - sweep drops refused for 30s (the sync re-issue breaker: the goal->done->goal churn starves the timers, the run53 alloc-storm class) (dy 1.0, range 2)
F14 [F14] craft torches: 4 batch(es) -> 16 torches (sticks 6 coals 12)
F19 [F19] vein sweep: the drop walk to [-93,56,381] failed - spin breaker: sweep drops re-issued 2x inside the 10s window after its own pf:done - sweep drops refused for 30s (the sync re-issue breaker: the goal->done->goal churn starves the timers, the run53 alloc-storm class, hold live) (dy 0.0, range 1)
F19 [F19] vein sweep: +14u walked from the drops (24 dug)
F19 [F19] vein sweep: 1 above-plane walk(s) timed out on the wide goal (range 2) - the ledge family (the v0.189.0 class, the triage names it)
F19 vein sweep: 24 ores dug beside the gallery (floor lock)
F4 [F4] climb rise assist: assist did not complete (goto: No path to the goal!)
F4 [F4] climb diag: level at y=65 did not rise (food=20, dug=34) feet=air support=grass_block step=air head=air
F13 [F13] vein sweep: the drop walk to [-154,43,407] failed - doomed goal (ledgered 69s ago at [-155,43,406]) - sweep drops refused (dy 0.0, range 1)
F19 [F19] craft torches: 3 batch(es) -> 12 torches (sticks 5 coals 22)
F13 [F13] vein sweep: the drop walk to [-156,46,407] failed - spin breaker: sweep drops re-issued 2x inside the 10s window after its own pf:done - sweep drops refused for 30s (the sync re-issue breaker: the goal->done->goal churn starves the timers, the run53 alloc-storm class) (dy 3.0, range 2)
F6 climb out (trip): OK +3 levels (3 steps, 8 dug, 9s)
F13 [F13] vein sweep: +2u walked from the drops (15 dug)
F13 [F13] vein sweep: 5 above-plane walk(s) timed out on the wide goal (range 2) - the ledge family (the v0.189.0 class, the triage names it)
F13 vein sweep: 15 ores dug beside the gallery (floor lock)
F6 map trip skipped: sand,coal_ore unreachable
[hb] n=13 ts=261s rss=383M late=56ms mainLate=1190ms
F10 [F10] vein sweep: 8 drop(s) in reach (7 dug)
F8 [F8] vein sweep: 4 drop(s) in reach (3 dug)
F11 [F11] climb bridge: placed cobblestone at [-131,64,413] (support) - the step re-judges
F7 [F7] climb bridge: placed cobblestone at [-89,65,435] (support) - the step re-judges
F11 [F11] climb diag: level at y=65 blocked toward -1,0 (dug=18)
F11 [F11] climb diag: level at y=65 blocked toward 0,-1 (dug=18)
F15 [F15] climb wet escape: 4 blocks walked (low-o2, walked 1/4)
F15 [F15] climb wet escape: oxygen 3 at the floor - the escape yields, the rescue lane owns the air
F15 climb out (trip): failed - low-o2 (traversed 4)
F15 map trip skipped: cannot leave the shaft
F15 [F15] water: drowning rescue start (drowning, oxygen 5)
F15 [F15] water: pass 0 head=dry shore=hit r=1 land=none y=44.4 o2=5 probes=0 at=[-118,44,388]
F11 [F11] climb diag: level at y=65 blocked toward 1,0 (dug=19)
F15 [F15] water: rescue complete in 0.5s
F11 climb out (trip): failed - stalled
F11 map trip skipped: cannot leave the shaft
F15 [F15] craft torches: the metal fuel reserve holds all 3 coal for the furnace (18 raw metal held)
F7 [F7] climb bridge: placed cobblestone at [-89,65,436] (pit) - the step re-judges
F8 [F8] vein sweep: the drop walk to [-158,41,416] failed - sweep drops: timeout after 4000ms (dy -1.0, range 2)
F2 [F2] water: drowning rescue start (drowning, oxygen 4)
F2 [F2] water: pass 0 head=wet shore=none land=n/a y=46.0 o2=4 probes=0 at=[-115,46,398]
t-334s alive=19/19 mined=1254 map=928p/15ch banked=0 smelted=0 pocket=1648u/252s | sand=3 gravel=2 dirt=130 stone=0
   deficits: 157926/3 (0.0%) 149380/2 (0.0%) 31860/0 (0.0%) 27420/0 (0.0%) 10725/72 (0.7%)
   F1=93[cobblestone:43 andesite:12 oak_log:8] | F2=47[cobblestone:19 raw_copper:16 dirt:4] | F3=107[raw_copper:55 cobblestone:45 torch:24] | F4=64[cobblestone:30 leaf_litter:14 dirt:13] | F5=64[cobblestone:57 raw_copper:32 stick:3] | F6=52[cobblestone:47 raw_copper:17 dirt:12] | F7=55[cobblestone:16 dirt:15 oak_planks:9] | F8=67[cobblestone:40 torch:16 dirt:6] | F9=60[cobblestone:41 raw_copper:9 dirt:5] | F10=65[cobblestone:38 raw_copper:27 granite:13] | F11=66[cobblestone:26 dirt:17 leaf_litter:4] | F12=115[cobblestone:61 raw_copper:35 andesite:12] | F13=69[cobblestone:23 granite:19 torch:16] | F14=50[torch:16 coal:11 andesite:10] | F15=85[cobblestone:36 raw_iron:18 andesite:11] | F16=8[stick:3 leaf_litter:3 oak_log:2] | F17=45[cobblestone:20 stick:6 leaf_litter:6] | F18=76[cobblestone:46 diorite:21 raw_copper:12] | F19=66[coal:19 cobblestone:16 torch:12]
   mem: heap=110M/151M old=-1M ext=121M ab=118M rss=381M cols=1935 ents=2828 evicted=881 path=6a/0q (max 6) stale=0
F7 [F7] climb bridge: the server refused the support fill at [-89,66,436] - the rotate ladder owns it (held=cobblestone, 0.9b, ref=cobblestone, post=? (re-read failed))
F7 [F7] climb diag: level at y=66 blocked toward 0,1 (dug=24)
F10 [F10] vein sweep: the drop walk to [-159,46,409] failed - sweep drops: timeout after 4000ms (dy 3.0, range 2)
F11 [F11] craft torches: skip (no coal: sticks 3 coals 0)
F4 climb out (wood trip): failed - timeout
F4 wood trip: 0 (climb refused)
F4 tool upgrade due: cobble available -> stone_pickaxe
F4 [toolupgrade] [upgrade] craft crafting_table: no craftable recipe variant (ingredients missing?)
F4 tool upgrade: failed -> none (no table material)
F4 [F4] craft torches: skip (no coal: sticks 5 coals 0)
F2 [F2] water: pass 3 head=wet shore=none land=n/a y=48.1 o2=1 probes=0 at=[-115,48,398]
F1 wood trip: plank rung: converted 3->11 same-type planks (need 8, from oak_log)
F15 [F15] craft torches: 1 batch(es) -> 4 torches (sticks 5 coals 4, the metal reserve keeps 3)
F7 [F7] climb bridge: placed cobblestone at [-90,65,435] (pit) - the step re-judges
F7 [F7] climb bridge: the server refused the support fill at [-90,66,435] - the rotate ladder owns it (held=cobblestone, 0.9b, ref=cobblestone, post=? (re-read failed))
F7 [F7] climb diag: level at y=66 blocked toward -1,0 (dug=25)
F15 [F15] craft torches: the metal fuel reserve holds all 3 coal for the furnace (18 raw metal held)
F15 tunnel: steering iron_ore @ 3.2b (axis x--1, cross 0.30000000000001137, floor lock)
F14 tool upgrade due: cobble available -> stone_pickaxe
F8 [F8] vein sweep: the drop walk to [-155,45,415] failed - sweep drops: timeout after 4000ms (dy 4.0, range 2)
F7 [F7] climb bridge: placed cobblestone at [-89,65,434] (pit) - the step re-judges
F2 [F2] water: pass 9 head=wet shore=none land=n/a y=49.8 o2=6 probes=0 at=[-115,50,398]
F7 [F7] climb bridge: placed cobblestone at [-89,66,434] (support) - the step re-judges
F2 [F2] craft torches: skip (no coal: sticks 3 coals 0)
F10 [F10] vein sweep: the drop walk to [-158,46,408] failed - sweep drops: timeout after 4000ms (dy 2.0, range 2)
F2 [F2] water: transit toward known land (birch_log) at [-111,393] d=7
F19 tunnel: steering iron_ore @ 24.6b (axis z+, cross 3.3688695545721146, ore detour)
F7 climb out (trip): OK +11 levels (10 steps, 26 dug, 45s)
F2 [F2] water: pass 12 head=wet shore=none land=n/a y=49.6 o2=14 probes=0 at=[-115,50,398]
F16 [F16] craft torches: skip (no coal: sticks 3 coals 0)
F4 [F4] digShaft: water table y=54 (region strike) - stopping above the aquifer, the tunnel owns this level (regions 2)
F16 [F16] craft torches: skip (no coal: sticks 3 coals 0)
F16 tunnel: steering coal_ore @ 6.6b (axis x+, cross 2.359311001043409, floor lock)
F11 [F11] digShaft: water strike at y=52 -> water table (regions 2); fluid below (-138, 53, 412) - moving sideways
F5 map trip: coal_ore
F2 [F2] water: transit toward known land (birch_log) at [-111,393] d=7
F11 tunnel: steering coal_ore @ 9b (axis x+, cross 3.5005218757098078, ore detour)
F8 [F8] vein sweep: +10u walked from the drops (3 dug)
F8 [F8] vein sweep: 1 below-plane walk(s) still failed on the wide goal (range 2) - the drop rests deeper than the lip
F8 [F8] vein sweep: 2 above-plane walk(s) timed out on the wide goal (range 2) - the ledge family (the v0.189.0 class, the triage names it)
F8 vein sweep: 3 ores dug beside the gallery (floor lock)
F8 wood trip: famine (sticks 5 planks 3 logs 0) - gathering
F2 [F2] water: pass 17 head=wet shore=none land=n/a y=49.5 o2=19 probes=0 at=[-115,49,398]
F2 [F2] water: transit toward known land (birch_log) at [-111,393] d=7
F5 [F5] craft torches: skip (no coal: sticks 3 coals 0)
F5 [F5] craft torches: skip (no coal: sticks 3 coals 0)
F5 tunnel: steering copper_ore @ 5.1b (axis x--1, cross 2.3766095821691806, floor lock)
F19 tunnel: 2 blocks (branch mine at the floor, steered, ore detour)
F2 [F2] water: transit toward known land (birch_log) at [-111,393] d=7
F14 [toolupgrade] [upgrade] upgraded: stone_pickaxe,wooden_shovel,wooden_pickaxe,wooden_pickaxe
F14 tool upgrade: OK -> stone_pickaxe (stone_pickaxe,wooden_shovel,wooden_pickaxe,wooden_pickaxe)
F14 [F14] craft torches: 2 batch(es) -> 8 torches (sticks 4 coals 11)
F8 [F8] climb bridge: placed cobblestone at [-150,42,418] (pit) - the step re-judges
F6 [F6] craft torches: skip (no coal: sticks 3 coals 0)
F12 climb out (trip): OK +22 levels (21 steps, 61 dug, 72s)
F8 [F8] climb bridge: placed cobblestone at [-150,43,418] (support) - the step re-judges
F2 [F2] water: pass 23 head=wet shore=none land=n/a y=49.2 o2=19 probes=0 at=[-115,49,398]
F7 [F7] craft torches: skip (no coal: sticks 6 coals 0)
F6 tunnel: steering coal_ore @ 10.2b (axis z--1, cross 2.5000326069398113, ore detour)
F2 [F2] water: transit toward known land (birch_log) at [-111,393] d=7
F18 [F18] climb diag: level at y=67 blocked toward 1,0 (dug=31)
F2 bank trip: planned budget 165s
F2 climb out (bank): the yard stands 29 levels up over 6b lateral - the climb raises its target to the yard's level
F2 climb out (bank): failed - rescue owns the bot
F2 climb out (bank): no retry (no retry for 'rescue owns the bot')
F2 [F2] craft torches: skip (no coal: sticks 3 coals 0)
F18 [F18] climb: walkable surface at y=66 (+14 levels, dug=31) - the walk takes over (blocked step)
F18 climb out (trip): OK +14 levels (14 steps, 31 dug, undefineds)
F12 [F12] craft torches: skip (no coal: sticks 3 coals 0)
F2 [F2] water: pass 28 head=dry shore=hit r=1 land=none y=51.4 o2=20 probes=0 at=[-115,51,398]
[hb] n=14 ts=281s rss=380M late=61ms mainLate=701ms
F6 tunnel: 2 blocks (branch mine at the floor, steered, ore detour)
F8 [F8] climb diag: level at y=46 blocked toward 0,1 (dug=5)
F14 tunnel: steering iron_ore @ 16.4b (axis x+, cross 0.4996062255481206, ore detour)
F2 [F2] water: transit toward known land (birch_log) at [-111,393] d=7
F2 [F2] water: transit stalled (d=7 after 25 passes - the walls own this swim; the release takes over)
F2 [F2] water: transit toward known land (birch_log) at [-111,393] d=7
F2 [F2] water: rescue released (surface-safe, open water - no land known; the walk gate reopens) in 14.8s
F2 [F2] water: hazard memorized at [-116,50,398] (6 live, fleet-wide)
F2 [F2] digShaft: water hazard 0.8b away (live 6) - refusing this column, the caller rotates
F2 tunnel: steering coal_ore @ 9.3b (axis z+, cross 0.29999999999999716, floor lock)
F2 tunnel: 0 blocks (branch mine at the floor, steered, floor lock)
t-319s alive=19/19 mined=1415 map=999p/16ch banked=0 smelted=0 pocket=1829u/262s | sand=10 gravel=7 dirt=169 stone=0
   deficits: 157926/10 (0.0%) 149380/7 (0.0%) 31860/0 (0.0%) 27420/0 (0.0%) 10725/86 (0.8%)
   F1=98[cobblestone:43 andesite:12 oak_planks:11] | F2=47[cobblestone:19 raw_copper:16 dirt:4] | F3=122[raw_copper:55 cobblestone:50 andesite:25] | F4=73[cobblestone:39 leaf_litter:14 dirt:13] | F5=81[cobblestone:76 raw_copper:32 stick:3] | F6=57[cobblestone:48 dirt:23 raw_copper:17] | F7=62[dirt:19 cobblestone:15 oak_planks:9] | F8=73[cobblestone:51 torch:16 dirt:6] | F9=60[cobblestone:42 raw_copper:9 dirt:5] | F10=65[cobblestone:38 raw_copper:27 granite:13] | F11=84[cobblestone:35 dirt:22 leaf_litter:6] | F12=127[cobblestone:61 raw_copper:35 dirt:16] | F13=85[cobblestone:36 granite:19 torch:16] | F14=58[torch:24 andesite:10 coal:9] | F15=96[cobblestone:45 raw_iron:18 andesite:12] | F16=17[cobblestone:9 stick:3 leaf_litter:3] | F17=48[cobblestone:20 stick:6 leaf_litter:6] | F18=83[cobblestone:47 diorite:21 dirt:13] | F19=79[cobblestone:22 coal:19 torch:11]
   mem: heap=112M/150M old=-1M ext=122M ab=119M rss=382M cols=1927 ents=2990 evicted=922 path=3a/0q (max 6) stale=0
F8 [F8] climb bridge: placed cobblestone at [-151,45,419] (support) - the step re-judges
F12 [F12] digShaft: water table y=56 (region strike) - stopping above the aquifer, the tunnel owns this level (regions 2)
F12 map trip: sand
F18 [F18] craft torches: skip (no coal: sticks 3 coals 0)
F15 tunnel: 13 blocks (branch mine at the floor, steered, floor lock)
F12 [F12] craft torches: skip (no coal: sticks 3 coals 0)
F12 [F12] digShaft: water table y=56 (region strike) - stopping above the aquifer, the tunnel owns this level (regions 2)
F12 bank trip: planned budget 183s
F6 [F6] vein sweep: 3 drop(s) in reach (3 dug)
F19 [F19] vein sweep: 7 drop(s) in reach (8 dug)
F19 [F19] vein sweep: the drop walk to [-91,45,382] failed - spin breaker: sweep drops re-issued 2x inside the 10s window after its own pf:done - sweep drops refused for 5s (the sync re-issue breaker: the goal->done->goal churn starves the timers, the run53 alloc-storm class, hold live) (dy 2.0, range 2)
F19 [F19] vein sweep: the drop walk to [-92,46,383] failed - spin breaker: sweep drops re-issued 2x inside the 10s window after its own pf:done - sweep drops refused for 4s (the sync re-issue breaker: the goal->done->goal churn starves the timers, the run53 alloc-storm class, hold live) (dy 3.0, range 2)
F11 tunnel: 13 blocks (branch mine at the floor, steered, ore detour)
F19 [F19] vein sweep: the drop walks picked nothing (pocket delta 0, 7 failed walk(s))
F19 [F19] vein sweep: 7 above-plane walk(s) timed out on the wide goal (range 2) - the ledge family (the v0.189.0 class, the triage names it)
F19 vein sweep: 8 ores dug beside the gallery (ore detour)
F5 tunnel: 12 blocks (branch mine at the floor, steered, floor lock)
F15 [F15] vein sweep: 3 drop(s) in reach (3 dug)
F15 [F15] vein sweep: lip dig refused - sealed floor (air 0, dy -2.0)
F7 [F7] digShaft: water table y=54 (region strike) - stopping above the aquifer, the tunnel owns this level (regions 2)
F7 map trip: coal_ore
F6 [F6] vein sweep: the drop walk to [-98,42,427] failed - sweep drops: timeout after 4000ms (dy -1.0, range 2)
F11 [F11] craft torches: skip (no coal: sticks 3 coals 0)
F11 [F11] digShaft: water strike at y=51 -> water table (regions 2); fluid below (-139, 52, 412) - moving sideways
F7 tool upgrade due: cobble available -> stone_pickaxe
F15 [F15] vein sweep: lip dig refused - sealed floor (air 0, dy 0.3)
F15 [F15] vein sweep: +3u walked from the drops (3 dug)
F15 vein sweep: 3 ores dug beside the gallery (floor lock)
F15 bank trip: planned budget 175s
F15 climb out (bank): the yard stands 39 levels up over 8b lateral - the climb raises its target to the yard's level
F10 [F10] vein sweep: +25u walked from the drops (7 dug)
F10 [F10] vein sweep: 6 above-plane walk(s) timed out on the wide goal (range 2) - the ledge family (the v0.189.0 class, the triage names it)
F10 vein sweep: 7 ores dug beside the gallery (floor lock)
F11 [F11] craft torches: skip (no coal: sticks 3 coals 0)
F11 [F11] digShaft: water strike at y=52 -> water table (regions 2); fluid below (-136, 53, 412) - moving sideways
F6 [F6] vein sweep: lip dig refused - sealed floor (air 0, dy -0.8)
F10 [F10] climb bridge: placed cobblestone at [-161,43,407] (pit) - the step re-judges
F11 [F11] digShaft: water strike at y=52 -> water table (regions 2); fluid below (-134, 53, 412) - moving sideways
F11 [F11] digShaft: water strike at y=52 -> water table (regions 2); fluid below (-134, 53, 412) - moving sideways
F10 [F10] climb bridge: placed cobblestone at [-161,44,407] (support) - the step re-judges
F11 [F11] digShaft: water strike at y=52 -> water table (regions 2); fluid below (-136, 53, 412) - moving sideways
F16 [F16] torch: the placement did not land (dry) x1 - the streak names itself once, a landing re-arms it
F16 tunnel: 13 blocks (branch mine at the floor, steered, floor lock)
F2 [F2] climb wet escape: 2 blocks walked (low-o2, walked 1/4)
F2 [F2] climb wet escape: oxygen 4 at the floor - the escape yields, the rescue lane owns the air
F2 climb out (trip): failed - low-o2 (traversed 2)
F2 map trip skipped: cannot leave the shaft
F11 bank trip: planned budget 170s
F11 climb out (bank): the yard stands 26 levels up over 23b lateral - the climb raises its target to the yard's level
F2 [F2] water: drowning rescue start (drowning, oxygen 4)
F2 [F2] water: pass 0 head=wet shore=none land=n/a y=47.0 o2=4 probes=0 at=[-115,47,398]
F2 churn: evacuation armed (6 rescues/180s) - the wet lanes hold for 90s (the rescue machinery untouched)
F14 tunnel: 12 blocks (branch mine at the floor, steered, ore detour)
F2 [F2] water: transit toward known land (birch_log) at [-111,393] d=7
F6 [F6] vein sweep: the drop walk to [-98,41,428] failed - sweep drops: timeout after 4000ms (dy -2.0, range 2)
F6 [F6] vein sweep: +7u walked from the drops (3 dug)
F6 [F6] vein sweep: 2 below-plane walk(s) still failed on the wide goal (range 2) - the drop rests deeper than the lip
F6 vein sweep: 3 ores dug beside the gallery (ore detour)
F6 bank trip: planned budget 185s
F6 climb out (bank): the yard stands 37 levels up over 33b lateral - the climb raises its target to the yard's level
F7 [toolupgrade] [upgrade] upgraded: stone_pickaxe,wooden_shovel,wooden_pickaxe,wooden_pickaxe
F7 tool upgrade: OK -> stone_pickaxe (stone_pickaxe,wooden_shovel,wooden_pickaxe,wooden_pickaxe)
F7 [F7] craft torches: skip (no coal: sticks 4 coals 0)
F7 [F7] digShaft: water table y=54 (region strike) - stopping above the aquifer, the tunnel owns this level (regions 2)
F7 bank trip: planned budget 178s
F11 [F11] climb bridge: placed cobblestone at [-138,54,412] (support) - the step re-judges
F14 [F14] vein sweep: 2 drop(s) in reach (1 dug)
F12 climb out (bank): OK +5 levels (5 steps, 10 dug, 12s)
F12 bank: smelt hold skipped - no fuel in pocket (coal 0)
F2 [F2] water: pass 6 head=wet shore=none land=n/a y=49.6 o2=7 probes=0 at=[-115,50,398]
F14 [F14] vein sweep: +5u walked from the drops (1 dug)
F14 vein sweep: 1 ores dug beside the gallery (ore detour)
F5 [F5] vein sweep: 5 drop(s) in reach (10 dug)
F5 [F5] vein sweep: lip dig refused - sealed floor (air 0, dy -0.5)
F1 wood trip: gathered (sticks 1 planks 11 logs 13)
F18 map trip: sand
t-303s alive=19/19 mined=1611 map=1051p/16ch banked=0 smelted=0 pocket=2049u/275s | sand=19 gravel=14 dirt=189 stone=0
   deficits: 157926/19 (0.0%) 149380/14 (0.0%) 31860/0 (0.0%) 27420/0 (0.0%) 10725/106 (1.0%)
   F1=99[cobblestone:39 oak_log:13 andesite:12] | F2=51[cobblestone:23 raw_copper:16 dirt:4] | F3=139[raw_copper:55 cobblestone:52 andesite:30] | F4=82[cobblestone:46 leaf_litter:14 dirt:13] | F5=97[cobblestone:82 raw_copper:32 stick:3] | F6=61[cobblestone:48 dirt:25 raw_copper:17] | F7=70[cobblestone:21 dirt:19 leaf_litter:7] | F8=89[cobblestone:66 torch:16 dirt:6] | F9=60[cobblestone:43 raw_copper:9 dirt:5] | F10=69[cobblestone:40 raw_copper:27 granite:13] | F11=93[cobblestone:44 dirt:22 granite:7] | F12=138[cobblestone:62 raw_copper:35 dirt:22] | F13=102[cobblestone:43 granite:26 torch:16] | F14=73[torch:24 cobblestone:17 gravel:12] | F15=110[cobblestone:55 raw_iron:21 andesite:12] | F16=27[cobblestone:17 stick:3 leaf_litter:3] | F17=50[cobblestone:20 stick:6 leaf_litter:6] | F18=107[cobblestone:63 diorite:21 dirt:20] | F19=94[cobblestone:27 raw_copper:24 coal:19]
   mem: heap=109M/151M old=-1M ext=121M ab=118M rss=381M cols=1922 ents=2953 evicted=961 path=5a/0q (max 6) stale=0
F2 [F2] water: pass 12 head=dry shore=hit r=1 land=none y=51.2 o2=16 probes=0 at=[-115,51,398]
F5 [F5] vein sweep: lip dig refused - sealed floor (air 0, dy 0.0)
F2 [F2] water: transit toward known land (birch_log) at [-111,393] d=7
F4 climb out (trip): OK +5 levels (5 steps, 14 dug, 25s)
F4 map trip skipped: sand,gravel unreachable
F5 [F5] vein sweep: +32u walked from the drops (10 dug)
F5 vein sweep: 10 ores dug beside the gallery (floor lock)
F5 bank trip: pockets full budget 195s
F5 climb out (bank): the yard stands 50 levels up over 33b lateral - the climb raises its target to the yard's level
F13 [F13] climb wet escape: 2 blocks walked (stalled, walked 1/4)
F13 [F13] climb diag: level at y=56 blocked toward 1,0 (dug=43, wet) at [0,2,-1] water (stop)
F2 [F2] water: transit toward known land (birch_log) at [-111,393] d=7
F2 [F2] water: pass 15 head=dry shore=none land=birch_log d=7 y=50.8 o2=20 probes=0 at=[-115,51,398]
[hb] n=15 ts=301s rss=381M late=66ms mainLate=673ms
F2 [F2] water: transit toward known land (birch_log) at [-111,393] d=7
F18 [F18] craft torches: skip (no coal: sticks 3 coals 0)
F4 [F4] craft torches: 2 batch(es) -> 8 torches (sticks 5 coals 2)
F11 [F11] climb rise assist: assist did not complete (goto: No path to the goal!)
F11 [F11] climb diag: level at y=56 did not rise (food=20, dug=3) feet=air support=air step=air head=air
F2 [F2] water: transit toward known land (birch_log) at [-111,393] d=7
F2 [F2] water: pass 19 head=dry shore=none land=birch_log d=7 y=50.4 o2=20 probes=0 at=[-115,50,398]
F2 [F2] water: transit toward known land (birch_log) at [-111,393] d=7
F2 [F2] water: transit stalled (d=7 after 17 passes - the walls own this swim; the release takes over)
F2 [F2] water: transit toward known land (birch_log) at [-111,393] d=7
F2 [F2] water: rescue released (surface-safe, open water - no land known; the walk gate reopens) in 9.6s
F2 [F2] water: hazard memorized at [-116,50,398] (6 live, fleet-wide)
F1 [F1] craft torches: 1 batch(es) -> 4 torches (sticks 3 coals 5)
F2 [F2] water: surface re-arm holds the page (12s left) - the open-water float owns the pacing; a sinking bar still pages
F1 tunnel: steering coal_ore @ 2.2b (axis x+, cross 0.5105773038721395, floor lock)
F13 [F13] climb bridge: unavailable (no solid floor underfoot)
F13 [F13] climb diag: level at y=57 blocked toward 0,1 (dug=51)
F1 tunnel: 1 blocks (branch mine at the floor, steered, floor lock)
F4 [F4] digShaft: water table y=54 (region strike) - stopping above the aquifer, the tunnel owns this level (regions 2)
F4 tunnel: steering coal_ore @ 4.1b (axis z--1, cross 0.3922770756540359, ore detour)
F1 [F1] water: drowning rescue start (drowning, oxygen 13)
F1 [F1] water: pass 0 head=wet shore=none land=n/a y=43.0 o2=13 probes=0 at=[-120,43,390]
F18 tunnel: 13 blocks (branch mine at the floor, ore detour)
F1 [F1] water: pass 5 head=dry shore=hit r=2 land=none y=43.5 o2=20 probes=0 at=[-120,44,389]
F14 climb out (trip): OK +5 levels (5 steps, 14 dug, 16s)
F14 map trip skipped: sand,gravel unreachable
F4 tunnel: 2 blocks (branch mine at the floor, steered, ore detour)
t-288s alive=19/19 mined=1860 map=1043p/16ch banked=0 smelted=0 pocket=2340u/283s | sand=20 gravel=19 dirt=235 stone=0
   deficits: 157926/20 (0.0%) 149380/19 (0.0%) 31860/0 (0.0%) 27420/0 (0.0%) 10725/112 (1.0%)
   F1=102[cobblestone:39 oak_log:13 andesite:13] | F2=51[raw_copper:25 cobblestone:24 dirt:4] | F3=157[cobblestone:61 raw_copper:55 andesite:30] | F4=90[cobblestone:53 leaf_litter:14 dirt:13] | F5=117[cobblestone:91 raw_copper:61 dirt:16] | F6=82[cobblestone:65 dirt:25 raw_copper:17] | F7=91[cobblestone:37 dirt:24 leaf_litter:7] | F8=109[cobblestone:74 torch:16 diorite:11] | F9=62[cobblestone:43 raw_copper:9 dirt:5] | F10=88[cobblestone:46 raw_copper:31 granite:25] | F11=110[cobblestone:47 dirt:33 granite:13] | F12=138[cobblestone:62 raw_copper:35 dirt:22] | F13=121[cobblestone:43 granite:26 torch:16] | F14=85[cobblestone:27 torch:24 gravel:16] | F15=130[cobblestone:75 raw_iron:21 andesite:12] | F16=36[cobblestone:17 stick:3 leaf_litter:3] | F17=57[cobblestone:20 stick:6 leaf_litter:6] | F18=122[cobblestone:71 diorite:21 dirt:20] | F19=112[cobblestone:42 raw_copper:24 coal:21]
   mem: heap=107M/151M old=-1M ext=119M ab=116M rss=381M cols=1902 ents=3035 evicted=1011 path=2a/0q (max 6) stale=0
F1 [F1] water: pass 7 head=dry shore=hit r=1 land=none y=42.4 o2=20 probes=0 at=[-120,42,388]
F1 [F1] water: rescue complete in 6.6s
F1 [F1] water: hazard memorized at [-120,43,388] (7 live, fleet-wide)
F4 [F4] vein sweep: 5 drop(s) in reach (1 dug)
F4 [F4] vein sweep: the drop walk to [-86,55,400] failed - No path to the goal! (dy -1.0, range 2)
F4 [F4] vein sweep: the drop walk to [-86,55,401] failed - doomed goal (ledgered 0s ago at [-86,55,400]) - sweep drops refused (dy -1.0, range 2)
F4 [F4] vein sweep: the drop walks picked nothing (pocket delta 0, 5 failed walk(s))
F4 [F4] vein sweep: 5 below-plane walk(s) still failed on the wide goal (range 2) - the drop rests deeper than the lip
F4 vein sweep: 1 ores dug beside the gallery (ore detour)
F4 bank trip: planned budget 178s
F19 climb out (trip): OK +13 levels (13 steps, 37 dug, 32s)
F19 map trip skipped: sand,gravel unreachable
F1 [F1] vein sweep: 4 drop(s) in reach (9 dug)
F1 [F1] vein sweep: lip dig refused - sealed floor (air 0, dy -1.9)
F7 [F7] climb bridge: placed cobblestone at [-84,66,426] (support) - the step re-judges
F11 [F11] climb diag: level at y=65 blocked toward 0,-1 (dug=23)
F16 [F16] vein sweep: 8 drop(s) in reach (16 dug)
F3 [F3] climb diag: level at y=65 blocked toward -1,0 (dug=70)
F7 [F7] climb diag: level at y=68 blocked toward 0,1 (dug=26)
F7 [F7] climb diag: level at y=67 blocked toward -1,0 (dug=26)
[hb] n=16 ts=321s rss=382M late=71ms mainLate=749ms
F16 [F16] vein sweep: lip dig refused - sealed floor (air 0, dy 0.0)
F11 [F11] climb bridge: placed cobblestone at [-137,64,402] (support) - the step re-judges
F3 [F3] climb bridge: placed cobblestone at [-126,63,413] (pit) - the step re-judges
F7 [F7] climb bridge: the server refused the support fill at [-84,66,427] - the rotate ladder owns it (held=cobblestone, 0.7b, ref=grass_block, post=? (re-read failed))
F7 [F7] climb diag: level at y=66 blocked toward 0,-1 (dug=26)
F19 [F19] craft torches: stick-dry but 5 planks held - one stick batch first
F11 [F11] climb bridge: placed cobblestone at [-137,64,401] (support) - the step re-judges
F3 [F3] climb bridge: placed cobblestone at [-126,64,413] (support) - the step re-judges
F19 [F19] craft torches: 3 batch(es) -> 12 torches (sticks 2 coals 21, the metal reserve keeps 3)
F11 [F11] climb diag: level at y=66 blocked toward 1,0 (dug=23)
F16 [F16] vein sweep: the drop walk to [-100,55,395] failed - sweep drops: timeout after 4000ms (dy 0.0, range 1)
F3 [F3] climb diag: level at y=66 blocked toward 0,-1 (dug=70)
F1 [F1] vein sweep: the drop walk to [-117,44,388] failed - sweep drops: timeout after 4000ms (dy 0.8, range 2)
F3 [F3] climb diag: level at y=65 blocked toward 1,0 (dug=70)
F10 [F10] climb wet escape: 3 blocks walked (stalled, walked 1/4)
F10 [F10] climb diag: level at y=53 blocked toward 0,-1 (dug=37, wet) at [0,2,0] water (stop)
F8 climb out (wood trip): OK +21 levels (20 steps, 57 dug, 51s)
F1 [F1] vein sweep: +5u walked from the drops (9 dug)
F1 [F1] vein sweep: 1 above-plane walk(s) timed out on the wide goal (range 2) - the ledge family (the v0.189.0 class, the triage names it)
F1 vein sweep: 9 ores dug beside the gallery (floor lock)
F1 bank trip: planned budget 172s
F1 climb out (bank): the yard stands 36 levels up over 7b lateral - the climb raises its target to the yard's level
t-273s alive=19/19 mined=1999 map=1058p/17ch banked=0 smelted=0 pocket=2487u/288s | sand=34 gravel=19 dirt=261 stone=0
   deficits: 157926/34 (0.0%) 149380/19 (0.0%) 31860/0 (0.0%) 27420/0 (0.0%) 10725/114 (1.1%)
   F1=109[cobblestone:41 oak_log:13 andesite:13] | F2=51[raw_copper:25 cobblestone:24 dirt:4] | F3=162[cobblestone:59 raw_copper:55 andesite:30] | F4=96[cobblestone:59 leaf_litter:14 dirt:13] | F5=132[cobblestone:106 raw_copper:61 dirt:16] | F6=97[cobblestone:79 dirt:25 andesite:18] | F7=94[cobblestone:35 dirt:28 leaf_litter:7] | F8=124[cobblestone:78 torch:16 dirt:15] | F9=66[cobblestone:43 raw_copper:9 dirt:7] | F10=102[cobblestone:52 raw_copper:31 granite:25] | F11=113[cobblestone:44 dirt:37 granite:13] | F12=138[cobblestone:62 raw_copper:35 dirt:22] | F13=129[cobblestone:43 granite:26 dirt:17] | F14=85[cobblestone:37 torch:24 gravel:16] | F15=143[cobblestone:89 raw_iron:21 andesite:12] | F16=41[cobblestone:19 stick:3 leaf_litter:3] | F17=61[cobblestone:20 stick:6 leaf_litter:6] | F18=137[cobblestone:71 diorite:21 dirt:20] | F19=119[cobblestone:51 raw_copper:24 torch:23]
   mem: heap=109M/151M old=-1M ext=118M ab=116M rss=385M cols=1890 ents=3344 evicted=1048 path=5a/0q (max 6) stale=0
F1 [F1] climb bridge: placed cobblestone at [-117,44,387] (support) - the step re-judges
F3 [F3] climb rise assist: repositioned to -126,64,417 - the loop re-judges
F10 [F10] climb wet escape: oxygen 4 at the floor - the escape yields, the rescue lane owns the air
F10 climb out (trip): failed - low-o2 (traversed 3)
F10 map trip skipped: cannot leave the shaft
F18 [F18] vein sweep: 8 drop(s) in reach (19 dug)
F10 [F10] water: drowning rescue start (drowning, oxygen 4)
F10 [F10] water: pass 0 head=wet shore=none land=n/a y=53.0 o2=4 probes=0 at=[-169,53,407]
F14 sword due: cobble available
F14 sword: no table reachable or placeable
F14 sword: failed (no table)
F14 [F14] craft torches: stick-dry with logs held - one plank conversion first
F7 climb out (bank): failed - stalled
F7 climb out (bank): retry (escalated retry after stalled, fenced to 90s of the 143s the chain has left)
F16 [F16] vein sweep: the drop walk to [-103,55,396] failed - sweep drops: timeout after 4000ms (dy 0.0, range 1)
F10 [F10] craft torches: the metal fuel reserve holds all 1 coal for the furnace (37 raw metal held)
F10 bank trip: planned budget 180s
F10 climb out (bank): failed - rescue owns the bot
F10 climb out (bank): no retry (no retry for 'rescue owns the bot')
F10 [F10] craft torches: the metal fuel reserve holds all 1 coal for the furnace (37 raw metal held)
F10 tunnel: steering coal_ore @ 14b (axis x+, cross 0.6999999999999886, floor lock)
F10 tunnel: 0 blocks (branch mine at the floor, steered, floor lock)
F10 bank trip: pockets full budget 179s
F10 climb out (bank): failed - rescue owns the bot
F10 climb out (bank): no retry (no retry for 'rescue owns the bot')
F1 [F1] climb bridge: placed cobblestone at [-118,44,387] (support) - the step re-judges
F10 [F10] craft torches: the metal fuel reserve holds all 1 coal for the furnace (37 raw metal held)
F10 bank trip: pockets full budget 179s
F10 climb out (bank): failed - rescue owns the bot
F10 climb out (bank): no retry (no retry for 'rescue owns the bot')
F10 [F10] craft torches: the metal fuel reserve holds all 1 coal for the furnace (37 raw metal held)
F10 tunnel: steering coal_ore @ 15.2b (axis x+, cross 0.30000000000001137, floor lock)
F10 tunnel: 0 blocks (branch mine at the floor, steered, floor lock)
F10 bank trip: pockets full budget 179s
F10 climb out (bank): failed - rescue owns the bot
F10 climb out (bank): no retry (no retry for 'rescue owns the bot')
F10 [F10] craft torches: the metal fuel reserve holds all 1 coal for the furnace (37 raw metal held)
F7 [F7] climb bridge: placed cobblestone at [-81,64,430] (pit) - the step re-judges
F10 [F10] water: pass 5 head=wet shore=none land=n/a y=56.0 o2=1 probes=0 at=[-169,56,407]
F14 [F14] craft torches: stick-dry but 9 planks held - one stick batch first
F15 [F15] water: drowning rescue start (drowning, oxygen 14)
F15 [F15] water: pass 0 head=wet shore=none land=n/a y=55.0 o2=14 probes=0 at=[-120,55,374]
F14 [F14] craft torches: skip (the pocket torch cap: held 24 of 24 - sticks 6 coals 9)
F14 [F14] digShaft: water hazard 3.3b away (live 7) - refusing this column, the caller rotates
F14 tunnel: steering copper_ore @ 11.4b (axis z--1, cross 0.4870520607387334, ore detour)
F7 [F7] climb bridge: placed cobblestone at [-81,65,430] (support) - the step re-judges
F1 [F1] climb diag: level at y=45 blocked toward 1,0 (dug=4)
F7 climb out (bank): retry OK +2 levels (1 steps, 0 dug, 4s)
F7 bank: holding 45s of 178s for the smelt leg
F10 [F10] water: pass 9 head=wet shore=none land=n/a y=59.6 o2=-1 probes=0 at=[-169,60,407]
F18 [F18] vein sweep: the drop walk to [-113,42,374] failed - sweep drops: timeout after 4000ms (dy 3.0, range 2)
F15 [F15] water: pass 4 head=wet shore=none land=n/a y=58.0 o2=10 probes=0 at=[-120,58,374]
F1 [F1] climb bridge: placed cobblestone at [-119,43,388] (pit) - the step re-judges
F19 bank trip: pockets full budget 174s
F10 [F10] water: pass 12 head=dry shore=hit r=2 land=none y=62.5 o2=7 probes=0 at=[-169,62,408]
F3 [F3] climb rise assist: repositioned to -128,64,420 - the loop re-judges
F3 climb out (bank): failed - timeout [stage 2]
F3 climb out (bank): retry (escalated retry after timeout, fenced to 88s of the 88s the chain has left)
F1 [F1] climb bridge: placed cobblestone at [-119,44,388] (support) - the step re-judges
F19 [F19] climb bridge: unavailable (no solid floor underfoot)
F19 [F19] climb diag: level at y=43 blocked toward 1,0 (dug=1)
F15 [F15] water: pass 8 head=wet shore=none land=n/a y=61.5 o2=7 probes=0 at=[-120,62,374]
F10 bank trip: pockets full budget 172s
F10 climb out (bank): failed - rescue owns the bot
F10 climb out (bank): no retry (no retry for 'rescue owns the bot')
F10 [F10] craft torches: the metal fuel reserve holds all 1 coal for the furnace (37 raw metal held)
F10 tunnel: 0 blocks (branch mine at the floor, floor lock)
F10 tunnel: 0 blocks x3 - sealed or flooded, cooling down 15s
F18 [F18] vein sweep: the drop walk to [-112,42,375] failed - sweep drops: timeout after 4000ms (dy 2.7, range 2)
F18 [F18] vein sweep: +2u walked from the drops (19 dug)
F18 [F18] vein sweep: 2 above-plane walk(s) timed out on the wide goal (range 2) - the ledge family (the v0.189.0 class, the triage names it)
F18 [F18] vein sweep: 6 deep drop(s) skipped (dy < -2 - the lip sphere cannot reach, the walk was a guaranteed spiral)
F18 vein sweep: 19 ores dug beside the gallery (ore detour)
F18 bank trip: planned budget 171s
F18 climb out (bank): the yard stands 41 levels up over 37b lateral - the climb raises its target to the yard's level
F14 tunnel: 2 blocks (branch mine at the floor, steered, ore detour)
F14 bank trip: planned budget 170s
F14 climb out (bank): the yard stands 33 levels up over 12b lateral - the climb raises its target to the yard's level
F10 [F10] water: pass 15 head=dry shore=hit r=1 land=none y=62.4 o2=20 probes=0 at=[-167,62,409]
F19 [F19] climb bridge: placed cobblestone at [-82,42,383] (support) - the step re-judges
F15 [F15] water: pass 10 head=dry shore=hit r=3 land=none y=62.4 o2=18 probes=0 at=[-120,62,375]
F3 [F3] climb bridge: placed cobblestone at [-127,64,420] (support) - the step re-judges
F17 [F17] vein sweep: 4 drop(s) in reach (24 dug)
F3 [F3] climb diag: level at y=66 blocked toward 1,0 (dug=1)
F3 [F3] climb diag: level at y=65 blocked toward 0,1 (dug=1)
[hb] n=17 ts=341s rss=382M late=76ms mainLate=451ms
F18 [F18] climb bridge: placed cobblestone at [-112,39,372] (support) - the step re-judges
F4 climb out (bank): OK +5 levels (5 steps, 14 dug, 23s)
F4 bank: smelt hold skipped - no fuel in pocket (coal 0)
F1 [F1] climb diag: level at y=44 did not rise (food=18, dug=5) feet=air support=cobblestone step=air head=air
F10 [F10] water: pass 19 head=dry shore=hit r=4 land=none y=65.2 o2=20 probes=0 at=[-164,65,411]
F3 [F3] climb bridge: the server refused the support fill at [-126,64,420] - the rotate ladder owns it (held=cobblestone, 0.8b, ref=grass_block, post=? (re-read failed))
F3 [F3] climb diag: level at y=64 blocked toward -1,0 (dug=1)
F11 [F11] climb rise assist: repositioned to -129,64,400 - the loop re-judges
F4 [F4] raw hop failed: raw walk stalled after 2002ms (d=22.1) - pathfinder retry
F15 [F15] water: pass 15 head=dry shore=hit r=1 land=none y=63.1 o2=20 probes=0 at=[-117,63,377]
t-257s alive=19/19 mined=2073 map=1082p/17ch banked=0 smelted=0 pocket=2562u/291s | sand=38 gravel=19 dirt=264 stone=0
   deficits: 157926/38 (0.0%) 149380/19 (0.0%) 31860/0 (0.0%) 27420/0 (0.0%) 10725/123 (1.1%)
   F1=114[cobblestone:37 andesite:17 oak_log:13] | F2=51[cobblestone:26 raw_copper:25 dirt:4] | F3=164[cobblestone:57 raw_copper:55 andesite:30] | F4=105[cobblestone:68 leaf_litter:14 dirt:13] | F5=142[cobblestone:107 raw_copper:61 dirt:16] | F6=110[cobblestone:91 dirt:25 andesite:18] | F7=94[cobblestone:32 dirt:28 leaf_litter:7] | F8=128[cobblestone:78 torch:16 dirt:15] | F9=66[cobblestone:51 dirt:10 raw_copper:9] | F10=103[cobblestone:52 raw_copper:31 granite:25] | F11=116[cobblestone:42 dirt:37 granite:13] | F12=138[cobblestone:62 raw_copper:35 dirt:22] | F13=129[cobblestone:43 granite:26 dirt:17] | F14=90[cobblestone:44 torch:24 gravel:16] | F15=144[cobblestone:89 raw_iron:21 andesite:12] | F16=41[cobblestone:19 stick:3 leaf_litter:3] | F17=66[cobblestone:21 stick:6 leaf_litter:6] | F18=142[cobblestone:70 diorite:21 dirt:20] | F19=130[cobblestone:56 raw_copper:24 torch:22]
   mem: heap=120M/152M old=-1M ext=119M ab=117M rss=384M cols=1891 ents=3268 evicted=1082 path=5a/0q (max 6) stale=0
F3 climb out (bank): retry failed - stalled
F3 tool upgrade due: cobble available -> stone_pickaxe
F17 [F17] vein sweep: the drop walk to [-127,45,408] failed - sweep drops: timeout after 4000ms (dy 0.0, range 1)
F13 [F13] died - respawning (cause: server: drowned [kind=drown] | inferred: fall/env (0s before death at [-152,56,395]) [the inference is blind to this kind - the hint is noise by construction (the server kind stays the authority)])
F13 [F13] death drop: ~149u lost at [-152,56,395] (cobblestone 43, granite 26, dirt 17, torch 16, diorite 15, +13 more)
F13 [F13] water: death spot memorized as a hazard at [-152,56,395] (5 live, fleet-wide)
F11 climb out (bank): failed - stalled
F11 climb out (bank): retry (escalated retry after stalled, fenced to 90s of the 118s the chain has left)
F16 [F16] vein sweep: +2u walked from the drops (16 dug)
F16 [F16] vein sweep: 1 above-plane walk(s) timed out on the wide goal (range 2) - the ledge family (the v0.189.0 class, the triage names it)
F16 vein sweep: 16 ores dug beside the gallery (floor lock)
F15 [F15] water: pass 16 head=dry shore=hit r=1 land=none y=62.8 o2=20 probes=0 at=[-118,63,377]
F10 [F10] water: pass 21 head=dry shore=hit r=1 land=none y=65.2 o2=20 probes=0 at=[-164,65,413]
F18 [F18] climb bridge: placed cobblestone at [-111,39,372] (pit) - the step re-judges
F11 [F11] climb bridge: placed cobblestone at [-130,64,400] (support) - the step re-judges
F18 [F18] climb bridge: placed cobblestone at [-111,40,372] (support) - the step re-judges
F15 [F15] water: pass 19 head=dry shore=hit r=1 land=none y=63.8 o2=20 probes=0 at=[-118,64,378]
F10 [F10] water: pass 23 head=dry shore=hit r=1 land=none y=65.2 o2=20 probes=0 at=[-164,65,415]
F7 [F7] approach: 1 segment(s) walked in 15.1s, goal now d=15.9 (inside the direct envelope)
F11 [F11] climb bridge: placed cobblestone at [-131,64,400] (pit) - the step re-judges
F10 [F10] water: rescue complete in 21.2s
F10 [F10] water: hazard memorized at [-168,62,408] (6 live, fleet-wide)
F15 [F15] water: pass 21 head=dry shore=hit r=1 land=none y=63.7 o2=20 probes=0 at=[-117,64,379]
F11 [F11] climb bridge: placed cobblestone at [-131,65,400] (support) - the step re-judges
F3 [toolupgrade] [upgrade] upgraded: wooden_shovel,stone_pickaxe,wooden_pickaxe,wooden_pickaxe
F3 tool upgrade: OK -> stone_pickaxe (wooden_shovel,stone_pickaxe,wooden_pickaxe,wooden_pickaxe)
F3 [F3] craft torches: skip (the pocket torch cap: held 24 of 24 - sticks 3 coals 16)
F10 bank trip: pockets full budget 157s
F10 bank: smelt hold skipped - no fuel in pocket (coal 1)
F16 [F16] climb bridge: placed cobblestone at [-102,55,395] (pit) - the step re-judges
F16 [F16] climb bridge: placed cobblestone at [-102,56,395] (support) - the step re-judges
F17 [F17] vein sweep: +12u walked from the drops (24 dug)
F17 vein sweep: 24 ores dug beside the gallery (floor lock)
F17 bank trip: planned budget 154s
F17 climb out (bank): the yard stands 35 levels up over 8b lateral - the climb raises its target to the yard's level
F15 [F15] water: pass 24 head=dry shore=hit r=1 land=none y=63.8 o2=20 probes=0 at=[-121,64,379]
t-242s alive=19/19 mined=2136 map=1134p/18ch banked=0 smelted=0 pocket=2471u/274s | sand=30 gravel=18 dirt=253 stone=0
   deficits: 157926/30 (0.0%) 149380/18 (0.0%) 31860/0 (0.0%) 27420/0 (0.0%) 10725/124 (1.2%)
   F1=122[cobblestone:42 andesite:19 oak_log:13] | F2=51[cobblestone:26 raw_copper:25 dirt:4] | F3=165[raw_copper:55 cobblestone:53 andesite:30] | F4=105[cobblestone:73 leaf_litter:14 dirt:13] | F5=150[cobblestone:109 raw_copper:61 granite:16] | F6=121[cobblestone:97 dirt:31 andesite:18] | F7=94[cobblestone:32 dirt:28 leaf_litter:7] | F8=130[cobblestone:78 torch:16 dirt:15] | F9=66[cobblestone:51 dirt:10 raw_copper:9] | F10=103[cobblestone:52 raw_copper:31 granite:25] | F11=123[cobblestone:39 dirt:37 granite:13] | F12=138[cobblestone:62 raw_copper:35 dirt:22] | F13=129[empty] | F14=102[cobblestone:55 torch:24 gravel:16] | F15=144[cobblestone:89 raw_iron:21 andesite:12] | F16=46[cobblestone:22 stick:3 leaf_litter:3] | F17=68[cobblestone:22 coal:11 stick:6] | F18=149[cobblestone:68 granite:22 diorite:21] | F19=130[cobblestone:56 raw_copper:24 torch:22]
   mem: heap=106M/152M old=-1M ext=121M ab=118M rss=384M cols=1903 ents=3376 evicted=1135 path=2a/0q (max 6) stale=0
F15 [F15] water: rescue complete in 27.0s
F15 [F15] water: hazard memorized at [-118,62,376] (7 live, fleet-wide)
[hb] n=18 ts=361s rss=382M late=82ms mainLate=777ms
F12 [F12] approach: the stall side-step (right) stalled too
F12 [F12] approach: 5 segment(s) walked in 65.3s, goal now d=29.3 (still outside - a segment stalled (no position delta))
F7 [F7] raw hop failed: raw walk: no net progress for 8470ms (best d=11.1) - pathfinder retry
F11 [F11] climb rise assist: repositioned to -136,64,401 - the loop re-judges
F6 [F6] climb: walkable surface at y=65 (+22 levels, dug=65) - the walk takes over (blocked step)
F6 climb out (bank): OK +22 levels (22 steps, 65 dug, undefineds)
F6 bank: smelt hold skipped - no fuel in pocket (coal 0)
F10 [F10] approach: 1 segment(s) walked in 13.9s, goal now d=17.0 (inside the direct envelope)
F16 climb out (trip): OK +4 levels (4 steps, 10 dug, 23s)
F7 [F7] hop: chest at [-102,80,415] d=30 zero: chest unreachable (Took to long to decide path to goal!)
F7 [F7] chest skip (no path cached 0s ago at [-102,80,413])
F7 [F7] chest skip (no path cached 0s ago at [-102,80,411])
F16 map trip skipped: sand,gravel unreachable
F12 [F12] raw hop failed: raw walk: no net progress for 9070ms (best d=28.5) - pathfinder retry
F11 [F11] climb rise assist: repositioned to -140,64,401 - the loop re-judges
F4 [F4] hop: chest at [-102,80,405] d=22 zero: chest unreachable (Took to long to decide path to goal!)
F4 [F4] chest skip (no path cached 0s ago at [-102,80,407])
F4 [F4] chest skip (no path cached 0s ago at [-102,80,409])
F1 [F1] climb diag: level at y=40 did not rise (food=18, dug=17) feet=water support=stone step=air head=air
F12 [F12] hop: chest at [-142,80,413] d=29 zero: chest unreachable (Took to long to decide path to goal!)
F12 [F12] chest skip (no path cached 0s ago at [-142,80,411])
F12 [F12] chest skip (no path cached 0s ago at [-142,80,415])
F12 [F12] chest skip (no path cached 0s ago at [-142,80,409])
F11 [F11] climb bridge: placed cobblestone at [-141,64,401] (support) - the step re-judges
t-226s alive=19/19 mined=2182 map=1137p/18ch banked=0 smelted=0 pocket=2538u/274s | sand=31 gravel=18 dirt=262 stone=0
   deficits: 157926/31 (0.0%) 149380/18 (0.0%) 31860/0 (0.0%) 27420/0 (0.0%) 10725/124 (1.2%)
   F1=126[cobblestone:47 andesite:19 oak_log:13] | F2=51[cobblestone:26 raw_copper:25 dirt:4] | F3=165[raw_copper:55 cobblestone:53 andesite:30] | F4=105[cobblestone:74 leaf_litter:19 dirt:19] | F5=157[cobblestone:115 raw_copper:61 granite:17] | F6=124[cobblestone:97 dirt:32 andesite:18] | F7=94[cobblestone:32 dirt:28 leaf_litter:7] | F8=133[cobblestone:78 torch:16 dirt:15] | F9=66[cobblestone:51 dirt:12 raw_copper:9] | F10=103[cobblestone:52 raw_copper:31 granite:25] | F11=123[cobblestone:38 dirt:37 granite:13] | F12=138[cobblestone:62 raw_copper:35 dirt:22] | F13=129[empty] | F14=111[cobblestone:65 torch:24 gravel:16] | F15=144[cobblestone:89 raw_iron:21 andesite:12] | F16=51[cobblestone:28 stick:3 leaf_litter:3] | F17=75[cobblestone:30 coal:11 stick:6] | F18=157[cobblestone:72 granite:25 diorite:22] | F19=130[cobblestone:56 raw_copper:24 torch:22]
   mem: heap=117M/152M old=-1M ext=118M ab=116M rss=379M cols=1880 ents=3298 evicted=1178 path=1a/0q (max 6) stale=0
F16 tool upgrade due: cobble available -> stone_pickaxe
F16 [toolupgrade] [upgrade] craft stick: no craftable recipe variant (ingredients missing?)
F11 [F11] climb diag: level at y=66 blocked toward -1,0 (dug=7)
F11 [F11] climb bridge: placed cobblestone at [-143,64,400] (support) - the step re-judges
F11 [F11] climb diag: level at y=66 blocked toward 0,-1 (dug=7)
F11 [F11] climb diag: level at y=65 blocked toward 1,0 (dug=7)
F8 wood trip: plank rung: converted 2->9 same-type planks (need 8, from oak_log)
F13 [F13] climb wet escape: 7 blocks walked (refused, walked 2/4)
F13 [F13] climb: walkable surface at y=80 (+37 levels, dug=66) - the walk takes over (blocked step)
F13 climb out (trip): OK +37 levels (14 steps, 66 dug, 9 traversed, undefineds)
F2 [F2] climb diag: level at y=46 did not rise (food=20, dug=0) feet=water support=stone step=air head=air
F13 [F13] water: air-bar glitch ignored (oxygen 0 on dry land at [-118,80,394], 1 total)
F16 [toolupgrade] [upgrade] upgraded: stone_pickaxe,wooden_pickaxe,wooden_pickaxe
F16 tool upgrade: OK -> stone_pickaxe (stone_pickaxe,wooden_pickaxe,wooden_pickaxe)
F16 [F16] craft torches: stick-dry with logs held - one plank conversion first
F9 wood trip: gathered (sticks 1 planks 3 logs 0)
F2 [F2] climb bridge: placed cobblestone at [-115,46,398] (support) - the step re-judges
F16 [F16] craft torches: stick-dry but 8 planks held - one stick batch first
F16 [F16] craft torches: 2 batch(es) -> 8 torches (sticks 1 coals 2)
F10 [F10] raw hop failed: raw walk: no net progress for 8176ms (best d=16.0) - pathfinder retry
F2 [F2] climb bridge: placed cobblestone at [-115,46,399] (pit) - the step re-judges
[hb] n=19 ts=381s rss=383M late=86ms mainLate=867ms
F2 [F2] climb bridge: placed cobblestone at [-115,47,399] (support) - the step re-judges
F16 [F16] digShaft: water table y=54 (region strike) - stopping above the aquifer, the tunnel owns this level (regions 2)
F16 tunnel: steering iron_ore @ 11b (axis x+, cross 1.6999999999999886, ore detour)
F13 [F13] water: drowning rescue start (drowning, oxygen 0)
F13 [F13] water: pass 0 head=dry shore=hit r=1 land=none y=62.2 o2=0 probes=0 at=[-128,62,395]
F13 [F13] water: rescue complete in 1.2s
F13 [F13] water: hazard memorized at [-130,62,394] (7 live, fleet-wide)
F7 [F7] raw hop failed: raw walk: no net progress for 8025ms (best d=11.5) - pathfinder retry
F11 [F11] climb rise assist: repositioned to -142,64,399 - the loop re-judges
F13 [F13] water: drowning rescue start (drowning, oxygen 0)
F13 [F13] water: pass 0 head=dry shore=hit r=2 land=none y=62.8 o2=0 probes=0 at=[-132,63,394]
F4 [F4] raw hop failed: raw walk: no net progress for 8017ms (best d=12.9) - pathfinder retry
F11 climb out (bank): retry failed - stalled
F11 [F11] craft torches: skip (no coal: sticks 3 coals 0)
F10 [F10] raw hop failed: raw walk: no net progress for 8624ms (best d=16.0) - pathfinder retry
F13 [F13] water: pass 3 head=dry shore=hit r=1 land=none y=63.4 o2=0 probes=0 at=[-133,63,394]
F9 [F9] climb bridge: the server refused the support fill at [-149,43,420] - the rotate ladder owns it (held=cobblestone, 1.0b, ref=stone, post=? (re-read failed))
F9 [F9] climb diag: level at y=43 blocked toward -1,0 (dug=1)
t-211s alive=19/19 mined=2266 map=1151p/18ch banked=0 smelted=0 pocket=2650u/282s | sand=35 gravel=18 dirt=270 stone=0
   deficits: 157926/35 (0.0%) 149380/18 (0.0%) 31860/0 (0.0%) 27420/0 (0.0%) 10725/124 (1.2%)
   F1=138[cobblestone:57 andesite:19 oak_log:13] | F2=57[cobblestone:29 raw_copper:25 dirt:4] | F3=165[raw_copper:55 cobblestone:53 andesite:30] | F4=105[cobblestone:74 leaf_litter:19 dirt:19] | F5=168[cobblestone:124 raw_copper:61 granite:19] | F6=124[cobblestone:97 dirt:32 andesite:18] | F7=94[cobblestone:32 dirt:28 leaf_litter:7] | F8=133[cobblestone:78 torch:16 dirt:15] | F9=67[cobblestone:48 dirt:13 raw_copper:9] | F10=103[cobblestone:52 raw_copper:31 granite:25] | F11=129[dirt:37 cobblestone:36 granite:13] | F12=138[cobblestone:62 raw_copper:35 dirt:22] | F13=129[leaf_litter:3 sand:2 oak_sapling:1] | F14=131[cobblestone:78 torch:24 gravel:16] | F15=144[cobblestone:89 raw_iron:21 andesite:12] | F16=59[cobblestone:35 coal:13 torch:8] | F17=86[cobblestone:40 coal:11 stick:6] | F18=166[cobblestone:82 granite:25 diorite:22] | F19=130[cobblestone:56 raw_copper:24 torch:22]
   mem: heap=108M/152M old=-1M ext=119M ab=117M rss=382M cols=1896 ents=3280 evicted=1207 path=2a/0q (max 6) stale=0
F13 [F13] water: pass 5 head=dry shore=hit r=1 land=none y=63.8 o2=0 probes=0 at=[-135,64,394]
F19 [F19] climb diag: level at y=43 blocked toward 0,1 (dug=2) dig failed at [-82,45,385] andesite (held=stone_pickaxe, grounded, post=water STILL THERE (server never broke it))
F4 [F4] hop: chest at [-107,80,405] d=14 zero: chest unreachable (Took to long to decide path to goal!)
F4 [F4] chest skip (no path cached 0s ago at [-107,80,407])
F4 [F4] chest skip (no path cached 0s ago at [-107,80,409])
F14 [F14] climb: walkable surface at y=63 (+16 levels, dug=45) - the walk takes over (blocked step)
F14 climb out (bank): OK +16 levels (15 steps, 45 dug, undefineds)
F14 bank: holding 45s of 170s for the smelt leg
F15 [F15] climb: walkable surface at y=63 (+22 levels, dug=43) - the walk takes over (blocked step)
F15 climb out (bank): OK +22 levels (14 steps, 43 dug, undefineds)
F15 bank: holding 45s of 175s for the smelt leg
F5 climb out (bank): failed - timeout
F5 climb out (bank): retry (escalated retry after timeout, fenced to 90s of the 101s the chain has left)
F10 [F10] hop: chest at [-142,80,415] d=28 zero: chest unreachable (Took to long to decide path to goal!)
F10 [F10] chest skip (no path cached 0s ago at [-142,80,413])
F10 [F10] chest skip (no path cached 0s ago at [-142,80,411])
F13 [F13] water: rescue complete in 9.8s
F13 [F13] water: hazard memorized at [-133,62,394] (8 live, fleet-wide)
F13 [F13] water: drowning rescue start (drowning, oxygen 0)
F13 [F13] water: rescue complete in 0.0s
F13 [F13] water: dry-land proof (rescue saw no water in 0.0s) - the critical-on-dry streak restarts, the next glitch page waits 20s
F13 [F13] water: liar ladder ratchets - confirmed no-op glitch page #1, the next override needs 16 fresh critical-on-dry reads
F19 [F19] climb diag: level at y=42 blocked toward -1,0 (dug=4, wet) at [0,2,0] water (stop)
F11 tunnel: steering copper_ore @ 9.1b (axis z+, cross 2.498202662754153, ore detour)
F6 [F6] approach: the stall side-step (right) stalled too
F6 [F6] approach: 3 segment(s) walked in 30.6s, goal now d=38.5 (still outside - a segment stalled (no position delta))
F16 tunnel: 12 blocks (branch mine at the floor, steered, ore detour)
F2 climb out (trip): OK +4 levels (5 steps, 9 dug, 24s)
F2 map trip skipped: sand,gravel unreachable
F1 [F1] climb wet escape: 9 blocks walked (budget, walked 1/4)
F14 [F14] raw hop failed: raw walk: no net progress for 8198ms (best d=20.4) - pathfinder retry
F6 [F6] raw hop failed: raw walk stalled after 2188ms (d=38.4) - pathfinder retry
[hb] n=20 ts=401s rss=384M late=91ms mainLate=1160ms
F19 climb out (bank): failed - stalled
F19 climb out (bank): retry (escalated retry after stalled, fenced to 90s of the 109s the chain has left)
F13 [F13] water: liar ladder resets - wet contact, the page class is new
F13 [F13] water: drowning rescue start (drowning, oxygen 0)
F13 [F13] water: pass 0 head=wet shore=none land=n/a y=62.0 o2=0 probes=0 at=[-132,62,394]
F6 [F6] hop: chest at [-102,80,415] d=37 zero: chest unreachable (Took to long to decide path to goal!)
F6 [F6] chest skip (vertical doom: the yard stands 37 levels up over 12b lateral - the walk ladder cannot climb)
F6 [F6] chest skip (no path cached 0s ago at [-102,80,413])
F6 [F6] chest skip (vertical doom: the yard stands 37 levels up over 14b lateral - the walk ladder cannot climb)
F6 [F6] chest skip (no path cached 0s ago at [-102,80,411])
F6 [F6] chest skip (vertical doom: the yard stands 37 levels up over 16b lateral - the walk ladder cannot climb)
F6 [F6] chest skip (vertical doom: the yard stands 37 levels up over 16b lateral - the walk ladder cannot climb)
F6 [F6] chest skip (vertical doom: the yard stands 37 levels up over 17b lateral - the walk ladder cannot climb)
F6 bank: chest unreachable (Took to long to decide path to goal!) (48 blocks from yard) - walking back
F6 bank: the yard stands 37 levels up over 31b lateral - the walk ladder cannot climb, the pocket rides the next window
F6 camp furnace: craft-planks (2 log(s) in pocket - craft planks (largest same-type stack 1/4))
F14 [F14] hop: chest at [-121,80,389] d=20 zero: chest unreachable (Took to long to decide path to goal!)
F14 [F14] chest skip (no path cached 0s ago at [-122,80,389])
F14 [F14] chest skip (no path cached 0s ago at [-123,80,389])
F14 [F14] chest skip (vertical doom: the yard stands 24 levels up over 19b lateral - the walk ladder cannot climb)
F14 [F14] chest skip (vertical doom: the yard stands 24 levels up over 21b lateral - the walk ladder cannot climb)
F14 [F14] chest skip (vertical doom: the yard stands 24 levels up over 21b lateral - the walk ladder cannot climb)
F14 [F14] chest skip (vertical doom: the yard stands 24 levels up over 22b lateral - the walk ladder cannot climb)
F14 [F14] chest skip (vertical doom: the yard stands 24 levels up over 23b lateral - the walk ladder cannot climb)
F14 bank: chest unreachable (Took to long to decide path to goal!) (30 blocks from yard) - walking back
F14 bank: the yard stands 24 levels up over 18b lateral - the walk ladder cannot climb, the pocket rides the next window
F14 camp furnace: 11 near machine(s) all beyond the 24b direct envelope (nearest d=26.4) - the bay reads as empty, the camp ladder decides on its own merits
F14 camp furnace: craft-table (78 cobble + 7 planks - table first)
F16 [F16] vein sweep: 3 drop(s) in reach (3 dug)
F19 [F19] climb wet escape: oxygen 6 at the floor - the escape yields, the rescue lane owns the air
F19 climb out (bank): retry failed - low-o2
F19 [F19] climb wet escape: oxygen 6 at the floor - the escape yields, the rescue lane owns the air
F19 climb out (trip): failed - low-o2
F19 map trip skipped: cannot leave the shaft
F4 [F4] raw hop failed: raw walk: no net progress for 8841ms (best d=13.6) - pathfinder retry
F19 [F19] water: drowning rescue start (drowning, oxygen 6)
F19 [F19] water: pass 0 head=wet shore=none land=n/a y=42.0 o2=6 probes=0 at=[-81,42,381]
F13 [F13] water: pass 2 head=dry shore=hit r=1 land=none y=62.8 o2=0 probes=0 at=[-132,63,394]
F10 [F10] raw hop failed: raw walk: no net progress for 8642ms (best d=15.9) - pathfinder retry
F19 [F19] craft torches: skip (the pocket torch cap: held 22 of 24 - sticks 3 coals 18)
F19 bank trip: pockets full budget 120s
F19 climb out (bank): failed - rescue owns the bot
F19 climb out (bank): no retry (no retry for 'rescue owns the bot')
F19 [F19] craft torches: skip (the pocket torch cap: held 22 of 24 - sticks 3 coals 18)
F19 tunnel: steering iron_ore @ 6.2b (axis z--1, cross 0.5000000000003126, floor lock)
F6 camp furnace: craft-table (97 cobble + 5 planks - table first)
t-195s alive=19/19 mined=2320 map=1173p/18ch banked=0 smelted=0 pocket=2708u/287s | sand=42 gravel=18 dirt=271 stone=0
   deficits: 157926/42 (0.0%) 149380/18 (0.0%) 31860/0 (0.0%) 27420/0 (0.0%) 10725/126 (1.2%)
   F1=146[cobblestone:57 andesite:19 oak_log:13] | F2=60[cobblestone:36 raw_copper:25 dirt:4] | F3=165[raw_copper:55 cobblestone:53 andesite:30] | F4=105[cobblestone:74 leaf_litter:19 dirt:19] | F5=175[cobblestone:131 raw_copper:61 granite:19] | F6=124[cobblestone:97 dirt:32 andesite:18] | F7=94[cobblestone:32 dirt:28 leaf_litter:7] | F8=133[cobblestone:78 torch:16 dirt:15] | F9=73[cobblestone:53 dirt:13 raw_copper:9] | F10=103[cobblestone:52 raw_copper:31 granite:25] | F11=133[dirt:37 cobblestone:36 granite:13] | F12=138[cobblestone:62 raw_copper:35 dirt:22] | F13=130[sand:3 leaf_litter:3 oak_sapling:1] | F14=132[cobblestone:78 torch:24 gravel:16] | F15=144[cobblestone:89 raw_iron:21 andesite:12] | F16=68[cobblestone:41 coal:14 torch:8] | F17=93[cobblestone:48 coal:11 stick:6] | F18=172[cobblestone:86 granite:25 diorite:22] | F19=132[cobblestone:56 raw_copper:24 andesite:23]
   mem: heap=121M/153M old=-1M ext=118M ab=116M rss=386M cols=1900 ents=3293 evicted=1244 path=4a/0q (max 6) stale=0
F2 churn: evacuation released (under-cap) - the cooldown owns the exit, the window re-reads honestly
F2 [F2] craft torches: skip (no coal: sticks 3 coals 0)
F2 [F2] digShaft: water hazard 2.7b away (live 8) - refusing this column, the caller rotates
F2 [F2] craft torches: skip (no coal: sticks 3 coals 0)
F2 [F2] digShaft: water hazard 2.7b away (live 8) - refusing this column, the caller rotates
F2 tunnel: steering coal_ore @ 6.8b (axis x+, cross 3.6999999999999886, floor lock)
F7 [F7] hop: chest at [-102,80,409] d=13 zero: cannot open chest (open chest: timeout after 10000ms)
F19 [F19] water: pass 3 head=wet shore=none land=n/a y=43.2 o2=2 probes=0 at=[-81,43,381]
F13 [F13] water: pass 4 head=dry shore=hit r=1 land=none y=62.3 o2=0 probes=0 at=[-134,62,394]
F16 [F16] vein sweep: +2u walked from the drops (3 dug)
F16 [F16] vein sweep: 1 deep drop(s) skipped (dy < -2 - the lip sphere cannot reach, the walk was a guaranteed spiral)
F16 vein sweep: 3 ores dug beside the gallery (ore detour)
F19 [F19] water: pass 5 head=dry shore=hit r=2 land=none y=43.2 o2=12 probes=0 at=[-81,43,382]
F11 tunnel: 2 blocks (branch mine at the floor, steered, ore detour)
F10 [F10] hop: chest at [-137,80,415] d=17 zero: chest unreachable (Took to long to decide path to goal!)
F10 [F10] chest skip (no path cached 0s ago at [-137,80,413])
F13 [F13] water: pass 5 head=dry shore=hit r=1 land=none y=63.8 o2=0 probes=0 at=[-134,64,395]
F15 [F15] raw hop failed: raw walk: no net progress for 9032ms (best d=16.0) - pathfinder retry
F19 [F19] water: pass 6 head=dry shore=hit r=2 land=none y=43.3 o2=20 probes=0 at=[-81,43,383]
F13 [F13] water: rescue complete in 10.4s
F13 [F13] water: hazard memorized at [-134,62,393] (8 live, fleet-wide)
F13 [F13] water: air-bar glitch ignored (oxygen 0 on dry land at [-135,64,394], 11 total)
F13 [F13] water: drowning rescue start (drowning, oxygen 0)
F13 [F13] water: rescue complete in 0.0s
F13 [F13] water: dry-land proof (rescue saw no water in 0.0s) - the critical-on-dry streak restarts, the next glitch page waits 20s
F13 [F13] water: liar ladder ratchets - confirmed no-op glitch page #1, the next override needs 16 fresh critical-on-dry reads
F19 [F19] water: pass 8 head=dry shore=hit r=1 land=none y=42.3 o2=20 probes=0 at=[-80,42,382]
F8 wood trip: gathered (sticks 1 planks 11 logs 3)
F19 [F19] water: pass 10 head=dry shore=hit r=2 land=none y=42.2 o2=20 probes=0 at=[-80,42,380]
F11 [F11] climb bridge: placed cobblestone at [-142,63,395] (support) - the step re-judges
F11 climb out (trip): OK +5 levels (3 steps, 4 dug, 10s)
F13 [F13] water: liar ladder resets - wet contact, the page class is new
F13 [F13] water: drowning rescue start (drowning, oxygen 0)
F13 [F13] water: pass 0 head=dry shore=hit r=2 land=none y=62.7 o2=0 probes=0 at=[-139,63,391]
F11 map trip skipped: sand,gravel unreachable
[hb] n=21 ts=421s rss=383M late=94ms mainLate=1252ms
t-180s alive=19/19 mined=2374 map=1190p/18ch banked=0 smelted=0 pocket=2755u/291s | sand=46 gravel=18 dirt=274 stone=0
   deficits: 157926/46 (0.0%) 149380/18 (0.0%) 31860/0 (0.0%) 27420/0 (0.0%) 10725/131 (1.2%)
   F1=155[cobblestone:57 andesite:19 diorite:16] | F2=68[cobblestone:44 raw_copper:25 dirt:4] | F3=165[raw_copper:55 cobblestone:53 andesite:30] | F4=105[cobblestone:74 leaf_litter:19 dirt:19] | F5=183[cobblestone:138 raw_copper:61 granite:19] | F6=124[cobblestone:89 dirt:32 andesite:19] | F7=94[cobblestone:32 dirt:28 leaf_litter:7] | F8=133[cobblestone:74 torch:16 dirt:15] | F9=78[cobblestone:59 dirt:13 raw_copper:9] | F10=103[cobblestone:52 raw_copper:31 granite:25] | F11=137[dirt:37 cobblestone:36 granite:13] | F12=138[cobblestone:62 raw_copper:35 dirt:22] | F13=130[sand:4 leaf_litter:3 oak_sapling:1] | F14=132[cobblestone:71 torch:24 gravel:16] | F15=144[cobblestone:89 raw_iron:21 andesite:12] | F16=68[cobblestone:51 coal:15 torch:8] | F17=102[cobblestone:54 coal:11 dirt:8] | F18=179[cobblestone:91 granite:25 diorite:22] | F19=136[cobblestone:56 andesite:27 raw_copper:24]
   mem: heap=106M/153M old=-1M ext=119M ab=117M rss=383M cols=1886 ents=3350 evicted=1287 path=3a/0q (max 6) stale=0
F7 [F7] raw hop failed: raw walk timeout after 15028ms (d=9.3) - pathfinder retry
F15 [F15] raw hop failed: raw walk: no net progress for 8461ms (best d=16.0) - pathfinder retry
F19 [F19] water: pass 14 head=dry shore=hit r=1 land=none y=42.2 o2=20 probes=0 at=[-80,42,381]
F10 [F10] raw hop failed: raw walk: no net progress for 8669ms (best d=16.0) - pathfinder retry
F13 [F13] water: pass 1 head=wet shore=none land=n/a y=60.5 o2=17 probes=0 at=[-139,60,391]
F1 [F1] climb wet escape: 6 blocks walked (budget, walked 2/4)
F1 climb out (bank): failed - timeout (traversed 15)
F1 climb out (bank): retry (escalated retry after timeout, fenced to 76s of the 76s the chain has left)
F16 [F16] craft torches: 1 batch(es) -> 4 torches (sticks 3 coals 15)
F14 camp furnace: BUILT (furnace at -113,56,386) in 21s
[F14] furnace within reach - opening without a walk
F19 [F19] water: pass 16 head=dry shore=hit r=3 land=none y=43.1 o2=20 probes=0 at=[-80,43,382]
F13 map trip: sand
F6 camp furnace: BUILT (furnace at -100,43,425) in 22s
F6 fuel anchor scan returned empty (attempt 1/2) at [-100,43,426] yard d=48 - the palette empty-return class, re-querying
F6 fuel anchor scan returned empty (attempt 2/2) at [-100,43,426] yard d=48
F6 fuel anchor scan empty x2 - the singular probe rescued the scan (chest at [-102,80,415])
F6 fuel commons: the anchor chest is read first
F6 fuel commons: chest at [-102,80,415] the yard stands 37 levels up over 11b lateral - the walk ladder cannot climb, the ask rides (the tithe owns the deep resupply)
F6 fuel anchor scan returned empty (attempt 1/2) at [-100,43,426] yard d=48 - the palette empty-return class, re-querying
F6 fuel anchor scan returned empty (attempt 2/2) at [-100,43,426] yard d=48
F6 fuel anchor scan empty x2 - the singular probe rescued the scan (chest at [-102,80,415])
F6 fuel commons: the anchor chest is read first
F6 fuel commons: chest at [-102,80,415] the yard stands 37 levels up over 11b lateral - the walk ladder cannot climb, the ask rides (the tithe owns the deep resupply)
F6 smelt: 0 (raw_copper@-: no fuel; cobblestone@-: no fuel)
F6 iron commune: iron commune: chest the yard stands 37 levels up over 11b lateral - the walk ladder cannot climb, the fragments ride (the ask retries near the yard)
[F14] furnace slots after put: input=raw_copper fuel=coal
[F14] smelting 5 x raw_copper in a furnace (fuel: 1 x coal)
F2 tunnel: 12 blocks (branch mine at the floor, steered, floor lock)
F13 reloot: no walk (unarmed) - the empty pocket bootstraps first, the read re-arms (a delay, not a verdict)
F13 tool recovery: no pickaxe - spare-pick craft first
F13 spare pick: skip (no sticks and no planks for sticks)
F13 tool recovery: spare craft failed (no sticks and no planks for sticks) - re-running the bootstrap
F19 [F19] water: pass 17 head=dry shore=hit r=1 land=none y=42.0 o2=20 probes=0 at=[-81,42,382]
F15 [F15] hop: chest at [-121,80,389] d=20 zero: chest unreachable (Took to long to decide path to goal!)
F15 [F15] chest skip (no path cached 0s ago at [-122,80,389])
F15 [F15] chest skip (no path cached 0s ago at [-123,80,389])
F13 [F13] water: pass 4 head=dry shore=hit r=3 land=none y=62.5 o2=20 probes=0 at=[-138,63,391]
F11 [F11] craft torches: skip (no coal: sticks 3 coals 0)
F11 [F11] digShaft: water hazard 9.7b away (live 8) - refusing this column, the caller rotates
F11 tunnel: steering coal_ore @ 13.8b (axis x+, cross 2.5, ore detour)
F11 tunnel: 0 blocks (branch mine at the floor, steered, ore detour)
F11 [F11] craft torches: skip (no coal: sticks 3 coals 0)
F11 [F11] digShaft: water hazard 9.7b away (live 8) - refusing this column, the caller rotates
F11 tunnel: steering coal_ore @ 14b (axis x+, cross 3.5, floor lock)
F11 tunnel: 0 blocks (branch mine at the floor, steered, floor lock)
F6 sweep: 0 collected - machine unreachable (Took to long to decide path to goal!) x1
F6 [F6] chest skip (vertical doom: the yard stands 37 levels up over 11b lateral - the walk ladder cannot climb)
F6 [F6] chest skip (vertical doom: the yard stands 37 levels up over 12b lateral - the walk ladder cannot climb)
F6 [F6] chest skip (vertical doom: the yard stands 37 levels up over 13b lateral - the walk ladder cannot climb)
F6 [F6] chest skip (vertical doom: the yard stands 37 levels up over 14b lateral - the walk ladder cannot climb)
F6 [F6] chest skip (vertical doom: the yard stands 37 levels up over 15b lateral - the walk ladder cannot climb)
F6 [F6] chest skip (vertical doom: the yard stands 37 levels up over 15b lateral - the walk ladder cannot climb)
F6 [F6] chest skip (vertical doom: the yard stands 37 levels up over 16b lateral - the walk ladder cannot climb)
F6 [F6] chest skip (vertical doom: the yard stands 37 levels up over 17b lateral - the walk ladder cannot climb)
F6 bank: 0 (no chest in range)
F1 [F1] climb bridge: placed cobblestone at [-128,41,388] (support) - the step re-judges
F19 [F19] water: rescue complete in 26.6s
F19 [F19] water: hazard memorized at [-81,42,382] (8 live, fleet-wide)
F6 map trip skipped: sand,gravel unreachable
F13 [F13] water: pass 6 head=dry shore=hit r=1 land=none y=62.2 o2=20 probes=0 at=[-137,62,392]
F11 [F11] craft torches: skip (no coal: sticks 3 coals 0)
F18 climb out (bank): failed - timeout
F18 climb out (bank): retry (escalated retry after timeout, fenced to 77s of the 77s the chain has left)
F4 [F4] raw hop failed: raw walk timeout after 15005ms (d=8.4) - pathfinder retry
F13 [F13] water: pass 8 head=dry shore=hit r=1 land=none y=63.1 o2=20 probes=0 at=[-135,63,393]
F16 [F16] digShaft: water strike at y=46 -> water table (regions 2); fluid below (-99, 47, 386) - moving sideways
t-164s alive=19/19 mined=2418 map=1238p/18ch banked=0 smelted=0 pocket=2815u/294s | sand=47 gravel=18 dirt=283 stone=0
   deficits: 157926/47 (0.0%) 149380/18 (0.0%) 31860/0 (0.0%) 27420/0 (0.0%) 10725/140 (1.3%)
   F1=161[cobblestone:56 diorite:22 andesite:19] | F2=72[cobblestone:53 raw_copper:25 dirt:4] | F3=165[raw_copper:55 cobblestone:53 andesite:30] | F4=105[cobblestone:74 leaf_litter:19 dirt:19] | F5=190[cobblestone:138 raw_copper:61 granite:19] | F6=124[cobblestone:89 dirt:34 andesite:19] | F7=94[cobblestone:32 dirt:28 leaf_litter:7] | F8=133[cobblestone:74 torch:16 dirt:15] | F9=86[cobblestone:67 dirt:13 raw_copper:9] | F10=103[cobblestone:52 raw_copper:31 granite:25] | F11=137[dirt:37 cobblestone:36 granite:13] | F12=138[cobblestone:62 raw_copper:35 dirt:22] | F13=130[sand:4 leaf_litter:3 oak_sapling:1] | F14=132[cobblestone:71 torch:24 gravel:16] | F15=144[cobblestone:89 raw_iron:21 andesite:12] | F16=75[cobblestone:59 coal:14 torch:12] | F17=108[cobblestone:55 dirt:13 coal:11] | F18=185[cobblestone:98 granite:25 diorite:22] | F19=136[cobblestone:56 andesite:28 raw_copper:24]
   mem: heap=114M/154M old=-1M ext=118M ab=116M rss=383M cols=1880 ents=3442 evicted=1342 path=6a/0q (max 6) stale=0
F7 [F7] direct deposit: 27 chest slots derived from the 63-slot view
F7 camp furnace: 12 near machine(s) all beyond the 24b direct envelope (nearest d=31.3) - the bay reads as empty, the camp ladder decides on its own merits
F7 camp furnace: craft-table (32 cobble + 6 planks - table first)
[F14] took 1 x copper_ingot (1/5)
F13 [F13] water: pass 9 head=dry shore=hit r=1 land=none y=64.0 o2=20 probes=0 at=[-135,64,394]
F1 [F1] climb bridge: placed cobblestone at [-128,41,389] (pit) - the step re-judges
F2 [F2] craft torches: skip (no coal: sticks 3 coals 0)
F11 [F11] water: drowning rescue start (drowning, oxygen 19)
F11 [F11] water: pass 0 head=wet shore=none land=n/a y=61.0 o2=19 probes=0 at=[-144,61,398]
[hb] n=22 ts=441s rss=386M late=98ms mainLate=1529ms
F1 [F1] climb bridge: placed cobblestone at [-128,42,389] (support) - the step re-judges
F13 [F13] water: pass 10 head=dry shore=hit r=1 land=none y=64.0 o2=20 probes=0 at=[-135,64,394]
F2 tunnel: steering coal_ore @ 2.4b (axis x+, cross 1.5, ore detour)
F10 [F10] hop: chest at [-132,80,415] d=17 zero: chest unreachable (Took to long to decide path to goal!)
F10 [F10] chest skip (no path cached 0s ago at [-132,80,413])
F10 [F10] chest skip (no path cached 0s ago at [-132,80,411])
F10 bank: chest unreachable (Took to long to decide path to goal!) (18 blocks from yard) - walking back
F10 bank: yard walk arrived in 0s (1 attempt)
F10 camp furnace: 12 near machine(s) all beyond the 24b direct envelope (nearest d=27.4) - the bay reads as empty, the camp ladder decides on its own merits
F10 camp furnace: craft-planks (4 log(s) in pocket - craft planks (largest same-type stack 1/4))
F11 [F11] water: pass 3 head=dry shore=hit r=1 land=none y=62.0 o2=20 probes=0 at=[-143,62,398]
F12 [F12] approach: the stall side-step (right) stalled too
F12 [F12] approach: 6 segment(s) walked in 70.1s, goal now d=29.9 (still outside - a segment stalled (no position delta))
F17 [F17] climb wet escape: 5 blocks walked (budget, walked 1/4)
F8 [F8] climb bridge: placed cobblestone at [-151,45,420] (pit) - the step re-judges
F10 camp furnace: craft-table (52 cobble + 5 planks - table first)
F9 climb out (trip): OK +9 levels (10 steps, 24 dug, 58s)
F13 [F13] water: pass 12 head=dry shore=hit r=1 land=none y=64.2 o2=20 probes=0 at=[-135,64,395]
F8 [F8] climb bridge: placed cobblestone at [-151,46,420] (support) - the step re-judges
[F14] took 1 x copper_ingot (2/5)
F13 [F13] water: rescue complete in 26.2s
F13 [F13] water: hazard memorized at [-137,62,391] (8 live, fleet-wide)
F16 [F16] climb diag: level at y=45 blocked toward 0,-1 (dug=0, wet) at [0,1,0] water (stop)
F11 [F11] water: pass 7 head=dry shore=hit r=1 land=none y=61.4 o2=20 probes=0 at=[-142,61,399]
F15 [F15] raw hop failed: raw walk timeout after 20750ms (d=15.1) - pathfinder retry
F16 [F16] water: drowning rescue start (drowning, oxygen 13)
F16 [F16] water: pass 0 head=wet shore=none land=n/a y=44.8 o2=13 probes=0 at=[-98,45,386]
F17 climb out (bank): failed - timeout (traversed 5)
F17 climb out (bank): retry (escalated retry after timeout, fenced to 61s of the 61s the chain has left)
F9 map trip skipped: sand,gravel unreachable
F4 [F4] hop: chest at [-112,80,405] d=14 zero: chest unreachable (walk to chest (retry): timeout after 15000ms)
F16 [F16] climb diag: level at y=45 blocked toward 1,0 (dug=0, wet) at [0,1,0] water (stop)
F11 [F11] water: pass 8 head=dry shore=hit r=1 land=none y=61.2 o2=20 probes=0 at=[-142,61,399]
F16 [F16] water: pass 3 head=wet shore=none land=n/a y=45.2 o2=10 probes=0 at=[-98,45,386]
F4 [F4] direct deposit: 27 chest slots derived from the 63-slot view
F4 [F4] banked 38 items at (-117, 80, 405) (direct=2 fallback=0 mirror=true kept: birch_planks, stick, torch, wooden_shovel)
F4 camp furnace: 7 near machine(s) beyond the 24b direct envelope (nearest d=19.2) - 6 inside the envelope keep the veto
F4 camp furnace: no build (machine near)
F1 [F1] water: drowning rescue start (drowning, oxygen 13)
F1 [F1] water: pass 0 head=wet shore=none land=n/a y=43.0 o2=13 probes=0 at=[-128,43,390]
t-149s alive=19/19 mined=2462 map=1251p/18ch banked=0 smelted=0 pocket=2793u/292s | sand=47 gravel=18 dirt=259 stone=0
   deficits: 157926/47 (0.0%) 149380/18 (0.0%) 31860/0 (0.0%) 27420/0 (0.0%) 10725/151 (1.4%)
   F1=163[cobblestone:56 diorite:22 andesite:20] | F2=81[cobblestone:58 raw_copper:25 andesite:8] | F3=165[raw_copper:55 cobblestone:53 andesite:30] | F4=105[cobblestone:74 torch:8 stick:5] | F5=198[cobblestone:139 raw_copper:61 dirt:25] | F6=124[cobblestone:89 dirt:45 andesite:19] | F7=94[cobblestone:24 oak_log:5 stick:4] | F8=138[cobblestone:76 torch:16 dirt:15] | F9=90[cobblestone:75 dirt:13 raw_copper:9] | F10=103[cobblestone:52 raw_copper:31 granite:25] | F11=137[dirt:37 cobblestone:36 granite:13] | F12=138[cobblestone:62 raw_copper:35 dirt:22] | F13=130[sand:4 leaf_litter:3 oak_sapling:1] | F14=132[cobblestone:71 torch:24 gravel:16] | F15=144[cobblestone:89 raw_iron:21 andesite:12] | F16=75[cobblestone:63 coal:14 torch:12] | F17=117[cobblestone:56 dirt:18 coal:11] | F18=192[cobblestone:101 granite:25 diorite:22] | F19=136[cobblestone:56 andesite:28 raw_copper:24]
   mem: heap=116M/154M old=-1M ext=117M ab=114M rss=384M cols=1867 ents=3350 evicted=1377 path=5a/0q (max 6) stale=0
F16 [F16] water: pass 5 head=wet shore=none land=n/a y=45.2 o2=7 probes=0 at=[-98,45,386]
F16 [F16] climb diag: level at y=45 blocked toward 0,1 (dug=0, wet) at [0,1,0] water (stop)
F16 [F16] climb wet escape: oxygen 6 at the floor - the escape yields, the rescue lane owns the air
F16 climb out (trip): failed - low-o2
F16 map trip skipped: cannot leave the shaft
F16 [F16] water: deep-pocket ascend - dug the ceiling stone at [-98,47,385] (jump stalled 4+ passes, o2 7)
F11 [F11] water: pass 10 head=dry shore=hit r=1 land=none y=64.2 o2=20 probes=0 at=[-143,64,397]
F16 [F16] craft torches: stick-dry but 6 planks held - one stick batch first
F15 [F15] hop: chest at [-122,80,405] d=22 zero: chest unreachable (Took to long to decide path to goal!)
F6 tool upgrade due: worn (left=1/131) -> stone_pickaxe
F16 [F16] craft torches: 3 batch(es) -> 12 torches (sticks 2 coals 14)
F1 [F1] water: deep-pocket ascend - dug the ceiling stone at [-128,46,389] (jump stalled 4+ passes, o2 15)
F16 [F16] water: frozen physics (10 flat passes at y=45.5, o2=5, head WET) - standing down, the reconnect lane owns this
F16 [F16] water: rescue standing down (frozen physics - the walk gate reopens, the reconnect lane owns a dead client) in 5.5s
F16 [F16] water: frozen client relog (#1 consecutive) (frozen while head-wet (1 verdict) - the drowning clock owns this client) - ending the session, the reconnect lane rebuilds the physics; the drowning sentry holds non-critical pages 10s (the frozen-return gate)
F16 [F16] water: hazard memorized at [-98,45,385] (9 live, fleet-wide)
F1 [F1] water: pass 7 head=wet shore=none land=n/a y=44.4 o2=16 probes=0 at=[-128,44,389]
F5 [F5] climb bridge: placed cobblestone at [-89,64,438] (pit) - the step re-judges
F11 [F11] water: rescue complete in 13.2s
F11 [F11] water: hazard memorized at [-144,62,397] (10 live, fleet-wide)
F5 [F5] climb bridge: placed cobblestone at [-89,65,438] (support) - the step re-judges
F1 [F1] water: frozen physics (10 flat passes at y=44.4, o2=19, head WET) - standing down, the reconnect lane owns this
F1 [F1] water: rescue standing down (frozen physics - the walk gate reopens, the reconnect lane owns a dead client) in 2.8s
F1 [F1] water: frozen client relog (#1 consecutive) (frozen while head-wet (1 verdict) - the drowning clock owns this client) - ending the session, the reconnect lane rebuilds the physics; the drowning sentry holds non-critical pages 10s (the frozen-return gate)
F1 [F1] water: hazard memorized at [-128,44,389] (11 live, fleet-wide)
F7 camp furnace: BUILT (furnace at -101,78,410) in 17s
[F7] furnace within reach - opening without a walk
[F7] fuel clips the batch: 2 x stick completes 1 of 16 x cobblestone (the rest re-smelts on the next chain)
[F7] the clock clips the batch: the 27s window completes ~2 of 16 x cobblestone (the rest re-smelts on the next chain)
[F7] furnace slots after put: input=cobblestone fuel=stick
[F7] smelting 1 x cobblestone in a furnace (fuel: 2 x stick)
F6 [toolupgrade] stone_pickaxe: crafted (worn (left=1/131))
F6 tool upgrade: OK -> stone_pickaxe (worn (left=1/131))
F6 [F6] craft torches: stick-dry with logs held - one plank conversion first
[F14] took 1 x copper_ingot (3/5)
F9 sword due: cobble available
F9 sword: no table reachable or placeable
F9 sword: failed (no table)
F9 [F9] craft torches: skip (no spare sticks: sticks 1 coals 3)
F2 tunnel: 12 blocks (branch mine at the floor, steered, ore detour)
F6 [F6] craft torches: stick-dry but 5 planks held - one stick batch first
F6 [F6] craft torches: skip (no coal: sticks 5 coals 0)
F6 tunnel: steering iron_ore @ 7.6b (axis x+, cross 1.5, ore detour)
F6 tunnel: 0 blocks (branch mine at the floor, steered, ore detour)
F5 [F5] climb diag: level at y=69 blocked toward 0,1 (dug=31)
F10 camp furnace: BUILT (furnace at -129,70,415) in 13s
F5 [F5] climb bridge: placed cobblestone at [-90,67,441] (pit) - the step re-judges
F5 [F5] climb: walkable surface at y=68 (+14 levels, dug=31) - the walk takes over (blocked step)
F5 climb out (bank): retry OK +14 levels (13 steps, 31 dug, undefineds)
F5 bank: smelt hold skipped - no fuel in pocket (coal 0)
F11 [F11] digShaft: water hazard 1.7b away (live 11) - refusing this column, the caller rotates
F17 [F17] climb rise assist: assist did not complete (goto: No path to the goal!)
F16 retry #1 in 4.4s (Timeout waiting for 4 ticks after 5200ms)
F19 tunnel: 6 blocks (branch mine at the floor, steered, floor lock)
F6 [F6] vein sweep: 4 drop(s) in reach (3 dug)
F17 [F17] climb run-up: gallery opened toward 0,-1 (digs 2) - the rise re-judges from the L-mouth
F17 [F17] climb diag: level at y=62 did not rise (food=20, dug=11) feet=air support=water step=air head=air
F9 tunnel: steering coal_ore @ 3.5b (axis x+, cross 1.474447097803079, ore detour)
[hb] n=23 ts=461s rss=382M late=104ms mainLate=2088ms
[F10] walk nudge: approach: 1 segment(s) walked in 3.7s, goal now d=22.1 (inside the direct envelope)
[F10] walk nudge: inside the direct envelope
F12 [F12] raw hop failed: raw walk: no net progress for 8315ms (best d=29.1) - pathfinder retry
F15 [F15] raw hop failed: raw walk: no net progress for 8486ms (best d=15.0) - pathfinder retry
F1 [F1] climb diag: level at y=43 blocked toward 0,1 (dug=7) dig failed at [-128,44,390] andesite (held=stone_pickaxe, airborne, post=water STILL THERE (server never broke it))
F12 [F12] hop: chest at [-142,80,407] d=29 zero: chest unreachable (Took to long to decide path to goal!)
F12 [F12] chest skip (no path cached 0s ago at [-142,80,405])
F6 [F6] vein sweep: the drop walk to [-104,45,433] failed - sweep drops: timeout after 4000ms (dy 2.0, range 2)
F16 [F16] water: drowning rescue start (drowning, oxygen 4)
F16 [F16] water: pass 0 head=wet shore=none land=n/a y=45.2 o2=4 probes=0 at=[-98,45,385]
[F7] took 1 x stone (1/1)
[F14] took 1 x copper_ingot (4/5)
F16 [F16] craft torches: skip (the pocket torch cap: held 24 of 24 - sticks 3 coals 11)
t-133s alive=19/19 mined=2547 map=1250p/18ch banked=0 smelted=0 pocket=2881u/292s | sand=47 gravel=18 dirt=278 stone=1
   deficits: 157926/47 (0.0%) 149380/18 (0.0%) 31860/0 (0.0%) 27420/0 (0.0%) 10725/159 (1.5%)
   F1=163[cobblestone:56 diorite:22 andesite:20] | F2=95[cobblestone:63 raw_copper:25 andesite:9] | F3=165[raw_copper:55 cobblestone:53 andesite:30] | F4=105[cobblestone:74 torch:8 stick:5] | F5=200[cobblestone:137 raw_copper:61 dirt:26] | F6=127[cobblestone:87 dirt:48 andesite:19] | F7=94[cobblestone:23 oak_log:5 birch_sapling:2] | F8=156[cobblestone:93 torch:16 dirt:15] | F9=104[cobblestone:89 dirt:13 raw_copper:9] | F10=103[cobblestone:44 raw_copper:31 granite:25] | F11=138[dirt:37 cobblestone:36 granite:13] | F12=138[cobblestone:62 raw_copper:35 dirt:22] | F13=133[leaf_litter:5 sand:4 dirt:2] | F14=132[cobblestone:71 torch:24 gravel:16] | F15=144[cobblestone:89 raw_iron:21 andesite:12] | F16=75[cobblestone:63 torch:24 coal:11] | F17=130[cobblestone:56 dirt:31 coal:11] | F18=204[cobblestone:105 granite:25 diorite:22] | F19=141[cobblestone:56 raw_copper:40 andesite:28]
   mem: heap=117M/155M old=-1M ext=124M ab=122M rss=386M cols=1894 ents=3467 evicted=1355 path=6a/0q (max 6) stale=0
F16 [F16] water: pass 3 head=wet shore=none land=n/a y=45.2 o2=1 probes=0 at=[-98,45,386]
F16 [F16] water: frozen physics (4 flat passes at y=45.2, o2=1, head WET - the wet-critical fast window) - standing down, the reconnect lane owns this
F16 [F16] water: rescue standing down (frozen physics - the walk gate reopens, the reconnect lane owns a dead client) in 2.3s
F16 [F16] water: frozen client relog (#2 consecutive) (frozen while head-wet (1 verdict) - the drowning clock owns this client) - ending the session, the reconnect lane rebuilds the physics; the drowning sentry holds non-critical pages 20s (the frozen-return gate)
F16 [F16] water: hazard memorized at [-98,45,385] (12 live, fleet-wide)
[F4] fuel clips the batch: 3 x stick completes 1 of 66 x cobblestone (the rest re-smelts on the next chain)
[F4] the run clock caps the fired batch: 49 of 66 x cobblestone (the rest re-smelts on the next chain)
[F4] furnace slots after put: input=cobblestone fuel=stick
[F4] smelting 1 x cobblestone in a furnace (fuel: 3 x stick)
F4 smelted 0 () rescued=0 fired=1
F19 [F19] water: drowning rescue start (drowning, oxygen 11)
F19 [F19] water: pass 0 head=wet shore=none land=n/a y=41.0 o2=11 probes=0 at=[-79,41,383]
F6 [F6] vein sweep: the drop walk to [-105,46,434] failed - sweep drops: timeout after 4000ms (dy 3.3, range 2)
F4 iron commune: chest holds 0 ingot(s) - nothing to complete here
F4 iron commune: chest holds 0 ingot(s) - nothing to complete here
F19 [F19] water: pass 3 head=dry shore=hit r=1 land=none y=42.2 o2=20 probes=0 at=[-79,42,383]
F5 [F5] approach: 1 segment(s) walked in 13.5s, goal now d=18.3 (inside the direct envelope)
F19 [F19] water: pass 6 head=dry shore=hit r=1 land=none y=42.2 o2=20 probes=0 at=[-79,42,382]
F1 [F1] climb diag: level at y=44 blocked toward -1,0 (dug=7, wet) at [0,1,0] water (stop)
F16 retry #1 in 6.0s (Timeout waiting for 4 ticks after 5200ms)
F12 [F12] raw hop failed: raw walk: no net progress for 8214ms (best d=32.1) - pathfinder retry
F6 [F6] vein sweep: lip dig refused - sealed floor (air 0, dy -1.0)
F6 [F6] vein sweep: +3u walked from the drops (3 dug)
F6 [F6] vein sweep: 1 below-plane walk(s) still failed on the wide goal (range 2) - the drop rests deeper than the lip
F6 [F6] vein sweep: 2 above-plane walk(s) timed out on the wide goal (range 2) - the ledge family (the v0.189.0 class, the triage names it)
F6 vein sweep: 3 ores dug beside the gallery (ore detour)
F6 bank trip: skipped (pockets full, 125s left < 150s - the end-phase owns the deadline banking)
F6 [F6] craft torches: skip (no coal: sticks 5 coals 0)
F6 tunnel: steering coal_ore @ 9.6b (axis z--1, cross 0.33788892790747127, floor lock)
F12 [F12] hop: chest at [-137,80,413] d=33 zero: chest unreachable (Took to long to decide path to goal!)
F12 [F12] chest skip (no path cached 0s ago at [-137,80,415])
F12 bank: chest unreachable (Took to long to decide path to goal!) (48 blocks from yard) - walking back
F12 yard approach: skipped (the clock cannot afford a segment + the walk floor)
F12 bank: end-bank budget spent - yard walk cancelled
F12 end-bank budget spent - smelt skipped
F12 [F12] chest skip (vertical doom: the yard stands 21 levels up over 21b lateral - the walk ladder cannot climb)
F12 [F12] chest skip (no path cached 12s ago at [-142,80,411])
F12 [F12] chest skip (vertical doom: the yard stands 21 levels up over 21b lateral - the walk ladder cannot climb)
F12 [F12] chest skip (no path cached 12s ago at [-142,80,409])
F12 [F12] chest skip (no path cached 12s ago at [-142,80,407])
F12 [F12] chest skip (no path cached 12s ago at [-142,80,405])
F12 [F12] chest skip (no path cached 1s ago at [-137,80,413])
F12 [F12] chest skip (no path cached 1s ago at [-137,80,415])
F12 bank: 0 (no chest in range)
F12 [F12] craft torches: skip (no coal: sticks 3 coals 0)
F4 iron commune: chest holds 0 ingot(s) - nothing to complete here
F9 tunnel: 12 blocks (branch mine at the floor, steered, ore detour)
F19 [F19] water: pass 9 head=dry shore=hit r=1 land=none y=42.2 o2=20 probes=0 at=[-79,42,382]
F12 [F12] digShaft: water table y=56 (region strike) - stopping above the aquifer, the tunnel owns this level (regions 2)
F12 tunnel: 0 blocks (branch mine at the floor, ore detour)
F12 bank trip: skipped (pockets full, 123s left < 150s - the end-phase owns the deadline banking)
[F14] took 1 x copper_ingot (5/5)
[F14] furnace within reach - opening without a walk
[F14] fuel clips the batch: 4 x stick completes 2 of 63 x cobblestone (the rest re-smelts on the next chain)
[F14] the clock clips the batch: the 15s window completes ~1 of 63 x cobblestone (the rest re-smelts on the next chain)
F11 [F11] craft torches: skip (no coal: sticks 3 coals 0)
F11 [F11] digShaft: water hazard 2.0b away (live 12) - refusing this column, the caller rotates
F11 [F11] craft torches: skip (no coal: sticks 3 coals 0)
F11 [F11] digShaft: water hazard 2.0b away (live 12) - refusing this column, the caller rotates
F11 tunnel: steering copper_ore @ 15.4b (axis z+, cross 2.5001856577666786, floor lock)
F11 tunnel: 0 blocks (branch mine at the floor, steered, floor lock)
F11 tunnel: 0 blocks x3 - sealed or flooded, cooling down 15s
F19 [F19] water: frozen physics (10 flat passes at y=42.2, o2=20) - standing down, the reconnect lane owns this
F19 [F19] water: rescue standing down (frozen physics - the walk gate reopens, the reconnect lane owns a dead client) in 9.5s
F19 [F19] water: hazard memorized at [-80,42,382] (12 live, fleet-wide)
[F14] furnace slots after put: input=cobblestone fuel=stick
[F14] smelting 1 x cobblestone in a furnace (fuel: 4 x stick)
[F7] rescued 1 x stone from a finished fired batch furnace
[F7] furnace within reach - opening without a walk
F6 tunnel: 2 blocks (branch mine at the floor, steered, floor lock)
F6 bank trip: skipped (pockets full, 121s left < 150s - the end-phase owns the deadline banking)
[F10] walk nudge: approach: 1 segment(s) walked in 5.2s, goal now d=20.9 (inside the direct envelope)
[F10] walk nudge: inside the direct envelope
[hb] n=24 ts=481s rss=389M late=109ms mainLate=973ms
F15 [F15] raw hop failed: raw walk stalled after 2066ms (d=3.8) - pathfinder retry
F10 smelt: 0 (raw_iron@blast_furnace: machine unreachable (Took to long to decide path to goal!); raw_iron@blast_furnace: machine unreachable (visit budget spent (walk slice)))
F10 iron commune: iron commune: chest the yard stands 21 levels up over 6b lateral - the walk ladder cannot climb, the fragments ride (the ask retries near the yard)
F10 [F10] chest skip (vertical doom: the yard stands 21 levels up over 6b lateral - the walk ladder cannot climb)
F10 [F10] chest skip (vertical doom: the yard stands 21 levels up over 8b lateral - the walk ladder cannot climb)
F10 [F10] chest skip (vertical doom: the yard stands 21 levels up over 9b lateral - the walk ladder cannot climb)
F10 [F10] chest skip (vertical doom: the yard stands 21 levels up over 10b lateral - the walk ladder cannot climb)
F10 [F10] chest skip (vertical doom: the yard stands 21 levels up over 11b lateral - the walk ladder cannot climb)
F10 [F10] chest skip (vertical doom: the yard stands 21 levels up over 14b lateral - the walk ladder cannot climb)
F10 [F10] chest skip (vertical doom: the yard stands 21 levels up over 16b lateral - the walk ladder cannot climb)
F10 [F10] chest skip (vertical doom: the yard stands 21 levels up over 17b lateral - the walk ladder cannot climb)
F10 bank: 0 (no chest in range)
F16 [F16] craft torches: skip (the pocket torch cap: held 24 of 24 - sticks 3 coals 11)
t-118s alive=19/19 mined=2602 map=1288p/20ch banked=0 smelted=0 pocket=2950u/296s | sand=47 gravel=18 dirt=283 stone=2
   deficits: 157926/47 (0.0%) 149380/18 (0.0%) 31860/0 (0.0%) 27420/0 (0.0%) 10725/164 (1.5%)
   F1=163[cobblestone:56 diorite:22 andesite:20] | F2=107[cobblestone:63 raw_copper:25 andesite:9] | F3=165[raw_copper:55 cobblestone:53 andesite:30] | F4=105[cobblestone:73 torch:8 oak_sapling:5] | F5=200[cobblestone:137 raw_copper:61 dirt:26] | F6=129[cobblestone:87 dirt:48 andesite:24] | F7=94[cobblestone:23 oak_log:5 stick:3] | F8=169[cobblestone:104 dirt:17 torch:16] | F9=114[cobblestone:95 dirt:13 raw_copper:9] | F10=103[cobblestone:44 raw_copper:31 granite:25] | F11=138[dirt:37 cobblestone:36 granite:13] | F12=139[cobblestone:63 raw_copper:35 dirt:22] | F13=134[leaf_litter:5 sand:4 oak_log:4] | F14=132[cobblestone:71 torch:24 gravel:16] | F15=144[cobblestone:89 raw_iron:21 andesite:12] | F16=75[cobblestone:63 torch:24 coal:11] | F17=133[cobblestone:56 dirt:34 coal:11] | F18=211[cobblestone:114 granite:25 diorite:22] | F19=147[raw_copper:59 cobblestone:56 andesite:28]
   mem: heap=128M/156M old=-1M ext=128M ab=125M rss=389M cols=1819 ents=3619 evicted=1396 path=3a/0q (max 6) stale=0
F15 [F15] direct deposit: 27 chest slots derived from the 63-slot view
F15 camp furnace: 5 near machine(s) beyond the 24b direct envelope (nearest d=15.2) - 6 inside the envelope keep the veto
F15 camp furnace: no build (machine near)
F7 smelted 1 (stone:1) rescued=1
F4 sweep: 0 collected - busy x1
F16 [F16] digShaft: water hazard 0.6b away (live 12) - refusing this column, the caller rotates
F16 tunnel: steering coal_ore @ 7.1b (axis z+, cross 0.35527174736807865, ore detour)
F7 iron commune: chest holds 0 ingot(s) - nothing to complete here
F5 [F5] raw hop failed: raw walk: no net progress for 8015ms (best d=13.0) - pathfinder retry
F1 [F1] climb diag: level at y=44 blocked toward 1,0 (dug=7, wet) at [0,1,0] water (stop)
F2 [F2] vein sweep: 8 drop(s) in reach (24 dug)
F9 [F9] vein sweep: 8 drop(s) in reach (8 dug)
F7 iron commune: chest holds 0 ingot(s) - nothing to complete here
F4 [F4] direct deposit: 27 chest slots derived from the 63-slot view
F4 [F4] banked 75 items at (-138, 80, 389) (direct=3 fallback=0 mirror=true kept: birch_planks, stick, torch, wooden_shovel)
F18 [F18] water: drowning rescue start (drowning, oxygen 12)
F18 [F18] water: pass 0 head=wet shore=none land=n/a y=58.0 o2=12 probes=0 at=[-86,58,373]
F4 [F4] direct deposit: 27 chest slots derived from the 63-slot view
F4 [F4] banked 9 items at (-138, 80, 389) (direct=1 fallback=0 mirror=true kept: birch_planks, stick, torch, wooden_shovel)
F4 bank: +122
[F14] took 1 x stone (1/1)
[F15] the clock clips the batch: the 48s window completes ~4 of 21 x raw_iron (the rest re-smelts on the next chain)
F9 [F9] vein sweep: lip dig refused - sealed floor (air 0, dy -1.0)
[F15] furnace slots after put: input=raw_iron fuel=coal
[F15] smelting 4 x raw_iron in a blast_furnace (fuel: 3 x coal)
F16 [F16] water: drowning rescue start (drowning, oxygen 0)
F16 [F16] water: pass 0 head=wet shore=none land=n/a y=44.0 o2=0 probes=0 at=[-98,44,386]
F7 iron commune: chest holds 0 ingot(s) - nothing to complete here
F18 [F18] water: pass 6 head=dry shore=hit r=2 land=none y=62.9 o2=11 probes=0 at=[-86,63,373]
F7 [F7] direct deposit: 27 chest slots derived from the 63-slot view
F7 bank: +65
F10 [F10] craft torches: the metal fuel reserve holds all 1 coal for the furnace (37 raw metal held)
F10 [F10] digShaft: water hazard 1.4b away (live 12) - refusing this column, the caller rotates
F10 bank trip: skipped (pockets full, 110s left < 150s - the end-phase owns the deadline banking)
F10 [F10] craft torches: the metal fuel reserve holds all 1 coal for the furnace (37 raw metal held)
F10 [F10] digShaft: water hazard 1.4b away (live 12) - refusing this column, the caller rotates
F10 tunnel: steering coal_ore @ 14.1b (axis x+, cross 2.689537271858626, floor lock)
F10 tunnel: 0 blocks (branch mine at the floor, steered, floor lock)
F10 bank trip: skipped (pockets full, 110s left < 150s - the end-phase owns the deadline banking)
F2 [F2] vein sweep: the drop walk to [-102,43,395] failed - sweep drops: timeout after 4000ms (dy 0.0, range 1)
F16 [F16] water: pass 6 head=wet shore=none land=n/a y=45.2 o2=-1 probes=0 at=[-98,45,386]
F7 [F7] craft torches: skip (no coal: sticks 3 coals 0)
F16 [F16] water: deep-pocket ascend - dug the ceiling stone at [-98,47,385] (jump stalled 4+ passes, o2 -1)
F16 [F16] water: frozen physics (4 flat passes at y=45.5, o2=0, head WET - the wet-critical fast window) - standing down, the reconnect lane owns this
F16 [F16] water: rescue standing down (frozen physics - the walk gate reopens, the reconnect lane owns a dead client) in 2.8s
F16 [F16] water: frozen client relog (#3 consecutive) (frozen while head-wet (1 verdict) - the drowning clock owns this client) - ending the session, the reconnect lane rebuilds the physics; the drowning sentry holds non-critical pages 40s (the frozen-return gate)
F16 [F16] water: hazard memorized at [-98,45,385] (12 live, fleet-wide)
F18 [F18] water: pass 9 head=dry shore=hit r=1 land=none y=63.2 o2=20 probes=0 at=[-84,63,373]
F4 [F4] craft torches: skip (no spare sticks: sticks 2 coals 0)
[F14] walk nudge: approach: 1 segment(s) walked in 2.2s, goal now d=35.1 (still outside - the approach clock is spent)
[F14] walk nudge: closed to d=35.1 - retrying the machine from the new start
F14 smelted 6 (copper_ingot:5 stone:1) rescued=0
F14 iron commune: iron commune: chest the yard stands 30 levels up over 9b lateral - the walk ladder cannot climb, the fragments ride (the ask retries near the yard)
F14 fuel anchor scan returned empty (attempt 1/2) at [-113,50,393] yard d=33 - the palette empty-return class, re-querying
F14 fuel anchor scan returned empty (attempt 2/2) at [-113,50,393] yard d=33
F14 fuel anchor scan empty x2 - the singular probe rescued the scan (chest at [-121,80,389])
F14 fuel anchor: 0 delivered (the vertical gate: the yard stands 30 levels up over 9b lateral - the walk ladder cannot climb) - the legacy scatter carries the tithe
F14 [F14] chest skip (vertical doom: the yard stands 30 levels up over 9b lateral - the walk ladder cannot climb)
F14 [F14] chest skip (vertical doom: the yard stands 30 levels up over 10b lateral - the walk ladder cannot climb)
F14 [F14] chest skip (vertical doom: the yard stands 30 levels up over 10b lateral - the walk ladder cannot climb)
F14 [F14] chest skip (vertical doom: the yard stands 30 levels up over 13b lateral - the walk ladder cannot climb)
F14 [F14] chest skip (vertical doom: the yard stands 30 levels up over 15b lateral - the walk ladder cannot climb)
F14 [F14] chest skip (vertical doom: the yard stands 30 levels up over 15b lateral - the walk ladder cannot climb)
F14 [F14] chest skip (vertical doom: the yard stands 30 levels up over 17b lateral - the walk ladder cannot climb)
F14 [F14] chest skip (vertical doom: the yard stands 30 levels up over 17b lateral - the walk ladder cannot climb)
F14 bank: 0 (no chest in range)
F14 sword due: cobble available
F9 [F9] vein sweep: the drop walk to [-152,45,420] failed - sweep drops: timeout after 4000ms (dy 2.0, range 2)
F18 [F18] water: pass 13 head=dry shore=hit r=1 land=none y=63.1 o2=20 probes=0 at=[-89,63,373]
F9 [F9] vein sweep: the drop walk to [-151,46,419] failed - spin breaker: sweep drops re-issued 2x inside the 10s window after its own pf:done - sweep drops refused for 30s (the sync re-issue breaker: the goal->done->goal churn starves the timers, the run53 alloc-storm class) (dy 2.7, range 2)
[F15] took 1 x iron_ingot (1/4)
F9 [F9] vein sweep: +5u walked from the drops (8 dug)
F9 [F9] vein sweep: 1 below-plane walk(s) still failed on the wide goal (range 2) - the drop rests deeper than the lip
F9 [F9] vein sweep: 4 above-plane walk(s) timed out on the wide goal (range 2) - the ledge family (the v0.189.0 class, the triage names it)
F9 [F9] vein sweep: 2 deep drop(s) skipped (dy < -2 - the lip sphere cannot reach, the walk was a guaranteed spiral)
F9 vein sweep: 8 ores dug beside the gallery (ore detour)
F9 bank trip: skipped (pockets full, 104s left < 150s - the end-phase owns the deadline banking)
F2 [F2] vein sweep: the drop walk to [-103,43,395] failed - sweep drops: timeout after 4000ms (dy 0.0, range 1)
F10 [F10] craft torches: the metal fuel reserve holds all 1 coal for the furnace (37 raw metal held)
F10 [F10] digShaft: water hazard 3.0b away (live 12) - refusing this column, the caller rotates
F10 bank trip: skipped (pockets full, 103s left < 150s - the end-phase owns the deadline banking)
F10 [F10] craft torches: the metal fuel reserve holds all 1 coal for the furnace (37 raw metal held)
F10 [F10] digShaft: water hazard 3.0b away (live 12) - refusing this column, the caller rotates
F10 tunnel: 0 blocks (branch mine at the floor, floor lock)
F10 bank trip: skipped (pockets full, 103s left < 150s - the end-phase owns the deadline banking)
F14 sword: OK (stone_sword, holds 1)
F14 sword: OK (stone_sword)
F14 [F14] craft torches: skip (the pocket torch cap: held 24 of 24 - sticks 5 coals 8)
t-102s alive=19/19 mined=2628 map=1299p/20ch banked=187 smelted=8 pocket=2860u/286s | sand=48 gravel=18 dirt=293 stone=1
   deficits: 157926/48 (0.0%) 149380/18 (0.0%) 31860/0 (0.0%) 27420/0 (0.0%) 10725/154 (1.4%)
   F1=163[cobblestone:56 diorite:22 andesite:20] | F2=111[cobblestone:63 raw_copper:25 andesite:11] | F3=165[raw_copper:55 cobblestone:53 andesite:30] | F4=105[torch:8 oak_sapling:5 stick:2] | F5=200[cobblestone:137 raw_copper:61 dirt:26] | F6=129[cobblestone:88 dirt:48 andesite:24] | F7=94[oak_log:5 stick:3 birch_sapling:2] | F8=180[cobblestone:104 dirt:30 torch:16] | F9=118[cobblestone:96 dirt:13 raw_copper:9] | F10=103[cobblestone:44 raw_copper:31 granite:25] | F11=138[dirt:37 cobblestone:36 granite:13] | F12=139[cobblestone:63 raw_copper:35 dirt:22] | F13=137[oak_log:7 leaf_litter:5 sand:4] | F14=132[cobblestone:70 torch:24 gravel:16] | F15=144[cobblestone:89 raw_iron:21 oak_log:5] | F16=75[cobblestone:64 torch:24 coal:11] | F17=133[cobblestone:56 dirt:34 coal:11] | F18=211[cobblestone:114 granite:25 diorite:22] | F19=151[raw_copper:59 cobblestone:56 andesite:28]
   mem: heap=120M/158M old=-1M ext=131M ab=128M rss=392M cols=1897 ents=3459 evicted=1438 path=6a/5q (max 6) stale=0
F18 [F18] water: pass 17 head=dry shore=hit r=1 land=none y=64.2 o2=20 probes=0 at=[-90,64,375]
F8 climb out (trip): OK +19 levels (18 steps, 47 dug, 58s)
F12 [F12] craft torches: skip (no coal: sticks 3 coals 0)
F12 [F12] digShaft: water table y=56 (region strike) - stopping above the aquifer, the tunnel owns this level (regions 2)
F5 [F5] direct deposit: 27 chest slots derived from the 63-slot view
F5 camp furnace: 14 near machine(s) all beyond the 24b direct envelope (nearest d=29.5) - the bay reads as empty, the camp ladder decides on its own merits
F5 camp furnace: craft-planks (4 log(s) in pocket - craft planks (largest same-type stack 1/4))
[hb] n=25 ts=501s rss=389M late=114ms mainLate=1803ms
F1 climb out (bank): retry failed - timeout [stage 1]
F18 [F18] water: pass 18 head=dry shore=hit r=1 land=none y=64.2 o2=20 probes=0 at=[-90,64,375]
[F15] took 1 x iron_ingot (2/4)
F11 [F11] craft torches: skip (no coal: sticks 3 coals 0)
F11 [F11] digShaft: water hazard 3.9b away (live 12) - refusing this column, the caller rotates
F11 [F11] craft torches: skip (no coal: sticks 3 coals 0)
F11 [F11] digShaft: water hazard 3.9b away (live 12) - refusing this column, the caller rotates
F5 camp furnace: craft-table (137 cobble + 5 planks - table first)
F18 [F18] water: pass 20 head=dry shore=hit r=1 land=none y=63.1 o2=20 probes=0 at=[-88,63,375]
F18 [F18] water: pass 23 head=dry shore=hit r=1 land=none y=63.1 o2=20 probes=0 at=[-92,63,375]
[F15] took 1 x iron_ingot (3/4)
F11 tunnel: 3 blocks (branch mine at the floor, floor lock)
F11 bank trip: skipped (pockets full, 94s left < 150s - the end-phase owns the deadline banking)
F12 tunnel: 4 blocks (branch mine at the floor, ore detour)
F12 bank trip: skipped (pockets full, 93s left < 150s - the end-phase owns the deadline banking)
F12 [F12] craft torches: skip (no coal: sticks 3 coals 0)
F12 [F12] digShaft: water table y=56 (region strike) - stopping above the aquifer, the tunnel owns this level (regions 2)
F5 camp furnace: BUILT (furnace at -101,78,410) in 9s
F19 [F19] vein sweep: 4 drop(s) in reach (19 dug)
F10 [F10] craft torches: the metal fuel reserve holds all 1 coal for the furnace (37 raw metal held)
F10 [F10] digShaft: water hazard 3.0b away (live 12) - refusing this column, the caller rotates
F10 bank trip: skipped (pockets full, 91s left < 150s - the end-phase owns the deadline banking)
F10 [F10] craft torches: the metal fuel reserve holds all 1 coal for the furnace (37 raw metal held)
F10 [F10] digShaft: water hazard 3.0b away (live 12) - refusing this column, the caller rotates
F10 tunnel: 0 blocks (branch mine at the floor, floor lock)
F10 tunnel: 0 blocks x3 - sealed or flooded, cooling down 15s
F11 [F11] craft torches: skip (no coal: sticks 3 coals 0)
F9 [F9] craft torches: skip (no spare sticks: sticks 1 coals 8)
F9 tunnel: steering coal_ore @ 6b (axis x+, cross 0.5, ore detour)
F18 [F18] water: pass 25 head=dry shore=hit r=1 land=none y=64.2 o2=20 probes=0 at=[-92,64,375]
F4 tunnel: 0 blocks (branch mine at the floor, ore detour)
F4 [F4] craft torches: skip (no spare sticks: sticks 2 coals 0)
[F15] took 1 x iron_ingot (4/4)
[F15] blast_furnace within reach - opening without a walk
[F15] the clock clips the batch: the 26s window completes ~2 of 17 x raw_iron (the rest re-smelts on the next chain)
F2 [F2] vein sweep: +27u walked from the drops (24 dug)
F2 vein sweep: 24 ores dug beside the gallery (ore detour)
F2 bank trip: skipped (pockets full, 89s left < 150s - the end-phase owns the deadline banking)
[F15] furnace slots after put: input=raw_iron fuel=coal
[F15] smelting 2 x raw_iron in a blast_furnace (fuel: 3 x coal)
F16 tunnel: 0 blocks (branch mine at the floor, steered, ore detour)
F18 [F18] water: rescue complete in 24.2s
F18 [F18] water: hazard memorized at [-90,62,373] (12 live, fleet-wide)
t-87s alive=19/19 mined=2661 map=1330p/20ch banked=187 smelted=8 pocket=2871u/287s | sand=53 gravel=16 dirt=271 stone=1
   deficits: 157926/53 (0.0%) 149380/16 (0.0%) 31860/0 (0.0%) 27420/0 (0.0%) 10725/151 (1.4%)
   F1=163[cobblestone:56 diorite:22 andesite:20] | F2=111[cobblestone:65 raw_copper:25 coal:22] | F3=165[raw_copper:55 cobblestone:53 andesite:30] | F4=105[torch:8 oak_sapling:5 stick:2] | F5=200[cobblestone:129 raw_copper:61 stick:5] | F6=129[cobblestone:88 dirt:48 andesite:24] | F7=94[oak_log:5 stick:3 birch_sapling:2] | F8=187[cobblestone:104 dirt:33 leaf_litter:16] | F9=120[cobblestone:111 dirt:13 raw_copper:9] | F10=103[cobblestone:44 raw_copper:31 granite:25] | F11=141[dirt:37 cobblestone:36 sand:16] | F12=149[cobblestone:63 raw_copper:35 dirt:23] | F13=140[oak_log:7 leaf_litter:5 sand:4] | F14=134[cobblestone:71 torch:24 gravel:16] | F15=144[cobblestone:89 raw_iron:17 oak_log:5] | F16=75[cobblestone:64 torch:24 coal:11] | F17=133[cobblestone:56 dirt:34 coal:11] | F18=211[cobblestone:114 granite:25 diorite:22] | F19=157[raw_copper:59 cobblestone:56 andesite:29]
   mem: heap=125M/158M old=-1M ext=131M ab=128M rss=392M cols=1888 ents=2779 evicted=1483 path=6a/0q (max 6) stale=0
F19 [F19] vein sweep: the drop walk to [-77,44,383] failed - sweep drops: timeout after 4000ms (dy 3.0, range 2)
F7 tunnel: 0 blocks (branch mine at the floor, floor lock)
F11 [F11] water: drowning rescue start (drowning, oxygen 15)
F11 [F11] water: pass 0 head=wet shore=none land=n/a y=61.0 o2=15 probes=0 at=[-160,61,398]
F19 [F19] vein sweep: the drop walk to [-78,45,382] failed - sweep drops: timeout after 4000ms (dy 3.6, range 2)
[F15] took 1 x iron_ingot (1/2)
F16 [F16] craft torches: skip (the pocket torch cap: held 24 of 24 - sticks 3 coals 11)
F7 [F7] craft torches: skip (no coal: sticks 3 coals 0)
F11 [F11] water: pass 3 head=dry shore=hit r=1 land=none y=62.8 o2=20 probes=0 at=[-159,63,398]
[hb] n=26 ts=521s rss=391M late=119ms mainLate=1251ms
[F5] fuel clips the batch: 3 x stick completes 1 of 61 x raw_copper (the rest re-smelts on the next chain)
[F5] the clock clips the batch: the 69s window completes ~6 of 61 x raw_copper (the rest re-smelts on the next chain)
F12 tunnel: 12 blocks (branch mine at the floor, floor lock)
F11 [F11] water: pass 5 head=dry shore=hit r=1 land=none y=64.0 o2=20 probes=0 at=[-159,64,399]
[F5] furnace slots after put: input=raw_copper fuel=stick
[F5] smelting 1 x raw_copper in a blast_furnace (fuel: 3 x stick)
F6 pre-position: 51b from yard, t-78s - walking home
F6 bank: holding 45s of 78s for the smelt leg
F6 [F6] chest skip (vertical doom: the yard stands 38 levels up over 13b lateral - the walk ladder cannot climb)
F6 [F6] chest skip (vertical doom: the yard stands 38 levels up over 15b lateral - the walk ladder cannot climb)
F6 [F6] chest skip (vertical doom: the yard stands 38 levels up over 15b lateral - the walk ladder cannot climb)
F6 [F6] chest skip (vertical doom: the yard stands 38 levels up over 17b lateral - the walk ladder cannot climb)
F6 [F6] chest skip (vertical doom: the yard stands 38 levels up over 17b lateral - the walk ladder cannot climb)
F6 [F6] chest skip (vertical doom: the yard stands 38 levels up over 18b lateral - the walk ladder cannot climb)
F6 [F6] chest skip (vertical doom: the yard stands 38 levels up over 18b lateral - the walk ladder cannot climb)
F6 [F6] chest skip (vertical doom: the yard stands 38 levels up over 19b lateral - the walk ladder cannot climb)
F6 bank: no chest in range (51 blocks from yard) - walking back
F6 bank: the yard stands 38 levels up over 34b lateral - the walk ladder cannot climb, the pocket rides the next window
F6 camp furnace: 2 near machine(s) beyond the 24b direct envelope (nearest d=2.9) - 1 inside the envelope keep the veto
F6 camp furnace: no build (machine near)
[F6] furnace within reach - opening without a walk
F12 [F12] vein sweep: 2 drop(s) in reach (1 dug)
[F15] took 1 x iron_ingot (2/2)
[F6] fuel clips the batch: 3 x stick completes 1 of 2 x raw_iron (the rest re-smelts on the next chain)
[F6] furnace slots after put: input=raw_iron fuel=stick
[F6] smelting 1 x raw_iron in a furnace (fuel: 3 x stick)
F10 bank trip: skipped (pockets full, 76s left < 150s - the end-phase owns the deadline banking)
F16 retry #1 in 5.6s (Timeout waiting for 4 ticks after 5200ms)
F11 [F11] water: pass 7 head=dry shore=hit r=1 land=none y=64.2 o2=20 probes=0 at=[-157,64,399]
[F15] the clock clips the batch: the 12s window completes ~1 of 15 x raw_iron (the rest re-smelts on the next chain)
F17 [F17] climb wet escape: 3 blocks walked (refused, walked 1/4)
F17 [F17] climb diag: level at y=61 blocked toward 1,0 (dug=18, wet) at [0,1,0] water (stop)
[F15] furnace slots after put: input=raw_iron fuel=coal
[F15] smelting 1 x raw_iron in a blast_furnace (fuel: 2 x coal)
F17 climb out (bank): retry failed - timeout
F9 tunnel: 12 blocks (branch mine at the floor, steered, ore detour)
F4 tunnel: 0 blocks (branch mine at the floor, floor lock)
[F5] took 1 x copper_ingot (1/1)
[F5] blast_furnace within reach - opening without a walk
F12 [F12] vein sweep: the drop walk to [-154,57,419] failed - sweep drops: timeout after 4000ms (dy -1.0, range 2)
F12 [F12] vein sweep: +4u walked from the drops (1 dug)
F12 [F12] vein sweep: 1 below-plane walk(s) still failed on the wide goal (range 2) - the drop rests deeper than the lip
F12 [F12] vein sweep: 1 deep drop(s) skipped (dy < -2 - the lip sphere cannot reach, the walk was a guaranteed spiral)
F12 vein sweep: 1 ores dug beside the gallery (floor lock)
F12 bank trip: skipped (pockets full, 73s left < 150s - the end-phase owns the deadline banking)
F11 [F11] water: pass 9 head=dry shore=hit r=1 land=none y=63.1 o2=20 probes=0 at=[-158,63,400]
[F5] fuel clips the batch: 3 x stick completes 1 of 60 x raw_copper (the rest re-smelts on the next chain)
[F5] the clock clips the batch: the 63s window completes ~5 of 60 x raw_copper (the rest re-smelts on the next chain)
[F5] furnace slots after put: input=raw_copper fuel=stick
[F5] smelting 1 x raw_copper in a blast_furnace (fuel: 3 x stick)
F7 [F7] craft torches: skip (no coal: sticks 3 coals 0)
F4 [F4] craft torches: skip (no spare sticks: sticks 2 coals 0)
F10 [F10] craft torches: the metal fuel reserve holds all 1 coal for the furnace (37 raw metal held)
F10 [F10] digShaft: water hazard 7.1b away (live 12) - refusing this column, the caller rotates
F10 bank trip: skipped (pockets full, 72s left < 150s - the end-phase owns the deadline banking)
F10 [F10] craft torches: the metal fuel reserve holds all 1 coal for the furnace (37 raw metal held)
F10 [F10] digShaft: water hazard 7.1b away (live 12) - refusing this column, the caller rotates
F10 tunnel: steering copper_ore @ 11.3b (axis z+, cross 3.674734331709544, floor lock)
F10 tunnel: 0 blocks (branch mine at the floor, steered, floor lock)
F10 bank trip: skipped (pockets full, 72s left < 150s - the end-phase owns the deadline banking)
t-72s alive=19/19 mined=2692 map=1342p/20ch banked=187 smelted=8 pocket=2921u/291s | sand=57 gravel=16 dirt=280 stone=1
   deficits: 157926/57 (0.0%) 149380/16 (0.0%) 31860/0 (0.0%) 27420/0 (0.0%) 10725/153 (1.4%)
   F1=163[cobblestone:56 diorite:22 andesite:20] | F2=111[cobblestone:71 raw_copper:25 coal:22] | F3=165[raw_copper:55 cobblestone:53 andesite:30] | F4=105[torch:8 oak_sapling:5 stick:2] | F5=200[cobblestone:129 raw_copper:60 stick:5] | F6=129[cobblestone:88 dirt:48 andesite:24] | F7=94[oak_log:5 stick:3 birch_sapling:2] | F8=196[cobblestone:104 dirt:34 leaf_litter:18] | F9=132[cobblestone:121 dirt:13 raw_copper:9] | F10=103[cobblestone:44 raw_copper:31 granite:25] | F11=141[dirt:37 cobblestone:36 sand:16] | F12=156[cobblestone:65 raw_copper:35 dirt:30] | F13=143[oak_log:10 leaf_litter:9 sand:4] | F14=134[cobblestone:71 torch:24 gravel:16] | F15=144[cobblestone:89 raw_iron:15 iron_ingot:6] | F16=75[cobblestone:64 torch:24 coal:11] | F17=133[cobblestone:56 dirt:34 coal:11] | F18=211[cobblestone:114 granite:25 diorite:22] | F19=157[raw_copper:59 cobblestone:56 andesite:30]
   mem: heap=120M/160M old=-1M ext=131M ab=128M rss=389M cols=1881 ents=2868 evicted=1529 path=6a/3q (max 6) stale=0
F12 tool upgrade due: worn (left=5/131) -> stone_pickaxe
F12 [toolupgrade] craft crafting_table: no craftable recipe variant (ingredients missing?)
F19 [F19] vein sweep: +8u walked from the drops (19 dug)
F19 [F19] vein sweep: 4 above-plane walk(s) timed out on the wide goal (range 2) - the ledge family (the v0.189.0 class, the triage names it)
F19 vein sweep: 19 ores dug beside the gallery (floor lock)
F19 bank trip: skipped (pockets full, 72s left < 150s - the end-phase owns the deadline banking)
F17 tool upgrade due: cobble available -> stone_pickaxe
F17 [toolupgrade] [upgrade] craft crafting_table: no craftable recipe variant (ingredients missing?)
F17 tool upgrade: failed -> none (no table material)
F17 spare pick due: spare (cobble available)
F17 spare pick: no table reachable or placeable
F17 sword due: cobble available
F17 sword: no table reachable or placeable
F17 sword: failed (no table)
F17 [F17] craft torches: 4 batch(es) -> 16 torches (sticks 6 coals 11)
F12 [toolupgrade] plank rung: converted 1->5 same-type planks (need 4, from oak_log)
F10 [F10] craft torches: the metal fuel reserve holds all 1 coal for the furnace (37 raw metal held)
F18 [F18] climb diag: level at y=58 blocked toward 1,0 (dug=27) dig failed at [-87,60,372] stone (held=wooden_shovel, grounded, post=water STILL THERE (server never broke it))
F18 climb out (bank): retry failed - timeout
F18 tool upgrade due: cobble available -> stone_pickaxe
F18 [toolupgrade] [upgrade] craft stick: no craftable recipe variant (ingredients missing?)
F11 [F11] water: pass 14 head=dry shore=hit r=1 land=none y=64.0 o2=20 probes=0 at=[-158,64,400]
F12 [toolupgrade] spare table: crafted
F4 tunnel: 0 blocks (branch mine at the floor, ore detour)
F4 tunnel: 0 blocks x3 - sealed or flooded, cooling down 15s
F18 [toolupgrade] [upgrade] upgraded: stone_pickaxe,wooden_shovel,wooden_pickaxe
F18 tool upgrade: OK -> stone_pickaxe (stone_pickaxe,wooden_shovel,wooden_pickaxe)
F18 [F18] craft torches: stick-dry with logs held - one plank conversion first
F11 tunnel: 0 blocks (branch mine at the floor, ore detour)
F11 bank trip: skipped (pockets full, 69s left < 150s - the end-phase owns the deadline banking)
[F15] took 1 x iron_ingot (1/1)
[F15] blast_furnace within reach - opening without a walk
F16 [F16] craft torches: skip (the pocket torch cap: held 24 of 24 - sticks 3 coals 11)
[F15] fuel clips the batch: 1 x coal completes 8 of 14 x raw_iron (the rest re-smelts on the next chain)
[F15] the clock clips the batch: the 5s window completes ~1 of 14 x raw_iron (the rest re-smelts on the next chain)
F11 [F11] craft torches: skip (no coal: sticks 3 coals 0)
F16 [F16] digShaft: water hazard 0.6b away (live 12) - refusing this column, the caller rotates
F16 tunnel: steering coal_ore @ 7.1b (axis z+, cross 0.35527174736807865, ore detour)
F16 tunnel: 0 blocks (branch mine at the floor, steered, ore detour)
[F15] furnace slots after put: input=raw_iron fuel=coal
[F15] smelting 1 x raw_iron in a blast_furnace (fuel: 1 x coal)
F16 [F16] died - respawning (cause: server: drowned [kind=drown] | inferred: fall/env (0s before death at [-98,44,385]) [the inference is blind to this kind - the hint is noise by construction (the server kind stays the authority)])
F16 [F16] death drop: ~120u lost at [-98,44,385] (cobblestone 64, torch 24, coal 11, oak_planks 4, andesite 3, +8 more)
F16 [F16] water: death spot memorized as a hazard at [-98,44,385] (11 live, fleet-wide)
F16 [F16] water: drowning rescue start (drowning, oxygen 0)
F16 [F16] water: rescue aborted (dead - the hazard stays at the death spot) in 0.0s
F16 [F16] water: frozen-return gate clears - the rescue completed with living physics
[F5] took 1 x copper_ingot (1/1)
F11 [F11] water: pass 18 head=dry shore=hit r=2 land=none y=62.7 o2=20 probes=0 at=[-161,63,400]
F18 [F18] craft torches: stick-dry but 9 planks held - one stick batch first
F2 [F2] craft torches: 1 batch(es) -> 4 torches (sticks 3 coals 22, the metal reserve keeps 4)
F18 [F18] craft torches: 1 batch(es) -> 4 torches (sticks 1 coals 3, the metal reserve keeps 2)
[F6] took 1 x iron_ingot (1/1)
F12 [toolupgrade] stone_pickaxe: crafted (worn (left=5/131))
F12 tool upgrade: OK -> stone_pickaxe (worn (left=5/131))
F12 [F12] craft torches: stick-dry with logs held - one plank conversion first
[F5] fuel clips the batch: 3 x stick completes 1 of 59 x raw_copper (the rest re-smelts on the next chain)
[F5] the clock clips the batch: the 55s window completes ~4 of 59 x raw_copper (the rest re-smelts on the next chain)
F17 [F17] water: drowning rescue start (drowning, oxygen 16)
F17 [F17] water: pass 0 head=wet shore=none land=n/a y=43.0 o2=16 probes=0 at=[-117,43,387]
F2 tunnel: steering coal_ore @ 5.7b (axis z--1, cross 1.5, ore detour)
F18 pre-position: 49b from yard, t-65s - walking home
F18 bank: holding 35s of 65s for the smelt leg
[F5] furnace slots after put: input=raw_copper fuel=stick
[F5] smelting 1 x raw_copper in a blast_furnace (fuel: 3 x stick)
F7 tunnel: 0 blocks (branch mine at the floor, floor lock)
F11 [F11] water: pass 21 head=dry shore=hit r=1 land=none y=64.0 o2=20 probes=0 at=[-157,64,398]
F12 [F12] craft torches: stick-dry but 9 planks held - one stick batch first
F16 [F16] water: air-bar glitch ignored (oxygen 0 on dry land at [-121,80,395], 1 total)
F12 [F12] craft torches: skip (no coal: sticks 5 coals 0)
F12 [F12] digShaft: water table y=56 (region strike) - stopping above the aquifer, the tunnel owns this level (regions 2)
F11 [F11] water: rescue complete in 19.9s
F11 [F11] water: hazard memorized at [-161,62,399] (12 live, fleet-wide)
F7 [F7] craft torches: skip (no coal: sticks 3 coals 0)
F11 tunnel: 1 blocks (branch mine at the floor, ore detour)
F11 bank trip: skipped (pockets full, 63s left < 150s - the end-phase owns the deadline banking)
F11 [F11] craft torches: skip (no coal: sticks 3 coals 0)
F11 [F11] digShaft: water hazard 3.7b away (live 12) - refusing this column, the caller rotates
F11 tunnel: 0 blocks (branch mine at the floor, floor lock)
F11 bank trip: skipped (pockets full, 63s left < 150s - the end-phase owns the deadline banking)
F15 smelted 7 (iron_ingot:7) rescued=0
F15 iron commune: the set is complete (7/3) - crafting the pick on the spot
F15 [toolupgrade] craft crafting_table: no craftable recipe variant (ingredients missing?)
F17 [F17] water: rescue complete in 2.1s
F17 [F17] water: hazard memorized at [-118,45,386] (13 live, fleet-wide)
F10 tunnel: 2 blocks (branch mine at the floor, ore detour)
F10 bank trip: skipped (pockets full, 62s left < 150s - the end-phase owns the deadline banking)
F13 [F13] craft torches: stick-dry with logs held - one plank conversion first
F15 [toolupgrade] plank rung: converted 1->4 same-type planks (need 4, from oak_log)
F11 [F11] craft torches: skip (no coal: sticks 3 coals 0)
F11 [F11] digShaft: water hazard 2.1b away (live 13) - refusing this column, the caller rotates
F11 tunnel: 0 blocks (branch mine at the floor, ore detour)
F11 bank trip: skipped (pockets full, 61s left < 150s - the end-phase owns the deadline banking)
F11 [F11] craft torches: skip (no coal: sticks 3 coals 0)
F11 [F11] digShaft: water hazard 2.1b away (live 13) - refusing this column, the caller rotates
F11 tunnel: 0 blocks (branch mine at the floor, floor lock)
F11 tunnel: 0 blocks x3 - sealed or flooded, cooling down 15s
F2 tunnel: 2 blocks (branch mine at the floor, steered, ore detour)
F13 [F13] craft torches: stick-dry but 6 planks held - one stick batch first
F7 [F7] craft torches: skip (no coal: sticks 3 coals 0)
F13 [F13] craft torches: skip (no coal: sticks 4 coals 0)
F13 tool recovery: OK (wooden_pickaxe)
F13 spare pick due: spare (planks available)
F15 [toolupgrade] spare table: crafted
F12 tunnel: 2 blocks (branch mine at the floor, ore detour)
F12 bank trip: skipped (pockets full, 60s left < 150s - the end-phase owns the deadline banking)
F12 [F12] craft torches: skip (no coal: sticks 5 coals 0)
F12 [F12] digShaft: water table y=56 (region strike) - stopping above the aquifer, the tunnel owns this level (regions 2)
F12 tunnel: steering iron_ore @ 4.8b (axis z--1, cross 0.30000000000001137, floor lock)
[hb] n=27 ts=541s rss=403M late=124ms mainLate=741ms
F13 spare pick: OK (wooden_pickaxe, holds 2)
F13 churn: evacuation armed (6 rescues/180s) - the wet lanes hold for 90s (the rescue machinery untouched)
F9 [F9] vein sweep: 8 drop(s) in reach (14 dug)
[F5] took 1 x copper_ingot (1/1)
[F5] blast_furnace within reach - opening without a walk
[F5] fuel clips the batch: 3 x stick completes 1 of 58 x raw_copper (the rest re-smelts on the next chain)
[F5] the clock clips the batch: the 48s window completes ~4 of 58 x raw_copper (the rest re-smelts on the next chain)
F13 reloot: walking to the own death spot [-152,56,395] (51b, budget 18s, window 103s)
[F5] furnace slots after put: input=raw_copper fuel=stick
[F5] smelting 1 x raw_copper in a blast_furnace (fuel: 3 x stick)
F13 reloot: no-path retry at range 8 (budget 18s) - the dry rim inside the sphere counts as arrival
F15 [toolupgrade] iron_pickaxe: crafted (iron available)
F15 tool upgrade (commune): OK -> iron_pickaxe (iron available)
t-56s alive=19/19 mined=2728 map=1404p/21ch banked=187 smelted=15 pocket=2846u/287s | sand=70 gravel=16 dirt=283 stone=1
   deficits: 157926/70 (0.0%) 149380/16 (0.0%) 31860/0 (0.0%) 27420/0 (0.0%) 10725/151 (1.4%)
   F1=163[cobblestone:56 diorite:22 andesite:20] | F2=117[cobblestone:72 raw_copper:25 coal:21] | F3=165[raw_copper:55 cobblestone:53 andesite:30] | F4=105[torch:8 oak_sapling:5 stick:2] | F5=200[cobblestone:129 raw_copper:58 stick:5] | F6=129[cobblestone:88 dirt:48 andesite:24] | F7=94[oak_log:5 stick:3 birch_sapling:2] | F8=202[cobblestone:104 dirt:34 leaf_litter:18] | F9=144[cobblestone:122 dirt:13 coal:13] | F10=109[cobblestone:44 raw_copper:31 granite:25] | F11=143[dirt:37 cobblestone:36 sand:16] | F12=160[cobblestone:62 raw_copper:35 dirt:31] | F13=143[oak_log:9 leaf_litter:9 sand:4] | F14=134[cobblestone:71 torch:24 gravel:16] | F15=144[cobblestone:89 raw_iron:14 oak_log:4] | F16=75[empty] | F17=133[cobblestone:56 dirt:34 torch:16] | F18=211[cobblestone:111 granite:25 diorite:22] | F19=157[raw_copper:59 cobblestone:56 andesite:30]
   mem: heap=120M/164M old=-1M ext=138M ab=134M rss=406M cols=1880 ents=3326 evicted=1562 path=6a/0q (max 6) stale=0
F1 [F1] craft torches: stick-dry but 11 planks held - one stick batch first
F9 [F9] vein sweep: the drop walk to [-152,45,422] failed - sweep drops: timeout after 4000ms (dy 2.0, range 2)
F4 [F4] craft torches: skip (no spare sticks: sticks 2 coals 0)
F12 tunnel: 2 blocks (branch mine at the floor, steered, floor lock)
F12 bank trip: skipped (pockets full, 54s left < 150s - the end-phase owns the deadline banking)
[F6] walk nudge: approach: the stall side-step (right) stalled too
[F6] walk nudge: approach: 2 segment(s) walked in 11.7s, goal now d=43.4 (still outside - a segment stalled (no position delta))
[F6] walk nudge: closed to d=43.4 - retrying the machine from the new start
[F5] took 1 x copper_ingot (1/1)
[F5] furnace within reach - opening without a walk
F12 pre-position: 49b from yard, t-51s - walking home
F15 [F15] direct deposit: 27 chest slots derived from the 63-slot view
F15 [F15] banked 94 items at (-138, 80, 389) (direct=5 fallback=0 mirror=true kept: oak_log, birch_planks, stick, torch)
F19 pre-position: 67b from yard, t-51s - walking home
F19 bank: holding 21s of 51s for the smelt leg
F19 [F19] scan: no chest within 64b (bankable 37)
F19 bank: no chest in range (67 blocks from yard) - walking back
F19 yard approach: 67b beyond the 24b envelope (attempt 1)
F7 tunnel: 0 blocks (branch mine at the floor, floor lock)
F7 tunnel: 0 blocks x3 - sealed or flooded, cooling down 15s
[F5] fuel clips the batch: 3 x stick completes 1 of 57 x raw_copper (the rest re-smelts on the next chain)
[F5] the clock clips the batch: the 40s window completes ~3 of 57 x raw_copper (the rest re-smelts on the next chain)
F15 [F15] direct deposit: 27 chest slots derived from the 63-slot view
F15 [F15] banked 25 items at (-138, 80, 389) (direct=1 fallback=0 mirror=true kept: oak_log, birch_planks, stick, torch)
F15 bank: +141
F2 [F2] vein sweep: 8 drop(s) in reach (9 dug)
F9 [F9] vein sweep: the drop walk to [-151,45,421] failed - sweep drops: timeout after 4000ms (dy 1.7, range 2)
[F5] furnace slots after put: input=raw_copper fuel=stick
[F5] smelting 1 x raw_copper in a furnace (fuel: 3 x stick)
F17 [F17] digShaft: water hazard 2.4b away (live 13) - refusing this column, the caller rotates
F17 tunnel: steering iron_ore @ 11.2b (axis x--1, cross 1.6999999999999886, ore detour)
F8 map trip: sand
F1 [F1] craft stick: variant#2 attempt0 failed: craft stick: timeout after 7000ms
F1 [F1] [tools] closing stale craft window (minecraft:inventory) - grid recovery
F11 bank trip: skipped (pockets full, 46s left < 150s - the end-phase owns the deadline banking)
F6 fuel anchor scan returned empty (attempt 1/2) at [-101,43,426] yard d=48 - the palette empty-return class, re-querying
F6 fuel anchor scan returned empty (attempt 2/2) at [-101,43,426] yard d=48
F6 fuel anchor scan empty x2 - the singular probe rescued the scan (chest at [-102,80,415])
F6 fuel commons: the anchor chest is read first
F6 fuel commons: chest at [-102,80,415] the yard stands 37 levels up over 11b lateral - the walk ladder cannot climb, the ask rides (the tithe owns the deep resupply)
F6 fuel anchor scan returned empty (attempt 1/2) at [-101,43,426] yard d=48 - the palette empty-return class, re-querying
F6 fuel anchor scan returned empty (attempt 2/2) at [-101,43,426] yard d=48
F6 fuel anchor scan empty x2 - the singular probe rescued the scan (chest at [-102,80,415])
F6 fuel commons: the anchor chest is read first
F6 fuel commons: chest at [-102,80,415] the yard stands 37 levels up over 11b lateral - the walk ladder cannot climb, the ask rides (the tithe owns the deep resupply)
F6 smelted 1 (iron_ingot:1) rescued=0
F6 iron commune: pool seed: chest the yard stands 37 levels up over 11b lateral - the walk ladder cannot climb, the seed rides (it retries near the yard)
F6 iron commune: iron commune: chest the yard stands 37 levels up over 11b lateral - the walk ladder cannot climb, the fragments ride (the ask retries near the yard)
F2 [F2] vein sweep: the drop walk to [-96,41,394] failed - sweep drops: timeout after 4000ms (dy -0.7, range 2)
[F6] sweep deferred (the lanes hold) - the 12s cooldown outlives the census clock (1 machine(s) untried, the next pass owns them)
F6 sweep: 0 collected - machine unreachable (walk governor: bot churned 4 goals without progress - walk to a machine (sweep) refused for 12s) x1, sweep deferred (the lanes hold) x1
F6 [F6] chest skip (vertical doom: the yard stands 37 levels up over 11b lateral - the walk ladder cannot climb)
F6 [F6] chest skip (vertical doom: the yard stands 37 levels up over 12b lateral - the walk ladder cannot climb)
F6 [F6] chest skip (vertical doom: the yard stands 37 levels up over 13b lateral - the walk ladder cannot climb)
F6 [F6] chest skip (vertical doom: the yard stands 37 levels up over 14b lateral - the walk ladder cannot climb)
F6 [F6] chest skip (vertical doom: the yard stands 37 levels up over 15b lateral - the walk ladder cannot climb)
F6 [F6] chest skip (vertical doom: the yard stands 37 levels up over 16b lateral - the walk ladder cannot climb)
F6 [F6] chest skip (vertical doom: the yard stands 37 levels up over 16b lateral - the walk ladder cannot climb)
F6 [F6] chest skip (vertical doom: the yard stands 37 levels up over 17b lateral - the walk ladder cannot climb)
F6 pre-position bank: 0 (no chest in range)
F6 final climb: the yard stands 37 levels up over 31b lateral - climbing toward the yard's level (the walk ladder cannot)
F8 pre-position: 65b from yard, t-43s - walking home
F4 tunnel: 0 blocks (branch mine at the floor, floor lock)
F8 [F8] climb bridge: placed cobblestone at [-181,65,432] (support) - the step re-judges
F8 climb out (pre-position): OK +2 levels (1 steps, 0 dug, 1s)
F8 bank: holding 12s of 42s for the smelt leg
F8 [F8] scan: no chest within 64b (bankable 65)
F8 bank: no chest in range (66 blocks from yard) - walking back
F8 yard approach: 66b beyond the 24b envelope (attempt 1)
t-41s alive=19/19 mined=2748 map=1405p/21ch banked=328 smelted=16 pocket=2748u/284s | sand=76 gravel=16 dirt=286 stone=1
   deficits: 157926/76 (0.0%) 149380/16 (0.0%) 31860/0 (0.0%) 27420/0 (0.0%) 10725/154 (1.4%)
   F1=163[cobblestone:56 diorite:22 andesite:20] | F2=122[cobblestone:72 raw_copper:25 coal:21] | F3=165[raw_copper:55 cobblestone:53 andesite:30] | F4=105[torch:8 oak_sapling:5 stick:2] | F5=200[cobblestone:129 raw_copper:57 stick:5] | F6=132[cobblestone:88 dirt:49 andesite:25] | F7=94[oak_log:5 stick:3 birch_sapling:2] | F8=204[cobblestone:103 dirt:34 leaf_litter:18] | F9=144[cobblestone:123 dirt:13 coal:13] | F10=109[cobblestone:44 raw_copper:31 granite:25] | F11=143[dirt:37 cobblestone:36 sand:16] | F12=168[cobblestone:62 raw_copper:35 dirt:33] | F13=143[oak_log:9 leaf_litter:9 sand:4] | F14=134[cobblestone:71 torch:24 gravel:16] | F15=144[oak_log:4 torch:4 stick:2] | F16=75[empty] | F17=135[cobblestone:57 dirt:34 torch:16] | F18=211[cobblestone:111 granite:25 diorite:22] | F19=157[raw_copper:59 cobblestone:57 andesite:32]
   mem: heap=115M/163M old=-1M ext=136M ab=133M rss=406M cols=1776 ents=3160 evicted=1563 path=6a/1q (max 6) stale=0
F11 [F11] craft torches: skip (no coal: sticks 3 coals 0)
F11 [F11] digShaft: water hazard 6.7b away (live 13) - refusing this column, the caller rotates
F11 tunnel: steering copper_ore @ 11.3b (axis z+, cross 3.5, ore detour)
F11 tunnel: 0 blocks (branch mine at the floor, steered, ore detour)
F11 bank trip: skipped (pockets full, 41s left < 150s - the end-phase owns the deadline banking)
F11 [F11] craft torches: skip (no coal: sticks 3 coals 0)
F11 [F11] digShaft: water hazard 6.7b away (live 13) - refusing this column, the caller rotates
F11 tunnel: steering copper_ore @ 11.3b (axis z+, cross 1.5, floor lock)
F11 tunnel: 0 blocks (branch mine at the floor, steered, floor lock)
F11 bank trip: skipped (pockets full, 40s left < 150s - the end-phase owns the deadline banking)
F16 reloot: no walk (unarmed) - the empty pocket bootstraps first, the read re-arms (a delay, not a verdict)
F16 [F16] craft torches: skip (no spare sticks: sticks 0 coals 0)
[hb] n=28 ts=561s rss=406M late=128ms mainLate=845ms
F4 [F4] craft torches: skip (no spare sticks: sticks 2 coals 0)
F18 [F18] approach: 2 segment(s) walked in 24.8s, goal now d=21.0 (inside the direct envelope)
F18 [F18] hop: chest at [-102,80,405] d=38 zero: chest unreachable (budget exhausted (walk floor))
F18 [F18] hop: chest at [-107,80,405] d=22 zero: chest unreachable (budget exhausted (walk floor))
F18 [F18] hop: chest at [-102,80,407] d=22 zero: chest unreachable (budget exhausted (walk floor))
F18 [F18] hop: chest at [-107,80,407] d=24 zero: chest unreachable (budget exhausted (walk floor))
F18 [F18] hop: chest at [-102,80,409] d=24 zero: chest unreachable (budget exhausted (walk floor))
F18 [F18] hop: chest at [-112,80,405] d=24 zero: chest unreachable (budget exhausted (walk floor))
F18 [F18] hop: chest at [-107,80,409] d=25 zero: chest unreachable (budget exhausted (walk floor))
F18 [F18] hop: chest at [-112,80,407] d=26 zero: chest unreachable (budget exhausted (walk floor))
F18 bank fallback: none (chest unreachable (budget exhausted (walk floor)))
F18 camp furnace: 13 near machine(s) beyond the 24b direct envelope (nearest d=23.5) - 1 inside the envelope keep the veto
F18 camp furnace: no build (machine near)
F19 yard approach: approach: the stall side-step (right) stalled too
F19 yard approach: approach: 1 segment(s) walked in 12.1s, goal now d=67.3 (still outside - a segment stalled (no position delta))
F16 [F16] water: air-bar glitch override - 8 consecutive critical-on-dry reads, believing the bar at [-121,80,395]
F16 [F16] water: drowning rescue start (drowning, oxygen 0)
F16 [F16] water: rescue complete in 0.0s
F16 [F16] water: dry-land proof (rescue saw no water in 0.0s) - the critical-on-dry streak restarts, the next glitch page waits 20s
F16 [F16] water: liar ladder ratchets - confirmed no-op glitch page #1, the next override needs 16 fresh critical-on-dry reads
F13 reloot: retry failed (reloot retry: timeout after 17859ms) - the drops stay lost
F2 [F2] vein sweep: the drop walk to [-97,40,394] failed - sweep drops: timeout after 4000ms (dy -2.0, range 2)
[F5] took 1 x copper_ingot (1/1)
[F5] furnace within reach - opening without a walk
F19 bank walk path event: path_stop (explicit)
F19 bank: yard walk attempt 1 failed: NoPath: No path to the goal!
F19 bank: yard walk failed (No path to the goal!) - smelting locally if a furnace is near
F19 camp furnace: build skipped - the leg clock (7s) cannot afford a 24s craft-planks build + the 5s put (4 log(s) in pocket - craft planks (largest same-type stack 3/4))
[F5] furnace within reach - opening without a walk
F19 yard seek: approach: 1 segment(s) walked in 0.0s, goal now d=67.0 (still outside - a segment stalled (no position delta))
[F19] yard seek: did not land - the empty scan stands
F19 smelt: 0 (raw_copper@blast_furnace/furnace: no machine in reach (blast_furnace/furnace within 48b); cobblestone@furnace: no machine in reach (furnace within 48b))
F19 iron commune: no yard chest in range
F19 fuel anchor scan returned empty (attempt 1/2) at [-78,42,383] yard d=67 - the palette empty-return class, re-querying
F19 fuel anchor scan returned empty (attempt 2/2) at [-78,42,383] yard d=67
F19 fuel anchor scan empty x2 - the singular probe found nothing either
F19 fuel anchor: 0 delivered (no anchor chest) - the legacy scatter carries the tithe
F19 [F19] scan: no chest within 64b (bankable 177)
F19 pre-position bank: 0 (no chest in range)
F17 [F17] water: drowning rescue start (drowning, oxygen 13)
F17 [F17] water: pass 0 head=wet shore=none land=n/a y=41.0 o2=13 probes=0 at=[-121,41,388]
F11 [F11] craft torches: skip (no coal: sticks 3 coals 0)
[F5] furnace within reach - opening without a walk
F1 [F1] craft stick: variant#2 attempt1 failed: craft stick: timeout after 7000ms
F1 [F1] [tools] closing stale craft window (minecraft:inventory) - grid recovery
F17 [F17] water: rescue complete in 3.2s
F17 [F17] water: hazard memorized at [-121,43,388] (12 live, fleet-wide)
F16 [F16] water: air-bar glitch ignored (oxygen 0 on dry land at [-115,80,401], 28 total)
F9 [F9] vein sweep: +10u walked from the drops (14 dug)
F9 [F9] vein sweep: 5 above-plane walk(s) timed out on the wide goal (range 2) - the ledge family (the v0.189.0 class, the triage names it)
F9 [F9] vein sweep: 2 deep drop(s) skipped (dy < -2 - the lip sphere cannot reach, the walk was a guaranteed spiral)
F9 vein sweep: 14 ores dug beside the gallery (ore detour)
F9 bank trip: skipped (pockets full, 33s left < 150s - the end-phase owns the deadline banking)
F9 pre-position: 52b from yard, t-33s - walking home
F11 [F11] digShaft: water table y=56 (region strike) - stopping above the aquifer, the tunnel owns this level (regions 2)
F11 bank trip: skipped (pockets full, 33s left < 150s - the end-phase owns the deadline banking)
F7 [F7] craft torches: skip (no coal: sticks 3 coals 0)
F12 climb out (pre-position): OK +5 levels (4 steps, 10 dug, 19s)
F12 bank: holding 3s of 33s for the smelt leg
F2 [F2] vein sweep: +3u walked from the drops (9 dug)
F2 [F2] vein sweep: 2 below-plane walk(s) still failed on the wide goal (range 2) - the drop rests deeper than the lip
F2 [F2] vein sweep: 4 deep drop(s) skipped (dy < -2 - the lip sphere cannot reach, the walk was a guaranteed spiral)
F2 vein sweep: 9 ores dug beside the gallery (ore detour)
F2 bank trip: skipped (pockets full, 32s left < 150s - the end-phase owns the deadline banking)
F2 tool upgrade due: worn (left=5/131) -> stone_pickaxe
F2 [toolupgrade] craft crafting_table: no craftable recipe variant (ingredients missing?)
F9 [F9] climb bridge: placed cobblestone at [-154,43,421] (support) - the step re-judges
[F5] furnace within reach - opening without a walk
F11 [F11] craft torches: skip (no coal: sticks 3 coals 0)
F2 [toolupgrade] plank rung: converted 1->4 same-type planks (need 4, from birch_log)
F16 tunnel: 0 blocks (branch mine at the floor, floor lock)
F2 [toolupgrade] spare table: crafted
F7 [F7] craft torches: skip (no coal: sticks 3 coals 0)
[F18] walk nudge: approach: 1 segment(s) walked in 6.5s, goal now d=18.5 (inside the direct envelope)
[F18] walk nudge: inside the direct envelope
F1 [F1] craft stick: all 1 variant(s) failed, last: craft stick: timeout after 7000ms
F1 [F1] craft torches: skip (no spare sticks: sticks 2 coals 11)
F16 reloot: no walk (unarmed) - the empty pocket bootstraps first, the read re-arms (a delay, not a verdict)
F16 [F16] craft torches: skip (no spare sticks: sticks 0 coals 0)
F4 tunnel: 0 blocks (branch mine at the floor, ore detour)
F4 [F4] craft torches: skip (no spare sticks: sticks 2 coals 0)
F18 smelt: 0 (raw_copper@blast_furnace: machine unreachable (visit budget spent (walk slice)))
F18 iron commune: iron commune: path nudge approach: 1 segment(s) walked in 0.6s, goal now d=16.0 (inside the direct envelope)
F18 iron commune: iron commune: path nudge inside the direct envelope
F11 [F11] digShaft: water hazard 4.6b away (live 12) - refusing this column, the caller rotates
F11 tunnel: steering coal_ore @ 6.9b (axis z+, cross 0.6423437105653704, ore detour)
F2 [toolupgrade] stone_pickaxe: crafted (worn (left=5/131))
F2 tool upgrade: OK -> stone_pickaxe (worn (left=5/131))
F2 [F2] craft torches: stick-dry with logs held - one plank conversion first
F13 [F13] water: drowning rescue start (drowning, oxygen 14)
F13 [F13] water: pass 0 head=wet shore=none land=n/a y=61.3 o2=14 probes=0 at=[-141,61,393]
t-25s alive=19/19 mined=2788 map=1423p/21ch banked=328 smelted=16 pocket=2800u/286s | sand=84 gravel=16 dirt=288 stone=1
   deficits: 157926/84 (0.1%) 149380/16 (0.0%) 31860/0 (0.0%) 27420/0 (0.0%) 10725/160 (1.5%)
   F1=163[cobblestone:56 diorite:22 andesite:20] | F2=122[cobblestone:71 raw_copper:25 coal:22] | F3=165[raw_copper:55 cobblestone:53 andesite:30] | F4=105[torch:8 oak_sapling:5 stick:2] | F5=200[cobblestone:129 raw_copper:56 copper_ingot:5] | F6=144[cobblestone:96 dirt:50 andesite:29] | F7=94[oak_log:5 stick:3 birch_sapling:2] | F8=204[cobblestone:103 dirt:34 leaf_litter:18] | F9=147[cobblestone:127 coal:16 dirt:13] | F10=109[cobblestone:44 raw_copper:31 granite:25] | F11=155[dirt:37 cobblestone:36 sand:17] | F12=170[cobblestone:62 raw_copper:35 dirt:33] | F13=143[oak_log:9 leaf_litter:9 sand:5] | F14=134[cobblestone:71 torch:24 gravel:16] | F15=144[oak_log:4 torch:4 stick:2] | F16=75[empty] | F17=141[cobblestone:60 dirt:34 torch:16] | F18=211[cobblestone:111 granite:25 diorite:22] | F19=162[cobblestone:61 raw_copper:59 andesite:32]
   mem: heap=117M/161M old=-1M ext=136M ab=134M rss=404M cols=1686 ents=2841 evicted=1518 path=6a/1q (max 6) stale=0
F18 iron commune: iron commune: the nudge retry landed
F1 retry #1 in 3.0s (Timeout waiting for 4 ticks after 5200ms)
F2 [F2] craft torches: stick-dry but 5 planks held - one stick batch first
F13 [F13] water: pass 3 head=dry shore=hit r=1 land=none y=62.6 o2=19 probes=0 at=[-141,63,393]
F2 [F2] craft torches: 2 batch(es) -> 8 torches (sticks 0 coals 22, the metal reserve keeps 4)
F15 [F15] craft torches: stick-dry with logs held - one plank conversion first
F4 tunnel: 0 blocks (branch mine at the floor, floor lock)
F4 tunnel: 0 blocks x3 - sealed or flooded, cooling down 15s
F2 tunnel: steering coal_ore @ 2.4b (axis z+, cross 0.6415040231005804, floor lock)
F7 tunnel: 0 blocks (branch mine at the floor, floor lock)
F11 tunnel: 2 blocks (branch mine at the floor, steered, ore detour)
F11 bank trip: skipped (pockets full, 21s left < 150s - the end-phase owns the deadline banking)
F15 [F15] craft torches: stick-dry but 9 planks held - one stick batch first
F11 [F11] craft torches: skip (no coal: sticks 3 coals 0)
F11 [F11] digShaft: water hazard 4.9b away (live 12) - refusing this column, the caller rotates
F11 tunnel: steering coal_ore @ 7.3b (axis z+, cross 0.30000000000001137, ore detour)
F10 [F10] craft torches: the metal fuel reserve holds all 1 coal for the furnace (37 raw metal held)
F10 [F10] digShaft: water hazard 5.6b away (live 12) - refusing this column, the caller rotates
F10 tunnel: steering iron_ore @ 12.3b (axis z+, cross 3.6999999999999886, ore detour)
F13 [F13] water: pass 8 head=dry shore=hit r=1 land=none y=63.4 o2=20 probes=0 at=[-139,63,393]
F15 [F15] craft torches: skip (no coal: sticks 6 coals 0)
F15 [F15] craft torches: skip (no coal: sticks 6 coals 0)
F15 tunnel: steering iron_ore @ 9.2b (axis x--1, cross 0.6999999999999886, floor lock)
F7 [F7] craft torches: skip (no coal: sticks 3 coals 0)
F1 [F1] craft torches: stick-dry but 11 planks held - one stick batch first
F1 [F1] craft torches: 3 batch(es) -> 12 torches (sticks 2 coals 11, the metal reserve keeps 1)
[hb] n=29 ts=581s rss=405M late=133ms mainLate=1205ms
F16 tunnel: 0 blocks (branch mine at the floor, ore detour)
F16 tunnel: 0 blocks x3 - sealed or flooded, cooling down 15s
F17 [F17] water: drowning rescue start (drowning, oxygen 17)
F17 [F17] water: pass 0 head=wet shore=none land=n/a y=41.0 o2=17 probes=0 at=[-128,41,387]
F11 tunnel: 0 blocks (branch mine at the floor, steered, ore detour)
F11 bank trip: skipped (pockets full, 19s left < 150s - the end-phase owns the deadline banking)
F11 [F11] craft torches: skip (no coal: sticks 3 coals 0)
F11 [F11] digShaft: water hazard 4.9b away (live 12) - refusing this column, the caller rotates
F11 tunnel: steering coal_ore @ 7.3b (axis z+, cross 0.6999999999999886, floor lock)
F2 tunnel: 2 blocks (branch mine at the floor, steered, floor lock)
F1 tunnel: steering coal_ore @ 7.6b (axis z--1, cross 3.700000000000003, ore detour)
F7 [F7] craft torches: skip (no coal: sticks 3 coals 0)
F7 tunnel: 0 blocks (branch mine at the floor, floor lock)
F13 [F13] water: pass 13 head=dry shore=hit r=1 land=none y=63.4 o2=20 probes=0 at=[-139,63,395]
F7 [F7] craft torches: skip (no coal: sticks 3 coals 0)
F7 [F7] craft torches: skip (no coal: sticks 3 coals 0)
F11 tunnel: 0 blocks (branch mine at the floor, steered, floor lock)
F11 bank trip: skipped (pockets full, 18s left < 150s - the end-phase owns the deadline banking)
F11 [F11] craft torches: skip (no coal: sticks 3 coals 0)
F11 [F11] digShaft: water hazard 4.9b away (live 12) - refusing this column, the caller rotates
F11 tunnel: steering coal_ore @ 7.4b (axis z+, cross 1.3000000000000114, ore detour)
F17 [F17] water: pass 10 head=dry shore=hit r=1 land=none y=42.2 o2=20 probes=0 at=[-128,42,387]
F17 [F17] water: frozen physics (10 flat passes at y=42.2, o2=20) - standing down, the reconnect lane owns this
F17 [F17] water: rescue standing down (frozen physics - the walk gate reopens, the reconnect lane owns a dead client) in 2.2s
F17 [F17] water: hazard memorized at [-128,42,387] (10 live, fleet-wide)
F10 tunnel: 4 blocks (branch mine at the floor, steered, ore detour)
F10 bank trip: skipped (pockets full, 17s left < 150s - the end-phase owns the deadline banking)
F10 [F10] craft torches: the metal fuel reserve holds all 1 coal for the furnace (37 raw metal held)
F10 [F10] digShaft: water hazard 7.1b away (live 10) - refusing this column, the caller rotates
F10 tunnel: steering iron_ore @ 12.5b (axis z+, cross 3.6999999999999886, floor lock)
F11 tunnel: 0 blocks (branch mine at the floor, steered, ore detour)
F11 tunnel: 0 blocks x3 - sealed or flooded, cooling down 15s
F8 yard approach: approach: 2 segment(s) walked in 24.7s, goal now d=30.4 (still outside - the approach clock is spent)
F8 bank: end-bank budget spent - yard walk cancelled
F8 end-bank budget spent - smelt skipped
F17 [F17] water: drowning rescue start (drowning, oxygen 20)
F17 [F17] water: pass 0 head=wet shore=none land=n/a y=41.0 o2=20 probes=0 at=[-128,41,387]
F15 tunnel: 4 blocks (branch mine at the floor, steered, floor lock)
F13 [F13] water: pass 21 head=dry shore=hit r=1 land=none y=63.1 o2=20 probes=0 at=[-140,63,396]
F10 tunnel: 0 blocks (branch mine at the floor, steered, floor lock)
F10 bank trip: skipped (pockets full, 16s left < 150s - the end-phase owns the deadline banking)
F15 [F15] vein sweep: 2 drop(s) in reach (1 dug)
F7 tunnel: 0 blocks (branch mine at the floor, floor lock)
F7 tunnel: 0 blocks x3 - sealed or flooded, cooling down 15s
[F5] walk nudge: approach: 1 segment(s) walked in 15.1s, goal now d=12.1 (inside the direct envelope)
[F5] walk nudge: inside the direct envelope
F17 [F17] water: pass 7 head=dry shore=hit r=1 land=none y=42.2 o2=20 probes=0 at=[-127,42,387]
F18 iron commune: open failed (open commune chest: timeout after 10000ms)
F18 iron commune: budget spent (0/3 units)
F18 [F18] chest skip (doomed goal cached 14s ago at [-121,80,389])
F13 [F13] water: pass 26 head=dry shore=hit r=1 land=none y=65.2 o2=20 probes=0 at=[-138,65,397]
F15 [F15] vein sweep: +2u walked from the drops (1 dug)
F15 [F15] vein sweep: 1 deep drop(s) skipped (dy < -2 - the lip sphere cannot reach, the walk was a guaranteed spiral)
F15 vein sweep: 1 ores dug beside the gallery (floor lock)
F17 [F17] water: rescue complete in 4.1s
F17 [F17] water: hazard memorized at [-128,42,387] (9 live, fleet-wide)
F2 [F2] vein sweep: 7 drop(s) in reach (9 dug)
F1 [F1] water: drowning rescue start (drowning, oxygen 15)
F1 [F1] water: pass 0 head=wet shore=none land=n/a y=41.0 o2=15 probes=0 at=[-127,41,387]
F13 [F13] water: pass 31 head=dry shore=hit r=1 land=none y=64.8 o2=20 probes=0 at=[-140,65,397]
F2 [F2] vein sweep: the drop walk to [-106,43,401] failed - spin breaker: sweep drops re-issued 2x inside the 10s window after its own pf:done - sweep drops refused for 30s (the sync re-issue breaker: the goal->done->goal churn starves the timers, the run53 alloc-storm class) (dy 0.0, range 1)
F2 [F2] vein sweep: the drop walk to [-105,44,401] failed - spin breaker: sweep drops re-issued 2x inside the 10s window after its own pf:done - sweep drops refused for 30s (the sync re-issue breaker: the goal->done->goal churn starves the timers, the run53 alloc-storm class, hold live) (dy 1.0, range 2)
F17 tunnel: 13 blocks (branch mine at the floor, steered, ore detour)
F17 bank trip: skipped (pockets full, 10s left < 150s - the end-phase owns the deadline banking)
F2 [F2] vein sweep: +6u walked from the drops (9 dug)
F2 [F2] vein sweep: 2 above-plane walk(s) timed out on the wide goal (range 2) - the ledge family (the v0.189.0 class, the triage names it)
F2 vein sweep: 9 ores dug beside the gallery (floor lock)
F2 bank trip: skipped (pockets full, 10s left < 150s - the end-phase owns the deadline banking)
t-10s alive=19/19 mined=2871 map=1452p/21ch banked=328 smelted=16 pocket=2926u/293s | sand=85 gravel=16 dirt=294 stone=1
   deficits: 157926/85 (0.1%) 149380/16 (0.0%) 31860/0 (0.0%) 27420/0 (0.0%) 10725/162 (1.5%)
   F1=166[cobblestone:56 torch:24 diorite:23] | F2=133[cobblestone:74 coal:26 raw_copper:25] | F3=165[raw_copper:55 cobblestone:53 andesite:30] | F4=105[torch:8 oak_sapling:5 stick:2] | F5=200[cobblestone:129 raw_copper:56 copper_ingot:5] | F6=165[cobblestone:117 dirt:50 andesite:29] | F7=94[oak_log:5 stick:3 birch_sapling:2] | F8=204[cobblestone:103 dirt:34 leaf_litter:18] | F9=166[cobblestone:147 coal:16 dirt:13] | F10=113[cobblestone:44 raw_copper:31 granite:25] | F11=156[dirt:37 cobblestone:36 sand:17] | F12=170[cobblestone:62 raw_copper:35 dirt:33] | F13=143[oak_log:9 leaf_litter:9 sand:6] | F14=134[cobblestone:71 torch:24 gravel:16] | F15=149[cobblestone:8 oak_planks:6 stick:6] | F16=75[empty] | F17=147[cobblestone:60 dirt:34 diorite:20] | F18=211[cobblestone:111 granite:25 diorite:22] | F19=175[cobblestone:72 raw_copper:59 andesite:32]
   mem: heap=125M/163M old=-1M ext=144M ab=141M rss=405M cols=1694 ents=2942 evicted=1507 path=4a/0q (max 6) stale=0
F5 smelted 5 (copper_ingot:5) rescued=0
F1 [F1] water: pass 4 head=dry shore=hit r=1 land=none y=42.2 o2=20 probes=0 at=[-127,42,387]
F13 [F13] water: pass 34 head=dry shore=hit r=1 land=none y=64.8 o2=20 probes=0 at=[-138,65,397]
F17 tool upgrade due: cobble available -> stone_pickaxe
F17 [toolupgrade] [upgrade] craft crafting_table: no craftable recipe variant (ingredients missing?)
F17 tool upgrade: failed -> none (no table material)
F17 spare pick due: spare (cobble available)
F17 spare pick: no table reachable or placeable
F17 sword due: cobble available
F17 sword: no table reachable or placeable
F17 sword: failed (no table)
F17 [F17] craft torches: 2 batch(es) -> 8 torches (sticks 6 coals 7)
F1 [F1] water: rescue complete in 4.4s
F1 [F1] water: frozen-return gate clears - the rescue completed with living physics
F1 [F1] water: hazard memorized at [-128,42,387] (10 live, fleet-wide)
F16 [F16] water: air-bar glitch override - 16 consecutive critical-on-dry reads, believing the bar at [-124,80,403]
F16 [F16] water: drowning rescue start (drowning, oxygen 0)
F16 [F16] water: rescue complete in 0.0s
F16 [F16] water: dry-land proof (rescue saw no water in 0.0s) - the critical-on-dry streak restarts, the next glitch page waits 20s
F16 [F16] water: liar ladder ratchets - confirmed no-op glitch page #2, the next override needs 24 fresh critical-on-dry reads
F8 [F8] raw hop failed: raw walk: no net progress for 8706ms (best d=16.0) - pathfinder retry
F13 [F13] water: pass 35 head=dry shore=hit r=1 land=none y=65.2 o2=20 probes=0 at=[-138,65,397]
F18 [F18] raw hop failed: raw walk: no net progress for 8493ms (best d=16.0) - pathfinder retry
F12 [F12] approach: 3 segment(s) walked in 28.2s, goal now d=30.2 (still outside - the approach clock is spent)
F12 [F12] hop: chest at [-142,80,413] d=30 zero: chest unreachable (budget exhausted (walk floor))
F12 [F12] hop: chest at [-142,80,415] d=30 zero: chest unreachable (budget exhausted (walk floor))
F12 [F12] hop: chest at [-142,80,411] d=30 zero: chest unreachable (budget exhausted (walk floor))
F12 [F12] hop: chest at [-142,80,409] d=31 zero: chest unreachable (budget exhausted (walk floor))
F12 [F12] hop: chest at [-142,80,407] d=31 zero: chest unreachable (budget exhausted (walk floor))
F12 [F12] hop: chest at [-142,80,405] d=32 zero: chest unreachable (budget exhausted (walk floor))
F12 [F12] hop: chest at [-137,80,413] d=34 zero: chest unreachable (budget exhausted (walk floor))
F12 [F12] hop: chest at [-137,80,415] d=34 zero: chest unreachable (budget exhausted (walk floor))
F12 bank fallback: none (chest unreachable (budget exhausted (walk floor)))
F12 end-bank budget spent - smelt skipped
F12 [F12] hop: chest at [-142,80,413] d=30 zero: chest unreachable (budget exhausted (walk floor))
F12 [F12] hop: chest at [-142,80,415] d=30 zero: chest unreachable (budget exhausted (walk floor))
F12 [F12] hop: chest at [-142,80,411] d=30 zero: chest unreachable (budget exhausted (walk floor))
F12 [F12] hop: chest at [-142,80,409] d=31 zero: chest unreachable (budget exhausted (walk floor))
F12 [F12] hop: chest at [-142,80,407] d=31 zero: chest unreachable (budget exhausted (walk floor))
F12 [F12] hop: chest at [-142,80,405] d=32 zero: chest unreachable (budget exhausted (walk floor))
F12 [F12] hop: chest at [-137,80,413] d=34 zero: chest unreachable (budget exhausted (walk floor))
F12 [F12] hop: chest at [-137,80,415] d=34 zero: chest unreachable (budget exhausted (walk floor))
F12 pre-position bank: 0 (chest unreachable (budget exhausted (walk floor)))
F16 reloot: no walk (unarmed) - the empty pocket bootstraps first, the read re-arms (a delay, not a verdict)
F16 [F16] craft torches: skip (no spare sticks: sticks 0 coals 0)
F16 [F16] water: air-bar glitch ignored (oxygen 0 on dry land at [-124,80,403], 61 total)
F17 tunnel: steering coal_ore @ 7.2b (axis x+, cross 3.519299445039394, ore detour)
F11 bank trip: skipped (pockets full, 1s left < 150s - the end-phase owns the deadline banking)
F11 [F11] craft torches: skip (no coal: sticks 3 coals 0)
F13 [F13] water: pass 37 head=dry shore=hit r=1 land=none y=65.2 o2=20 probes=0 at=[-140,65,397]
F13 final bank: staggered +88s
F13 [F13] water: rescue complete in 25.3s
F13 [F13] water: hazard memorized at [-143,62,395] (10 live, fleet-wide)
F14 final bank: staggered +72s
[hb] n=30 ts=601s rss=405M late=138ms mainLate=1100ms
F11 final bank: staggered +48s
F3 tunnel: steering iron_ore @ 13.4b (axis z--1, cross 2.229973335891941, ore detour)
F3 tunnel: 0 blocks (branch mine at the floor, steered, ore detour)
F3 final bank: staggered +88s
F17 tunnel: 0 blocks (branch mine at the floor, steered, ore detour)
F17 final bank: staggered +64s
[worldmap] autosave: merged 66 from disk, 1520 positions on file
F1 tunnel: 6 blocks (branch mine at the floor, steered, ore detour)
F1 final bank: staggered +64s
F2 final bank: staggered +56s
F12 final climb: OK +5 levels (3 steps, 1 dug, 7s)
F12 bank: holding 46s of 185s for the smelt leg
F9 climb out (pre-position): failed - stopped
F9 final bank: staggered +40s
F16 tunnel: 0 blocks (branch mine at the floor, floor lock)
t-0s alive=19/19 mined=2900 map=1520p/21ch banked=328 smelted=21 pocket=2966u/295s | sand=86 gravel=16 dirt=290 stone=1
   deficits: 157926/86 (0.1%) 149380/16 (0.0%) 31860/0 (0.0%) 27420/0 (0.0%) 10725/162 (1.5%)
   F1=169[cobblestone:56 diorite:26 torch:24] | F2=133[cobblestone:74 coal:26 raw_copper:25] | F3=165[raw_copper:55 cobblestone:53 andesite:30] | F4=105[torch:8 oak_sapling:5 stick:2] | F5=200[cobblestone:129 raw_copper:56 copper_ingot:5] | F6=174[cobblestone:121 dirt:50 andesite:29] | F7=94[oak_log:5 stick:3 birch_sapling:2] | F8=204[cobblestone:103 dirt:29 leaf_litter:19] | F9=174[cobblestone:150 coal:16 dirt:13] | F10=113[cobblestone:44 raw_copper:31 granite:25] | F11=157[dirt:37 cobblestone:36 sand:17] | F12=171[cobblestone:62 raw_copper:35 dirt:33] | F13=143[oak_log:9 leaf_litter:9 sand:6] | F14=134[cobblestone:71 torch:24 gravel:16] | F15=149[cobblestone:8 oak_planks:6 stick:6] | F16=75[empty] | F17=147[cobblestone:60 dirt:34 torch:23] | F18=211[cobblestone:111 granite:25 diorite:22] | F19=182[cobblestone:79 raw_copper:59 andesite:32]
   mem: heap=125M/165M old=-1M ext=143M ab=140M rss=404M cols=490 ents=838 evicted=532 path=5a/0q (max 6) stale=0
F17 [F17] water: drowning rescue start (drowning, oxygen 17)
F17 [F17] water: pass 0 head=wet shore=none land=n/a y=41.0 o2=17 probes=0 at=[-127,41,387]
F5 iron commune: chest walk failed (iron commune walk @-117,405: timeout after 14989ms)
F5 iron commune: budget spent (0/3 units)
F18 [F18] hop: chest at [-123,80,389] d=16 zero: chest unreachable (Took to long to decide path to goal!)
F18 pre-position bank: 0 (budget exhausted)
F18 final bank: staggered +80s
F10 final bank: staggered +56s
F17 [F17] water: rescue complete in 1.2s
F17 [F17] water: hazard memorized at [-128,42,387] (11 live, fleet-wide)
F15 final bank: staggered +64s
F8 [F8] direct deposit: 27 chest slots derived from the 63-slot view
F8 [F8] banked 173 items at (-142, 80, 411) (direct=8 fallback=0 mirror=true kept: raw_iron, oak_planks, stick, torch)
F8 pre-position bank: +173
F8 final bank: staggered +88s
F19 [F19] climb diag: level at y=54 blocked toward 1,0 (dug=31, wet) at [0,2,0] water (stop)
F19 [F19] climb diag: level at y=54 blocked toward 0,1 (dug=31, wet) at [0,2,0] water (stop)
F19 [F19] climb diag: level at y=54 blocked toward -1,0 (dug=31, wet) at [0,2,0] water (stop)
F19 final climb: retry (escalated retry after stalled, 160s fence)
F19 [F19] climb diag: level at y=54 blocked toward 1,0 (dug=0, wet) at [0,2,0] water (stop)
F19 [F19] climb diag: level at y=54 blocked toward 0,1 (dug=0, wet) at [0,2,0] water (stop)
F19 [F19] climb diag: level at y=54 blocked toward -1,0 (dug=0, wet) at [0,2,0] water (stop)
F19 final climb: failed - stalled
F19 final bank: 0 (still underground after 2 climb attempts - the chain from the shaft bottom is doomed walks)
F5 [F5] raw hop failed: raw walk: no net progress for 8219ms (best d=10.8) - pathfinder retry
F19 [F19] water: drowning rescue start (drowning, oxygen 11)
F19 [F19] water: pass 0 head=wet shore=none land=n/a y=54.0 o2=11 probes=0 at=[-66,54,384]
F5 [F5] direct deposit: 27 chest slots derived from the 63-slot view
F5 [F5] direct deposit: 27 chest slots derived from the 63-slot view
F5 bank: +242
F19 [F19] water: pass 13 head=dry shore=hit r=7 land=none y=62.1 o2=18 probes=0 at=[-69,62,382]
[hb] n=31 ts=621s rss=406M late=142ms mainLate=2948ms
t-0s alive=19/19 mined=2927 map=1520p/21ch banked=743 smelted=21 pocket=2659u/283s | sand=71 gravel=16 dirt=272 stone=1
   deficits: 157926/71 (0.0%) 149380/16 (0.0%) 31860/0 (0.0%) 27420/0 (0.0%) 10725/162 (1.5%)
   F1=169[cobblestone:56 diorite:26 torch:24] | F2=133[cobblestone:74 coal:26 raw_copper:25] | F3=165[raw_copper:55 cobblestone:53 andesite:30] | F4=105[torch:8 oak_sapling:5 stick:2] | F5=200[stick:4 birch_log:2 birch_planks:1] | F6=195[cobblestone:132 dirt:60 andesite:29] | F7=94[oak_log:5 stick:3 birch_sapling:2] | F8=204[cobblestone:39 torch:16 oak_planks:9] | F9=174[cobblestone:150 coal:16 dirt:13] | F10=113[cobblestone:44 raw_copper:31 granite:25] | F11=157[dirt:37 cobblestone:36 sand:17] | F12=171[cobblestone:62 raw_copper:35 dirt:33] | F13=143[oak_log:9 leaf_litter:9 sand:6] | F14=134[cobblestone:71 torch:24 gravel:16] | F15=149[cobblestone:8 oak_planks:6 stick:6] | F16=75[empty] | F17=147[cobblestone:60 dirt:34 torch:23] | F18=211[cobblestone:111 granite:25 diorite:22] | F19=188[cobblestone:82 raw_copper:59 andesite:32]
   mem: heap=122M/164M old=-1M ext=142M ab=140M rss=406M cols=0 ents=0 evicted=0 path=1a/0q (max 6) stale=0
F19 [F19] water: pass 28 head=dry shore=hit r=1 land=none y=65.2 o2=20 probes=0 at=[-80,65,377]
F6 [F6] climb rise assist: assist did not complete (goto: climb rise assist: timeout after 4500ms)
F6 [F6] climb run-up: gallery opened toward 0,-1 (digs 1) - the rise re-judges from the L-mouth
F6 [F6] climb diag: level at y=66 did not rise (food=20, dug=67) feet=air support=air step=air head=air
F19 [F19] water: pass 36 head=dry shore=hit r=1 land=none y=63.8 o2=20 probes=0 at=[-79,64,378]
F6 [F6] climb bridge: unavailable (no solid floor underfoot)
F6 [F6] climb diag: level at y=67 blocked toward 1,0 (dug=68)
F6 [F6] climb bridge: unavailable (no solid floor underfoot)
F6 [F6] climb diag: level at y=67 blocked toward 0,1 (dug=68)
F19 [F19] water: rescue complete in 7.0s
F19 [F19] water: hazard memorized at [-75,62,378] (11 live, fleet-wide)
F6 final climb: retry (escalated retry after stalled, 134s fence)
F6 [F6] climb bridge: unavailable (no solid floor underfoot)
F6 [F6] climb diag: level at y=67 blocked toward 0,-1 (dug=0)
F6 [F6] climb bridge: unavailable (no solid floor underfoot)
F6 [F6] climb diag: level at y=67 blocked toward 1,0 (dug=0)
F6 [F6] climb bridge: unavailable (no solid floor underfoot)
F6 [F6] climb diag: level at y=67 blocked toward 0,1 (dug=0)
F6 final climb: failed - stalled
F6 final bank: 0 (still underground after 2 climb attempts - the chain from the shaft bottom is doomed walks)
F16 [F16] water: air-bar glitch override - 24 consecutive critical-on-dry reads, believing the bar at [-122,80,403]
F16 [F16] water: drowning rescue start (drowning, oxygen 0)
F16 [F16] water: rescue complete in 0.0s
F16 [F16] water: dry-land proof (rescue saw no water in 0.0s) - the critical-on-dry streak restarts, the next glitch page waits 20s
F16 [F16] water: liar ladder ratchets - confirmed no-op glitch page #3, the next override needs 32 fresh critical-on-dry reads
F16 [F16] water: air-bar glitch ignored (oxygen 0 on dry land at [-122,80,403], 103 total)
F12 [F12] approach: the stall side-step (right) moved the start (d now 29.7)
t-0s alive=19/19 mined=2929 map=1520p/21ch banked=743 smelted=21 pocket=2664u/283s | sand=71 gravel=16 dirt=274 stone=1
   deficits: 157926/71 (0.0%) 149380/16 (0.0%) 31860/0 (0.0%) 27420/0 (0.0%) 10725/162 (1.5%)
   F1=169[cobblestone:56 diorite:26 torch:24] | F2=133[cobblestone:74 coal:26 raw_copper:25] | F3=165[raw_copper:55 cobblestone:53 andesite:30] | F4=105[torch:8 oak_sapling:5 stick:2] | F5=200[stick:4 birch_log:2 birch_planks:1] | F6=197[cobblestone:132 dirt:62 andesite:29] | F7=94[oak_log:5 stick:3 birch_sapling:2] | F8=204[cobblestone:39 torch:16 oak_planks:9] | F9=174[cobblestone:150 coal:16 dirt:13] | F10=113[cobblestone:44 raw_copper:31 granite:25] | F11=157[dirt:37 cobblestone:36 sand:17] | F12=171[cobblestone:62 raw_copper:35 dirt:33] | F13=143[oak_log:9 leaf_litter:9 sand:6] | F14=134[cobblestone:71 torch:24 gravel:16] | F15=149[cobblestone:8 oak_planks:6 stick:6] | F16=75[empty] | F17=147[cobblestone:60 dirt:34 torch:23] | F18=211[cobblestone:111 granite:25 diorite:22] | F19=188[cobblestone:82 raw_copper:59 andesite:32]
   mem: heap=127M/164M old=-1M ext=143M ab=141M rss=410M cols=0 ents=0 evicted=0 path=0a/0q (max 6) stale=0
[hb] n=32 ts=641s rss=410M late=148ms mainLate=892ms
F12 [F12] approach: the stall side-step (left) moved the start (d now 30.0)
F11 final climb: OK +0 levels (0 steps, 0 dug, undefineds)
F11 bank: smelt hold skipped - no fuel in pocket (coal 0)
F11 [F11] chest skip (vertical doom: the yard stands 29 levels up over 14b lateral - the walk ladder cannot climb)
F11 [F11] chest skip (vertical doom: the yard stands 29 levels up over 14b lateral - the walk ladder cannot climb)
F11 [F11] chest skip (vertical doom: the yard stands 29 levels up over 15b lateral - the walk ladder cannot climb)
F11 [F11] chest skip (vertical doom: the yard stands 29 levels up over 16b lateral - the walk ladder cannot climb)
F11 [F11] chest skip (vertical doom: the yard stands 29 levels up over 17b lateral - the walk ladder cannot climb)
F11 [F11] chest skip (vertical doom: the yard stands 29 levels up over 19b lateral - the walk ladder cannot climb)
F11 [F11] chest skip (vertical doom: the yard stands 29 levels up over 19b lateral - the walk ladder cannot climb)
F11 [F11] chest skip (vertical doom: the yard stands 29 levels up over 20b lateral - the walk ladder cannot climb)
F11 bank: no chest in range (46 blocks from yard) - walking back
F11 yard approach: 46b beyond the 24b envelope (attempt 1)
t-0s alive=19/19 mined=2938 map=1520p/21ch banked=743 smelted=21 pocket=2672u/284s | sand=71 gravel=16 dirt=274 stone=1
   deficits: 157926/71 (0.0%) 149380/16 (0.0%) 31860/0 (0.0%) 27420/0 (0.0%) 10725/162 (1.5%)
   F1=169[cobblestone:56 diorite:26 torch:24] | F2=133[cobblestone:74 coal:26 raw_copper:25] | F3=165[raw_copper:55 cobblestone:53 andesite:30] | F4=105[torch:8 oak_sapling:5 stick:2] | F5=200[stick:4 birch_log:2 birch_planks:1] | F6=197[cobblestone:132 dirt:62 andesite:29] | F7=94[oak_log:5 stick:3 birch_sapling:2] | F8=204[cobblestone:39 torch:16 oak_planks:9] | F9=183[cobblestone:150 coal:16 dirt:13] | F10=113[cobblestone:44 raw_copper:31 granite:25] | F11=157[dirt:37 cobblestone:36 sand:17] | F12=171[cobblestone:62 raw_copper:35 dirt:33] | F13=143[oak_log:9 leaf_litter:9 sand:6] | F14=134[cobblestone:71 torch:24 gravel:16] | F15=149[cobblestone:8 oak_planks:6 stick:6] | F16=75[empty] | F17=147[cobblestone:60 dirt:34 torch:23] | F18=211[cobblestone:111 granite:25 diorite:22] | F19=188[cobblestone:82 raw_copper:59 andesite:32]
   mem: heap=126M/164M old=-1M ext=143M ab=140M rss=405M cols=0 ents=0 evicted=0 path=0a/0q (max 6) stale=0
F2 final climb: the yard stands 38 levels up over 18b lateral - climbing toward the yard's level (the walk ladder cannot)
[hb] n=33 ts=661s rss=410M late=153ms mainLate=67ms
F16 [F16] water: air-bar glitch ignored (oxygen 0 on dry land at [-122,80,403], 153 total)
F10 [F10] climb bridge: placed cobblestone at [-156,59,403] (support) - the step re-judges
F17 final climb: the yard stands 38 levels up over 11b lateral - climbing toward the yard's level (the walk ladder cannot)
F3 [F3] combat: fighting zombie (dist 4.5, hp 20.0, 1 nearby, proximity)
F1 final climb: the yard stands 38 levels up over 5b lateral - climbing toward the yard's level (the walk ladder cannot)
t-0s alive=19/19 mined=2966 map=1520p/21ch banked=743 smelted=21 pocket=2703u/285s | sand=79 gravel=16 dirt=278 stone=1
   deficits: 157926/79 (0.1%) 149380/16 (0.0%) 31860/0 (0.0%) 27420/0 (0.0%) 10725/162 (1.5%)
   F1=170[cobblestone:56 diorite:26 torch:24] | F2=141[cobblestone:76 coal:26 raw_copper:25] | F3=165[raw_copper:55 cobblestone:53 andesite:30] | F4=105[torch:8 oak_sapling:5 stick:2] | F5=200[stick:4 birch_log:2 birch_planks:1] | F6=197[cobblestone:132 dirt:62 andesite:29] | F7=94[oak_log:5 stick:3 birch_sapling:2] | F8=204[cobblestone:39 torch:16 oak_planks:9] | F9=199[cobblestone:154 dirt:16 coal:16] | F10=115[cobblestone:43 raw_copper:31 granite:25] | F11=157[dirt:37 cobblestone:36 sand:17] | F12=171[cobblestone:62 raw_copper:35 dirt:33] | F13=143[oak_log:9 leaf_litter:9 sand:6] | F14=134[cobblestone:71 torch:24 gravel:16] | F15=149[cobblestone:8 oak_planks:6 stick:6] | F16=75[empty] | F17=148[cobblestone:60 dirt:34 torch:23] | F18=211[cobblestone:111 granite:25 diorite:22] | F19=188[cobblestone:82 raw_copper:59 andesite:32]
   mem: heap=124M/164M old=-1M ext=143M ab=140M rss=410M cols=0 ents=0 evicted=0 path=1a/0q (max 6) stale=0
F9 final climb: OK +10 levels (9 steps, 26 dug, 22s)
F9 bank: holding 47s of 187s for the smelt leg
F17 [F17] climb bridge: placed cobblestone at [-128,41,387] (pit) - the step re-judges
F16 [F16] water: air-bar glitch override - 32 consecutive critical-on-dry reads, believing the bar at [-122,80,403]
F16 [F16] water: drowning rescue start (drowning, oxygen 0)
F16 [F16] water: rescue complete in 0.0s
F16 [F16] water: dry-land proof (rescue saw no water in 0.0s) - the critical-on-dry streak restarts, the next glitch page waits 20s
F16 [F16] water: liar ladder ratchets - confirmed no-op glitch page #4, the next override needs 40 fresh critical-on-dry reads
F17 [F17] climb bridge: placed cobblestone at [-128,42,387] (support) - the step re-judges
F10 [F10] climb bridge: placed cobblestone at [-157,59,403] (pit) - the step re-judges
F10 [F10] climb bridge: placed cobblestone at [-157,60,403] (support) - the step re-judges
F10 [F10] climb diag: level at y=62 blocked toward -1,0 (dug=3)
F17 [F17] climb bridge: placed cobblestone at [-129,42,387] (pit) - the step re-judges
F17 [F17] climb bridge: the server refused the support fill at [-129,43,387] - the rotate ladder owns it (held=cobblestone, 1.0b, ref=cobblestone, post=? (re-read failed))
F17 [F17] climb diag: level at y=43 blocked toward -1,0 (dug=5)
F14 final climb: the yard stands 31 levels up over 13b lateral - climbing toward the yard's level (the walk ladder cannot)
F15 final climb: the yard stands 35 levels up over 10b lateral - climbing toward the yard's level (the walk ladder cannot)
F10 final climb: OK +4 levels (4 steps, 4 dug, 10s)
F10 bank: smelt hold skipped - no fuel in pocket (coal 1)
F15 [F15] climb bridge: placed cobblestone at [-119,44,387] (pit) - the step re-judges
F3 [F3] combat: fight ended vs zombie (mob down, hp 20.0 -> 10.0, swings 7, weapon wooden_sword, 7 rounds)
F15 [F15] climb bridge: placed cobblestone at [-119,45,387] (support) - the step re-judges
F1 [F1] climb wet escape: 1 blocks walked (budget, walked 1/4)
F11 yard approach: approach: the stall side-step (right) stalled too
F11 yard approach: approach: 3 segment(s) walked in 30.1s, goal now d=46.0 (still outside - a segment stalled (no position delta))
F11 bank walk path event: path_stop (explicit)
F11 bank: yard walk attempt 1 failed: NoPath: No path to the goal!
F11 bank: yard walk failed (No path to the goal!) - smelting locally if a furnace is near
F11 camp furnace: 10 near machine(s) all beyond the 24b direct envelope (nearest d=34.8) - the bay reads as empty, the camp ladder decides on its own merits
F11 camp furnace: craft-planks (4 log(s) in pocket - craft planks (largest same-type stack 1/4))
F11 camp furnace: craft-table (36 cobble + 5 planks - table first)
[hb] n=34 ts=681s rss=410M late=157ms mainLate=262ms
t-0s alive=19/19 mined=3024 map=1520p/21ch banked=743 smelted=21 pocket=2764u/288s | sand=84 gravel=16 dirt=278 stone=1
   deficits: 157926/84 (0.1%) 149380/16 (0.0%) 31860/0 (0.0%) 27420/0 (0.0%) 10725/162 (1.5%)
   F1=180[cobblestone:61 diorite:29 torch:24] | F2=160[cobblestone:90 coal:26 raw_copper:25] | F3=165[raw_copper:55 cobblestone:53 andesite:30] | F4=105[torch:8 oak_sapling:5 stick:2] | F5=200[stick:4 birch_log:2 birch_planks:1] | F6=197[cobblestone:132 dirt:62 andesite:29] | F7=94[oak_log:5 stick:3 birch_sapling:2] | F8=204[cobblestone:39 torch:16 oak_planks:9] | F9=200[cobblestone:154 dirt:16 coal:16] | F10=117[cobblestone:41 raw_copper:31 granite:25] | F11=157[dirt:37 cobblestone:36 sand:17] | F12=171[cobblestone:62 raw_copper:35 dirt:33] | F13=143[oak_log:9 leaf_litter:9 sand:6] | F14=140[cobblestone:77 torch:24 gravel:16] | F15=158[cobblestone:15 oak_planks:6 stick:6] | F16=75[empty] | F17=159[cobblestone:65 dirt:34 diorite:24] | F18=211[cobblestone:111 granite:25 diorite:22] | F19=188[cobblestone:82 raw_copper:59 andesite:32]
   mem: heap=132M/164M old=-1M ext=145M ab=143M rss=410M cols=0 ents=0 evicted=0 path=0a/0q (max 6) stale=0
F10 [F10] raw hop failed: raw walk: no net progress for 8061ms (best d=22.1) - pathfinder retry
F12 [F12] approach: 9 segment(s) walked in 82.6s, goal now d=29.4 (still outside - a segment stalled (no position delta))
F18 [F18] climb bridge: the server refused the support fill at [-121,64,389] - the rotate ladder owns it (held=cobblestone, 1.1b, ref=grass_block, post=? (re-read failed))
F18 [F18] climb diag: level at y=64 blocked toward 1,0 (dug=0)
F11 camp furnace: BUILT (furnace at -155,51,401) in 9s
F11 fuel anchor scan returned empty (attempt 1/2) at [-155,51,402] yard d=46 - the palette empty-return class, re-querying
F11 fuel anchor scan returned empty (attempt 2/2) at [-155,51,402] yard d=46
F11 fuel anchor scan empty x2 - the singular probe rescued the scan (chest at [-142,80,405])
F11 fuel commons: the anchor chest is read first
F11 fuel commons: chest at [-142,80,405] the yard stands 29 levels up over 14b lateral - the walk ladder cannot climb, the ask rides (the tithe owns the deep resupply)
F11 fuel anchor scan returned empty (attempt 1/2) at [-155,51,402] yard d=46 - the palette empty-return class, re-querying
F11 fuel anchor scan returned empty (attempt 2/2) at [-155,51,402] yard d=46
F11 fuel anchor scan empty x2 - the singular probe rescued the scan (chest at [-142,80,405])
F11 fuel commons: the anchor chest is read first
F11 fuel commons: chest at [-142,80,405] the yard stands 29 levels up over 14b lateral - the walk ladder cannot climb, the ask rides (the tithe owns the deep resupply)
F11 smelt: 0 (cobblestone@-: no fuel; sand@-: no fuel)
F11 iron commune: iron commune: chest the yard stands 29 levels up over 14b lateral - the walk ladder cannot climb, the fragments ride (the ask retries near the yard)
F13 [F13] climb bridge: the server refused the pit fill at [-138,63,395] - the rotate ladder owns it (held=dirt, 1.3b, ref=sand, post=? (re-read failed))
F13 [F13] climb diag: level at y=64 blocked toward 0,-1 (dug=0)
F3 [F3] climb bridge: the server refused the support fill at [-126,64,425] - the rotate ladder owns it (held=cobblestone, 1.1b, ref=grass_block, post=? (re-read failed))
F3 [F3] climb diag: level at y=64 blocked toward 0,1 (dug=0)
F10 [F10] hop: chest at [-142,80,405] d=22 zero: chest unreachable (Took to long to decide path to goal!)
F10 [F10] chest skip (no path cached 0s ago at [-142,80,407])
F10 [F10] chest skip (no path cached 0s ago at [-142,80,409])
F18 [F18] climb bridge: placed cobblestone at [-122,63,390] (pit) - the step re-judges
F13 [F13] climb bridge: the server refused the support fill at [-137,64,396] - the rotate ladder owns it (held=dirt, 0.9b, ref=sand, post=? (re-read failed))
F13 [F13] climb diag: level at y=64 blocked toward 1,0 (dug=0)
F18 [F18] climb bridge: placed cobblestone at [-122,64,390] (support) - the step re-judges
F3 [F3] climb bridge: placed cobblestone at [-127,64,424] (support) - the step re-judges
F18 [F18] climb diag: level at y=66 blocked toward 0,1 (dug=0)
F18 [F18] climb diag: level at y=65 blocked toward -1,0 (dug=0)
F13 [F13] climb bridge: placed dirt at [-138,64,397] (support) - the step re-judges
F13 [F13] climb diag: level at y=65 blocked toward 0,1 (dug=0)
F16 [F16] water: air-bar glitch ignored (oxygen 0 on dry land at [-122,80,403], 196 total)
[F11] sweep walk refused by a 4s cooldown - waiting it out once on this machine (a cooldown is a clock, not a verdict)
F3 [F3] climb diag: level at y=65 blocked toward -1,0 (dug=0)
F13 final climb: retry (escalated retry after stalled, 141s fence)
F13 [F13] climb bridge: unavailable (no placeable block in the pocket)
F13 [F13] climb diag: level at y=64 blocked toward 1,0 (dug=0)
F13 [F13] climb bridge: unavailable (no placeable block in the pocket)
F13 [F13] climb diag: level at y=64 blocked toward 0,1 (dug=0)
F13 [F13] climb bridge: unavailable (no placeable block in the pocket)
F13 [F13] climb diag: level at y=64 blocked toward -1,0 (dug=0)
F3 [F3] climb bridge: placed cobblestone at [-133,64,423] (support) - the step re-judges
F13 final climb: failed - stalled [stage 1]
F13 final bank: 0 (still underground after 2 climb attempts - the chain from the shaft bottom is doomed walks)
F3 [F3] climb diag: level at y=66 blocked toward 0,-1 (dug=0)
t-0s alive=19/19 mined=3101 map=1520p/21ch banked=743 smelted=21 pocket=2828u/287s | sand=89 gravel=16 dirt=277 stone=1
   deficits: 157926/89 (0.1%) 149380/16 (0.0%) 31860/0 (0.0%) 27420/0 (0.0%) 10725/176 (1.6%)
   F1=198[cobblestone:64 diorite:40 andesite:24] | F2=178[cobblestone:98 coal:26 raw_copper:25] | F3=166[raw_copper:55 cobblestone:50 andesite:30] | F4=105[torch:8 oak_sapling:5 stick:2] | F5=200[stick:4 birch_log:2 birch_planks:1] | F6=197[cobblestone:132 dirt:62 andesite:29] | F7=94[oak_log:5 stick:3 birch_sapling:2] | F8=204[cobblestone:39 torch:16 oak_planks:9] | F9=200[cobblestone:154 dirt:16 coal:16] | F10=117[cobblestone:41 raw_copper:31 granite:25] | F11=157[dirt:37 cobblestone:28 sand:17] | F12=171[cobblestone:62 raw_copper:35 dirt:33] | F13=143[oak_log:9 leaf_litter:9 sand:6] | F14=157[cobblestone:82 torch:24 diorite:22] | F15=178[cobblestone:30 oak_planks:6 stick:6] | F16=75[empty] | F17=162[cobblestone:66 dirt:34 diorite:24] | F18=211[cobblestone:109 granite:25 diorite:22] | F19=188[cobblestone:82 raw_copper:59 andesite:32]
   mem: heap=131M/165M old=-1M ext=146M ab=143M rss=413M cols=0 ents=0 evicted=0 path=1a/0q (max 6) stale=0
F12 [F12] raw hop failed: raw walk: no net progress for 8265ms (best d=29.1) - pathfinder retry
F12 [F12] hop: chest at [-142,80,413] d=30 zero: chest unreachable (Took to long to decide path to goal!)
F12 [F12] chest skip (no path cached 0s ago at [-142,80,411])
F12 [F12] chest skip (no path cached 0s ago at [-142,80,415])
F12 [F12] chest skip (no path cached 0s ago at [-142,80,409])
F12 [F12] chest skip (no path cached 8s ago at [-142,80,407])
F12 [F12] chest skip (no path cached 8s ago at [-142,80,405])
F1 [F1] climb wet escape: 11 blocks walked (budget, walked 2/4)
F8 [F8] climb bridge: placed cobblestone at [-142,76,412] (pit) - the step re-judges
F8 [F8] climb bridge: placed cobblestone at [-142,77,412] (support) - the step re-judges
F10 [F10] raw hop failed: raw walk: no net progress for 8268ms (best d=16.0) - pathfinder retry
[hb] n=35 ts=701s rss=415M late=161ms mainLate=283ms
F11 sweep: 0 collected - machine unreachable (No path to the goal!) x10
F11 [F11] chest skip (no path cached 10s ago at [-142,80,405])
F11 [F11] chest skip (no path cached 10s ago at [-142,80,407])
F11 [F11] chest skip (no path cached 3s ago at [-142,80,409])
F11 [F11] chest skip (no path cached 3s ago at [-142,80,411])
F11 [F11] chest skip (no path cached 3s ago at [-142,80,413])
F11 [F11] chest skip (vertical doom: the yard stands 27 levels up over 17b lateral - the walk ladder cannot climb)
F11 [F11] chest skip (no path cached 3s ago at [-142,80,415])
F11 [F11] chest skip (vertical doom: the yard stands 27 levels up over 18b lateral - the walk ladder cannot climb)
F11 final bank: 0 (no chest in range)
F18 final climb: retry (escalated retry after stalled, 120s fence)
F18 [F18] climb bridge: unavailable (no solid floor underfoot)
F18 [F18] climb diag: level at y=64 blocked toward 0,1 (dug=0)
F18 [F18] climb bridge: unavailable (no solid floor underfoot)
F18 [F18] climb diag: level at y=64 blocked toward -1,0 (dug=0)
F18 [F18] climb bridge: unavailable (no solid floor underfoot)
F18 [F18] climb diag: level at y=64 blocked toward 0,-1 (dug=0)
F10 [F10] hop: chest at [-137,80,407] d=17 zero: chest unreachable (Took to long to decide path to goal!)
F10 [F10] chest skip (no path cached 0s ago at [-137,80,409])
t-0s alive=19/19 mined=3158 map=1520p/21ch banked=743 smelted=21 pocket=2872u/290s | sand=90 gravel=16 dirt=286 stone=1
   deficits: 157926/90 (0.1%) 149380/16 (0.0%) 31860/0 (0.0%) 27420/0 (0.0%) 10725/176 (1.6%)
   F1=214[cobblestone:73 diorite:46 andesite:24] | F2=196[cobblestone:105 coal:26 raw_copper:25] | F3=168[raw_copper:55 cobblestone:46 andesite:30] | F4=105[torch:8 oak_sapling:5 stick:2] | F5=200[stick:4 birch_log:2 birch_planks:1] | F6=197[cobblestone:132 dirt:62 andesite:29] | F7=94[oak_log:5 stick:3 birch_sapling:2] | F8=207[cobblestone:36 torch:16 oak_planks:9] | F9=200[cobblestone:154 dirt:16 coal:16] | F10=117[cobblestone:41 raw_copper:31 granite:25] | F11=157[dirt:37 cobblestone:28 diorite:19] | F12=171[cobblestone:62 raw_copper:35 dirt:33] | F13=143[oak_log:9 leaf_litter:9 sand:6] | F14=171[cobblestone:85 diorite:30 torch:24] | F15=178[cobblestone:30 oak_planks:6 stick:6] | F16=75[empty] | F17=165[cobblestone:66 dirt:34 diorite:24] | F18=212[cobblestone:108 granite:25 diorite:22] | F19=188[cobblestone:82 raw_copper:59 andesite:32]
   mem: heap=129M/165M old=-1M ext=145M ab=142M rss=415M cols=0 ents=0 evicted=0 path=1a/0q (max 6) stale=0
F3 final climb: retry (escalated retry after stalled, 124s fence)
F3 [F3] climb bridge: placed cobblestone at [-132,64,423] (pit) - the step re-judges
F3 [F3] climb bridge: placed cobblestone at [-132,65,423] (support) - the step re-judges
F2 [F2] climb bridge: placed cobblestone at [-122,64,401] (support) - the step re-judges
F8 [F8] climb bridge: placed cobblestone at [-142,78,413] (pit) - the step re-judges
F8 [F8] climb bridge: placed cobblestone at [-142,79,413] (support) - the step re-judges
F2 [F2] climb diag: level at y=66 blocked toward -1,0 (dug=63)
F2 [F2] climb diag: level at y=65 blocked toward 0,-1 (dug=63)
F8 final climb: OK +4 levels (3 steps, 3 dug, 17s)
F8 bank: holding 45s of 156s for the smelt leg
F8 [F8] direct deposit: 27 chest slots derived from the 63-slot view
F8 [F8] banked 1 items at (-142, 80, 415) (direct=1 fallback=0 mirror=true kept: raw_iron, oak_planks, stick, torch)
F8 camp furnace: 13 near machine(s) beyond the 24b direct envelope (nearest d=16.8) - 1 inside the envelope keep the veto
F8 camp furnace: no build (machine near)
F3 [F3] climb bridge: placed cobblestone at [-131,65,423] (pit) - the step re-judges
F2 [F2] climb diag: level at y=66 blocked toward 1,0 (dug=63)
F3 [F3] climb bridge: placed cobblestone at [-131,66,423] (support) - the step re-judges
F15 [F15] climb diag: level at y=54 blocked toward -1,0 (dug=29, wet) at [0,2,0] water (stop)
F15 [F15] water: drowning rescue start (drowning, oxygen 0)
F15 [F15] water: pass 0 head=wet shore=none land=n/a y=54.0 o2=0 probes=0 at=[-127,54,387]
F16 [F16] water: air-bar glitch override - 40 consecutive critical-on-dry reads, believing the bar at [-122,80,403]
F16 [F16] water: drowning rescue start (drowning, oxygen 0)
F16 [F16] water: rescue complete in 0.0s
F16 [F16] water: dry-land proof (rescue saw no water in 0.0s) - the critical-on-dry streak restarts, the next glitch page waits 20s
F16 [F16] water: liar ladder ratchets - confirmed no-op glitch page #5, the next override needs 40 fresh critical-on-dry reads
F15 [F15] climb wet escape: oxygen 0 at the floor - the escape yields, the rescue lane owns the air
F15 final climb: no retry (no retry for 'low-o2')
F15 final climb: failed - low-o2
F15 final bank: 0 (still underground after 1 climb attempt - the chain from the shaft bottom is doomed walks)
F15 [F15] died - respawning (cause: server: drowned [kind=drown] | inferred: drowned@13.6 (0s before death at [-127,56,387]) [the inference CONTRADICTS the server verdict - the nearest harm was not the killer (the server kind stays the authority)])
F15 [F15] death drop: ~70u lost at [-127,56,387] (cobblestone 30, oak_planks 6, sand 6, stick 6, andesite 4, +13 more)
F15 [F15] water: death spot memorized as a hazard at [-127,56,387] (5 live, fleet-wide)
[F8] furnace slots after put: input=raw_iron fuel=oak_planks
[F8] smelting 2 x raw_iron in a blast_furnace (fuel: 2 x oak_planks)
[hb] n=36 ts=721s rss=419M late=165ms mainLate=1399ms
F15 [F15] water: pass 8 head=dry shore=hit r=4 land=none y=81.0 o2=-1 probes=0 at=[-113,81,400]
F3 [F3] climb diag: level at y=70 blocked toward 1,0 (dug=5)
F10 [F10] raw hop failed: raw walk: no net progress for 8025ms (best d=9.8) - pathfinder retry
F3 [F3] climb: walkable surface at y=69 (+4 levels, dug=5) - the walk takes over (blocked step)
F3 final climb: OK +4 levels (4 steps, 5 dug, undefineds)
F3 bank: holding 45s of 155s for the smelt leg
F16 [F16] water: air-bar glitch ignored (oxygen 0 on dry land at [-122,80,403], 234 total)
F15 [F15] water: pass 11 head=dry shore=hit r=1 land=none y=81.2 o2=-1 probes=0 at=[-113,81,396]
F14 [F14] climb wet escape: 10 blocks walked (budget, walked 1/4)
t-0s alive=19/19 mined=3203 map=1520p/21ch banked=743 smelted=21 pocket=2832u/272s | sand=86 gravel=16 dirt=296 stone=1
   deficits: 157926/86 (0.1%) 149380/16 (0.0%) 31860/0 (0.0%) 27420/0 (0.0%) 10725/172 (1.6%)
   F1=232[cobblestone:82 diorite:46 andesite:24] | F2=198[cobblestone:102 coal:26 raw_copper:25] | F3=173[raw_copper:55 cobblestone:42 andesite:30] | F4=105[torch:8 oak_sapling:5 stick:2] | F5=200[stick:4 birch_log:2 birch_planks:1] | F6=197[cobblestone:132 dirt:62 andesite:29] | F7=94[oak_log:5 stick:3 birch_sapling:2] | F8=207[cobblestone:35 torch:16 oak_planks:9] | F9=200[cobblestone:155 dirt:16 coal:16] | F10=117[cobblestone:41 raw_copper:31 granite:25] | F11=157[dirt:37 cobblestone:28 diorite:19] | F12=171[cobblestone:62 raw_copper:35 dirt:33] | F13=143[oak_log:9 leaf_litter:9 sand:6] | F14=186[cobblestone:93 diorite:30 torch:24] | F15=178[empty] | F16=75[empty] | F17=167[cobblestone:66 dirt:34 diorite:24] | F18=215[cobblestone:107 granite:25 diorite:22] | F19=188[cobblestone:82 raw_copper:59 andesite:32]
   mem: heap=121M/166M old=-1M ext=147M ab=145M rss=420M cols=0 ents=0 evicted=0 path=0a/0q (max 6) stale=0
[F8] took 1 x iron_ingot (1/2)
F9 [F9] approach: 8 segment(s) walked in 59.1s, goal now d=36.7 (still outside - the segment cap spent (8 walked, d=36.7))
F15 [F15] water: pass 15 head=dry shore=hit r=1 land=none y=80.8 o2=-1 probes=0 at=[-116,81,395]
F18 final climb: failed - stalled [stage 1]
F18 final bank: 0 (still underground after 2 climb attempts - the chain from the shaft bottom is doomed walks)
F15 [F15] water: pass 18 head=dry shore=hit r=1 land=none y=80.1 o2=-1 probes=0 at=[-119,80,396]
F9 [F9] raw hop failed: raw walk stalled after 2250ms (d=37.1) - pathfinder retry
[F8] took 1 x iron_ingot (2/2)
[F8] furnace within reach - opening without a walk
F2 final climb: retry (escalated retry after stalled, 81s fence)
F2 [F2] climb bridge: unavailable (no solid floor underfoot)
F2 [F2] climb diag: level at y=65 blocked toward -1,0 (dug=0)
[F8] fuel clips the batch: 1 x oak_planks completes 1 of 27 x cobblestone (the rest re-smelts on the next chain)
[F8] the clock clips the batch: the 72s window completes ~6 of 27 x cobblestone (the rest re-smelts on the next chain)
F15 [F15] water: pass 20 head=dry shore=hit r=5 land=none y=81.2 o2=-1 probes=0 at=[-121,81,396]
F2 [F2] climb bridge: unavailable (no solid floor underfoot)
F2 [F2] climb diag: level at y=65 blocked toward 0,-1 (dug=0)
F9 [F9] hop: chest at [-142,80,415] d=35 zero: chest unreachable (Took to long to decide path to goal!)
F9 [F9] chest skip (vertical doom: the yard stands 36 levels up over 5b lateral - the walk ladder cannot climb)
F9 [F9] chest skip (no path cached 0s ago at [-142,80,411])
F9 [F9] chest skip (vertical doom: the yard stands 36 levels up over 6b lateral - the walk ladder cannot climb)
F9 [F9] chest skip (vertical doom: the yard stands 36 levels up over 9b lateral - the walk ladder cannot climb)
F9 [F9] chest skip (vertical doom: the yard stands 36 levels up over 10b lateral - the walk ladder cannot climb)
F9 [F9] chest skip (vertical doom: the yard stands 36 levels up over 11b lateral - the walk ladder cannot climb)
F9 [F9] chest skip (vertical doom: the yard stands 36 levels up over 10b lateral - the walk ladder cannot climb)
F9 bank: chest unreachable (Took to long to decide path to goal!) (44 blocks from yard) - walking back
F9 bank: the yard stands 36 levels up over 25b lateral - the walk ladder cannot climb, the pocket rides the next window
F9 camp furnace: 3 near machine(s) beyond the 24b direct envelope (nearest d=22.6) - 1 inside the envelope keep the veto
F9 camp furnace: no build (machine near)
F2 [F2] climb bridge: unavailable (no solid floor underfoot)
F2 [F2] climb diag: level at y=65 blocked toward 1,0 (dug=0)
[F8] furnace slots after put: input=cobblestone fuel=oak_planks
[F8] smelting 1 x cobblestone in a furnace (fuel: 1 x oak_planks)
F2 final climb: failed - stalled
F2 final bank: 0 (still underground after 2 climb attempts - the chain from the shaft bottom is doomed walks)
F3 [F3] raw hop failed: raw walk: no net progress for 8256ms (best d=9.8) - pathfinder retry
F15 [F15] water: pass 21 head=dry shore=hit r=1 land=none y=80.4 o2=-1 probes=0 at=[-122,80,396]
F5 [F5] combat: shelter skip (night=true armed=true hp=20 attackers=1 poison=off threat=creeper@6.9)
F5 [F5] combat: fleeing creeper (dist 6.9, hp 20.0, 1 nearby, proximity)
F15 [F15] water: pass 24 head=dry shore=hit r=1 land=none y=80.4 o2=-1 probes=0 at=[-124,80,395]
F3 [F3] hop: chest at [-127,80,415] d=14 zero: chest unreachable (Took to long to decide path to goal!)
F3 [F3] chest skip (no path cached 0s ago at [-127,80,413])
F3 [F3] chest skip (no path cached 0s ago at [-127,80,411])
F12 [F12] approach: 4 segment(s) walked in 41.0s, goal now d=34.0 (still outside - the approach clock is spent)
F12 [F12] hop: chest at [-137,80,413] d=34 zero: chest unreachable (budget exhausted (walk floor))
F12 [F12] hop: chest at [-137,80,415] d=34 zero: chest unreachable (budget exhausted (walk floor))
F12 bank fallback: none (chest unreachable (budget exhausted (walk floor)))
F12 camp furnace: build skipped - the leg clock (20s) cannot afford a 18s craft-table build + the 5s put (62 cobble + 7 planks - table first)
[F9] walk nudge: approach: 1 segment(s) walked in 5.0s, goal now d=18.8 (inside the direct envelope)
[F9] walk nudge: inside the direct envelope
[hb] n=37 ts=741s rss=423M late=169ms mainLate=1281ms
F3 [F3] combat: shelter try vs creeper (dist 9.6, sentry)
F3 [F3] combat: shelter skip (open field: no diggable wall, creeper@9.6)
F3 [F3] combat: shelter skip (open field: ring not buildable [oo -o oo oo] vs creeper@9.6)
F3 [F3] combat: fleeing creeper (dist 9.6, hp 8.0, 1 nearby, sentry)
F15 [F15] water: pass 27 head=dry shore=hit r=1 land=none y=80.8 o2=-1 probes=0 at=[-127,81,393]
t-0s alive=19/19 mined=3229 map=1520p/21ch banked=743 smelted=21 pocket=2851u/272s | sand=86 gravel=16 dirt=301 stone=1
   deficits: 157926/86 (0.1%) 149380/16 (0.0%) 31860/0 (0.0%) 27420/0 (0.0%) 10725/173 (1.6%)
   F1=245[cobblestone:93 diorite:46 andesite:24] | F2=198[cobblestone:101 coal:26 raw_copper:25] | F3=173[raw_copper:55 cobblestone:42 andesite:30] | F4=105[torch:8 oak_sapling:5 stick:2] | F5=200[stick:4 birch_log:2 birch_planks:1] | F6=197[cobblestone:132 dirt:62 andesite:29] | F7=94[oak_log:5 stick:3 birch_sapling:2] | F8=207[cobblestone:35 torch:16 oak_planks:7] | F9=200[cobblestone:157 dirt:16 coal:16] | F10=117[cobblestone:41 raw_copper:31 granite:25] | F11=157[dirt:37 cobblestone:28 diorite:19] | F12=171[cobblestone:62 raw_copper:35 dirt:33] | F13=143[oak_log:9 leaf_litter:9 sand:6] | F14=196[cobblestone:95 diorite:30 torch:24] | F15=178[empty] | F16=75[empty] | F17=170[cobblestone:66 dirt:34 diorite:24] | F18=215[cobblestone:107 granite:25 diorite:22] | F19=188[cobblestone:82 raw_copper:59 andesite:32]
   mem: heap=133M/172M old=-1M ext=148M ab=146M rss=425M cols=0 ents=0 evicted=0 path=3a/0q (max 6) stale=0
F10 [F10] hop: chest at [-132,80,405] d=12 zero: cannot open chest (open chest: timeout after 10000ms)
F15 [F15] water: rescue complete in 25.2s
F15 [F15] water: hazard memorized at [-127,56,387] (4 live, fleet-wide)
F1 [F1] climb wet escape: 10 blocks walked (budget, walked 3/4)
[F8] took 1 x stone (1/1)
[F8] furnace within reach - opening without a walk
F13 [F13] combat: shelter try vs zombie (dist 4.2, proximity pre-fight)
F13 [F13] combat: shelter skip (open field: no diggable wall, zombie@4.2)
F13 [F13] combat: shelter ring try vs zombie (dist 4.2, -z+x-x+z first, full ring, proximity pre-fight)
[F8] furnace within reach - opening without a walk
[F8] furnace within reach - opening without a walk
F3 [F3] raw hop failed: raw walk: no net progress for 8066ms (best d=11.2) - pathfinder retry
F3 [F3] hop: chest at [-122,80,415] d=11 zero: chest unreachable (Took to long to decide path to goal!)
F14 [F14] climb wet escape: 6 blocks walked (budget, walked 2/4)
F10 [F10] combat: shelter skip (night=true armed=true hp=13 attackers=2 poison=off threat=creeper@6.3)
F10 [F10] combat: fleeing creeper (dist 6.3, hp 13.0, 2 nearby, proximity)
F13 [F13] combat: shelter skip (open field: ring incomplete 4/8)
F13 [F13] combat: fighting zombie (dist 4.2, hp 15.2, 1 nearby, proximity)
F13 [F13] combat: verdict flipped to flee vs zombie (hp 12.8)
F13 [F13] combat: open-field yield vs zombie (hp 12.8 < 14 in the dark) - the flee fired before the drain
F13 [F13] combat: shelter try vs zombie (dist 0.6, proximity re-verdict)
F13 [F13] combat: shelter skip (open field: no diggable wall, zombie@0.6)
F13 [F13] combat: shelter ring try vs zombie (dist 0.6, -z-x+x+z first, full ring, proximity re-verdict)
[F12] fuel clips the batch: 3 x stick completes 1 of 35 x raw_copper (the rest re-smelts on the next chain)
[F12] the run clock caps the fired batch: 22 of 35 x raw_copper (the rest re-smelts on the next chain)
[F12] furnace slots after put: input=raw_copper fuel=stick
[F12] smelting 1 x raw_copper in a furnace (fuel: 3 x stick)
F12 fuel anchor scan returned empty (attempt 1/2) at [-156,51,401] yard d=44 - the palette empty-return class, re-querying
F12 fuel anchor scan returned empty (attempt 2/2) at [-156,51,401] yard d=44
F12 fuel anchor scan empty x2 - the singular probe rescued the scan (chest at [-142,80,405])
F12 fuel commons: the anchor chest is read first
F12 fuel commons: chest at [-142,80,405] the yard stands 29 levels up over 14b lateral - the walk ladder cannot climb, the ask rides (the tithe owns the deep resupply)
F12 fuel anchor scan returned empty (attempt 1/2) at [-156,51,401] yard d=44 - the palette empty-return class, re-querying
F12 fuel anchor scan returned empty (attempt 2/2) at [-156,51,401] yard d=44
F12 fuel anchor scan empty x2 - the singular probe rescued the scan (chest at [-142,80,405])
F12 fuel commons: the anchor chest is read first
F12 fuel commons: chest at [-142,80,405] the yard stands 29 levels up over 14b lateral - the walk ladder cannot climb, the ask rides (the tithe owns the deep resupply)
F12 smelted 0 () rescued=0 fired=1
F12 iron commune: iron commune: chest the yard stands 29 levels up over 14b lateral - the walk ladder cannot climb, the fragments ride (the ask retries near the yard)
F12 [F12] chest skip (vertical doom: the yard stands 29 levels up over 14b lateral - the walk ladder cannot climb)
F12 [F12] chest skip (vertical doom: the yard stands 29 levels up over 15b lateral - the walk ladder cannot climb)
F12 [F12] chest skip (vertical doom: the yard stands 29 levels up over 15b lateral - the walk ladder cannot climb)
F12 [F12] chest skip (vertical doom: the yard stands 29 levels up over 17b lateral - the walk ladder cannot climb)
F12 [F12] chest skip (vertical doom: the yard stands 29 levels up over 19b lateral - the walk ladder cannot climb)
F12 [F12] chest skip (vertical doom: the yard stands 29 levels up over 19b lateral - the walk ladder cannot climb)
F12 [F12] chest skip (vertical doom: the yard stands 29 levels up over 20b lateral - the walk ladder cannot climb)
F12 [F12] chest skip (vertical doom: the yard stands 29 levels up over 22b lateral - the walk ladder cannot climb)
F12 final bank: 0 (no chest in range)
F10 [F10] raw hop failed: raw walk: no net progress for 8796ms (best d=10.0) - pathfinder retry
F10 [F10] hop: chest at [-132,80,407] d=10 zero: chest unreachable (The goal was changed before it could be completed!)
F13 [F13] combat: shelter skip (open field: ring incomplete 4/8)
F16 [F16] water: air-bar glitch ignored (oxygen 0 on dry land at [-122,80,403], 271 total)
F3 [F3] combat: shelter try vs zombie (dist 6.9, proximity)
F5 [F5] combat: fighting zombie (dist 4.8, hp 20.0, 2 nearby, proximity)
t-0s alive=19/19 mined=3258 map=1520p/21ch banked=743 smelted=21 pocket=2873u/271s | sand=87 gravel=16 dirt=305 stone=2
   deficits: 157926/87 (0.1%) 149380/16 (0.0%) 31860/0 (0.0%) 27420/0 (0.0%) 10725/173 (1.6%)
   F1=259[cobblestone:107 diorite:46 andesite:24] | F2=198[cobblestone:101 coal:26 raw_copper:25] | F3=173[raw_copper:55 cobblestone:42 andesite:30] | F4=105[torch:8 oak_sapling:5 stick:2] | F5=200[stick:4 birch_log:2 birch_planks:1] | F6=197[cobblestone:132 dirt:62 andesite:29] | F7=94[oak_log:5 stick:3 birch_sapling:2] | F8=207[cobblestone:34 torch:16 oak_planks:6] | F9=200[cobblestone:158 dirt:16 coal:16] | F10=117[cobblestone:41 raw_copper:31 granite:25] | F11=157[dirt:37 cobblestone:28 diorite:19] | F12=171[cobblestone:62 raw_copper:34 dirt:33] | F13=143[leaf_litter:9 sand:6 oak_log:6] | F14=209[cobblestone:103 diorite:30 torch:24] | F15=178[empty] | F16=75[empty] | F17=172[cobblestone:66 dirt:34 diorite:24] | F18=215[cobblestone:107 granite:25 diorite:22] | F19=188[cobblestone:82 raw_copper:59 andesite:32]
   mem: heap=131M/166M old=-1M ext=152M ab=149M rss=426M cols=0 ents=0 evicted=0 path=2a/0q (max 6) stale=0
F1 [F1] climb wet escape: 2 blocks walked (budget, walked 4/4)
F1 final climb: retry (escalated retry after timeout (fenced at 90s - the chain keeps its reserve), 60s fence)
F3 [F3] combat: sheltering from zombie (seal dirt, proximity)
F3 [F3] raw hop failed: raw walk: no net progress for 8121ms (best d=17.1) - pathfinder retry
F5 [F5] combat: verdict flipped to flee vs creeper (hp 20.0)
F5 [F5] combat: shelter skip (night=true armed=true hp=20 attackers=2 poison=off threat=creeper@4.2)
F10 [F10] died - respawning (cause: server: was blown up by Creeper [kind=explosion by Creeper] | inferred: zombie@7.8 (0s before death at [-135,64,400]) [the inference names a BYSTANDER - the exploder removed itself at detonation, the nearest-harm scan read the next-nearest hostile (a real witness, not the killer; the server killer stays the authority)])
F10 [F10] death drop: ~173u lost at [-135,64,400] (cobblestone 41, raw_copper 31, granite 25, sand 20, dirt 18, +13 more)
F10 [F10] water: death spot memorized as a hazard at [-135,64,400] (4 live, fleet-wide)
F2 [F2] combat: fighting zombie (dist 4.9, hp 20.0, 1 nearby, proximity)
[hb] n=38 ts=761s rss=429M late=174ms mainLate=788ms
F2 [F2] combat: drift return wait vs zombie (@5.0) - the swimmer always comes back
F3 [F3] died - respawning (cause: server: was shot by Skeleton [kind=mob by Skeleton] | inferred: skeleton@2.1 (0s before death at [-142,64,415]) [the inference corroborates the server verdict])
F3 [F3] death drop: ~240u lost at [-142,64,415] (raw_copper 55, cobblestone 42, dirt 31, andesite 30, torch 24, +15 more)
F3 [F3] water: death spot memorized as a hazard at [-142,64,415] (5 live, fleet-wide)
[F8] walk nudge: approach: 1 segment(s) walked in 13.3s, goal now d=13.3 (inside the direct envelope)
[F8] walk nudge: inside the direct envelope
F14 final climb: retry (escalated retry after timeout (fenced at 90s - the chain keeps its reserve), 58s fence)
F14 [F14] climb bridge: unavailable (no solid floor underfoot)
F14 [F14] climb diag: level at y=64 blocked toward -1,0 (dug=0)
F2 [F2] combat: fight ended vs zombie (verdict ignore, hp 20.0 -> 20.0, swings 1, weapon wooden_sword, 1 rounds)
F14 [F14] climb bridge: unavailable (no solid floor underfoot)
F14 [F14] climb diag: level at y=65 blocked toward 0,-1 (dug=1)
F10 [F10] direct deposit: 27 chest slots derived from the 63-slot view
F10 [F10] hop: chest at [-132,80,409] d=17 zero: nothing to deposit
F10 bank fallback: none (nothing to deposit)
F10 camp furnace: 3 near machine(s) beyond the 24b direct envelope (nearest d=12.1) - 12 inside the envelope keep the veto
F10 camp furnace: no build (machine near)
F10 smelt: 0 (nothing to smelt)
F14 [F14] climb bridge: unavailable (no solid floor underfoot)
F14 [F14] climb diag: level at y=65 blocked toward 1,0 (dug=1)
F14 final climb: failed - stalled
F14 final bank: 0 (still underground after 2 climb attempts - the chain from the shaft bottom is doomed walks)
[F9] walk nudge: approach: 4 segment(s) walked in 22.7s, goal now d=35.9 (still outside - the approach clock is spent)
[F9] walk nudge: closed to d=35.9 - retrying the machine from the new start
F17 final climb: retry (escalated retry after timeout (fenced at 90s - the chain keeps its reserve), 45s fence)
t-0s alive=19/19 mined=3278 map=1520p/21ch banked=743 smelted=21 pocket=2500u/234s | sand=67 gravel=16 dirt=272 stone=2
   deficits: 157926/67 (0.0%) 149380/16 (0.0%) 31860/0 (0.0%) 27420/0 (0.0%) 10725/143 (1.3%)
   F1=268[cobblestone:111 diorite:46 andesite:24] | F2=198[cobblestone:101 coal:26 raw_copper:25] | F3=173[empty] | F4=105[torch:8 oak_sapling:5 stick:2] | F5=200[stick:4 birch_log:2 birch_planks:1] | F6=197[cobblestone:132 dirt:62 andesite:29] | F7=94[oak_log:5 stick:3 birch_sapling:2] | F8=207[cobblestone:33 torch:16 oak_planks:6] | F9=200[cobblestone:162 dirt:20 coal:16] | F10=117[empty] | F11=157[dirt:37 cobblestone:28 diorite:19] | F12=171[cobblestone:62 raw_copper:34 dirt:33] | F13=143[leaf_litter:9 sand:6 oak_log:6] | F14=217[cobblestone:104 dirt:31 diorite:30] | F15=178[empty] | F16=75[empty] | F17=175[cobblestone:66 dirt:34 diorite:24] | F18=215[cobblestone:107 granite:25 diorite:22] | F19=188[cobblestone:82 raw_copper:59 andesite:32]
   mem: heap=127M/168M old=-1M ext=153M ab=150M rss=428M cols=0 ents=0 evicted=0 path=3a/0q (max 6) stale=0
F3 [F3] direct deposit: 27 chest slots derived from the 63-slot view
F3 [F3] hop: chest at [-142,80,415] d=18 zero: nothing to deposit
F3 bank fallback: none (nothing to deposit)
F3 camp furnace: 12 near machine(s) beyond the 24b direct envelope (nearest d=23.6) - 2 inside the envelope keep the veto
F3 camp furnace: no build (machine near)
F3 smelt: 0 (nothing to smelt)
F3 iron commune: chest holds 0 ingot(s) - nothing to complete here
F16 [F16] water: air-bar glitch override - 40 consecutive critical-on-dry reads, believing the bar at [-122,80,403]
F16 [F16] water: drowning rescue start (drowning, oxygen 0)
F16 [F16] water: rescue complete in 0.0s
F16 [F16] water: dry-land proof (rescue saw no water in 0.0s) - the critical-on-dry streak restarts, the next glitch page waits 20s
F16 [F16] water: liar ladder ratchets - confirmed no-op glitch page #6, the next override needs 40 fresh critical-on-dry reads
F3 iron commune: chest holds 0 ingot(s) - nothing to complete here
F3 iron commune: chest holds 0 ingot(s) - nothing to complete here
F2 [F2] combat: shelter try vs drowned (dist 7.8, sentry)
F2 [F2] combat: shelter skip (open field: no diggable wall, drowned@7.8)
F2 [F2] combat: shelter ring try vs drowned (dist 7.8, +z+x-x-z first, full ring, sentry)
F2 [F2] died - respawning (cause: server: was impaled by Drowned [kind=mob by Drowned] | inferred: drowned@7.8 (0s before death at [-125,64,398]) [the inference corroborates the server verdict])
F2 [F2] death drop: ~234u lost at [-125,64,398] (cobblestone 64, cobblestone 37, coal 26, raw_copper 25, andesite 22, +14 more)
F2 [F2] water: death spot memorized as a hazard at [-125,64,398] (5 live, fleet-wide)
[F3] sweep walk refused by a 4s cooldown - waiting it out once on this machine (a cooldown is a clock, not a verdict)
F2 [F2] combat: shelter skip (open field: ring incomplete 4/8)
F2 [F2] combat: fleeing drowned (dist 7.8, hp 20.0, 0 nearby, sentry)
[hb] n=39 ts=781s rss=432M late=179ms mainLate=1444ms
F13 [F13] died - respawning (cause: server: was impaled by Drowned [kind=mob by Drowned] | inferred: drowned@13.3 (0s before death at [-115,66,398]) [the inference corroborates the server verdict])
F13 [F13] death drop: ~27u lost at [-115,66,398] (leaf_litter 9, oak_log 6, sand 6, stick 2, oak_sapling 1, +3 more)
F13 [F13] water: death spot memorized as a hazard at [-115,66,398] (6 live, fleet-wide)
F17 [F17] climb bridge: placed cobblestone at [-128,50,380] (pit) - the step re-judges
F17 [F17] climb bridge: placed cobblestone at [-128,51,380] (support) - the step re-judges
F16 [F16] water: air-bar glitch ignored (oxygen 0 on dry land at [-122,80,403], 306 total)
F1 [F1] climb wet escape: 4 blocks walked (refused, walked 1/4)
F1 [F1] climb diag: level at y=53 blocked toward 0,1 (dug=8, wet) at [0,1,0] water (stop)
t-0s alive=19/19 mined=3282 map=1520p/21ch banked=743 smelted=21 pocket=2237u/208s | sand=61 gravel=16 dirt=258 stone=2
   deficits: 157926/61 (0.0%) 149380/16 (0.0%) 31860/0 (0.0%) 27420/0 (0.0%) 10725/121 (1.1%)
   F1=269[cobblestone:111 diorite:46 andesite:24] | F2=198[empty] | F3=173[empty] | F4=105[torch:8 oak_sapling:5 stick:2] | F5=200[stick:4 birch_log:2 birch_planks:1] | F6=197[cobblestone:132 dirt:62 andesite:29] | F7=94[oak_log:5 stick:3 birch_sapling:2] | F8=207[cobblestone:31 torch:16 oak_planks:6] | F9=200[cobblestone:164 dirt:20 coal:16] | F10=117[empty] | F11=157[dirt:37 cobblestone:28 diorite:19] | F12=171[cobblestone:62 raw_copper:34 dirt:33] | F13=143[empty] | F14=217[cobblestone:104 dirt:31 diorite:30] | F15=178[empty] | F16=75[chest:1] | F17=178[cobblestone:64 dirt:35 diorite:24] | F18=215[cobblestone:107 granite:25 diorite:22] | F19=188[cobblestone:82 raw_copper:59 andesite:32]
   mem: heap=135M/172M old=-1M ext=151M ab=149M rss=433M cols=0 ents=0 evicted=0 path=3a/0q (max 6) stale=0
F18 [F18] died - respawning (cause: server: was impaled by Drowned [kind=mob by Drowned] | inferred: drowned@9.4 (0s before death at [-118,65,388]) [the inference corroborates the server verdict])
F18 [F18] death drop: ~226u lost at [-118,65,388] (cobblestone 64, cobblestone 43, granite 25, diorite 22, dirt 21, +13 more)
F18 [F18] water: death spot memorized as a hazard at [-118,65,388] (7 live, fleet-wide)
F10 sweep: 0 collected - machine unreachable (No path to the goal!) x1, machine unreachable (walk to a machine (sweep): timeout after 4770ms) x1
F10 final bank: 0 (nothing to deposit)
F2 [F2] combat: shelter dig-earn: 36 free slot(s), the dig supplies the seal
F2 [F2] combat: shelter try vs skeleton (dist 4.3, proximity)
F2 [F2] combat: shelter skip (open field: no diggable wall, skeleton@4.3)
F2 [F2] combat: shelter ring ranged mode: the full ring is refused, the arrow wall owns it vs skeleton@4.3
F2 [F2] combat: shelter skip (open field: ring stock 0/2, ground earns nothing)
F2 [F2] combat: fleeing skeleton (dist 4.3, hp 20.0, 1 nearby, proximity)
F8 [F8] combat: shelter try vs drowned (dist 9.1, sentry)
F8 [F8] combat: shelter skip (open field: no diggable wall, drowned@9.1)
F8 [F8] combat: shelter ring try vs drowned (dist 9.1, +x+z-z-x first, full ring, sentry)
F8 [F8] died - respawning (cause: server: was shot by Skeleton [kind=mob by Skeleton] | inferred: drowned@9.1 (0s before death at [-118,66,396]) [the inference CONTRADICTS the server verdict - the nearest harm was not the killer (the server kind stays the authority)])
F8 [F8] death drop: ~75u lost at [-118,66,396] (cobblestone 28, torch 16, oak_planks 6, oak_log 5, oak_sapling 3, +12 more)
F8 [F8] water: death spot memorized as a hazard at [-118,66,396] (8 live, fleet-wide)
F3 sweep: 0 collected - machine unreachable (Took to long to decide path to goal!) x2, machine unreachable (No path to the goal!) x1, machine unreachable (The goal was changed before it could be completed!) x1
F3 final bank: 0 (nothing to deposit)
[F9] walk nudge: approach: 2 segment(s) walked in 20.5s, goal now d=38.4 (still outside - the approach clock is spent)
[F9] walk nudge: closed to d=38.4 - retrying the machine from the new start
F14 [F14] combat: shelter try vs drowned (dist 9.3, sentry)
F14 [F14] combat: shelter skip (open field: no diggable wall, drowned@9.3)
F14 [F14] combat: shelter skip (open field: ring not buildable [oo oo -o oo] vs drowned@9.3)
F14 [F14] combat: fleeing drowned (dist 9.3, hp 4.0, 1 nearby, sentry)
F8 [F8] combat: shelter skip (open field: ring incomplete 3/8)
F8 [F8] combat: fleeing drowned (dist 9.1, hp 20.0, 1 nearby, sentry)
F14 [F14] died - respawning (cause: server: was impaled by Drowned [kind=mob by Drowned] | inferred: drowned@13.6 (0s before death at [-111,64,384]) [the inference corroborates the server verdict])
F14 [F14] death drop: ~283u lost at [-111,64,384] (cobblestone 64, cobblestone 40, dirt 31, diorite 30, torch 24, +15 more)
F14 [F14] water: death spot memorized as a hazard at [-111,64,384] (9 live, fleet-wide)
[F8] walk nudge: approach: 2 segment(s) walked in 20.1s, goal now d=22.6 (inside the direct envelope)
[F8] walk nudge: inside the direct envelope
F1 [F1] climb wet escape: 3 blocks walked (stalled, walked 2/4)
F1 [F1] climb diag: level at y=54 blocked toward 0,1 (dug=22, wet) at [-1,2,0] water (stop)
[hb] n=40 ts=801s rss=437M late=183ms mainLate=2043ms
t-0s alive=19/19 mined=3300 map=1520p/21ch banked=743 smelted=21 pocket=1703u/156s | sand=62 gravel=0 dirt=212 stone=0
   deficits: 157926/62 (0.0%) 149380/0 (0.0%) 31860/0 (0.0%) 27420/0 (0.0%) 10725/100 (0.9%)
   F1=282[cobblestone:114 diorite:46 andesite:24] | F2=198[oak_sapling:1] | F3=173[empty] | F4=105[torch:8 oak_sapling:5 stick:2] | F5=200[stick:4 birch_log:2 birch_planks:1] | F6=197[cobblestone:132 dirt:62 andesite:29] | F7=94[oak_log:5 stick:3 birch_sapling:2] | F8=207[empty] | F9=200[cobblestone:178 dirt:20 coal:16] | F10=117[empty] | F11=157[dirt:37 cobblestone:28 diorite:19] | F12=171[cobblestone:62 raw_copper:34 dirt:33] | F13=143[empty] | F14=217[empty] | F15=178[empty] | F16=75[chest:1] | F17=183[cobblestone:64 dirt:36 diorite:24] | F18=215[empty] | F19=188[cobblestone:82 raw_copper:59 andesite:32]
   mem: heap=143M/174M old=-1M ext=157M ab=154M rss=437M cols=0 ents=0 evicted=0 path=2a/0q (max 6) stale=0
F5 [F5] combat: fighting skeleton (dist 7.0, hp 12.1, 2 nearby, sentry)
F1 [F1] climb wet escape: 2 blocks walked (budget, walked 3/4)
F1 [F1] climb diag: level at y=54 blocked toward -1,0 (dug=22, wet) at [-1,1,0] water (stop)
F5 [F5] combat: verdict flipped to flee vs skeleton (hp 12.1)
F5 [F5] combat: shelter try vs skeleton (dist 3.4, sentry re-verdict)
F5 [F5] combat: shelter skip (open field: no diggable wall, skeleton@3.4)
F5 [F5] combat: shelter ring try vs skeleton (dist 3.4, +x-x+z-z first, arrow wall, sentry re-verdict)
F1 [F1] climb wet escape: 1 blocks walked (budget, walked 4/4)
F8 smelted 3 (iron_ingot:2 stone:1) rescued=0
F5 [F5] combat: sheltering from skeleton (arrow wall, cells 5/8, sentry re-verdict)
F8 iron commune: iron commune: path nudge approach: 1 segment(s) walked in 0.0s, goal now d=15.5 (inside the direct envelope)
F8 iron commune: iron commune: path nudge inside the direct envelope
F8 iron commune: iron commune: chest walk failed after the nudge (No path to the goal!)
F8 iron commune: chest walk failed (No path to the goal!)
F1 [F1] water: drowning rescue start (drowning, oxygen 15)
F1 [F1] water: pass 0 head=wet shore=none land=n/a y=53.0 o2=15 probes=0 at=[-128,53,374]
F8 iron commune: chest walk failed (No path to the goal!)
F5 [F5] died - respawning (cause: server: was impaled by Drowned [kind=mob by Drowned] | inferred: skeleton@0.2 (0s before death at [-118,65,405]) [the inference CONTRADICTS the server verdict - the nearest harm was not the killer (the server kind stays the authority)])
F5 [F5] death drop: ~15u lost at [-118,65,405] (sand 6, stick 4, birch_sapling 1, furnace 1, wooden_pickaxe 1, +2 more)
F5 [F5] water: death spot memorized as a hazard at [-118,65,405] (10 live, fleet-wide)
F2 [F2] combat: shelter dig-earn: 35 free slot(s), the dig supplies the seal
F2 [F2] combat: shelter try vs zombie (dist 5.7, proximity)
F2 [F2] combat: shelter skip (open field: no diggable wall, zombie@5.7)
F2 [F2] combat: shelter skip (open field: ring stock 0/8, ground earns nothing)
F2 [F2] combat: fleeing zombie (dist 5.7, hp 20.0, 2 nearby, proximity)
F17 [F17] climb diag: level at y=53 blocked toward -1,0 (dug=8, wet) at [0,2,1] water (stop)
F17 [F17] water: drowning rescue start (drowning, oxygen 2)
F17 [F17] water: pass 0 head=wet shore=none land=n/a y=52.0 o2=2 probes=0 at=[-128,52,381]
F17 [F17] climb wet escape: oxygen 1 at the floor - the escape yields, the rescue lane owns the air
F17 final climb: failed - low-o2
F17 final bank: 0 (still underground after 2 climb attempts - the chain from the shaft bottom is doomed walks)
F1 [F1] water: deep-pocket ascend - dug the ceiling dirt at [-129,57,374] (jump stalled 4+ passes, o2 16)
F1 [F1] water: pass 9 head=wet shore=none land=n/a y=55.2 o2=20 probes=0 at=[-128,55,375]
F1 [F1] water: frozen physics (10 flat passes at y=55.2, o2=20, head WET) - standing down, the reconnect lane owns this
F1 [F1] water: rescue standing down (frozen physics - the walk gate reopens, the reconnect lane owns a dead client) in 2.9s
F1 [F1] water: frozen client relog (#1 consecutive) (frozen while head-wet (1 verdict) - the drowning clock owns this client) - ending the session, the reconnect lane rebuilds the physics; the drowning sentry holds non-critical pages 10s (the frozen-return gate)
F1 [F1] water: hazard memorized at [-129,55,374] (11 live, fleet-wide)
F17 [F17] water: pass 6 head=dry shore=hit r=5 land=none y=54.2 o2=6 probes=0 at=[-128,54,380]
F16 [F16] water: air-bar glitch ignored (oxygen 0 on dry land at [-122,80,403], 351 total)
F6 [F6] combat: fighting zombie (dist 3.5, hp 20.0, 1 nearby, proximity)
F17 [F17] water: pass 12 head=dry shore=hit r=5 land=none y=54.2 o2=19 probes=0 at=[-128,54,380]
F17 [F17] water: frozen physics (10 flat passes at y=54.2, o2=20) - standing down, the reconnect lane owns this
F17 [F17] water: rescue standing down (frozen physics - the walk gate reopens, the reconnect lane owns a dead client) in 5.2s
F17 [F17] water: hazard memorized at [-128,54,380] (12 live, fleet-wide)
t-0s alive=19/19 mined=3302 map=1520p/21ch banked=743 smelted=24 pocket=1691u/146s | sand=62 gravel=0 dirt=213 stone=0
   deficits: 157926/62 (0.0%) 149380/0 (0.0%) 31860/0 (0.0%) 27420/0 (0.0%) 10725/100 (0.9%)
   F1=284[cobblestone:114 diorite:46 andesite:24] | F2=198[oak_sapling:1] | F3=173[empty] | F4=105[torch:8 oak_sapling:5 stick:2] | F5=200[empty] | F6=197[cobblestone:132 dirt:62 andesite:29] | F7=94[oak_log:5 stick:3 birch_sapling:2] | F8=207[empty] | F9=200[cobblestone:178 dirt:20 coal:16] | F10=117[empty] | F11=157[dirt:37 cobblestone:28 diorite:19] | F12=171[cobblestone:62 raw_copper:34 dirt:33] | F13=143[empty] | F14=217[empty] | F15=178[empty] | F16=75[chest:1] | F17=183[cobblestone:64 dirt:36 diorite:24] | F18=215[empty] | F19=188[cobblestone:82 raw_copper:59 andesite:32]
   mem: heap=140M/172M old=-1M ext=159M ab=156M rss=441M cols=0 ents=0 evicted=0 path=1a/0q (max 6) stale=0
F2 [F2] combat: shelter dig-earn: 35 free slot(s), the dig supplies the seal
F2 [F2] combat: shelter try vs zombie (dist 4.7, proximity)
F2 [F2] combat: shelter skip (open field: no diggable wall, zombie@4.7)
F2 [F2] combat: shelter skip (open field: ring not buildable [oo -o oo -o] vs zombie@4.7)
F2 [F2] combat: fleeing zombie (dist 4.7, hp 20.0, 1 nearby, proximity)
F6 [F6] combat: drift return wait vs zombie (@5.5) - the swimmer always comes back
[F9] walk nudge: approach: 2 segment(s) walked in 19.4s, goal now d=18.8 (inside the direct envelope)
[F9] walk nudge: inside the direct envelope
F16 [F16] water: air-bar glitch override - 40 consecutive critical-on-dry reads, believing the bar at [-122,80,403]
F16 [F16] water: drowning rescue start (drowning, oxygen 0)
F16 [F16] water: rescue complete in 0.0s
F16 [F16] water: dry-land proof (rescue saw no water in 0.0s) - the critical-on-dry streak restarts, the next glitch page waits 20s
F16 [F16] water: liar ladder ratchets - confirmed no-op glitch page #7, the next override needs 40 fresh critical-on-dry reads
F8 iron commune: chest walk failed (iron commune walk @-117,405: timeout after 10270ms)
F8 final bank: +1
[hb] n=41 ts=821s rss=443M late=187ms mainLate=307ms
F17 [F17] water: drowning rescue start (drowning, oxygen 14)
F17 [F17] water: pass 0 head=wet shore=none land=n/a y=52.0 o2=14 probes=0 at=[-128,52,380]
F1 final climb: failed - timeout
F1 final bank: 0 (still underground after 2 climb attempts - the chain from the shaft bottom is doomed walks)
F9 smelt: 0 (raw_iron@furnace: machine unreachable (Took to long to decide path to goal!); raw_iron@furnace: machine unreachable (the yard stands 28 levels up over 20b lateral - the walk ladder cannot climb); raw_iron@furnace: machine unreachable (No path to the goal!); raw_iron@furnace: machine unreachable (No path to the goal!); raw_copper@furnace: machine unreachable (the yard stands 25 levels up over 5b lateral - the walk ladder cannot climb); raw_copper@furnace: machine unreachable (Took to long to decide path to goal!))
F9 iron commune: no yard chest in range
F9 fuel anchor scan returned empty (attempt 1/2) at [-148,45,419] yard d=47 - the palette empty-return class, re-querying
F9 fuel anchor scan returned empty (attempt 2/2) at [-148,45,419] yard d=47
F9 fuel anchor scan empty x2 - the singular probe rescued the scan (chest at [-142,80,415])
F9 fuel anchor: 0 delivered (the vertical gate: the yard stands 35 levels up over 7b lateral - the walk ladder cannot climb) - the legacy scatter carries the tithe
F9 [F9] chest skip (vertical doom: the yard stands 35 levels up over 7b lateral - the walk ladder cannot climb)
F9 [F9] chest skip (vertical doom: the yard stands 35 levels up over 9b lateral - the walk ladder cannot climb)
F9 [F9] chest skip (vertical doom: the yard stands 35 levels up over 11b lateral - the walk ladder cannot climb)
F9 [F9] chest skip (vertical doom: the yard stands 35 levels up over 11b lateral - the walk ladder cannot climb)
F9 [F9] chest skip (vertical doom: the yard stands 35 levels up over 12b lateral - the walk ladder cannot climb)
F9 [F9] chest skip (vertical doom: the yard stands 35 levels up over 13b lateral - the walk ladder cannot climb)
F9 [F9] chest skip (vertical doom: the yard stands 35 levels up over 14b lateral - the walk ladder cannot climb)
F9 [F9] chest skip (vertical doom: the yard stands 35 levels up over 15b lateral - the walk ladder cannot climb)
F9 final bank: 0 (no chest in range)
================ FLEET RESULT (normal end - deadline 600s reached) ================
bots=19 spawned=19 reconnects=4 kicks=0 tools=18 recovered=2 reboots=0 upgraded=23 swords=17 alive=19 climbs=30 banked=744 smelted=24 planted=8 torched=4 fights=16 kills=1 shelters=2 rescues=46 airGlitches=375 claims=15 claimedHolds=0 wet=12 wt=2
sentry per-bot: F1 g0/r5 F2 g0/r6 F10 g0/r1 F11 g0/r2 F13 g14/r7 F15 g0/r3 F16 g361/r11 F17 g0/r7 F18 g0/r1 F19 g0/r3 | 9 g0/r0
server guard: losses=0 (window 0/10) relogins=23 probe=n/a dead=no revives=0 restarts=0
pickaxe tiers at end: wooden_pickaxe,stone_pickaxe,iron_pickaxe -> wooden=15 stone=8 iron=0
blocks mined: 3302 in ~600s = 5.50 blocks/s (330/min)
loot ledger: mined=3302 banked=744 smelted=24 pocket=1691u/146s accounted=2459 unaccounted=843 surplus=0u conversion=74.5%
sweep drop ledger: sweeps=40 picked=336u failed=109 (below x28, plane x15, above x66) deepSkip=35 lipDig=0
  sand          collected      62 (0.039% of 157,926)
  gravel        collected       0 (0.000% of 149,380)
  dirt          collected     213
  stone         collected     660 (9.858% of 6,695)
materials: {"oak_log":199,"grass_block":56,"dirt":320,"stone":1568,"andesite":160,"coal_ore":267,"granite":129,"iron_ore":44,"diorite":202,"sand":99,"birch_log":56,"copper_ore":126,"cobblestone":11,"birch_leaves":5,"oak_leaves":36,"gravel":11,"smooth_stone":2,"chest":1,"sandstone":9,"crafting_table":1}
kicks handled: 0 (reconnect attempts: 4)
no-path ledger: 2 live verdict(s) at end phase
full-chest ledger: 0 live verdict(s) at end phase
doomed-goal ledger: 257 recorded, 1031 re-issues refused at the funnel, 17 re-dooms absorbed (the v0.96.0 backoff - the storm can no longer out-pace the ttl), 7 live at end phase (v0.72.0 spiral breaker)
walk governor: 5 stall(s) opened, 96 churn re-issues refused (v0.74.0 churn breaker - goals queued+done with zero progress during the run68-class storms)
fleet churn ceiling: 0 open(s), 0 aggregate re-issues refused (v0.77.0 - the per-bot limit leaves the fleet-wide burst unbounded)
goal brake: 6 burst open(s), 26 re-issues refused, 0 fleet-ceiling open(s), 0 fleet refusals (v0.143.0 - the re-issue CADENCE is the storm's rate knob: run 35994461858's flood walkers progressed 1-3 blocks per walk so the progress-judged governors never fired, and their near goals flowed through the closed valve, while ~90MB searches marched at 2.5 goals/s per walker into a frozen main)
alloc valve: 0 close(s) (0 by the worker probe, 0 by the queue-pressure arm, 0 by the funnel probe, 0 by the slow envelope), 0 strike(s), 0 long walks refused, 0 short walks passed while closed, 0 aquifer-gate refusals (v0.105.0 one valve two feeders + the aquifer gate - the run93 fix: the ticker feeds the consulted singleton, the worker's probe verdict rides the storm cell for the freeze class, and while closed the near exemption refuses live-hazard goals - near is not cheap in a flooded region; v0.115.0 the queue-pressure arm closes on the SUSTAINED pathfinder saturation - run101's 8-12q wall warned 80s before the rss burst; v0.121.0 the funnel probe - run105's storm starved the timers that carried both feeders while the walk funnel itself marched through the kill window, so the funnel now carries its own verdict and applies the worker's cell inline; v0.144.0 the slow envelope - run80's ramp sawtoothed past the fast anchor's dip rule while the consults marched, the 5s slide is the dip-immune read)
storm duck: 0 arm(s), 0 walk(s) refused fleet-wide while ducked (v0.143.0 - run58: the storm's next-column class is near BY CONSTRUCTION and rode the closed valve's near exemption to the 3000M ceiling; a live storm verdict now shuts EVERY goal for 15s and sweeps the in-flight goals, the A* starves within one think window, the worker's grace lands the cure instead of the ceiling landing the kill)
worldmap: 1520 positions, 21 chunks scanned, top: coal_ore=426 oak_log=336 sand=311 copper_ore=269 birch_log=82
report: data/fleet-report.json written
plan progress: 2/31 resources complete
