launching 19 bots for 600s -> targets sand, gravel, dirt, stone
[hb] n=1 ts=20s rss=244M late=4ms mainLate=0ms
[hb] n=2 ts=40s rss=324M late=10ms mainLate=321ms
[hb] n=3 ts=60s rss=366M late=11ms mainLate=367ms
t-535s alive=19/19 mined=97 map=245p/7ch banked=0 smelted=0 pocket=51u/14s | sand=0 gravel=0 dirt=0 stone=0
   deficits: 157926/0 (0.0%) 149380/0 (0.0%) 31860/0 (0.0%) 27420/0 (0.0%) 10725/0 (0.0%)
   F1=11[birch_log:7 oak_log:6] | F2=0[empty] | F3=8[oak_log:3] | F4=16[empty] | F5=13[empty] | F6=0[chest:1] | F7=4[empty] | F8=1[empty] | F9=4[oak_log:7 oak_sapling:1] | F10=3[birch_log:3 oak_log:1] | F11=8[empty] | F12=4[oak_log:7] | F13=4[oak_log:6] | F14=2[oak_log:3] | F15=4[stick:2] | F16=4[empty] | F17=6[oak_log:2] | F18=5[oak_log:2] | F19=0[empty]
   mem: heap=114M/142M old=-1M ext=130M ab=128M rss=369M cols=2072 ents=2134 evicted=225 path=6a/10q (max 6) stale=0
F1 [F1] craft torches: stick-dry but 14 planks held - one stick batch first
F1 [F1] craft torches: skip (no spare sticks: sticks 0 coals 0)
t-520s alive=19/19 mined=112 map=274p/7ch banked=0 smelted=0 pocket=97u/29s | sand=0 gravel=0 dirt=0 stone=0
   deficits: 157926/0 (0.0%) 149380/0 (0.0%) 31860/0 (0.0%) 27420/0 (0.0%) 10725/0 (0.0%)
   F1=11[oak_planks:12 birch_log:4 stick:4] | F2=1[oak_log:4 oak_sapling:1 birch_sapling:1] | F3=8[oak_log:4] | F4=16[empty] | F5=13[empty] | F6=0[chest:1] | F7=4[empty] | F8=5[oak_log:5] | F9=7[oak_log:7 oak_sapling:1] | F10=3[birch_log:3 oak_log:1 oak_sapling:1] | F11=10[oak_log:4] | F12=8[oak_log:8 oak_planks:6 stick:4] | F13=4[oak_log:6] | F14=2[oak_log:3 birch_log:1] | F15=4[stick:2 oak_log:1] | F16=4[empty] | F17=6[oak_log:3] | F18=5[oak_log:4] | F19=1[empty]
   mem: heap=107M/141M old=-1M ext=128M ab=126M rss=368M cols=2039 ents=1868 evicted=288 path=6a/9q (max 6) stale=0
[hb] n=4 ts=80s rss=370M late=15ms mainLate=302ms
F12 [F12] craft torches: stick-dry with logs held - one plank conversion first
F12 [F12] craft torches: stick-dry but 6 planks held - one stick batch first
F12 [F12] craft torches: skip (no coal: sticks 4 coals 0)
F12 dir=(-0.88,-0.48) logs=7 tools=wooden_pickaxe
F12 spare pick due: spare (planks available)
F12 spare pick: OK (wooden_pickaxe, holds 2)
F12 [F12] craft torches: stick-dry with logs held - one plank conversion first
F12 [F12] craft oak_planks: no craftable recipe variant (ingredients missing?)
F12 [F12] craft torches: stick-dry but 5 planks held - one stick batch first
F12 [F12] craft torches: skip (no coal: sticks 6 coals 0)
F1 dir=(1.00,0.00) logs=7 tools=wooden_pickaxe
F1 spare pick due: spare (planks available)
F1 spare pick: OK (wooden_pickaxe, holds 2)
F1 sword due: planks available
F1 sword: OK (wooden_sword, holds 1)
F1 sword: OK (wooden_sword)
F1 [F1] craft torches: stick-dry but 7 planks held - one stick batch first
F1 [F1] craft torches: skip (no coal: sticks 5 coals 0)
F12 [F12] torch: the placement did not land (dry) x1 - the streak names itself once, a landing re-arms it
F1 [F1] torch: the placement did not land (dry) x1 - the streak names itself once, a landing re-arms it
t-505s alive=19/19 mined=146 map=317p/7ch banked=0 smelted=0 pocket=121u/43s | sand=0 gravel=0 dirt=8 stone=0
   deficits: 157926/0 (0.0%) 149380/0 (0.0%) 31860/0 (0.0%) 27420/0 (0.0%) 10725/0 (0.0%)
   F1=19[stick:5 oak_planks:5 birch_log:4] | F2=6[oak_log:4 oak_sapling:1 birch_sapling:1] | F3=8[oak_log:4] | F4=16[empty] | F5=13[empty] | F6=0[chest:1] | F7=4[empty] | F8=8[oak_log:5] | F9=9[oak_log:7 oak_sapling:1] | F10=3[birch_log:3 oak_log:1 oak_sapling:1] | F11=13[oak_log:5] | F12=20[oak_log:6 stick:6 diorite:6] | F13=4[oak_log:6] | F14=2[oak_log:3 birch_log:2] | F15=5[oak_log:4 stick:2] | F16=4[empty] | F17=6[oak_log:3] | F18=5[oak_log:4] | F19=1[oak_log:1]
   mem: heap=106M/142M old=-1M ext=129M ab=126M rss=369M cols=2044 ents=1807 evicted=369 path=6a/9q (max 6) stale=0
F12 tool upgrade due: cobble available -> stone_pickaxe
F1 tool upgrade due: cobble available -> stone_pickaxe
[hb] n=5 ts=100s rss=372M late=20ms mainLate=230ms
F1 [toolupgrade] [upgrade] upgraded: stone_pickaxe,wooden_shovel,wooden_pickaxe,wooden_pickaxe
F1 tool upgrade: OK -> stone_pickaxe (stone_pickaxe,wooden_shovel,wooden_pickaxe,wooden_pickaxe)
F1 [F1] craft torches: skip (no coal: sticks 3 coals 0)
F12 [toolupgrade] [upgrade] upgraded: stone_pickaxe,wooden_shovel,wooden_pickaxe,wooden_pickaxe
F12 tool upgrade: OK -> stone_pickaxe (stone_pickaxe,wooden_shovel,wooden_pickaxe,wooden_pickaxe)
F12 sword due: planks available
F12 sword: OK (wooden_sword, holds 1)
F12 sword: OK (wooden_sword)
F12 [F12] craft torches: skip (no coal: sticks 3 coals 0)
F12 [F12] craft torches: skip (no coal: sticks 3 coals 0)
F12 [F12] craft torches: skip (no coal: sticks 3 coals 0)
F12 tunnel: steering coal_ore @ 4.7b (axis z+, cross 2.49999999660713, floor lock)
F1 [F1] craft torches: skip (no coal: sticks 3 coals 0)
F1 [F1] craft torches: skip (no coal: sticks 3 coals 0)
F1 tunnel: steering coal_ore @ 6.7b (axis z--1, cross 1.4567321889358738, floor lock)
F9 [F9] craft torches: stick-dry with logs held - one plank conversion first
t-490s alive=19/19 mined=198 map=432p/9ch banked=0 smelted=0 pocket=195u/63s | sand=0 gravel=0 dirt=8 stone=0
   deficits: 157926/0 (0.0%) 149380/0 (0.0%) 31860/0 (0.0%) 27420/0 (0.0%) 10725/0 (0.0%)
   F1=34[cobblestone:15 birch_log:4 dirt:4] | F2=6[oak_planks:8 stick:4 birch_planks:2] | F3=11[oak_log:7] | F4=17[oak_sapling:1 oak_log:1] | F5=13[stick:2] | F6=2[chest:1] | F7=6[empty] | F8=9[oak_log:6 oak_planks:6 stick:4] | F9=9[oak_planks:6 wooden_shovel:1 wooden_pickaxe:1] | F10=4[birch_log:3 oak_sapling:2 oak_log:1] | F11=17[oak_planks:8 oak_log:6 stick:4] | F12=30[granite:8 diorite:6 oak_log:5] | F13=6[oak_log:6 stick:2] | F14=6[birch_log:6 oak_log:3] | F15=8[oak_log:8 stick:2] | F16=4[empty] | F17=7[oak_log:4] | F18=5[oak_log:4 oak_sapling:1] | F19=4[oak_log:1]
   mem: heap=102M/142M old=-1M ext=128M ab=126M rss=372M cols=2033 ents=1895 evicted=469 path=4a/0q (max 6) stale=0
F9 [F9] craft torches: stick-dry but 6 planks held - one stick batch first
F9 [F9] craft torches: skip (no coal: sticks 4 coals 0)
F9 dir=(-0.88,0.48) logs=8 tools=wooden_pickaxe
F9 spare pick due: spare (planks available)
F12 tunnel: 2 blocks (branch mine at the floor, steered, floor lock)
F1 tunnel: 2 blocks (branch mine at the floor, steered, floor lock)
F12 [F12] craft torches: skip (no coal: sticks 3 coals 0)
F12 [F12] craft torches: skip (no coal: sticks 3 coals 0)
F12 tunnel: steering coal_ore @ 4.5b (axis z+, cross 0.6999999999999886, floor lock)
F9 spare pick: OK (wooden_pickaxe, holds 2)
F9 [F9] craft torches: stick-dry with logs held - one plank conversion first
F2 [F2] craft torches: stick-dry but 6 planks held - one stick batch first
F8 [F8] craft torches: stick-dry with logs held - one plank conversion first
F2 [F2] craft torches: skip (no coal: sticks 4 coals 0)
F11 [F11] craft torches: stick-dry but 6 planks held - one stick batch first
F11 [F11] craft torches: skip (no spare sticks: sticks 0 coals 0)
F9 [F9] craft torches: stick-dry but 9 planks held - one stick batch first
F8 [F8] craft torches: stick-dry but 6 planks held - one stick batch first
F8 [F8] craft torches: skip (no coal: sticks 4 coals 0)
F9 [F9] craft torches: skip (no coal: sticks 6 coals 0)
F11 dir=(-0.99,-0.16) logs=6 tools=wooden_pickaxe
F11 [F11] craft torches: skip (no coal: sticks 4 coals 0)
F2 dir=(0.95,0.32) logs=1 tools=wooden_pickaxe
F2 spare pick due: spare (planks available)
F8 dir=(-0.68,0.74) logs=5 tools=wooden_pickaxe
F8 spare pick due: spare (planks available)
F8 spare pick: OK (wooden_pickaxe, holds 2)
F8 [F8] craft torches: stick-dry with logs held - one plank conversion first
F2 spare pick: OK (wooden_pickaxe, holds 2)
F2 [F2] craft torches: stick-dry with logs held - one plank conversion first
F12 tunnel: 2 blocks (branch mine at the floor, steered, floor lock)
F2 [F2] craft torches: stick-dry but 5 planks held - one stick batch first
F2 [F2] craft torches: skip (no coal: sticks 6 coals 0)
F8 [F8] craft torches: stick-dry but 9 planks held - one stick batch first
F8 [F8] craft torches: skip (no coal: sticks 6 coals 0)
F12 [F12] vein sweep: 1 drop(s) in reach (1 dug)
F11 [F11] torch: the placement did not land (dry) x1 - the streak names itself once, a landing re-arms it
F9 [F9] water: drowning rescue start (drowning, oxygen 14)
F9 [F9] water: pass 0 head=wet shore=none land=n/a y=60.0 o2=14 probes=0 at=[-123,60,388]
[hb] n=6 ts=120s rss=370M late=26ms mainLate=390ms
F8 [F8] torch: the placement did not land (dry) x1 - the streak names itself once, a landing re-arms it
F2 [F2] torch: the placement did not land (dry) x1 - the streak names itself once, a landing re-arms it
F12 [F12] vein sweep: the drop walk to [-154,46,408] failed - sweep drops: timeout after 4000ms (dy 3.3, range 2)
F12 [F12] vein sweep: +2u walked from the drops (1 dug)
F12 [F12] vein sweep: 1 above-plane walk(s) timed out on the wide goal (range 2) - the ledge family (the v0.189.0 class, the triage names it)
F12 vein sweep: 1 ores dug beside the gallery (floor lock)
F9 sword due: planks available
F12 [F12] craft torches: skip (no coal: sticks 3 coals 0)
F9 [F9] water: pass 6 head=dry shore=hit r=3 land=none y=62.2 o2=20 probes=0 at=[-123,62,387]
F12 [F12] craft torches: skip (no coal: sticks 3 coals 0)
F12 tunnel: steering coal_ore @ 4b (axis x--1, cross 2.3000000000000114, floor lock)
F9 [F9] water: rescue complete in 2.8s
F9 [F9] water: hazard memorized at [-124,62,387] (1 live, fleet-wide)
F9 sword: OK (wooden_sword, holds 1)
F9 sword: OK (wooden_sword)
F9 [F9] craft torches: skip (no coal: sticks 5 coals 0)
F9 [F9] digShaft: water hazard 1.0b away (live 1) - refusing this column, the caller rotates
F9 [F9] craft torches: skip (no coal: sticks 5 coals 0)
F9 [F9] digShaft: water hazard 1.0b away (live 1) - refusing this column, the caller rotates
F9 tunnel: steering coal_ore @ 4b (axis x+, cross 0.27662818946743073, floor lock)
F9 tunnel: 0 blocks (branch mine at the floor, steered, floor lock)
F2 tool upgrade due: cobble available -> stone_pickaxe
F2 [toolupgrade] [upgrade] craft crafting_table: no craftable recipe variant (ingredients missing?)
F2 tool upgrade: failed -> none (no table material)
F2 sword due: cobble available
F2 sword: no table reachable or placeable
F2 sword: failed (no table)
F2 [F2] craft torches: skip (no coal: sticks 6 coals 0)
F8 tool upgrade due: cobble available -> stone_pickaxe
t-475s alive=19/19 mined=296 map=476p/11ch banked=0 smelted=0 pocket=294u/91s | sand=0 gravel=0 dirt=25 stone=0
   deficits: 157926/0 (0.0%) 149380/0 (0.0%) 31860/0 (0.0%) 27420/0 (0.0%) 10725/2 (0.0%)
   F1=50[cobblestone:15 birch_log:4 dirt:4] | F2=18[stick:6 cobblestone:6 dirt:4] | F3=14[oak_log:10] | F4=21[oak_log:5 oak_sapling:1] | F5=13[oak_log:4 stick:2 dirt:1] | F6=4[chest:1] | F7=8[oak_log:3] | F8=21[cobblestone:7 stick:6 dirt:5] | F9=14[oak_log:6 oak_planks:5 stick:5] | F10=8[birch_log:3 oak_sapling:2 oak_log:1] | F11=32[diorite:8 oak_log:6 stick:4] | F12=37[granite:15 diorite:6 oak_log:5] | F13=10[oak_log:8 stick:2] | F14=6[birch_log:6 oak_log:3 oak_sapling:1] | F15=8[oak_planks:11 oak_log:5 stick:2] | F16=8[leaf_litter:3 oak_log:3] | F17=10[oak_log:5] | F18=9[oak_log:6 oak_sapling:1] | F19=5[oak_log:1]
   mem: heap=108M/144M old=-1M ext=127M ab=124M rss=371M cols=2029 ents=1950 evicted=565 path=6a/5q (max 6) stale=0
F1 [F1] vein sweep: 8 drop(s) in reach (17 dug)
F1 [F1] vein sweep: lip dig refused - sealed floor (air 0, dy -1.9)
F8 [toolupgrade] [upgrade] upgraded: stone_pickaxe,wooden_shovel,wooden_pickaxe,wooden_pickaxe
F8 tool upgrade: OK -> stone_pickaxe (stone_pickaxe,wooden_shovel,wooden_pickaxe,wooden_pickaxe)
F8 sword due: planks available
F11 tool upgrade due: cobble available -> stone_pickaxe
F1 [F1] vein sweep: lip dig refused - sealed floor (air 0, dy -1.0)
F8 sword: OK (wooden_sword, holds 1)
F8 sword: OK (wooden_sword)
F8 [F8] craft torches: skip (no coal: sticks 3 coals 0)
F9 [F9] vein sweep: 6 drop(s) in reach (4 dug)
F12 tunnel: 12 blocks (branch mine at the floor, steered, floor lock)
F1 [F1] vein sweep: the drop walk to [-120,40,395] failed - sweep drops: timeout after 4000ms (dy -2.0, range 2)
F9 [F9] vein sweep: the drop walk to [-126,63,391] failed - sweep drops: timeout after 4000ms (dy -0.3, range 1)
F9 [F9] vein sweep: the drop walks picked nothing (pocket delta 0, 1 failed walk(s))
F9 [F9] vein sweep: 5 deep drop(s) skipped (dy < -2 - the lip sphere cannot reach, the walk was a guaranteed spiral)
F9 vein sweep: 4 ores dug beside the gallery (floor lock)
F1 [F1] vein sweep: the drop walk to [-121,39,395] failed - spin breaker: sweep drops re-issued 2x inside the 10s window after its own pf:done - sweep drops refused for 30s (the sync re-issue breaker: the goal->done->goal churn starves the timers, the run53 alloc-storm class) (dy 0.0, range 1)
F3 [F3] craft torches: stick-dry with logs held - one plank conversion first
F11 [toolupgrade] [upgrade] upgraded: stone_pickaxe,wooden_shovel,wooden_pickaxe
F11 tool upgrade: OK -> stone_pickaxe (stone_pickaxe,wooden_shovel,wooden_pickaxe)
F11 sword due: planks available
F1 [F1] vein sweep: +16u walked from the drops (17 dug)
F1 [F1] vein sweep: 1 below-plane walk(s) still failed on the wide goal (range 2) - the drop rests deeper than the lip
F1 vein sweep: 17 ores dug beside the gallery (floor lock)
F3 [F3] craft torches: stick-dry but 6 planks held - one stick batch first
F1 [F1] craft torches: skip (no coal: sticks 3 coals 0)
F1 [F1] craft torches: skip (no coal: sticks 3 coals 0)
F1 tunnel: steering coal_ore @ 6.8b (axis z--1, cross 0.3990038152487472, floor lock)
F3 [F3] craft torches: skip (no coal: sticks 4 coals 0)
F3 dir=(0.79,0.61) logs=6 tools=wooden_pickaxe
F3 spare pick due: spare (planks available)
F8 [F8] craft torches: skip (no coal: sticks 3 coals 0)
F8 [F8] craft torches: skip (no coal: sticks 3 coals 0)
F8 tunnel: steering coal_ore @ 8.9b (axis x--1, cross 2.532923651068131, floor lock)
F11 sword: OK (wooden_sword, holds 1)
F11 sword: OK (wooden_sword)
F11 [F11] craft torches: stick-dry with logs held - one plank conversion first
F14 [F14] craft torches: stick-dry but 14 planks held - one stick batch first
F3 spare pick: OK (wooden_pickaxe, holds 2)
F3 [F3] craft torches: stick-dry with logs held - one plank conversion first
F14 [F14] craft torches: skip (no coal: sticks 4 coals 0)
F9 [F9] craft torches: skip (no coal: sticks 5 coals 0)
F14 dir=(-0.40,-0.92) logs=3 tools=wooden_pickaxe
F14 spare pick due: spare (planks available)
F11 [F11] craft torches: stick-dry but 10 planks held - one stick batch first
F11 [F11] craft torches: skip (no coal: sticks 5 coals 0)
t-460s alive=19/19 mined=360 map=511p/11ch banked=0 smelted=0 pocket=408u/109s | sand=0 gravel=0 dirt=27 stone=0
   deficits: 157926/0 (0.0%) 149380/0 (0.0%) 31860/0 (0.0%) 27420/0 (0.0%) 10725/11 (0.1%)
   F1=55[cobblestone:23 raw_iron:17 birch_log:4] | F2=24[cobblestone:11 stick:6 dirt:4] | F3=14[oak_planks:9 oak_log:4 stick:2] | F4=21[oak_planks:12 birch_planks:6 stick:4] | F5=17[oak_log:5 stick:2 dirt:1] | F6=4[chest:1] | F7=14[oak_log:4] | F8=33[andesite:9 cobblestone:8 dirt:5] | F9=19[oak_log:6 leaf_litter:6 oak_planks:5] | F10=8[birch_planks:6 oak_planks:4 stick:4] | F11=36[diorite:8 oak_planks:7 stick:5] | F12=51[granite:15 cobblestone:14 diorite:6] | F13=10[oak_log:5 stick:4 oak_planks:3] | F14=6[oak_planks:12 stick:4 birch_log:3] | F15=8[oak_planks:11 oak_log:5 stick:2] | F16=8[leaf_litter:5 oak_log:3] | F17=15[oak_log:5] | F18=12[oak_log:6] | F19=5[oak_log:4]
   mem: heap=106M/146M old=-1M ext=125M ab=122M rss=372M cols=1991 ents=2150 evicted=634 path=3a/0q (max 6) stale=0
F3 [F3] craft torches: stick-dry but 9 planks held - one stick batch first
[hb] n=7 ts=140s rss=372M late=31ms mainLate=483ms
F3 [F3] craft torches: skip (no coal: sticks 6 coals 0)
F14 spare pick: OK (wooden_pickaxe, holds 2)
F14 sword due: planks available
F13 [F13] craft torches: stick-dry with logs held - one plank conversion first
F13 [F13] craft torches: stick-dry but 6 planks held - one stick batch first
F4 [F4] craft torches: stick-dry but 14 planks held - one stick batch first
F10 [F10] craft torches: stick-dry but 6 planks held - one stick batch first
F14 sword: OK (wooden_sword, holds 1)
F14 sword: OK (wooden_sword)
F14 [F14] craft torches: stick-dry but 7 planks held - one stick batch first
F1 tunnel: 4 blocks (branch mine at the floor, steered, floor lock)
F11 [F11] craft torches: skip (no coal: sticks 5 coals 0)
F11 [F11] craft torches: skip (no coal: sticks 5 coals 0)
F11 tunnel: steering coal_ore @ 9.1b (axis x--1, cross 1.5, floor lock)
F14 [F14] craft torches: skip (no coal: sticks 5 coals 0)
F4 [F4] craft torches: skip (no coal: sticks 4 coals 0)
F4 dir=(0.55,0.84) logs=3 tools=wooden_pickaxe
F4 spare pick due: spare (planks available)
F10 [F10] craft torches: skip (no coal: sticks 4 coals 0)
F10 dir=(-0.99,0.16) logs=0 tools=wooden_pickaxe
F10 spare pick due: spare (planks available)
F13 [F13] craft torches: skip (no coal: sticks 6 coals 0)
F12 [F12] vein sweep: 8 drop(s) in reach (9 dug)
F13 dir=(-0.68,-0.74) logs=4 tools=wooden_pickaxe
F13 spare pick due: spare (planks available)
F1 [F1] vein sweep: 2 drop(s) in reach (2 dug)
F1 [F1] vein sweep: the drop walk to [-119,39,394] failed - spin breaker: sweep drops re-issued 2x inside the 10s window after its own pf:done - sweep drops refused for 21s (the sync re-issue breaker: the goal->done->goal churn starves the timers, the run53 alloc-storm class, hold live) (dy -1.0, range 2)
F4 spare pick: OK (wooden_pickaxe, holds 2)
F4 sword due: planks available
F10 spare pick: OK (wooden_pickaxe, holds 2)
F10 [F10] craft torches: skip (no spare sticks: sticks 2 coals 0)
F1 [F1] vein sweep: the drop walk to [-120,42,389] failed - spin breaker: sweep drops re-issued 2x inside the 10s window after its own pf:done - sweep drops refused for 21s (the sync re-issue breaker: the goal->done->goal churn starves the timers, the run53 alloc-storm class, hold live) (dy 1.8, range 2)
F1 [F1] vein sweep: the drop walks picked nothing (pocket delta 0, 2 failed walk(s))
F1 [F1] vein sweep: 1 below-plane walk(s) still failed on the wide goal (range 2) - the drop rests deeper than the lip
F1 [F1] vein sweep: 1 above-plane walk(s) timed out on the wide goal (range 2) - the ledge family (the v0.189.0 class, the triage names it)
F1 vein sweep: 2 ores dug beside the gallery (floor lock)
F13 spare pick: OK (wooden_pickaxe, holds 2)
F13 [F13] craft torches: skip (no coal: sticks 4 coals 0)
F9 [F9] torch: the placement did not land (dry) x1 - the streak names itself once, a landing re-arms it
F2 [F2] craft torches: skip (no coal: sticks 6 coals 0)
F2 [F2] craft torches: skip (no coal: sticks 6 coals 0)
F2 tunnel: steering copper_ore @ 2.5b (axis z+, cross 0.4999999185711488, floor lock)
F4 sword: OK (wooden_sword, holds 1)
F4 sword: OK (wooden_sword)
F4 [F4] craft torches: stick-dry but 7 planks held - one stick batch first
F3 [F3] torch: the placement did not land (dry) x1 - the streak names itself once, a landing re-arms it
F4 [F4] craft torches: skip (no coal: sticks 5 coals 0)
F9 tool upgrade due: cobble available -> stone_pickaxe
F8 tunnel: 12 blocks (branch mine at the floor, steered, floor lock)
F14 [F14] torch: the placement did not land (dry) x1 - the streak names itself once, a landing re-arms it
F12 [F12] vein sweep: the drop walk to [-160,43,406] failed - sweep drops: timeout after 4000ms (dy 0.0, range 1)
F3 tool upgrade due: cobble available -> stone_pickaxe
F10 [F10] torch: the placement did not land (dry) x1 - the streak names itself once, a landing re-arms it
F12 [F12] vein sweep: the drop walk to [-156,46,406] failed - spin breaker: sweep drops re-issued 2x inside the 10s window after its own pf:done - sweep drops refused for 30s (the sync re-issue breaker: the goal->done->goal churn starves the timers, the run53 alloc-storm class) (dy 3.0, range 2)
F12 [F12] vein sweep: +12u walked from the drops (9 dug)
F12 [F12] vein sweep: 4 above-plane walk(s) timed out on the wide goal (range 2) - the ledge family (the v0.189.0 class, the triage names it)
F12 vein sweep: 9 ores dug beside the gallery (floor lock)
F2 tunnel: 2 blocks (branch mine at the floor, steered, floor lock)
F13 [F13] torch: the placement did not land (dry) x1 - the streak names itself once, a landing re-arms it
F12 [F12] craft torches: skip (no coal: sticks 3 coals 0)
F12 [F12] craft torches: skip (no coal: sticks 3 coals 0)
F12 tunnel: steering coal_ore @ 4.7b (axis x+, cross 2.5, floor lock)
F14 [F14] digShaft: water strike at y=50 -> water table (regions 1); fluid below (-117, 51, 393) - moving sideways
F14 [F14] digShaft: water table y=54 (region strike) - stopping above the aquifer, the tunnel owns this level (regions 1)
F9 [toolupgrade] [upgrade] upgraded: stone_pickaxe,wooden_shovel,wooden_pickaxe,wooden_pickaxe
F9 tool upgrade: OK -> stone_pickaxe (stone_pickaxe,wooden_shovel,wooden_pickaxe,wooden_pickaxe)
F9 [F9] craft torches: skip (no coal: sticks 3 coals 0)
F11 tunnel: 12 blocks (branch mine at the floor, steered, floor lock)
F14 [F14] craft torches: skip (no coal: sticks 5 coals 0)
F14 [F14] digShaft: water strike at y=50 -> water table (regions 1); fluid below (-117, 51, 393) - moving sideways
F14 [F14] digShaft: water strike at y=50 -> water table (regions 1); fluid below (-117, 51, 393) - moving sideways
F14 [F14] craft torches: skip (no coal: sticks 5 coals 0)
F14 [F14] digShaft: water strike at y=50 -> water table (regions 1); fluid below (-117, 51, 393) - moving sideways
F14 tunnel: steering coal_ore @ 7.6b (axis x--1, cross 3.5003869953527555, floor lock)
F13 [F13] digShaft: water table y=54 (region strike) - stopping above the aquifer, the tunnel owns this level (regions 1)
F3 [toolupgrade] [upgrade] upgraded: stone_pickaxe,wooden_shovel,wooden_pickaxe,wooden_pickaxe
F3 tool upgrade: OK -> stone_pickaxe (stone_pickaxe,wooden_shovel,wooden_pickaxe,wooden_pickaxe)
F3 sword due: planks available
F18 [F18] craft torches: stick-dry with logs held - one plank conversion first
F13 tool upgrade due: cobble available -> stone_pickaxe
F3 sword: OK (wooden_sword, holds 1)
F3 sword: OK (wooden_sword)
F3 [F3] craft torches: skip (no coal: sticks 3 coals 0)
F18 [F18] craft torches: stick-dry but 6 planks held - one stick batch first
t-445s alive=19/19 mined=480 map=588p/14ch banked=0 smelted=0 pocket=568u/158s | sand=0 gravel=0 dirt=54 stone=0
   deficits: 157926/0 (0.0%) 149380/0 (0.0%) 31860/0 (0.0%) 27420/0 (0.0%) 10725/14 (0.1%)
   F1=57[cobblestone:30 raw_iron:17 birch_log:4] | F2=30[cobblestone:16 stick:6 dirt:4] | F3=26[cobblestone:5 dirt:5 oak_log:4] | F4=26[oak_planks:5 stick:5 dirt:5] | F5=18[stick:7 oak_log:6 oak_planks:6] | F6=4[chest:1] | F7=14[oak_planks:6 stick:4 oak_log:3] | F8=49[cobblestone:14 andesite:12 dirt:5] | F9=30[cobblestone:7 oak_log:6 leaf_litter:6] | F10=19[cobblestone:6 dirt:5 stick:2] | F11=51[cobblestone:10 raw_copper:9 diorite:8] | F12=55[cobblestone:21 granite:15 raw_iron:7] | F13=20[cobblestone:6 oak_log:4 stick:4] | F14=20[diorite:7 stick:5 oak_planks:5] | F15=10[oak_planks:10 oak_log:7 stick:4] | F16=14[oak_log:8 leaf_litter:5] | F17=16[oak_planks:12 birch_planks:6 oak_log:5] | F18=12[oak_log:2 wooden_shovel:1 crafting_table:1] | F19=9[oak_log:4 birch_log:3 oak_sapling:1]
   mem: heap=106M/146M old=-1M ext=124M ab=122M rss=374M cols=1979 ents=2115 evicted=693 path=4a/0q (max 6) stale=0
F18 [F18] craft torches: skip (no coal: sticks 4 coals 0)
F18 dir=(0.79,-0.61) logs=2 tools=wooden_pickaxe
F18 spare pick due: spare (planks available)
F8 [F8] vein sweep: 5 drop(s) in reach (8 dug)
F13 [toolupgrade] [upgrade] upgraded: stone_pickaxe,wooden_shovel,wooden_pickaxe,wooden_pickaxe
F13 tool upgrade: OK -> stone_pickaxe (stone_pickaxe,wooden_shovel,wooden_pickaxe,wooden_pickaxe)
F13 [F13] craft torches: stick-dry with logs held - one plank conversion first
F18 spare pick: OK (wooden_pickaxe, holds 2)
F18 [F18] craft torches: stick-dry with logs held - one plank conversion first
F10 tool upgrade due: cobble available -> stone_pickaxe
F10 [toolupgrade] [upgrade] craft stick: no craftable recipe variant (ingredients missing?)
F10 [toolupgrade] [upgrade] craft crafting_table: no craftable recipe variant (ingredients missing?)
F10 tool upgrade: failed -> none (no table material)
F10 sword due: cobble available
F10 sword: no table reachable or placeable
F10 sword: failed (no table)
F10 [F10] craft torches: skip (no spare sticks: sticks 2 coals 0)
F11 [F11] vein sweep: 8 drop(s) in reach (5 dug)
F8 [F8] vein sweep: the drop walk to [-133,46,420] failed - spin breaker: sweep drops re-issued 2x inside the 10s window after its own pf:done - sweep drops refused for 30s (the sync re-issue breaker: the goal->done->goal churn starves the timers, the run53 alloc-storm class) (dy 1.0, range 2)
F7 [F7] craft torches: stick-dry with logs held - one plank conversion first
F8 [F8] vein sweep: the drop walk to [-132,47,418] failed - spin breaker: sweep drops re-issued 2x inside the 10s window after its own pf:done - sweep drops refused for 30s (the sync re-issue breaker: the goal->done->goal churn starves the timers, the run53 alloc-storm class, hold live) (dy 2.5, range 2)
F8 [F8] vein sweep: +30u walked from the drops (8 dug)
F8 [F8] vein sweep: 2 above-plane walk(s) timed out on the wide goal (range 2) - the ledge family (the v0.189.0 class, the triage names it)
F8 vein sweep: 8 ores dug beside the gallery (floor lock)
F13 [F13] craft torches: stick-dry but 9 planks held - one stick batch first
[hb] n=8 ts=160s rss=374M late=35ms mainLate=676ms
F9 tunnel: steering coal_ore @ 5.6b (axis z+, cross 0.5341807356223001, ore detour)
F17 [F17] craft torches: stick-dry but 14 planks held - one stick batch first
F13 [F13] craft torches: skip (no coal: sticks 6 coals 0)
F18 [F18] craft torches: stick-dry but 9 planks held - one stick batch first
F7 [F7] craft torches: stick-dry but 6 planks held - one stick batch first
F3 [F3] craft torches: skip (no coal: sticks 3 coals 0)
F3 [F3] craft torches: skip (no coal: sticks 3 coals 0)
F3 tunnel: steering coal_ore @ 2.4b (axis z+, cross 1.5013575622442374, floor lock)
F17 [F17] craft torches: skip (no coal: sticks 4 coals 0)
F17 dir=(0.55,-0.84) logs=5 tools=wooden_pickaxe
F17 spare pick due: spare (planks available)
F4 [F4] torch: the placement did not land (dry) x1 - the streak names itself once, a landing re-arms it
F4 [F4] digShaft: water table y=54 (region strike) - stopping above the aquifer, the tunnel owns this level (regions 1)
F18 [F18] craft torches: skip (no coal: sticks 6 coals 0)
F7 [F7] craft torches: skip (no coal: sticks 4 coals 0)
F7 dir=(-0.40,0.92) logs=2 tools=wooden_pickaxe
F7 spare pick due: spare (planks available)
F5 [F5] craft torches: skip (no coal: sticks 3 coals 0)
F8 [F8] craft torches: skip (no coal: sticks 3 coals 0)
F8 [F8] craft torches: skip (no coal: sticks 3 coals 0)
F8 tunnel: steering coal_ore @ 8.3b (axis x+, cross 0.5000000000008527, floor lock)
F4 [F4] craft torches: skip (no coal: sticks 5 coals 0)
F4 [F4] digShaft: water table y=54 (region strike) - stopping above the aquifer, the tunnel owns this level (regions 1)
F4 [F4] craft torches: skip (no coal: sticks 5 coals 0)
F4 [F4] digShaft: water table y=54 (region strike) - stopping above the aquifer, the tunnel owns this level (regions 1)
F4 tunnel: steering coal_ore @ 7.8b (axis z--1, cross 2.5, floor lock)
F5 dir=(0.25,0.97) logs=6 tools=wooden_pickaxe
F5 sword due: planks available
F17 spare pick: OK (wooden_pickaxe, holds 2)
F17 sword due: planks available
F7 spare pick: OK (wooden_pickaxe, holds 2)
F7 [F7] craft torches: stick-dry with logs held - one plank conversion first
F5 sword: OK (wooden_sword, holds 1)
F5 sword: OK (wooden_sword)
F5 [F5] craft torches: stick-dry with logs held - one plank conversion first
F9 tunnel: 2 blocks (branch mine at the floor, steered, ore detour)
F6 dir=(-0.08,1.00) logs=0 tools=no planks recipe
F6 tool recovery: no pickaxe - spare-pick craft first
F6 spare pick: skip (no sticks and no planks for sticks)
F6 tool recovery: spare craft failed (no sticks and no planks for sticks) - re-running the bootstrap
F17 sword: OK (wooden_sword, holds 1)
F17 sword: OK (wooden_sword)
F17 [F17] craft torches: stick-dry but 7 planks held - one stick batch first
F11 [F11] vein sweep: the drop walk to [-153,46,407] failed - sweep drops: timeout after 4000ms (dy 3.0, range 2)
F17 [F17] craft torches: skip (no coal: sticks 5 coals 0)
F7 [F7] craft torches: stick-dry but 9 planks held - one stick batch first
F5 [F5] craft torches: stick-dry but 8 planks held - one stick batch first
F7 [F7] craft torches: skip (no coal: sticks 6 coals 0)
F5 [F5] craft torches: skip (no coal: sticks 6 coals 0)
F16 [F16] craft torches: stick-dry with logs held - one plank conversion first
F12 tunnel: 12 blocks (branch mine at the floor, steered, floor lock)
F16 [F16] craft torches: stick-dry but 6 planks held - one stick batch first
F13 tunnel: steering coal_ore @ 4.6b (axis x+, cross 2.5, ore detour)
F16 [F16] craft torches: skip (no coal: sticks 4 coals 0)
F16 dir=(0.25,-0.97) logs=5 tools=wooden_pickaxe
F16 spare pick due: spare (planks available)
F18 [F18] torch: the placement did not land (dry) x1 - the streak names itself once, a landing re-arms it
F18 [F18] digShaft: water table y=54 (region strike) - stopping above the aquifer, the tunnel owns this level (regions 1)
F9 [F9] vein sweep: 4 drop(s) in reach (3 dug)
F4 tunnel: 2 blocks (branch mine at the floor, steered, floor lock)
F11 [F11] vein sweep: lip dig refused - sealed floor (air 0, dy 0.0)
F3 tunnel: 5 blocks (branch mine at the floor, steered, floor lock)
F10 wood trip: famine (sticks 2 planks 1 logs 0) - gathering
F18 sword due: planks available
F16 spare pick: OK (wooden_pickaxe, holds 2)
F16 [F16] craft torches: stick-dry with logs held - one plank conversion first
F14 tunnel: 12 blocks (branch mine at the floor, steered, floor lock)
F7 [F7] torch: the placement did not land (dry) x1 - the streak names itself once, a landing re-arms it
F14 tool upgrade due: cobble available -> stone_pickaxe
F19 [F19] craft torches: stick-dry but 14 planks held - one stick batch first
F19 [F19] craft torches: skip (no coal: sticks 4 coals 0)
F19 dir=(0.95,-0.32) logs=9 tools=wooden_pickaxe
F19 spare pick due: spare (planks available)
F16 [F16] craft torches: stick-dry but 9 planks held - one stick batch first
F16 [F16] craft torches: skip (no coal: sticks 6 coals 0)
F17 [F17] torch: the placement did not land (dry) x1 - the streak names itself once, a landing re-arms it
F19 spare pick: OK (wooden_pickaxe, holds 2)
F19 sword due: planks available
F12 [F12] vein sweep: 6 drop(s) in reach (5 dug)
t-430s alive=19/19 mined=621 map=639p/14ch banked=0 smelted=0 pocket=779u/197s | sand=0 gravel=13 dirt=74 stone=0
   deficits: 157926/0 (0.0%) 149380/13 (0.0%) 31860/0 (0.0%) 27420/0 (0.0%) 10725/26 (0.2%)
   F1=57[cobblestone:33 raw_iron:17 birch_log:4] | F2=33[cobblestone:16 stick:6 dirt:4] | F3=43[gravel:10 cobblestone:7 dirt:5] | F4=31[oak_planks:5 stick:5 dirt:5] | F5=24[stick:6 oak_planks:6 oak_log:4] | F6=5[chest:1] | F7=23[oak_planks:7 dirt:7 stick:6] | F8=60[raw_copper:26 andesite:20 cobblestone:19] | F9=43[cobblestone:17 oak_log:6 leaf_litter:6] | F10=31[cobblestone:10 dirt:5 diorite:5] | F11=55[raw_copper:12 granite:11 cobblestone:10] | F12=71[granite:27 cobblestone:21 raw_iron:7] | F13=35[cobblestone:9 oak_planks:7 stick:6] | F14=31[cobblestone:12 diorite:8 stick:5] | F15=10[oak_planks:10 oak_log:7 stick:4] | F16=15[leaf_litter:9 oak_planks:7 stick:6] | F17=24[oak_log:5 oak_planks:5 stick:5] | F18=20[dirt:6 stick:5 oak_planks:5] | F19=10[oak_planks:9 oak_log:5 birch_log:4]
   mem: heap=118M/147M old=-1M ext=123M ab=121M rss=372M cols=1981 ents=2215 evicted=733 path=4a/0q (max 6) stale=0
F12 [F12] vein sweep: the drop walk to [-146,42,406] failed - spin breaker: sweep drops re-issued 2x inside the 10s window after its own pf:done - sweep drops refused for 9s (the sync re-issue breaker: the goal->done->goal churn starves the timers, the run53 alloc-storm class, hold live) (dy -1.0, range 2)
F7 [F7] digShaft: water table y=54 (region strike) - stopping above the aquifer, the tunnel owns this level (regions 1)
F12 [F12] vein sweep: the drop walk to [-145,42,404] failed - spin breaker: sweep drops re-issued 2x inside the 10s window after its own pf:done - sweep drops refused for 9s (the sync re-issue breaker: the goal->done->goal churn starves the timers, the run53 alloc-storm class, hold live) (dy -1.0, range 2)
F18 sword: OK (wooden_sword, holds 1)
F18 sword: OK (wooden_sword)
F18 [F18] craft torches: skip (no coal: sticks 5 coals 0)
F18 [F18] digShaft: water table y=54 (region strike) - stopping above the aquifer, the tunnel owns this level (regions 1)
F18 [F18] craft torches: skip (no coal: sticks 5 coals 0)
F18 [F18] digShaft: water table y=54 (region strike) - stopping above the aquifer, the tunnel owns this level (regions 1)
F18 tunnel: steering coal_ore @ 6.9b (axis z+, cross 3.3110799985095696, floor lock)
F9 [F9] vein sweep: the drop walk to [-117,44,386] failed - sweep drops: timeout after 4000ms (dy 1.0, range 2)
F12 [F12] vein sweep: the drop walks picked nothing (pocket delta 0, 6 failed walk(s))
F12 [F12] vein sweep: 5 below-plane walk(s) still failed on the wide goal (range 2) - the drop rests deeper than the lip
F12 [F12] vein sweep: 1 above-plane walk(s) timed out on the wide goal (range 2) - the ledge family (the v0.189.0 class, the triage names it)
F12 vein sweep: 5 ores dug beside the gallery (floor lock)
F9 [F9] vein sweep: the drop walk to [-117,44,387] failed - doomed goal (ledgered 1s ago at [-117,44,386]) - sweep drops refused (dy 0.3, range 2)
F11 [F11] vein sweep: the drop walk to [-156,46,406] failed - sweep drops: timeout after 4000ms (dy 3.0, range 2)
F17 [F17] digShaft: water table y=54 (region strike) - stopping above the aquifer, the tunnel owns this level (regions 1)
F7 sword due: planks available
F19 sword: OK (wooden_sword, holds 1)
F19 sword: OK (wooden_sword)
F19 [F19] craft torches: stick-dry but 7 planks held - one stick batch first
F5 [F5] torch: the placement did not land (dry) x1 - the streak names itself once, a landing re-arms it
F14 [toolupgrade] [upgrade] upgraded: stone_pickaxe,wooden_shovel,wooden_pickaxe,wooden_pickaxe
F14 tool upgrade: OK -> stone_pickaxe (stone_pickaxe,wooden_shovel,wooden_pickaxe,wooden_pickaxe)
F14 [F14] craft torches: skip (no coal: sticks 3 coals 0)
F19 [F19] craft torches: skip (no coal: sticks 5 coals 0)
F8 tunnel: 12 blocks (branch mine at the floor, steered, floor lock)
F17 tool upgrade due: cobble available -> stone_pickaxe
F5 tool upgrade due: cobble available -> stone_pickaxe
F12 [F12] climb bridge: placed cobblestone at [-149,43,404] (support) - the step re-judges
F7 sword: OK (wooden_sword, holds 1)
F7 sword: OK (wooden_sword)
F7 [F7] craft torches: skip (no coal: sticks 5 coals 0)
F7 [F7] digShaft: water table y=54 (region strike) - stopping above the aquifer, the tunnel owns this level (regions 1)
F7 [F7] craft torches: skip (no coal: sticks 5 coals 0)
F7 [F7] digShaft: water table y=54 (region strike) - stopping above the aquifer, the tunnel owns this level (regions 1)
F7 tunnel: steering coal_ore @ 9.4b (axis x+, cross 1.3284475955624657, floor lock)
F7 tunnel: 0 blocks (branch mine at the floor, steered, floor lock)
F16 [F16] digShaft: water table y=54 (region strike) - stopping above the aquifer, the tunnel owns this level (regions 1)
F7 [F7] craft torches: skip (no coal: sticks 5 coals 0)
F7 [F7] digShaft: water table y=54 (region strike) - stopping above the aquifer, the tunnel owns this level (regions 1)
F7 [F7] craft torches: skip (no coal: sticks 5 coals 0)
F7 [F7] digShaft: water table y=54 (region strike) - stopping above the aquifer, the tunnel owns this level (regions 1)
F7 tunnel: steering coal_ore @ 9.5b (axis x+, cross 1.3284475955624657, floor lock)
F7 tunnel: 0 blocks (branch mine at the floor, steered, floor lock)
F3 [F3] vein sweep: 8 drop(s) in reach (8 dug)
F18 tunnel: 2 blocks (branch mine at the floor, steered, floor lock)
F9 [F9] vein sweep: +1u walked from the drops (3 dug)
F9 [F9] vein sweep: 3 above-plane walk(s) timed out on the wide goal (range 2) - the ledge family (the v0.189.0 class, the triage names it)
F9 [F9] vein sweep: 1 deep drop(s) skipped (dy < -2 - the lip sphere cannot reach, the walk was a guaranteed spiral)
F9 vein sweep: 3 ores dug beside the gallery (ore detour)
F11 [F11] vein sweep: +8u walked from the drops (5 dug)
F11 [F11] vein sweep: 3 above-plane walk(s) timed out on the wide goal (range 2) - the ledge family (the v0.189.0 class, the triage names it)
F11 [F11] vein sweep: 2 deep drop(s) skipped (dy < -2 - the lip sphere cannot reach, the walk was a guaranteed spiral)
F11 vein sweep: 5 ores dug beside the gallery (floor lock)
F7 [F7] craft torches: skip (no coal: sticks 5 coals 0)
F7 [F7] digShaft: water table y=54 (region strike) - stopping above the aquifer, the tunnel owns this level (regions 1)
F7 [F7] craft torches: skip (no coal: sticks 5 coals 0)
F7 [F7] digShaft: water table y=54 (region strike) - stopping above the aquifer, the tunnel owns this level (regions 1)
F7 tunnel: steering copper_ore @ 4b (axis z+, cross 1.3078465259339254, floor lock)
F18 tool upgrade due: cobble available -> stone_pickaxe
F16 sword due: planks available
F14 tunnel: steering coal_ore @ 4.8b (axis z--1, cross 1.6850216966042808, ore detour)
F12 [F12] climb bridge: placed cobblestone at [-150,43,404] (pit) - the step re-judges
F17 [toolupgrade] [upgrade] upgraded: stone_pickaxe,wooden_shovel,wooden_pickaxe,wooden_pickaxe
F17 tool upgrade: OK -> stone_pickaxe (stone_pickaxe,wooden_shovel,wooden_pickaxe,wooden_pickaxe)
F17 [F17] craft torches: skip (no coal: sticks 3 coals 0)
F17 [F17] digShaft: water table y=54 (region strike) - stopping above the aquifer, the tunnel owns this level (regions 1)
F17 [F17] craft torches: skip (no coal: sticks 3 coals 0)
F17 [F17] digShaft: water table y=54 (region strike) - stopping above the aquifer, the tunnel owns this level (regions 1)
F17 tunnel: steering coal_ore @ 6.2b (axis x+, cross 2.6999999999999886, floor lock)
F17 tunnel: 0 blocks (branch mine at the floor, steered, floor lock)
F19 [F19] torch: the placement did not land (dry) x1 - the streak names itself once, a landing re-arms it
F9 [F9] craft torches: skip (no coal: sticks 3 coals 0)
F9 tunnel: steering coal_ore @ 5.6b (axis z+, cross 1.5008238578422066, ore detour)
F5 [toolupgrade] [upgrade] upgraded: stone_pickaxe,wooden_shovel,wooden_pickaxe
F5 tool upgrade: OK -> stone_pickaxe (stone_pickaxe,wooden_shovel,wooden_pickaxe)
F5 [F5] craft torches: skip (no coal: sticks 4 coals 0)
F5 [F5] digShaft: water table y=54 (region strike) - stopping above the aquifer, the tunnel owns this level (regions 1)
F5 tunnel: steering coal_ore @ 5.5b (axis x--1, cross 0.5, ore detour)
F12 [F12] climb bridge: placed cobblestone at [-150,44,404] (support) - the step re-judges
F18 [toolupgrade] [upgrade] upgraded: stone_pickaxe,wooden_shovel,wooden_pickaxe,wooden_pickaxe
F18 tool upgrade: OK -> stone_pickaxe (stone_pickaxe,wooden_shovel,wooden_pickaxe,wooden_pickaxe)
F18 [F18] craft torches: skip (no coal: sticks 3 coals 0)
F18 [F18] digShaft: water table y=54 (region strike) - stopping above the aquifer, the tunnel owns this level (regions 1)
F18 [F18] craft torches: skip (no coal: sticks 3 coals 0)
F18 [F18] digShaft: water table y=54 (region strike) - stopping above the aquifer, the tunnel owns this level (regions 1)
F18 tunnel: steering coal_ore @ 7b (axis x+, cross 2.3000000000000114, floor lock)
F18 tunnel: 0 blocks (branch mine at the floor, steered, floor lock)
F18 [F18] craft torches: skip (no coal: sticks 3 coals 0)
F18 [F18] digShaft: water table y=54 (region strike) - stopping above the aquifer, the tunnel owns this level (regions 1)
F18 [F18] craft torches: skip (no coal: sticks 3 coals 0)
F18 [F18] digShaft: water table y=54 (region strike) - stopping above the aquifer, the tunnel owns this level (regions 1)
F18 tunnel: steering coal_ore @ 7.4b (axis x+, cross 3.3000000000000114, floor lock)
F18 tunnel: 0 blocks (branch mine at the floor, steered, floor lock)
F18 [F18] craft torches: skip (no coal: sticks 3 coals 0)
F18 [F18] digShaft: water table y=54 (region strike) - stopping above the aquifer, the tunnel owns this level (regions 1)
F18 [F18] craft torches: skip (no coal: sticks 3 coals 0)
F18 [F18] digShaft: water table y=54 (region strike) - stopping above the aquifer, the tunnel owns this level (regions 1)
F18 tunnel: steering coal_ore @ 7.4b (axis z+, cross 3.299999999999997, floor lock)
F16 sword: OK (wooden_sword, holds 1)
F16 sword: OK (wooden_sword)
F16 [F16] craft torches: skip (no coal: sticks 5 coals 0)
F16 [F16] digShaft: water table y=54 (region strike) - stopping above the aquifer, the tunnel owns this level (regions 1)
F16 [F16] craft torches: skip (no coal: sticks 5 coals 0)
F16 [F16] digShaft: water table y=54 (region strike) - stopping above the aquifer, the tunnel owns this level (regions 1)
F16 tunnel: steering iron_ore @ 6b (axis x--1, cross 1.4997040367118188, floor lock)
F11 [F11] craft torches: skip (no coal: sticks 5 coals 0)
F11 [F11] craft torches: skip (no coal: sticks 5 coals 0)
F11 tunnel: steering coal_ore @ 4.6b (axis x+, cross 2.4987656216438268, floor lock)
F17 [F17] vein sweep: 3 drop(s) in reach (3 dug)
F19 [F19] digShaft: water strike at y=51 -> water table (regions 2); fluid below (-140, 52, 414) - moving sideways
F9 tunnel: 0 blocks (branch mine at the floor, steered, ore detour)
F9 [F9] craft torches: skip (no coal: sticks 3 coals 0)
F9 tunnel: steering coal_ore @ 5.7b (axis z+, cross 0.5008238578422066, floor lock)
F7 tunnel: 2 blocks (branch mine at the floor, steered, floor lock)
F7 [F7] craft torches: skip (no coal: sticks 5 coals 0)
F7 [F7] digShaft: water table y=54 (region strike) - stopping above the aquifer, the tunnel owns this level (regions 2)
F7 [F7] craft torches: skip (no coal: sticks 5 coals 0)
F7 [F7] digShaft: water table y=54 (region strike) - stopping above the aquifer, the tunnel owns this level (regions 2)
F7 tunnel: steering copper_ore @ 4.4b (axis z+, cross 2.299999999999997, floor lock)
F14 tunnel: 2 blocks (branch mine at the floor, steered, ore detour)
F18 tunnel: 0 blocks (branch mine at the floor, steered, floor lock)
F18 tunnel: 0 blocks x3 - sealed or flooded, cooling down 15s
F13 tunnel: 12 blocks (branch mine at the floor, steered, ore detour)
F19 [F19] craft torches: skip (no coal: sticks 5 coals 0)
F19 [F19] digShaft: water strike at y=51 -> water table (regions 2); fluid below (-140, 52, 414) - moving sideways
F19 [F19] craft torches: skip (no coal: sticks 5 coals 0)
F19 [F19] digShaft: water strike at y=51 -> water table (regions 2); fluid below (-140, 52, 414) - moving sideways
F19 tunnel: steering coal_ore @ 5.4b (axis x+, cross 0.3019315584488709, floor lock)
F11 tunnel: 0 blocks (branch mine at the floor, steered, floor lock)
F3 [F3] vein sweep: the drop walk to [-115,41,427] failed - sweep drops: timeout after 4000ms (dy -2.0, range 2)
F13 [F13] vein sweep: 7 drop(s) in reach (1 dug)
F14 [F14] craft torches: skip (no coal: sticks 3 coals 0)
F14 tunnel: steering coal_ore @ 5.3b (axis z--1, cross 1.499764344959857, ore detour)
F11 [F11] craft torches: skip (no coal: sticks 5 coals 0)
F11 [F11] craft torches: skip (no coal: sticks 5 coals 0)
F11 tunnel: steering coal_ore @ 3.9b (axis z+, cross 0.5, floor lock)
[hb] n=9 ts=180s rss=375M late=40ms mainLate=562ms
F9 tunnel: 0 blocks (branch mine at the floor, steered, floor lock)
F7 tunnel: 0 blocks (branch mine at the floor, steered, floor lock)
F19 tunnel: 2 blocks (branch mine at the floor, steered, floor lock)
F7 [F7] craft torches: skip (no coal: sticks 5 coals 0)
F7 [F7] digShaft: water table y=54 (region strike) - stopping above the aquifer, the tunnel owns this level (regions 2)
F7 [F7] craft torches: skip (no coal: sticks 5 coals 0)
F7 [F7] digShaft: water table y=54 (region strike) - stopping above the aquifer, the tunnel owns this level (regions 2)
F7 tunnel: steering copper_ore @ 4.8b (axis z+, cross 1.2999999999999972, floor lock)
F9 [F9] craft torches: skip (no coal: sticks 3 coals 0)
F9 tunnel: steering coal_ore @ 4.5b (axis z+, cross 0.37586444068914204, ore detour)
F13 [F13] vein sweep: lip dig refused - sealed floor (air 0, dy -1.0)
F3 [F3] vein sweep: lip dig refused - sealed floor (air 0, dy -1.0)
F8 [F8] vein sweep: 6 drop(s) in reach (12 dug)
F8 [F8] vein sweep: the drop walk to [-125,44,422] failed - spin breaker: sweep drops re-issued 2x inside the 10s window after its own pf:done - sweep drops refused for 8s (the sync re-issue breaker: the goal->done->goal churn starves the timers, the run53 alloc-storm class, hold live) (dy 1.0, range 2)
F8 [F8] vein sweep: the drop walk to [-124,44,423] failed - spin breaker: sweep drops re-issued 2x inside the 10s window after its own pf:done - sweep drops refused for 8s (the sync re-issue breaker: the goal->done->goal churn starves the timers, the run53 alloc-storm class, hold live) (dy 1.0, range 2)
F8 [F8] vein sweep: the drop walks picked nothing (pocket delta 0, 6 failed walk(s))
F8 [F8] vein sweep: 6 above-plane walk(s) timed out on the wide goal (range 2) - the ledge family (the v0.189.0 class, the triage names it)
F8 vein sweep: 12 ores dug beside the gallery (floor lock)
F17 [F17] vein sweep: the drop walk to [-112,54,386] failed - sweep drops: timeout after 4000ms (dy -2.0, range 2)
F14 tunnel: 0 blocks (branch mine at the floor, steered, ore detour)
F14 [F14] craft torches: skip (no coal: sticks 3 coals 0)
F14 tunnel: steering coal_ore @ 5b (axis z--1, cross 2.299999999999997, floor lock)
F7 tunnel: 0 blocks (branch mine at the floor, steered, floor lock)
F7 [F7] craft torches: skip (no coal: sticks 5 coals 0)
F7 [F7] digShaft: water table y=54 (region strike) - stopping above the aquifer, the tunnel owns this level (regions 2)
F7 [F7] craft torches: skip (no coal: sticks 5 coals 0)
F7 [F7] digShaft: water table y=54 (region strike) - stopping above the aquifer, the tunnel owns this level (regions 2)
F7 tunnel: steering copper_ore @ 5b (axis z+, cross 2.299999999999997, floor lock)
F9 tunnel: 0 blocks (branch mine at the floor, steered, ore detour)
F9 tunnel: 0 blocks x3 - sealed or flooded, cooling down 15s
F5 tunnel: 12 blocks (branch mine at the floor, steered, ore detour)
F14 tunnel: 0 blocks (branch mine at the floor, steered, floor lock)
F11 tunnel: 4 blocks (branch mine at the floor, steered, floor lock)
F1 [F1] craft torches: skip (no coal: sticks 3 coals 0)
F1 [F1] craft torches: skip (no coal: sticks 3 coals 0)
F1 tunnel: steering coal_ore @ 7.8b (axis z--1, cross 3.5, floor lock)
t-415s alive=19/19 mined=758 map=731p/14ch banked=0 smelted=0 pocket=887u/210s | sand=0 gravel=22 dirt=86 stone=0
   deficits: 157926/0 (0.0%) 149380/22 (0.0%) 31860/0 (0.0%) 27420/0 (0.0%) 10725/32 (0.3%)
   F1=57[cobblestone:33 raw_iron:17 birch_log:4] | F2=36[cobblestone:16 stick:6 dirt:4] | F3=48[gravel:16 diorite:13 cobblestone:9] | F4=34[oak_planks:5 stick:5 dirt:5] | F5=40[cobblestone:17 oak_log:4 stick:4] | F6=11[chest:1] | F7=26[dirt:10 stick:5 oak_planks:5] | F8=74[raw_copper:26 cobblestone:22 andesite:22] | F9=43[cobblestone:19 oak_log:6 leaf_litter:6] | F10=44[cobblestone:17 diorite:6 andesite:6] | F11=59[granite:16 raw_copper:12 cobblestone:11] | F12=88[granite:36 cobblestone:25 raw_iron:7] | F13=44[cobblestone:11 diorite:9 oak_planks:7] | F14=42[cobblestone:21 diorite:8 oak_planks:5] | F15=10[oak_planks:10 oak_log:7 stick:4] | F16=29[cobblestone:11 leaf_litter:9 oak_planks:5] | F17=28[cobblestone:6 oak_log:5 dirt:4] | F18=22[dirt:6 oak_planks:5 cobblestone:3] | F19=23[granite:8 oak_log:5 oak_planks:5]
   mem: heap=104M/148M old=-1M ext=122M ab=119M rss=372M cols=1944 ents=2401 evicted=776 path=6a/1q (max 6) stale=0
F13 [F13] vein sweep: the drop walk to [-112,42,428] failed - sweep drops: timeout after 4000ms (dy 0.0, range 1)
F3 [F3] vein sweep: the drop walk to [-115,41,428] failed - sweep drops: timeout after 4000ms (dy -1.0, range 2)
F17 [F17] vein sweep: the drop walk to [-113,54,387] failed - sweep drops: timeout after 4000ms (dy -1.8, range 2)
F7 tunnel: 0 blocks (branch mine at the floor, steered, floor lock)
F7 tunnel: 0 blocks x3 - sealed or flooded, cooling down 15s
F14 [F14] craft torches: skip (no coal: sticks 3 coals 0)
F14 tunnel: steering coal_ore @ 5.4b (axis z--1, cross 2.5, ore detour)
F19 [F19] water: drowning rescue start (drowning, oxygen 13)
F19 [F19] water: pass 0 head=wet shore=none land=n/a y=49.0 o2=13 probes=0 at=[-139,49,414]
F1 tunnel: 2 blocks (branch mine at the floor, steered, floor lock)
F8 [F8] craft torches: skip (no coal: sticks 3 coals 0)
F8 [F8] craft torches: skip (no coal: sticks 3 coals 0)
F8 tunnel: steering coal_ore @ 5.5b (axis x--1, cross 1.5, floor lock)
F19 [F19] water: deep-pocket ascend - dug the ceiling granite at [-139,53,413] (jump stalled 4+ passes, o2 10)
F14 tunnel: 0 blocks (branch mine at the floor, steered, ore detour)
F14 tunnel: 0 blocks x3 - sealed or flooded, cooling down 15s
F19 [F19] water: pass 9 head=wet shore=none land=n/a y=51.2 o2=10 probes=0 at=[-139,51,413]
F13 [F13] vein sweep: the drop walk to [-112,42,428] failed - sweep drops: timeout after 4000ms (dy -0.5, range 1)
F19 [F19] water: frozen physics (10 flat passes at y=51.5, o2=8, head WET) - standing down, the reconnect lane owns this
F19 [F19] water: rescue standing down (frozen physics - the walk gate reopens, the reconnect lane owns a dead client) in 3.9s
F19 [F19] water: frozen client relog (#1 consecutive) (frozen while head-wet (1 verdict) - the drowning clock owns this client) - ending the session, the reconnect lane rebuilds the physics; the drowning sentry holds non-critical pages 10s (the frozen-return gate)
F19 [F19] water: hazard memorized at [-139,51,413] (2 live, fleet-wide)
F17 [F17] vein sweep: +3u walked from the drops (3 dug)
F17 [F17] vein sweep: 2 below-plane walk(s) still failed on the wide goal (range 2) - the drop rests deeper than the lip
F17 vein sweep: 3 ores dug beside the gallery (floor lock)
F11 [F11] vein sweep: 8 drop(s) in reach (7 dug)
F16 tunnel: 13 blocks (branch mine at the floor, steered, floor lock)
F17 [F17] craft torches: skip (no coal: sticks 3 coals 0)
F17 [F17] digShaft: water table y=54 (region strike) - stopping above the aquifer, the tunnel owns this level (regions 2)
F17 [F17] craft torches: skip (no coal: sticks 3 coals 0)
F17 [F17] digShaft: water table y=54 (region strike) - stopping above the aquifer, the tunnel owns this level (regions 2)
F17 tunnel: steering coal_ore @ 6.6b (axis x+, cross 0.5664530624822532, floor lock)
F18 [F18] craft torches: skip (no coal: sticks 3 coals 0)
F18 [F18] digShaft: water table y=54 (region strike) - stopping above the aquifer, the tunnel owns this level (regions 2)
F18 [F18] craft torches: skip (no coal: sticks 3 coals 0)
F18 [F18] digShaft: water table y=54 (region strike) - stopping above the aquifer, the tunnel owns this level (regions 2)
F18 tunnel: steering iron_ore @ 5.7b (axis z--1, cross 0.29999999999999716, floor lock)
F11 [F11] vein sweep: the drop walk to [-155,46,406] failed - sweep drops: timeout after 4000ms (dy 3.0, range 2)
F3 [F3] vein sweep: +11u walked from the drops (8 dug)
F3 [F3] vein sweep: 3 below-plane walk(s) still failed on the wide goal (range 2) - the drop rests deeper than the lip
F3 [F3] vein sweep: 1 above-plane walk(s) timed out on the wide goal (range 2) - the ledge family (the v0.189.0 class, the triage names it)
F3 vein sweep: 8 ores dug beside the gallery (floor lock)
F18 tunnel: 2 blocks (branch mine at the floor, steered, floor lock)
F18 [F18] craft torches: skip (no coal: sticks 3 coals 0)
F18 [F18] digShaft: water table y=54 (region strike) - stopping above the aquifer, the tunnel owns this level (regions 2)
F18 [F18] craft torches: skip (no coal: sticks 3 coals 0)
F18 [F18] digShaft: water table y=54 (region strike) - stopping above the aquifer, the tunnel owns this level (regions 2)
F18 tunnel: steering iron_ore @ 5.4b (axis z--1, cross 0.29999999999999716, floor lock)
F9 [F9] craft torches: skip (no coal: sticks 3 coals 0)
F9 tunnel: steering coal_ore @ 3.9b (axis z+, cross 0.29999999999999716, floor lock)
F13 [F13] vein sweep: +2u walked from the drops (1 dug)
F13 [F13] vein sweep: 1 below-plane walk(s) still failed on the wide goal (range 2) - the drop rests deeper than the lip
F13 [F13] vein sweep: 2 above-plane walk(s) timed out on the wide goal (range 2) - the ledge family (the v0.189.0 class, the triage names it)
F13 vein sweep: 1 ores dug beside the gallery (ore detour)
F8 tunnel: 12 blocks (branch mine at the floor, steered, floor lock)
F10 climb out (wood trip): OK +9 levels (9 steps, 26 dug, 32s)
[hb] n=10 ts=200s rss=375M late=46ms mainLate=440ms
t-400s alive=19/19 mined=863 map=762p/14ch banked=0 smelted=0 pocket=993u/220s | sand=0 gravel=22 dirt=86 stone=0
   deficits: 157926/0 (0.0%) 149380/22 (0.0%) 31860/0 (0.0%) 27420/0 (0.0%) 10725/42 (0.4%)
   F1=73[cobblestone:40 raw_iron:17 andesite:9] | F2=39[cobblestone:16 stick:6 dirt:4] | F3=48[gravel:16 diorite:13 cobblestone:12] | F4=37[cobblestone:8 oak_planks:5 stick:5] | F5=56[cobblestone:17 oak_log:4 stick:4] | F6=11[oak_log:4 dirt:4 oak_sapling:2] | F7=26[dirt:10 stick:5 oak_planks:5] | F8=86[cobblestone:36 raw_copper:26 andesite:23] | F9=43[cobblestone:19 oak_log:6 leaf_litter:6] | F10=55[cobblestone:18 granite:11 diorite:6] | F11=66[granite:16 cobblestone:15 raw_copper:12] | F12=105[cobblestone:36 granite:36 diorite:10] | F13=44[cobblestone:11 diorite:10 oak_planks:7] | F14=42[cobblestone:23 diorite:8 oak_planks:5] | F15=10[oak_planks:10 oak_log:7 stick:4] | F16=36[cobblestone:13 leaf_litter:9 oak_planks:5] | F17=39[cobblestone:17 oak_log:5 dirt:4] | F18=24[dirt:6 cobblestone:5 oak_planks:5] | F19=23[granite:8 oak_log:5 oak_planks:5]
   mem: heap=112M/148M old=-1M ext=122M ab=120M rss=375M cols=1950 ents=2606 evicted=812 path=6a/0q (max 6) stale=0
F17 tunnel: 12 blocks (branch mine at the floor, steered, floor lock)
F18 tunnel: 0 blocks (branch mine at the floor, steered, floor lock)
F18 [F18] craft torches: skip (no coal: sticks 3 coals 0)
F18 [F18] digShaft: water table y=54 (region strike) - stopping above the aquifer, the tunnel owns this level (regions 2)
F18 [F18] craft torches: skip (no coal: sticks 3 coals 0)
F18 [F18] digShaft: water table y=54 (region strike) - stopping above the aquifer, the tunnel owns this level (regions 2)
F18 tunnel: steering iron_ore @ 6.2b (axis z+, cross 1.2999999999999972, floor lock)
F7 [F7] craft torches: skip (no coal: sticks 5 coals 0)
F7 [F7] digShaft: water table y=54 (region strike) - stopping above the aquifer, the tunnel owns this level (regions 2)
F7 [F7] craft torches: skip (no coal: sticks 5 coals 0)
F7 [F7] digShaft: water table y=54 (region strike) - stopping above the aquifer, the tunnel owns this level (regions 2)
F7 tunnel: steering coal_ore @ 9.6b (axis x+, cross 2.3000000000000114, floor lock)
F7 tunnel: 0 blocks (branch mine at the floor, steered, floor lock)
F7 [F7] craft torches: skip (no coal: sticks 5 coals 0)
F7 [F7] digShaft: water table y=54 (region strike) - stopping above the aquifer, the tunnel owns this level (regions 2)
F7 [F7] craft torches: skip (no coal: sticks 5 coals 0)
F7 [F7] digShaft: water table y=54 (region strike) - stopping above the aquifer, the tunnel owns this level (regions 2)
F7 tunnel: steering coal_ore @ 9.6b (axis x+, cross 2.3000000000000114, floor lock)
F7 tunnel: 0 blocks (branch mine at the floor, steered, floor lock)
F7 [F7] craft torches: skip (no coal: sticks 5 coals 0)
F7 [F7] digShaft: water table y=54 (region strike) - stopping above the aquifer, the tunnel owns this level (regions 2)
F7 [F7] craft torches: skip (no coal: sticks 5 coals 0)
F7 [F7] digShaft: water table y=54 (region strike) - stopping above the aquifer, the tunnel owns this level (regions 2)
F9 tunnel: 0 blocks (branch mine at the floor, steered, floor lock)
F5 [F5] vein sweep: 8 drop(s) in reach (20 dug)
F18 tunnel: 0 blocks (branch mine at the floor, steered, floor lock)
F18 [F18] craft torches: skip (no coal: sticks 3 coals 0)
F18 [F18] digShaft: water table y=54 (region strike) - stopping above the aquifer, the tunnel owns this level (regions 2)
F18 [F18] craft torches: skip (no coal: sticks 3 coals 0)
F18 [F18] digShaft: water table y=54 (region strike) - stopping above the aquifer, the tunnel owns this level (regions 2)
F18 tunnel: steering iron_ore @ 6.7b (axis z--1, cross 0.7000000000000028, floor lock)
F16 [F16] vein sweep: 0 drop(s) in reach (3 dug)
F16 vein sweep: 3 ores dug beside the gallery (floor lock)
F4 [F4] vein sweep: 0 drop(s) in reach (7 dug)
F4 vein sweep: 7 ores dug beside the gallery (floor lock)
F14 [F14] craft torches: skip (no coal: sticks 3 coals 0)
F14 tunnel: steering iron_ore @ 4.8b (axis z--1, cross 0.29999999999999716, floor lock)
F5 [F5] vein sweep: lip dig refused - sealed floor (air 0, dy -1.0)
F4 tool upgrade due: cobble available -> stone_pickaxe
F18 tunnel: 0 blocks (branch mine at the floor, steered, floor lock)
F18 tunnel: 0 blocks x3 - sealed or flooded, cooling down 15s
F14 tunnel: 0 blocks (branch mine at the floor, steered, floor lock)
F14 [F14] craft torches: skip (no coal: sticks 3 coals 0)
F14 tunnel: steering iron_ore @ 5.7b (axis z--1, cross 0.29999999999999716, ore detour)
F4 [toolupgrade] [upgrade] upgraded: stone_pickaxe,wooden_shovel,wooden_pickaxe,wooden_pickaxe
F4 tool upgrade: OK -> stone_pickaxe (stone_pickaxe,wooden_shovel,wooden_pickaxe,wooden_pickaxe)
F4 [F4] craft torches: skip (no coal: sticks 3 coals 0)
F4 [F4] digShaft: water table y=54 (region strike) - stopping above the aquifer, the tunnel owns this level (regions 2)
F4 [F4] craft torches: skip (no coal: sticks 3 coals 0)
F4 [F4] digShaft: water table y=54 (region strike) - stopping above the aquifer, the tunnel owns this level (regions 2)
F4 tunnel: steering coal_ore @ 8.9b (axis z--1, cross 3.5, floor lock)
F11 [F11] vein sweep: the drop walk to [-156,46,407] failed - sweep drops: timeout after 4000ms (dy 1.0, range 2)
F16 tool upgrade due: cobble available -> stone_pickaxe
F5 [F5] vein sweep: lip dig refused - sealed floor (air 0, dy -0.9)
F14 tunnel: 0 blocks (branch mine at the floor, steered, ore detour)
F14 [F14] craft torches: skip (no coal: sticks 3 coals 0)
F14 tunnel: steering iron_ore @ 5.8b (axis z--1, cross 1.2999999999999972, floor lock)
F12 [F12] water: drowning rescue start (drowning, oxygen 12)
F12 [F12] water: pass 0 head=wet shore=none land=n/a y=55.0 o2=12 probes=0 at=[-160,55,405]
F16 [toolupgrade] [upgrade] upgraded: stone_pickaxe,wooden_shovel,wooden_pickaxe,wooden_pickaxe
F16 tool upgrade: OK -> stone_pickaxe (stone_pickaxe,wooden_shovel,wooden_pickaxe,wooden_pickaxe)
F16 [F16] craft torches: skip (no coal: sticks 3 coals 0)
F16 [F16] digShaft: water table y=54 (region strike) - stopping above the aquifer, the tunnel owns this level (regions 2)
F16 [F16] craft torches: skip (no coal: sticks 3 coals 0)
F16 [F16] digShaft: water table y=54 (region strike) - stopping above the aquifer, the tunnel owns this level (regions 2)
F16 tunnel: steering coal_ore @ 7.7b (axis z--1, cross 2.5, floor lock)
F17 [F17] vein sweep: 8 drop(s) in reach (12 dug)
F11 [F11] vein sweep: +18u walked from the drops (7 dug)
F11 [F11] vein sweep: 2 above-plane walk(s) timed out on the wide goal (range 2) - the ledge family (the v0.189.0 class, the triage names it)
F11 vein sweep: 7 ores dug beside the gallery (floor lock)
F12 [F12] water: pass 9 head=wet shore=none land=n/a y=59.4 o2=9 probes=0 at=[-160,59,405]
F14 tunnel: 0 blocks (branch mine at the floor, steered, floor lock)
F14 tunnel: 0 blocks x3 - sealed or flooded, cooling down 15s
F11 [F11] climb bridge: placed cobblestone at [-156,46,407] (support) - the step re-judges
F12 [F12] water: pass 16 head=dry shore=hit r=1 land=none y=62.4 o2=15 probes=0 at=[-159,62,404]
F15 [F15] craft torches: stick-dry with logs held - one plank conversion first
t-385s alive=19/19 mined=965 map=745p/14ch banked=0 smelted=0 pocket=1090u/225s | sand=4 gravel=22 dirt=88 stone=0
   deficits: 157926/4 (0.0%) 149380/22 (0.0%) 31860/0 (0.0%) 27420/0 (0.0%) 10725/50 (0.5%)
   F1=92[cobblestone:50 raw_iron:17 andesite:17] | F2=42[cobblestone:16 stick:6 dirt:4] | F3=48[cobblestone:16 gravel:16 diorite:13] | F4=41[cobblestone:9 dirt:5 stick:3] | F5=59[cobblestone:18 coal:17 oak_log:4] | F6=11[leaf_litter:5 oak_log:4 oak_sapling:2] | F7=37[diorite:13 dirt:11 stick:5] | F8=104[cobblestone:36 raw_copper:26 andesite:23] | F9=59[cobblestone:35 oak_log:6 leaf_litter:6] | F10=55[cobblestone:19 granite:11 diorite:7] | F11=70[granite:19 cobblestone:16 raw_copper:12] | F12=109[cobblestone:36 granite:36 diorite:10] | F13=44[diorite:13 cobblestone:11 oak_planks:7] | F14=42[cobblestone:23 diorite:8 oak_planks:5] | F15=10[oak_planks:6 oak_log:6 leaf_litter:4] | F16=43[cobblestone:12 leaf_litter:9 dirt:7] | F17=52[cobblestone:20 coal:6 oak_log:5] | F18=24[dirt:6 cobblestone:5 oak_planks:5] | F19=23[granite:8 oak_log:5 oak_planks:5]
   mem: heap=103M/147M old=-1M ext=121M ab=119M rss=378M cols=1928 ents=2635 evicted=840 path=6a/1q (max 6) stale=0
F7 tunnel: 12 blocks (branch mine at the floor, floor lock)
F15 [F15] craft torches: stick-dry but 6 planks held - one stick batch first
F15 [F15] craft torches: 2 batch(es) -> 8 torches (sticks 0 coals 4)
F3 [F3] craft torches: skip (no coal: sticks 3 coals 0)
F3 [F3] craft torches: skip (no coal: sticks 3 coals 0)
F3 tunnel: steering coal_ore @ 7.2b (axis z+, cross 2.500272691825103, floor lock)
F15 [F15] [tools] closing stale craft window (minecraft:inventory) - grid recovery
F12 [F12] water: pass 20 head=dry shore=hit r=2 land=none y=64.2 o2=20 probes=0 at=[-154,64,404]
F17 [F17] vein sweep: the drop walk to [-101,57,387] failed - spin breaker: sweep drops re-issued 2x inside the 10s window after its own pf:done - sweep drops refused for 30s (the sync re-issue breaker: the goal->done->goal churn starves the timers, the run53 alloc-storm class) (dy 1.0, range 2)
F17 [F17] vein sweep: the drop walk to [-102,57,385] failed - spin breaker: sweep drops re-issued 2x inside the 10s window after its own pf:done - sweep drops refused for 30s (the sync re-issue breaker: the goal->done->goal churn starves the timers, the run53 alloc-storm class, hold live) (dy 1.0, range 2)
F7 [F7] craft torches: skip (no coal: sticks 5 coals 0)
F7 [F7] digShaft: water table y=54 (region strike) - stopping above the aquifer, the tunnel owns this level (regions 2)
F7 [F7] craft torches: skip (no coal: sticks 5 coals 0)
F7 [F7] digShaft: water table y=54 (region strike) - stopping above the aquifer, the tunnel owns this level (regions 2)
F7 tunnel: steering coal_ore @ 5.7b (axis x--1, cross 3.512072406556456, floor lock)
F17 [F17] vein sweep: +11u walked from the drops (12 dug)
F17 [F17] vein sweep: 4 above-plane walk(s) timed out on the wide goal (range 2) - the ledge family (the v0.189.0 class, the triage names it)
F17 vein sweep: 12 ores dug beside the gallery (floor lock)
F16 tunnel: 6 blocks (branch mine at the floor, steered, floor lock)
F12 [F12] water: pass 24 head=dry shore=hit r=1 land=none y=64.0 o2=20 probes=0 at=[-148,64,404]
F5 [F5] vein sweep: the drop walk to [-103,57,388] failed - sweep drops: timeout after 4000ms (dy 2.0, range 2)
F5 [F5] vein sweep: the drop walk to [-101,57,387] failed - spin breaker: sweep drops re-issued 2x inside the 10s window after its own pf:done - sweep drops refused for 30s (the sync re-issue breaker: the goal->done->goal churn starves the timers, the run53 alloc-storm class) (dy 1.0, range 2)
F5 [F5] vein sweep: +18u walked from the drops (20 dug)
F5 [F5] vein sweep: 2 above-plane walk(s) timed out on the wide goal (range 2) - the ledge family (the v0.189.0 class, the triage names it)
F5 vein sweep: 20 ores dug beside the gallery (ore detour)
F5 [F5] craft torches: 2 batch(es) -> 8 torches (sticks 4 coals 17)
[hb] n=11 ts=220s rss=376M late=50ms mainLate=563ms
F8 [F8] vein sweep: 8 drop(s) in reach (24 dug)
F13 sword due: cobble available
F8 [F8] vein sweep: the drop walk to [-137,37,423] failed - spin breaker: sweep drops re-issued 2x inside the 10s window after its own pf:done - sweep drops refused for 30s (the sync re-issue breaker: the goal->done->goal churn starves the timers, the run53 alloc-storm class) (dy 0.0, range 1)
F8 [F8] vein sweep: the drop walk to [-136,39,426] failed - spin breaker: sweep drops re-issued 2x inside the 10s window after its own pf:done - sweep drops refused for 30s (the sync re-issue breaker: the goal->done->goal churn starves the timers, the run53 alloc-storm class, hold live) (dy 2.0, range 2)
F5 [F5] digShaft: water table y=54 (region strike) - stopping above the aquifer, the tunnel owns this level (regions 2)
F5 tunnel: steering coal_ore @ 4.1b (axis z+, cross 1.4999999999999858, floor lock)
F12 [F12] water: rescue complete in 10.8s
F12 [F12] water: hazard memorized at [-160,62,404] (3 live, fleet-wide)
F8 [F8] vein sweep: +9u walked from the drops (24 dug)
F8 [F8] vein sweep: 3 above-plane walk(s) timed out on the wide goal (range 2) - the ledge family (the v0.189.0 class, the triage names it)
F8 vein sweep: 24 ores dug beside the gallery (floor lock)
F18 [F18] craft torches: skip (no coal: sticks 3 coals 0)
F18 [F18] digShaft: water table y=54 (region strike) - stopping above the aquifer, the tunnel owns this level (regions 2)
F18 [F18] craft torches: skip (no coal: sticks 3 coals 0)
F18 [F18] digShaft: water table y=54 (region strike) - stopping above the aquifer, the tunnel owns this level (regions 2)
F18 tunnel: steering coal_ore @ 6.5b (axis x+, cross 2.3915719948125798, floor lock)
F18 tunnel: 0 blocks (branch mine at the floor, steered, floor lock)
F18 [F18] craft torches: skip (no coal: sticks 3 coals 0)
F18 [F18] digShaft: water table y=54 (region strike) - stopping above the aquifer, the tunnel owns this level (regions 2)
F18 [F18] craft torches: skip (no coal: sticks 3 coals 0)
F18 [F18] digShaft: water table y=54 (region strike) - stopping above the aquifer, the tunnel owns this level (regions 2)
F18 tunnel: steering coal_ore @ 7.3b (axis x+, cross 2.3915719948125798, floor lock)
F18 tunnel: 0 blocks (branch mine at the floor, steered, floor lock)
F12 [F12] climb wet escape: 10 blocks walked (budget, walked 1/4)
F12 [F12] climb diag: level at y=65 blocked toward -1,0 (dug=38)
F18 [F18] craft torches: skip (no coal: sticks 3 coals 0)
F18 [F18] digShaft: water table y=54 (region strike) - stopping above the aquifer, the tunnel owns this level (regions 2)
F18 [F18] craft torches: skip (no coal: sticks 3 coals 0)
F18 [F18] digShaft: water table y=54 (region strike) - stopping above the aquifer, the tunnel owns this level (regions 2)
F18 tunnel: steering copper_ore @ 11.8b (axis x+, cross 1.6084280051874202, floor lock)
F18 tunnel: 0 blocks (branch mine at the floor, steered, floor lock)
F18 tunnel: 0 blocks x3 - sealed or flooded, cooling down 15s
F8 [F8] climb bridge: placed cobblestone at [-136,37,424] (support) - the step re-judges
F13 sword: OK (stone_sword, holds 1)
F13 sword: OK (stone_sword)
F13 [F13] craft torches: skip (no coal: sticks 5 coals 0)
F13 tunnel: steering coal_ore @ 6.1b (axis z+, cross 3.6776546982952283, ore detour)
F12 [F12] climb bridge: placed cobblestone at [-142,64,403] (support) - the step re-judges
F3 tunnel: 6 blocks (branch mine at the floor, steered, floor lock)
F12 [F12] climb diag: level at y=66 blocked toward 0,-1 (dug=39)
F5 tunnel: 3 blocks (branch mine at the floor, steered, floor lock)
F12 [F12] climb bridge: the server refused the support fill at [-142,64,402] - the rotate ladder owns it (held=cobblestone, 0.9b, ref=sand, post=? (re-read failed))
F12 [F12] climb diag: level at y=64 blocked toward 1,0 (dug=39)
F13 tunnel: 2 blocks (branch mine at the floor, steered, ore detour)
F13 [F13] craft torches: skip (no coal: sticks 5 coals 0)
F13 tunnel: steering iron_ore @ 10.8b (axis x--1, cross 3.6999999999999886, floor lock)
F15 [F15] craft torch: variant#3 attempt0 failed: craft torch: timeout after 7000ms
F15 [F15] [tools] closing stale craft window (minecraft:inventory) - grid recovery
F4 tunnel: 9 blocks (branch mine at the floor, steered, floor lock)
F8 [F8] climb diag: level at y=40 blocked toward 0,1 (dug=6)
F4 [F4] climb bridge: placed cobblestone at [-115,42,423] (pit) - the step re-judges
F1 [F1] climb bridge: placed cobblestone at [-99,55,393] (pit) - the step re-judges
F7 tunnel: 12 blocks (branch mine at the floor, steered, floor lock)
F1 [F1] climb bridge: placed cobblestone at [-99,56,393] (support) - the step re-judges
F19 [F19] craft torches: skip (no coal: sticks 5 coals 0)
t-370s alive=19/19 mined=1092 map=781p/14ch banked=0 smelted=0 pocket=1237u/232s | sand=8 gravel=35 dirt=88 stone=0
   deficits: 157926/8 (0.0%) 149380/35 (0.0%) 31860/0 (0.0%) 27420/0 (0.0%) 10725/50 (0.5%)
   F1=105[cobblestone:62 raw_iron:17 andesite:17] | F2=44[cobblestone:16 stick:6 dirt:4] | F3=63[cobblestone:30 gravel:20 diorite:13] | F4=51[cobblestone:13 gravel:6 dirt:5] | F5=67[cobblestone:22 coal:15 torch:8] | F6=11[leaf_litter:5 oak_log:4 oak_sapling:2] | F7=50[diorite:24 dirt:11 stick:5] | F8=119[cobblestone:43 raw_copper:26 andesite:23] | F9=77[cobblestone:49 oak_log:6 leaf_litter:6] | F10=55[cobblestone:19 granite:11 diorite:7] | F11=90[cobblestone:28 granite:28 raw_copper:12] | F12=111[granite:36 cobblestone:34 diorite:10] | F13=51[diorite:17 cobblestone:10 gravel:9] | F14=46[cobblestone:27 diorite:8 oak_planks:5] | F15=10[oak_log:6 oak_planks:4 torch:4] | F16=43[cobblestone:13 leaf_litter:9 dirt:7] | F17=52[cobblestone:23 coal:14 oak_log:5] | F18=24[cobblestone:7 dirt:6 oak_planks:5] | F19=23[granite:8 oak_log:5 oak_planks:5]
   mem: heap=110M/147M old=-1M ext=121M ab=118M rss=375M cols=1915 ents=2556 evicted=863 path=4a/0q (max 6) stale=0
F15 dir=(-0.08,-1.00) logs=6 tools=wooden_pickaxe
F15 spare pick due: spare (planks available)
F15 craft oak_planks: swept 1 stale grid slot(s) before the attempt
F5 [F5] vein sweep: 5 drop(s) in reach (7 dug)
F5 [F5] vein sweep: the drop walk to [-101,55,395] failed - spin breaker: sweep drops re-issued 2x inside the 10s window after its own pf:done - sweep drops refused for 19s (the sync re-issue breaker: the goal->done->goal churn starves the timers, the run53 alloc-storm class, hold live) (dy 0.0, range 1)
F5 [F5] vein sweep: the drop walk to [-102,55,396] failed - spin breaker: sweep drops re-issued 2x inside the 10s window after its own pf:done - sweep drops refused for 19s (the sync re-issue breaker: the goal->done->goal churn starves the timers, the run53 alloc-storm class, hold live) (dy 0.0, range 1)
F5 [F5] vein sweep: the drop walks picked nothing (pocket delta 0, 5 failed walk(s))
F5 [F5] vein sweep: 1 above-plane walk(s) timed out on the wide goal (range 2) - the ledge family (the v0.189.0 class, the triage names it)
F5 vein sweep: 7 ores dug beside the gallery (floor lock)
F15 plank rung: converted 4->8 same-type planks (need 5, from oak_log)
F5 [F5] craft torches: stick-dry with logs held - one plank conversion first
F5 [F5] craft torches: stick-dry but 6 planks held - one stick batch first
F15 spare pick: OK (wooden_pickaxe, holds 2)
F15 sword due: planks available
F5 [F5] craft torches: 4 batch(es) -> 16 torches (sticks 2 coals 20)
F5 [F5] [tools] closing stale craft window (minecraft:inventory) - grid recovery
F15 sword: OK (wooden_sword, holds 1)
F15 sword: OK (wooden_sword)
F15 [F15] craft torches: 1 batch(es) -> 4 torches (sticks 3 coals 2)
F15 [F15] [tools] closing stale craft window (minecraft:inventory) - grid recovery
F13 tunnel: 13 blocks (branch mine at the floor, steered, floor lock)
F15 [F15] digShaft: water hazard 3.9b away (live 3) - refusing this column, the caller rotates
F15 tunnel: 0 blocks (branch mine at the floor, ore detour)
F15 [F15] craft torches: stick-dry with logs held - one plank conversion first
F13 [F13] vein sweep: 2 drop(s) in reach (1 dug)
F4 [F4] climb rise assist: assist did not complete (goto: No path to the goal!)
F19 retry #1 in 4.6s (Timeout waiting for 4 ticks after 5200ms)
F4 [F4] climb diag: level at y=45 did not rise (food=17, dug=9) feet=air support=air step=air head=air
F12 climb out (trip): failed - stalled (traversed 10)
F12 map trip skipped: cannot leave the shaft
F13 [F13] vein sweep: +12u walked from the drops (1 dug)
F13 vein sweep: 1 ores dug beside the gallery (floor lock)
F4 [F4] climb diag: level at y=46 blocked toward -1,0 (dug=11)
F17 [F17] craft torches: 1 batch(es) -> 4 torches (sticks 3 coals 14)
F12 [F12] craft torches: skip (no coal: sticks 3 coals 0)
F17 [F17] digShaft: water table y=54 (region strike) - stopping above the aquifer, the tunnel owns this level (regions 2)
F17 [F17] craft torches: stick-dry with logs held - one plank conversion first
F16 [F16] craft torches: skip (no coal: sticks 3 coals 0)
F16 [F16] digShaft: water table y=54 (region strike) - stopping above the aquifer, the tunnel owns this level (regions 2)
F16 [F16] craft torches: skip (no coal: sticks 3 coals 0)
F16 [F16] digShaft: water table y=54 (region strike) - stopping above the aquifer, the tunnel owns this level (regions 2)
F16 tunnel: steering iron_ore @ 8.4b (axis x--1, cross 2.6489895777451693, floor lock)
F4 [F4] climb bridge: placed cobblestone at [-115,44,423] (pit) - the step re-judges
F17 [F17] craft torches: stick-dry but 9 planks held - one stick batch first
F17 [F17] craft torches: 4 batch(es) -> 16 torches (sticks 2 coals 13)
F9 [F9] climb diag: level at y=53 blocked toward 0,-1 (dug=34, wet) at [0,2,0] water (stop)
F4 [F4] climb bridge: placed cobblestone at [-115,45,423] (support) - the step re-judges
[hb] n=12 ts=240s rss=378M late=55ms mainLate=402ms
F9 [F9] climb wet escape: oxygen 3 at the floor - the escape yields, the rescue lane owns the air
F9 climb out (trip): failed - low-o2
F9 map trip skipped: cannot leave the shaft
F9 [F9] craft torches: skip (no coal: sticks 3 coals 0)
F12 tunnel: steering copper_ore @ 10.3b (axis x+, cross 0.3071609849391166, ore detour)
F9 [F9] water: drowning rescue start (drowning, oxygen 3)
F9 [F9] water: pass 0 head=wet shore=none land=n/a y=53.0 o2=3 probes=0 at=[-128,53,383]
F17 [F17] digShaft: water table y=54 (region strike) - stopping above the aquifer, the tunnel owns this level (regions 2)
F17 tunnel: steering coal_ore @ 4.2b (axis z--1, cross 0.49999999999981526, floor lock)
F2 [F2] vein sweep: 2 drop(s) in reach (15 dug)
F19 [F19] water: drowning rescue start (drowning, oxygen 6)
F19 [F19] water: pass 0 head=wet shore=none land=n/a y=51.2 o2=6 probes=0 at=[-139,51,413]
F19 [F19] craft torches: skip (no coal: sticks 5 coals 0)
F2 [F2] vein sweep: the drop walk to [-115,43,422] failed - No path to the goal! (dy 0.0, range 1)
F2 [F2] vein sweep: the drop walk to [-113,43,424] failed - doomed goal (ledgered 6s ago at [-113,43,423]) - sweep drops refused (dy 0.0, range 1)
F2 [F2] vein sweep: the drop walks picked nothing (pocket delta 0, 2 failed walk(s))
F2 vein sweep: 15 ores dug beside the gallery (floor lock)
F7 [F7] vein sweep: 7 drop(s) in reach (7 dug)
F15 [F15] craft oak_planks: variant#2 attempt0 failed: craft oak_planks: timeout after 7000ms
F15 [F15] [tools] closing stale craft window (minecraft:inventory) - grid recovery
F19 [F19] water: deep-pocket ascend - dug the ceiling granite at [-139,53,413] (jump stalled 4+ passes, o2 5)
F19 [F19] water: frozen physics (4 flat passes at y=51.2, o2=4, head WET - the wet-critical fast window) - standing down, the reconnect lane owns this
F19 [F19] water: rescue standing down (frozen physics - the walk gate reopens, the reconnect lane owns a dead client) in 1.7s
F19 [F19] water: frozen client relog (#2 consecutive) (frozen while head-wet (1 verdict) - the drowning clock owns this client) - ending the session, the reconnect lane rebuilds the physics; the drowning sentry holds non-critical pages 20s (the frozen-return gate)
F19 [F19] water: hazard memorized at [-139,51,413] (4 live, fleet-wide)
F9 [F9] water: pass 8 head=wet shore=none land=n/a y=56.9 o2=0 probes=0 at=[-128,57,383]
F4 [F4] climb diag: level at y=47 blocked toward 0,-1 (dug=14)
F7 [F7] vein sweep: the drop walk to [-123,58,395] failed - sweep drops: timeout after 4000ms (dy 2.0, range 2)
t-355s alive=19/19 mined=1284 map=824p/14ch banked=0 smelted=0 pocket=1509u/245s | sand=33 gravel=48 dirt=102 stone=0
   deficits: 157926/33 (0.0%) 149380/48 (0.0%) 31860/0 (0.0%) 27420/0 (0.0%) 10725/51 (0.5%)
   F1=123[cobblestone:75 raw_iron:17 andesite:17] | F2=48[cobblestone:19 stick:6 dirt:4] | F3=83[cobblestone:43 gravel:20 diorite:13] | F4=61[gravel:13 cobblestone:12 dirt:5] | F5=88[cobblestone:33 torch:31 coal:15] | F6=11[leaf_litter:5 oak_log:4 oak_sapling:2] | F7=57[diorite:27 dirt:11 stick:5] | F8=139[cobblestone:54 raw_copper:26 andesite:23] | F9=78[cobblestone:49 oak_log:6 leaf_litter:6] | F10=55[cobblestone:19 granite:11 diorite:8] | F11=109[granite:29 cobblestone:28 raw_copper:12] | F12=121[granite:36 cobblestone:32 sand:18] | F13=71[raw_copper:40 cobblestone:19 diorite:17] | F14=65[cobblestone:47 diorite:8 oak_planks:5] | F15=10[torch:12 oak_log:5 leaf_litter:4] | F16=51[cobblestone:20 leaf_litter:9 dirt:7] | F17=55[cobblestone:26 torch:20 coal:9] | F18=36[dirt:15 cobblestone:9 oak_planks:5] | F19=23[granite:8 oak_log:5 oak_planks:5]
   mem: heap=107M/148M old=-1M ext=127M ab=124M rss=376M cols=1920 ents=2646 evicted=840 path=3a/0q (max 6) stale=0
F9 [F9] water: pass 17 head=dry shore=hit r=4 land=none y=62.6 o2=5 probes=0 at=[-127,63,383]
F17 tunnel: 3 blocks (branch mine at the floor, steered, floor lock)
F9 [F9] craft torches: skip (no coal: sticks 3 coals 0)
F9 [F9] craft torches: skip (no coal: sticks 3 coals 0)
F9 tunnel: steering coal_ore @ 5.4b (axis z+, cross 1.8882274917229722, floor lock)
F15 [F15] craft oak_planks: no craftable recipe variant (ingredients missing?)
F15 [F15] craft torches: stick-dry but 5 planks held - one stick batch first
F15 [F15] craft torches: skip (no coal: sticks 6 coals 0)
F12 tunnel: 6 blocks (branch mine at the floor, steered, ore detour)
F12 bank trip: planned budget 160s
F12 climb out (bank): the yard stands 21 levels up over 13b lateral - the climb raises its target to the yard's level
F19 retry #1 in 3.7s (Timeout waiting for 4 ticks after 5200ms)
F16 tunnel: 12 blocks (branch mine at the floor, steered, floor lock)
F1 [F1] climb diag: level at y=66 blocked toward 1,0 (dug=64)
F9 [F9] water: pass 22 head=dry shore=hit r=1 land=none y=62.5 o2=20 probes=0 at=[-124,63,385]
F12 [F12] climb bridge: placed cobblestone at [-145,59,400] (support) - the step re-judges
F9 [F9] water: rescue complete in 8.4s
F9 [F9] water: hazard memorized at [-125,62,384] (4 live, fleet-wide)
F12 [F12] climb diag: level at y=61 blocked toward -1,0 (dug=0)
F7 [F7] vein sweep: the drop walk to [-122,58,395] failed - sweep drops: timeout after 4000ms (dy 1.7, range 2)
F15 tunnel: 0 blocks (branch mine at the floor, floor lock)
F16 [F16] vein sweep: 2 drop(s) in reach (2 dug)
F16 [F16] vein sweep: lip dig refused - sealed floor (air 0, dy -0.9)
F1 [F1] climb bridge: placed cobblestone at [-90,66,395] (support) - the step re-judges
F19 [F19] water: drowning rescue start (drowning, oxygen 3)
F19 [F19] water: pass 0 head=wet shore=none land=n/a y=51.1 o2=3 probes=0 at=[-139,51,413]
F19 [F19] craft torches: skip (no coal: sticks 5 coals 0)
F19 [F19] water: frozen physics (4 flat passes at y=51.2, o2=2, head WET - the wet-critical fast window) - standing down, the reconnect lane owns this
F19 [F19] water: rescue standing down (frozen physics - the walk gate reopens, the reconnect lane owns a dead client) in 0.8s
F19 [F19] water: frozen client relog (#3 consecutive) (frozen while head-wet (1 verdict) - the drowning clock owns this client) - ending the session, the reconnect lane rebuilds the physics; the drowning sentry holds non-critical pages 40s (the frozen-return gate)
F19 [F19] water: hazard memorized at [-139,51,413] (5 live, fleet-wide)
F9 tunnel: 3 blocks (branch mine at the floor, steered, floor lock)
F17 [F17] vein sweep: 5 drop(s) in reach (9 dug)
F15 [F15] craft torches: 1 batch(es) -> 4 torches (sticks 6 coals 1)
F18 [F18] climb bridge: unavailable (no solid floor underfoot)
F18 [F18] climb diag: level at y=65 blocked toward 1,0 (dug=19)
F17 [F17] vein sweep: the drop walk to [-101,58,382] failed - spin breaker: sweep drops re-issued 2x inside the 10s window after its own pf:done - sweep drops refused for 30s (the sync re-issue breaker: the goal->done->goal churn starves the timers, the run53 alloc-storm class) (dy 1.0, range 2)
F17 [F17] vein sweep: the drop walk to [-101,59,383] failed - spin breaker: sweep drops re-issued 2x inside the 10s window after its own pf:done - sweep drops refused for 30s (the sync re-issue breaker: the goal->done->goal churn starves the timers, the run53 alloc-storm class, hold live) (dy 2.3, range 2)
F17 [F17] vein sweep: +6u walked from the drops (9 dug)
F17 [F17] vein sweep: 2 above-plane walk(s) timed out on the wide goal (range 2) - the ledge family (the v0.189.0 class, the triage names it)
F17 vein sweep: 9 ores dug beside the gallery (floor lock)
F17 [F17] climb bridge: placed cobblestone at [-102,57,383] (support) - the step re-judges
F11 [F11] climb wet escape: 5 blocks walked (refused, walked 1/4)
F11 [F11] climb diag: level at y=56 blocked toward 1,0 (dug=43, wet) at [-1,2,0] water (stop)
F1 [F1] climb diag: level at y=70 blocked toward 0,1 (dug=72)
F1 [F1] climb: walkable surface at y=69 (+29 levels, dug=72) - the walk takes over (blocked step)
F1 climb out (trip): OK +29 levels (28 steps, 72 dug, undefineds)
F9 [F9] vein sweep: 5 drop(s) in reach (2 dug)
F9 [F9] vein sweep: lip dig refused - sealed floor (air 0, dy -1.0)
F16 [F16] vein sweep: the drop walk to [-126,55,422] failed - sweep drops: timeout after 4000ms (dy -0.3, range 1)
F16 [F16] vein sweep: +3u walked from the drops (2 dug)
F16 vein sweep: 2 ores dug beside the gallery (floor lock)
F18 [F18] climb bridge: placed cobblestone at [-119,64,416] (support) - the step re-judges
F9 [F9] vein sweep: the drop walk to [-122,68,383] failed - No path to the goal! (dy 5.0, range 2)
F9 [F9] vein sweep: the drop walks picked nothing (pocket delta 0, 1 failed walk(s))
F9 [F9] vein sweep: 1 above-plane walk(s) timed out on the wide goal (range 2) - the ledge family (the v0.189.0 class, the triage names it)
F9 [F9] vein sweep: 3 deep drop(s) skipped (dy < -2 - the lip sphere cannot reach, the walk was a guaranteed spiral)
F9 vein sweep: 2 ores dug beside the gallery (floor lock)
F11 [F11] climb wet escape: oxygen 5 at the floor - the escape yields, the rescue lane owns the air
F11 climb out (trip): failed - low-o2 (traversed 5)
F11 map trip skipped: cannot leave the shaft
F18 [F18] climb: walkable surface at y=64 (+8 levels, dug=21) - the walk takes over (blocked step)
F18 climb out (trip): OK +8 levels (9 steps, 21 dug, undefineds)
F18 map trip skipped: sand,gravel unreachable
F11 [F11] water: drowning rescue start (drowning, oxygen 4)
F11 [F11] water: pass 0 head=wet shore=none land=n/a y=58.0 o2=4 probes=0 at=[-164,58,406]
F11 [F11] craft torches: 3 batch(es) -> 12 torches (sticks 5 coals 12, the metal reserve keeps 2)
F17 [F17] climb bridge: placed cobblestone at [-102,58,382] (support) - the step re-judges
F19 retry #1 in 3.6s (Timeout waiting for 3 ticks after 5150ms)
F18 [F18] craft torches: skip (no coal: sticks 3 coals 0)
F16 climb out (trip): OK +2 levels (2 steps, 4 dug, 4s)
F11 [F11] water: pass 8 head=dry shore=hit r=1 land=none y=63.2 o2=7 probes=0 at=[-163,63,408]
F16 map trip skipped: sand,gravel unreachable
F11 bank trip: pockets full budget 179s
F11 climb out (bank): failed - rescue owns the bot
F11 climb out (bank): no retry (no retry for 'rescue owns the bot')
F11 [F11] craft torches: stick-dry but 8 planks held - one stick batch first
F11 [F11] craft torches: 3 batch(es) -> 12 torches (sticks 2 coals 9, the metal reserve keeps 2)
F15 [F15] water: drowning rescue start (drowning, oxygen 14)
F15 [F15] water: pass 0 head=wet shore=none land=n/a y=59.0 o2=14 probes=0 at=[-123,59,377]
F16 [F16] craft torches: skip (no coal: sticks 3 coals 0)
[hb] n=13 ts=260s rss=386M late=60ms mainLate=162ms
t-340s alive=19/19 mined=1458 map=850p/14ch banked=0 smelted=0 pocket=1721u/250s | sand=47 gravel=50 dirt=127 stone=0
   deficits: 157926/47 (0.0%) 149380/50 (0.0%) 31860/0 (0.0%) 27420/0 (0.0%) 10725/54 (0.5%)
   F1=131[cobblestone:74 raw_iron:17 andesite:17] | F2=58[cobblestone:26 stick:6 dirt:5] | F3=103[cobblestone:52 gravel:20 granite:18] | F4=62[gravel:15 cobblestone:11 dirt:5] | F5=107[cobblestone:36 torch:31 granite:22] | F6=11[leaf_litter:6 oak_log:4 oak_sapling:3] | F7=57[diorite:29 dirt:11 stick:5] | F8=152[cobblestone:67 raw_copper:26 andesite:23] | F9=83[cobblestone:49 leaf_litter:15 dirt:11] | F10=55[cobblestone:19 granite:11 diorite:8] | F11=110[granite:29 cobblestone:28 torch:24] | F12=135[granite:36 cobblestone:32 sand:30] | F13=90[raw_copper:40 cobblestone:20 diorite:17] | F14=86[cobblestone:66 diorite:8 dirt:6] | F15=13[torch:16 stick:5 oak_log:4] | F16=61[cobblestone:33 leaf_litter:9 dirt:7] | F17=70[cobblestone:28 torch:20 coal:18] | F18=51[dirt:25 leaf_litter:9 cobblestone:9] | F19=23[granite:8 oak_log:5 oak_planks:5]
   mem: heap=113M/153M old=-1M ext=136M ab=133M rss=384M cols=1951 ents=2680 evicted=875 path=5a/0q (max 6) stale=0
F15 [F15] craft torches: skip (no coal: sticks 5 coals 0)
F11 [F11] water: pass 11 head=dry shore=hit r=3 land=none y=65.3 o2=19 probes=0 at=[-160,65,408]
F18 [F18] digShaft: water table y=54 (region strike) - stopping above the aquifer, the tunnel owns this level (regions 2)
F18 tunnel: steering coal_ore @ 5b (axis z--1, cross 0.5, ore detour)
F19 [F19] water: drowning rescue start (drowning, oxygen 2)
F19 [F19] water: pass 0 head=wet shore=none land=n/a y=51.2 o2=2 probes=0 at=[-139,51,413]
F19 [F19] craft torches: skip (no coal: sticks 5 coals 0)
F15 [F15] water: pass 8 head=dry shore=hit r=2 land=none y=62.4 o2=19 probes=0 at=[-122,62,378]
F15 [F15] craft torches: skip (no coal: sticks 5 coals 0)
F15 tunnel: steering coal_ore @ 7.8b (axis z+, cross 0.23378912144313801, floor lock)
F19 [F19] water: frozen physics (4 flat passes at y=51.2, o2=1, head WET - the wet-critical fast window) - standing down, the reconnect lane owns this
F19 [F19] water: rescue standing down (frozen physics - the walk gate reopens, the reconnect lane owns a dead client) in 0.7s
F19 [F19] water: frozen client relog (#4 consecutive) (frozen while head-wet (1 verdict) - the drowning clock owns this client) - ending the session, the reconnect lane rebuilds the physics; the drowning sentry holds non-critical pages 60s (the frozen-return gate)
F19 [F19] water: hazard memorized at [-139,51,413] (6 live, fleet-wide)
F11 tunnel: 0 blocks (branch mine at the floor, floor lock)
F11 bank trip: pockets full budget 172s
F11 climb out (bank): failed - rescue owns the bot
F11 climb out (bank): no retry (no retry for 'rescue owns the bot')
F11 [F11] craft torches: skip (the pocket torch cap: held 24 of 24 - sticks 3 coals 6)
F12 [F12] climb wet escape: 12 blocks walked (budget, walked 1/4)
F16 [F16] torch: the placement did not land (dry) x1 - the streak names itself once, a landing re-arms it
F11 bank trip: pockets full budget 172s
F11 climb out (bank): failed - rescue owns the bot
F11 climb out (bank): no retry (no retry for 'rescue owns the bot')
F11 [F11] craft torches: skip (the pocket torch cap: held 24 of 24 - sticks 3 coals 6)
F11 [F11] water: pass 14 head=dry shore=hit r=2 land=none y=65.0 o2=20 probes=0 at=[-157,65,408]
F12 [F12] climb diag: level at y=65 blocked toward -1,0 (dug=16)
F16 tunnel: steering coal_ore @ 6.4b (axis z--1, cross 1.5669455257939262, ore detour)
F15 [F15] water: pass 12 head=dry shore=hit r=1 land=none y=63.2 o2=20 probes=0 at=[-120,63,379]
F18 tunnel: 2 blocks (branch mine at the floor, steered, ore detour)
F12 [F12] climb bridge: placed cobblestone at [-154,63,405] (pit) - the step re-judges
F15 tunnel: 2 blocks (branch mine at the floor, steered, floor lock)
F15 [F15] craft torches: skip (no coal: sticks 5 coals 0)
F7 [F7] vein sweep: +6u walked from the drops (7 dug)
F7 [F7] vein sweep: 6 above-plane walk(s) timed out on the wide goal (range 2) - the ledge family (the v0.189.0 class, the triage names it)
F7 vein sweep: 7 ores dug beside the gallery (floor lock)
F12 [F12] climb bridge: placed cobblestone at [-154,64,405] (support) - the step re-judges
F11 [F11] water: pass 18 head=dry shore=hit r=2 land=none y=64.3 o2=20 probes=0 at=[-164,64,409]
F15 [F15] craft torches: skip (no coal: sticks 5 coals 0)
F15 tunnel: steering coal_ore @ 7.6b (axis z+, cross 1.5557498262843552, floor lock)
F15 [F15] water: pass 15 head=dry shore=hit r=1 land=none y=63.4 o2=20 probes=0 at=[-121,63,380]
F5 climb out (trip): OK +12 levels (12 steps, 35 dug, 27s)
F17 climb out (trip): OK +7 levels (6 steps, 14 dug, 14s)
F11 tunnel: 0 blocks (branch mine at the floor, floor lock)
F11 bank trip: pockets full budget 183s
F11 climb out (bank): failed - rescue owns the bot
F11 climb out (bank): no retry (no retry for 'rescue owns the bot')
F19 retry #1 in 3.8s (Timeout waiting for 4 ticks after 5200ms)
F11 [F11] craft torches: skip (the pocket torch cap: held 24 of 24 - sticks 3 coals 6)
F11 [F11] water: pass 21 head=dry shore=hit r=1 land=none y=62.6 o2=20 probes=0 at=[-168,63,409]
F5 map trip skipped: sand,gravel unreachable
F15 [F15] water: pass 17 head=dry shore=hit r=1 land=none y=64.0 o2=20 probes=0 at=[-120,64,382]
F12 [F12] climb rise assist: repositioned to -154,63,398 - the loop re-judges
F15 tunnel: 1 blocks (branch mine at the floor, steered, floor lock)
F16 tunnel: 3 blocks (branch mine at the floor, steered, ore detour)
F11 bank trip: pockets full budget 183s
F11 climb out (bank): failed - rescue owns the bot
F11 climb out (bank): no retry (no retry for 'rescue owns the bot')
F11 [F11] craft torches: skip (the pocket torch cap: held 24 of 24 - sticks 3 coals 6)
F15 [F15] craft torches: skip (no coal: sticks 5 coals 0)
F12 [F12] climb bridge: placed cobblestone at [-154,63,397] (support) - the step re-judges
F16 [F16] vein sweep: 3 drop(s) in reach (1 dug)
F11 [F11] water: rescue complete in 13.9s
F11 [F11] water: hazard memorized at [-169,62,408] (7 live, fleet-wide)
F5 [F5] craft torches: stick-dry with logs held - one plank conversion first
F12 [F12] climb diag: level at y=65 blocked toward 0,-1 (dug=16)
F1 [F1] water: drowning rescue start (drowning, oxygen 13)
F1 [F1] water: pass 0 head=wet shore=none land=n/a y=60.0 o2=13 probes=0 at=[-118,60,373]
F5 [F5] craft torches: stick-dry but 8 planks held - one stick batch first
F5 [F5] craft torches: skip (the pocket torch cap: held 31 of 24 - sticks 4 coals 15)
F12 climb out (bank): failed - stalled (traversed 12)
F12 climb out (bank): retry (escalated retry after stalled, fenced to 90s of the 135s the chain has left)
F12 [F12] climb bridge: unavailable (no solid floor underfoot)
F12 [F12] climb diag: level at y=62 blocked toward -1,0 (dug=0)
F15 [F15] water: pass 19 head=dry shore=hit r=1 land=none y=64.4 o2=20 probes=0 at=[-120,64,382]
F12 [F12] climb bridge: unavailable (no solid floor underfoot)
F12 [F12] climb diag: level at y=62 blocked toward 0,-1 (dug=0)
F12 [F12] climb bridge: unavailable (no solid floor underfoot)
F12 [F12] climb diag: level at y=62 blocked toward 1,0 (dug=0)
F12 climb out (bank): retry failed - stalled
F1 [F1] water: deep-pocket ascend - dug the ceiling water at [-118,62,373] (jump stalled 4+ passes, o2 11)
F1 [F1] water: pass 7 head=wet shore=none land=n/a y=60.2 o2=10 probes=0 at=[-118,60,373]
F19 [F19] water: drowning rescue start (drowning, oxygen 0)
F19 [F19] water: pass 0 head=wet shore=none land=n/a y=51.0 o2=0 probes=0 at=[-139,51,413]
F11 tunnel: 0 blocks (branch mine at the floor, floor lock)
F11 tunnel: 0 blocks x3 - sealed or flooded, cooling down 15s
F1 [F1] water: frozen physics (10 flat passes at y=60.2, o2=9, head WET) - standing down, the reconnect lane owns this
F1 [F1] water: rescue standing down (frozen physics - the walk gate reopens, the reconnect lane owns a dead client) in 2.7s
F1 [F1] water: frozen client relog (#1 consecutive) (frozen while head-wet (1 verdict) - the drowning clock owns this client) - ending the session, the reconnect lane rebuilds the physics; the drowning sentry holds non-critical pages 10s (the frozen-return gate)
F1 [F1] water: hazard memorized at [-118,60,373] (8 live, fleet-wide)
F7 [F7] climb bridge: placed cobblestone at [-124,58,395] (support) - the step re-judges
F15 [F15] water: pass 21 head=dry shore=hit r=1 land=none y=64.8 o2=20 probes=0 at=[-121,65,382]
F19 [F19] water: frozen physics (4 flat passes at y=51.2, o2=0, head WET - the wet-critical fast window) - standing down, the reconnect lane owns this
F19 [F19] water: rescue standing down (frozen physics - the walk gate reopens, the reconnect lane owns a dead client) in 1.0s
F19 [F19] water: frozen client relog (#5 consecutive) (frozen while head-wet (1 verdict) - the drowning clock owns this client) - ending the session, the reconnect lane rebuilds the physics; the drowning sentry holds non-critical pages 60s (the frozen-return gate)
F19 [F19] water: hazard memorized at [-139,51,413] (9 live, fleet-wide)
F16 [F16] vein sweep: the drop walk to [-125,44,415] failed - sweep drops: timeout after 4000ms (dy 1.0, range 2)
F16 [F16] vein sweep: the drop walk to [-124,44,415] failed - walk governor: bot churned 4 goals without progress - sweep drops refused for 12s (dy 1.0, range 2)
F16 [F16] vein sweep: +1u walked from the drops (1 dug)
F16 [F16] vein sweep: 2 above-plane walk(s) timed out on the wide goal (range 2) - the ledge family (the v0.189.0 class, the triage names it)
F16 [F16] vein sweep: 1 deep drop(s) skipped (dy < -2 - the lip sphere cannot reach, the walk was a guaranteed spiral)
F16 vein sweep: 1 ores dug beside the gallery (ore detour)
F16 [F16] craft torches: skip (no coal: sticks 3 coals 0)
F16 tunnel: steering coal_ore @ 6.6b (axis z--1, cross 1.5, ore detour)
F15 [F15] craft torches: skip (no coal: sticks 5 coals 0)
F15 tunnel: steering coal_ore @ 7.3b (axis x--1, cross 1.655451710271052, floor lock)
t-325s alive=19/19 mined=1615 map=918p/15ch banked=0 smelted=0 pocket=1885u/258s | sand=49 gravel=56 dirt=174 stone=0
   deficits: 157926/49 (0.0%) 149380/56 (0.0%) 31860/0 (0.0%) 27420/0 (0.0%) 10725/64 (0.6%)
   F1=132[cobblestone:74 raw_iron:17 andesite:17] | F2=71[cobblestone:35 andesite:8 stick:6] | F3=121[cobblestone:55 gravel:20 dirt:19] | F4=71[gravel:21 cobblestone:11 diorite:6] | F5=124[cobblestone:47 torch:31 granite:29] | F6=11[leaf_litter:6 oak_log:4 oak_sapling:3] | F7=61[diorite:31 dirt:14 stick:5] | F8=165[cobblestone:79 raw_copper:26 andesite:23] | F9=83[cobblestone:49 leaf_litter:15 dirt:11] | F10=55[cobblestone:19 granite:11 diorite:8] | F11=110[granite:29 cobblestone:28 torch:24] | F12=137[granite:36 sand:30 cobblestone:30] | F13=110[raw_copper:40 cobblestone:33 granite:17] | F14=102[cobblestone:70 dirt:20 diorite:8] | F15=17[torch:16 stick:5 dirt:5] | F16=76[cobblestone:40 leaf_litter:9 dirt:7] | F17=78[cobblestone:28 torch:20 coal:18] | F18=68[dirt:25 cobblestone:13 leaf_litter:9] | F19=23[granite:8 oak_log:5 oak_planks:5]
   mem: heap=120M/157M old=-1M ext=147M ab=145M rss=398M cols=1920 ents=2853 evicted=933 path=5a/0q (max 6) stale=0
F15 [F15] water: pass 24 head=dry shore=hit r=1 land=none y=64.2 o2=20 probes=0 at=[-123,64,384]
F5 tunnel: steering coal_ore @ 9.7b (axis z--1, cross 2.5, ore detour)
F16 tunnel: 0 blocks (branch mine at the floor, steered, ore detour)
F16 [F16] craft torches: skip (no coal: sticks 3 coals 0)
F16 tunnel: steering coal_ore @ 7b (axis z--1, cross 1.5, floor lock)
F9 [F9] craft torches: skip (no coal: sticks 3 coals 0)
F9 [F9] digShaft: water hazard 3.0b away (live 9) - refusing this column, the caller rotates
F9 bank trip: planned budget 155s
F3 [F3] climb bridge: unavailable (no solid floor underfoot)
F3 [F3] climb diag: level at y=68 blocked toward 1,0 (dug=67)
F15 tunnel: 0 blocks (branch mine at the floor, steered, floor lock)
F18 [F18] vein sweep: 8 drop(s) in reach (14 dug)
F15 [F15] craft torches: skip (no coal: sticks 5 coals 0)
F15 [F15] craft torches: skip (no coal: sticks 5 coals 0)
F15 tunnel: steering coal_ore @ 4.8b (axis z+, cross 1.0211624386352582, floor lock)
F15 tunnel: 0 blocks (branch mine at the floor, steered, floor lock)
F15 [F15] craft torches: skip (no coal: sticks 5 coals 0)
F15 [F15] craft torches: skip (no coal: sticks 5 coals 0)
F15 tunnel: steering coal_ore @ 5.3b (axis z+, cross 2.044806947980149, floor lock)
F15 tunnel: 0 blocks (branch mine at the floor, steered, floor lock)
F15 tunnel: 0 blocks x3 - sealed or flooded, cooling down 15s
F9 [F9] climb bridge: placed cobblestone at [-124,61,385] (support) - the step re-judges
F18 [F18] vein sweep: the drop walk to [-114,58,415] failed - doomed goal (ledgered 61s ago at [-115,58,414]) - sweep drops refused (dy 1.0, range 2)
F3 [F3] climb bridge: placed cobblestone at [-85,67,424] (support) - the step re-judges
F15 [F15] water: pass 27 head=dry shore=hit r=1 land=none y=62.0 o2=20 probes=0 at=[-124,62,384]
F3 [F3] climb diag: level at y=69 blocked toward 0,1 (dug=67)
F9 [F9] climb diag: level at y=63 blocked toward -1,0 (dug=1)
F16 tunnel: 0 blocks (branch mine at the floor, steered, floor lock)
F16 [F16] craft torches: skip (no coal: sticks 3 coals 0)
F16 tunnel: steering coal_ore @ 7.1b (axis z--1, cross 0.5, ore detour)
F3 [F3] climb diag: level at y=68 blocked toward -1,0 (dug=67)
F3 [F3] climb: walkable surface at y=67 (+24 levels, dug=67) - the walk takes over (blocked step)
F3 climb out (trip): OK +24 levels (25 steps, 67 dug, undefineds)
F3 map trip skipped: sand,gravel unreachable
[hb] n=14 ts=280s rss=397M late=65ms mainLate=326ms
F5 tunnel: 2 blocks (branch mine at the floor, steered, ore detour)
F9 [F9] climb diag: level at y=63 blocked toward 0,-1 (dug=2)
F9 [F9] climb diag: level at y=63 blocked toward 1,0 (dug=2)
F9 climb out (bank): failed - stalled
F9 climb out (bank): retry (escalated retry after stalled, fenced to 90s of the 151s the chain has left)
F9 bank: smelt hold skipped - no fuel in pocket (coal 0)
F5 [F5] vein sweep: 1 drop(s) in reach (1 dug)
F3 [F3] craft torches: skip (no coal: sticks 3 coals 0)
F15 [F15] water: pass 30 head=dry shore=hit r=1 land=none y=64.1 o2=20 probes=0 at=[-123,64,385]
F16 tunnel: 0 blocks (branch mine at the floor, steered, ore detour)
F16 tunnel: 0 blocks x3 - sealed or flooded, cooling down 15s
F17 [F17] water: drowning rescue start (drowning, oxygen 14)
F17 [F17] water: pass 0 head=wet shore=none land=n/a y=60.0 o2=14 probes=0 at=[-104,60,360]
F13 [F13] climb bridge: unavailable (no solid floor underfoot)
F13 [F13] climb diag: level at y=65 blocked toward 0,-1 (dug=54)
F13 [F13] climb bridge: placed cobblestone at [-123,64,400] (support) - the step re-judges
F18 [F18] vein sweep: the drop walk to [-114,55,410] failed - sweep drops: timeout after 4000ms (dy -2.0, range 2)
F18 [F18] vein sweep: +36u walked from the drops (14 dug)
F18 [F18] vein sweep: 3 below-plane walk(s) still failed on the wide goal (range 2) - the drop rests deeper than the lip
F18 [F18] vein sweep: 2 above-plane walk(s) timed out on the wide goal (range 2) - the ledge family (the v0.189.0 class, the triage names it)
F18 vein sweep: 14 ores dug beside the gallery (ore detour)
F17 [F17] water: pass 5 head=wet shore=none land=n/a y=61.7 o2=20 probes=0 at=[-104,62,360]
F13 [F13] climb diag: level at y=66 blocked toward 1,0 (dug=54)
F7 [F7] climb diag: level at y=65 blocked toward 0,1 (dug=12)
F5 [F5] vein sweep: the drop walk to [-97,43,408] failed - sweep drops: timeout after 4000ms (dy -0.5, range 1)
F5 [F5] vein sweep: +3u walked from the drops (1 dug)
F5 vein sweep: 1 ores dug beside the gallery (ore detour)
F5 bank trip: pockets full budget 180s
F5 climb out (bank): the yard stands 37 levels up over 26b lateral - the climb raises its target to the yard's level
F15 [F15] water: rescue complete in 25.5s
F15 [F15] water: hazard memorized at [-125,62,383] (10 live, fleet-wide)
F14 [F14] climb wet escape: 12 blocks walked (budget, walked 1/4)
F18 [F18] craft torches: skip (no coal: sticks 3 coals 0)
F3 [F3] craft torches: 1 batch(es) -> 4 torches (sticks 3 coals 1)
F7 [F7] climb bridge: placed cobblestone at [-125,64,401] (support) - the step re-judges
F13 [F13] climb bridge: placed cobblestone at [-122,64,401] (support) - the step re-judges
F17 [F17] water: pass 9 head=dry shore=hit r=5 land=none y=62.6 o2=20 probes=0 at=[-106,63,361]
F7 [F7] climb diag: level at y=65 blocked toward -1,0 (dug=12)
F13 [F13] climb bridge: placed cobblestone at [-121,64,401] (support) - the step re-judges
F5 [F5] climb bridge: placed cobblestone at [-101,42,406] (pit) - the step re-judges
F3 [F3] digShaft: water table y=54 (region strike) - stopping above the aquifer, the tunnel owns this level (regions 2)
F3 tunnel: steering coal_ore @ 28.8b (axis x--1, cross 1.370065506297351, ore detour)
F5 [F5] climb bridge: placed cobblestone at [-101,43,406] (support) - the step re-judges
F13 [F13] climb bridge: the server refused the support fill at [-121,65,403] - the rotate ladder owns it (held=cobblestone, 0.9b, ref=grass_block, post=? (re-read failed))
F13 [F13] climb diag: level at y=65 blocked toward 0,1 (dug=54)
F11 bank trip: pockets full budget 172s
F7 [F7] climb bridge: placed cobblestone at [-127,64,400] (support) - the step re-judges
F17 [F17] water: pass 13 head=dry shore=hit r=3 land=none y=62.2 o2=20 probes=0 at=[-108,62,364]
F11 [F11] climb bridge: placed cobblestone at [-157,64,412] (support) - the step re-judges
t-310s alive=19/19 mined=1729 map=957p/15ch banked=0 smelted=0 pocket=2029u/263s | sand=51 gravel=57 dirt=218 stone=0
   deficits: 157926/51 (0.0%) 149380/57 (0.0%) 31860/0 (0.0%) 27420/0 (0.0%) 10725/66 (0.6%)
   F1=132[cobblestone:74 raw_iron:17 andesite:17] | F2=83[cobblestone:47 andesite:8 stick:6] | F3=131[cobblestone:55 dirt:25 gravel:20] | F4=85[gravel:22 cobblestone:18 diorite:13] | F5=134[cobblestone:57 torch:30 granite:29] | F6=14[oak_log:7 leaf_litter:6 stick:4] | F7=71[diorite:31 dirt:23 stick:5] | F8=182[cobblestone:85 raw_copper:26 andesite:23] | F9=85[cobblestone:48 leaf_litter:15 dirt:11] | F10=55[cobblestone:19 granite:11 diorite:8] | F11=110[granite:29 cobblestone:27 torch:24] | F12=137[granite:36 sand:31 cobblestone:30] | F13=114[raw_copper:40 cobblestone:30 granite:17] | F14=122[cobblestone:79 dirt:31 diorite:8] | F15=17[torch:16 stick:5 dirt:5] | F16=76[cobblestone:40 leaf_litter:9 dirt:7] | F17=78[cobblestone:28 torch:20 coal:18] | F18=80[raw_copper:34 dirt:25 cobblestone:18] | F19=23[granite:8 oak_log:5 oak_planks:5]
   mem: heap=123M/158M old=-1M ext=148M ab=146M rss=404M cols=1941 ents=2815 evicted=966 path=2a/0q (max 6) stale=0
F7 [F7] climb diag: level at y=66 blocked toward 0,-1 (dug=14)
F11 [F11] climb diag: level at y=66 blocked toward -1,0 (dug=0)
F11 [F11] climb diag: level at y=65 blocked toward 0,-1 (dug=0)
F17 [F17] water: pass 17 head=dry shore=hit r=3 land=none y=62.2 o2=20 probes=0 at=[-109,62,364]
F11 [F11] climb diag: level at y=66 blocked toward 1,0 (dug=1)
F17 [F17] water: pass 22 head=wet shore=none land=n/a y=61.7 o2=20 probes=0 at=[-107,62,363]
F9 [F9] raw hop failed: raw walk: no net progress for 8166ms (best d=16.8) - pathfinder retry
F17 [F17] water: pass 27 head=wet shore=none land=n/a y=61.5 o2=20 probes=0 at=[-105,62,361]
F16 [F16] craft torches: skip (no coal: sticks 3 coals 0)
F16 tunnel: steering iron_ore @ 5.5b (axis x--1, cross 1.3000000000000114, floor lock)
F9 [F9] hop: chest at [-124,80,389] d=17 zero: chest unreachable (No path to the goal!)
F9 [F9] chest skip (no path cached 0s ago at [-122,80,389])
F9 [F9] chest skip (no path cached 0s ago at [-123,80,389])
F3 tunnel: 12 blocks (branch mine at the floor, steered, ore detour)
F15 [F15] craft torches: skip (no coal: sticks 5 coals 0)
F14 [F14] climb: walkable surface at y=64 (+21 levels, dug=85) - the walk takes over (blocked step)
F14 climb out (trip): OK +21 levels (21 steps, 85 dug, 12 traversed, undefineds)
F17 [F17] water: pass 31 head=dry shore=hit r=5 land=none y=62.7 o2=20 probes=0 at=[-105,63,361]
F3 [F3] vein sweep: 2 drop(s) in reach (2 dug)
[hb] n=15 ts=300s rss=406M late=71ms mainLate=359ms
F3 [F3] vein sweep: +2u walked from the drops (2 dug)
F3 vein sweep: 2 ores dug beside the gallery (ore detour)
F3 bank trip: planned budget 195s
F8 [F8] climb diag: level at y=66 blocked toward -1,0 (dug=77)
F6 [F6] craft torches: stick-dry with logs held - one plank conversion first
F17 [F17] water: pass 36 head=dry shore=hit r=4 land=none y=62.3 o2=20 probes=0 at=[-106,62,362]
F3 [F3] climb bridge: placed cobblestone at [-80,56,429] (support) - the step re-judges
F6 [F6] craft torches: stick-dry but 8 planks held - one stick batch first
F6 [F6] craft torches: skip (no coal: sticks 4 coals 0)
F8 [F8] climb bridge: placed cobblestone at [-163,65,425] (support) - the step re-judges
F8 [F8] climb: walkable surface at y=65 (+28 levels, dug=77) - the walk takes over (blocked step)
F8 climb out (trip): OK +28 levels (30 steps, 77 dug, undefineds)
F6 tool recovery: OK (wooden_pickaxe)
F6 spare pick due: spare (planks available)
F8 map trip skipped: sand,gravel unreachable
F17 [F17] water: pass 40 head=dry shore=hit r=3 land=none y=62.7 o2=20 probes=0 at=[-109,63,363]
F6 spare pick: OK (wooden_pickaxe, holds 2)
F6 sword due: planks available
F7 climb out (trip): failed - stalled
F7 map trip skipped: cannot leave the shaft
F15 tool upgrade due: cobble available -> stone_pickaxe
F6 sword: OK (wooden_sword, holds 1)
F6 sword: OK (wooden_sword)
F6 [F6] craft torches: stick-dry with logs held - one plank conversion first
F19 [F19] craft torches: skip (no coal: sticks 5 coals 0)
F6 [F6] craft torches: stick-dry but 9 planks held - one stick batch first
t-295s alive=19/19 mined=1841 map=966p/15ch banked=0 smelted=0 pocket=2136u/272s | sand=52 gravel=57 dirt=234 stone=0
   deficits: 157926/52 (0.0%) 149380/57 (0.0%) 31860/0 (0.0%) 27420/0 (0.0%) 10725/85 (0.8%)
   F1=132[cobblestone:74 raw_iron:17 andesite:17] | F2=95[cobblestone:60 andesite:8 stick:6] | F3=145[cobblestone:55 dirt:27 gravel:20] | F4=104[cobblestone:32 gravel:22 diorite:13] | F5=151[cobblestone:74 torch:30 granite:29] | F6=14[leaf_litter:6 oak_log:4 oak_sapling:3] | F7=80[diorite:30 dirt:23 stick:6] | F8=187[cobblestone:84 raw_copper:26 dirt:23] | F9=85[cobblestone:48 leaf_litter:15 dirt:11] | F10=55[cobblestone:19 granite:11 diorite:8] | F11=111[granite:29 cobblestone:25 torch:24] | F12=138[granite:36 sand:31 cobblestone:30] | F13=114[raw_copper:40 cobblestone:29 granite:17] | F14=133[cobblestone:79 dirt:35 leaf_litter:8] | F15=24[torch:16 dirt:7 cobblestone:7] | F16=87[cobblestone:40 andesite:16 leaf_litter:9] | F17=79[cobblestone:28 torch:20 coal:18] | F18=84[raw_copper:34 cobblestone:30 dirt:25] | F19=23[granite:8 oak_log:5 oak_planks:5]
   mem: heap=122M/158M old=-1M ext=145M ab=143M rss=403M cols=1907 ents=2583 evicted=1039 path=3a/0q (max 6) stale=0
F8 tool upgrade due: cobble available -> stone_pickaxe
F8 [toolupgrade] [upgrade] craft stick: no craftable recipe variant (ingredients missing?)
F6 [F6] craft torches: skip (no coal: sticks 5 coals 0)
F10 wood trip: gathered (sticks 2 planks 1 logs 0)
F16 tunnel: 12 blocks (branch mine at the floor, steered, floor lock)
F7 [F7] craft torches: 4 batch(es) -> 16 torches (sticks 6 coals 4)
F15 [toolupgrade] [upgrade] upgraded: stone_pickaxe,wooden_shovel,wooden_pickaxe,wooden_pickaxe
F15 tool upgrade: OK -> stone_pickaxe (stone_pickaxe,wooden_shovel,wooden_pickaxe,wooden_pickaxe)
F15 [F15] craft torches: skip (no coal: sticks 3 coals 0)
F4 climb out (trip): OK +13 levels (22 steps, 59 dug, 80s)
F4 map trip skipped: sand,gravel unreachable
F17 [F17] water: rescue timeout (still wet, 52 passes, 0 probes, tail dry/wet/dry) in 25.2s
F17 [F17] water: hazard memorized at [-109,62,364] (11 live, fleet-wide)
F8 [toolupgrade] [upgrade] upgraded: stone_pickaxe,wooden_shovel,wooden_pickaxe,wooden_pickaxe
F8 tool upgrade: OK -> stone_pickaxe (stone_pickaxe,wooden_shovel,wooden_pickaxe,wooden_pickaxe)
F8 [F8] craft torches: stick-dry but 5 planks held - one stick batch first
F8 [F8] craft torches: 3 batch(es) -> 12 torches (sticks 1 coals 20, the metal reserve keeps 4)
F9 [F9] raw hop failed: raw walk: no net progress for 8118ms (best d=13.9) - pathfinder retry
F6 [F6] torch: the placement did not land (dry) x1 - the streak names itself once, a landing re-arms it
F19 retry #1 in 4.2s (Timeout waiting for 4 ticks after 5200ms)
F7 [F7] digShaft: water table y=55 (region strike) - stopping above the aquifer, the tunnel owns this level (regions 2)
F7 tunnel: steering coal_ore @ 7.3b (axis x+, cross 0.4759278132556801, ore detour)
F6 [F6] digShaft: water table y=54 (region strike) - stopping above the aquifer, the tunnel owns this level (regions 2)
F15 tunnel: steering coal_ore @ 5.7b (axis x+, cross 1.3000000000000114, ore detour)
F18 [F18] craft torches: skip (no coal: sticks 3 coals 0)
F18 tunnel: steering copper_ore @ 5.8b (axis z+, cross 1.322716632331975, ore detour)
F10 [F10] climb rise assist: assist did not complete (goto: climb rise assist: timeout after 4500ms)
F10 [F10] climb diag: level at y=45 did not rise (food=20, dug=3) feet=diorite support=diorite step=air head=air
F8 [F8] craft torch: variant#3 attempt0 failed: craft torch: timeout after 7000ms
F8 [F8] [tools] closing stale craft window (minecraft:inventory) - grid recovery
F13 climb out (trip): failed - stalled
F13 map trip skipped: cannot leave the shaft
F18 tunnel: 2 blocks (branch mine at the floor, steered, ore detour)
F18 bank trip: planned budget 177s
F18 climb out (bank): the yard stands 37 levels up over 20b lateral - the climb raises its target to the yard's level
F17 map trip: sand
F19 [F19] water: drowning rescue start (drowning, oxygen 0)
F19 [F19] water: pass 0 head=wet shore=none land=n/a y=51.2 o2=0 probes=0 at=[-138,51,413]
F12 map trip: sand
F19 [F19] craft torches: skip (no coal: sticks 5 coals 0)
F13 [F13] craft torches: the metal fuel reserve holds all 3 coal for the furnace (40 raw metal held)
[hb] n=16 ts=320s rss=420M late=75ms mainLate=271ms
t-280s alive=19/19 mined=1949 map=989p/15ch banked=0 smelted=0 pocket=2284u/280s | sand=56 gravel=59 dirt=268 stone=0
   deficits: 157926/56 (0.0%) 149380/59 (0.0%) 31860/0 (0.0%) 27420/0 (0.0%) 10725/88 (0.8%)
   F1=132[cobblestone:74 raw_iron:17 andesite:17] | F2=111[cobblestone:64 dirt:17 leaf_litter:9] | F3=156[cobblestone:56 dirt:38 gravel:20] | F4=106[cobblestone:44 gravel:22 diorite:13] | F5=162[cobblestone:85 torch:30 granite:29] | F6=30[cobblestone:9 dirt:8 oak_planks:7] | F7=93[diorite:30 dirt:27 torch:16] | F8=187[cobblestone:81 raw_copper:26 dirt:23] | F9=85[cobblestone:48 leaf_litter:15 dirt:11] | F10=61[cobblestone:26 granite:11 diorite:9] | F11=112[granite:29 torch:24 cobblestone:24] | F12=138[granite:36 sand:31 cobblestone:30] | F13=115[raw_copper:40 cobblestone:29 dirt:17] | F14=139[cobblestone:79 dirt:35 leaf_litter:10] | F15=41[torch:15 cobblestone:11 granite:11] | F16=88[cobblestone:40 andesite:19 leaf_litter:9] | F17=79[cobblestone:28 torch:20 coal:18] | F18=91[cobblestone:36 raw_copper:34 dirt:25] | F19=23[granite:8 oak_log:5 oak_planks:5]
   mem: heap=129M/170M old=-1M ext=151M ab=149M rss=418M cols=1902 ents=2530 evicted=1072 path=6a/0q (max 6) stale=0
F11 climb out (bank): failed - stalled
F11 climb out (bank): retry (escalated retry after stalled, fenced to 90s of the 139s the chain has left)
F11 [F11] climb bridge: unavailable (no solid floor underfoot)
F11 [F11] climb diag: level at y=65 blocked toward -1,0 (dug=0)
F11 [F11] climb bridge: unavailable (no solid floor underfoot)
F11 [F11] climb diag: level at y=65 blocked toward 0,-1 (dug=0)
F19 [F19] water: deep-pocket ascend - dug the ceiling granite at [-138,53,413] (jump stalled 4+ passes, o2 -1)
F11 [F11] climb bridge: unavailable (no solid floor underfoot)
F11 [F11] climb diag: level at y=65 blocked toward 1,0 (dug=0)
F19 [F19] water: pass 5 head=wet shore=none land=n/a y=51.2 o2=-1 probes=0 at=[-138,51,413]
F19 [F19] water: frozen physics (4 flat passes at y=51.2, o2=0, head WET - the wet-critical fast window) - standing down, the reconnect lane owns this
F19 [F19] water: rescue standing down (frozen physics - the walk gate reopens, the reconnect lane owns a dead client) in 2.8s
F19 [F19] water: frozen client relog (#6 consecutive) (frozen while head-wet (1 verdict) - the drowning clock owns this client) - ending the session, the reconnect lane rebuilds the physics; the drowning sentry holds non-critical pages 60s (the frozen-return gate)
F19 [F19] water: hazard memorized at [-138,51,413] (11 live, fleet-wide)
F11 climb out (bank): retry failed - stalled
F11 [F11] climb bridge: unavailable (no solid floor underfoot)
F11 [F11] climb diag: level at y=65 blocked toward 0,-1 (dug=0)
F11 [F11] climb bridge: unavailable (no solid floor underfoot)
F11 [F11] climb diag: level at y=65 blocked toward 1,0 (dug=0)
F3 climb out (bank): OK +9 levels (9 steps, 13 dug, 22s)
F3 bank: smelt hold skipped - no fuel in pocket (coal 3)
F11 [F11] climb bridge: unavailable (no solid floor underfoot)
F11 [F11] climb diag: level at y=65 blocked toward 0,1 (dug=0)
F13 [F13] digShaft: water table y=54 (region strike) - stopping above the aquifer, the tunnel owns this level (regions 2)
F13 bank trip: planned budget 159s
F13 climb out (bank): the yard stands 23 levels up over 5b lateral - the climb raises its target to the yard's level
F15 tunnel: 12 blocks (branch mine at the floor, steered, ore detour)
F11 climb out (trip): failed - stalled [stage 1]
F11 map trip skipped: cannot leave the shaft
F17 [F17] craft torches: stick-dry but 7 planks held - one stick batch first
F2 climb out (trip): OK +26 levels (25 steps, 66 dug, 83s)
F2 map trip skipped: sand,gravel unreachable
F17 [F17] craft torches: 1 batch(es) -> 4 torches (sticks 2 coals 18)
F12 [F12] craft torches: skip (no coal: sticks 3 coals 0)
F11 [F11] craft torches: skip (the pocket torch cap: held 24 of 24 - sticks 3 coals 6)
F11 [F11] digShaft: water hazard 7.5b away (live 11) - refusing this column, the caller rotates
F11 bank trip: pockets full budget 179s
F11 bank: smelt hold skipped - no fuel in pocket (coal 6)
F1 map trip: sand
F7 tunnel: 12 blocks (branch mine at the floor, steered, ore detour)
F2 tool upgrade due: cobble available -> stone_pickaxe
F2 [toolupgrade] [upgrade] craft crafting_table: no craftable recipe variant (ingredients missing?)
F2 tool upgrade: failed -> none (no table material)
F2 spare pick due: spare (cobble available)
F2 spare pick: no table reachable or placeable
F2 sword due: cobble available
F2 sword: no table reachable or placeable
F2 sword: failed (no table)
F2 [F2] craft torches: skip (no coal: sticks 6 coals 0)
F19 retry #1 in 4.8s (Timeout waiting for 4 ticks after 5200ms)
F13 [F13] climb bridge: unavailable (no solid floor underfoot)
F13 [F13] climb diag: level at y=59 blocked toward 0,-1 (dug=4)
F4 [F4] craft torches: skip (no coal: sticks 3 coals 0)
F4 [F4] digShaft: water table y=54 (region strike) - stopping above the aquifer, the tunnel owns this level (regions 2)
F4 bank trip: planned budget 170s
F7 [F7] vein sweep: 2 drop(s) in reach (2 dug)
F7 [F7] vein sweep: the drop walks picked nothing (pocket delta 0, 0 failed walk(s))
F7 [F7] vein sweep: 2 deep drop(s) skipped (dy < -2 - the lip sphere cannot reach, the walk was a guaranteed spiral)
F7 vein sweep: 2 ores dug beside the gallery (ore detour)
F7 bank trip: planned budget 160s
F7 climb out (bank): the yard stands 23 levels up over 10b lateral - the climb raises its target to the yard's level
F9 [F9] hop: chest at [-118,80,405] d=21 zero: cannot open chest (open chest: timeout after 10000ms)
F17 [F17] water: drowning rescue start (drowning, oxygen 13)
F17 [F17] water: pass 0 head=wet shore=none land=n/a y=58.4 o2=13 probes=0 at=[-103,58,353]
F8 [F8] craft torch: variant#3 attempt1 failed: craft torch: timeout after 7000ms
F8 [F8] [tools] closing stale craft window (minecraft:inventory) - grid recovery
F12 [F12] water: drowning rescue start (drowning, oxygen 12)
F12 [F12] water: pass 0 head=wet shore=none land=n/a y=58.3 o2=12 probes=0 at=[-171,58,390]
F17 [F17] water: transit toward known land (oak_log) at [-104,368] d=16
F17 [F17] water: transit toward known land (oak_log) at [-104,368] d=15
F6 [F6] climb bridge: placed cobblestone at [-111,64,434] (support) - the step re-judges
F17 [F17] water: pass 7 head=dry shore=hit r=12 land=none y=62.3 o2=19 probes=0 at=[-103,62,354]
F8 [F8] craft torch: all 1 variant(s) failed, last: craft torch: timeout after 7000ms
F8 [F8] craft torches: craft did not land (held 8 torch(es))
F19 [F19] water: drowning rescue start (drowning, oxygen 0)
F19 [F19] water: pass 0 head=wet shore=none land=n/a y=51.2 o2=0 probes=0 at=[-136,51,414]
F19 [F19] craft torches: skip (no coal: sticks 5 coals 0)
F6 climb out (trip): OK +9 levels (9 steps, 17 dug, 22s)
F6 map trip skipped: sand,gravel unreachable
F7 [F7] climb bridge: placed cobblestone at [-124,57,409] (pit) - the step re-judges
F12 [F12] water: pass 7 head=dry shore=hit r=10 land=none y=62.6 o2=17 probes=0 at=[-170,63,391]
F12 tunnel: 0 blocks (branch mine at the floor, ore detour)
F12 bank trip: pockets full budget 176s
F12 climb out (bank): failed - rescue owns the bot
F12 climb out (bank): no retry (no retry for 'rescue owns the bot')
F12 [F12] craft torches: skip (no coal: sticks 3 coals 0)
F19 [F19] water: frozen physics (4 flat passes at y=51.2, o2=0, head WET - the wet-critical fast window) - standing down, the reconnect lane owns this
F19 [F19] water: rescue standing down (frozen physics - the walk gate reopens, the reconnect lane owns a dead client) in 0.8s
F19 [F19] water: frozen client relog (#7 consecutive) (frozen while head-wet (1 verdict) - the drowning clock owns this client) - ending the session, the reconnect lane rebuilds the physics; the drowning sentry holds non-critical pages 60s (the frozen-return gate)
F19 [F19] water: hazard memorized at [-137,51,413] (12 live, fleet-wide)
F17 bank trip: planned budget 176s
F17 climb out (bank): failed - rescue owns the bot
F17 climb out (bank): no retry (no retry for 'rescue owns the bot')
F17 [F17] craft torches: skip (the pocket torch cap: held 24 of 24 - sticks 5 coals 17)
F7 [F7] climb bridge: placed cobblestone at [-124,58,409] (support) - the step re-judges
F2 [F2] digShaft: water table y=54 (region strike) - stopping above the aquifer, the tunnel owns this level (regions 2)
F2 tunnel: steering coal_ore @ 22.5b (axis x--1, cross 0.49970192229773147, ore detour)
F17 [F17] water: pass 13 head=wet shore=none land=n/a y=62.0 o2=20 probes=0 at=[-104,62,358]
t-265s alive=19/19 mined=2091 map=1027p/17ch banked=0 smelted=0 pocket=2429u/280s | sand=61 gravel=62 dirt=303 stone=0
   deficits: 157926/61 (0.0%) 149380/62 (0.0%) 31860/0 (0.0%) 27420/0 (0.0%) 10725/95 (0.9%)
   F1=132[cobblestone:74 raw_iron:17 andesite:17] | F2=123[cobblestone:72 dirt:22 leaf_litter:14] | F3=156[cobblestone:56 dirt:38 gravel:20] | F4=115[cobblestone:47 gravel:22 diorite:13] | F5=171[cobblestone:95 torch:30 granite:29] | F6=40[dirt:17 leaf_litter:13 cobblestone:8] | F7=105[diorite:30 dirt:28 torch:16] | F8=193[cobblestone:82 dirt:27 raw_copper:26] | F9=85[cobblestone:48 leaf_litter:15 dirt:11] | F10=74[cobblestone:31 granite:19 diorite:9] | F11=112[granite:29 torch:24 cobblestone:24] | F12=138[granite:36 sand:31 cobblestone:30] | F13=135[raw_copper:40 cobblestone:35 dirt:29] | F14=153[cobblestone:79 dirt:34 leaf_litter:18] | F15=60[torch:15 granite:15 cobblestone:11] | F16=88[cobblestone:40 andesite:19 leaf_litter:9] | F17=79[cobblestone:28 torch:24 coal:17] | F18=109[cobblestone:48 raw_copper:34 dirt:25] | F19=23[granite:8 oak_log:5 oak_planks:5]
   mem: heap=138M/166M old=-1M ext=157M ab=155M rss=423M cols=1873 ents=2710 evicted=1132 path=3a/0q (max 6) stale=0
F12 [F12] water: pass 12 head=dry shore=hit r=6 land=none y=62.2 o2=20 probes=0 at=[-166,62,394]
F10 climb out (trip): OK +7 levels (6 steps, 20 dug, 31s)
F10 map trip skipped: sand,gravel unreachable
F6 tool upgrade due: cobble available -> stone_pickaxe
F8 [F8] digShaft: water table y=55 (region strike) - stopping above the aquifer, the tunnel owns this level (regions 2)
F3 [F3] approach: 1 segment(s) walked in 15.0s, goal now d=23.0 (inside the direct envelope)
F11 [F11] approach: 1 segment(s) walked in 12.6s, goal now d=16.4 (inside the direct envelope)
F17 [F17] water: pass 18 head=wet shore=none land=n/a y=61.9 o2=20 probes=0 at=[-105,62,362]
F12 [F12] water: pass 16 head=dry shore=hit r=3 land=none y=62.3 o2=20 probes=0 at=[-163,62,397]
F10 tool upgrade due: cobble available -> stone_pickaxe
F10 [toolupgrade] [upgrade] craft stick: no craftable recipe variant (ingredients missing?)
F10 [toolupgrade] [upgrade] craft crafting_table: no craftable recipe variant (ingredients missing?)
F10 tool upgrade: failed -> none (no table material)
F10 sword due: cobble available
F10 sword: no table reachable or placeable
F10 sword: failed (no table)
F10 [F10] craft torches: skip (no spare sticks: sticks 2 coals 0)
F9 [F9] raw hop failed: raw walk: no net progress for 8004ms (best d=15.0) - pathfinder retry
F17 tunnel: steering coal_ore @ 14.8b (axis z+, cross 0.8926785779426893, floor lock)
F17 tunnel: 0 blocks (branch mine at the floor, steered, floor lock)
F19 retry #1 in 5.0s (Timeout waiting for 4 ticks after 5200ms)
F12 [F12] water: pass 19 head=dry shore=hit r=1 land=none y=62.5 o2=20 probes=0 at=[-161,63,398]
[hb] n=17 ts=340s rss=425M late=80ms mainLate=668ms
F17 [F17] water: pass 21 head=dry shore=hit r=3 land=none y=62.2 o2=20 probes=0 at=[-105,62,363]
F8 tunnel: 2 blocks (branch mine at the floor, ore detour)
F15 [F15] vein sweep: 8 drop(s) in reach (22 dug)
F12 [F12] water: pass 22 head=dry shore=hit r=1 land=none y=64.0 o2=20 probes=0 at=[-158,64,400]
F17 [F17] water: pass 23 head=dry shore=hit r=4 land=none y=62.2 o2=20 probes=0 at=[-104,62,363]
F6 [toolupgrade] [upgrade] upgraded: stone_pickaxe,wooden_shovel,wooden_pickaxe,wooden_pickaxe
F6 tool upgrade: OK -> stone_pickaxe (stone_pickaxe,wooden_shovel,wooden_pickaxe,wooden_pickaxe)
F6 [F6] craft torches: skip (no coal: sticks 3 coals 0)
F15 [F15] vein sweep: lip dig refused - sealed floor (air 0, dy -1.0)
F15 [F15] vein sweep: lip dig refused - sealed floor (air 0, dy -1.0)
F10 tunnel: steering coal_ore @ 6.5b (axis z--1, cross 0.3897198939171318, ore detour)
F13 [F13] climb bridge: unavailable (no solid floor underfoot)
F13 [F13] climb diag: level at y=65 blocked toward 1,0 (dug=17)
F17 [F17] water: pass 26 head=dry shore=hit r=2 land=none y=62.3 o2=20 probes=0 at=[-105,62,364]
F3 [F3] raw hop failed: raw walk: no net progress for 8092ms (best d=23.0) - pathfinder retry
F12 [F12] water: pass 25 head=dry shore=hit r=1 land=none y=63.1 o2=20 probes=0 at=[-157,63,399]
F15 [F15] vein sweep: the drop walk to [-114,42,374] failed - goal brake: 6 goals in 5s - sweep drops refused for 4s (dy 0.0, range 1)
F15 [F15] vein sweep: the drop walk to [-114,42,374] failed - spin breaker: sweep drops re-issued 2x inside the 10s window after its own pf:done - sweep drops refused for 30s (the sync re-issue breaker: the goal->done->goal churn starves the timers, the run53 alloc-storm class) (dy 0.0, range 1)
F15 [F15] vein sweep: +15u walked from the drops (22 dug)
F15 vein sweep: 22 ores dug beside the gallery (ore detour)
F16 [F16] craft torches: skip (no coal: sticks 3 coals 0)
F16 tunnel: steering coal_ore @ 6.2b (axis z+, cross 2.3656957079976166, ore detour)
F13 [F13] climb bridge: placed cobblestone at [-118,65,398] (support) - the step re-judges
F3 [F3] hop: chest at [-103,80,415] d=37 zero: chest unreachable (Took to long to decide path to goal!)
F3 [F3] chest skip (vertical doom: the yard stands 28 levels up over 11b lateral - the walk ladder cannot climb)
F3 [F3] chest skip (no path cached 0s ago at [-103,80,413])
F3 [F3] chest skip (vertical doom: the yard stands 28 levels up over 12b lateral - the walk ladder cannot climb)
F3 [F3] chest skip (no path cached 0s ago at [-103,80,411])
F3 [F3] chest skip (vertical doom: the yard stands 28 levels up over 14b lateral - the walk ladder cannot climb)
F3 [F3] chest skip (vertical doom: the yard stands 28 levels up over 15b lateral - the walk ladder cannot climb)
F3 [F3] chest skip (vertical doom: the yard stands 28 levels up over 16b lateral - the walk ladder cannot climb)
F3 bank: chest unreachable (Took to long to decide path to goal!) (44 blocks from yard) - walking back
F3 yard approach: 44b beyond the 24b envelope (attempt 1)
F19 [F19] water: drowning rescue start (drowning, oxygen 0)
F19 [F19] water: pass 0 head=wet shore=none land=n/a y=51.2 o2=0 probes=0 at=[-136,51,413]
F9 [F9] hop: chest at [-118,80,407] d=15 zero: chest unreachable (Took to long to decide path to goal!)
F9 [F9] chest skip (no path cached 0s ago at [-118,80,409])
F9 [F9] chest skip (no path cached 0s ago at [-118,80,411])
F19 [F19] craft torches: skip (no coal: sticks 5 coals 0)
F15 [F15] climb bridge: placed cobblestone at [-114,42,374] (support) - the step re-judges
F13 [F13] climb diag: level at y=67 blocked toward 0,1 (dug=17)
F7 [F7] climb diag: level at y=65 blocked toward 0,1 (dug=12)
F18 [F18] climb bridge: placed cobblestone at [-101,53,414] (pit) - the step re-judges
F10 tunnel: 0 blocks (branch mine at the floor, steered, ore detour)
F10 bank trip: planned budget 163s
F10 climb out (bank): the yard stands 37 levels up over 18b lateral - the climb raises its target to the yard's level
F12 tunnel: 0 blocks (branch mine at the floor, floor lock)
F12 bank trip: pockets full budget 163s
F12 climb out (bank): failed - rescue owns the bot
F12 climb out (bank): no retry (no retry for 'rescue owns the bot')
F12 [F12] craft torches: skip (no coal: sticks 3 coals 0)
F18 [F18] climb bridge: placed cobblestone at [-101,54,414] (support) - the step re-judges
F14 map trip: sand
F11 [F11] raw hop failed: raw walk: no net progress for 8060ms (best d=16.0) - pathfinder retry
F19 [F19] water: frozen physics (4 flat passes at y=51.2, o2=0, head WET - the wet-critical fast window) - standing down, the reconnect lane owns this
F19 [F19] water: rescue standing down (frozen physics - the walk gate reopens, the reconnect lane owns a dead client) in 0.8s
F19 [F19] water: frozen client relog (#8 consecutive) (frozen while head-wet (1 verdict) - the drowning clock owns this client) - ending the session, the reconnect lane rebuilds the physics; the drowning sentry holds non-critical pages 60s (the frozen-return gate)
F19 [F19] water: hazard memorized at [-137,51,413] (12 live, fleet-wide)
F8 [F8] vein sweep: 4 drop(s) in reach (5 dug)
F17 [F17] water: pass 30 head=dry shore=hit r=1 land=none y=64.3 o2=20 probes=0 at=[-107,64,367]
F12 tunnel: 0 blocks (branch mine at the floor, ore detour)
F12 tunnel: 0 blocks x3 - sealed or flooded, cooling down 15s
F12 [F12] water: pass 28 head=dry shore=hit r=1 land=none y=62.1 o2=20 probes=0 at=[-154,62,396]
F7 [F7] climb bridge: placed cobblestone at [-125,64,415] (support) - the step re-judges
F6 [F6] digShaft: water table y=54 (region strike) - stopping above the aquifer, the tunnel owns this level (regions 2)
F6 tunnel: steering coal_ore @ 11.5b (axis z--1, cross 3.635817828001848, ore detour)
F7 [F7] climb bridge: placed cobblestone at [-125,64,416] (support) - the step re-judges
F4 [F4] climb bridge: unavailable (no solid floor underfoot)
F4 [F4] climb diag: level at y=65 blocked toward 0,1 (dug=19)
F10 [F10] climb bridge: placed cobblestone at [-126,43,421] (support) - the step re-judges
F4 [F4] climb: walkable surface at y=64 (+8 levels, dug=19) - the walk takes over (blocked step)
F4 climb out (bank): OK +8 levels (8 steps, 19 dug, undefineds)
F4 bank: smelt hold skipped - no fuel in pocket (coal 0)
F15 [F15] climb bridge: placed cobblestone at [-114,43,373] (support) - the step re-judges
F8 [F8] vein sweep: lip dig refused - sealed floor (air 0, dy -1.0)
F17 [F17] water: rescue complete in 18.9s
F17 [F17] water: hazard memorized at [-107,62,365] (13 live, fleet-wide)
F12 [F12] water: rescue complete in 18.9s
F12 [F12] water: hazard memorized at [-154,62,396] (14 live, fleet-wide)
t-250s alive=19/19 mined=2194 map=1054p/17ch banked=0 smelted=0 pocket=2538u/284s | sand=63 gravel=63 dirt=333 stone=0
   deficits: 157926/63 (0.0%) 149380/63 (0.0%) 31860/0 (0.0%) 27420/0 (0.0%) 10725/100 (0.9%)
   F1=132[cobblestone:74 raw_iron:17 andesite:17] | F2=134[cobblestone:83 dirt:22 leaf_litter:14] | F3=156[cobblestone:56 dirt:38 gravel:20] | F4=125[cobblestone:47 gravel:22 dirt:20] | F5=183[cobblestone:104 torch:30 granite:29] | F6=50[dirt:21 leaf_litter:13 cobblestone:11] | F7=115[dirt:38 diorite:30 torch:16] | F8=202[cobblestone:89 dirt:27 raw_copper:26] | F9=85[cobblestone:48 leaf_litter:15 dirt:11] | F10=82[cobblestone:33 granite:23 diorite:9] | F11=112[granite:29 torch:24 cobblestone:24] | F12=138[granite:36 sand:32 cobblestone:30] | F13=137[raw_copper:40 cobblestone:34 dirt:32] | F14=154[cobblestone:79 dirt:34 leaf_litter:18] | F15=71[coal:20 torch:15 granite:15] | F16=92[cobblestone:40 andesite:23 leaf_litter:9] | F17=79[cobblestone:28 torch:24 coal:17] | F18=124[cobblestone:61 raw_copper:34 dirt:25] | F19=23[granite:8 oak_log:5 oak_planks:5]
   mem: heap=132M/170M old=-1M ext=164M ab=161M rss=440M cols=1878 ents=2620 evicted=1167 path=4a/0q (max 6) stale=0
F2 tunnel: 12 blocks (branch mine at the floor, steered, ore detour)
F2 bank trip: planned budget 160s
F13 climb out (bank): failed - stalled
F13 climb out (bank): retry (escalated retry after stalled, fenced to 90s of the 130s the chain has left)
F13 [F13] climb bridge: unavailable (no solid floor underfoot)
F13 [F13] climb diag: level at y=65 blocked toward 0,-1 (dug=0)
F13 [F13] climb bridge: unavailable (no solid floor underfoot)
F13 [F13] climb diag: level at y=65 blocked toward 1,0 (dug=0)
F13 [F13] climb bridge: unavailable (no solid floor underfoot)
F13 [F13] climb diag: level at y=65 blocked toward 0,1 (dug=0)
F16 tunnel: 4 blocks (branch mine at the floor, steered, ore detour)
F16 bank trip: planned budget 159s
F16 climb out (bank): the yard stands 37 levels up over 23b lateral - the climb raises its target to the yard's level
F6 tunnel: 2 blocks (branch mine at the floor, steered, ore detour)
F11 [F11] hop: chest at [-143,80,413] d=26 zero: chest unreachable (No path to the goal!)
F11 [F11] chest skip (no path cached 0s ago at [-143,80,411])
F11 [F11] chest skip (no path cached 0s ago at [-143,80,415])
F11 [F11] chest skip (no path cached 0s ago at [-143,80,409])
F13 climb out (bank): retry failed - stalled
F13 [F13] climb bridge: unavailable (no solid floor underfoot)
F13 [F13] climb diag: level at y=65 blocked toward 1,0 (dug=0)
F13 [F13] climb bridge: unavailable (no solid floor underfoot)
F13 [F13] climb diag: level at y=65 blocked toward 0,1 (dug=0)
F13 [F13] climb bridge: unavailable (no solid floor underfoot)
F13 [F13] climb diag: level at y=65 blocked toward -1,0 (dug=0)
F19 retry #1 in 5.2s (Timeout waiting for 2 ticks after 5100ms)
F16 [F16] climb bridge: placed cobblestone at [-129,43,421] (support) - the step re-judges
F7 [F7] climb rise assist: repositioned to -127,64,416 - the loop re-judges
F10 [F10] climb bridge: placed cobblestone at [-127,43,421] (pit) - the step re-judges
F2 [F2] climb bridge: placed cobblestone at [-85,56,419] (support) - the step re-judges
F17 [F17] climb bridge: unavailable (no solid floor underfoot)
F17 [F17] climb diag: level at y=63 blocked toward 0,-1 (dug=1)
F8 [F8] vein sweep: the drop walk to [-168,55,434] failed - sweep drops: timeout after 4000ms (dy -1.0, range 2)
F13 climb out (trip): failed - stalled [stage 1]
F13 map trip skipped: cannot leave the shaft
F10 [F10] climb bridge: placed cobblestone at [-127,44,421] (support) - the step re-judges
F6 [F6] vein sweep: 3 drop(s) in reach (3 dug)
F17 [F17] climb bridge: unavailable (no solid floor underfoot)
F17 [F17] climb diag: level at y=63 blocked toward 1,0 (dug=2)
F7 [F7] climb bridge: placed cobblestone at [-128,64,416] (support) - the step re-judges
F17 [F17] climb bridge: unavailable (no solid floor underfoot)
F17 [F17] climb diag: level at y=63 blocked toward 0,1 (dug=3)
F17 climb out (trip): failed - stalled
F17 map trip skipped: cannot leave the shaft
F13 [F13] craft torches: 3 batch(es) -> 12 torches (sticks 7 coals 8, the metal reserve keeps 5)
F9 [F9] raw hop failed: raw walk: no net progress for 8234ms (best d=10.8) - pathfinder retry
F2 [F2] climb bridge: placed cobblestone at [-84,56,419] (pit) - the step re-judges
F8 [F8] vein sweep: the drop walk to [-168,54,434] failed - sweep drops: timeout after 4000ms (dy -1.9, range 2)
F8 [F8] vein sweep: +2u walked from the drops (5 dug)
F8 [F8] vein sweep: 2 below-plane walk(s) still failed on the wide goal (range 2) - the drop rests deeper than the lip
F8 vein sweep: 5 ores dug beside the gallery (ore detour)
F8 bank trip: planned budget 153s
F2 [F2] climb bridge: placed cobblestone at [-84,57,419] (support) - the step re-judges
F6 [F6] vein sweep: the drop walk to [-112,54,444] failed - sweep drops: timeout after 4000ms (dy -2.0, range 2)
F3 yard approach: approach: the stall side-step (right) moved the start (d now 44.5)
F7 [F7] climb diag: level at y=68 blocked toward -1,0 (dug=22)
F9 [F9] hop: chest at [-118,80,413] d=12 zero: chest unreachable (No path to the goal!)
F9 bank: chest unreachable (No path to the goal!) (23 blocks from yard) - walking back
F8 [F8] climb bridge: placed cobblestone at [-168,55,432] (support) - the step re-judges
F9 bank: yard walk arrived in 0s (1 attempt)
F9 camp furnace: 11 near machine(s) all beyond the 24b direct envelope (nearest d=27.8) - the bay reads as empty, the camp ladder decides on its own merits
F9 camp furnace: craft-planks (6 log(s) in pocket - craft planks (largest same-type stack 1/4))
F19 [F19] died - respawning (cause: server: drowned [kind=drown] | inferred: fall/env (0s before death at [-136,51,412]) [the inference is blind to this kind - the hint is noise by construction (the server kind stays the authority)])
F19 [F19] death drop: ~39u lost at [-136,51,412] (granite 8, dirt 5, oak_log 5, oak_planks 5, stick 5, +6 more)
F19 [F19] water: death spot memorized as a hazard at [-136,51,412] (15 live, fleet-wide)
F7 [F7] climb diag: level at y=70 blocked toward 0,-1 (dug=23)
F19 [F19] water: drowning rescue start (drowning, oxygen 0)
F19 [F19] water: rescue aborted (dead - the hazard stays at the death spot) in 0.0s
F19 [F19] water: frozen-return gate clears - the rescue completed with living physics
F17 [F17] craft torches: skip (the pocket torch cap: held 24 of 24 - sticks 5 coals 17)
[hb] n=18 ts=360s rss=443M late=84ms mainLate=533ms
F19 respawned without tools - re-bootstrapping (attempt 8)
F11 [F11] raw hop failed: raw walk: no net progress for 8403ms (best d=16.0) - pathfinder retry
F9 camp furnace: craft-table (48 cobble + 5 planks - table first)
F13 [F13] digShaft: water table y=54 (region strike) - stopping above the aquifer, the tunnel owns this level (regions 2)
F13 tunnel: steering coal_ore @ 4.1b (axis z--1, cross 0.5, ore detour)
F8 [F8] climb bridge: placed cobblestone at [-168,56,432] (support) - the step re-judges
F10 [F10] climb bridge: placed cobblestone at [-129,45,421] (pit) - the step re-judges
F6 [F6] vein sweep: the drop walk to [-112,55,445] failed - sweep drops: timeout after 4000ms (dy -1.0, range 2)
F5 [F5] climb bridge: placed cobblestone at [-101,66,429] (support) - the step re-judges
F12 bank trip: pockets full budget 147s
F10 [F10] climb bridge: placed cobblestone at [-129,46,421] (support) - the step re-judges
F19 [F19] water: air-bar glitch ignored (oxygen 0 on dry land at [-126,80,408], 1 total)
F12 [F12] climb bridge: placed cobblestone at [-156,63,399] (support) - the step re-judges
F5 [F5] climb diag: level at y=68 blocked toward 0,1 (dug=63)
F5 [F5] climb diag: level at y=67 blocked toward -1,0 (dug=63)
F17 [F17] water: drowning rescue start (drowning, oxygen 14)
F17 [F17] water: pass 0 head=wet shore=none land=n/a y=59.6 o2=14 probes=0 at=[-102,60,362]
F3 yard approach: approach: the stall side-step (left) moved the start (d now 45.0)
F16 [F16] climb rise assist: assist did not complete (goto: climb rise assist: timeout after 4500ms)
F12 [F12] climb diag: level at y=65 blocked toward -1,0 (dug=0)
t-234s alive=19/19 mined=2294 map=1071p/17ch banked=0 smelted=0 pocket=2598u/278s | sand=65 gravel=63 dirt=340 stone=0
   deficits: 157926/65 (0.0%) 149380/63 (0.0%) 31860/0 (0.0%) 27420/0 (0.0%) 10725/117 (1.1%)
   F1=132[cobblestone:74 raw_iron:17 andesite:17] | F2=142[cobblestone:88 dirt:22 leaf_litter:14] | F3=156[cobblestone:57 dirt:38 gravel:20] | F4=125[cobblestone:48 gravel:22 dirt:20] | F5=192[cobblestone:104 torch:30 granite:29] | F6=53[dirt:21 leaf_litter:13 cobblestone:12] | F7=124[dirt:38 diorite:30 torch:16] | F8=209[cobblestone:93 dirt:27 raw_copper:26] | F9=85[cobblestone:48 leaf_litter:15 dirt:11] | F10=90[cobblestone:29 granite:23 andesite:18] | F11=112[granite:29 torch:24 cobblestone:24] | F12=138[granite:36 sand:32 cobblestone:29] | F13=147[raw_copper:40 cobblestone:37 dirt:35] | F14=154[cobblestone:79 dirt:34 leaf_litter:18] | F15=88[cobblestone:21 coal:20 granite:16] | F16=99[cobblestone:39 andesite:29 leaf_litter:9] | F17=84[cobblestone:28 torch:24 coal:17] | F18=141[cobblestone:78 raw_copper:34 dirt:25] | F19=23[empty]
   mem: heap=141M/172M old=-1M ext=171M ab=168M rss=445M cols=1883 ents=2848 evicted=1212 path=4a/0q (max 6) stale=0
F12 [F12] climb diag: level at y=64 blocked toward 0,-1 (dug=0)
F16 [F16] climb diag: level at y=45 did not rise (food=20, dug=8) feet=air support=air step=air head=air
F11 [F11] hop: chest at [-138,80,413] d=17 zero: chest unreachable (Took to long to decide path to goal!)
F11 [F11] chest skip (no path cached 0s ago at [-138,80,411])
F11 [F11] chest skip (no path cached 0s ago at [-138,80,415])
F11 [F11] chest skip (no path cached 0s ago at [-138,80,409])
F11 bank: chest unreachable (Took to long to decide path to goal!) (22 blocks from yard) - walking back
F6 [F6] vein sweep: +1u walked from the drops (3 dug)
F6 [F6] vein sweep: 3 below-plane walk(s) still failed on the wide goal (range 2) - the drop rests deeper than the lip
F6 vein sweep: 3 ores dug beside the gallery (ore detour)
F5 [F5] climb bridge: the server refused the support fill at [-101,66,430] - the rotate ladder owns it (held=cobblestone, 0.7b, ref=grass_block, post=? (re-read failed))
F5 [F5] climb diag: level at y=66 blocked toward 0,-1 (dug=63)
F13 tunnel: 2 blocks (branch mine at the floor, steered, ore detour)
F11 bank: yard walk arrived in 0s (1 attempt)
F11 camp furnace: 11 near machine(s) all beyond the 24b direct envelope (nearest d=28.4) - the bay reads as empty, the camp ladder decides on its own merits
F11 camp furnace: craft-furnace (24 cobble + table in reach - craft the furnace)
F17 [F17] water: pass 4 head=dry shore=hit r=2 land=none y=62.8 o2=15 probes=0 at=[-102,63,362]
F12 [F12] climb diag: level at y=65 blocked toward 1,0 (dug=0)
F12 climb out (bank): failed - stalled
F12 climb out (bank): retry (escalated retry after stalled, fenced to 90s of the 143s the chain has left)
F12 [F12] climb bridge: unavailable (no solid floor underfoot)
F12 [F12] climb diag: level at y=64 blocked toward -1,0 (dug=0)
F12 [F12] climb bridge: unavailable (no solid floor underfoot)
F12 [F12] climb diag: level at y=64 blocked toward 0,-1 (dug=0)
F6 [F6] craft torches: skip (no coal: sticks 3 coals 0)
F6 [F6] digShaft: water table y=54 (region strike) - stopping above the aquifer, the tunnel owns this level (regions 2)
F6 tunnel: steering coal_ore @ 4.5b (axis z+, cross 0.5000000190001543, ore detour)
F16 [F16] climb bridge: placed cobblestone at [-128,42,419] (pit) - the step re-judges
F12 [F12] climb bridge: unavailable (no solid floor underfoot)
F12 [F12] climb diag: level at y=64 blocked toward 1,0 (dug=0)
F1 [F1] craft torches: skip (no coal: sticks 3 coals 0)
F12 climb out (bank): retry failed - stalled
F12 [F12] craft torches: skip (no coal: sticks 3 coals 0)
F16 [F16] climb bridge: placed cobblestone at [-128,43,419] (support) - the step re-judges
F14 [F14] craft torches: skip (no coal: sticks 3 coals 0)
F14 [F14] digShaft: water hazard 3.5b away (live 15) - refusing this column, the caller rotates
F14 tunnel: 0 blocks (branch mine at the floor, ore detour)
F14 bank trip: pockets full budget 142s
F14 bank: smelt hold skipped - no fuel in pocket (coal 0)
F13 [F13] vein sweep: 5 drop(s) in reach (3 dug)
F17 [F17] water: pass 10 head=dry shore=hit r=1 land=none y=62.6 o2=20 probes=0 at=[-103,63,365]
F11 camp furnace: BUILT (furnace at -137,64,413) in 3s
F4 [F4] approach: the stall side-step (right) moved the start (d now 26.1)
F16 [F16] climb bridge: placed cobblestone at [-127,43,419] (pit) - the step re-judges
F3 yard approach: approach: 7 segment(s) walked in 24.0s, goal now d=44.4 (still outside - a segment stalled (no position delta))
F3 bank walk path event: block_updated
F3 bank walk path event: block_updated
F7 climb out (bank): failed - stalled
F7 climb out (bank): retry (escalated retry after stalled, fenced to 90s of the 119s the chain has left)
F9 camp furnace: BUILT (furnace at -117,72,414) in 11s
F9 fuel anchor scan returned empty (attempt 1/2) at [-117,72,414] yard d=23 - the palette empty-return class, re-querying
F9 fuel anchor scan returned empty (attempt 2/2) at [-117,72,414] yard d=23
F9 fuel anchor scan empty x2 - the singular probe rescued the scan (chest at [-118,80,413])
F9 fuel commons: the anchor chest is read first
F16 [F16] climb bridge: placed cobblestone at [-127,44,419] (support) - the step re-judges
F19 [F19] water: drowning rescue start (drowning, oxygen 0)
F19 [F19] water: pass 0 head=dry shore=hit r=4 land=none y=62.2 o2=0 probes=0 at=[-129,62,386]
F3 bank walk path event: path_stop (explicit)
F15 climb out (trip): OK +10 levels (10 steps, 27 dug, 25s)
F7 [F7] climb bridge: placed cobblestone at [-127,69,412] (support) - the step re-judges
F3 bank: yard walk attempt 1 failed: Timeout: Took to long to decide path to goal!
F3 bank: yard walk failed (Took to long to decide path to goal!) - smelting locally if a furnace is near
F3 camp furnace: 1 near machine(s) all beyond the 24b direct envelope (nearest d=30.4) - the bay reads as empty, the camp ladder decides on its own merits
F3 camp furnace: craft-planks (4 log(s) in pocket - craft planks (largest same-type stack 1/4))
F15 map trip skipped: sand,gravel unreachable
F9 fuel commons: path nudge approach: 1 segment(s) walked in 0.0s, goal now d=7.3 (inside the direct envelope)
F9 fuel commons: path nudge inside the direct envelope
F17 [F17] water: pass 14 head=dry shore=hit r=1 land=none y=62.8 o2=20 probes=0 at=[-103,63,363]
F7 [F7] climb diag: level at y=71 blocked toward 0,1 (dug=0)
F7 [F7] climb diag: level at y=70 blocked toward -1,0 (dug=0)
F9 fuel commons: the nudge retry landed
F3 camp furnace: craft-table (58 cobble + 5 planks - table first)
F1 retry #1 in 3.5s (Timeout waiting for 4 ticks after 5200ms)
F9 fuel commons: chest holds no fuel
F6 tunnel: 4 blocks (branch mine at the floor, steered, ore detour)
F19 [F19] water: pass 4 head=dry shore=hit r=3 land=none y=62.5 o2=18 probes=0 at=[-128,63,387]
F15 [F15] craft torches: 1 batch(es) -> 4 torches (sticks 3 coals 20)
F17 [F17] water: pass 17 head=dry shore=hit r=2 land=none y=64.0 o2=20 probes=0 at=[-104,64,365]
F7 [F7] climb diag: level at y=70 blocked toward 0,-1 (dug=1)
F19 [F19] water: pass 7 head=wet shore=none land=n/a y=61.9 o2=20 probes=0 at=[-126,62,389]
F5 climb out (bank): failed - timeout
F5 climb out (bank): retry (escalated retry after timeout, fenced to 89s of the 89s the chain has left)
F12 [F12] digShaft: water hazard 3.3b away (live 15) - refusing this column, the caller rotates
F17 [F17] water: pass 20 head=dry shore=hit r=1 land=none y=63.1 o2=20 probes=0 at=[-106,63,367]
F12 tunnel: 0 blocks (branch mine at the floor, floor lock)
F12 bank trip: pockets full budget 133s
F12 bank: smelt hold skipped - no fuel in pocket (coal 0)
F6 [F6] vein sweep: 7 drop(s) in reach (3 dug)
F6 [F6] vein sweep: lip dig refused - sealed floor (air 0, dy -1.0)
F13 [F13] vein sweep: the drop walk to [-123,59,390] failed - sweep drops: timeout after 4000ms (dy 2.1, range 2)
F4 [F4] approach: the stall side-step (left) stalled too
F4 [F4] approach: 7 segment(s) walked in 29.1s, goal now d=25.8 (still outside - a segment stalled (no position delta))
F1 [F1] water: drowning rescue start (drowning, oxygen 8)
F1 [F1] water: pass 0 head=wet shore=none land=n/a y=60.1 o2=8 probes=0 at=[-118,60,373]
F1 [F1] craft torches: skip (no coal: sticks 3 coals 0)
F1 tunnel: steering coal_ore @ 10.5b (axis x--1, cross 1.6999999999999886, ore detour)
F19 [F19] water: pass 12 head=dry shore=hit r=1 land=none y=63.8 o2=20 probes=0 at=[-123,64,390]
F17 [F17] water: pass 22 head=dry shore=hit r=1 land=none y=64.0 o2=20 probes=0 at=[-108,64,368]
F6 [F6] vein sweep: lip dig refused - sealed floor (air 0, dy -1.0)
F17 tunnel: steering coal_ore @ 10b (axis z+, cross 0.5302407279724974, ore detour)
F4 [F4] raw hop failed: raw walk stalled after 2319ms (d=25.6) - pathfinder retry
F1 [F1] water: pass 5 head=dry shore=hit r=3 land=none y=62.9 o2=8 probes=0 at=[-118,63,373]
[hb] n=19 ts=380s rss=450M late=89ms mainLate=517ms
F5 [F5] climb: walkable surface at y=70 (+1 levels, dug=2) - the walk takes over
F5 climb out (bank): retry OK +1 levels (1 steps, 2 dug, undefineds)
F5 bank: holding 45s of 180s for the smelt leg
t-219s alive=19/19 mined=2379 map=1133p/18ch banked=0 smelted=0 pocket=2662u/284s | sand=66 gravel=63 dirt=365 stone=0
   deficits: 157926/66 (0.0%) 149380/63 (0.0%) 31860/0 (0.0%) 27420/0 (0.0%) 10725/131 (1.2%)
   F1=132[cobblestone:74 raw_iron:17 andesite:17] | F2=145[cobblestone:88 dirt:22 leaf_litter:14] | F3=156[cobblestone:51 dirt:38 gravel:20] | F4=125[cobblestone:48 gravel:22 dirt:20] | F5=197[cobblestone:101 torch:30 granite:29] | F6=60[dirt:21 cobblestone:20 leaf_litter:13] | F7=125[dirt:38 diorite:30 torch:16] | F8=225[cobblestone:96 dirt:40 raw_copper:26] | F9=85[cobblestone:40 leaf_litter:15 dirt:11] | F10=102[cobblestone:39 granite:23 andesite:19] | F11=112[granite:29 torch:24 cobblestone:16] | F12=138[granite:36 sand:32 cobblestone:29] | F13=150[raw_copper:40 cobblestone:40 dirt:38] | F14=154[cobblestone:79 dirt:33 leaf_litter:18] | F15=100[cobblestone:31 coal:19 torch:19] | F16=111[cobblestone:38 andesite:37 leaf_litter:9] | F17=85[cobblestone:28 torch:24 coal:17] | F18=154[cobblestone:81 dirt:35 raw_copper:34] | F19=23[empty]
   mem: heap=144M/175M old=-1M ext=176M ab=174M rss=453M cols=1890 ents=2798 evicted=1191 path=6a/0q (max 6) stale=0
F19 [F19] water: rescue complete in 9.8s
F19 [F19] water: hazard memorized at [-126,62,389] (13 live, fleet-wide)
F4 [F4] hop: chest at [-123,80,415] d=27 zero: chest unreachable (Took to long to decide path to goal!)
F4 [F4] chest skip (doomed goal cached 6s ago at [-118,80,415])
F4 [F4] chest skip (vertical doom: the yard stands 24 levels up over 12b lateral - the walk ladder cannot climb)
F4 [F4] chest skip (no path cached 0s ago at [-123,80,413])
F4 [F4] chest skip (doomed goal cached 3s ago at [-113,80,415])
F4 [F4] chest skip (vertical doom: the yard stands 24 levels up over 13b lateral - the walk ladder cannot climb)
F4 [F4] chest skip (doomed goal cached 4s ago at [-113,80,413])
F4 [F4] chest skip (doomed goal cached 5s ago at [-118,80,411])
F4 bank: chest unreachable (Took to long to decide path to goal!) (32 blocks from yard) - walking back
F4 bank: the yard stands 24 levels up over 21b lateral - the walk ladder cannot climb, the pocket rides the next window
F4 camp furnace: 2 near machine(s) beyond the 24b direct envelope (nearest d=19.3) - 2 inside the envelope keep the veto
F4 camp furnace: no build (machine near)
F4 fuel anchor scan returned empty (attempt 1/2) at [-119,56,425] yard d=32 - the palette empty-return class, re-querying
F4 fuel anchor scan returned empty (attempt 2/2) at [-119,56,425] yard d=32
F4 fuel anchor scan empty x2 - the singular probe rescued the scan (chest at [-118,80,415])
F4 fuel commons: the anchor chest is read first
F4 fuel commons: chest at [-118,80,415] the yard stands 24 levels up over 10b lateral - the walk ladder cannot climb, the ask rides (the tithe owns the deep resupply)
F4 fuel anchor scan returned empty (attempt 1/2) at [-119,56,425] yard d=32 - the palette empty-return class, re-querying
F4 fuel anchor scan returned empty (attempt 2/2) at [-119,56,425] yard d=32
F4 fuel anchor scan empty x2 - the singular probe rescued the scan (chest at [-118,80,415])
F4 fuel commons: the anchor chest is read first
F4 fuel commons: chest at [-118,80,415] the yard stands 24 levels up over 10b lateral - the walk ladder cannot climb, the ask rides (the tithe owns the deep resupply)
F4 smelt: 0 (raw_copper@-: no fuel; cobblestone@-: no fuel)
F4 iron commune: iron commune: chest the yard stands 24 levels up over 10b lateral - the walk ladder cannot climb, the fragments ride (the ask retries near the yard)
F17 [F17] water: pass 25 head=dry shore=hit r=1 land=none y=61.6 o2=20 probes=0 at=[-105,62,369]
F13 [F13] vein sweep: the drop walk to [-123,58,387] failed - sweep drops: timeout after 4000ms (dy 1.4, range 2)
F15 [F15] craft torches: stick-dry with logs held - one plank conversion first
F14 [F14] approach: 1 segment(s) walked in 16.0s, goal now d=17.7 (inside the direct envelope)
[F11] walk nudge: approach: 1 segment(s) walked in 13.9s, goal now d=17.6 (inside the direct envelope)
[F11] walk nudge: inside the direct envelope
F1 [F1] water: pass 7 head=dry shore=hit r=4 land=none y=62.7 o2=20 probes=0 at=[-118,63,374]
F17 [F17] water: pass 26 head=dry shore=hit r=3 land=none y=61.1 o2=20 probes=0 at=[-104,61,369]
F6 [F6] vein sweep: the drop walk to [-112,54,445] failed - sweep drops: timeout after 4000ms (dy -0.2, range 1)
F13 [F13] vein sweep: +10u walked from the drops (3 dug)
F13 [F13] vein sweep: 4 above-plane walk(s) timed out on the wide goal (range 2) - the ledge family (the v0.189.0 class, the triage names it)
F13 vein sweep: 3 ores dug beside the gallery (ore detour)
F13 bank trip: pockets full budget 125s
F13 climb out (bank): the yard stands 22 levels up over 10b lateral - the climb raises its target to the yard's level
F9 fuel anchor scan returned empty (attempt 1/2) at [-112,66,409] yard d=22 - the palette empty-return class, re-querying
F9 fuel anchor scan returned empty (attempt 2/2) at [-112,66,409] yard d=22
F9 fuel anchor scan empty x2 - the singular probe rescued the scan (chest at [-113,80,407])
F9 fuel commons: the anchor chest is read first
F15 [F15] craft torches: stick-dry but 7 planks held - one stick batch first
F15 [F15] craft torches: 1 batch(es) -> 4 torches (sticks 2 coals 19)
F3 camp furnace: BUILT (furnace at -110,43,420) in 15s
F3 fuel anchor scan returned empty (attempt 1/2) at [-110,43,420] yard d=44 - the palette empty-return class, re-querying
F3 fuel anchor scan returned empty (attempt 2/2) at [-110,43,420] yard d=44
F3 fuel anchor scan empty x2 - the singular probe rescued the scan (chest at [-108,80,415])
F3 fuel commons: the anchor chest is read first
F3 fuel commons: chest at [-108,80,415] the yard stands 37 levels up over 6b lateral - the walk ladder cannot climb, the ask rides (the tithe owns the deep resupply)
F3 smelt: 0 (cobblestone@-: no fuel)
F3 iron commune: iron commune: chest the yard stands 37 levels up over 6b lateral - the walk ladder cannot climb, the fragments ride (the ask retries near the yard)
F1 [F1] water: pass 9 head=dry shore=hit r=2 land=none y=62.0 o2=20 probes=0 at=[-117,62,375]
F17 [F17] water: pass 28 head=dry shore=hit r=2 land=none y=62.5 o2=20 probes=0 at=[-105,63,370]
F16 [F16] climb diag: level at y=48 blocked toward 1,0 (dug=22)
F7 climb out (bank): retry failed - stalled
F7 [F7] climb bridge: unavailable (no solid floor underfoot)
F7 [F7] climb diag: level at y=68 blocked toward -1,0 (dug=0)
F7 [F7] climb bridge: unavailable (no solid floor underfoot)
F7 [F7] climb diag: level at y=68 blocked toward 0,-1 (dug=0)
F15 bank trip: pockets full budget 122s
F15 climb out (bank): the yard stands 37 levels up over 30b lateral - the climb raises its target to the yard's level
F9 fuel commons: path nudge approach: 1 segment(s) walked in 0.1s, goal now d=14.0 (inside the direct envelope)
F9 fuel commons: path nudge inside the direct envelope
F7 [F7] climb bridge: unavailable (no solid floor underfoot)
F7 [F7] climb diag: level at y=68 blocked toward 1,0 (dug=0)
F3 sweep: 0 collected - machine unreachable (No path to the goal!) x1
F3 [F3] chest skip (vertical doom: the yard stands 37 levels up over 6b lateral - the walk ladder cannot climb)
F3 [F3] chest skip (vertical doom: the yard stands 37 levels up over 8b lateral - the walk ladder cannot climb)
F3 [F3] chest skip (vertical doom: the yard stands 37 levels up over 9b lateral - the walk ladder cannot climb)
F3 [F3] chest skip (vertical doom: the yard stands 37 levels up over 10b lateral - the walk ladder cannot climb)
F3 [F3] chest skip (vertical doom: the yard stands 37 levels up over 10b lateral - the walk ladder cannot climb)
F3 [F3] chest skip (vertical doom: the yard stands 37 levels up over 12b lateral - the walk ladder cannot climb)
F3 [F3] chest skip (vertical doom: the yard stands 37 levels up over 12b lateral - the walk ladder cannot climb)
F3 [F3] chest skip (vertical doom: the yard stands 37 levels up over 14b lateral - the walk ladder cannot climb)
F3 bank: 0 (no chest in range)
F9 fuel commons: the nudge retry landed
F18 [F18] climb: walkable surface at y=68 (+25 levels, dug=71) - the walk takes over (blocked step)
F18 climb out (bank): OK +25 levels (25 steps, 71 dug, undefineds)
F18 bank: smelt hold skipped - no fuel in pocket (coal 0)
F1 [F1] water: pass 12 head=dry shore=hit r=1 land=none y=63.6 o2=20 probes=0 at=[-115,64,377]
F16 [F16] climb bridge: placed cobblestone at [-124,46,420] (pit) - the step re-judges
F7 climb out (trip): failed - stalled [stage 1]
F7 map trip skipped: cannot leave the shaft
F6 [F6] vein sweep: the drop walk to [-106,55,441] failed - sweep drops: timeout after 4000ms (dy 1.1, range 2)
F8 climb out (bank): OK +10 levels (9 steps, 24 dug, 33s)
F8 bank: holding 45s of 153s for the smelt leg
F16 [F16] climb bridge: placed cobblestone at [-124,47,420] (support) - the step re-judges
F17 [F17] water: rescue timeout (still wet, 33 passes, 0 probes, tail dry/dry/dry) in 25.4s
F17 [F17] water: hazard memorized at [-105,61,369] (13 live, fleet-wide)
F6 [F6] vein sweep: +13u walked from the drops (3 dug)
F6 [F6] vein sweep: 1 above-plane walk(s) timed out on the wide goal (range 2) - the ledge family (the v0.189.0 class, the triage names it)
F6 vein sweep: 3 ores dug beside the gallery (ore detour)
F6 [F6] craft torches: 1 batch(es) -> 4 torches (sticks 3 coals 5)
F7 tool upgrade due: cobble available -> stone_pickaxe
F7 [toolupgrade] [upgrade] upgraded: stone_pickaxe,wooden_shovel,wooden_pickaxe
F7 tool upgrade: OK -> stone_pickaxe (stone_pickaxe,wooden_shovel,wooden_pickaxe)
F7 [F7] craft torches: stick-dry but 5 planks held - one stick batch first
F7 [F7] craft torches: skip (no coal: sticks 4 coals 0)
F1 [F1] water: pass 20 head=dry shore=hit r=2 land=none y=64.0 o2=20 probes=0 at=[-111,64,374]
F5 [F5] raw hop failed: raw walk stalled after 2226ms (d=13.1) - pathfinder retry
F12 [F12] raw hop failed: raw walk: no net progress for 8242ms (best d=16.0) - pathfinder retry
F18 [F18] raw hop failed: raw walk stalled after 2065ms (d=12.2) - pathfinder retry
F14 [F14] raw hop failed: raw walk: no net progress for 8101ms (best d=16.0) - pathfinder retry
F1 [F1] water: pass 23 head=dry shore=hit r=1 land=none y=62.2 o2=20 probes=0 at=[-114,62,372]
F14 [F14] hop: chest at [-122,80,389] d=30 zero: chest unreachable (Took to long to decide path to goal!)
F14 [F14] chest skip (no path cached 0s ago at [-123,80,389])
F14 [F14] chest skip (no path cached 0s ago at [-124,80,389])
F14 [F14] chest skip (vertical doom: the yard stands 23 levels up over 15b lateral - the walk ladder cannot climb)
F14 [F14] chest skip (vertical doom: the yard stands 23 levels up over 14b lateral - the walk ladder cannot climb)
F14 [F14] chest skip (vertical doom: the yard stands 23 levels up over 16b lateral - the walk ladder cannot climb)
F14 [F14] chest skip (vertical doom: the yard stands 23 levels up over 17b lateral - the walk ladder cannot climb)
F14 [F14] chest skip (vertical doom: the yard stands 23 levels up over 17b lateral - the walk ladder cannot climb)
F14 bank: chest unreachable (Took to long to decide path to goal!) (31 blocks from yard) - walking back
F14 bank: the yard stands 23 levels up over 20b lateral - the walk ladder cannot climb, the pocket rides the next window
F14 camp furnace: 6 near machine(s) beyond the 24b direct envelope (nearest d=23.5) - 2 inside the envelope keep the veto
F14 camp furnace: no build (machine near)
F14 fuel anchor scan returned empty (attempt 1/2) at [-122,57,391] yard d=31 - the palette empty-return class, re-querying
F14 fuel anchor scan returned empty (attempt 2/2) at [-122,57,391] yard d=31
F14 fuel anchor scan empty x2 - the singular probe rescued the scan (chest at [-123,80,389])
F14 fuel commons: the anchor chest is read first
F14 fuel commons: chest at [-123,80,389] the yard stands 23 levels up over 2b lateral - the walk ladder cannot climb, the ask rides (the tithe owns the deep resupply)
F14 fuel anchor scan returned empty (attempt 1/2) at [-122,57,391] yard d=31 - the palette empty-return class, re-querying
F14 fuel anchor scan returned empty (attempt 2/2) at [-122,57,391] yard d=31
F14 fuel anchor scan empty x2 - the singular probe rescued the scan (chest at [-123,80,389])
F14 fuel commons: the anchor chest is read first
F14 fuel commons: chest at [-123,80,389] the yard stands 23 levels up over 2b lateral - the walk ladder cannot climb, the ask rides (the tithe owns the deep resupply)
F14 smelt: 0 (cobblestone@-: no fuel; sand@-: no fuel)
F14 iron commune: iron commune: chest the yard stands 23 levels up over 2b lateral - the walk ladder cannot climb, the fragments ride (the ask retries near the yard)
t-202s alive=19/19 mined=2440 map=1144p/18ch banked=0 smelted=0 pocket=2741u/294s | sand=66 gravel=64 dirt=378 stone=0
   deficits: 157926/66 (0.0%) 149380/64 (0.0%) 31860/0 (0.0%) 27420/0 (0.0%) 10725/139 (1.3%)
   F1=132[cobblestone:74 raw_iron:17 andesite:17] | F2=147[cobblestone:88 dirt:22 leaf_litter:14] | F3=165[cobblestone:61 dirt:38 gravel:20] | F4=125[cobblestone:48 gravel:22 dirt:20] | F5=197[cobblestone:101 torch:30 granite:29] | F6=66[cobblestone:25 dirt:21 leaf_litter:13] | F7=130[dirt:42 diorite:30 torch:16] | F8=226[cobblestone:96 dirt:41 raw_copper:26] | F9=85[cobblestone:40 leaf_litter:15 dirt:11] | F10=110[cobblestone:47 granite:23 andesite:19] | F11=112[granite:29 torch:24 cobblestone:16] | F12=138[granite:36 sand:32 cobblestone:29] | F13=157[dirt:46 raw_copper:40 cobblestone:40] | F14=154[cobblestone:79 dirt:33 leaf_litter:18] | F15=108[cobblestone:31 torch:23 coal:18] | F16=120[andesite:37 cobblestone:37 leaf_litter:9] | F17=85[cobblestone:28 torch:24 coal:17] | F18=158[cobblestone:81 dirt:36 raw_copper:34] | F19=25[dirt:1 oak_log:1]
   mem: heap=143M/181M old=-1M ext=177M ab=175M rss=462M cols=1912 ents=2827 evicted=1234 path=4a/0q (max 6) stale=0
F13 [F13] water: drowning rescue start (drowning, oxygen 12)
F13 [F13] water: pass 0 head=wet shore=none land=n/a y=60.0 o2=12 probes=0 at=[-124,60,393]
F1 [F1] water: pass 24 head=dry shore=hit r=1 land=none y=62.0 o2=20 probes=0 at=[-113,62,373]
F18 [F18] hop: chest at [-103,80,413] d=20 zero: chest unreachable (Took to long to decide path to goal!)
F18 [F18] chest skip (no path cached 0s ago at [-103,80,411])
F18 [F18] chest skip (no path cached 0s ago at [-103,80,415])
F18 [F18] chest skip (no path cached 0s ago at [-103,80,409])
F9 fuel commons: the cover dig stands down (not at the chest)
F9 fuel commons: open failed (open fuel chest: timeout after 10000ms)
[F11] walk nudge: approach: 1 segment(s) walked in 9.8s, goal now d=17.6 (inside the direct envelope)
[F11] walk nudge: inside the direct envelope
[hb] n=20 ts=400s rss=465M late=95ms mainLate=723ms
F13 [F13] water: pass 2 head=wet shore=none land=n/a y=61.3 o2=9 probes=0 at=[-124,61,393]
F9 fuel commons: budget spent (0/1 units)
F9 smelt: 0 (cobblestone@-: no fuel; sand@-: no fuel)
F1 [F1] water: pass 25 head=dry shore=hit r=1 land=none y=62.0 o2=20 probes=0 at=[-113,62,373]
F4 sweep: 0 collected - machine unreachable (Took to long to decide path to goal!) x3
F1 [F1] water: rescue complete in 25.0s
F1 [F1] water: frozen-return gate clears - the rescue completed with living physics
F1 [F1] water: hazard memorized at [-114,62,373] (11 live, fleet-wide)
F7 [F7] digShaft: water table y=54 (region strike) - stopping above the aquifer, the tunnel owns this level (regions 2)
F9 iron commune: iron commune: path nudge approach: 1 segment(s) walked in 0.9s, goal now d=14.0 (inside the direct envelope)
F9 iron commune: iron commune: path nudge inside the direct envelope
F13 [F13] water: pass 4 head=wet shore=none land=n/a y=61.3 o2=19 probes=0 at=[-124,61,392]
F9 iron commune: iron commune: the nudge retry landed
F2 [F2] climb diag: level at y=60 did not rise (food=20, dug=13) feet=air support=stone step=air head=air
F13 [F13] water: pass 6 head=dry shore=hit r=1 land=none y=63.5 o2=20 probes=0 at=[-124,64,392]
F18 [F18] raw hop failed: raw walk: no net progress for 8616ms (best d=13.1) - pathfinder retry
F13 [F13] water: pass 8 head=dry shore=hit r=1 land=none y=63.8 o2=20 probes=0 at=[-124,64,392]
t-186s alive=19/19 mined=2484 map=1174p/18ch banked=0 smelted=0 pocket=2786u/295s | sand=66 gravel=64 dirt=379 stone=0
   deficits: 157926/66 (0.0%) 149380/64 (0.0%) 31860/0 (0.0%) 27420/0 (0.0%) 10725/143 (1.3%)
   F1=132[cobblestone:74 raw_iron:17 andesite:17] | F2=149[cobblestone:88 dirt:22 leaf_litter:14] | F3=171[cobblestone:67 dirt:38 gravel:20] | F4=125[cobblestone:48 gravel:22 dirt:20] | F5=197[cobblestone:101 torch:30 granite:29] | F6=74[cobblestone:32 dirt:21 leaf_litter:13] | F7=133[dirt:43 diorite:30 torch:15] | F8=226[cobblestone:97 dirt:41 raw_copper:26] | F9=85[cobblestone:40 leaf_litter:15 dirt:11] | F10=116[cobblestone:54 granite:23 andesite:19] | F11=112[granite:29 torch:24 cobblestone:16] | F12=138[granite:36 sand:32 cobblestone:29] | F13=157[dirt:46 raw_copper:40 cobblestone:40] | F14=154[cobblestone:79 dirt:33 leaf_litter:18] | F15=116[cobblestone:33 torch:23 coal:20] | F16=127[andesite:37 cobblestone:37 granite:16] | F17=85[cobblestone:28 torch:24 coal:17] | F18=158[cobblestone:81 dirt:36 raw_copper:34] | F19=29[dirt:1 oak_log:1]
   mem: heap=145M/181M old=-1M ext=174M ab=172M rss=465M cols=1869 ents=2786 evicted=1296 path=6a/1q (max 6) stale=0
F4 [F4] raw hop failed: raw walk: no net progress for 8760ms (best d=16.0) - pathfinder retry
F14 [F14] water: drowning rescue start (drowning, oxygen 14)
F14 [F14] water: pass 0 head=wet shore=none land=n/a y=56.0 o2=14 probes=0 at=[-122,56,391]
F18 [F18] hop: chest at [-108,80,413] d=14 zero: chest unreachable (Took to long to decide path to goal!)
[F11] walk nudge: approach: 1 segment(s) walked in 10.4s, goal now d=18.2 (inside the direct envelope)
[F11] walk nudge: inside the direct envelope
F9 iron commune: open failed (open commune chest: timeout after 10000ms)
F9 iron commune: budget spent (0/3 units)
F9 [F9] chest skip (doomed goal cached 13s ago at [-113,80,405])
F14 sweep: 0 collected - machine unreachable (Took to long to decide path to goal!) x5, machine unreachable (The goal was changed before it could be completed!) x1
F14 [F14] chest skip (vertical doom: the yard stands 24 levels up over 2b lateral - the walk ladder cannot climb)
F14 [F14] chest skip (vertical doom: the yard stands 24 levels up over 3b lateral - the walk ladder cannot climb)
F14 [F14] chest skip (vertical doom: the yard stands 24 levels up over 2b lateral - the walk ladder cannot climb)
F14 [F14] chest skip (vertical doom: the yard stands 24 levels up over 15b lateral - the walk ladder cannot climb)
F14 [F14] chest skip (vertical doom: the yard stands 24 levels up over 14b lateral - the walk ladder cannot climb)
F14 [F14] chest skip (vertical doom: the yard stands 24 levels up over 16b lateral - the walk ladder cannot climb)
F14 [F14] chest skip (vertical doom: the yard stands 24 levels up over 17b lateral - the walk ladder cannot climb)
F14 [F14] chest skip (vertical doom: the yard stands 24 levels up over 17b lateral - the walk ladder cannot climb)
F14 bank: 0 (no chest in range)
F14 [F14] craft torches: skip (no coal: sticks 3 coals 0)
F14 tunnel: steering coal_ore @ 4.7b (axis z--1, cross 0.41890333747926434, floor lock)
F13 [F13] water: pass 10 head=dry shore=hit r=1 land=none y=62.6 o2=20 probes=0 at=[-125,63,392]
F14 [F14] water: pass 3 head=dry shore=hit r=3 land=none y=58.4 o2=20 probes=0 at=[-122,58,391]
F4 [F4] hop: chest at [-133,80,409] d=16 zero: chest unreachable (Took to long to decide path to goal!)
F4 [F4] chest skip (no path cached 0s ago at [-133,80,405])
F4 [F4] chest skip (no path cached 0s ago at [-133,80,407])
F4 [F4] chest skip (no path cached 0s ago at [-133,80,411])
F4 [F4] chest skip (no path cached 0s ago at [-133,80,413])
[hb] n=21 ts=420s rss=467M late=99ms mainLate=1483ms
F13 [F13] water: rescue complete in 22.4s
F13 [F13] water: hazard memorized at [-126,62,391] (11 live, fleet-wide)
F14 [F14] water: pass 4 head=wet shore=none land=n/a y=56.8 o2=20 probes=0 at=[-122,57,391]
F7 [F7] craft torches: skip (no coal: sticks 8 coals 0)
F4 [F4] raw hop failed: raw walk stalled after 2001ms (d=17.2) - pathfinder retry
F14 [F14] water: pass 6 head=wet shore=none land=n/a y=56.3 o2=20 probes=0 at=[-122,56,391]
F17 tunnel: 2 blocks (branch mine at the floor, steered, ore detour)
F14 tunnel: 2 blocks (branch mine at the floor, steered, floor lock)
F14 [F14] water: pass 9 head=dry shore=hit r=2 land=none y=57.1 o2=20 probes=0 at=[-122,57,391]
F9 [F9] raw hop failed: raw walk: no net progress for 8270ms (best d=14.0) - pathfinder retry
F5 [F5] raw hop failed: raw walk stalled after 2768ms (d=13.1) - pathfinder retry
F8 [F8] approach: the stall side-step (right) moved the start (d now 36.1)
F14 [F14] vein sweep: 3 drop(s) in reach (1 dug)
F12 [F12] raw hop failed: raw walk stalled after 2030ms (d=16.0) - pathfinder retry
F14 [F14] vein sweep: the drop walk to [-121,59,389] failed - water rescue in progress (sweep drops refused) (dy 3.1, range 2)
t-171s alive=19/19 mined=2547 map=1185p/18ch banked=0 smelted=0 pocket=2862u/297s | sand=70 gravel=64 dirt=386 stone=0
   deficits: 157926/70 (0.0%) 149380/64 (0.0%) 31860/0 (0.0%) 27420/0 (0.0%) 10725/144 (1.3%)
   F1=132[cobblestone:74 raw_iron:17 andesite:17] | F2=151[cobblestone:88 dirt:22 leaf_litter:14] | F3=181[cobblestone:76 dirt:38 gravel:20] | F4=125[cobblestone:48 gravel:22 dirt:20] | F5=197[cobblestone:101 torch:30 granite:29] | F6=85[cobblestone:44 dirt:21 leaf_litter:13] | F7=141[dirt:43 diorite:30 cobblestone:24] | F8=226[cobblestone:98 dirt:41 raw_copper:26] | F9=85[cobblestone:40 leaf_litter:15 dirt:11] | F10=125[cobblestone:59 granite:23 andesite:19] | F11=112[granite:29 torch:24 cobblestone:16] | F12=138[granite:36 sand:32 cobblestone:29] | F13=157[dirt:46 raw_copper:40 cobblestone:40] | F14=157[cobblestone:81 dirt:33 leaf_litter:18] | F15=126[cobblestone:34 torch:23 coal:21] | F16=135[cobblestone:43 andesite:37 granite:18] | F17=87[cobblestone:28 torch:24 coal:17] | F18=158[cobblestone:81 dirt:36 raw_copper:34] | F19=29[sand:2 oak_log:1]
   mem: heap=141M/179M old=-1M ext=174M ab=171M rss=465M cols=1864 ents=2675 evicted=1325 path=6a/0q (max 6) stale=0
F14 [F14] water: pass 10 head=wet shore=none land=n/a y=56.5 o2=20 probes=0 at=[-122,56,392]
F14 [F14] vein sweep: the drop walk to [-122,58,387] failed - water rescue in progress (sweep drops refused) (dy 2.0, range 2)
F14 [F14] vein sweep: the drop walks picked nothing (pocket delta 0, 3 failed walk(s))
F14 [F14] vein sweep: 3 above-plane walk(s) timed out on the wide goal (range 2) - the ledge family (the v0.189.0 class, the triage names it)
F14 vein sweep: 1 ores dug beside the gallery (floor lock)
F14 bank trip: pockets full budget 120s
F14 climb out (bank): the yard stands 23 levels up over 19b lateral - the climb raises its target to the yard's level
F14 climb out (bank): failed - rescue owns the bot
F14 climb out (bank): no retry (no retry for 'rescue owns the bot')
F14 climb out (trip): failed - rescue owns the bot
F14 map trip skipped: cannot leave the shaft
[F11] walk nudge: approach: 1 segment(s) walked in 8.8s, goal now d=17.9 (inside the direct envelope)
[F11] walk nudge: inside the direct envelope
F14 [F14] craft torches: skip (no coal: sticks 3 coals 0)
F14 [F14] water: pass 12 head=dry shore=hit r=3 land=none y=58.3 o2=20 probes=0 at=[-123,58,392]
F9 [F9] hop: chest at [-113,80,407] d=14 zero: chest unreachable (Took to long to decide path to goal!)
F9 [F9] chest skip (no path cached 0s ago at [-113,80,409])
F9 [F9] chest skip (no path cached 0s ago at [-113,80,411])
F9 [F9] hop: chest at [-118,80,407] d=15 zero: chest unreachable (budget exhausted (walk floor))
F9 [F9] hop: chest at [-118,80,405] d=15 zero: chest unreachable (budget exhausted (walk floor))
F9 [F9] hop: chest at [-118,80,409] d=15 zero: chest unreachable (budget exhausted (walk floor))
F9 [F9] hop: chest at [-113,80,413] d=15 zero: chest unreachable (budget exhausted (walk floor))
F9 bank: 0 (chest unreachable (budget exhausted (walk floor)))
F9 [F9] craft torches: skip (no coal: sticks 3 coals 0)
F14 tunnel: steering coal_ore @ 4.3b (axis z+, cross 0.6406102036157648, ore detour)
F14 tunnel: 0 blocks (branch mine at the floor, steered, ore detour)
F14 bank trip: pockets full budget 120s
F14 climb out (bank): the yard stands 23 levels up over 19b lateral - the climb raises its target to the yard's level
F14 climb out (bank): failed - rescue owns the bot
F14 climb out (bank): no retry (no retry for 'rescue owns the bot')
F14 [F14] craft torches: skip (no coal: sticks 3 coals 0)
F14 tunnel: steering coal_ore @ 4.5b (axis z+, cross 0.3593897963842352, floor lock)
F14 tunnel: 0 blocks (branch mine at the floor, steered, floor lock)
F14 bank trip: pockets full budget 120s
F14 climb out (bank): the yard stands 23 levels up over 19b lateral - the climb raises its target to the yard's level
F14 climb out (bank): failed - rescue owns the bot
F14 climb out (bank): no retry (no retry for 'rescue owns the bot')
F18 [F18] raw hop failed: raw walk timeout after 15710ms (d=14.1) - pathfinder retry
F14 [F14] craft torches: skip (no coal: sticks 3 coals 0)
F14 tunnel: steering coal_ore @ 4.5b (axis z+, cross 0.5694791737914642, ore detour)
F17 [F17] craft torches: skip (the pocket torch cap: held 24 of 24 - sticks 5 coals 17)
F17 [F17] digShaft: water hazard 9.3b away (live 11) - refusing this column, the caller rotates
F17 tunnel: steering copper_ore @ 8.6b (axis z+, cross 2.5, ore detour)
F17 tunnel: 0 blocks (branch mine at the floor, steered, ore detour)
F17 [F17] craft torches: skip (the pocket torch cap: held 24 of 24 - sticks 5 coals 17)
F17 [F17] digShaft: water hazard 9.3b away (live 11) - refusing this column, the caller rotates
F17 tunnel: steering copper_ore @ 9.9b (axis z+, cross 0.5, floor lock)
F17 tunnel: 0 blocks (branch mine at the floor, steered, floor lock)
F14 [F14] water: pass 14 head=dry shore=hit r=2 land=none y=56.2 o2=20 probes=0 at=[-122,56,393]
F7 tunnel: steering coal_ore @ 6.6b (axis x--1, cross 0.46992281535540315, ore detour)
F14 [F14] water: pass 15 head=dry shore=hit r=2 land=none y=56.2 o2=20 probes=0 at=[-121,56,393]
F10 climb out (bank): failed - timeout
F10 climb out (bank): retry (escalated retry after timeout, fenced to 71s of the 71s the chain has left)
F15 [F15] climb wet escape: 1 blocks walked (low-o2, walked 1/4)
F15 [F15] climb wet escape: oxygen 5 at the floor - the escape yields, the rescue lane owns the air
F15 climb out (bank): failed - low-o2 (traversed 1)
F15 climb out (bank): no retry (no retry for 'low-o2')
F15 [F15] craft torches: skip (the pocket torch cap: held 23 of 24 - sticks 5 coals 21)
F15 [F15] digShaft: water hazard 9.5b away (live 11) - refusing this column, the caller rotates
F15 tunnel: steering coal_ore @ 2.4b (axis z+, cross 0.7000000000000028, floor lock)
F8 [F8] approach: the stall side-step (left) stalled too
F8 [F8] approach: 7 segment(s) walked in 48.6s, goal now d=35.5 (still outside - a segment stalled (no position delta))
F15 [F15] water: drowning rescue start (drowning, oxygen 4)
F15 [F15] water: pass 0 head=wet shore=none land=n/a y=51.0 o2=4 probes=0 at=[-113,51,361]
[hb] n=22 ts=440s rss=465M late=105ms mainLate=1509ms
F2 climb out (bank): failed - timeout
F2 climb out (bank): retry (escalated retry after timeout, fenced to 69s of the 69s the chain has left)
F11 [F11] water: drowning rescue start (drowning, oxygen 15)
F11 [F11] water: pass 0 head=wet shore=none land=n/a y=60.6 o2=15 probes=0 at=[-131,61,390]
F14 [F14] water: pass 16 head=dry shore=hit r=2 land=none y=56.2 o2=20 probes=0 at=[-120,56,392]
F4 [F4] hop: chest at [-138,80,405] d=18 zero: chest unreachable (Took to long to decide path to goal!)
F4 [F4] chest skip (no path cached 0s ago at [-138,80,407])
F4 [F4] chest skip (no path cached 0s ago at [-138,80,409])
F4 bank: 0 (chest unreachable (Took to long to decide path to goal!))
F4 [F4] craft torches: skip (no coal: sticks 4 coals 0)
F8 [F8] raw hop failed: raw walk stalled after 2913ms (d=35.4) - pathfinder retry
F14 [F14] water: rescue timeout (still wet, 17 passes, 0 probes, tail dry/dry/dry) in 25.7s
F14 [F14] water: hazard memorized at [-120,56,392] (10 live, fleet-wide)
F15 [F15] water: pass 3 head=wet shore=none land=n/a y=52.2 o2=6 probes=0 at=[-113,52,361]
F8 [F8] hop: chest at [-143,80,415] d=39 zero: chest unreachable (Took to long to decide path to goal!)
F8 [F8] chest skip (no path cached 0s ago at [-143,80,413])
F8 [F8] chest skip (no path cached 0s ago at [-143,80,411])
F9 [F9] digShaft: water table y=54 (region strike) - stopping above the aquifer, the tunnel owns this level (regions 2)
F9 tunnel: steering coal_ore @ 2.3b (axis z+, cross 0.43814267815191954, ore detour)
t-155s alive=19/19 mined=2597 map=1210p/19ch banked=0 smelted=0 pocket=2906u/298s | sand=70 gravel=65 dirt=389 stone=0
   deficits: 157926/70 (0.0%) 149380/65 (0.0%) 31860/0 (0.0%) 27420/0 (0.0%) 10725/147 (1.4%)
   F1=132[cobblestone:74 raw_iron:17 andesite:17] | F2=153[cobblestone:88 dirt:22 leaf_litter:14] | F3=187[cobblestone:80 dirt:38 gravel:20] | F4=125[cobblestone:48 gravel:22 dirt:20] | F5=197[cobblestone:101 torch:30 granite:29] | F6=91[cobblestone:45 dirt:21 leaf_litter:13] | F7=148[dirt:43 diorite:30 cobblestone:27] | F8=226[cobblestone:99 dirt:41 raw_copper:26] | F9=95[cobblestone:43 leaf_litter:17 dirt:15] | F10=132[cobblestone:59 granite:23 andesite:19] | F11=112[granite:29 torch:24 cobblestone:16] | F12=138[granite:36 sand:32 cobblestone:29] | F13=157[dirt:46 raw_copper:40 cobblestone:40] | F14=157[cobblestone:81 dirt:33 leaf_litter:18] | F15=131[cobblestone:34 torch:23 coal:21] | F16=142[cobblestone:49 andesite:37 granite:19] | F17=87[cobblestone:28 torch:24 coal:17] | F18=158[cobblestone:81 dirt:36 raw_copper:34] | F19=29[oak_log:4 sand:2]
   mem: heap=133M/179M old=-1M ext=174M ab=171M rss=468M cols=1863 ents=2648 evicted=1361 path=5a/0q (max 6) stale=0
F15 [F15] water: pass 5 head=wet shore=none land=n/a y=52.2 o2=19 probes=0 at=[-113,52,361]
F11 [F11] water: pass 3 head=dry shore=hit r=4 land=none y=62.6 o2=20 probes=0 at=[-131,63,391]
F16 climb out (bank): failed - timeout
F16 climb out (bank): retry (escalated retry after timeout, fenced to 64s of the 64s the chain has left)
F11 [F11] water: pass 5 head=dry shore=hit r=2 land=none y=62.8 o2=20 probes=0 at=[-132,63,392]
F15 [F15] water: deep-pocket ascend - dug the ceiling dirt at [-114,54,360] (jump stalled 4+ passes, o2 20)
F16 [F16] climb bridge: placed cobblestone at [-124,56,429] (pit) - the step re-judges
F12 [F12] direct deposit: 27 chest slots derived from the 63-slot view
F12 camp furnace: 2 near machine(s) beyond the 24b direct envelope (nearest d=16.0) - 11 inside the envelope keep the veto
F12 camp furnace: no build (machine near)
F12 fuel anchor scan returned empty (attempt 1/2) at [-142,77,406] yard d=12 - the palette empty-return class, re-querying
F12 fuel anchor scan returned empty (attempt 2/2) at [-142,77,406] yard d=12
F12 fuel anchor scan empty x2 - the singular probe rescued the scan (chest at [-143,80,405])
F12 fuel commons: the anchor chest is read first
F15 [F15] water: pass 7 head=wet shore=none land=n/a y=52.4 o2=20 probes=0 at=[-113,52,361]
F11 [F11] water: pass 7 head=dry shore=hit r=1 land=none y=62.0 o2=20 probes=0 at=[-133,62,393]
F16 [F16] climb bridge: placed cobblestone at [-124,57,429] (support) - the step re-judges
F4 [F4] digShaft: water table y=55 (region strike) - stopping above the aquifer, the tunnel owns this level (regions 2)
F4 tunnel: steering iron_ore @ 8.4b (axis x+, cross 3.5, ore detour)
F15 [F15] water: frozen physics (10 flat passes at y=52.4, o2=20, head WET) - standing down, the reconnect lane owns this
F15 [F15] water: rescue standing down (frozen physics - the walk gate reopens, the reconnect lane owns a dead client) in 11.9s
F15 [F15] water: frozen client relog (#1 consecutive) (frozen while head-wet (1 verdict) - the drowning clock owns this client) - ending the session, the reconnect lane rebuilds the physics; the drowning sentry holds non-critical pages 10s (the frozen-return gate)
F15 [F15] water: hazard memorized at [-114,52,360] (11 live, fleet-wide)
F15 [F15] water: frozen-return gate holds the page (10s left) - the fresh client walks the hazard-ledgered column out
F9 tunnel: 2 blocks (branch mine at the floor, steered, ore detour)
F11 [F11] water: pass 10 head=dry shore=hit r=1 land=none y=63.1 o2=20 probes=0 at=[-134,63,394]
F7 tunnel: 12 blocks (branch mine at the floor, steered, ore detour)
F7 bank trip: skipped (pockets full, 145s left < 150s - the end-phase owns the deadline banking)
F11 [F11] water: pass 11 head=dry shore=hit r=1 land=none y=64.2 o2=20 probes=0 at=[-134,64,394]
F1 tunnel: 0 blocks (branch mine at the floor, steered, ore detour)
F1 bank trip: skipped (pockets full, 142s left < 150s - the end-phase owns the deadline banking)
F1 [F1] craft torches: skip (no coal: sticks 3 coals 0)
F1 [F1] digShaft: water hazard 0.7b away (live 11) - refusing this column, the caller rotates
F1 tunnel: steering coal_ore @ 8.7b (axis x+, cross 3.634382998669764, floor lock)
F1 tunnel: 0 blocks (branch mine at the floor, steered, floor lock)
F1 bank trip: skipped (pockets full, 142s left < 150s - the end-phase owns the deadline banking)
F5 [F5] hop: chest at [-103,80,415] d=21 zero: chest unreachable (walk to chest (retry): timeout after 30000ms)
F17 [F17] craft torches: skip (the pocket torch cap: held 24 of 24 - sticks 5 coals 17)
F11 [F11] water: pass 13 head=dry shore=hit r=1 land=none y=63.1 o2=20 probes=0 at=[-135,63,393]
F10 [F10] climb rise assist: repositioned to -148,64,421 - the loop re-judges
F6 climb out (trip): OK +11 levels (11 steps, 32 dug, 52s)
F17 [F17] digShaft: water hazard 3.3b away (live 11) - refusing this column, the caller rotates
t-140s alive=19/19 mined=2675 map=1210p/19ch banked=0 smelted=0 pocket=2925u/296s | sand=70 gravel=65 dirt=407 stone=0
   deficits: 157926/70 (0.0%) 149380/65 (0.0%) 31860/0 (0.0%) 27420/0 (0.0%) 10725/151 (1.4%)
   F1=132[cobblestone:74 raw_iron:17 andesite:17] | F2=156[cobblestone:88 dirt:22 leaf_litter:14] | F3=196[cobblestone:85 dirt:38 granite:22] | F4=140[cobblestone:58 dirt:25 gravel:22] | F5=197[cobblestone:101 torch:30 granite:29] | F6=103[cobblestone:49 dirt:21 diorite:13] | F7=156[dirt:43 cobblestone:39 diorite:30] | F8=226[cobblestone:99 dirt:41 raw_copper:26] | F9=104[cobblestone:43 leaf_litter:17 dirt:15] | F10=138[cobblestone:59 granite:23 dirt:20] | F11=112[granite:29 torch:24 cobblestone:16] | F12=138[sand:32 cobblestone:25 raw_iron:7] | F13=157[dirt:46 raw_copper:40 cobblestone:40] | F14=157[cobblestone:81 dirt:33 leaf_litter:18] | F15=131[cobblestone:34 torch:23 coal:21] | F16=153[cobblestone:47 andesite:37 granite:19] | F17=87[cobblestone:28 torch:24 coal:17] | F18=158[cobblestone:81 dirt:36 raw_copper:34] | F19=34[oak_log:6 sand:2]
   mem: heap=138M/179M old=-1M ext=174M ab=171M rss=466M cols=1859 ents=2727 evicted=1382 path=2a/0q (max 6) stale=0
F12 fuel commons: budget spent (0/1 units)
F12 fuel anchor scan returned empty (attempt 1/2) at [-142,78,406] yard d=12 - the palette empty-return class, re-querying
[hb] n=23 ts=460s rss=466M late=109ms mainLate=1366ms
F12 fuel anchor scan returned empty (attempt 2/2) at [-142,78,406] yard d=12
F12 fuel anchor scan empty x2 - the singular probe rescued the scan (chest at [-143,80,405])
F12 fuel commons: the anchor chest is read first
F6 map trip skipped: sand,gravel unreachable
F5 [F5] raw hop failed: raw walk stalled after 2409ms (d=13.4) - pathfinder retry
F11 [F11] water: pass 14 head=dry shore=hit r=1 land=none y=64.2 o2=20 probes=0 at=[-135,64,393]
F1 [F1] craft torches: skip (no coal: sticks 3 coals 0)
F1 [F1] digShaft: water hazard 7.2b away (live 11) - refusing this column, the caller rotates
F1 tunnel: steering coal_ore @ 5.5b (axis z+, cross 1.5, ore detour)
F1 tunnel: 0 blocks (branch mine at the floor, steered, ore detour)
F1 tunnel: 0 blocks x3 - sealed or flooded, cooling down 15s
F12 fuel commons: chest holds no fuel
F10 [F10] climb bridge: placed cobblestone at [-149,64,421] (support) - the step re-judges
F18 [F18] raw hop failed: raw walk: no net progress for 8406ms (best d=13.0) - pathfinder retry
F7 [F7] craft torches: skip (no coal: sticks 8 coals 0)
F7 tunnel: steering coal_ore @ 6.5b (axis z+, cross 0.4999999999998863, ore detour)
F17 [F17] water: drowning rescue start (drowning, oxygen 14)
F17 [F17] water: pass 0 head=wet shore=none land=n/a y=60.0 o2=14 probes=0 at=[-110,60,363]
F11 [F11] water: pass 16 head=dry shore=hit r=1 land=none y=63.1 o2=20 probes=0 at=[-135,63,394]
F4 tunnel: 12 blocks (branch mine at the floor, steered, ore detour)
F4 bank trip: skipped (pockets full, 135s left < 150s - the end-phase owns the deadline banking)
F5 [F5] hop: chest at [-103,80,413] d=13 zero: chest unreachable (Took to long to decide path to goal!)
F5 [F5] chest skip (no path cached 0s ago at [-103,80,411])
F5 [F5] chest skip (no path cached 0s ago at [-103,80,409])
F12 fuel commons: chest holds no fuel
F11 [F11] water: rescue complete in 26.0s
F11 [F11] water: hazard memorized at [-134,62,393] (11 live, fleet-wide)
F17 [F17] water: pass 4 head=dry shore=hit r=1 land=none y=63.1 o2=20 probes=0 at=[-110,63,364]
[F11] walk refused by a water rescue - rescue cleared, walking again
F11 smelt: 0 (raw_copper@blast_furnace: machine unreachable (No path to the goal!); raw_copper@blast_furnace: machine unreachable (No path to the goal!); raw_copper@blast_furnace: machine unreachable (No path to the goal!); raw_copper@blast_furnace: cannot open (open furnace: timeout after 10000ms); raw_copper@furnace: machine unreachable (visit budget spent (walk slice)))
F12 fuel commons: chest holds no fuel
F11 iron commune: iron commune: path nudge approach: 1 segment(s) walked in 0.2s, goal now d=18.2 (inside the direct envelope)
F11 iron commune: iron commune: path nudge inside the direct envelope
F17 [F17] water: pass 7 head=dry shore=hit r=1 land=none y=62.2 o2=20 probes=0 at=[-108,62,367]
F4 [F4] craft torches: skip (no coal: sticks 4 coals 0)
F11 iron commune: iron commune: chest walk failed after the nudge (No path to the goal!)
F11 iron commune: chest walk failed (No path to the goal!)
F12 fuel commons: chest holds no fuel
F12 fuel commons: budget spent (0/4 units)
F12 fuel anchor scan returned empty (attempt 1/2) at [-144,80,410] yard d=14 - the palette empty-return class, re-querying
F12 fuel anchor scan returned empty (attempt 2/2) at [-144,80,410] yard d=14
F12 fuel anchor scan empty x2 - the singular probe rescued the scan (chest at [-143,80,409])
F12 fuel commons: the anchor scan saw 1 chest(s), 0 usable after the empty memory - no anchor
F16 [F16] climb diag: level at y=65 blocked toward 0,-1 (dug=15)
F10 [F10] climb diag: level at y=68 blocked toward -1,0 (dug=12)
F17 [F17] water: pass 9 head=dry shore=hit r=1 land=none y=63.2 o2=20 probes=0 at=[-108,63,367]
F11 iron commune: chest walk failed (No path to the goal!)
F10 [F10] climb: walkable surface at y=67 (+7 levels, dug=12) - the walk takes over (blocked step)
F10 climb out (bank): retry OK +7 levels (7 steps, 12 dug, undefineds)
F10 bank: smelt hold skipped - no fuel in pocket (coal 0)
F13 [F13] climb diag: level at y=60 blocked toward 0,1 (dug=7) dig failed at [-125,62,393] grass_block (held=oak_log, grounded, post=water STILL THERE (server never broke it))
F4 [F4] digShaft: water table y=54 (region strike) - stopping above the aquifer, the tunnel owns this level (regions 2)
F4 bank trip: skipped (pockets full, 128s left < 150s - the end-phase owns the deadline banking)
F18 [F18] hop: chest at [-113,80,411] d=14 zero: chest unreachable (Took to long to decide path to goal!)
F18 [F18] chest skip (no path cached 0s ago at [-113,80,409])
F18 [F18] chest skip (no path cached 0s ago at [-113,80,413])
F18 bank: chest unreachable (Took to long to decide path to goal!) (21 blocks from yard) - walking back
F17 [F17] water: rescue complete in 7.5s
F17 [F17] water: hazard memorized at [-109,62,366] (9 live, fleet-wide)
F12 fuel commons: chest holds no fuel
F18 bank: yard walk arrived in 1s (1 attempt)
F18 camp furnace: 12 near machine(s) beyond the 24b direct envelope (nearest d=5.9) - 1 inside the envelope keep the veto
F18 camp furnace: no build (machine near)
F7 tunnel: 4 blocks (branch mine at the floor, steered, ore detour)
F7 bank trip: skipped (pockets full, 126s left < 150s - the end-phase owns the deadline banking)
F7 [F7] craft torches: skip (no coal: sticks 8 coals 0)
F7 tunnel: steering coal_ore @ 6.2b (axis z+, cross 0.6999999999999886, floor lock)
F13 [F13] climb bridge: the server refused the support fill at [-125,63,390] - the rotate ladder owns it (held=cobblestone, 0.8b, ref=grass_block, post=? (re-read failed))
F13 [F13] climb diag: level at y=63 blocked toward -1,0 (dug=7)
F11 iron commune: chest walk failed (Took to long to decide path to goal!)
F11 [F11] chest skip (doomed goal cached 5s ago at [-139,80,389])
F11 [F11] chest skip (doomed goal cached 2s ago at [-141,80,389])
F11 [F11] chest skip (doomed goal cached 0s ago at [-138,80,405])
F16 [F16] climb bridge: placed cobblestone at [-123,64,421] (support) - the step re-judges
F12 fuel commons: chest holds no fuel
t-125s alive=19/19 mined=2719 map=1202p/19ch banked=0 smelted=0 pocket=2979u/301s | sand=71 gravel=65 dirt=411 stone=0
   deficits: 157926/71 (0.0%) 149380/65 (0.0%) 31860/0 (0.0%) 27420/0 (0.0%) 10725/151 (1.4%)
   F1=132[cobblestone:74 raw_iron:17 andesite:17] | F2=158[cobblestone:88 dirt:22 leaf_litter:14] | F3=205[cobblestone:93 dirt:38 granite:22] | F4=146[cobblestone:68 dirt:25 gravel:22] | F5=197[cobblestone:101 torch:30 granite:29] | F6=103[cobblestone:49 diorite:23 dirt:21] | F7=160[cobblestone:48 dirt:43 diorite:30] | F8=226[cobblestone:99 dirt:41 raw_copper:26] | F9=116[cobblestone:43 leaf_litter:17 dirt:15] | F10=141[cobblestone:58 granite:23 dirt:20] | F11=112[granite:29 torch:24 cobblestone:16] | F12=138[sand:32 cobblestone:22 raw_iron:7] | F13=157[dirt:46 raw_copper:40 cobblestone:39] | F14=160[cobblestone:81 dirt:33 leaf_litter:18] | F15=131[cobblestone:34 torch:23 coal:21] | F16=157[cobblestone:46 andesite:37 dirt:22] | F17=87[cobblestone:28 torch:24 coal:17] | F18=158[cobblestone:81 dirt:36 raw_copper:34] | F19=35[oak_log:7 oak_planks:6 stick:4]
   mem: heap=141M/179M old=-1M ext=172M ab=170M rss=468M cols=1836 ents=2593 evicted=1432 path=3a/0q (max 6) stale=0
F13 [F13] climb bridge: placed cobblestone at [-124,63,389] (support) - the step re-judges
F13 climb out (bank): failed - timeout [stage 2]
F13 climb out (bank): retry (escalated retry after timeout, fenced to 35s of the 35s the chain has left)
F5 [F5] raw hop failed: raw walk: no net progress for 8211ms (best d=13.1) - pathfinder retry
F12 fuel commons: chest holds no fuel
F13 [F13] climb bridge: unavailable (no solid floor underfoot)
F13 [F13] climb diag: level at y=65 blocked toward 0,-1 (dug=0)
F16 [F16] climb diag: level at y=66 blocked toward 1,0 (dug=17)
F13 [F13] climb bridge: unavailable (no solid floor underfoot)
F13 [F13] climb diag: level at y=64 blocked toward 1,0 (dug=0)
F12 fuel commons: chest holds no fuel
F1 bank trip: skipped (pockets full, 123s left < 150s - the end-phase owns the deadline banking)
F1 [F1] craft torches: skip (no coal: sticks 3 coals 0)
F1 [F1] digShaft: water hazard 7.2b away (live 9) - refusing this column, the caller rotates
F1 tunnel: steering coal_ore @ 6b (axis z+, cross 0.5, floor lock)
F1 tunnel: 0 blocks (branch mine at the floor, steered, floor lock)
F1 bank trip: skipped (pockets full, 123s left < 150s - the end-phase owns the deadline banking)
F7 tunnel: 0 blocks (branch mine at the floor, steered, floor lock)
F7 bank trip: skipped (pockets full, 123s left < 150s - the end-phase owns the deadline banking)
F16 [F16] climb bridge: the server refused the support fill at [-122,64,421] - the rotate ladder owns it (held=cobblestone, 0.9b, ref=grass_block, post=? (re-read failed))
F16 [F16] climb diag: level at y=64 blocked toward 0,1 (dug=17)
F15 tunnel: 2 blocks (branch mine at the floor, steered, floor lock)
F13 [F13] climb bridge: unavailable (no solid floor underfoot)
F13 [F13] climb diag: level at y=65 blocked toward 0,1 (dug=0)
F12 fuel commons: chest holds no fuel
F12 fuel commons: chest holds no fuel
F1 [F1] craft torches: skip (no coal: sticks 3 coals 0)
F1 [F1] digShaft: water hazard 11.1b away (live 9) - refusing this column, the caller rotates
F1 tunnel: steering copper_ore @ 6b (axis z+, cross 0.47015608762342254, ore detour)
F9 [F9] vein sweep: 8 drop(s) in reach (24 dug)
F12 fuel commons: chest holds no fuel
F14 tunnel: 5 blocks (branch mine at the floor, steered, ore detour)
F14 bank trip: skipped (pockets full, 120s left < 150s - the end-phase owns the deadline banking)
F14 [F14] craft torches: skip (no coal: sticks 3 coals 0)
F14 [F14] digShaft: water hazard 11.5b away (live 9) - refusing this column, the caller rotates
F14 tunnel: steering coal_ore @ 6.9b (axis x--1, cross 3.3000000000000114, floor lock)
[hb] n=24 ts=480s rss=466M late=114ms mainLate=1270ms
F9 [F9] vein sweep: lip dig refused - sealed floor (air 0, dy -1.5)
F12 smelt: 0 (raw_iron@-: no fuel; sand@-: no fuel; cobblestone@-: no fuel)
F11 [F11] raw hop failed: raw walk stalled after 2503ms (d=16.1) - pathfinder retry
F8 [F8] approach: the stall side-step (right) moved the start (d now 39.3)
F10 [F10] raw hop failed: raw walk: no net progress for 8225ms (best d=14.9) - pathfinder retry
F12 iron commune: chest holds 0 ingot(s) - nothing to complete here
F19 [F19] craft torches: stick-dry with logs held - one plank conversion first
F15 [F15] vein sweep: refused a cell - gravity roof: sand/gravel still rides this column at +3 after 6 pass(es) (cleared 0) - the dig waits
F3 climb out (trip): failed - timeout
F3 map trip skipped: cannot leave the shaft
F9 [F9] vein sweep: the drop walk to [-113,54,410] failed - sweep drops: timeout after 4000ms (dy -1.5, range 2)
F19 [F19] craft torches: stick-dry but 6 planks held - one stick batch first
[F18] walk nudge: approach: 1 segment(s) walked in 11.9s, goal now d=17.9 (inside the direct envelope)
[F18] walk nudge: inside the direct envelope
F7 [F7] craft torches: skip (no coal: sticks 8 coals 0)
F7 tunnel: steering coal_ore @ 5.6b (axis x+, cross 0.30000000000001137, ore detour)
F19 [F19] craft torches: skip (no coal: sticks 4 coals 0)
F19 [F19] digShaft: water hazard 1.7b away (live 9) - refusing this column, the caller rotates
F19 dir=(0.95,-0.32) logs=6 tools=wooden_pickaxe
F19 reloot: walking to the own death spot [-136,51,412] (56b, budget 19s, window 172s)
F5 [F5] hop: chest at [-108,80,413] d=14 zero: chest unreachable (Took to long to decide path to goal!)
F12 iron commune: chest holds 0 ingot(s) - nothing to complete here
F1 tunnel: 3 blocks (branch mine at the floor, steered, ore detour)
F1 bank trip: skipped (pockets full, 110s left < 150s - the end-phase owns the deadline banking)
F1 [F1] craft torches: skip (no coal: sticks 3 coals 0)
F9 [F9] vein sweep: lip dig refused - sealed floor (air 0, dy -1.0)
t-109s alive=19/19 mined=2742 map=1226p/20ch banked=0 smelted=0 pocket=3025u/304s | sand=71 gravel=65 dirt=415 stone=0
   deficits: 157926/71 (0.0%) 149380/65 (0.0%) 31860/0 (0.0%) 27420/0 (0.0%) 10725/153 (1.4%)
   F1=135[cobblestone:74 raw_iron:17 andesite:17] | F2=162[cobblestone:88 dirt:23 leaf_litter:14] | F3=210[cobblestone:99 dirt:38 granite:22] | F4=146[cobblestone:72 dirt:25 gravel:22] | F5=197[cobblestone:101 torch:30 granite:29] | F6=103[cobblestone:49 diorite:30 dirt:21] | F7=160[cobblestone:52 dirt:43 diorite:30] | F8=226[cobblestone:99 dirt:41 raw_copper:26] | F9=121[cobblestone:43 leaf_litter:17 dirt:15] | F10=141[cobblestone:58 granite:23 dirt:20] | F11=112[granite:29 torch:24 cobblestone:16] | F12=138[sand:32 cobblestone:22 raw_iron:7] | F13=157[dirt:46 raw_copper:40 cobblestone:39] | F14=162[cobblestone:81 dirt:33 leaf_litter:18] | F15=131[cobblestone:34 torch:23 coal:21] | F16=161[cobblestone:45 andesite:37 dirt:22] | F17=87[cobblestone:28 torch:24 coal:17] | F18=158[cobblestone:81 dirt:36 raw_copper:34] | F19=35[oak_log:6 oak_planks:4 stick:4]
   mem: heap=143M/179M old=-1M ext=172M ab=169M rss=468M cols=1827 ents=2496 evicted=1475 path=6a/3q (max 6) stale=0
F10 [F10] hop: chest at [-143,80,415] d=17 zero: chest unreachable (Took to long to decide path to goal!)
F10 [F10] chest skip (no path cached 0s ago at [-143,80,413])
F10 [F10] chest skip (no path cached 0s ago at [-143,80,411])
F19 reloot: no-path retry at range 8 (budget 19s) - the dry rim inside the sphere counts as arrival
F12 iron commune: chest holds 0 ingot(s) - nothing to complete here
F8 [F8] approach: 5 segment(s) walked in 49.9s, goal now d=38.5 (still outside - the approach clock is spent)
F8 [F8] hop: chest at [-143,80,409] d=38 zero: chest unreachable (budget exhausted (walk floor))
F8 [F8] hop: chest at [-138,80,415] d=39 zero: chest unreachable (budget exhausted (walk floor))
F8 [F8] hop: chest at [-143,80,407] d=40 zero: chest unreachable (budget exhausted (walk floor))
F8 [F8] hop: chest at [-138,80,413] d=40 zero: chest unreachable (budget exhausted (walk floor))
F8 [F8] hop: chest at [-138,80,411] d=41 zero: chest unreachable (budget exhausted (walk floor))
F8 bank fallback: none (chest unreachable (budget exhausted (walk floor)))
F8 camp furnace: build skipped - the leg clock (18s) cannot afford a 24s craft-planks build + the 5s put (1 log(s) in pocket - craft planks (largest same-type stack 3/4))
F19 reloot: retry failed (Took to long to decide path to goal!) - the drops stay lost (no surface: sealed)
F19 reloot: rim dig at [-136,53,412] (cap y53, dig target [-136,53,412], budget 18s, window 166s) - the seal opens, the floats lift
F14 [F14] water: drowning rescue start (drowning, oxygen 11)
F14 [F14] water: pass 0 head=wet shore=none land=n/a y=43.0 o2=11 probes=0 at=[-122,43,394]
F12 [F12] direct deposit: 27 chest slots derived from the 63-slot view
F12 bank: +113
F6 [F6] craft torches: stick-dry with logs held - one plank conversion first
F10 [F10] raw hop failed: raw walk stalled after 2173ms (d=16.1) - pathfinder retry
F19 reloot: rim dig failed (Took to long to decide path to goal!) - the drops stay lost
F19 spare pick due: spare (planks available)
F5 [F5] raw hop failed: raw walk: no net progress for 8598ms (best d=8.0) - pathfinder retry
F6 [F6] craft torches: stick-dry but 7 planks held - one stick batch first
F1 [F1] torch: the placement did not land (dry) x1 - the streak names itself once, a landing re-arms it
F17 tunnel: 1 blocks (branch mine at the floor, ore detour)
F17 [F17] craft torches: skip (the pocket torch cap: held 24 of 24 - sticks 5 coals 17)
F17 [F17] digShaft: water hazard 1.4b away (live 9) - refusing this column, the caller rotates
F4 [F4] craft torches: skip (no coal: sticks 4 coals 0)
F14 [F14] water: pass 4 head=wet shore=none land=n/a y=43.5 o2=19 probes=0 at=[-122,43,394]
F6 [F6] craft torches: 4 batch(es) -> 16 torches (sticks 2 coals 4)
F11 [F11] hop: chest at [-133,80,405] d=21 zero: chest unreachable (Took to long to decide path to goal!)
F11 [F11] chest skip (no path cached 0s ago at [-133,80,407])
F11 [F11] chest skip (no path cached 0s ago at [-133,80,409])
F11 [F11] hop: chest at [-138,80,407] d=12 zero: chest unreachable (budget exhausted (walk floor))
F11 [F11] hop: chest at [-133,80,411] d=11 zero: chest unreachable (budget exhausted (walk floor))
F11 bank: 0 (chest unreachable (budget exhausted (walk floor)))
F11 [F11] craft torches: skip (the pocket torch cap: held 24 of 24 - sticks 5 coals 6)
[hb] n=25 ts=500s rss=466M late=119ms mainLate=930ms
F15 [F15] vein sweep: refused a cell - gravity roof: sand/gravel still rides this column at +3 after 6 pass(es) (cleared 0) - the dig waits
F10 [F10] hop: chest at [-138,80,415] d=17 zero: chest unreachable (Took to long to decide path to goal!)
F10 [F10] chest skip (no path cached 0s ago at [-138,80,413])
F10 [F10] chest skip (no path cached 0s ago at [-138,80,411])
F5 [F5] hop: chest at [-113,80,415] d=8 zero: chest unreachable (Took to long to decide path to goal!)
F5 [F5] chest skip (no path cached 0s ago at [-113,80,413])
F5 [F5] chest skip (no path cached 0s ago at [-113,80,411])
F5 bank: chest unreachable (Took to long to decide path to goal!) (18 blocks from yard) - walking back
F14 [F14] water: pass 6 head=wet shore=none land=n/a y=43.4 o2=20 probes=0 at=[-121,43,394]
F5 bank: yard walk arrived in 0s (1 attempt)
F5 camp furnace: 8 near machine(s) beyond the 24b direct envelope (nearest d=4.7) - 1 inside the envelope keep the veto
F5 camp furnace: no build (machine near)
F19 spare pick: OK (wooden_pickaxe, holds 2)
F19 [F19] craft torches: stick-dry with logs held - one plank conversion first
F1 tool upgrade due: worn (left=11/131) -> stone_pickaxe
F1 [toolupgrade] craft crafting_table: no craftable recipe variant (ingredients missing?)
[F5] fuel clips the batch: 2 x stick completes 1 of 93 x cobblestone (the rest re-smelts on the next chain)
[F5] the run clock caps the fired batch: 44 of 93 x cobblestone (the rest re-smelts on the next chain)
[F5] furnace slots after put: input=cobblestone fuel=stick
[F5] smelting 1 x cobblestone in a furnace (fuel: 2 x stick)
F5 smelted 0 () rescued=0 fired=1
F17 [F17] water: drowning rescue start (drowning, oxygen 18)
F17 [F17] water: pass 0 head=wet shore=none land=n/a y=61.0 o2=18 probes=0 at=[-109,61,365]
F1 [toolupgrade] plank rung: converted 1->4 same-type planks (need 4, from birch_log)
F14 [F14] water: pass 11 head=dry shore=hit r=12 land=none y=45.2 o2=20 probes=0 at=[-121,45,393]
F5 iron commune: iron commune: path nudge approach: 1 segment(s) walked in 0.1s, goal now d=7.0 (inside the direct envelope)
F5 iron commune: iron commune: path nudge inside the direct envelope
F19 [F19] craft torches: stick-dry but 9 planks held - one stick batch first
F5 iron commune: iron commune: the nudge retry landed
F1 [toolupgrade] spare table: crafted
F19 [F19] craft torches: skip (no coal: sticks 6 coals 0)
F19 [F19] digShaft: water hazard 3.6b away (live 9) - refusing this column, the caller rotates
F19 tunnel: steering coal_ore @ 5.4b (axis z+, cross 0.3982806226860163, ore detour)
t-94s alive=19/19 mined=2783 map=1237p/20ch banked=113 smelted=0 pocket=3055u/303s | sand=39 gravel=73 dirt=427 stone=0
   deficits: 157926/39 (0.0%) 149380/73 (0.0%) 31860/0 (0.0%) 27420/0 (0.0%) 10725/159 (1.5%)
   F1=148[cobblestone:80 andesite:22 raw_iron:17] | F2=169[cobblestone:88 dirt:29 leaf_litter:14] | F3=210[cobblestone:101 dirt:38 granite:22] | F4=154[cobblestone:74 dirt:25 gravel:22] | F5=197[cobblestone:100 torch:30 granite:29] | F6=106[cobblestone:55 diorite:33 dirt:21] | F7=164[cobblestone:52 dirt:43 diorite:30] | F8=226[cobblestone:99 dirt:41 raw_copper:26] | F9=121[cobblestone:43 coal:25 leaf_litter:17] | F10=141[cobblestone:58 granite:23 dirt:20] | F11=116[granite:29 torch:24 cobblestone:16] | F12=138[raw_iron:7 oak_log:5 stick:3] | F13=157[dirt:46 raw_copper:40 cobblestone:39] | F14=163[cobblestone:83 dirt:33 leaf_litter:18] | F15=131[cobblestone:34 torch:23 coal:21] | F16=161[cobblestone:45 andesite:37 dirt:22] | F17=88[cobblestone:28 torch:24 coal:17] | F18=158[cobblestone:81 dirt:36 raw_copper:34] | F19=35[oak_planks:7 stick:6 oak_log:4]
   mem: heap=135M/178M old=-1M ext=172M ab=170M rss=466M cols=1838 ents=2420 evicted=1507 path=3a/0q (max 6) stale=0
F9 [F9] vein sweep: the drop walk to [-112,57,404] failed - sweep drops: timeout after 4000ms (dy 4.0, range 2)
F9 [F9] vein sweep: +29u walked from the drops (24 dug)
F9 [F9] vein sweep: 1 below-plane walk(s) still failed on the wide goal (range 2) - the drop rests deeper than the lip
F9 [F9] vein sweep: 1 above-plane walk(s) timed out on the wide goal (range 2) - the ledge family (the v0.189.0 class, the triage names it)
F9 vein sweep: 24 ores dug beside the gallery (ore detour)
F9 bank trip: skipped (pockets full, 94s left < 150s - the end-phase owns the deadline banking)
F17 [F17] water: pass 3 head=wet shore=none land=n/a y=61.9 o2=20 probes=0 at=[-109,62,365]
F5 iron commune: chest holds 0 ingot(s) - nothing to complete here
F11 [F11] digShaft: water table y=55 (region strike) - stopping above the aquifer, the tunnel owns this level (regions 2)
F11 tunnel: steering iron_ore @ 5.9b (axis x+, cross 3.55276995318809, ore detour)
F14 [F14] water: pass 15 head=wet shore=none land=n/a y=43.9 o2=20 probes=0 at=[-121,44,394]
F4 tunnel: steering coal_ore @ 6.9b (axis z+, cross 1.5, ore detour)
F5 iron commune: chest walk failed (No path to the goal!)
F14 [F14] water: pass 19 head=dry shore=hit r=7 land=none y=45.0 o2=20 probes=0 at=[-121,45,394]
F17 [F17] water: pass 7 head=dry shore=hit r=1 land=none y=62.3 o2=19 probes=0 at=[-111,62,365]
F9 [F9] craft torches: 1 batch(es) -> 4 torches (sticks 3 coals 25)
F16 climb out (bank): retry failed - timeout
F16 [F16] craft torches: 1 batch(es) -> 4 torches (sticks 3 coals 4, the metal reserve keeps 1)
F13 climb out (bank): retry failed - timeout
F6 pre-position: 62b from yard, t-90s - walking home
F1 [toolupgrade] stone_pickaxe: crafted (worn (left=11/131))
F1 tool upgrade: OK -> stone_pickaxe (worn (left=11/131))
F1 [F1] craft torches: stick-dry with logs held - one plank conversion first
F10 [F10] raw hop failed: raw walk: no net progress for 8072ms (best d=16.0) - pathfinder retry
F19 tunnel: 2 blocks (branch mine at the floor, steered, ore detour)
F19 sword due: planks available
F19 sword: no table reachable or placeable
F19 sword: failed (no table)
F19 [F19] craft torches: skip (no coal: sticks 6 coals 0)
[F18] walk nudge: approach: 1 segment(s) walked in 9.9s, goal now d=19.1 (inside the direct envelope)
[F18] walk nudge: inside the direct envelope
F14 [F14] water: pass 24 head=dry shore=hit r=12 land=none y=45.2 o2=20 probes=0 at=[-121,45,393]
F3 tool upgrade due: cobble available -> stone_pickaxe
F3 [toolupgrade] [upgrade] craft stick: no craftable recipe variant (ingredients missing?)
F2 [F2] climb bridge: placed cobblestone at [-72,65,421] (pit) - the step re-judges
F2 climb out (bank): retry failed - timeout
F4 tunnel: 2 blocks (branch mine at the floor, steered, ore detour)
F13 [F13] craft torches: 2 batch(es) -> 8 torches (sticks 4 coals 9, the metal reserve keeps 5)
F1 [F1] craft torches: stick-dry but 9 planks held - one stick batch first
F17 [F17] water: pass 11 head=dry shore=hit r=1 land=none y=62.0 o2=20 probes=0 at=[-109,62,366]
F8 smelt: 0 (raw_copper@furnace: machine unreachable (visit budget spent (walk slice)))
F14 [F14] water: pass 27 head=dry shore=hit r=12 land=none y=45.2 o2=20 probes=0 at=[-121,45,393]
F1 [F1] craft torches: skip (no coal: sticks 5 coals 0)
F17 [F17] water: pass 13 head=dry shore=hit r=3 land=none y=64.0 o2=20 probes=0 at=[-110,64,364]
F14 [F14] water: pass 30 head=dry shore=hit r=12 land=none y=45.7 o2=20 probes=0 at=[-121,46,393]
F1 pre-position: 49b from yard, t-83s - walking home
F8 iron commune: iron commune: path nudge approach: 1 segment(s) walked in 0.5s, goal now d=16.4 (inside the direct envelope)
F8 iron commune: iron commune: path nudge inside the direct envelope
F2 pre-position: 55b from yard, t-82s - walking home
F17 [F17] water: pass 14 head=wet shore=none land=n/a y=60.6 o2=19 probes=0 at=[-109,61,364]
F13 [F13] digShaft: water hazard 5.6b away (live 9) - refusing this column, the caller rotates
F13 tunnel: steering coal_ore @ 2.3b (axis z--1, cross 0.29999999999999716, ore detour)
F14 [F14] water: pass 32 head=dry shore=hit r=7 land=none y=44.1 o2=20 probes=0 at=[-121,44,394]
F8 iron commune: iron commune: chest walk failed after the nudge (Took to long to decide path to goal!)
F8 iron commune: chest walk failed (Took to long to decide path to goal!)
F14 [F14] water: rescue complete in 25.5s
F14 [F14] water: hazard memorized at [-122,44,393] (8 live, fleet-wide)
F17 [F17] water: pass 16 head=dry shore=hit r=1 land=none y=62.6 o2=20 probes=0 at=[-109,63,364]
[hb] n=26 ts=520s rss=466M late=125ms mainLate=1105ms
F2 [F2] climb bridge: placed cobblestone at [-65,65,421] (support) - the step re-judges
F19 [F19] torch: the placement did not land (dry) x1 - the streak names itself once, a landing re-arms it
F13 [F13] water: drowning rescue start (drowning, oxygen 15)
F13 [F13] water: pass 0 head=wet shore=none land=n/a y=59.0 o2=15 probes=0 at=[-123,59,388]
F9 bank trip: skipped (pockets full, 79s left < 150s - the end-phase owns the deadline banking)
t-78s alive=19/19 mined=2856 map=1286p/21ch banked=113 smelted=0 pocket=3169u/314s | sand=41 gravel=82 dirt=438 stone=0
   deficits: 157926/41 (0.0%) 149380/82 (0.1%) 31860/0 (0.0%) 27420/0 (0.0%) 10725/168 (1.6%)
   F1=152[cobblestone:80 andesite:23 raw_iron:17] | F2=175[cobblestone:86 dirt:33 leaf_litter:19] | F3=210[cobblestone:101 dirt:38 granite:22] | F4=165[cobblestone:75 dirt:25 gravel:22] | F5=197[cobblestone:100 torch:30 granite:29] | F6=119[cobblestone:63 diorite:36 dirt:21] | F7=171[cobblestone:57 dirt:43 diorite:30] | F8=226[cobblestone:99 dirt:41 raw_copper:26] | F9=132[cobblestone:49 coal:24 leaf_litter:17] | F10=141[cobblestone:58 granite:23 dirt:20] | F11=126[granite:29 torch:24 cobblestone:24] | F12=138[raw_iron:7 oak_log:5 stick:3] | F13=157[dirt:46 raw_copper:40 cobblestone:39] | F14=163[cobblestone:83 dirt:33 leaf_litter:18] | F15=131[cobblestone:34 torch:23 coal:21] | F16=162[cobblestone:45 andesite:37 dirt:23] | F17=88[cobblestone:28 torch:24 coal:17] | F18=158[cobblestone:81 dirt:36 raw_copper:34] | F19=45[oak_planks:7 stick:6 leaf_litter:6]
   mem: heap=131M/183M old=-1M ext=173M ab=170M rss=464M cols=1840 ents=2311 evicted=1549 path=5a/0q (max 6) stale=0
F7 tunnel: 12 blocks (branch mine at the floor, steered, ore detour)
F19 pre-position: 48b from yard, t-78s - walking home
F17 [F17] water: pass 17 head=dry shore=hit r=1 land=none y=62.8 o2=20 probes=0 at=[-109,63,364]
F12 [F12] craft torches: skip (no coal: sticks 3 coals 0)
F2 [F2] climb diag: level at y=67 blocked toward 1,0 (dug=0)
F8 iron commune: chest walk failed (Took to long to decide path to goal!)
F17 [F17] water: rescue complete in 19.8s
F17 [F17] water: hazard memorized at [-110,62,363] (8 live, fleet-wide)
F2 [F2] climb diag: level at y=66 blocked toward 0,1 (dug=0)
F13 [F13] water: pass 3 head=wet shore=none land=n/a y=61.1 o2=11 probes=0 at=[-123,61,388]
F9 [F9] craft torches: stick-dry with logs held - one plank conversion first
F7 [F7] vein sweep: 6 drop(s) in reach (3 dug)
F5 sweep: 0 collected - machine unreachable (Took to long to decide path to goal!) x3, busy x1, machine unreachable (walk to a machine (sweep): timeout after 683ms) x1
F5 fuel anchor scan returned empty (attempt 1/2) at [-133,64,407] yard d=17 - the palette empty-return class, re-querying
F5 fuel anchor scan returned empty (attempt 2/2) at [-133,64,407] yard d=17
F5 fuel anchor scan empty x2 - the singular probe rescued the scan (chest at [-133,80,405])
F13 [F13] water: pass 5 head=dry shore=hit r=1 land=none y=62.7 o2=20 probes=0 at=[-123,63,387]
F11 tunnel: 12 blocks (branch mine at the floor, steered, ore detour)
F11 bank trip: skipped (pockets full, 73s left < 150s - the end-phase owns the deadline banking)
F8 iron commune: chest walk failed (Took to long to decide path to goal!)
F8 fuel anchor: skipped - the final leg clock (15.8s) cannot afford the walk while the pocket holds 12 over the bound
F7 [F7] vein sweep: lip dig refused - sealed floor (air 0, dy -1.0)
F14 [F14] water: drowning rescue start (drowning, oxygen 11)
F14 [F14] water: pass 0 head=wet shore=none land=n/a y=43.0 o2=11 probes=0 at=[-121,43,394]
F9 [F9] craft torches: stick-dry but 9 planks held - one stick batch first
F13 [F13] water: pass 7 head=wet shore=none land=n/a y=62.0 o2=20 probes=0 at=[-123,62,387]
F1 climb out (pre-position): OK +2 levels (2 steps, 5 dug, 13s)
F1 bank: holding 41s of 71s for the smelt leg
F11 [F11] craft torches: skip (the pocket torch cap: held 24 of 24 - sticks 5 coals 6)
F11 [F11] digShaft: water table y=55 (region strike) - stopping above the aquifer, the tunnel owns this level (regions 2)
F11 tunnel: steering coal_ore @ 7.8b (axis x+, cross 1.4997750414986513, ore detour)
F7 [F7] vein sweep: the drop walk to [-123,40,424] failed - No path to the goal! (dy 3.0, range 2)
F5 fuel anchor: path nudge approach: 1 segment(s) walked in 0.5s, goal now d=16.1 (inside the direct envelope)
F5 fuel anchor: path nudge inside the direct envelope
[F18] walk nudge: approach: 1 segment(s) walked in 10.3s, goal now d=18.2 (inside the direct envelope)
[F18] walk nudge: inside the direct envelope
F9 [F9] craft torches: 4 batch(es) -> 16 torches (sticks 2 coals 24)
F14 [F14] water: pass 3 head=dry shore=hit r=12 land=none y=45.0 o2=20 probes=0 at=[-121,45,393]
F7 [F7] vein sweep: lip dig refused - sealed floor (air 0, dy 0.0)
F3 [toolupgrade] [upgrade] upgraded: stone_pickaxe,wooden_shovel,wooden_pickaxe,wooden_pickaxe
F3 tool upgrade: OK -> stone_pickaxe (stone_pickaxe,wooden_shovel,wooden_pickaxe,wooden_pickaxe)
F3 [F3] craft torches: stick-dry with logs held - one plank conversion first
F13 [F13] water: pass 9 head=dry shore=hit r=1 land=none y=62.1 o2=20 probes=0 at=[-123,62,387]
F2 [F2] climb rise assist: repositioned to -67,65,421 - the loop re-judges
F14 [F14] water: pass 4 head=dry shore=hit r=12 land=none y=45.2 o2=20 probes=0 at=[-121,45,393]
F5 fuel anchor: 0 delivered (walk failed (Took to long to decide path to goal!)) - the legacy scatter carries the tithe
F5 [F5] chest skip (doomed goal cached 4s ago at [-133,80,405])
F13 [F13] water: pass 11 head=wet shore=none land=n/a y=60.9 o2=20 probes=0 at=[-123,61,387]
F18 smelt: 0 (raw_copper@blast_furnace: machine unreachable (Took to long to decide path to goal!); raw_copper@blast_furnace: machine unreachable (No path to the goal!); raw_copper@blast_furnace: machine unreachable (No path to the goal!); raw_copper@blast_furnace: machine unreachable (visit budget spent (walk slice)); cobblestone@furnace: machine unreachable (visit budget spent (walk slice)))
F3 [F3] craft torches: stick-dry but 9 planks held - one stick batch first
F14 tunnel: 1 blocks (branch mine at the floor, steered, floor lock)
F14 bank trip: skipped (pockets full, 65s left < 150s - the end-phase owns the deadline banking)
F4 [F4] vein sweep: 8 drop(s) in reach (16 dug)
F8 [F8] raw hop failed: raw walk: no net progress for 8275ms (best d=16.0) - pathfinder retry
F18 iron commune: iron commune: path nudge approach: 1 segment(s) walked in 0.5s, goal now d=18.2 (inside the direct envelope)
F18 iron commune: iron commune: path nudge inside the direct envelope
F3 [F3] craft torches: 2 batch(es) -> 8 torches (sticks 0 coals 6)
F14 [F14] craft torches: skip (no coal: sticks 3 coals 0)
F14 [F14] water: pass 6 head=dry shore=hit r=12 land=none y=45.5 o2=20 probes=0 at=[-121,46,394]
F2 [F2] climb bridge: placed cobblestone at [-68,65,421] (support) - the step re-judges
F9 bank trip: skipped (pockets full, 63s left < 150s - the end-phase owns the deadline banking)
F9 [F9] craft torches: stick-dry but 7 planks held - one stick batch first
t-63s alive=19/19 mined=2899 map=1284p/21ch banked=113 smelted=0 pocket=3230u/315s | sand=41 gravel=84 dirt=443 stone=0
   deficits: 157926/41 (0.0%) 149380/84 (0.1%) 31860/0 (0.0%) 27420/0 (0.0%) 10725/171 (1.6%)
   F1=155[cobblestone:80 andesite:26 raw_iron:17] | F2=178[cobblestone:85 dirt:33 leaf_litter:19] | F3=210[cobblestone:99 dirt:38 granite:22] | F4=175[cobblestone:75 dirt:25 gravel:22] | F5=197[cobblestone:100 torch:30 granite:29] | F6=127[cobblestone:68 diorite:36 dirt:21] | F7=175[cobblestone:58 dirt:43 diorite:30] | F8=226[cobblestone:99 dirt:41 raw_copper:26] | F9=132[cobblestone:52 coal:20 torch:19] | F10=141[cobblestone:58 granite:23 dirt:20] | F11=131[cobblestone:29 granite:29 torch:24] | F12=138[raw_iron:7 oak_log:5 stick:3] | F13=160[dirt:49 raw_copper:40 cobblestone:39] | F14=163[cobblestone:83 dirt:33 leaf_litter:18] | F15=131[cobblestone:34 torch:23 coal:21] | F16=162[cobblestone:45 andesite:37 dirt:23] | F17=88[cobblestone:28 torch:24 coal:17] | F18=158[cobblestone:81 dirt:36 raw_copper:34] | F19=52[cobblestone:12 oak_planks:7 stick:6]
   mem: heap=144M/179M old=-1M ext=171M ab=169M rss=465M cols=1830 ents=2328 evicted=1600 path=3a/0q (max 6) stale=0
F13 [F13] water: pass 14 head=dry shore=hit r=1 land=none y=62.3 o2=20 probes=0 at=[-123,62,387]
F18 iron commune: iron commune: chest walk failed after the nudge (No path to the goal!)
F18 iron commune: chest walk failed (No path to the goal!)
F14 tunnel: steering iron_ore @ 6.7b (axis z--1, cross 1.2999999999999972, ore detour)
F14 tunnel: 0 blocks (branch mine at the floor, steered, ore detour)
F14 bank trip: skipped (pockets full, 63s left < 150s - the end-phase owns the deadline banking)
F14 [F14] craft torches: skip (no coal: sticks 3 coals 0)
F14 tunnel: steering copper_ore @ 9.3b (axis x+, cross 3.3000000000000114, floor lock)
F18 iron commune: chest walk failed (walk governor: bot churned 4 goals without progress - iron commune walk @-141,389 refused for 12s)
F9 [F9] craft torches: 1 batch(es) -> 4 torches (sticks 2 coals 20)
F18 iron commune: chest walk failed (walk governor: bot churned 4 goals without progress - iron commune walk @-124,389 refused for 11s)
F18 [F18] chest skip (doomed goal cached 3s ago at [-139,80,389])
F7 [F7] vein sweep: the drop walk to [-127,40,421] failed - sweep drops: timeout after 4000ms (dy 4.0, range 2)
F7 [F7] vein sweep: +9u walked from the drops (3 dug)
F7 [F7] vein sweep: 2 above-plane walk(s) timed out on the wide goal (range 2) - the ledge family (the v0.189.0 class, the triage names it)
F7 vein sweep: 3 ores dug beside the gallery (ore detour)
F7 bank trip: skipped (pockets full, 62s left < 150s - the end-phase owns the deadline banking)
F7 pre-position: 48b from yard, t-62s - walking home
F14 [F14] water: pass 9 head=dry shore=hit r=7 land=none y=44.2 o2=20 probes=0 at=[-121,44,394]
F13 [F13] water: pass 17 head=dry shore=hit r=1 land=none y=63.1 o2=20 probes=0 at=[-123,63,387]
F9 tunnel: steering copper_ore @ 9.9b (axis z+, cross 3.667166009981713, floor lock)
F7 [F7] climb bridge: placed cobblestone at [-129,36,422] (support) - the step re-judges
[hb] n=27 ts=540s rss=468M late=130ms mainLate=1022ms
F7 climb out (pre-position): OK +2 levels (1 steps, 0 dug, 3s)
F7 bank: holding 29s of 59s for the smelt leg
F7 [F7] chest skip (vertical doom: the yard stands 42 levels up over 9b lateral - the walk ladder cannot climb)
F7 [F7] chest skip (vertical doom: the yard stands 42 levels up over 10b lateral - the walk ladder cannot climb)
F7 [F7] chest skip (vertical doom: the yard stands 42 levels up over 12b lateral - the walk ladder cannot climb)
F7 [F7] chest skip (vertical doom: the yard stands 42 levels up over 12b lateral - the walk ladder cannot climb)
F7 [F7] chest skip (vertical doom: the yard stands 42 levels up over 13b lateral - the walk ladder cannot climb)
F7 [F7] chest skip (vertical doom: the yard stands 42 levels up over 14b lateral - the walk ladder cannot climb)
F7 [F7] chest skip (vertical doom: the yard stands 42 levels up over 15b lateral - the walk ladder cannot climb)
F7 [F7] chest skip (vertical doom: the yard stands 42 levels up over 16b lateral - the walk ladder cannot climb)
F7 bank: no chest in range (46 blocks from yard) - walking back
F7 bank: the yard stands 42 levels up over 19b lateral - the walk ladder cannot climb, the pocket rides the next window
F7 camp furnace: 2 near machine(s) beyond the 24b direct envelope (nearest d=19.3) - 1 inside the envelope keep the veto
F7 camp furnace: no build (machine near)
F3 [F3] digShaft: water table y=54 (region strike) - stopping above the aquifer, the tunnel owns this level (regions 2)
F3 bank trip: skipped (pockets full, 59s left < 150s - the end-phase owns the deadline banking)
F17 [F17] water: drowning rescue start (drowning, oxygen 16)
F17 [F17] water: pass 0 head=wet shore=none land=n/a y=61.0 o2=16 probes=0 at=[-107,61,366]
F13 [F13] water: pass 20 head=dry shore=hit r=2 land=none y=62.5 o2=20 probes=0 at=[-123,63,387]
F5 [F5] raw hop failed: raw walk stalled after 2888ms (d=23.0) - pathfinder retry
F14 [F14] water: pass 13 head=wet shore=none land=n/a y=43.5 o2=20 probes=0 at=[-121,44,394]
F13 tunnel: 4 blocks (branch mine at the floor, steered, ore detour)
F8 [F8] raw hop failed: raw walk timeout after 6487ms (d=16.0) - pathfinder retry
F3 [F3] craft torches: stick-dry but 7 planks held - one stick batch first
F18 [F18] water: drowning rescue start (drowning, oxygen 13)
F18 [F18] water: pass 0 head=wet shore=none land=n/a y=59.6 o2=13 probes=0 at=[-140,60,389]
F4 [F4] vein sweep: +15u walked from the drops (16 dug)
F4 [F4] vein sweep: 2 deep drop(s) skipped (dy < -2 - the lip sphere cannot reach, the walk was a guaranteed spiral)
F4 vein sweep: 16 ores dug beside the gallery (ore detour)
F4 bank trip: skipped (pockets full, 56s left < 150s - the end-phase owns the deadline banking)
F13 [F13] water: pass 22 head=wet shore=none land=n/a y=61.3 o2=19 probes=0 at=[-123,61,387]
F3 [F3] craft torches: 3 batch(es) -> 12 torches (sticks 2 coals 4)
F17 [F17] water: pass 3 head=dry shore=hit r=1 land=none y=62.5 o2=20 probes=0 at=[-107,63,366]
F5 [F5] raw hop failed: raw walk stalled after 2381ms (d=22.9) - pathfinder retry
F14 [F14] water: pass 17 head=wet shore=none land=n/a y=43.1 o2=20 probes=0 at=[-121,43,394]
F17 [F17] water: pass 6 head=dry shore=hit r=1 land=none y=63.8 o2=20 probes=0 at=[-107,64,368]
F13 [F13] water: rescue complete in 25.3s
F13 [F13] water: hazard memorized at [-124,62,387] (8 live, fleet-wide)
F18 [F18] water: pass 5 head=dry shore=hit r=5 land=none y=62.4 o2=20 probes=0 at=[-141,62,389]
[F7] walk nudge: approach: 1 segment(s) walked in 3.1s, goal now d=15.2 (inside the direct envelope)
[F7] walk nudge: inside the direct envelope
F9 tunnel: 2 blocks (branch mine at the floor, steered, floor lock)
F9 bank trip: skipped (pockets full, 53s left < 150s - the end-phase owns the deadline banking)
F2 climb out (pre-position): OK +4 levels (5 steps, 7 dug, 29s)
F2 bank: holding 23s of 53s for the smelt leg
F14 [F14] water: pass 19 head=dry shore=hit r=7 land=none y=43.3 o2=20 probes=0 at=[-120,43,394]
F3 [F3] digShaft: water table y=54 (region strike) - stopping above the aquifer, the tunnel owns this level (regions 2)
F3 bank trip: skipped (pockets full, 52s left < 150s - the end-phase owns the deadline banking)
F3 [F3] craft torches: skip (the pocket torch cap: held 23 of 24 - sticks 3 coals 1)
F3 [F3] digShaft: water table y=54 (region strike) - stopping above the aquifer, the tunnel owns this level (regions 2)
F3 tunnel: steering coal_ore @ 7.8b (axis x--1, cross 0.5000282541204228, floor lock)
F13 [F13] water: drowning rescue start (drowning, oxygen 20)
F13 [F13] water: pass 0 head=wet shore=none land=n/a y=60.8 o2=20 probes=0 at=[-123,61,387]
F6 climb out (pre-position): OK +8 levels (8 steps, 23 dug, 38s)
F6 bank: smelt hold skipped - no fuel in pocket (coal 0)
F6 [F6] scan: no chest within 64b (bankable 83)
F6 bank: no chest in range (65 blocks from yard) - walking back
F6 yard approach: 65b beyond the 24b envelope (attempt 1)
F9 [F9] craft torches: skip (the pocket torch cap: held 23 of 24 - sticks 5 coals 19)
F9 bank trip: skipped (pockets full, 51s left < 150s - the end-phase owns the deadline banking)
F9 [F9] craft torches: skip (the pocket torch cap: held 23 of 24 - sticks 5 coals 19)
F9 tunnel: steering copper_ore @ 9.9b (axis z+, cross 1.2999999999999972, floor lock)
F18 [F18] water: pass 7 head=dry shore=hit r=4 land=none y=62.6 o2=20 probes=0 at=[-141,63,389]
F17 [F17] water: pass 7 head=dry shore=hit r=1 land=none y=63.5 o2=20 probes=0 at=[-107,63,369]
F4 tool upgrade due: worn (left=1/131) -> stone_pickaxe
F4 [toolupgrade] craft crafting_table: no craftable recipe variant (ingredients missing?)
F13 [F13] water: pass 3 head=wet shore=none land=n/a y=62.0 o2=20 probes=0 at=[-123,62,387]
F18 [F18] water: pass 9 head=dry shore=hit r=5 land=none y=62.2 o2=20 probes=0 at=[-141,62,389]
F10 [F10] raw hop failed: raw walk: no net progress for 9286ms (best d=15.8) - pathfinder retry
F14 [F14] water: pass 21 head=dry shore=hit r=7 land=none y=44.3 o2=20 probes=0 at=[-120,44,393]
F4 [toolupgrade] plank rung: converted 1->5 same-type planks (need 4, from oak_log)
t-48s alive=19/19 mined=2942 map=1343p/22ch banked=113 smelted=0 pocket=3321u/318s | sand=42 gravel=85 dirt=453 stone=0
   deficits: 157926/42 (0.0%) 149380/85 (0.1%) 31860/0 (0.0%) 27420/0 (0.0%) 10725/178 (1.7%)
   F1=155[cobblestone:80 andesite:26 raw_iron:17] | F2=182[cobblestone:85 dirt:33 leaf_litter:19] | F3=214[cobblestone:101 dirt:38 granite:24] | F4=175[cobblestone:79 dirt:25 gravel:22] | F5=197[cobblestone:100 torch:30 granite:29] | F6=134[cobblestone:72 diorite:40 dirt:21] | F7=175[cobblestone:59 dirt:43 diorite:30] | F8=226[cobblestone:99 dirt:44 raw_copper:26] | F9=134[cobblestone:54 torch:23 coal:19] | F10=141[cobblestone:58 granite:23 dirt:20] | F11=140[cobblestone:39 granite:29 torch:24] | F12=138[raw_iron:7 oak_log:5 stick:3] | F13=161[dirt:50 raw_copper:40 cobblestone:39] | F14=168[cobblestone:85 dirt:33 leaf_litter:18] | F15=131[cobblestone:34 torch:23 coal:21] | F16=162[cobblestone:45 andesite:37 dirt:23] | F17=88[cobblestone:28 torch:24 coal:17] | F18=158[cobblestone:81 dirt:36 raw_copper:34] | F19=63[cobblestone:18 dirt:9 oak_planks:7]
   mem: heap=133M/178M old=-1M ext=171M ab=168M rss=465M cols=1813 ents=2157 evicted=1641 path=3a/0q (max 6) stale=0
F11 tunnel: 12 blocks (branch mine at the floor, steered, ore detour)
F11 bank trip: skipped (pockets full, 47s left < 150s - the end-phase owns the deadline banking)
F11 [F11] craft torches: skip (the pocket torch cap: held 24 of 24 - sticks 5 coals 6)
F18 [F18] water: pass 11 head=dry shore=hit r=4 land=none y=62.2 o2=20 probes=0 at=[-142,62,389]
F17 [F17] water: pass 9 head=dry shore=hit r=2 land=none y=64.3 o2=20 probes=0 at=[-109,64,368]
F13 [F13] water: pass 5 head=wet shore=none land=n/a y=61.7 o2=20 probes=0 at=[-123,62,387]
F14 [F14] water: rescue complete in 25.7s
F14 [F14] water: hazard memorized at [-121,43,393] (9 live, fleet-wide)
F11 [F11] digShaft: water table y=54 (region strike) - stopping above the aquifer, the tunnel owns this level (regions 2)
F11 bank trip: skipped (pockets full, 46s left < 150s - the end-phase owns the deadline banking)
F5 [F5] hop: chest at [-133,80,407] d=18 zero: chest unreachable (Took to long to decide path to goal!)
F5 [F5] chest skip (no path cached 0s ago at [-133,80,409])
F5 [F5] chest skip (no path cached 0s ago at [-133,80,411])
F5 [F5] chest skip (vertical doom: the yard stands 23 levels up over 9b lateral - the walk ladder cannot climb)
F5 [F5] chest skip (vertical doom: the yard stands 23 levels up over 9b lateral - the walk ladder cannot climb)
F5 [F5] chest skip (vertical doom: the yard stands 23 levels up over 9b lateral - the walk ladder cannot climb)
F5 [F5] chest skip (vertical doom: the yard stands 23 levels up over 10b lateral - the walk ladder cannot climb)
F5 bank: 0 (chest unreachable (Took to long to decide path to goal!))
F18 [F18] water: pass 13 head=dry shore=hit r=5 land=none y=62.5 o2=20 probes=0 at=[-141,62,389]
F4 [toolupgrade] spare table: crafted
F1 [F1] approach: 3 segment(s) walked in 26.9s, goal now d=42.8 (still outside - the approach clock is spent)
F1 [F1] hop: chest at [-103,80,405] d=42 zero: chest unreachable (budget exhausted (walk floor))
F1 [F1] hop: chest at [-122,80,389] d=44 zero: chest unreachable (budget exhausted (walk floor))
F1 [F1] hop: chest at [-103,80,407] d=44 zero: chest unreachable (budget exhausted (walk floor))
F1 [F1] hop: chest at [-108,80,405] d=44 zero: chest unreachable (budget exhausted (walk floor))
F1 [F1] hop: chest at [-123,80,389] d=45 zero: chest unreachable (budget exhausted (walk floor))
F1 [F1] hop: chest at [-124,80,389] d=46 zero: chest unreachable (budget exhausted (walk floor))
F1 [F1] hop: chest at [-103,80,409] d=46 zero: chest unreachable (budget exhausted (walk floor))
F1 [F1] hop: chest at [-108,80,407] d=46 zero: chest unreachable (budget exhausted (walk floor))
F1 bank fallback: none (chest unreachable (budget exhausted (walk floor)))
F1 camp furnace: build skipped - the leg clock (12s) cannot afford a 14s place-table build + the 5s put (table item held - place it first)
F18 [F18] raw hop failed: raw walk timeout after 20158ms (d=17.9) - pathfinder retry
F13 [F13] water: pass 7 head=wet shore=none land=n/a y=61.5 o2=20 probes=0 at=[-123,61,387]
F9 tunnel: 0 blocks (branch mine at the floor, steered, floor lock)
F9 bank trip: skipped (pockets full, 41s left < 150s - the end-phase owns the deadline banking)
F17 [F17] water: pass 11 head=dry shore=hit r=1 land=none y=63.5 o2=20 probes=0 at=[-107,63,367]
F18 [F18] water: pass 14 head=wet shore=none land=n/a y=61.8 o2=20 probes=0 at=[-140,62,389]
[hb] n=28 ts=560s rss=465M late=132ms mainLate=1065ms
F11 [F11] craft torches: skip (the pocket torch cap: held 24 of 24 - sticks 5 coals 6)
F1 yard seek: approach: 1 segment(s) walked in 2.9s, goal now d=48.8 (still outside - a segment stalled (no position delta))
[F1] yard seek: did not land - the empty scan stands
F1 smelt: 0 (raw_iron@blast_furnace/furnace: no machine in reach (blast_furnace/furnace within 48b); cobblestone@furnace: no machine in reach (furnace within 48b); sand@furnace: no machine in reach (furnace within 48b))
F1 iron commune: no yard chest in range
F1 [F1] chest skip (vertical doom: the yard stands 31 levels up over 30b lateral - the walk ladder cannot climb)
F13 [F13] water: pass 9 head=wet shore=none land=n/a y=61.8 o2=20 probes=0 at=[-123,62,387]
F11 [F11] digShaft: water table y=54 (region strike) - stopping above the aquifer, the tunnel owns this level (regions 2)
F11 tunnel: steering coal_ore @ 3.6b (axis z+, cross 1.4050664190508115, ore detour)
F18 [F18] water: pass 15 head=dry shore=hit r=4 land=none y=62.5 o2=20 probes=0 at=[-140,63,389]
F9 [F9] craft torches: skip (the pocket torch cap: held 23 of 24 - sticks 5 coals 19)
F9 bank trip: skipped (pockets full, 38s left < 150s - the end-phase owns the deadline banking)
F9 [F9] craft torches: skip (the pocket torch cap: held 23 of 24 - sticks 5 coals 19)
F9 tunnel: steering copper_ore @ 10.1b (axis z+, cross 2.5, floor lock)
F13 [F13] water: pass 11 head=wet shore=none land=n/a y=61.1 o2=20 probes=0 at=[-123,61,387]
F17 [F17] water: pass 13 head=dry shore=hit r=2 land=none y=64.3 o2=20 probes=0 at=[-109,64,367]
F18 [F18] water: pass 17 head=dry shore=hit r=3 land=none y=62.2 o2=20 probes=0 at=[-139,62,390]
F8 [F8] hop: chest at [-143,80,409] d=16 zero: cannot open chest (open chest: timeout after 10000ms)
F8 bank: 0 (budget exhausted)
[F7] walk nudge: approach: 1 segment(s) walked in 2.8s, goal now d=13.5 (inside the direct envelope)
[F7] walk nudge: inside the direct envelope
F13 [F13] water: pass 14 head=dry shore=hit r=2 land=none y=62.6 o2=20 probes=0 at=[-123,63,387]
F18 [F18] water: pass 19 head=dry shore=hit r=2 land=none y=62.1 o2=20 probes=0 at=[-137,62,391]
F14 tunnel: 12 blocks (branch mine at the floor, steered, floor lock)
F8 [F8] craft torches: 1 batch(es) -> 4 torches (sticks 3 coals 18, the metal reserve keeps 4)
t-32s alive=19/19 mined=2957 map=1353p/22ch banked=113 smelted=0 pocket=3342u/318s | sand=42 gravel=85 dirt=458 stone=0
   deficits: 157926/42 (0.0%) 149380/85 (0.1%) 31860/0 (0.0%) 27420/0 (0.0%) 10725/188 (1.8%)
   F1=155[cobblestone:82 andesite:26 raw_iron:17] | F2=182[cobblestone:85 dirt:33 leaf_litter:19] | F3=214[cobblestone:102 dirt:38 granite:24] | F4=175[cobblestone:77 dirt:25 gravel:22] | F5=197[cobblestone:100 torch:30 granite:29] | F6=134[cobblestone:72 diorite:40 dirt:21] | F7=175[cobblestone:60 dirt:43 diorite:30] | F8=226[cobblestone:99 dirt:44 raw_copper:26] | F9=134[cobblestone:55 torch:23 coal:19] | F10=141[cobblestone:58 granite:23 dirt:20] | F11=145[cobblestone:44 granite:29 torch:24] | F12=138[raw_iron:7 oak_log:5 stick:3] | F13=161[dirt:50 raw_copper:40 cobblestone:39] | F14=175[cobblestone:85 dirt:33 leaf_litter:18] | F15=131[cobblestone:34 torch:23 coal:21] | F16=162[cobblestone:45 andesite:37 dirt:23] | F17=88[cobblestone:28 torch:24 coal:17] | F18=158[cobblestone:81 dirt:36 raw_copper:34] | F19=66[cobblestone:18 dirt:13 oak_planks:7]
   mem: heap=143M/178M old=-1M ext=172M ab=170M rss=467M cols=1827 ents=2051 evicted=1668 path=4a/0q (max 6) stale=0
F4 [toolupgrade] stone_pickaxe: crafted (worn (left=1/131))
F4 tool upgrade: OK -> stone_pickaxe (worn (left=1/131))
F4 [F4] craft torches: stick-dry with logs held - one plank conversion first
F17 [F17] water: rescue complete in 27.2s
F17 [F17] water: hazard memorized at [-108,62,365] (9 live, fleet-wide)
F9 tunnel: 0 blocks (branch mine at the floor, steered, floor lock)
F9 bank trip: skipped (pockets full, 31s left < 150s - the end-phase owns the deadline banking)
F18 [F18] water: rescue complete in 26.0s
F18 [F18] water: hazard memorized at [-137,62,391] (10 live, fleet-wide)
F4 [F4] craft torches: stick-dry but 5 planks held - one stick batch first
F18 [F18] hop: chest at [-141,80,389] d=20 zero: chest unreachable (budget exhausted (walk floor))
F18 bank: 0 (budget exhausted)
F13 [F13] water: pass 17 head=wet shore=none land=n/a y=61.3 o2=20 probes=0 at=[-123,61,387]
F9 [F9] craft torches: skip (the pocket torch cap: held 23 of 24 - sticks 5 coals 19)
F9 bank trip: skipped (pockets full, 30s left < 150s - the end-phase owns the deadline banking)
F9 [F9] craft torches: skip (the pocket torch cap: held 23 of 24 - sticks 5 coals 19)
F9 tunnel: steering copper_ore @ 12.7b (axis z+, cross 3.299999999999997, floor lock)
F11 tunnel: 2 blocks (branch mine at the floor, steered, ore detour)
F3 tunnel: 2 blocks (branch mine at the floor, steered, floor lock)
F4 [F4] craft torches: 4 batch(es) -> 16 torches (sticks 2 coals 9, the metal reserve keeps 3)
F7 smelt: 0 (raw_iron@furnace: machine unreachable (Took to long to decide path to goal!); raw_iron@furnace: machine unreachable (the yard stands 27 levels up over 17b lateral - the walk ladder cannot climb); raw_iron@furnace: machine unreachable (the yard stands 35 levels up over 11b lateral - the walk ladder cannot climb); raw_copper@furnace: machine unreachable (visit budget spent (walk slice)))
F7 iron commune: iron commune: chest the yard stands 42 levels up over 7b lateral - the walk ladder cannot climb, the fragments ride (the ask retries near the yard)
F7 [F7] chest skip (vertical doom: the yard stands 42 levels up over 7b lateral - the walk ladder cannot climb)
F7 [F7] chest skip (vertical doom: the yard stands 42 levels up over 9b lateral - the walk ladder cannot climb)
F7 [F7] chest skip (vertical doom: the yard stands 42 levels up over 9b lateral - the walk ladder cannot climb)
F7 [F7] chest skip (vertical doom: the yard stands 42 levels up over 9b lateral - the walk ladder cannot climb)
F7 [F7] chest skip (vertical doom: the yard stands 42 levels up over 11b lateral - the walk ladder cannot climb)
F7 [F7] chest skip (vertical doom: the yard stands 42 levels up over 10b lateral - the walk ladder cannot climb)
F7 [F7] chest skip (vertical doom: the yard stands 42 levels up over 11b lateral - the walk ladder cannot climb)
F7 [F7] chest skip (vertical doom: the yard stands 42 levels up over 12b lateral - the walk ladder cannot climb)
F7 pre-position bank: 0 (no chest in range)
F7 final climb: the yard stands 42 levels up over 15b lateral - climbing toward the yard's level (the walk ladder cannot)
F14 [F14] vein sweep: 2 drop(s) in reach (3 dug)
F13 [F13] water: pass 19 head=wet shore=none land=n/a y=61.9 o2=20 probes=0 at=[-123,62,387]
F19 climb out (pre-position): OK +10 levels (9 steps, 20 dug, 51s)
F13 [F13] water: rescue complete in 25.2s
F13 [F13] water: hazard memorized at [-124,61,387] (10 live, fleet-wide)
F3 [F3] vein sweep: 2 drop(s) in reach (2 dug)
F3 [F3] vein sweep: the drop walks picked nothing (pocket delta 0, 0 failed walk(s))
F3 [F3] vein sweep: 2 deep drop(s) skipped (dy < -2 - the lip sphere cannot reach, the walk was a guaranteed spiral)
F3 vein sweep: 2 ores dug beside the gallery (floor lock)
F3 bank trip: skipped (pockets full, 27s left < 150s - the end-phase owns the deadline banking)
F2 [F2] approach: 2 segment(s) walked in 26.8s, goal now d=18.1 (inside the direct envelope)
F2 [F2] hop: chest at [-103,80,415] d=36 zero: chest unreachable (budget exhausted (walk floor))
F2 [F2] hop: chest at [-103,80,413] d=18 zero: chest unreachable (budget exhausted (walk floor))
F2 [F2] hop: chest at [-103,80,411] d=18 zero: chest unreachable (budget exhausted (walk floor))
F2 [F2] hop: chest at [-103,80,409] d=19 zero: chest unreachable (budget exhausted (walk floor))
F2 [F2] hop: chest at [-103,80,407] d=19 zero: chest unreachable (budget exhausted (walk floor))
F2 [F2] hop: chest at [-103,80,405] d=20 zero: chest unreachable (budget exhausted (walk floor))
F2 [F2] hop: chest at [-108,80,413] d=22 zero: chest unreachable (budget exhausted (walk floor))
F2 [F2] hop: chest at [-108,80,411] d=22 zero: chest unreachable (budget exhausted (walk floor))
F2 bank fallback: none (chest unreachable (budget exhausted (walk floor)))
F2 end-bank budget spent - smelt skipped
F12 [F12] water: drowning rescue start (drowning, oxygen 17)
F12 [F12] water: pass 0 head=wet shore=none land=n/a y=61.0 o2=17 probes=0 at=[-156,61,398]
F11 [F11] vein sweep: 5 drop(s) in reach (4 dug)
F9 tunnel: 0 blocks (branch mine at the floor, steered, floor lock)
F9 tunnel: 0 blocks x3 - sealed or flooded, cooling down 15s
F14 [F14] vein sweep: the drop walk to [-118,44,390] failed - sweep drops: timeout after 4000ms (dy 0.0, range 1)
F5 tool upgrade due: cobble available -> stone_pickaxe
F15 [F15] vein sweep: 4 cell(s) refused by the fall fence
F15 bank trip: skipped (pockets full, 23s left < 150s - the end-phase owns the deadline banking)
F8 [F8] digShaft: water table y=55 (region strike) - stopping above the aquifer, the tunnel owns this level (regions 2)
F8 bank trip: skipped (pockets full, 23s left < 150s - the end-phase owns the deadline banking)
F12 [F12] water: pass 3 head=wet shore=none land=n/a y=61.1 o2=20 probes=0 at=[-156,61,398]
F4 bank trip: skipped (pockets full, 22s left < 150s - the end-phase owns the deadline banking)
F18 [F18] craft torches: skip (no coal: sticks 4 coals 0)
[hb] n=29 ts=581s rss=465M late=135ms mainLate=2500ms
F13 [F13] water: drowning rescue start (drowning, oxygen 13)
F13 [F13] water: pass 0 head=wet shore=none land=n/a y=59.0 o2=13 probes=0 at=[-123,59,387]
F11 [F11] vein sweep: the drop walk to [-120,54,408] failed - sweep drops: timeout after 4000ms (dy -2.0, range 2)
F11 [F11] vein sweep: +2u walked from the drops (4 dug)
F11 [F11] vein sweep: 1 below-plane walk(s) still failed on the wide goal (range 2) - the drop rests deeper than the lip
F11 [F11] vein sweep: 4 deep drop(s) skipped (dy < -2 - the lip sphere cannot reach, the walk was a guaranteed spiral)
F11 vein sweep: 4 ores dug beside the gallery (ore detour)
F11 bank trip: skipped (pockets full, 19s left < 150s - the end-phase owns the deadline banking)
F12 [F12] water: pass 6 head=dry shore=hit r=1 land=none y=63.8 o2=20 probes=0 at=[-156,64,398]
F14 [F14] vein sweep: the drop walk to [-118,44,390] failed - sweep drops: timeout after 4000ms (dy 0.0, range 1)
F14 [F14] vein sweep: +3u walked from the drops (3 dug)
F14 vein sweep: 3 ores dug beside the gallery (floor lock)
F14 bank trip: skipped (pockets full, 19s left < 150s - the end-phase owns the deadline banking)
F10 [F10] hop: chest at [-133,80,415] d=17 zero: chest unreachable (walk to chest (retry): timeout after 30000ms)
F13 [F13] water: pass 3 head=wet shore=none land=n/a y=61.1 o2=10 probes=0 at=[-123,61,387]
F2 [F2] raw hop failed: raw walk stalled after 2197ms (d=12.2) - pathfinder retry
t-17s alive=19/19 mined=2987 map=1383p/22ch banked=113 smelted=0 pocket=3398u/320s | sand=47 gravel=85 dirt=464 stone=0
   deficits: 157926/47 (0.0%) 149380/85 (0.1%) 31860/0 (0.0%) 27420/0 (0.0%) 10725/202 (1.9%)
   F1=155[cobblestone:82 andesite:26 raw_iron:17] | F2=182[cobblestone:85 dirt:33 leaf_litter:19] | F3=216[cobblestone:103 dirt:38 granite:24] | F4=176[cobblestone:80 dirt:25 gravel:22] | F5=197[cobblestone:101 torch:30 granite:29] | F6=134[cobblestone:72 diorite:40 dirt:21] | F7=183[cobblestone:60 dirt:43 diorite:30] | F8=233[cobblestone:105 dirt:48 raw_copper:26] | F9=134[cobblestone:55 torch:23 coal:19] | F10=141[cobblestone:58 granite:23 dirt:20] | F11=149[cobblestone:46 granite:29 torch:24] | F12=139[raw_iron:7 oak_log:5 stick:3] | F13=161[dirt:50 raw_copper:40 cobblestone:39] | F14=178[cobblestone:85 dirt:33 leaf_litter:18] | F15=131[cobblestone:34 torch:23 coal:21] | F16=162[cobblestone:45 andesite:37 dirt:23] | F17=88[cobblestone:28 torch:24 coal:17] | F18=162[cobblestone:81 dirt:36 raw_copper:34] | F19=66[cobblestone:18 dirt:14 oak_planks:7]
   mem: heap=137M/180M old=-1M ext=172M ab=169M rss=470M cols=1734 ents=2148 evicted=1574 path=6a/2q (max 6) stale=0
F11 [F11] craft torches: skip (the pocket torch cap: held 24 of 24 - sticks 5 coals 6)
F12 [F12] water: pass 8 head=dry shore=hit r=1 land=none y=64.3 o2=20 probes=0 at=[-158,64,399]
F11 [F11] digShaft: water table y=54 (region strike) - stopping above the aquifer, the tunnel owns this level (regions 2)
F11 bank trip: skipped (pockets full, 16s left < 150s - the end-phase owns the deadline banking)
F13 [F13] water: pass 7 head=wet shore=none land=n/a y=61.5 o2=17 probes=0 at=[-123,61,387]
F4 [F4] craft torches: stick-dry with logs held - one plank conversion first
F12 [F12] water: pass 9 head=dry shore=hit r=1 land=none y=63.8 o2=20 probes=0 at=[-158,64,399]
F13 [F13] water: pass 11 head=dry shore=hit r=2 land=none y=62.8 o2=20 probes=0 at=[-123,63,387]
F4 [F4] craft torches: stick-dry but 7 planks held - one stick batch first
F11 [F11] craft torches: skip (the pocket torch cap: held 24 of 24 - sticks 5 coals 6)
F11 [F11] digShaft: water table y=55 (region strike) - stopping above the aquifer, the tunnel owns this level (regions 2)
F11 bank trip: skipped (pockets full, 12s left < 150s - the end-phase owns the deadline banking)
F11 [F11] craft torches: skip (the pocket torch cap: held 24 of 24 - sticks 5 coals 6)
F11 [F11] digShaft: water table y=55 (region strike) - stopping above the aquifer, the tunnel owns this level (regions 2)
F11 tunnel: steering iron_ore @ 16.6b (axis z+, cross 0.40506707618166615, floor lock)
F19 [F19] approach: 1 segment(s) walked in 15.1s, goal now d=21.9 (inside the direct envelope)
F4 [F4] craft torches: 2 batch(es) -> 8 torches (sticks 2 coals 5, the metal reserve keeps 3)
F2 [F2] hop: chest at [-103,80,413] d=18 zero: chest unreachable (No path to the goal!)
F2 [F2] chest skip (no path cached 0s ago at [-103,80,411])
F2 [F2] chest skip (no path cached 0s ago at [-103,80,415])
F2 [F2] chest skip (no path cached 0s ago at [-103,80,409])
F5 [toolupgrade] [upgrade] upgraded: stone_pickaxe,wooden_shovel,wooden_pickaxe
F5 tool upgrade: OK -> stone_pickaxe (stone_pickaxe,wooden_shovel,wooden_pickaxe)
F5 [F5] craft torches: skip (the pocket torch cap: held 30 of 24 - sticks 4 coals 15)
F12 [F12] water: pass 11 head=dry shore=hit r=1 land=none y=64.3 o2=20 probes=0 at=[-157,64,399]
F18 bank trip: skipped (pockets full, 11s left < 150s - the end-phase owns the deadline banking)
F18 [F18] craft torches: skip (no coal: sticks 4 coals 0)
F13 [F13] water: pass 16 head=wet shore=none land=n/a y=61.0 o2=20 probes=0 at=[-123,61,387]
F4 bank trip: skipped (pockets full, 11s left < 150s - the end-phase owns the deadline banking)
F4 [F4] craft torches: the metal fuel reserve holds all 3 coal for the furnace (20 raw metal held)
F4 tunnel: steering coal_ore @ 8.4b (axis z--1, cross 0.35137741529338484, floor lock)
F18 bank trip: skipped (pockets full, 10s left < 150s - the end-phase owns the deadline banking)
F18 [F18] craft torches: skip (no coal: sticks 4 coals 0)
F13 [F13] water: pass 22 head=dry shore=hit r=1 land=none y=63.5 o2=20 probes=0 at=[-123,64,387]
F18 tunnel: steering coal_ore @ 16.5b (axis x+, cross 0.5, floor lock)
F12 [F12] water: pass 15 head=dry shore=hit r=1 land=none y=62.8 o2=20 probes=0 at=[-161,63,401]
F9 bank trip: skipped (pockets full, 8s left < 150s - the end-phase owns the deadline banking)
F9 [F9] craft torches: skip (the pocket torch cap: held 23 of 24 - sticks 5 coals 19)
F9 bank trip: skipped (pockets full, 8s left < 150s - the end-phase owns the deadline banking)
F9 [F9] craft torches: skip (the pocket torch cap: held 23 of 24 - sticks 5 coals 19)
F9 tunnel: steering copper_ore @ 12.8b (axis z--1, cross 1.7000000000000028, floor lock)
F11 tunnel: 4 blocks (branch mine at the floor, steered, floor lock)
F11 bank trip: skipped (pockets full, 7s left < 150s - the end-phase owns the deadline banking)
F1 [F1] approach: the stall side-step (right) moved the start (d now 43.6)
F13 [F13] water: pass 31 head=dry shore=hit r=2 land=none y=62.1 o2=20 probes=0 at=[-123,62,387]
F4 tunnel: 4 blocks (branch mine at the floor, steered, floor lock)
F4 bank trip: skipped (pockets full, 6s left < 150s - the end-phase owns the deadline banking)
F12 [F12] craft torches: skip (no coal: sticks 3 coals 0)
F12 [F12] craft torches: skip (no coal: sticks 3 coals 0)
F12 tunnel: 0 blocks (branch mine at the floor, floor lock)
F12 [F12] water: pass 22 head=dry shore=hit r=1 land=none y=63.8 o2=20 probes=0 at=[-158,64,401]
F12 [F12] craft torches: skip (no coal: sticks 3 coals 0)
F12 [F12] craft torches: skip (no coal: sticks 3 coals 0)
F3 [F3] craft torches: skip (the pocket torch cap: held 23 of 24 - sticks 3 coals 1)
F3 bank trip: skipped (pockets full, 5s left < 150s - the end-phase owns the deadline banking)
F3 [F3] craft torches: skip (the pocket torch cap: held 23 of 24 - sticks 3 coals 1)
F3 tunnel: steering coal_ore @ 5.9b (axis z+, cross 3.5, floor lock)
F4 [F4] craft torches: the metal fuel reserve holds all 3 coal for the furnace (20 raw metal held)
F4 bank trip: skipped (pockets full, 5s left < 150s - the end-phase owns the deadline banking)
F4 [F4] craft torches: the metal fuel reserve holds all 3 coal for the furnace (20 raw metal held)
F4 tunnel: steering coal_ore @ 6.1b (axis z+, cross 3.5, floor lock)
F9 tunnel: 2 blocks (branch mine at the floor, steered, floor lock)
F9 bank trip: skipped (pockets full, 5s left < 150s - the end-phase owns the deadline banking)
F9 [F9] craft torches: skip (the pocket torch cap: held 23 of 24 - sticks 5 coals 19)
F9 bank trip: skipped (pockets full, 5s left < 150s - the end-phase owns the deadline banking)
F9 [F9] craft torches: skip (the pocket torch cap: held 23 of 24 - sticks 5 coals 19)
F9 tunnel: steering copper_ore @ 12.6b (axis z--1, cross 2.700000000000003, floor lock)
F1 [F1] approach: 4 segment(s) walked in 33.5s, goal now d=44.2 (still outside - the approach clock is spent)
F1 [F1] hop: chest at [-122,80,389] d=44 zero: chest unreachable (budget exhausted (walk floor))
F1 [F1] chest skip (vertical doom: the yard stands 32 levels up over 31b lateral - the walk ladder cannot climb)
F1 [F1] chest skip (vertical doom: the yard stands 32 levels up over 31b lateral - the walk ladder cannot climb)
F1 [F1] chest skip (vertical doom: the yard stands 32 levels up over 31b lateral - the walk ladder cannot climb)
F1 [F1] hop: chest at [-124,80,389] d=45 zero: chest unreachable (budget exhausted (walk floor))
F1 [F1] hop: chest at [-108,80,407] d=46 zero: chest unreachable (budget exhausted (walk floor))
F1 [F1] chest skip (no path cached 8s ago at [-103,80,409])
F1 pre-position bank: 0 (chest unreachable (budget exhausted (walk floor)))
F5 bank trip: skipped (pockets full, 4s left < 150s - the end-phase owns the deadline banking)
F13 [F13] water: pass 37 head=wet shore=none land=n/a y=62.0 o2=20 probes=0 at=[-123,62,387]
F1 final climb: OK +2 levels (1 steps, 0 dug, 1s)
F1 bank: holding 46s of 184s for the smelt leg
F1 [F1] chest skip (vertical doom: the yard stands 30 levels up over 30b lateral - the walk ladder cannot climb)
F2 [F2] raw hop failed: raw walk: no net progress for 8410ms (best d=13.0) - pathfinder retry
F10 [F10] raw hop failed: raw walk: no net progress for 8410ms (best d=15.1) - pathfinder retry
F19 [F19] raw hop failed: raw walk: no net progress for 8267ms (best d=16.0) - pathfinder retry
F12 tunnel: 0 blocks (branch mine at the floor, floor lock)
F12 tunnel: 0 blocks x3 - sealed or flooded, cooling down 15s
F8 [F8] craft torches: stick-dry with logs held - one plank conversion first
t-1s alive=19/19 mined=3022 map=1389p/22ch banked=113 smelted=0 pocket=3460u/320s | sand=55 gravel=85 dirt=473 stone=0
   deficits: 157926/55 (0.0%) 149380/85 (0.1%) 31860/0 (0.0%) 27420/0 (0.0%) 10725/206 (1.9%)
   F1=155[cobblestone:82 andesite:26 raw_iron:17] | F2=182[cobblestone:85 dirt:33 leaf_litter:19] | F3=216[cobblestone:103 dirt:38 granite:24] | F4=180[cobblestone:84 dirt:25 torch:24] | F5=209[cobblestone:107 granite:35 torch:29] | F6=134[cobblestone:73 diorite:40 dirt:21] | F7=189[cobblestone:65 dirt:43 diorite:30] | F8=233[cobblestone:107 dirt:57 raw_copper:26] | F9=136[cobblestone:57 torch:23 coal:19] | F10=141[cobblestone:58 granite:23 dirt:20] | F11=154[cobblestone:52 granite:29 torch:24] | F12=140[raw_iron:7 oak_log:5 stick:3] | F13=162[dirt:50 raw_copper:40 cobblestone:39] | F14=178[cobblestone:85 dirt:33 leaf_litter:18] | F15=131[cobblestone:34 torch:23 coal:21] | F16=162[cobblestone:45 andesite:37 dirt:23] | F17=88[cobblestone:28 torch:24 coal:17] | F18=166[cobblestone:83 dirt:36 raw_copper:34] | F19=66[cobblestone:18 dirt:14 oak_planks:7]
   mem: heap=143M/181M old=-1M ext=173M ab=171M rss=470M cols=1645 ents=2035 evicted=1559 path=6a/1q (max 6) stale=0
F13 [F13] water: pass 40 head=wet shore=none land=n/a y=61.0 o2=19 probes=0 at=[-123,61,387]
F6 yard approach: approach: 5 segment(s) walked in 51.0s, goal now d=62.0 (still outside - a segment stalled (no position delta))
F6 bank: end-bank budget spent - yard walk cancelled
F6 end-bank budget spent - smelt skipped
F6 [F6] scan: no chest within 64b (bankable 173)
F6 pre-position bank: 0 (no chest in range)
F12 [F12] water: pass 26 head=dry shore=hit r=1 land=none y=63.2 o2=20 probes=0 at=[-160,63,401]
[hb] n=30 ts=601s rss=470M late=140ms mainLate=1687ms
F16 final bank: staggered +88s
[worldmap] autosave: merged 52 from disk, 1441 positions on file
F8 [F8] craft torches: stick-dry but 7 planks held - one stick batch first
F12 [F12] water: rescue complete in 26.0s
F12 [F12] water: hazard memorized at [-161,62,400] (8 live, fleet-wide)
F9 tunnel: 0 blocks (branch mine at the floor, steered, floor lock)
F9 final bank: staggered +56s
F13 [F13] water: pass 42 head=dry shore=hit r=1 land=none y=63.2 o2=20 probes=0 at=[-123,63,387]
F3 tunnel: 0 blocks (branch mine at the floor, steered, floor lock)
F3 final bank: staggered +48s
F4 tunnel: 0 blocks (branch mine at the floor, steered, floor lock)
F4 final bank: staggered +56s
F8 [F8] craft torches: 3 batch(es) -> 12 torches (sticks 2 coals 17, the metal reserve keeps 4)
F18 tunnel: 6 blocks (branch mine at the floor, steered, floor lock)
F18 final bank: staggered +88s
F2 [F2] hop: chest at [-108,80,413] d=14 zero: chest unreachable (Took to long to decide path to goal!)
F2 pre-position bank: 0 (budget exhausted)
F2 final bank: staggered +96s
F6 [F6] climb bridge: unavailable (no solid floor underfoot)
F6 [F6] climb diag: level at y=47 blocked toward 0,1 (dug=1)
F5 final bank: staggered +64s
F14 final bank: staggered +56s
F19 [F19] hop: chest at [-122,80,389] d=35 zero: chest unreachable (Took to long to decide path to goal!)
F19 bank fallback: none (budget exhausted)
F19 end-bank budget spent - smelt skipped
F19 pre-position bank: 0 (budget exhausted)
F19 final bank: staggered +88s
F13 [F13] water: rescue timeout (still wet, 49 passes, 0 probes, tail dry/wet/wet) in 25.1s
F13 [F13] water: hazard memorized at [-124,61,387] (9 live, fleet-wide)
F8 final bank: staggered +72s
F13 [F13] water: drowning rescue start (drowning, oxygen 20)
F13 [F13] water: pass 0 head=wet shore=none land=n/a y=59.7 o2=20 probes=0 at=[-123,60,387]
F13 [F13] water: pass 5 head=wet shore=none land=n/a y=61.5 o2=20 probes=0 at=[-123,62,387]
F13 vein sweep: 1 ores dug beside the gallery (ore detour)
F13 final bank: staggered +88s
F13 [F13] water: pass 16 head=dry shore=hit r=2 land=none y=62.9 o2=20 probes=0 at=[-123,63,387]
F13 [F13] water: pass 24 head=wet shore=none land=n/a y=61.0 o2=20 probes=0 at=[-123,61,387]
F12 final bank: staggered +72s
t-0s alive=19/19 mined=3051 map=1441p/22ch banked=113 smelted=0 pocket=3501u/320s | sand=59 gravel=85 dirt=473 stone=0
   deficits: 157926/59 (0.0%) 149380/85 (0.1%) 31860/0 (0.0%) 27420/0 (0.0%) 10725/206 (1.9%)
   F1=155[cobblestone:82 andesite:26 raw_iron:17] | F2=182[cobblestone:85 dirt:33 leaf_litter:19] | F3=216[cobblestone:103 dirt:38 granite:24] | F4=180[cobblestone:84 dirt:25 torch:24] | F5=209[cobblestone:108 granite:35 torch:29] | F6=145[cobblestone:83 diorite:40 dirt:21] | F7=205[cobblestone:75 dirt:43 diorite:30] | F8=233[cobblestone:107 dirt:57 raw_copper:26] | F9=136[cobblestone:57 torch:23 coal:19] | F10=141[cobblestone:58 granite:23 dirt:20] | F11=154[cobblestone:52 granite:29 torch:24] | F12=140[raw_iron:7 oak_log:5 stick:3] | F13=162[dirt:50 raw_copper:40 cobblestone:39] | F14=178[cobblestone:85 dirt:33 leaf_litter:18] | F15=131[cobblestone:34 torch:23 coal:21] | F16=162[cobblestone:45 andesite:37 dirt:23] | F17=88[cobblestone:28 torch:24 coal:17] | F18=168[cobblestone:84 dirt:36 raw_copper:34] | F19=66[cobblestone:18 dirt:14 oak_planks:7]
   mem: heap=136M/179M old=-1M ext=172M ab=170M rss=468M cols=373 ents=437 evicted=390 path=2a/0q (max 6) stale=0
F13 [F13] water: pass 30 head=dry shore=hit r=1 land=none y=63.5 o2=20 probes=0 at=[-123,64,387]
F17 tunnel: 0 blocks (branch mine at the floor, floor lock)
F17 final bank: staggered +48s
F13 [F13] water: pass 38 head=wet shore=none land=n/a y=61.2 o2=19 probes=0 at=[-123,61,387]
F13 [F13] water: pass 46 head=wet shore=none land=n/a y=61.7 o2=20 probes=0 at=[-123,62,387]
[hb] n=31 ts=621s rss=470M late=145ms mainLate=1179ms
F10 [F10] hop: chest at [-133,80,413] d=17 zero: cannot open chest (open chest: timeout after 10000ms)
F10 bank: cannot open chest (open chest: timeout after 10000ms) (20 blocks from yard) - walking back
F10 bank walk path event: goal_updated
F15 final bank: staggered +48s
F10 bank: yard walk arrived in 0s (1 attempt)
F10 end-bank budget spent - smelt skipped
F13 [F13] water: pass 60 head=dry shore=hit r=2 land=none y=62.1 o2=20 probes=0 at=[-123,62,387]
F13 [F13] water: pass 78 head=dry shore=hit r=2 land=none y=62.5 o2=20 probes=0 at=[-123,62,387]
F6 final climb: OK +8 levels (8 steps, 21 dug, 25s)
F6 bank: smelt hold skipped - no fuel in pocket (coal 0)
F6 [F6] hop: chest at [-123,80,415] d=53 zero: chest beyond the hop search radius 48 - walking home instead
F6 bank: no chest in range (58 blocks from yard) - walking back
F6 yard approach: 58b beyond the 24b envelope (attempt 1)
F13 [F13] water: pass 94 head=wet shore=none land=n/a y=61.0 o2=20 probes=0 at=[-123,61,387]
F10 [F10] raw hop failed: raw walk: no net progress for 8026ms (best d=16.0) - pathfinder retry
t-0s alive=19/19 mined=3070 map=1441p/22ch banked=113 smelted=0 pocket=3525u/320s | sand=59 gravel=85 dirt=477 stone=0
   deficits: 157926/59 (0.0%) 149380/85 (0.1%) 31860/0 (0.0%) 27420/0 (0.0%) 10725/206 (1.9%)
   F1=155[cobblestone:82 andesite:26 raw_iron:17] | F2=182[cobblestone:85 dirt:33 leaf_litter:19] | F3=216[cobblestone:103 dirt:38 granite:24] | F4=180[cobblestone:84 dirt:25 torch:24] | F5=209[cobblestone:108 granite:35 torch:29] | F6=155[cobblestone:90 diorite:44 dirt:21] | F7=214[cobblestone:78 dirt:47 diorite:30] | F8=233[cobblestone:107 dirt:57 raw_copper:26] | F9=136[cobblestone:57 torch:23 coal:19] | F10=141[cobblestone:58 granite:23 dirt:20] | F11=154[cobblestone:54 granite:29 torch:24] | F12=140[raw_iron:7 oak_log:5 stick:3] | F13=162[dirt:50 raw_copper:40 cobblestone:39] | F14=178[cobblestone:85 dirt:33 leaf_litter:18] | F15=131[cobblestone:34 torch:23 coal:21] | F16=162[cobblestone:45 andesite:37 dirt:23] | F17=88[cobblestone:28 torch:24 coal:17] | F18=168[cobblestone:84 dirt:36 raw_copper:34] | F19=66[cobblestone:18 dirt:14 oak_planks:7]
   mem: heap=141M/180M old=-1M ext=173M ab=170M rss=466M cols=199 ents=253 evicted=216 path=2a/0q (max 6) stale=0
F6 yard approach: approach: the stall side-step (right) moved the start (d now 60.5)
F7 [F7] climb wet escape: 2 blocks walked (low-o2, walked 1/4)
F7 [F7] climb wet escape: oxygen 5 at the floor - the escape yields, the rescue lane owns the air
F7 final climb: no retry (no retry for 'low-o2')
F7 final climb: failed - low-o2
F7 final bank: 0 (still underground after 1 climb attempt - the chain from the shaft bottom is doomed walks)
F13 [F13] water: rescue timeout (still wet, 126 passes, 0 probes, tail wet/dry/wet) in 25.1s
F13 [F13] water: hazard memorized at [-124,61,387] (10 live, fleet-wide)
F7 [F7] water: drowning rescue start (drowning, oxygen 5)
F7 [F7] water: pass 0 head=wet shore=none land=n/a y=50.0 o2=5 probes=0 at=[-122,50,410]
F11 final bank: staggered +80s
F7 [F7] water: pass 5 head=wet shore=none land=n/a y=51.2 o2=10 probes=0 at=[-122,51,411]
F1 [F1] approach: the stall side-step (right) moved the start (d now 43.6)
F7 [F7] water: deep-pocket ascend - dug the ceiling stone at [-123,53,410] (jump stalled 4+ passes, o2 12)
F7 [F7] water: pass 8 head=wet shore=none land=n/a y=51.4 o2=20 probes=0 at=[-122,51,411]
F13 [F13] water: drowning rescue start (drowning, oxygen 13)
F13 [F13] water: pass 0 head=wet shore=none land=n/a y=59.0 o2=13 probes=0 at=[-123,59,387]
F7 [F7] water: frozen physics (10 flat passes at y=51.4, o2=20, head WET) - standing down, the reconnect lane owns this
F7 [F7] water: rescue standing down (frozen physics - the walk gate reopens, the reconnect lane owns a dead client) in 6.1s
F7 [F7] water: frozen client relog (#1 consecutive) (frozen while head-wet (1 verdict) - the drowning clock owns this client) - ending the session, the reconnect lane rebuilds the physics; the drowning sentry holds non-critical pages 10s (the frozen-return gate)
F7 [F7] water: hazard memorized at [-123,51,410] (11 live, fleet-wide)
F13 [F13] water: pass 5 head=dry shore=hit r=2 land=none y=62.7 o2=16 probes=0 at=[-123,63,387]
[hb] n=32 ts=641s rss=471M late=150ms mainLate=1136ms
F13 [F13] water: pass 10 head=wet shore=none land=n/a y=61.7 o2=20 probes=0 at=[-123,62,387]
F10 [F10] hop: chest at [-133,80,415] d=17 zero: chest unreachable (budget exhausted (walk floor))
F10 bank: 0 (budget exhausted)
F13 [F13] water: pass 15 head=dry shore=hit r=2 land=none y=62.4 o2=20 probes=0 at=[-123,62,387]
t-0s alive=19/19 mined=3071 map=1448p/22ch banked=113 smelted=0 pocket=3526u/320s | sand=59 gravel=85 dirt=478 stone=0
   deficits: 157926/59 (0.0%) 149380/85 (0.1%) 31860/0 (0.0%) 27420/0 (0.0%) 10725/206 (1.9%)
   F1=155[cobblestone:82 andesite:26 raw_iron:17] | F2=182[cobblestone:85 dirt:33 leaf_litter:19] | F3=216[cobblestone:103 dirt:38 granite:24] | F4=180[cobblestone:84 dirt:25 torch:24] | F5=209[cobblestone:108 granite:35 torch:29] | F6=155[cobblestone:90 diorite:44 dirt:21] | F7=215[cobblestone:78 dirt:48 diorite:30] | F8=233[cobblestone:107 dirt:57 raw_copper:26] | F9=136[cobblestone:57 torch:23 coal:19] | F10=141[cobblestone:58 granite:23 dirt:20] | F11=154[cobblestone:54 granite:29 torch:24] | F12=140[raw_iron:7 oak_log:5 stick:3] | F13=162[dirt:50 raw_copper:40 cobblestone:39] | F14=178[cobblestone:85 dirt:33 leaf_litter:18] | F15=131[cobblestone:34 torch:23 coal:21] | F16=162[cobblestone:45 andesite:37 dirt:23] | F17=88[cobblestone:28 torch:24 coal:17] | F18=168[cobblestone:84 dirt:36 raw_copper:34] | F19=66[cobblestone:18 dirt:14 oak_planks:7]
   mem: heap=142M/181M old=-1M ext=174M ab=171M rss=468M cols=101 ents=131 evicted=125 path=1a/0q (max 6) stale=0
F10 final bank: staggered +88s
F13 [F13] water: pass 33 head=dry shore=hit r=2 land=none y=63.0 o2=20 probes=0 at=[-123,63,387]
F13 [F13] water: pass 51 head=dry shore=hit r=2 land=none y=62.3 o2=20 probes=0 at=[-123,62,387]
F3 final climb: the yard stands 37 levels up over 28b lateral - climbing toward the yard's level (the walk ladder cannot)
F6 yard approach: approach: the stall side-step (left) stalled too
F6 yard approach: approach: 7 segment(s) walked in 25.7s, goal now d=58.1 (still outside - a segment stalled (no position delta))
F13 [F13] water: pass 69 head=wet shore=none land=n/a y=61.0 o2=20 probes=0 at=[-123,61,387]
F6 bank walk path event: path_stop (explicit)
F6 bank: yard walk attempt 1 failed: NoPath: No path to the goal!
F6 bank: yard walk failed (No path to the goal!) - smelting locally if a furnace is near
F6 camp furnace: 1 near machine(s) all beyond the 24b direct envelope (nearest d=43.7) - the bay reads as empty, the camp ladder decides on its own merits
F6 camp furnace: craft-table (90 cobble + 5 planks - table first)
F3 [F3] climb bridge: placed cobblestone at [-111,43,423] (support) - the step re-judges
F13 [F13] water: pass 86 head=wet shore=none land=n/a y=60.9 o2=20 probes=0 at=[-123,61,387]
F3 [F3] climb bridge: placed cobblestone at [-112,43,423] (pit) - the step re-judges
F3 [F3] climb bridge: placed cobblestone at [-112,44,423] (support) - the step re-judges
F3 [F3] climb diag: level at y=46 blocked toward -1,0 (dug=4)
F13 [F13] water: pass 103 head=wet shore=none land=n/a y=61.1 o2=20 probes=0 at=[-123,61,387]
F3 [F3] climb rise assist: assist did not complete (goto: No path to the goal!)
F3 [F3] climb run-up: gallery opened toward 0,-1 (digs 2) - the rise re-judges from the L-mouth
F3 [F3] climb diag: level at y=45 did not rise (food=20, dug=8) feet=air support=air step=gravel head=air
F6 camp furnace: BUILT (furnace at -125,53,460) in 6s
F6 fuel anchor scan returned empty (attempt 1/2) at [-123,53,460] yard d=58 - the palette empty-return class, re-querying
F6 fuel anchor scan returned empty (attempt 2/2) at [-123,53,460] yard d=58
F6 fuel anchor scan empty x2 - the singular probe found nothing either
F6 fuel commons: the anchor scan saw 0 chest(s), 0 usable after the empty memory - no anchor
F6 fuel commons: no yard chest in range
F6 fuel anchor scan returned empty (attempt 1/2) at [-123,53,460] yard d=58 - the palette empty-return class, re-querying
F6 fuel anchor scan returned empty (attempt 2/2) at [-123,53,460] yard d=58
F6 fuel anchor scan empty x2 - the singular probe found nothing either
F6 fuel commons: the anchor scan saw 0 chest(s), 0 usable after the empty memory - no anchor
F6 fuel commons: no yard chest in range
F6 smelt: 0 (raw_copper@-: no fuel; cobblestone@-: no fuel)
F6 iron commune: no yard chest in range
F13 [F13] water: pass 118 head=wet shore=none land=n/a y=61.7 o2=20 probes=0 at=[-123,62,387]
F6 sweep: 0 collected - machine unreachable (No path to the goal!) x1
F6 [F6] hop: chest at [-123,80,415] d=53 zero: chest beyond the hop search radius 48 - walking home instead
F6 final bank: 0 (no chest in range)
F9 final climb: the yard stands 37 levels up over 18b lateral - climbing toward the yard's level (the walk ladder cannot)
F3 [F3] climb diag: level at y=45 did not rise (food=20, dug=10) feet=air support=gravel step=gravel head=air
F4 final climb: the yard stands 37 levels up over 20b lateral - climbing toward the yard's level (the walk ladder cannot)
F1 [F1] approach: the stall side-step (left) moved the start (d now 43.5)
t-0s alive=19/19 mined=3086 map=1448p/22ch banked=113 smelted=0 pocket=3526u/322s | sand=59 gravel=89 dirt=478 stone=0
   deficits: 157926/59 (0.0%) 149380/89 (0.1%) 31860/0 (0.0%) 27420/0 (0.0%) 10725/206 (1.9%)
   F1=155[cobblestone:82 andesite:26 raw_iron:17] | F2=182[cobblestone:85 dirt:33 leaf_litter:19] | F3=226[cobblestone:104 dirt:38 gravel:24] | F4=182[cobblestone:84 dirt:25 torch:24] | F5=209[cobblestone:108 granite:35 torch:29] | F6=155[cobblestone:82 diorite:45 dirt:21] | F7=215[cobblestone:78 dirt:48 diorite:30] | F8=233[cobblestone:107 dirt:57 raw_copper:26] | F9=139[cobblestone:59 torch:23 coal:19] | F10=141[cobblestone:58 granite:23 dirt:20] | F11=154[cobblestone:54 granite:29 torch:24] | F12=140[raw_iron:7 oak_log:5 stick:3] | F13=162[dirt:50 raw_copper:40 cobblestone:39] | F14=178[cobblestone:85 dirt:33 leaf_litter:18] | F15=131[cobblestone:34 torch:23 coal:21] | F16=162[cobblestone:45 andesite:37 dirt:23] | F17=88[cobblestone:28 torch:24 coal:17] | F18=168[cobblestone:84 dirt:36 raw_copper:34] | F19=66[cobblestone:18 dirt:14 oak_planks:7]
   mem: heap=143M/179M old=-1M ext=174M ab=171M rss=471M cols=0 ents=0 evicted=0 path=0a/0q (max 6) stale=0
[hb] n=33 ts=661s rss=471M late=155ms mainLate=367ms
F14 final climb: the yard stands 36 levels up over 20b lateral - climbing toward the yard's level (the walk ladder cannot)
F9 [F9] climb rise assist: assist did not complete (goto: No path to the goal!)
F9 [F9] climb run-up: gallery opened toward 0,-1 (digs 2) - the rise re-judges from the L-mouth
F9 [F9] climb diag: level at y=46 did not rise (food=16, dug=7) feet=air support=air step=air head=air
F13 [F13] water: rescue timeout (still wet, 161 passes, 0 probes, tail dry/dry/wet) in 25.1s
F13 [F13] water: hazard memorized at [-124,60,387] (10 live, fleet-wide)
F13 [F13] water: drowning rescue start (drowning, oxygen 20)
F13 [F13] water: pass 0 head=wet shore=none land=n/a y=61.8 o2=20 probes=0 at=[-123,62,387]
F13 [F13] water: pass 18 head=dry shore=hit r=2 land=none y=62.4 o2=20 probes=0 at=[-123,62,387]
F17 [F17] climb bridge: placed cobblestone at [-107,62,366] (pit) - the step re-judges
F17 [F17] climb bridge: the server refused the support fill at [-107,63,366] - the rotate ladder owns it (held=cobblestone, 0.8b, ref=cobblestone, post=? (re-read failed))
F17 [F17] climb diag: level at y=63 blocked toward 0,-1 (dug=0)
F17 [F17] climb bridge: placed cobblestone at [-106,62,367] (pit) - the step re-judges
F17 [F17] climb bridge: placed cobblestone at [-106,63,367] (support) - the step re-judges
F13 [F13] water: pass 35 head=dry shore=hit r=2 land=none y=62.1 o2=20 probes=0 at=[-123,62,387]
F17 [F17] climb bridge: placed cobblestone at [-105,63,367] (pit) - the step re-judges
F17 [F17] climb bridge: placed cobblestone at [-105,64,367] (support) - the step re-judges
F17 [F17] climb diag: level at y=65 blocked toward 1,0 (dug=3)
F17 [F17] climb bridge: placed cobblestone at [-106,63,368] (pit) - the step re-judges
F17 [F17] climb bridge: placed cobblestone at [-106,64,368] (support) - the step re-judges
F5 final climb: the yard stands 37 levels up over 11b lateral - climbing toward the yard's level (the walk ladder cannot)
F13 [F13] water: pass 53 head=wet shore=none land=n/a y=61.5 o2=20 probes=0 at=[-123,61,387]
F13 [F13] water: pass 67 head=wet shore=none land=n/a y=61.7 o2=20 probes=0 at=[-123,62,387]
F14 [F14] climb wet escape: 2 blocks walked (budget, walked 1/4)
F14 [F14] climb wet escape: 1 blocks walked (budget, walked 2/4)
F13 [F13] water: pass 73 head=wet shore=none land=n/a y=61.1 o2=20 probes=0 at=[-123,61,387]
F14 [F14] climb wet escape: 1 blocks walked (budget, walked 3/4)
t-0s alive=19/19 mined=3178 map=1448p/22ch banked=113 smelted=0 pocket=3607u/323s | sand=59 gravel=98 dirt=478 stone=0
   deficits: 157926/59 (0.0%) 149380/98 (0.1%) 31860/0 (0.0%) 27420/0 (0.0%) 10725/225 (2.1%)
   F1=155[cobblestone:82 andesite:26 raw_iron:17] | F2=182[cobblestone:85 dirt:33 leaf_litter:19] | F3=253[cobblestone:127 dirt:38 gravel:27] | F4=209[cobblestone:109 dirt:25 torch:24] | F5=218[cobblestone:108 granite:35 torch:29] | F6=155[cobblestone:82 diorite:45 dirt:21] | F7=215[cobblestone:78 dirt:48 diorite:30] | F8=233[cobblestone:107 dirt:57 raw_copper:26] | F9=151[cobblestone:69 torch:23 coal:19] | F10=141[cobblestone:58 granite:23 dirt:20] | F11=154[cobblestone:54 granite:29 torch:24] | F12=140[raw_iron:7 oak_log:5 stick:3] | F13=162[dirt:50 raw_copper:40 cobblestone:39] | F14=189[cobblestone:85 dirt:33 andesite:26] | F15=131[cobblestone:34 torch:23 coal:21] | F16=162[cobblestone:45 andesite:37 dirt:23] | F17=94[torch:24 cobblestone:21 coal:17] | F18=168[cobblestone:84 dirt:36 raw_copper:34] | F19=66[cobblestone:18 dirt:14 oak_planks:7]
   mem: heap=138M/179M old=-1M ext=175M ab=173M rss=470M cols=0 ents=0 evicted=0 path=1a/0q (max 6) stale=0
F14 [F14] climb wet escape: 1 blocks walked (budget, walked 4/4)
F13 [F13] water: pass 80 head=wet shore=none land=n/a y=61.2 o2=20 probes=0 at=[-123,61,387]
F14 [F14] climb wet escape: 1 blocks walked (budget, walked 5/4)
F15 [F15] climb diag: level at y=52 blocked toward 0,-1 (dug=0, wet) at [0,1,0] water (stop)
F17 final climb: OK +7 levels (7 steps, 7 dug, 11s)
F17 bank: holding 46s of 184s for the smelt leg
F5 [F5] climb wet escape: 6 blocks walked (budget, walked 1/4)
F14 [F14] climb wet escape: 1 blocks walked (budget, walked 6/4)
F13 [F13] water: pass 87 head=dry shore=hit r=2 land=none y=62.2 o2=20 probes=0 at=[-123,62,387]
F14 [F14] climb wet escape: 1 blocks walked (budget, walked 7/4)
F8 final climb: OK +2 levels (1 steps, 0 dug, 1s)
F8 bank: holding 45s of 166s for the smelt leg
F14 [F14] climb wet escape: 1 blocks walked (budget, walked 8/4)
F13 [F13] water: pass 93 head=dry shore=hit r=2 land=none y=62.9 o2=20 probes=0 at=[-123,63,387]
F14 [F14] climb wet escape: 1 blocks walked (budget, walked 9/4)
[hb] n=34 ts=681s rss=470M late=160ms mainLate=663ms
F14 [F14] climb wet escape: 1 blocks walked (budget, walked 10/4)
F14 [F14] climb wet escape: 1 blocks walked (budget, walked 11/4)
F13 [F13] water: pass 100 head=wet shore=none land=n/a y=61.9 o2=20 probes=0 at=[-123,62,387]
F14 [F14] climb wet escape: 1 blocks walked (budget, walked 12/4)
F14 [F14] climb wet escape: 1 blocks walked (budget, walked 13/4)
F14 [F14] climb wet escape: 1 blocks walked (budget, walked 14/4)
F14 [F14] climb wet escape: 1 blocks walked (budget, walked 15/4)
F15 [F15] climb diag: level at y=52 blocked toward 1,0 (dug=0, wet) at [0,1,0] water (stop)
F8 [F8] raw hop failed: raw walk: no net progress for 8249ms (best d=16.9) - pathfinder retry
F14 [F14] climb wet escape: 1 blocks walked (budget, walked 16/4)
F12 [F12] climb bridge: placed dirt at [-161,62,400] (pit) - the step re-judges
F14 [F14] climb wet escape: 1 blocks walked (budget, walked 17/4)
F13 [F13] water: rescue timeout (still wet, 118 passes, 0 probes, tail dry/wet/wet) in 25.1s
F13 [F13] water: hazard memorized at [-124,61,387] (9 live, fleet-wide)
F13 [F13] water: repeat wet page at the same cell (o2 20) - standing down, the walk machinery owns the exit
F1 [F1] approach: 10 segment(s) walked in 91.0s, goal now d=43.5 (still outside - a segment stalled (no position delta))
F12 [F12] climb bridge: placed dirt at [-161,63,400] (support) - the step re-judges
F16 [F16] climb bridge: unavailable (no solid floor underfoot)
F16 [F16] climb diag: level at y=64 blocked toward 0,-1 (dug=0)
F16 [F16] climb bridge: unavailable (no solid floor underfoot)
F16 [F16] climb diag: level at y=64 blocked toward 1,0 (dug=0)
F1 [F1] hop: chest at [-122,80,389] d=44 zero: chest unreachable (No path to the goal!)
F1 [F1] chest skip (vertical doom: the yard stands 32 levels up over 31b lateral - the walk ladder cannot climb)
F1 [F1] chest skip (vertical doom: the yard stands 32 levels up over 31b lateral - the walk ladder cannot climb)
F1 [F1] chest skip (no path cached 1s ago at [-123,80,389])
F1 [F1] chest skip (no path cached 1s ago at [-124,80,389])
F16 [F16] climb bridge: unavailable (no solid floor underfoot)
F16 [F16] climb diag: level at y=64 blocked toward 0,1 (dug=0)
F14 [F14] climb wet escape: 1 blocks walked (budget, walked 18/4)
F12 [F12] climb diag: level at y=65 blocked toward -1,0 (dug=0)
t-0s alive=19/19 mined=3251 map=1448p/22ch banked=113 smelted=0 pocket=3680u/322s | sand=59 gravel=98 dirt=485 stone=0
   deficits: 157926/59 (0.0%) 149380/98 (0.1%) 31860/0 (0.0%) 27420/0 (0.0%) 10725/245 (2.3%)
   F1=155[cobblestone:82 andesite:26 raw_iron:17] | F2=182[cobblestone:85 dirt:33 leaf_litter:19] | F3=271[cobblestone:137 dirt:47 gravel:27] | F4=228[cobblestone:128 dirt:25 torch:24] | F5=237[cobblestone:109 granite:41 torch:29] | F6=155[cobblestone:82 diorite:45 dirt:21] | F7=215[cobblestone:78 dirt:48 diorite:30] | F8=233[cobblestone:107 dirt:57 raw_copper:26] | F9=167[cobblestone:79 torch:23 coal:19] | F10=141[cobblestone:58 granite:23 dirt:20] | F11=154[cobblestone:54 granite:29 torch:24] | F12=140[raw_iron:7 oak_log:5 stick:3] | F13=162[dirt:50 raw_copper:40 cobblestone:39] | F14=189[cobblestone:85 dirt:33 andesite:26] | F15=131[cobblestone:34 torch:23 coal:21] | F16=162[cobblestone:45 andesite:37 dirt:23] | F17=95[torch:24 cobblestone:21 coal:17] | F18=168[cobblestone:84 dirt:36 raw_copper:34] | F19=66[cobblestone:18 dirt:14 oak_planks:7]
   mem: heap=148M/180M old=-1M ext=176M ab=174M rss=468M cols=0 ents=0 evicted=0 path=1a/0q (max 6) stale=0
F12 [F12] climb diag: level at y=64 blocked toward 0,-1 (dug=0)
F16 final climb: OK +2 levels (1 steps, 0 dug, 2s)
F16 bank: smelt hold skipped - no fuel in pocket (coal 3)
F18 final climb: the yard stands 21 levels up over 11b lateral - climbing toward the yard's level (the walk ladder cannot)
F17 [F17] approach: 1 segment(s) walked in 15.1s, goal now d=16.5 (inside the direct envelope)
F18 [F18] climb bridge: placed cobblestone at [-138,59,396] (support) - the step re-judges
F8 [F8] hop: chest at [-143,80,405] d=17 zero: chest unreachable (No path to the goal!)
F8 [F8] chest skip (no path cached 0s ago at [-143,80,407])
F8 [F8] chest skip (no path cached 0s ago at [-143,80,409])
F12 [F12] climb diag: level at y=63 blocked toward 1,0 (dug=1)
F19 [F19] climb bridge: placed cobblestone at [-121,64,389] (support) - the step re-judges
F19 [F19] climb diag: level at y=66 blocked toward 1,0 (dug=0)
F19 [F19] climb diag: level at y=65 blocked toward 0,1 (dug=0)
F19 [F19] climb diag: level at y=66 blocked toward -1,0 (dug=0)
F5 [F5] water: drowning rescue start (drowning, oxygen 12)
F5 [F5] water: pass 0 head=wet shore=none land=n/a y=49.0 o2=12 probes=0 at=[-127,49,413]
F13 [F13] water: drowning rescue start (drowning, oxygen 10)
F13 [F13] water: pass 0 head=wet shore=none land=n/a y=59.0 o2=10 probes=0 at=[-123,59,387]
F15 [F15] climb diag: level at y=52 blocked toward 0,1 (dug=0, wet) at [0,1,0] water (stop)
F5 [F5] water: deep-pocket ascend - dug the ceiling granite at [-128,52,413] (jump stalled 4+ passes, o2 17)
F5 [F5] water: pass 8 head=wet shore=none land=n/a y=50.2 o2=19 probes=0 at=[-127,50,414]
F13 final climb: no retry (no retry for 'rescue owns the bot')
F13 final climb: failed - rescue owns the bot
F13 final bank: 0 (still underground after 1 climb attempt - the chain from the shaft bottom is doomed walks)
F14 [F14] climb wet escape: 4 blocks walked (stalled, walked 19/4)
F14 [F14] climb diag: level at y=46 blocked toward 0,-1 (dug=18, wet) at [0,2,0] water (stop)
F13 [F13] water: pass 8 head=dry shore=hit r=2 land=none y=62.7 o2=13 probes=0 at=[-123,63,387]
F5 [F5] water: frozen physics (10 flat passes at y=50.2, o2=20, head WET) - standing down, the reconnect lane owns this
F5 [F5] water: rescue standing down (frozen physics - the walk gate reopens, the reconnect lane owns a dead client) in 3.1s
F5 [F5] water: frozen client relog (#1 consecutive) (frozen while head-wet (1 verdict) - the drowning clock owns this client) - ending the session, the reconnect lane rebuilds the physics; the drowning sentry holds non-critical pages 10s (the frozen-return gate)
F5 [F5] water: hazard memorized at [-128,50,413] (7 live, fleet-wide)
F16 [F16] raw hop failed: raw walk: no net progress for 8235ms (best d=14.7) - pathfinder retry
F3 [F3] climb: walkable surface at y=65 (+22 levels, dug=58) - the walk takes over (blocked step)
F3 final climb: OK +22 levels (23 steps, 58 dug, undefineds)
F3 bank: smelt hold skipped - no fuel in pocket (coal 1)
F13 [F13] water: pass 14 head=wet shore=none land=n/a y=61.7 o2=20 probes=0 at=[-123,62,387]
[hb] n=35 ts=701s rss=471M late=165ms mainLate=98ms
F2 [F2] climb bridge: placed cobblestone at [-114,66,412] (support) - the step re-judges
F8 [F8] raw hop failed: raw walk: no net progress for 8152ms (best d=11.9) - pathfinder retry
F17 [F17] raw hop failed: raw walk: no net progress for 8149ms (best d=16.0) - pathfinder retry
F4 [F4] climb bridge: placed cobblestone at [-119,65,400] (support) - the step re-judges
F2 final climb: OK +2 levels (1 steps, 2 dug, 3s)
F2 bank: holding 45s of 154s for the smelt leg
F13 [F13] water: pass 17 head=wet shore=none land=n/a y=60.9 o2=20 probes=0 at=[-123,61,387]
F4 [F4] climb diag: level at y=67 blocked toward 0,-1 (dug=62)
F4 [F4] climb diag: level at y=66 blocked toward 1,0 (dug=62)
F13 [F13] water: pass 20 head=wet shore=none land=n/a y=61.5 o2=20 probes=0 at=[-123,62,387]
F18 [F18] climb diag: level at y=65 blocked toward 1,0 (dug=6)
F4 [F4] climb diag: level at y=67 blocked toward 0,1 (dug=62)
F14 [F14] climb wet escape: 2 blocks walked (low-o2, walked 20/4)
F14 [F14] climb wet escape: oxygen 6 at the floor - the escape yields, the rescue lane owns the air
F14 final climb: no retry (no retry for 'low-o2')
F14 final climb: failed - low-o2
F14 final bank: 0 (still underground after 1 climb attempt - the chain from the shaft bottom is doomed walks)
t-0s alive=19/19 mined=3306 map=1448p/22ch banked=113 smelted=0 pocket=3732u/323s | sand=69 gravel=98 dirt=505 stone=0
   deficits: 157926/69 (0.0%) 149380/98 (0.1%) 31860/0 (0.0%) 27420/0 (0.0%) 10725/247 (2.3%)
   F1=155[cobblestone:82 andesite:26 raw_iron:17] | F2=184[cobblestone:84 dirt:33 leaf_litter:19] | F3=274[cobblestone:136 dirt:51 gravel:27] | F4=242[cobblestone:129 dirt:37 torch:24] | F5=237[cobblestone:109 granite:41 torch:29] | F6=155[cobblestone:82 diorite:45 dirt:21] | F7=215[cobblestone:78 dirt:48 diorite:30] | F8=233[cobblestone:107 dirt:58 raw_copper:26] | F9=180[cobblestone:91 torch:23 coal:19] | F10=141[cobblestone:58 granite:23 dirt:20] | F11=154[cobblestone:54 granite:29 torch:24] | F12=146[raw_iron:7 sand:6 oak_log:5] | F13=162[dirt:50 raw_copper:40 cobblestone:39] | F14=198[cobblestone:91 dirt:33 andesite:28] | F15=131[cobblestone:34 torch:23 coal:21] | F16=162[cobblestone:45 andesite:37 dirt:23] | F17=95[torch:24 cobblestone:21 coal:17] | F18=174[cobblestone:83 dirt:36 raw_copper:34] | F19=68[cobblestone:15 dirt:14 oak_planks:7]
   mem: heap=145M/182M old=-1M ext=177M ab=175M rss=468M cols=0 ents=0 evicted=0 path=2a/0q (max 6) stale=0
F14 [F14] water: drowning rescue start (drowning, oxygen 6)
F14 [F14] water: pass 0 head=wet shore=none land=n/a y=43.8 o2=6 probes=0 at=[-122,44,396]
F13 [F13] water: pass 23 head=dry shore=hit r=1 land=none y=63.5 o2=20 probes=0 at=[-123,63,387]
F18 [F18] climb bridge: placed cobblestone at [-132,64,397] (support) - the step re-judges
F5 [F5] climb diag: level at y=49 blocked toward 0,-1 (dug=28) dig failed at [-128,51,412] granite (held=stone_pickaxe, airborne, post=water STILL THERE (server never broke it))
F14 [F14] water: pass 4 head=wet shore=none land=n/a y=46.8 o2=3 probes=0 at=[-121,47,396]
F17 [F17] raw hop failed: raw walk: no net progress for 8127ms (best d=16.0) - pathfinder retry
F14 [F14] water: transit toward known land (birch_log) at [-115,392] d=7
F13 [F13] water: pass 26 head=dry shore=hit r=2 land=none y=62.2 o2=20 probes=0 at=[-123,62,387]
F2 [F2] raw hop failed: raw walk: no net progress for 8220ms (best d=12.0) - pathfinder retry
F15 final climb: retry (escalated retry after stalled, 96s fence)
F13 [F13] water: pass 28 head=wet shore=none land=n/a y=61.0 o2=20 probes=0 at=[-123,61,387]
F18 [F18] climb bridge: placed cobblestone at [-132,64,398] (pit) - the step re-judges
F14 [F14] water: transit toward known land (birch_log) at [-115,392] d=7
F14 [F14] water: pass 6 head=dry shore=none land=birch_log d=7 y=48.5 o2=20 probes=0 at=[-121,48,395]
F16 [F16] hop: chest at [-123,80,415] d=15 zero: chest unreachable (Took to long to decide path to goal!)
F3 [F3] approach: 1 segment(s) walked in 13.3s, goal now d=19.0 (inside the direct envelope)
F8 [F8] hop: chest at [-143,80,411] d=12 zero: chest unreachable (Took to long to decide path to goal!)
F8 [F8] chest skip (no path cached 0s ago at [-143,80,413])
F8 [F8] chest skip (no path cached 0s ago at [-143,80,415])
F11 final climb: the yard stands 24 levels up over 3b lateral - climbing toward the yard's level (the walk ladder cannot)
F18 [F18] climb bridge: placed cobblestone at [-132,65,398] (support) - the step re-judges
F11 [F11] climb bridge: unavailable (no solid floor underfoot)
F11 [F11] climb diag: level at y=58 blocked toward 0,1 (dug=0)
F13 [F13] water: pass 32 head=wet shore=none land=n/a y=61.7 o2=20 probes=0 at=[-123,62,387]
F14 [F14] water: rescue complete in 8.8s
F14 [F14] water: hazard memorized at [-122,46,395] (8 live, fleet-wide)
F3 [F3] raw hop failed: raw walk stalled after 2091ms (d=19.0) - pathfinder retry
F11 [F11] climb bridge: placed cobblestone at [-125,57,406] (support) - the step re-judges
F13 [F13] water: pass 36 head=wet shore=none land=n/a y=61.3 o2=19 probes=0 at=[-123,61,387]
F2 [F2] hop: chest at [-113,80,411] d=12 zero: chest unreachable (No path to the goal!)
F2 [F2] chest skip (no path cached 0s ago at [-113,80,409])
F2 [F2] chest skip (no path cached 0s ago at [-113,80,413])
F2 [F2] chest skip (no path cached 0s ago at [-113,80,407])
F2 [F2] chest skip (no path cached 0s ago at [-113,80,415])
F1 [F1] approach: the stall side-step (right) stalled too
F1 [F1] approach: 2 segment(s) walked in 27.8s, goal now d=45.9 (still outside - a segment stalled (no position delta))
F18 [F18] climb rise assist: repositioned to -134,64,401 - the loop re-judges
F5 [F5] climb diag: level at y=50 blocked toward 1,0 (dug=28, wet) at [0,1,0] water (stop)
F1 [F1] hop: chest at [-108,80,407] d=46 zero: chest unreachable (No path to the goal!)
F1 [F1] hop: chest at [-103,80,409] d=46 zero: chest unreachable (No path to the goal!)
F1 bank: chest unreachable (No path to the goal!) (49 blocks from yard) - walking back
F1 yard approach: skipped (the clock cannot afford a segment + the walk floor)
[hb] n=36 ts=721s rss=469M late=171ms mainLate=1062ms
F1 bank walk path event: path_stop (explicit)
F1 bank: yard walk attempt 1 failed: NoPath: No path to the goal!
F1 bank: yard walk failed (No path to the goal!) - smelting locally if a furnace is near
F1 camp furnace: place-table (table item held - place it first)
F18 [F18] climb bridge: placed cobblestone at [-134,64,402] (support) - the step re-judges
t-0s alive=19/19 mined=3326 map=1448p/22ch banked=113 smelted=0 pocket=3734u/323s | sand=69 gravel=98 dirt=506 stone=0
   deficits: 157926/69 (0.0%) 149380/98 (0.1%) 31860/0 (0.0%) 27420/0 (0.0%) 10725/247 (2.3%)
   F1=155[cobblestone:82 andesite:26 raw_iron:17] | F2=184[cobblestone:84 dirt:33 leaf_litter:19] | F3=274[cobblestone:136 dirt:51 gravel:27] | F4=242[cobblestone:129 dirt:37 torch:24] | F5=237[cobblestone:109 granite:41 torch:29] | F6=155[cobblestone:82 diorite:45 dirt:21] | F7=215[cobblestone:78 dirt:48 diorite:30] | F8=233[cobblestone:107 dirt:58 raw_copper:26] | F9=190[cobblestone:94 dirt:23 torch:23] | F10=141[cobblestone:58 granite:23 dirt:20] | F11=158[cobblestone:54 granite:29 torch:24] | F12=146[raw_iron:7 sand:6 oak_log:5] | F13=162[dirt:50 raw_copper:40 cobblestone:39] | F14=198[cobblestone:92 dirt:33 andesite:28] | F15=131[cobblestone:34 torch:23 coal:21] | F16=162[cobblestone:45 andesite:37 dirt:23] | F17=95[torch:24 cobblestone:21 coal:17] | F18=179[cobblestone:79 dirt:36 raw_copper:34] | F19=69[cobblestone:15 dirt:14 oak_planks:7]
   mem: heap=161M/186M old=-1M ext=178M ab=176M rss=469M cols=0 ents=0 evicted=0 path=2a/0q (max 6) stale=0
F8 [F8] combat: shelter skip (night=true armed=true hp=20 attackers=1 poison=off threat=creeper@4.4)
F8 [F8] combat: fleeing creeper (dist 4.4, hp 20.0, 1 nearby, proximity)
F8 [F8] combat: flee bearing rotated 90deg (water/hazard vetoes the away target) vs creeper (proximity)
F11 [F11] climb bridge: placed cobblestone at [-126,57,406] (pit) - the step re-judges
F13 [F13] water: rescue timeout (still wet, 43 passes, 0 probes, tail wet/dry/dry) in 25.5s
F13 [F13] water: hazard memorized at [-124,62,387] (8 live, fleet-wide)
F15 [F15] climb diag: level at y=52 blocked toward 1,0 (dug=0, wet) at [0,1,0] water (stop)
F8 [F8] raw hop failed: raw walk: no net progress for 8033ms (best d=11.7) - pathfinder retry
F8 [F8] combat: flee bearing rotated 90deg (water/hazard vetoes the away target) vs creeper (proximity)
F11 [F11] climb bridge: placed cobblestone at [-126,58,406] (support) - the step re-judges
F8 [F8] hop: chest at [-138,80,407] d=13 zero: chest unreachable (The goal was changed before it could be completed!)
F8 [F8] combat: flee bearing rotated 90deg (water/hazard vetoes the away target) vs creeper (proximity)
F8 [F8] died - respawning (cause: server: was blown up by Creeper [kind=explosion by Creeper] | inferred: fall/env (0s before death at [-138,64,408]) [the inference is blind to this kind - the hint is noise by construction (the server kind stays the authority)])
F8 [F8] death drop: ~282u lost at [-138,64,408] (cobblestone 59, dirt 58, cobblestone 48, raw_copper 26, torch 24, +10 more)
F8 [F8] water: death spot memorized as a hazard at [-138,64,408] (9 live, fleet-wide)
F16 [F16] raw hop failed: raw walk: no net progress for 8382ms (best d=5.8) - pathfinder retry
F2 [F2] raw hop failed: raw walk: no net progress for 8418ms (best d=12.0) - pathfinder retry
F18 [F18] climb diag: level at y=66 did not rise (food=20, dug=13) feet=air support=oak_leaves step=air head=air
F17 [F17] direct deposit: 27 chest slots derived from the 63-slot view
F17 [F17] fuel tithe: banked 11 x coal (pocket keeps 6)
F17 [F17] banked 19 items at (-122, 80, 389) (direct=2 fallback=0 mirror=true kept: oak_log, oak_planks, stick, torch)
F17 camp furnace: 2 near machine(s) beyond the 24b direct envelope (nearest d=4.6) - 11 inside the envelope keep the veto
F17 camp furnace: no build (machine near)
F18 [F18] climb diag: level at y=65 blocked toward -1,0 (dug=14)
F13 [F13] water: drowning rescue start (drowning, oxygen 12)
F13 [F13] water: pass 0 head=wet shore=none land=n/a y=59.0 o2=12 probes=0 at=[-123,59,387]
F8 [F8] raw hop failed: raw walk: no net progress for 9093ms (best d=16.0) - pathfinder retry
F12 [F12] combat: fighting zombie_villager (dist 2.0, hp 13.0, 2 nearby, sentry)
F5 [F5] climb diag: level at y=50 blocked toward -1,0 (dug=28, wet) at [0,1,0] water (stop)
F13 [F13] water: pass 2 head=wet shore=none land=n/a y=60.3 o2=8 probes=0 at=[-123,60,387]
F3 [F3] hop: chest at [-113,80,415] d=31 zero: chest unreachable (Took to long to decide path to goal!)
F3 [F3] chest skip (no path cached 0s ago at [-113,80,413])
F3 [F3] chest skip (no path cached 0s ago at [-113,80,411])
F16 [F16] hop: chest at [-118,80,415] d=8 zero: chest unreachable (Took to long to decide path to goal!)
F16 [F16] chest skip (no path cached 0s ago at [-118,80,413])
F16 [F16] chest skip (no path cached 0s ago at [-118,80,411])
F16 [F16] chest skip (no path cached 1s ago at [-113,80,415])
F12 [F12] combat: verdict flipped to flee vs zombie (hp 4.0)
F12 [F12] combat: shelter try vs zombie (dist 1.2, sentry re-verdict)
F12 [F12] combat: shelter skip (open field: no diggable wall, zombie@1.2)
F12 [F12] combat: shelter ring try vs zombie (dist 1.2, -z-x+x+z first, full ring, sentry re-verdict)
F10 [F10] climb bridge: placed cobblestone at [-136,64,418] (support) - the step re-judges
F13 [F13] water: pass 5 head=dry shore=hit r=1 land=none y=63.5 o2=11 probes=0 at=[-123,64,387]
F15 [F15] climb diag: level at y=52 blocked toward 0,1 (dug=0, wet) at [0,1,0] water (stop)
F12 [F12] died - respawning (cause: server: was slain by Zombie Villager [kind=mob by Zombie] | inferred: zombie_villager@1.2 (0s before death at [-157,62,400]) [the inference CONTRADICTS the server verdict - the nearest harm was not the killer (the server kind stays the authority)])
F12 [F12] death drop: ~38u lost at [-157,62,400] (raw_iron 7, sand 6, leaf_litter 5, oak_log 5, dirt 3, +9 more)
F12 [F12] water: death spot memorized as a hazard at [-157,62,400] (9 live, fleet-wide)
F1 camp furnace: BUILT (furnace at -93,48,377) in 15s
[F1] furnace within reach - opening without a walk
t-0s alive=19/19 mined=3345 map=1448p/22ch banked=113 smelted=0 pocket=3393u/293s | sand=63 gravel=98 dirt=453 stone=0
   deficits: 157926/63 (0.0%) 149380/98 (0.1%) 31860/0 (0.0%) 27420/0 (0.0%) 10725/224 (2.1%)
   F1=155[cobblestone:74 andesite:26 raw_iron:17] | F2=184[cobblestone:84 dirt:33 leaf_litter:19] | F3=274[cobblestone:136 dirt:51 gravel:27] | F4=242[cobblestone:129 dirt:37 torch:24] | F5=237[cobblestone:109 granite:41 torch:29] | F6=155[cobblestone:82 diorite:45 dirt:21] | F7=215[cobblestone:78 dirt:48 diorite:30] | F8=233[empty] | F9=196[cobblestone:100 dirt:23 torch:23] | F10=141[cobblestone:57 granite:23 dirt:20] | F11=166[cobblestone:53 granite:29 torch:24] | F12=146[empty] | F13=162[dirt:50 raw_copper:40 cobblestone:39] | F14=198[cobblestone:92 dirt:33 andesite:28] | F15=131[cobblestone:34 torch:23 coal:21] | F16=162[cobblestone:45 andesite:37 dirt:23] | F17=95[torch:24 cobblestone:15 sand:9] | F18=183[cobblestone:77 dirt:36 raw_copper:34] | F19=70[dirt:18 cobblestone:13 oak_planks:7]
   mem: heap=150M/185M old=-1M ext=186M ab=184M rss=477M cols=0 ents=0 evicted=0 path=3a/0q (max 6) stale=0
[F1] fuel clips the batch: 3 x stick completes 1 of 17 x raw_iron (the rest re-smelts on the next chain)
F13 [F13] water: pass 7 head=wet shore=none land=n/a y=61.5 o2=19 probes=0 at=[-123,61,387]
[F1] furnace slots after put: input=raw_iron fuel=stick
[F1] smelting 1 x raw_iron in a furnace (fuel: 3 x stick)
F1 fuel anchor scan returned empty (attempt 1/2) at [-93,48,377] yard d=49 - the palette empty-return class, re-querying
F1 fuel anchor scan returned empty (attempt 2/2) at [-93,48,377] yard d=49
F1 fuel anchor scan empty x2 - the singular probe found nothing either
F1 fuel commons: the anchor scan saw 0 chest(s), 0 usable after the empty memory - no anchor
F1 fuel commons: no yard chest in range
F1 fuel anchor scan returned empty (attempt 1/2) at [-93,48,377] yard d=49 - the palette empty-return class, re-querying
F1 fuel anchor scan returned empty (attempt 2/2) at [-93,48,377] yard d=49
F1 fuel anchor scan empty x2 - the singular probe found nothing either
F1 fuel commons: the anchor scan saw 0 chest(s), 0 usable after the empty memory - no anchor
F1 fuel commons: no yard chest in range
F1 smelted 0 () rescued=0 fired=1
F1 sweep: 0 collected - busy x1
F1 [F1] chest skip (vertical doom: the yard stands 32 levels up over 29b lateral - the walk ladder cannot climb)
F1 [F1] chest skip (vertical doom: the yard stands 32 levels up over 31b lateral - the walk ladder cannot climb)
F1 [F1] chest skip (vertical doom: the yard stands 32 levels up over 31b lateral - the walk ladder cannot climb)
F1 [F1] chest skip (vertical doom: the yard stands 32 levels up over 31b lateral - the walk ladder cannot climb)
F1 [F1] chest skip (vertical doom: the yard stands 32 levels up over 32b lateral - the walk ladder cannot climb)
F13 [F13] water: pass 8 head=dry shore=hit r=2 land=none y=62.8 o2=20 probes=0 at=[-123,63,387]
[F17] fuel clips the batch: 4 x stick completes 2 of 10 x cobblestone (the rest re-smelts on the next chain)
[F17] the clock clips the batch: the 78s window completes ~7 of 10 x cobblestone (the rest re-smelts on the next chain)
F10 [F10] climb: walkable surface at y=64 (+0 levels, dug=2) - the walk takes over (blocked step)
F10 final climb: OK +0 levels (1 steps, 2 dug, undefineds)
F10 bank: smelt hold skipped - no fuel in pocket (coal 0)
[F17] furnace slots after put: input=cobblestone fuel=stick
[F17] smelting 2 x cobblestone in a furnace (fuel: 4 x stick)
[hb] n=37 ts=741s rss=477M late=175ms mainLate=900ms
F8 [F8] direct deposit: 27 chest slots derived from the 63-slot view
F8 [F8] hop: chest at [-138,80,409] d=16 zero: nothing to deposit
F8 bank fallback: none (nothing to deposit)
F8 camp furnace: no build (machine near)
F8 smelt: 0 (nothing to smelt)
F13 [F13] water: pass 12 head=wet shore=none land=n/a y=60.9 o2=20 probes=0 at=[-123,61,387]
F16 [F16] raw hop failed: raw walk: no net progress for 8164ms (best d=8.8) - pathfinder retry
F10 [F10] raw hop failed: raw walk stalled after 2014ms (d=16.0) - pathfinder retry
F13 [F13] water: pass 17 head=wet shore=none land=n/a y=61.6 o2=20 probes=0 at=[-123,62,387]
F12 [F12] combat: shelter skip (open field: ring incomplete 3/8)
F10 [F10] combat: shelter try vs zombie_villager (dist 3.2, proximity pre-fight)
F10 [F10] combat: shelter skip (open field: no diggable wall, zombie_villager@3.2)
F10 [F10] combat: shelter ring try vs zombie_villager (dist 3.2, +x+z-z-x first, full ring, proximity pre-fight)
F18 final climb: retry (escalated retry after stalled, 85s fence)
F11 [F11] climb rise assist: assist did not complete (goto: climb rise assist: timeout after 4500ms)
F5 final climb: retry (escalated retry after stalled, 69s fence)
F15 [F15] climb diag: level at y=52 blocked toward -1,0 (dug=0, wet) at [0,1,0] water (stop)
F13 [F13] water: pass 20 head=wet shore=none land=n/a y=61.1 o2=20 probes=0 at=[-123,61,387]
F3 [F3] raw hop failed: raw walk timeout after 15115ms (d=7.5) - pathfinder retry
F18 [F18] climb bridge: unavailable (no solid floor underfoot)
F18 [F18] climb diag: level at y=71 blocked toward 1,0 (dug=1)
F10 [F10] hop: chest at [-138,80,415] d=16 zero: chest unreachable (Took to long to decide path to goal!)
F10 [F10] chest skip (no path cached 0s ago at [-138,80,413])
F10 [F10] chest skip (no path cached 0s ago at [-138,80,411])
F11 [F11] climb diag: level at y=61 did not rise (food=15, dug=13) feet=air support=dirt step=air head=air
F18 [F18] climb bridge: the server refused the support fill at [-131,71,396] - the rotate ladder owns it (held=cobblestone, 0.9b, ref=birch_leaves, post=? (re-read failed))
F18 [F18] climb diag: level at y=71 blocked toward 0,1 (dug=1)
F4 final climb: retry (escalated retry after timeout (fenced at 90s - the chain keeps its reserve), 64s fence)
F4 [F4] climb bridge: unavailable (no solid floor underfoot)
F4 [F4] climb diag: level at y=67 blocked toward 0,-1 (dug=0)
F4 [F4] climb bridge: unavailable (no solid floor underfoot)
F4 [F4] climb diag: level at y=66 blocked toward 1,0 (dug=0)
F13 [F13] water: pass 25 head=wet shore=none land=n/a y=61.7 o2=20 probes=0 at=[-123,62,387]
F9 final climb: retry (escalated retry after timeout (fenced at 90s - the chain keeps its reserve), 64s fence)
F11 [F11] climb bridge: placed cobblestone at [-129,57,405] (support) - the step re-judges
F4 [F4] climb bridge: placed cobblestone at [-119,64,402] (pit) - the step re-judges
[F17] took 1 x stone (1/2)
F18 [F18] climb bridge: placed cobblestone at [-132,70,395] (pit) - the step re-judges
F4 [F4] climb bridge: the server refused the support fill at [-119,65,402] - the rotate ladder owns it (held=cobblestone, 1.0b, ref=cobblestone, post=? (re-read failed))
F4 [F4] climb diag: level at y=65 blocked toward 0,1 (dug=0)
F2 [F2] raw hop failed: raw walk: no net progress for 8527ms (best d=11.8) - pathfinder retry
F18 [F18] climb bridge: the server refused the support fill at [-132,71,395] - the rotate ladder owns it (held=cobblestone, 1.0b, ref=cobblestone, post=? (re-read failed))
F18 [F18] climb diag: level at y=71 blocked toward -1,0 (dug=1)
F10 [F10] combat: shelter skip (open field: ring incomplete 6/8)
F10 [F10] combat: fighting zombie_villager (dist 3.2, hp 5.3, 2 nearby, proximity)
F10 [F10] combat: verdict flipped to flee vs zombie_villager (hp 5.3)
F10 [F10] combat: shelter try vs zombie_villager (dist 1.3, proximity re-verdict)
F10 [F10] combat: shelter skip (open field: no diggable wall, zombie_villager@1.3)
F10 [F10] combat: shelter ring try vs zombie_villager (dist 1.3, -x-z+z+x first, full ring, proximity re-verdict)
F13 [F13] water: pass 29 head=dry shore=hit r=1 land=none y=63.4 o2=20 probes=0 at=[-123,63,387]
t-0s alive=19/19 mined=3366 map=1448p/22ch banked=113 smelted=0 pocket=3404u/296s | sand=63 gravel=98 dirt=459 stone=0
   deficits: 157926/63 (0.0%) 149380/98 (0.1%) 31860/0 (0.0%) 27420/0 (0.0%) 10725/224 (2.1%)
   F1=155[cobblestone:74 andesite:26 raw_iron:16] | F2=184[cobblestone:84 dirt:33 leaf_litter:19] | F3=274[cobblestone:136 dirt:51 gravel:27] | F4=242[cobblestone:128 dirt:37 torch:24] | F5=237[cobblestone:109 granite:41 torch:29] | F6=155[cobblestone:82 diorite:45 dirt:21] | F7=215[cobblestone:78 dirt:48 diorite:30] | F8=233[leaf_litter:2 wooden_sword:1] | F9=208[cobblestone:104 dirt:30 torch:23] | F10=143[cobblestone:57 granite:23 andesite:19] | F11=170[cobblestone:55 granite:29 torch:24] | F12=146[empty] | F13=162[dirt:50 raw_copper:40 cobblestone:39] | F14=198[cobblestone:92 dirt:33 andesite:28] | F15=131[cobblestone:34 torch:23 coal:21] | F16=162[cobblestone:45 andesite:37 dirt:24] | F17=95[torch:24 cobblestone:14 sand:9] | F18=184[cobblestone:75 dirt:36 raw_copper:34] | F19=72[dirt:19 cobblestone:14 oak_planks:7]
   mem: heap=142M/186M old=-1M ext=180M ab=178M rss=475M cols=0 ents=0 evicted=0 path=3a/0q (max 6) stale=0
F4 final climb: failed - stalled
F4 final bank: 0 (still underground after 2 climb attempts - the chain from the shaft bottom is doomed walks)
F16 [F16] hop: chest at [-123,80,413] d=9 zero: chest unreachable (Took to long to decide path to goal!)
F16 [F16] chest skip (no path cached 0s ago at [-123,80,411])
F16 [F16] chest skip (no path cached 0s ago at [-123,80,409])
F16 bank: chest unreachable (Took to long to decide path to goal!) (14 blocks from yard) - walking back
F1 [F1] approach: the stall side-step (right) stalled too
F1 [F1] approach: 1 segment(s) walked in 13.5s, goal now d=45.5 (still outside - a segment stalled (no position delta))
F16 bank: yard walk arrived in 1s (1 attempt)
F16 camp furnace: 11 near machine(s) beyond the 24b direct envelope (nearest d=4.5) - 2 inside the envelope keep the veto
F16 camp furnace: no build (machine near)
F8 [F8] combat: fighting zombie_villager (dist 3.8, hp 20.0, 2 nearby, proximity)
F10 [F10] died - respawning (cause: server: was slain by Zombie [kind=mob by Zombie] | inferred: zombie_villager@0.6 (0s before death at [-143,64,414]) [the inference CONTRADICTS the server verdict - the nearest harm was not the killer (the server kind stays the authority)])
F10 [F10] death drop: ~140u lost at [-143,64,414] (cobblestone 57, granite 23, andesite 19, dirt 13, leaf_litter 11, +7 more)
F10 [F10] water: death spot memorized as a hazard at [-143,64,414] (9 live, fleet-wide)
F1 [F1] hop: chest at [-124,80,389] d=46 zero: chest unreachable (No path to the goal!)
F13 [F13] water: rescue timeout (still wet, 32 passes, 0 probes, tail dry/wet/wet) in 25.0s
F13 [F13] water: hazard memorized at [-124,61,387] (10 live, fleet-wide)
F9 [F9] combat: fighting skeleton (dist 6.6, hp 18.0, 2 nearby, proximity)
F5 [F5] climb diag: level at y=50 blocked toward 1,0 (dug=0, wet) at [0,1,0] water (stop)
F3 [F3] raw hop failed: raw walk: no net progress for 8477ms (best d=6.3) - pathfinder retry
F2 [F2] hop: chest at [-118,80,411] d=12 zero: chest unreachable (No path to the goal!)
F2 [F2] chest skip (no path cached 0s ago at [-118,80,413])
F2 [F2] chest skip (no path cached 0s ago at [-118,80,415])
F2 bank: chest unreachable (No path to the goal!) (17 blocks from yard) - walking back
F10 [F10] raw hop failed: raw walk: no net progress for 8624ms (best d=16.0) - pathfinder retry
F2 bank: yard walk arrived in 1s (1 attempt)
F2 camp furnace: 4 near machine(s) beyond the 24b direct envelope (nearest d=1.8) - 2 inside the envelope keep the veto
F2 camp furnace: no build (machine near)
[F2] furnace within reach - opening without a walk
F10 [F10] combat: shelter skip (open field: ring incomplete 1/8)
[hb] n=38 ts=761s rss=483M late=181ms mainLate=1665ms
F10 [F10] hop: chest at [-143,80,415] d=17 zero: chest unreachable (The goal was changed before it could be completed!)
F10 bank: chest unreachable (The goal was changed before it could be completed!) (8 blocks from yard) - walking back
[F2] rescued 1 x stone from an idle furnace
[F2] fuel clips the batch: 4 x stick completes 2 of 76 x cobblestone (the rest re-smelts on the next chain)
[F2] the clock clips the batch: the 64s window completes ~5 of 76 x cobblestone (the rest re-smelts on the next chain)
F10 bank walk path event: path_stop (explicit)
F10 bank walk path event: path_stop (explicit)
F10 bank: yard walk attempt 1 failed: GoalChanged: The goal was changed before it could be completed!
F10 bank: yard walk failed (The goal was changed before it could be completed!) - smelting locally if a furnace is near
F10 camp furnace: no build (machine near)
F10 smelt: 0 (nothing to smelt)
F4 [F4] combat: fighting zombie (dist 2.3, hp 10.3, 1 nearby, proximity)
F13 [F13] water: drowning rescue start (drowning, oxygen 13)
F13 [F13] water: pass 0 head=wet shore=none land=n/a y=59.0 o2=13 probes=0 at=[-123,59,387]
[F2] furnace slots after put: input=cobblestone fuel=stick
[F2] smelting 2 x cobblestone in a furnace (fuel: 4 x stick)
[F17] took 1 x stone (2/2)
[F17] furnace within reach - opening without a walk
F8 sweep: 0 collected - machine unreachable (Took to long to decide path to goal!) x4, machine unreachable (The goal was changed before it could be completed!) x2, machine unreachable (walk to a machine (sweep): timeout after 2098ms) x1
F8 fuel anchor scan returned empty (attempt 1/2) at [-134,64,402] yard d=22 - the palette empty-return class, re-querying
F8 fuel anchor scan returned empty (attempt 2/2) at [-134,64,402] yard d=22
F8 fuel anchor scan empty x2 - the singular probe rescued the scan (chest at [-133,80,405])
F3 [F3] hop: chest at [-118,80,415] d=10 zero: chest unreachable (No path to the goal!)
F3 [F3] chest skip (no path cached 0s ago at [-118,80,413])
F3 [F3] chest skip (no path cached 0s ago at [-118,80,411])
F3 [F3] chest skip (no path cached 10s ago at [-123,80,415])
F3 [F3] chest skip (no path cached 10s ago at [-123,80,413])
F3 bank: chest unreachable (No path to the goal!) (18 blocks from yard) - walking back
F9 [F9] combat: verdict flipped to flee vs skeleton (hp 4.0)
F9 [F9] combat: shelter try vs skeleton (dist 0.7, proximity re-verdict)
F4 [F4] combat: verdict flipped to flee vs zombie (hp 7.3)
F4 [F4] combat: shelter try vs zombie (dist 2.7, proximity re-verdict)
F4 [F4] combat: shelter skip (open field: no diggable wall, zombie@2.7)
F4 [F4] combat: shelter ring try vs zombie (dist 2.7, -x-z+z+x first, full ring, proximity re-verdict)
F3 bank: yard walk arrived in 1s (1 attempt)
F3 camp furnace: 3 near machine(s) beyond the 24b direct envelope (nearest d=1.9) - 2 inside the envelope keep the veto
F3 camp furnace: no build (machine near)
F3 fuel anchor scan returned empty (attempt 1/2) at [-118,73,416] yard d=18 - the palette empty-return class, re-querying
F3 fuel anchor scan returned empty (attempt 2/2) at [-118,73,416] yard d=18
F3 fuel anchor scan empty x2 - the singular probe rescued the scan (chest at [-118,80,415])
F3 fuel commons: the anchor chest is read first
F10 iron commune: chest holds 0 ingot(s) - nothing to complete here
F9 [F9] died - respawning (cause: server: was shot by Skeleton [kind=mob by Skeleton] | inferred: skeleton@1.0 (0s before death at [-92,66,406]) [the inference corroborates the server verdict])
F9 [F9] death drop: ~251u lost at [-92,66,406] (cobblestone 64, cobblestone 40, dirt 33, torch 23, andesite 19, +14 more)
F9 [F9] water: death spot memorized as a hazard at [-92,66,406] (10 live, fleet-wide)
F13 [F13] water: pass 3 head=wet shore=none land=n/a y=61.1 o2=8 probes=0 at=[-123,61,387]
F3 fuel commons: chest holds no fuel
F8 fuel anchor: path nudge approach: 1 segment(s) walked in 0.0s, goal now d=14.1 (inside the direct envelope)
F8 fuel anchor: path nudge inside the direct envelope
F10 iron commune: chest holds 0 ingot(s) - nothing to complete here
F3 fuel commons: path nudge approach: 1 segment(s) walked in 0.2s, goal now d=7.3 (inside the direct envelope)
F3 fuel commons: path nudge inside the direct envelope
F4 [F4] died - respawning (cause: server: was slain by Zombie [kind=mob by Zombie] | inferred: zombie@0.7 (0s before death at [-119,65,401]) [the inference corroborates the server verdict])
F4 [F4] death drop: ~292u lost at [-119,65,401] (cobblestone 64, cobblestone 62, dirt 37, torch 24, gravel 22, +16 more)
F4 [F4] water: death spot memorized as a hazard at [-119,65,401] (11 live, fleet-wide)
F3 fuel commons: the nudge retry landed
F8 [F8] combat: verdict flipped to flee vs zombie_villager (hp 6.3)
F8 [F8] combat: shelter try vs zombie_villager (dist 2.5, proximity re-verdict)
F8 [F8] combat: shelter skip (open field: no diggable wall, zombie_villager@2.5)
F8 [F8] combat: shelter skip (open field: ring not buildable [-B -o -B Bo] vs zombie_villager@2.5)
F8 [F8] combat: flee bearing rotated 270deg (water/hazard vetoes the away target) vs zombie_villager (proximity re-verdict)
F9 [F9] combat: shelter skip (1,0: step-in incomplete)
F13 [F13] water: pass 6 head=wet shore=none land=n/a y=61.0 o2=19 probes=0 at=[-123,61,387]
F8 fuel anchor: 0 delivered (walk failed (The goal was changed before it could be completed!)) - the legacy scatter carries the tithe
F8 [F8] chest skip (doomed goal cached 2s ago at [-133,80,405])
F10 iron commune: chest holds 0 ingot(s) - nothing to complete here
F8 [F8] combat: flee bearing rotated 270deg (water/hazard vetoes the away target) vs zombie_villager (proximity re-verdict)
F3 fuel commons: chest holds no fuel
t-0s alive=19/19 mined=3381 map=1448p/22ch banked=113 smelted=0 pocket=2872u/248s | sand=58 gravel=70 dirt=447 stone=2
   deficits: 157926/58 (0.0%) 149380/70 (0.0%) 31860/0 (0.0%) 27420/0 (0.0%) 10725/179 (1.7%)
   F1=155[cobblestone:74 andesite:26 raw_iron:16] | F2=184[cobblestone:84 dirt:33 leaf_litter:19] | F3=274[cobblestone:136 dirt:51 gravel:27] | F4=242[empty] | F5=237[cobblestone:109 granite:41 torch:29] | F6=155[cobblestone:82 diorite:45 dirt:21] | F7=215[cobblestone:78 dirt:48 diorite:30] | F8=233[cobblestone:59 dirt:58 coal:14] | F9=210[empty] | F10=143[empty] | F11=181[cobblestone:56 dirt:30 granite:29] | F12=146[empty] | F13=162[dirt:50 raw_copper:40 cobblestone:39] | F14=198[cobblestone:92 dirt:33 andesite:28] | F15=131[cobblestone:34 torch:23 coal:21] | F16=162[cobblestone:45 andesite:37 dirt:24] | F17=95[torch:24 cobblestone:11 sand:9] | F18=185[cobblestone:71 dirt:36 raw_copper:34] | F19=73[dirt:20 cobblestone:14 oak_planks:7]
   mem: heap=157M/185M old=-1M ext=193M ab=190M rss=480M cols=0 ents=0 evicted=0 path=2a/0q (max 6) stale=0
F8 [F8] died - respawning (cause: server: was slain by Zombie [kind=mob by Zombie] | inferred: zombie@1.3 (0s before death at [-135,65,401]) [the inference corroborates the server verdict])
F8 [F8] death drop: pocket read empty at death (0u)
F8 [F8] water: death spot memorized as a hazard at [-135,65,401] (12 live, fleet-wide)
[F17] furnace within reach - opening without a walk
F5 [F5] climb diag: level at y=50 blocked toward -1,0 (dug=0, wet) at [0,1,0] water (stop)
F13 [F13] water: pass 16 head=dry shore=hit r=1 land=none y=63.4 o2=20 probes=0 at=[-123,63,387]
F12 [F12] climb wet escape: 4 blocks walked (refused, walked 1/4)
F12 final climb: OK +17 levels (2 steps, 6 dug, 4 traversed, 82s)
F12 bank fallback: none (nothing to deposit)
F12 camp furnace: 2 near machine(s) beyond the 24b direct envelope (nearest d=17.7) - 3 inside the envelope keep the veto
F12 camp furnace: no build (machine near)
F12 smelt: 0 (nothing to smelt)
F18 final climb: failed - stalled
F18 final bank: 0 (still underground after 2 climb attempts - the chain from the shaft bottom is doomed walks)
F19 [F19] died - respawning (cause: server: drowned [kind=drown] | inferred: zombie@14.2 (0s before death at [-124,59,387]) [the inference CONTRADICTS the server verdict - the nearest harm was not the killer (the server kind stays the authority)])
F19 [F19] death drop: ~62u lost at [-124,59,387] (dirt 20, cobblestone 14, oak_planks 7, leaf_litter 6, stick 6, +5 more)
F19 [F19] water: death spot memorized as a hazard at [-124,59,387] (13 live, fleet-wide)
[F17] furnace within reach - opening without a walk
F11 [F11] climb diag: level at y=65 blocked toward 0,-1 (dug=28)
[F16] walk nudge: approach: 1 segment(s) walked in 15.2s, goal now d=18.0 (inside the direct envelope)
[F16] walk nudge: inside the direct envelope
F13 [F13] water: pass 25 head=wet shore=none land=n/a y=61.3 o2=20 probes=0 at=[-123,61,387]
F11 [F11] combat: fighting zombie (dist 3.8, hp 14.8, 3 nearby, proximity)
F18 [F18] combat: fighting zombie (dist 3.3, hp 20.0, 3 nearby, proximity)
F16 [F16] combat: fighting zombie (dist 2.4, hp 19.0, 3 nearby, proximity)
F8 [F8] direct deposit: 27 chest slots derived from the 63-slot view
F8 [F8] hop: chest at [-138,80,405] d=16 zero: nothing to deposit
F8 final bank: 0 (nothing to deposit)
F18 [F18] combat: drift return wait vs zombie (@5.3) - the swimmer always comes back
F1 [F1] approach: the stall side-step (right) stalled too
F1 [F1] approach: 1 segment(s) walked in 18.1s, goal now d=45.7 (still outside - a segment stalled (no position delta))
F13 [F13] water: pass 31 head=wet shore=none land=n/a y=61.2 o2=20 probes=0 at=[-123,61,387]
F11 [F11] combat: drift return wait vs zombie (@7.5) - the swimmer always comes back
[F2] took 1 x stone (1/2)
F1 [F1] hop: chest at [-108,80,407] d=46 zero: chest unreachable (No path to the goal!)
F4 [F4] combat: shelter skip (open field: ring incomplete 1/8)
F1 [F1] hop: chest at [-103,80,409] d=46 zero: chest unreachable (No path to the goal!)
F1 final bank: 0 (chest unreachable (No path to the goal!))
F16 [F16] combat: verdict flipped to flee vs zombie (hp 13.0)
F16 [F16] combat: shelter try vs zombie (dist 1.6, proximity re-verdict)
F16 [F16] combat: shelter skip (open field: no diggable wall, zombie@1.6)
F16 [F16] combat: shelter skip (open field: ring not buildable [-o -o Bo -o] vs zombie@1.6)
F16 [F16] combat: flee bearing rotated 180deg (water/hazard vetoes the away target) vs zombie (proximity re-verdict)
F16 [F16] combat: flee bearing rotated 180deg (water/hazard vetoes the away target) vs zombie (proximity re-verdict)
F13 [F13] water: pass 37 head=dry shore=hit r=1 land=none y=63.2 o2=20 probes=0 at=[-123,63,387]
F11 [F11] combat: fight ended vs zombie (verdict ignore, hp 14.8 -> 14.8, swings 1, weapon wooden_sword, 1 rounds)
[F16] walk refused by the churn governor - waiting 5s out
F11 final climb: retry (escalated retry after stalled, 55s fence)
F13 [F13] water: pass 45 head=wet shore=none land=n/a y=61.1 o2=20 probes=0 at=[-123,61,387]
F18 [F18] combat: fight ended vs zombie (mob down, hp 20.0 -> 18.5, swings 5, weapon wooden_sword, 5 rounds)
F3 fuel commons: the cover dig stands down (not at the chest)
F3 fuel commons: open failed (open fuel chest: timeout after 10000ms)
F11 [F11] climb bridge: placed cobblestone at [-120,65,401] (support) - the step re-judges
F11 [F11] climb diag: level at y=67 blocked toward 0,1 (dug=0)
F11 [F11] climb diag: level at y=66 blocked toward -1,0 (dug=0)
F5 [F5] climb diag: level at y=50 blocked toward 1,0 (dug=0, wet) at [0,1,0] water (stop)
F13 [F13] water: pass 50 head=dry shore=hit r=2 land=none y=62.4 o2=20 probes=0 at=[-123,62,387]
[hb] n=39 ts=781s rss=492M late=185ms mainLate=759ms
F13 [F13] water: pass 53 head=wet shore=none land=n/a y=61.6 o2=20 probes=0 at=[-123,62,387]
F11 [F11] climb bridge: placed cobblestone at [-119,65,401] (support) - the step re-judges
F16 [F16] died - respawning (cause: server: was slain by Zombie [kind=mob by Zombie] | inferred: zombie@0.8 (0s before death at [-139,63,393]) [the inference corroborates the server verdict])
F16 [F16] death drop: ~167u lost at [-139,63,393] (cobblestone 45, andesite 37, dirt 24, granite 19, leaf_litter 16, +13 more)
F16 [F16] water: death spot memorized as a hazard at [-139,63,393] (14 live, fleet-wide)
[F2] took 1 x stone (2/2)
F18 [F18] combat: fighting zombie (dist 4.4, hp 20.0, 1 nearby, proximity)
t-0s alive=19/19 mined=3382 map=1448p/22ch banked=113 smelted=0 pocket=2595u/221s | sand=56 gravel=70 dirt=346 stone=5
   deficits: 157926/56 (0.0%) 149380/70 (0.0%) 31860/0 (0.0%) 27420/0 (0.0%) 10725/149 (1.4%)
   F1=155[cobblestone:74 andesite:26 raw_iron:16] | F2=184[cobblestone:82 dirt:33 leaf_litter:19] | F3=274[cobblestone:136 dirt:51 gravel:27] | F4=242[empty] | F5=237[cobblestone:109 granite:41 torch:29] | F6=155[cobblestone:82 diorite:45 dirt:21] | F7=215[cobblestone:78 dirt:48 diorite:30] | F8=233[empty] | F9=210[chest:1] | F10=143[leaf_litter:26 oak_planks:5 wooden_sword:1] | F11=182[cobblestone:52 torch:48 raw_copper:32] | F12=146[empty] | F13=162[dirt:50 raw_copper:40 cobblestone:39] | F14=198[cobblestone:92 dirt:33 andesite:28] | F15=131[cobblestone:34 torch:23 coal:21] | F16=162[empty] | F17=95[torch:24 sand:9 oak_log:6] | F18=185[cobblestone:71 dirt:36 raw_copper:34] | F19=73[empty]
   mem: heap=156M/192M old=-1M ext=184M ab=181M rss=494M cols=0 ents=0 evicted=0 path=6a/0q (max 6) stale=0
F11 [F11] climb diag: level at y=67 blocked toward 0,-1 (dug=0)
F12 sweep: 0 collected - machine unreachable (Took to long to decide path to goal!) x2, machine unreachable (No path to the goal!) x1
F12 final bank: 0 (nothing to deposit)
F17 fuel anchor scan returned empty (attempt 1/2) at [-134,64,414] yard d=19 - the palette empty-return class, re-querying
F17 fuel anchor scan returned empty (attempt 2/2) at [-134,64,414] yard d=19
F17 fuel anchor scan empty x2 - the singular probe rescued the scan (chest at [-133,80,413])
F17 fuel commons: the anchor chest is read first
F16 smelt: 0 (raw_iron@blast_furnace: machine unreachable (No path to the goal!); raw_iron@blast_furnace: no fuel)
F10 sweep: 0 collected - machine unreachable (No path to the goal!) x7, machine unreachable (Took to long to decide path to goal!) x4, cannot open (open furnace (sweep): timeout after 1172ms) x1
F16 iron commune: chest holds 0 ingot(s) - nothing to complete here
F13 [F13] water: rescue timeout (still wet, 66 passes, 0 probes, tail wet/dry/dry) in 25.5s
F13 [F13] water: hazard memorized at [-124,62,387] (14 live, fleet-wide)
F13 [F13] water: drowning rescue start (drowning, oxygen 19)
F13 [F13] water: pass 0 head=wet shore=none land=n/a y=61.2 o2=19 probes=0 at=[-123,61,387]
F16 iron commune: chest holds 0 ingot(s) - nothing to complete here
F18 [F18] combat: fight ended vs zombie (mob down, hp 20.0 -> 17.0, swings 5, weapon wooden_sword, 5 rounds)
F16 iron commune: chest holds 0 ingot(s) - nothing to complete here
F13 [F13] water: pass 4 head=wet shore=none land=n/a y=61.2 o2=19 probes=0 at=[-123,61,387]
F11 [F11] climb rise assist: repositioned to -117,65,399 - the loop re-judges
F13 [F13] water: pass 8 head=wet shore=none land=n/a y=61.9 o2=20 probes=0 at=[-123,62,387]
F3 fuel commons: the cover dig stands down (not at the chest)
F3 fuel commons: open failed (open fuel chest: timeout after 10000ms)
F3 fuel commons: budget spent (0/6 units)
F3 smelt: 0 (cobblestone@-: no fuel)
F5 final climb: failed - stalled
F5 final bank: 0 (still underground after 2 climb attempts - the chain from the shaft bottom is doomed walks)
F13 [F13] water: pass 16 head=dry shore=hit r=2 land=none y=62.0 o2=20 probes=0 at=[-123,62,387]
F11 final climb: failed - stalled
F11 final bank: 0 (still underground after 2 climb attempts - the chain from the shaft bottom is doomed walks)
F19 [F19] climb wet escape: 2 blocks walked (refused, walked 1/4)
F19 [F19] climb: walkable surface at y=80 (+16 levels, dug=7) - the walk takes over (blocked step)
F19 final climb: OK +16 levels (17 steps, 7 dug, 2 traversed, undefineds)
F19 bank fallback: none (nothing to deposit)
F19 camp furnace: no build (machine near)
F19 smelt: 0 (nothing to smelt)
F10 [F10] raw hop failed: raw walk: no net progress for 8595ms (best d=12.9) - pathfinder retry
F10 [F10] hop: chest at [-139,80,389] d=13 zero: chest unreachable (No path to the goal!)
F10 [F10] chest skip (no path cached 0s ago at [-141,80,389])
F13 [F13] water: pass 25 head=wet shore=none land=n/a y=61.7 o2=20 probes=0 at=[-123,62,387]
F19 iron commune: chest holds 0 ingot(s) - nothing to complete here
F10 [F10] combat: fighting zombie (dist 3.0, hp 17.0, 1 nearby, sentry)
F19 iron commune: chest holds 0 ingot(s) - nothing to complete here
F9 [F9] combat: shelter skip (-1,0: cells not free)
F9 [F9] climb: walkable surface at y=80 (+15 levels, dug=5) - the walk takes over (blocked step)
F9 final climb: OK +15 levels (3 steps, 5 dug, undefineds)
F10 [F10] combat: drift return wait vs zombie (@5.9) - the swimmer always comes back
F9 [F9] direct deposit: 27 chest slots derived from the 63-slot view
F9 camp furnace: no build (machine near)
F9 smelt: 0 (nothing to smelt)
t-0s alive=19/19 mined=3383 map=1448p/22ch banked=113 smelted=0 pocket=2694u/223s | sand=56 gravel=70 dirt=346 stone=5
   deficits: 157926/56 (0.0%) 149380/70 (0.0%) 31860/0 (0.0%) 27420/0 (0.0%) 10725/149 (1.4%)
   F1=155[cobblestone:74 andesite:26 raw_iron:16] | F2=184[cobblestone:82 dirt:33 leaf_litter:22] | F3=274[cobblestone:136 dirt:51 gravel:27] | F4=242[empty] | F5=237[cobblestone:109 granite:41 torch:29] | F6=155[cobblestone:82 diorite:45 dirt:21] | F7=215[cobblestone:78 dirt:48 diorite:30] | F8=233[empty] | F9=210[empty] | F10=143[leaf_litter:42 oak_planks:5 raw_iron:2] | F11=183[cobblestone:113 torch:48 granite:44] | F12=146[empty] | F13=162[dirt:50 raw_copper:40 cobblestone:39] | F14=198[cobblestone:92 dirt:33 andesite:28] | F15=131[cobblestone:34 torch:23 coal:21] | F16=162[empty] | F17=95[torch:24 sand:9 coal:6] | F18=185[cobblestone:71 dirt:36 raw_copper:34] | F19=73[empty]
   mem: heap=147M/187M old=-1M ext=182M ab=179M rss=493M cols=0 ents=0 evicted=0 path=3a/0q (max 6) stale=0
F19 iron commune: chest holds 0 ingot(s) - nothing to complete here
F13 [F13] water: pass 31 head=dry shore=hit r=1 land=none y=63.3 o2=20 probes=0 at=[-123,63,387]
F10 [F10] combat: fight ended vs zombie (verdict ignore, hp 17.0 -> 17.2, swings 1, weapon wooden_sword, 1 rounds)
F10 [F10] water: drowning rescue start (drowning, oxygen 12)
F10 [F10] water: pass 0 head=wet shore=none land=n/a y=58.1 o2=12 probes=0 at=[-130,58,390]
[hb] n=40 ts=801s rss=493M late=190ms mainLate=926ms
F13 [F13] water: pass 37 head=dry shore=hit r=1 land=none y=63.4 o2=20 probes=0 at=[-123,63,387]
[F2] walk nudge: approach: 1 segment(s) walked in 10.9s, goal now d=23.4 (inside the direct envelope)
[F2] walk nudge: inside the direct envelope
F10 [F10] water: pass 6 head=dry shore=hit r=2 land=none y=62.7 o2=17 probes=0 at=[-126,63,389]
F13 [F13] water: pass 41 head=wet shore=none land=n/a y=61.5 o2=20 probes=0 at=[-123,62,387]
F17 fuel commons: the cover dig stands down (not at the chest)
F17 fuel commons: open failed (open fuel chest: timeout after 10000ms)
F10 [F10] water: pass 9 head=dry shore=hit r=2 land=none y=62.5 o2=20 probes=0 at=[-126,62,389]
F13 [F13] water: pass 45 head=wet shore=none land=n/a y=61.0 o2=20 probes=0 at=[-123,61,387]
F10 [F10] water: pass 12 head=dry shore=hit r=2 land=none y=62.5 o2=20 probes=0 at=[-127,62,389]
F15 final climb: failed - timeout [stage 1]
F15 final bank: 0 (still underground after 2 climb attempts - the chain from the shaft bottom is doomed walks)
F16 sweep: 0 collected - machine unreachable (No path to the goal!) x1
F16 final bank: 0 (nothing to deposit)
F13 [F13] water: pass 51 head=dry shore=hit r=2 land=none y=62.8 o2=20 probes=0 at=[-123,63,387]
F18 [F18] combat: fighting zombie (dist 4.4, hp 17.0, 1 nearby, proximity)
F10 [F10] water: pass 17 head=dry shore=hit r=2 land=none y=62.6 o2=20 probes=0 at=[-127,63,389]
F10 [F10] water: pass 24 head=wet shore=none land=n/a y=62.0 o2=20 probes=0 at=[-127,62,389]
F10 [F10] approach: 1 segment(s) walked in 14.8s, goal now d=17.7 (inside the direct envelope)
F18 [F18] combat: fight ended vs zombie (mob down, hp 17.0 -> 17.0, swings 3, weapon wooden_sword, 3 rounds)
F19 sweep: 0 collected - machine unreachable (Took to long to decide path to goal!) x1
F19 final bank: 0 (nothing to deposit)
F3 sweep: 0 collected - machine unreachable (No path to the goal!) x6, machine unreachable (Took to long to decide path to goal!) x4, cannot open (open furnace (sweep): timeout after 5000ms) x1
F3 fuel anchor scan returned empty (attempt 1/2) at [-131,71,395] yard d=13 - the palette empty-return class, re-querying
F3 fuel anchor scan returned empty (attempt 2/2) at [-131,71,395] yard d=13
F3 fuel anchor scan empty x2 - the singular probe rescued the scan (chest at [-139,80,389])
F13 [F13] water: rescue timeout (still wet, 73 passes, 0 probes, tail dry/wet/dry) in 25.4s
F13 [F13] water: hazard memorized at [-124,61,387] (14 live, fleet-wide)
F13 [F13] water: repeat wet page at the same cell (o2 20) - standing down, the walk machinery owns the exit
t-0s alive=19/19 mined=3383 map=1448p/22ch banked=113 smelted=0 pocket=2710u/224s | sand=56 gravel=70 dirt=346 stone=5
   deficits: 157926/56 (0.0%) 149380/70 (0.0%) 31860/0 (0.0%) 27420/0 (0.0%) 10725/149 (1.4%)
   F1=155[cobblestone:74 andesite:26 raw_iron:16] | F2=184[cobblestone:82 dirt:33 leaf_litter:22] | F3=274[cobblestone:136 dirt:51 gravel:27] | F4=242[empty] | F5=237[cobblestone:109 granite:41 torch:29] | F6=155[cobblestone:82 diorite:45 dirt:21] | F7=215[cobblestone:78 dirt:48 diorite:30] | F8=233[empty] | F9=210[empty] | F10=143[leaf_litter:42 oak_planks:5 raw_iron:2] | F11=183[cobblestone:113 torch:48 granite:44] | F12=146[empty] | F13=162[dirt:50 raw_copper:40 cobblestone:39] | F14=198[cobblestone:92 dirt:33 andesite:28] | F15=131[cobblestone:34 torch:23 coal:21] | F16=162[empty] | F17=95[torch:24 sand:9 coal:6] | F18=185[cobblestone:71 dirt:36 raw_copper:34] | F19=73[empty]
   mem: heap=152M/188M old=-1M ext=181M ab=178M rss=493M cols=0 ents=0 evicted=0 path=2a/0q (max 6) stale=0
F10 [F10] water: rescue complete in 13.7s
F10 [F10] water: hazard memorized at [-126,62,389] (15 live, fleet-wide)
F2 [F2] water: drowning rescue start (drowning, oxygen 14)
F2 [F2] water: pass 0 head=wet shore=none land=n/a y=61.3 o2=14 probes=0 at=[-126,61,390]
F17 fuel commons: the cover dig stands down (not at the chest)
F17 fuel commons: open failed (open fuel chest: timeout after 10000ms)
[F9] sweep deferred (the lanes hold) - the sweep clock cannot afford the wait (2 machine(s) untried, the next pass owns them)
F9 sweep: 0 collected - machine unreachable (No path to the goal!) x5, machine unreachable (Took to long to decide path to goal!) x4, machine unreachable (goal brake: 6 goals in 5s - walk to a machine (sweep) refused for 4s) x1, sweep deferred (the lanes hold) x1
F9 final bank: +1
F2 [F2] water: pass 8 head=dry shore=hit r=2 land=none y=62.7 o2=20 probes=0 at=[-126,63,389]
[F2] walk nudge: approach: 1 segment(s) walked in 8.2s, goal now d=17.8 (inside the direct envelope)
[F2] walk nudge: inside the direct envelope
F2 [F2] water: rescue complete in 4.6s
F2 [F2] water: hazard memorized at [-126,62,390] (15 live, fleet-wide)
[F2] walk refused by a water rescue - rescue cleared, walking again
F9 [F9] combat: shelter skip (0,-1: cells not free)
F9 [F9] combat: shelter skip (open field: no diggable wall, threat gone)
[hb] n=41 ts=821s rss=491M late=194ms mainLate=830ms
F13 [F13] water: drowning rescue start (drowning, oxygen 10)
F13 [F13] water: pass 0 head=wet shore=none land=n/a y=59.0 o2=10 probes=0 at=[-123,59,387]
F3 [F3] water: drowning rescue start (drowning, oxygen 13)
F3 [F3] water: pass 0 head=wet shore=none land=n/a y=58.0 o2=13 probes=0 at=[-139,58,390]
F13 [F13] water: pass 10 head=wet shore=none land=n/a y=61.7 o2=19 probes=0 at=[-123,62,387]
F10 [F10] raw hop failed: raw walk: no net progress for 8104ms (best d=16.0) - pathfinder retry
F3 fuel anchor: the cover dig stands down (not at the chest)
F3 fuel anchor: 0 delivered (open failed (open fuel anchor: timeout after 10000ms)) - the legacy scatter carries the tithe
F3 [F3] water: pass 6 head=dry shore=hit r=3 land=none y=62.1 o2=20 probes=0 at=[-138,62,390]
F10 [F10] hop: chest at [-124,80,389] d=25 zero: chest unreachable (No path to the goal!)
F10 [F10] chest skip (no path cached 0s ago at [-123,80,389])
F10 [F10] chest skip (no path cached 0s ago at [-122,80,389])
F17 fuel commons: the cover dig stands down (not at the chest)
F17 fuel commons: open failed (open fuel chest: timeout after 10000ms)
F17 fuel commons: budget spent (0/2 units)
F17 smelted 2 (stone:2) rescued=0
F13 [F13] water: pass 16 head=dry shore=hit r=2 land=none y=62.2 o2=20 probes=0 at=[-123,62,387]
[F2] walk nudge: approach: 1 segment(s) walked in 3.8s, goal now d=31.8 (still outside - the approach clock is spent)
[F2] walk nudge: closed to d=31.8 - retrying the machine from the new start
F2 smelted 2 (stone:2) rescued=1
F3 [F3] water: pass 11 head=dry shore=hit r=1 land=none y=64.0 o2=20 probes=0 at=[-135,64,393]
F13 [F13] water: pass 22 head=dry shore=hit r=1 land=none y=63.4 o2=20 probes=0 at=[-123,63,387]
F2 iron commune: iron commune: path nudge approach: 1 segment(s) walked in 0.0s, goal now d=16.8 (inside the direct envelope)
F2 iron commune: iron commune: path nudge inside the direct envelope
F2 iron commune: iron commune: chest walk failed after the nudge (No path to the goal!)
F2 iron commune: chest walk failed (No path to the goal!)
F3 [F3] water: pass 14 head=dry shore=hit r=1 land=none y=64.2 o2=20 probes=0 at=[-136,64,395]
t-0s alive=19/19 mined=3383 map=1448p/22ch banked=114 smelted=5 pocket=2799u/231s | sand=56 gravel=70 dirt=404 stone=5
   deficits: 157926/56 (0.0%) 149380/70 (0.0%) 31860/0 (0.0%) 27420/0 (0.0%) 10725/149 (1.4%)
   F1=155[cobblestone:74 andesite:26 raw_iron:16] | F2=184[cobblestone:82 dirt:33 leaf_litter:25] | F3=274[cobblestone:136 dirt:51 gravel:27] | F4=242[empty] | F5=237[cobblestone:109 granite:41 torch:29] | F6=155[cobblestone:82 diorite:45 dirt:21] | F7=215[cobblestone:78 dirt:48 diorite:30] | F8=233[empty] | F9=210[dirt:58 granite:19 leaf_litter:3] | F10=143[leaf_litter:42 oak_planks:5 raw_iron:2] | F11=183[cobblestone:113 torch:48 granite:44] | F12=146[empty] | F13=162[dirt:50 raw_copper:40 cobblestone:39] | F14=198[cobblestone:92 dirt:33 andesite:28] | F15=131[cobblestone:34 torch:23 coal:21] | F16=162[empty] | F17=95[torch:24 sand:9 coal:6] | F18=185[cobblestone:71 dirt:36 raw_copper:34] | F19=73[empty]
   mem: heap=143M/187M old=-1M ext=180M ab=178M rss=485M cols=0 ents=0 evicted=0 path=1a/0q (max 6) stale=0
F2 iron commune: chest walk failed (No path to the goal!)
F13 [F13] water: pass 28 head=wet shore=none land=n/a y=61.0 o2=20 probes=0 at=[-123,61,387]
F9 [F9] water: drowning rescue start (drowning, oxygen 12)
F9 [F9] water: pass 0 head=wet shore=none land=n/a y=61.0 o2=12 probes=0 at=[-145,61,394]
F2 iron commune: chest walk failed (No path to the goal!)
F2 [F2] chest skip (no path cached 5s ago at [-122,80,389])
F2 [F2] chest skip (no path cached 5s ago at [-123,80,389])
F2 [F2] chest skip (no path cached 5s ago at [-124,80,389])
F3 [F3] water: pass 17 head=dry shore=hit r=3 land=none y=64.2 o2=20 probes=0 at=[-139,64,395]
F9 [F9] water: pass 4 head=dry shore=hit r=2 land=none y=62.4 o2=20 probes=0 at=[-143,62,395]
F13 [F13] water: pass 35 head=dry shore=hit r=1 land=none y=63.5 o2=20 probes=0 at=[-123,63,387]
F3 [F3] water: pass 20 head=dry shore=hit r=1 land=none y=64.0 o2=20 probes=0 at=[-137,64,396]
F9 [F9] water: pass 8 head=dry shore=hit r=2 land=none y=64.2 o2=20 probes=0 at=[-140,64,396]
F13 [F13] water: pass 42 head=wet shore=none land=n/a y=61.0 o2=20 probes=0 at=[-123,61,387]
F17 iron commune: open failed (open commune chest: timeout after 10000ms)
F3 [F3] water: pass 23 head=dry shore=hit r=1 land=none y=65.0 o2=20 probes=0 at=[-135,65,396]
F13 [F13] water: pass 49 head=dry shore=hit r=1 land=none y=63.4 o2=20 probes=0 at=[-123,63,387]
F9 [F9] water: pass 11 head=dry shore=hit r=1 land=none y=59.4 o2=20 probes=0 at=[-140,59,397]
F13 [F13] water: pass 55 head=wet shore=none land=n/a y=61.2 o2=20 probes=0 at=[-123,61,387]
F3 [F3] water: pass 26 head=dry shore=hit r=1 land=none y=64.4 o2=20 probes=0 at=[-135,64,398]
F11 [F11] combat: fighting zombie (dist 4.9, hp 14.8, 1 nearby, proximity)
F9 [F9] water: pass 13 head=dry shore=hit r=1 land=none y=59.1 o2=20 probes=0 at=[-140,59,397]
F13 [F13] water: pass 62 head=wet shore=none land=n/a y=61.3 o2=20 probes=0 at=[-123,61,387]
[hb] n=42 ts=841s rss=493M late=199ms mainLate=551ms
F2 [F2] raw hop failed: raw walk: no net progress for 8002ms (best d=17.8) - pathfinder retry
F2 [F2] combat: shelter try vs zombie (dist 4.6, proximity pre-fight)
F3 [F3] water: pass 30 head=dry shore=hit r=1 land=none y=65.3 o2=20 probes=0 at=[-140,65,398]
F9 [F9] water: rescue complete in 11.9s
F9 [F9] water: hazard memorized at [-143,62,395] (15 live, fleet-wide)
F3 [F3] water: pass 33 head=dry shore=hit r=1 land=none y=65.3 o2=20 probes=0 at=[-141,65,399]
F10 [F10] raw hop failed: raw walk: no net progress for 8123ms (best d=10.8) - pathfinder retry
t-0s alive=19/19 mined=3383 map=1448p/22ch banked=114 smelted=5 pocket=2826u/235s | sand=56 gravel=70 dirt=428 stone=5
   deficits: 157926/56 (0.0%) 149380/70 (0.0%) 31860/0 (0.0%) 27420/0 (0.0%) 10725/149 (1.4%)
   F1=155[cobblestone:74 andesite:26 raw_iron:16] | F2=184[cobblestone:82 dirt:33 leaf_litter:25] | F3=274[cobblestone:136 dirt:75 gravel:27] | F4=242[empty] | F5=237[cobblestone:109 granite:41 torch:29] | F6=155[cobblestone:82 diorite:45 dirt:21] | F7=215[cobblestone:78 dirt:48 diorite:30] | F8=233[empty] | F9=210[dirt:58 granite:19 leaf_litter:3] | F10=143[leaf_litter:42 oak_planks:5 raw_iron:2] | F11=183[cobblestone:113 torch:48 granite:44] | F12=146[empty] | F13=162[dirt:50 raw_copper:40 cobblestone:39] | F14=198[cobblestone:92 dirt:33 andesite:28] | F15=131[cobblestone:34 torch:23 coal:21] | F16=162[empty] | F17=95[torch:24 sand:9 coal:6] | F18=185[cobblestone:71 dirt:36 raw_copper:34] | F19=73[empty]
   mem: heap=158M/187M old=-1M ext=181M ab=179M rss=491M cols=0 ents=0 evicted=0 path=1a/0q (max 6) stale=0
F17 iron commune: open failed (open commune chest: timeout after 10000ms)
F17 iron commune: budget spent (0/3 units)
F13 [F13] water: rescue timeout (still wet, 75 passes, 0 probes, tail dry/wet/wet) in 25.6s
F13 [F13] water: hazard memorized at [-124,61,387] (15 live, fleet-wide)
F13 [F13] water: repeat wet page at the same cell (o2 20) - standing down, the walk machinery owns the exit
F3 [F3] water: rescue complete in 25.1s
F3 [F3] water: hazard memorized at [-137,62,391] (16 live, fleet-wide)
F11 [F11] combat: verdict flipped to flee vs zombie (hp 5.8)
F11 [F11] combat: shelter try vs zombie (dist 0.8, proximity re-verdict)
F11 [F11] combat: shelter skip (open field: no diggable wall, zombie@0.8)
F11 [F11] combat: shelter skip (open field: ring not buildable [oo oo oo xo] vs zombie@0.8)
F2 [F2] hop: chest at [-118,80,405] d=21 zero: chest unreachable (No path to the goal!)
F2 [F2] chest skip (no path cached 0s ago at [-118,80,407])
F2 [F2] chest skip (no path cached 0s ago at [-118,80,409])
F13 [F13] water: drowning rescue start (drowning, oxygen 19)
F13 [F13] water: pass 0 head=wet shore=none land=n/a y=59.0 o2=19 probes=0 at=[-123,59,387]
F2 [F2] combat: shelter skip (1,0: cells not free)
F13 [F13] water: pass 8 head=dry shore=hit r=2 land=none y=63.0 o2=20 probes=0 at=[-123,63,387]
F13 [F13] water: pass 14 head=wet shore=none land=n/a y=61.7 o2=20 probes=0 at=[-123,62,387]
F17 [F17] raw hop failed: raw walk: no net progress for 8153ms (best d=10.0) - pathfinder retry
F13 [F13] water: pass 21 head=dry shore=hit r=1 land=none y=63.2 o2=20 probes=0 at=[-123,63,387]
F3 [F3] raw hop failed: raw walk: no net progress for 8335ms (best d=18.5) - pathfinder retry
F2 [F2] raw hop failed: raw walk timeout after 8282ms (d=15.1) - pathfinder retry
F13 [F13] water: pass 24 head=wet shore=none land=n/a y=61.9 o2=20 probes=0 at=[-123,62,387]
F11 [F11] died - respawning (cause: server: was slain by Zombie [kind=mob by Zombie] | inferred: zombie@1.4 (0s before death at [-116,64,425]) [the inference corroborates the server verdict])
F11 [F11] death drop: ~368u lost at [-116,64,425] (cobblestone 63, cobblestone 50, torch 48, granite 44, raw_copper 32, +18 more)
F11 [F11] water: death spot memorized as a hazard at [-116,64,425] (17 live, fleet-wide)
t-0s alive=19/19 mined=3383 map=1448p/22ch banked=114 smelted=5 pocket=2521u/214s | sand=44 gravel=70 dirt=397 stone=5
   deficits: 157926/44 (0.0%) 149380/70 (0.0%) 31860/0 (0.0%) 27420/0 (0.0%) 10725/142 (1.3%)
   F1=155[cobblestone:74 andesite:26 raw_iron:16] | F2=184[cobblestone:144 dirt:33 leaf_litter:25] | F3=274[cobblestone:136 dirt:75 gravel:27] | F4=242[empty] | F5=237[cobblestone:109 granite:41 torch:29] | F6=155[cobblestone:82 diorite:45 dirt:21] | F7=215[cobblestone:78 dirt:48 diorite:30] | F8=233[empty] | F9=210[dirt:58 granite:19 leaf_litter:3] | F10=143[leaf_litter:42 oak_planks:5 raw_iron:2] | F11=183[empty] | F12=146[empty] | F13=162[dirt:50 raw_copper:40 cobblestone:39] | F14=198[cobblestone:92 dirt:33 andesite:28] | F15=131[cobblestone:34 torch:23 coal:21] | F16=162[empty] | F17=95[torch:24 sand:9 coal:6] | F18=185[cobblestone:71 dirt:36 raw_copper:34] | F19=73[empty]
   mem: heap=150M/188M old=-1M ext=183M ab=181M rss=490M cols=0 ents=0 evicted=0 path=3a/0q (max 6) stale=0
F13 [F13] water: pass 26 head=wet shore=none land=n/a y=61.8 o2=20 probes=0 at=[-123,62,387]
[hb] n=43 ts=861s rss=490M late=204ms mainLate=204ms
F2 [F2] hop: chest at [-113,80,405] d=16 zero: chest unreachable (Took to long to decide path to goal!)
F2 final bank: 0 (budget exhausted)
F13 [F13] water: pass 29 head=dry shore=hit r=1 land=none y=63.2 o2=20 probes=0 at=[-123,63,387]
F10 [F10] hop: chest at [-128,80,405] d=23 zero: cannot open chest (open chest: timeout after 10000ms)
F13 [F13] water: pass 32 head=wet shore=none land=n/a y=62.0 o2=20 probes=0 at=[-123,62,387]
F3 [F3] hop: chest at [-139,80,389] d=17 zero: chest unreachable (No path to the goal!)
F3 [F3] chest skip (no path cached 0s ago at [-141,80,389])
F13 [F13] water: pass 36 head=wet shore=none land=n/a y=61.5 o2=20 probes=0 at=[-123,61,387]
F17 [F17] hop: chest at [-133,80,413] d=10 zero: chest unreachable (budget exhausted (walk floor))
F17 final bank: +19
F13 [F13] water: pass 50 head=wet shore=none land=n/a y=61.8 o2=20 probes=0 at=[-123,62,387]
F3 [F3] water: drowning rescue start (drowning, oxygen 14)
F3 [F3] water: pass 0 head=wet shore=none land=n/a y=60.3 o2=14 probes=0 at=[-126,60,389]
F2 [F2] combat: shelter skip (0,1: cells not free)
F3 [F3] water: pass 6 head=dry shore=hit r=1 land=none y=62.2 o2=20 probes=0 at=[-124,62,389]
F10 [F10] raw hop failed: raw walk: no net progress for 8180ms (best d=11.2) - pathfinder retry
F13 [F13] water: rescue complete in 25.3s
F13 [F13] water: hazard memorized at [-124,62,387] (18 live, fleet-wide)
t-0s alive=19/19 mined=3383 map=1448p/22ch banked=133 smelted=5 pocket=2522u/215s | sand=45 gravel=70 dirt=397 stone=5
   deficits: 157926/45 (0.0%) 149380/70 (0.0%) 31860/0 (0.0%) 27420/0 (0.0%) 10725/142 (1.3%)
   F1=155[cobblestone:74 andesite:26 raw_iron:16] | F2=184[cobblestone:144 dirt:33 leaf_litter:25] | F3=274[cobblestone:136 dirt:75 gravel:27] | F4=242[empty] | F5=237[cobblestone:109 granite:41 torch:29] | F6=155[cobblestone:82 diorite:45 dirt:21] | F7=215[cobblestone:78 dirt:48 diorite:30] | F8=233[empty] | F9=210[dirt:58 granite:19 leaf_litter:3] | F10=143[leaf_litter:42 oak_planks:5 raw_iron:2] | F11=183[empty] | F12=146[empty] | F13=162[dirt:50 raw_copper:40 cobblestone:39] | F14=198[cobblestone:92 dirt:33 andesite:28] | F15=131[cobblestone:34 torch:23 coal:21] | F16=162[empty] | F17=95[torch:24 sand:9 coal:6] | F18=185[cobblestone:71 dirt:36 raw_copper:34] | F19=73[empty]
   mem: heap=145M/187M old=-1M ext=182M ab=180M rss=502M cols=0 ents=0 evicted=0 path=1a/0q (max 6) stale=0
F2 [F2] died - respawning (cause: server: was slain by Zombie [kind=mob by Zombie] | inferred: zombie@0.8 (0s before death at [-113,66,405]) [the inference corroborates the server verdict])
F2 [F2] death drop: ~226u lost at [-113,66,405] (cobblestone 64, cobblestone 64, dirt 33, leaf_litter 25, cobblestone 16, +9 more)
F2 [F2] water: death spot memorized as a hazard at [-113,66,405] (18 live, fleet-wide)
F3 [F3] water: pass 11 head=dry shore=hit r=1 land=none y=63.4 o2=20 probes=0 at=[-124,63,389]
F10 [F10] hop: chest at [-128,80,407] d=11 zero: chest unreachable (No path to the goal!)
F10 [F10] chest skip (no path cached 0s ago at [-128,80,409])
F10 final bank: 0 (chest unreachable (No path to the goal!))
F3 [F3] water: pass 16 head=dry shore=hit r=2 land=none y=62.1 o2=20 probes=0 at=[-124,62,389]
F3 [F3] water: pass 20 head=dry shore=hit r=1 land=none y=63.5 o2=20 probes=0 at=[-124,64,389]
F13 [F13] water: drowning rescue start (drowning, oxygen 12)
F13 [F13] water: pass 0 head=wet shore=none land=n/a y=59.0 o2=12 probes=0 at=[-123,59,387]
[hb] n=44 ts=881s rss=504M late=209ms mainLate=985ms
F3 [F3] raw hop failed: raw walk timeout after 15361ms (d=17.7) - pathfinder retry
F10 [F10] combat: fighting zombie (dist 4.2, hp 19.2, 1 nearby, proximity)
F3 [F3] water: pass 24 head=dry shore=hit r=1 land=none y=63.3 o2=20 probes=0 at=[-124,63,390]
F13 [F13] water: pass 8 head=dry shore=hit r=2 land=none y=63.0 o2=15 probes=0 at=[-123,63,387]
F13 [F13] water: pass 14 head=wet shore=none land=n/a y=61.7 o2=20 probes=0 at=[-123,62,387]
F3 [F3] water: pass 27 head=dry shore=hit r=1 land=none y=63.2 o2=20 probes=0 at=[-124,63,390]
F2 [F2] combat: shelter skip (0,-1: cells not free)
F2 [F2] combat: shelter skip (open field: no diggable wall, threat gone)
F2 [F2] combat: fighting zombie (dist 4.6, hp 20.0, 0 nearby, proximity)
F2 [F2] combat: fight ended vs zombie (threat gone, hp 20.0 -> 20.0, swings 0, weapon fists, 0 rounds)
F13 [F13] water: pass 21 head=dry shore=hit r=2 land=none y=62.9 o2=20 probes=0 at=[-123,63,387]
F10 [F10] combat: fight ended vs zombie (mob down, hp 19.2 -> 16.2, swings 3, weapon wooden_sword, 3 rounds)
F3 [F3] water: rescue complete in 15.9s
F3 [F3] water: hazard memorized at [-125,62,389] (19 live, fleet-wide)
F3 [F3] hop: chest at [-124,80,389] d=24 zero: chest unreachable (budget exhausted (walk floor))
F3 final bank: 0 (budget exhausted)
================ FLEET RESULT (normal end - deadline 600s reached) ================
bots=19 spawned=19 reconnects=9 kicks=0 tools=18 recovered=1 reboots=1 upgraded=21 swords=17 alive=19 climbs=37 banked=133 smelted=5 planted=11 torched=12 fights=15 kills=4 shelters=0 rescues=53 airGlitches=10 claims=15 claimedHolds=0 wet=19 wt=2
sentry per-bot: F1 g0/r2 F2 g0/r1 F3 g0/r2 F5 g0/r1 F7 g0/r1 F9 g0/r3 F10 g0/r1 F11 g0/r2 F12 g0/r3 F13 g0/r14 F14 g0/r4 F15 g0/r2 F17 g0/r6 F18 g0/r1 F19 g10/r10 | 4 g0/r0
server guard: losses=0 (window 0/10) relogins=28 probe=n/a dead=no revives=0 restarts=0
pickaxe tiers at end: wooden_pickaxe,stone_pickaxe,iron_pickaxe -> wooden=19 stone=11 iron=0
blocks mined: 3383 in ~600s = 5.64 blocks/s (338/min)
loot ledger: mined=3383 banked=133 smelted=5 pocket=2296u/201s accounted=2434 unaccounted=949 surplus=0u conversion=71.9%
sweep drop ledger: sweeps=41 picked=293u failed=102 (below x21, plane x22, above x59) deepSkip=22 lipDig=0
  sand          collected      45 (0.028% of 157,926)
  gravel        collected      70 (0.047% of 149,380)
  dirt          collected     364
  stone         collected     718 (10.724% of 6,695)
materials: {"birch_log":36,"oak_log":204,"grass_block":106,"dirt":416,"stone":1410,"diorite":167,"iron_ore":34,"andesite":219,"oak_leaves":80,"sand":64,"crafting_table":2,"copper_ore":99,"birch_leaves":27,"gravel":70,"coal_ore":205,"granite":221,"cobblestone":6,"sandstone":17}
kicks handled: 0 (reconnect attempts: 9)
no-path ledger: 2 live verdict(s) at end phase
full-chest ledger: 0 live verdict(s) at end phase
doomed-goal ledger: 351 recorded, 1907 re-issues refused at the funnel, 46 re-dooms absorbed (the v0.96.0 backoff - the storm can no longer out-pace the ttl), 2 live at end phase (v0.72.0 spiral breaker)
walk governor: 2 stall(s) opened, 7 churn re-issues refused (v0.74.0 churn breaker - goals queued+done with zero progress during the run68-class storms)
fleet churn ceiling: 0 open(s), 0 aggregate re-issues refused (v0.77.0 - the per-bot limit leaves the fleet-wide burst unbounded)
goal brake: 6 burst open(s), 85 re-issues refused, 0 fleet-ceiling open(s), 0 fleet refusals (v0.143.0 - the re-issue CADENCE is the storm's rate knob: run 35994461858's flood walkers progressed 1-3 blocks per walk so the progress-judged governors never fired, and their near goals flowed through the closed valve, while ~90MB searches marched at 2.5 goals/s per walker into a frozen main)
alloc valve: 0 close(s) (0 by the worker probe, 0 by the queue-pressure arm, 0 by the funnel probe, 0 by the slow envelope), 0 strike(s), 0 long walks refused, 0 short walks passed while closed, 0 aquifer-gate refusals (v0.105.0 one valve two feeders + the aquifer gate - the run93 fix: the ticker feeds the consulted singleton, the worker's probe verdict rides the storm cell for the freeze class, and while closed the near exemption refuses live-hazard goals - near is not cheap in a flooded region; v0.115.0 the queue-pressure arm closes on the SUSTAINED pathfinder saturation - run101's 8-12q wall warned 80s before the rss burst; v0.121.0 the funnel probe - run105's storm starved the timers that carried both feeders while the walk funnel itself marched through the kill window, so the funnel now carries its own verdict and applies the worker's cell inline; v0.144.0 the slow envelope - run80's ramp sawtoothed past the fast anchor's dip rule while the consults marched, the 5s slide is the dip-immune read)
storm duck: 0 arm(s), 0 walk(s) refused fleet-wide while ducked (v0.143.0 - run58: the storm's next-column class is near BY CONSTRUCTION and rode the closed valve's near exemption to the 3000M ceiling; a live storm verdict now shuts EVERY goal for 15s and sweeps the in-flight goals, the A* starves within one think window, the worker's grace lands the cure instead of the ceiling landing the kill)
worldmap: 1448 positions, 22 chunks scanned, top: coal_ore=409 sand=322 oak_log=320 copper_ore=221 birch_log=75
report: data/fleet-report.json written
plan progress: 2/31 resources complete
