launching 19 bots for 600s -> targets sand, gravel, dirt, stone
[hb] n=1 ts=21s rss=252M late=6ms mainLate=0ms
[hb] n=2 ts=41s rss=312M late=11ms mainLate=203ms
[hb] n=3 ts=61s rss=352M late=14ms mainLate=1714ms
t-532s alive=19/19 mined=59 map=249p/8ch banked=0 smelted=0 pocket=30u/11s | sand=0 gravel=0 dirt=0 stone=0
   deficits: 157926/0 (0.0%) 149380/0 (0.0%) 31860/0 (0.0%) 27420/0 (0.0%) 10725/0 (0.0%)
   F1=4[oak_log:7 stick:2 oak_sapling:1] | F2=8[oak_log:5 birch_log:2] | F3=10[birch_log:3 oak_log:2] | F4=0[empty] | F5=5[oak_log:4] | F6=4[empty] | F7=9[birch_log:1] | F8=9[empty] | F9=3[oak_log:1] | F10=5[empty] | F11=0[empty] | F12=0[empty] | F13=1[empty] | F14=0[empty] | F15=0[chest:2] | F16=0[empty] | F17=1[empty] | F18=0[empty] | F19=0[empty]
   mem: heap=111M/137M old=-1M ext=123M ab=121M rss=358M cols=2062 ents=2240 evicted=206 path=6a/6q (max 6) stale=0
[hb] n=4 ts=81s rss=359M late=19ms mainLate=1784ms
t-517s alive=19/19 mined=75 map=249p/8ch banked=0 smelted=0 pocket=44u/15s | sand=0 gravel=0 dirt=0 stone=0
   deficits: 157926/0 (0.0%) 149380/0 (0.0%) 31860/0 (0.0%) 27420/0 (0.0%) 10725/0 (0.0%)
   F1=4[oak_log:8 stick:2 oak_sapling:1] | F2=11[oak_log:5 birch_log:3] | F3=10[birch_log:3 oak_log:2 oak_sapling:1] | F4=0[empty] | F5=5[oak_log:4] | F6=4[empty] | F7=9[birch_log:3 oak_log:2] | F8=9[oak_log:3] | F9=3[oak_log:4] | F10=7[empty] | F11=0[empty] | F12=4[empty] | F13=7[empty] | F14=1[empty] | F15=0[chest:2] | F16=0[empty] | F17=1[chest:1] | F18=0[empty] | F19=0[empty]
   mem: heap=110M/138M old=-1M ext=122M ab=119M rss=354M cols=2028 ents=2189 evicted=271 path=6a/10q (max 6) stale=0
F11 [F11] died - respawning (cause: server: was killed by Ender Dragon using magic [kind=mob by Ender] | inferred: fall/env (0s before death at [99,49,0]) [the inference CONTRADICTS the server verdict - the nearest harm was not the killer (the server kind stays the authority)])
F11 [F11] water: death spot memorized as a hazard at [99,49,0] (1 live, fleet-wide)
t-502s alive=19/19 mined=93 map=307p/9ch banked=0 smelted=0 pocket=70u/20s | sand=0 gravel=0 dirt=0 stone=0
   deficits: 157926/0 (0.0%) 149380/0 (0.0%) 31860/0 (0.0%) 27420/0 (0.0%) 10725/0 (0.0%)
   F1=4[oak_planks:10 oak_log:4 stick:2] | F2=11[oak_log:5 birch_log:3 birch_sapling:1] | F3=10[oak_log:5 birch_log:3 oak_sapling:3] | F4=0[empty] | F5=5[oak_log:4 stick:2] | F6=4[empty] | F7=9[birch_log:3 oak_log:3] | F8=9[oak_log:5] | F9=3[oak_log:4] | F10=7[empty] | F11=1[empty] | F12=4[oak_log:8] | F13=11[empty] | F14=6[empty] | F15=3[chest:2] | F16=3[empty] | F17=1[chest:1 birch_log:1] | F18=1[empty] | F19=1[empty]
   mem: heap=100M/142M old=-1M ext=127M ab=125M rss=367M cols=2047 ents=2188 evicted=342 path=6a/10q (max 6) stale=0
[hb] n=5 ts=101s rss=366M late=20ms mainLate=1670ms
t-487s alive=19/19 mined=97 map=316p/9ch banked=0 smelted=0 pocket=99u/27s | sand=0 gravel=0 dirt=0 stone=0
   deficits: 157926/0 (0.0%) 149380/0 (0.0%) 31860/0 (0.0%) 27420/0 (0.0%) 10725/0 (0.0%)
   F1=4[oak_planks:11 oak_log:5 stick:4] | F2=11[oak_log:9 birch_log:6 birch_sapling:1] | F3=10[oak_log:6 birch_log:3 oak_sapling:3] | F4=0[empty] | F5=5[oak_log:4 stick:2] | F6=4[empty] | F7=9[birch_log:3 oak_log:3] | F8=9[oak_log:6] | F9=3[oak_log:4] | F10=7[birch_log:4] | F11=1[oak_sapling:1] | F12=4[oak_log:8] | F13=11[empty] | F14=6[empty] | F15=4[chest:2 oak_log:2] | F16=6[empty] | F17=1[chest:1 birch_log:1 oak_sapling:1] | F18=1[birch_log:4] | F19=1[oak_log:3]
   mem: heap=99M/140M old=-1M ext=127M ab=124M rss=369M cols=2046 ents=1941 evicted=407 path=6a/12q (max 6) stale=0
F4 dir=(0.55,0.84) logs=0 tools=no planks recipe
F4 tool recovery: no pickaxe - spare-pick craft first
F4 spare pick: skip (no sticks and no planks for sticks)
F4 tool recovery: spare craft failed (no sticks and no planks for sticks) - re-running the bootstrap
[hb] n=6 ts=121s rss=370M late=26ms mainLate=978ms
F3 [F3] craft torches: stick-dry but 14 planks held - one stick batch first
F3 [F3] craft torches: skip (no coal: sticks 4 coals 0)
F2 [F2] craft torches: stick-dry but 14 planks held - one stick batch first
F2 [F2] craft torches: skip (no coal: sticks 4 coals 0)
F12 [F12] craft torches: stick-dry with logs held - one plank conversion first
t-472s alive=19/19 mined=132 map=443p/11ch banked=0 smelted=0 pocket=168u/47s | sand=0 gravel=0 dirt=1 stone=0
   deficits: 157926/0 (0.0%) 149380/0 (0.0%) 31860/0 (0.0%) 27420/0 (0.0%) 10725/0 (0.0%)
   F1=4[oak_planks:11 oak_log:5 stick:4] | F2=11[oak_planks:12 oak_log:6 stick:4] | F3=10[oak_planks:12 stick:4 oak_log:3] | F4=0[empty] | F5=9[oak_log:4 stick:2 birch_log:2] | F6=8[empty] | F7=13[oak_log:6 birch_log:3] | F8=9[oak_log:6] | F9=7[oak_log:5] | F10=8[birch_log:5 oak_log:2] | F11=3[leaf_litter:3 oak_log:2 oak_sapling:1] | F12=4[oak_planks:6 oak_log:4 wooden_shovel:1] | F13=12[oak_log:4 oak_sapling:1] | F14=8[oak_sapling:1] | F15=6[oak_log:5 chest:2] | F16=9[oak_log:6 oak_sapling:1] | F17=5[birch_log:6 chest:1 oak_sapling:1] | F18=2[birch_log:4 oak_log:3] | F19=4[oak_log:6]
   mem: heap=99M/142M old=-1M ext=127M ab=124M rss=370M cols=2051 ents=2004 evicted=484 path=6a/5q (max 6) stale=0
F3 dir=(0.79,0.61) logs=3 tools=wooden_pickaxe
F3 spare pick due: spare (planks available)
F12 [F12] craft torches: stick-dry but 6 planks held - one stick batch first
F1 dir=(1.00,0.00) logs=5 tools=none
F1 tool recovery: no pickaxe - spare-pick craft first
F1 craft wooden_pickaxe: storm cooldown 3991ms left (3 consecutive timeouts) - refusing
F1 spare pick: craft did not land (wooden_pickaxe, holds 0)
F1 tool recovery: spare craft failed (undefined) - re-running the bootstrap
F12 [F12] craft torches: skip (no coal: sticks 4 coals 0)
F12 dir=(-0.88,-0.48) logs=4 tools=wooden_pickaxe
F12 spare pick due: spare (planks available)
F2 dir=(0.95,0.32) logs=9 tools=wooden_pickaxe
F2 spare pick due: spare (planks available)
F3 spare pick: OK (wooden_pickaxe, holds 2)
F3 sword due: planks available
F12 spare pick: OK (wooden_pickaxe, holds 2)
F12 [F12] craft torches: stick-dry with logs held - one plank conversion first
F3 sword: OK (wooden_sword, holds 1)
F3 sword: OK (wooden_sword)
F3 [F3] craft torches: stick-dry but 7 planks held - one stick batch first
F3 [F3] craft torches: skip (no coal: sticks 5 coals 0)
F2 spare pick: OK (wooden_pickaxe, holds 2)
F2 sword due: planks available
F12 [F12] craft torches: stick-dry but 9 planks held - one stick batch first
F2 sword: OK (wooden_sword, holds 1)
F2 sword: OK (wooden_sword)
F2 [F2] craft torches: stick-dry but 7 planks held - one stick batch first
F12 [F12] craft torches: skip (no coal: sticks 6 coals 0)
F2 [F2] craft torches: skip (no coal: sticks 5 coals 0)
F7 [F7] craft torches: stick-dry but 14 planks held - one stick batch first
F6 [F6] craft torches: stick-dry with logs held - one plank conversion first
F7 [F7] craft torches: skip (no coal: sticks 4 coals 0)
[hb] n=7 ts=141s rss=370M late=30ms mainLate=236ms
F6 [F6] craft torches: stick-dry but 6 planks held - one stick batch first
F3 [F3] torch: the placement did not land (dry) x1 - the streak names itself once, a landing re-arms it
F6 [F6] craft torches: skip (no coal: sticks 6 coals 0)
F6 dir=(-0.08,1.00) logs=0 tools=wooden_pickaxe
F6 spare pick due: spare (planks available)
F7 dir=(-0.40,0.92) logs=3 tools=wooden_pickaxe
F7 spare pick due: spare (planks available)
F12 [F12] torch: the placement did not land (dry) x1 - the streak names itself once, a landing re-arms it
F2 [F2] torch: the placement did not land (dry) x1 - the streak names itself once, a landing re-arms it
F6 spare pick: OK (wooden_pickaxe, holds 2)
F6 [F6] craft torches: skip (no coal: sticks 4 coals 0)
F7 spare pick: OK (wooden_pickaxe, holds 2)
F7 sword due: planks available
t-456s alive=19/19 mined=200 map=512p/12ch banked=0 smelted=0 pocket=229u/74s | sand=0 gravel=0 dirt=13 stone=0
   deficits: 157926/0 (0.0%) 149380/0 (0.0%) 31860/0 (0.0%) 27420/0 (0.0%) 10725/0 (0.0%)
   F1=8[oak_planks:10 oak_log:5 stick:4] | F2=20[oak_log:6 oak_planks:5 stick:5] | F3=20[oak_planks:5 stick:5 diorite:5] | F4=0[empty] | F5=13[oak_log:4 stick:2 birch_log:2] | F6=10[stick:4 wooden_pickaxe:2 oak_planks:1] | F7=15[oak_planks:7 oak_log:3 wooden_pickaxe:2] | F8=9[stick:4 oak_log:3] | F9=7[oak_log:5] | F10=9[birch_log:5 oak_log:2] | F11=7[leaf_litter:3 oak_log:2] | F12=14[oak_planks:7 stick:6 cobblestone:6] | F13=16[oak_log:5 oak_sapling:1] | F14=11[empty] | F15=9[oak_log:5 chest:2] | F16=12[oak_log:6 stick:4] | F17=5[birch_log:6 stick:2 chest:1] | F18=7[oak_planks:12 stick:4 oak_log:1] | F19=8[oak_log:6]
   mem: heap=111M/142M old=-1M ext=123M ab=120M rss=370M cols=1995 ents=2355 evicted=565 path=0a/0q (max 6) stale=0
F7 sword: OK (wooden_sword, holds 1)
F7 sword: OK (wooden_sword)
F7 [F7] craft torches: stick-dry but 7 planks held - one stick batch first
F12 tool upgrade due: cobble available -> stone_pickaxe
F7 [F7] craft torches: skip (no coal: sticks 5 coals 0)
F2 tool upgrade due: cobble available -> stone_pickaxe
F3 [F3] digShaft: water strike at y=50 -> water table (regions 1); fluid below (-117, 51, 397) - moving sideways
F3 [F3] craft torches: skip (no coal: sticks 5 coals 0)
F3 [F3] digShaft: water strike at y=50 -> water table (regions 1); fluid below (-117, 51, 397) - moving sideways
F3 [F3] craft torches: skip (no coal: sticks 5 coals 0)
F3 [F3] digShaft: water strike at y=50 -> water table (regions 1); fluid below (-117, 51, 397) - moving sideways
F3 tunnel: steering coal_ore @ 6.7b (axis x--1, cross 0.5, floor lock)
F6 [F6] torch: the placement did not land (dry) x1 - the streak names itself once, a landing re-arms it
F8 [F8] craft torches: stick-dry with logs held - one plank conversion first
F18 [F18] craft torches: stick-dry but 14 planks held - one stick batch first
F18 [F18] craft torches: skip (no coal: sticks 4 coals 0)
F12 [toolupgrade] [upgrade] upgraded: stone_pickaxe,wooden_shovel,wooden_pickaxe,wooden_pickaxe
F12 tool upgrade: OK -> stone_pickaxe (stone_pickaxe,wooden_shovel,wooden_pickaxe,wooden_pickaxe)
F12 sword due: planks available
F8 [F8] craft torches: stick-dry but 6 planks held - one stick batch first
F8 [F8] craft torches: skip (no coal: sticks 4 coals 0)
F16 [F16] craft torches: stick-dry with logs held - one plank conversion first
F2 [toolupgrade] [upgrade] upgraded: stone_pickaxe,wooden_shovel,wooden_pickaxe,wooden_pickaxe
F2 tool upgrade: OK -> stone_pickaxe (stone_pickaxe,wooden_shovel,wooden_pickaxe,wooden_pickaxe)
F2 [F2] craft torches: skip (no coal: sticks 3 coals 0)
F7 [F7] torch: the placement did not land (dry) x1 - the streak names itself once, a landing re-arms it
F12 sword: OK (wooden_sword, holds 1)
F12 sword: OK (wooden_sword)
F12 [F12] craft torches: skip (no coal: sticks 3 coals 0)
F6 [F6] digShaft: water table y=54 (region strike) - stopping above the aquifer, the tunnel owns this level (regions 1)
F6 wood trip: famine (sticks 4 planks 1 logs 0) - gathering
F8 dir=(-0.68,0.74) logs=2 tools=wooden_pickaxe
F8 spare pick due: spare (planks available)
F16 [F16] craft torches: stick-dry but 6 planks held - one stick batch first
F18 dir=(0.79,-0.61) logs=2 tools=wooden_pickaxe
F18 spare pick due: spare (planks available)
F7 [F7] digShaft: water strike at y=53 -> water table (regions 2); fluid below (-140, 54, 421) - moving sideways
F16 [F16] craft torches: skip (no coal: sticks 4 coals 0)
F7 [F7] craft torches: skip (no coal: sticks 5 coals 0)
F7 [F7] digShaft: water strike at y=53 -> water table (regions 2); fluid below (-140, 54, 421) - moving sideways
F7 [F7] craft torches: skip (no coal: sticks 5 coals 0)
F7 [F7] digShaft: water strike at y=53 -> water table (regions 2); fluid below (-140, 54, 421) - moving sideways
F7 tunnel: steering coal_ore @ 5.3b (axis x+, cross 2.607137644171189, floor lock)
F16 dir=(0.25,-0.97) logs=5 tools=wooden_pickaxe
F16 spare pick due: spare (planks available)
F8 spare pick: OK (wooden_pickaxe, holds 2)
F8 [F8] craft torches: skip (no coal: sticks 3 coals 0)
F17 [F17] craft torches: stick-dry with logs held - one plank conversion first
F18 spare pick: OK (wooden_pickaxe, holds 2)
F18 sword due: planks available
F17 [F17] craft torches: stick-dry but 6 planks held - one stick batch first
F17 [F17] craft torches: skip (no coal: sticks 6 coals 0)
F1 [F1] craft torches: stick-dry but 6 planks held - one stick batch first
F18 sword: OK (wooden_sword, holds 1)
F18 sword: OK (wooden_sword)
F18 [F18] craft torches: stick-dry but 7 planks held - one stick batch first
F16 spare pick: OK (wooden_pickaxe, holds 2)
F16 [F16] craft torches: stick-dry with logs held - one plank conversion first
F1 [F1] craft torches: skip (no coal: sticks 4 coals 0)
F18 [F18] craft torches: skip (no coal: sticks 5 coals 0)
F5 [F5] craft torches: stick-dry but 10 planks held - one stick batch first
F17 dir=(0.55,-0.84) logs=2 tools=wooden_pickaxe
F17 spare pick due: spare (planks available)
F5 [F5] craft torches: skip (no coal: sticks 6 coals 0)
F18 tunnel: steering coal_ore @ 6.8b (axis z+, cross 0.5, ore detour)
F1 tool recovery: OK (wooden_pickaxe)
F1 spare pick due: spare (planks available)
F16 [F16] craft torches: stick-dry but 9 planks held - one stick batch first
F8 [F8] craft torches: skip (no coal: sticks 3 coals 0)
F12 [F12] digShaft: water strike at y=43 -> water table (regions 2); fluid below (-130, 44, 403) - moving sideways
F16 [F16] craft torches: skip (no coal: sticks 6 coals 0)
F2 [F2] craft torches: skip (no coal: sticks 3 coals 0)
F2 [F2] craft torches: skip (no coal: sticks 3 coals 0)
F2 tunnel: steering coal_ore @ 7.3b (axis x--1, cross 2.58197853627604, floor lock)
F5 dir=(0.25,0.97) logs=1 tools=wooden_pickaxe
F5 spare pick due: spare (planks available)
F19 [F19] craft torches: stick-dry with logs held - one plank conversion first
F12 [F12] craft torches: skip (no coal: sticks 3 coals 0)
F12 [F12] digShaft: water strike at y=43 -> water table (regions 2); fluid below (-130, 44, 403) - moving sideways
F12 [F12] craft torches: skip (no coal: sticks 3 coals 0)
F12 [F12] digShaft: water strike at y=43 -> water table (regions 2); fluid below (-130, 44, 403) - moving sideways
F17 spare pick: OK (wooden_pickaxe, holds 2)
F17 [F17] craft torches: skip (no coal: sticks 4 coals 0)
F12 tunnel: steering coal_ore @ 2.7b (axis z+, cross 0.5, floor lock)
F8 [F8] craft torches: skip (no coal: sticks 3 coals 0)
t-441s alive=19/19 mined=267 map=614p/12ch banked=0 smelted=0 pocket=349u/129s | sand=0 gravel=0 dirt=27 stone=0
   deficits: 157926/0 (0.0%) 149380/0 (0.0%) 31860/0 (0.0%) 27420/0 (0.0%) 10725/3 (0.0%)
   F1=8[oak_log:9 stick:2 wooden_pickaxe:2] | F2=33[cobblestone:15 oak_log:6 dirt:5] | F3=31[cobblestone:13 oak_planks:5 stick:5] | F4=0[empty] | F5=13[oak_planks:7 stick:6 oak_log:1] | F6=23[cobblestone:7 stick:4 dirt:4] | F7=28[cobblestone:8 oak_planks:5 stick:5] | F8=13[dirt:4 stick:3 leaf_litter:3] | F9=7[oak_planks:5 oak_log:2 birch_planks:1] | F10=9[oak_planks:12 oak_log:3 birch_log:2] | F11=7[oak_log:3 leaf_litter:3] | F12=23[cobblestone:11 raw_copper:9 dirt:4] | F13=16[oak_log:5 oak_sapling:1] | F14=12[oak_log:2 stick:1] | F15=9[oak_log:6 chest:2 birch_log:1] | F16=14[oak_planks:7 stick:6 oak_log:3] | F17=5[stick:4 birch_log:2 wooden_pickaxe:2] | F18=8[oak_planks:5 stick:5 oak_log:4] | F19=8[oak_planks:6 oak_log:5 wooden_shovel:1]
   mem: heap=112M/144M old=-1M ext=123M ab=121M rss=371M cols=1992 ents=2178 evicted=609 path=0a/0q (max 6) stale=0
F9 [F9] craft torches: stick-dry but 6 planks held - one stick batch first
F10 [F10] craft torches: stick-dry but 14 planks held - one stick batch first
F7 tunnel: 4 blocks (branch mine at the floor, steered, floor lock)
F1 spare pick: OK (wooden_pickaxe, holds 2)
F1 [F1] craft torches: stick-dry with logs held - one plank conversion first
F19 [F19] craft torches: stick-dry but 6 planks held - one stick batch first
F9 [F9] craft torches: skip (no coal: sticks 4 coals 0)
F10 [F10] craft torches: skip (no coal: sticks 4 coals 0)
F19 [F19] craft torches: skip (no coal: sticks 4 coals 0)
F8 tunnel: steering iron_ore @ 14.2b (axis z+, cross 0.6780358841772909, floor lock)
[hb] n=8 ts=161s rss=374M late=34ms mainLate=388ms
F5 spare pick: OK (wooden_pickaxe, holds 2)
F5 sword due: planks available
F9 dir=(-0.88,0.48) logs=2 tools=wooden_pickaxe
F9 spare pick due: spare (planks available)
F10 dir=(-0.99,0.16) logs=5 tools=wooden_pickaxe
F10 spare pick due: spare (planks available)
F19 dir=(0.95,-0.32) logs=5 tools=wooden_pickaxe
F19 spare pick due: spare (planks available)
F1 [F1] craft torches: stick-dry but 9 planks held - one stick batch first
F1 [F1] craft torches: skip (no coal: sticks 6 coals 0)
F5 sword: OK (wooden_sword, holds 1)
F5 sword: OK (wooden_sword)
F5 [F5] craft torches: skip (no coal: sticks 3 coals 0)
F9 spare pick: OK (wooden_pickaxe, holds 2)
F9 [F9] craft torches: stick-dry with logs held - one plank conversion first
F10 spare pick: OK (wooden_pickaxe, holds 2)
F10 sword due: planks available
F19 spare pick: OK (wooden_pickaxe, holds 2)
F19 [F19] craft torches: skip (no coal: sticks 4 coals 0)
F12 tunnel: 2 blocks (branch mine at the floor, steered, floor lock)
F8 tunnel: 2 blocks (branch mine at the floor, steered, floor lock)
F3 tunnel: 12 blocks (branch mine at the floor, steered, floor lock)
F8 [F8] craft torches: skip (no coal: sticks 3 coals 0)
F3 tool upgrade due: cobble available -> stone_pickaxe
F10 sword: OK (wooden_sword, holds 1)
F10 sword: OK (wooden_sword)
F10 [F10] craft torches: stick-dry but 7 planks held - one stick batch first
F10 [F10] craft torches: skip (no coal: sticks 5 coals 0)
F9 [F9] craft torches: stick-dry but 9 planks held - one stick batch first
F8 [F8] craft torches: skip (no coal: sticks 3 coals 0)
F9 [F9] craft torches: skip (no coal: sticks 6 coals 0)
F16 [F16] torch: the placement did not land (dry) x1 - the streak names itself once, a landing re-arms it
F8 tunnel: steering iron_ore @ 13.9b (axis z+, cross 1.3000000000000114, floor lock)
F17 [F17] torch: the placement did not land (dry) x1 - the streak names itself once, a landing re-arms it
F7 [F7] water: drowning rescue start (drowning, oxygen 13)
F7 [F7] water: pass 0 head=wet shore=none land=n/a y=50.0 o2=13 probes=0 at=[-137,50,421]
F18 [F18] torch: the placement did not land (dry) x1 - the streak names itself once, a landing re-arms it
F10 [F10] digShaft: water table y=57 (region strike) - stopping above the aquifer, the tunnel owns this level (regions 2)
F10 [F10] craft torches: skip (no coal: sticks 5 coals 0)
F10 [F10] digShaft: water table y=57 (region strike) - stopping above the aquifer, the tunnel owns this level (regions 2)
F10 [F10] craft torches: skip (no coal: sticks 5 coals 0)
F10 [F10] digShaft: water table y=57 (region strike) - stopping above the aquifer, the tunnel owns this level (regions 2)
F10 tunnel: steering iron_ore @ 7.2b (axis x+, cross 3.659861106360097, floor lock)
F16 tool upgrade due: cobble available -> stone_pickaxe
F13 [F13] craft torches: stick-dry with logs held - one plank conversion first
F3 [toolupgrade] [upgrade] upgraded: stone_pickaxe,wooden_pickaxe,wooden_shovel,wooden_pickaxe
F3 tool upgrade: OK -> stone_pickaxe (stone_pickaxe,wooden_pickaxe,wooden_shovel,wooden_pickaxe)
F3 [F3] craft torches: skip (no coal: sticks 3 coals 0)
F8 tunnel: 0 blocks (branch mine at the floor, steered, floor lock)
F17 [F17] digShaft: water table y=54 (region strike) - stopping above the aquifer, the tunnel owns this level (regions 2)
F13 [F13] craft torches: stick-dry but 6 planks held - one stick batch first
F8 [F8] craft torches: skip (no coal: sticks 3 coals 0)
F7 [F7] water: rescue complete in 2.1s
F7 [F7] water: hazard memorized at [-138,54,421] (2 live, fleet-wide)
F1 [F1] torch: the placement did not land (dry) x1 - the streak names itself once, a landing re-arms it
F1 [F1] digShaft: water table y=54 (region strike) - stopping above the aquifer, the tunnel owns this level (regions 2)
F13 [F13] craft torches: skip (no coal: sticks 4 coals 0)
F17 [F17] craft torches: skip (no coal: sticks 4 coals 0)
F17 [F17] digShaft: water table y=54 (region strike) - stopping above the aquifer, the tunnel owns this level (regions 2)
F17 [F17] craft torches: skip (no coal: sticks 4 coals 0)
F17 [F17] digShaft: water table y=54 (region strike) - stopping above the aquifer, the tunnel owns this level (regions 2)
F17 tunnel: steering coal_ore @ 4.7b (axis x+, cross 1.5, floor lock)
F1 sword due: planks available
F8 [F8] craft torches: skip (no coal: sticks 3 coals 0)
F19 [F19] torch: the placement did not land (dry) x1 - the streak names itself once, a landing re-arms it
F19 [F19] digShaft: water table y=54 (region strike) - stopping above the aquifer, the tunnel owns this level (regions 2)
F13 dir=(-0.68,-0.74) logs=1 tools=wooden_pickaxe
F13 spare pick due: spare (planks available)
F19 [F19] craft torches: skip (no coal: sticks 4 coals 0)
F19 [F19] digShaft: water table y=54 (region strike) - stopping above the aquifer, the tunnel owns this level (regions 2)
F19 [F19] craft torches: skip (no coal: sticks 4 coals 0)
F19 [F19] digShaft: water table y=54 (region strike) - stopping above the aquifer, the tunnel owns this level (regions 2)
F19 tunnel: steering coal_ore @ 4.2b (axis x+, cross 1.310721207745928, floor lock)
F9 [F9] torch: the placement did not land (dry) x1 - the streak names itself once, a landing re-arms it
F2 tunnel: 12 blocks (branch mine at the floor, steered, floor lock)
F18 tunnel: 8 blocks (branch mine at the floor, steered, ore detour)
F18 [F18] craft torches: skip (no coal: sticks 5 coals 0)
F1 sword: OK (wooden_sword, holds 1)
F1 sword: OK (wooden_sword)
F1 [F1] craft torches: skip (no coal: sticks 5 coals 0)
F1 [F1] digShaft: water table y=54 (region strike) - stopping above the aquifer, the tunnel owns this level (regions 2)
F1 [F1] craft torches: skip (no coal: sticks 5 coals 0)
F1 [F1] digShaft: water table y=54 (region strike) - stopping above the aquifer, the tunnel owns this level (regions 2)
F1 tunnel: steering coal_ore @ 6.4b (axis z--1, cross 0.49990478643474034, floor lock)
F5 [F5] torch: the placement did not land (dry) x1 - the streak names itself once, a landing re-arms it
F5 [F5] digShaft: water table y=54 (region strike) - stopping above the aquifer, the tunnel owns this level (regions 2)
F8 tunnel: steering iron_ore @ 15.2b (axis z+, cross 1.3000000000000114, floor lock)
F5 tool upgrade due: cobble available -> stone_pickaxe
F11 [F11] craft torches: stick-dry with logs held - one plank conversion first
F13 spare pick: OK (wooden_pickaxe, holds 2)
F13 [F13] craft torches: stick-dry with logs held - one plank conversion first
F9 [F9] digShaft: water table y=54 (region strike) - stopping above the aquifer, the tunnel owns this level (regions 2)
F14 dir=(-0.40,-0.92) logs=0 tools=none
F14 tool recovery: no pickaxe - spare-pick craft first
F14 spare pick: skip (no pickaxe materials (need 3 ingots / 3 cobble / 3 planks of ONE type))
F14 tool recovery: spare craft failed (no pickaxe materials (need 3 ingots / 3 cobble / 3 planks of ONE type)) - re-running the bootstrap
F11 [F11] craft torches: stick-dry but 6 planks held - one stick batch first
F9 sword due: planks available
F9 sword: no table reachable or placeable
F9 sword: failed (no table)
F9 [F9] craft torches: skip (no coal: sticks 6 coals 0)
F9 [F9] digShaft: water table y=54 (region strike) - stopping above the aquifer, the tunnel owns this level (regions 2)
F9 [F9] craft torches: skip (no coal: sticks 6 coals 0)
F9 [F9] digShaft: water table y=54 (region strike) - stopping above the aquifer, the tunnel owns this level (regions 2)
F9 tunnel: steering coal_ore @ 9.2b (axis x+, cross 3.539244278843398, floor lock)
F13 [F13] craft torches: stick-dry but 5 planks held - one stick batch first
F11 [F11] craft torches: skip (no coal: sticks 4 coals 0)
F11 dir=(-0.99,-0.16) logs=0 tools=wooden_pickaxe
F11 spare pick due: spare (planks available)
F16 [toolupgrade] [upgrade] upgraded: stone_pickaxe,wooden_shovel,wooden_pickaxe,wooden_pickaxe
F16 tool upgrade: OK -> stone_pickaxe (stone_pickaxe,wooden_shovel,wooden_pickaxe,wooden_pickaxe)
F16 sword due: planks available
F13 [F13] craft torches: skip (no coal: sticks 6 coals 0)
F8 tunnel: 0 blocks (branch mine at the floor, steered, floor lock)
F16 sword: OK (wooden_sword, holds 1)
F16 sword: OK (wooden_sword)
F16 [F16] craft torches: skip (no coal: sticks 3 coals 0)
F11 spare pick: OK (wooden_pickaxe, holds 2)
F11 [F11] craft torches: skip (no spare sticks: sticks 2 coals 0)
F1 tunnel: 2 blocks (branch mine at the floor, steered, floor lock)
t-426s alive=19/19 mined=433 map=711p/13ch banked=0 smelted=0 pocket=551u/180s | sand=0 gravel=0 dirt=90 stone=0
   deficits: 157926/0 (0.0%) 149380/0 (0.0%) 31860/0 (0.0%) 27420/0 (0.0%) 10725/6 (0.1%)
   F1=18[oak_log:7 cobblestone:6 oak_planks:5] | F2=49[cobblestone:21 raw_copper:13 oak_log:6] | F3=41[cobblestone:20 diorite:5 oak_log:3] | F4=0[empty] | F5=21[stick:7 cobblestone:7 dirt:2] | F6=38[cobblestone:14 dirt:12 stick:4] | F7=30[cobblestone:8 oak_planks:5 stick:5] | F8=15[dirt:8 stick:3 leaf_litter:3] | F9=21[dirt:9 oak_planks:6 stick:6] | F10=22[dirt:10 oak_planks:5 stick:5] | F11=12[dirt:4 leaf_litter:4 stick:2] | F12=36[cobblestone:13 raw_copper:9 dirt:4] | F13=21[stick:6 dirt:5 oak_planks:3] | F14=15[stick:3 oak_log:3 oak_sapling:2] | F15=9[oak_planks:8 stick:4 oak_log:3] | F16=25[cobblestone:8 oak_log:3 stick:3] | F17=20[cobblestone:7 diorite:5 stick:4] | F18=20[leaf_litter:9 dirt:9 oak_log:6] | F19=20[cobblestone:8 oak_log:5 stick:4]
   mem: heap=103M/145M old=-1M ext=121M ab=119M rss=372M cols=1966 ents=2637 evicted=654 path=2a/0q (max 6) stale=0
F12 [F12] vein sweep: 7 drop(s) in reach (12 dug)
F3 [F3] water: drowning rescue start (drowning, oxygen 14)
F3 [F3] water: pass 0 head=wet shore=none land=n/a y=46.0 o2=14 probes=0 at=[-121,46,398]
F5 [toolupgrade] [upgrade] upgraded: stone_pickaxe,wooden_shovel,wooden_pickaxe,wooden_pickaxe
F5 tool upgrade: OK -> stone_pickaxe (stone_pickaxe,wooden_shovel,wooden_pickaxe,wooden_pickaxe)
F5 [F5] craft torches: skip (no coal: sticks 5 coals 0)
F5 [F5] digShaft: water table y=54 (region strike) - stopping above the aquifer, the tunnel owns this level (regions 2)
F5 wood trip: famine (sticks 5 planks 1 logs 0) - gathering
F3 [F3] water: transit toward known land (oak_log) at [-122,394] d=4
F3 tunnel: steering coal_ore @ 6.9b (axis z+, cross 0.29999999999999716, ore detour)
F18 tool upgrade due: cobble available -> stone_pickaxe
F3 [F3] water: transit toward known land (oak_log) at [-122,394] d=4
F13 [F13] torch: the placement did not land (dry) x1 - the streak names itself once, a landing re-arms it
F13 [F13] digShaft: water table y=54 (region strike) - stopping above the aquifer, the tunnel owns this level (regions 2)
F11 [F11] torch: the placement did not land (dry) x1 - the streak names itself once, a landing re-arms it
F11 [F11] digShaft: water table y=54 (region strike) - stopping above the aquifer, the tunnel owns this level (regions 2)
F11 wood trip: famine (sticks 2 planks 1 logs 0) - gathering
F10 tunnel: 12 blocks (branch mine at the floor, steered, floor lock)
F3 [F3] water: transit toward known land (oak_log) at [-122,394] d=3
F3 [F3] water: pass 6 head=dry shore=none land=oak_log d=3 y=50.5 o2=20 probes=0 at=[-121,50,397]
F13 sword due: planks available
F13 sword: no table reachable or placeable
F13 sword: failed (no table)
F13 [F13] craft torches: skip (no coal: sticks 6 coals 0)
F13 [F13] digShaft: water table y=54 (region strike) - stopping above the aquifer, the tunnel owns this level (regions 2)
F13 [F13] craft torches: skip (no coal: sticks 6 coals 0)
F13 [F13] digShaft: water table y=54 (region strike) - stopping above the aquifer, the tunnel owns this level (regions 2)
F13 tunnel: steering coal_ore @ 7.4b (axis x--1, cross 0.4670760550139903, floor lock)
F6 [F6] climb bridge: placed cobblestone at [-111,65,418] (support) - the step re-judges
F12 [F12] vein sweep: the drop walk to [-130,46,407] failed - sweep drops: timeout after 4000ms (dy 1.0, range 2)
F3 [F3] water: transit toward known land (oak_log) at [-122,394] d=4
F6 climb out (wood trip): OK +11 levels (9 steps, 23 dug, 27s)
F15 [F15] craft torches: stick-dry but 6 planks held - one stick batch first
[hb] n=9 ts=181s rss=372M late=39ms mainLate=411ms
F15 [F15] craft torches: skip (no coal: sticks 4 coals 0)
F3 [F3] water: pass 9 head=wet shore=none land=n/a y=48.8 o2=20 probes=0 at=[-121,49,397]
F16 [F16] craft torches: skip (no coal: sticks 3 coals 0)
F16 [F16] craft torches: skip (no coal: sticks 3 coals 0)
F2 [F2] vein sweep: 7 drop(s) in reach (12 dug)
F15 dir=(-0.08,-1.00) logs=3 tools=wooden_pickaxe
F15 spare pick due: spare (planks available)
F18 [toolupgrade] [upgrade] upgraded: stone_pickaxe,wooden_shovel,wooden_pickaxe,wooden_pickaxe
F18 tool upgrade: OK -> stone_pickaxe (stone_pickaxe,wooden_shovel,wooden_pickaxe,wooden_pickaxe)
F18 [F18] craft torches: skip (no coal: sticks 3 coals 0)
F12 [F12] vein sweep: the drop walk to [-126,44,405] failed - sweep drops: timeout after 4000ms (dy -1.0, range 1)
F3 [F3] water: pass 14 head=dry shore=hit r=1 land=none y=49.6 o2=20 probes=0 at=[-121,50,398]
F17 tunnel: 12 blocks (branch mine at the floor, steered, floor lock)
F8 [F8] craft torches: skip (no coal: sticks 3 coals 0)
F1 [F1] vein sweep: 0 drop(s) in reach (2 dug)
F1 vein sweep: 2 ores dug beside the gallery (floor lock)
F15 spare pick: OK (wooden_pickaxe, holds 2)
F15 [F15] craft torches: stick-dry with logs held - one plank conversion first
F8 [F8] digShaft: water table y=57 (region strike) - stopping above the aquifer, the tunnel owns this level (regions 2)
F1 tool upgrade due: cobble available -> stone_pickaxe
F9 tunnel: 12 blocks (branch mine at the floor, steered, floor lock)
F3 [F3] water: pass 19 head=wet shore=none land=n/a y=48.0 o2=20 probes=0 at=[-121,48,398]
F19 tunnel: 12 blocks (branch mine at the floor, steered, floor lock)
F3 [F3] water: transit toward known land (oak_log) at [-122,394] d=4
F3 [F3] water: transit stalled (d=4 after 17 passes - the walls own this swim; the release takes over)
F3 [F3] water: transit toward known land (oak_log) at [-122,394] d=4
F3 [F3] water: rescue released (surface-safe, open water - no land known; the walk gate reopens) in 11.7s
F3 [F3] water: hazard memorized at [-122,48,397] (3 live, fleet-wide)
F15 [F15] craft torches: stick-dry but 9 planks held - one stick batch first
F15 [F15] craft torches: skip (no coal: sticks 6 coals 0)
F2 [F2] vein sweep: the drop walk to [-126,45,412] failed - sweep drops: timeout after 4000ms (dy 1.0, range 2)
F1 [toolupgrade] [upgrade] upgraded: stone_pickaxe,wooden_shovel,wooden_pickaxe,wooden_pickaxe
F1 tool upgrade: OK -> stone_pickaxe (stone_pickaxe,wooden_shovel,wooden_pickaxe,wooden_pickaxe)
F1 [F1] craft torches: skip (no coal: sticks 3 coals 0)
F1 [F1] digShaft: water table y=54 (region strike) - stopping above the aquifer, the tunnel owns this level (regions 2)
F1 [F1] craft torches: skip (no coal: sticks 3 coals 0)
F1 [F1] digShaft: water table y=54 (region strike) - stopping above the aquifer, the tunnel owns this level (regions 2)
F1 tunnel: steering coal_ore @ 6.3b (axis z--1, cross 1.5, floor lock)
F4 recovery brake: 1 consecutive failures - next attempt in 45s
F4 tool recovery: failed (no planks recipe)
F4 [F4] craft torches: skip (no spare sticks: sticks 0 coals 0)
F4 tool recovery: no pickaxe - spare-pick craft first
F4 spare pick: skip (no sticks and no planks for sticks)
F4 tool recovery: spare craft failed (no sticks and no planks for sticks) - re-running the bootstrap
t-410s alive=19/19 mined=562 map=770p/14ch banked=0 smelted=0 pocket=686u/193s | sand=0 gravel=0 dirt=132 stone=0
   deficits: 157926/0 (0.0%) 149380/0 (0.0%) 31860/0 (0.0%) 27420/0 (0.0%) 10725/10 (0.1%)
   F1=20[oak_log:7 oak_planks:5 dirt:4] | F2=56[cobblestone:21 raw_copper:15 andesite:7] | F3=46[cobblestone:25 diorite:5 oak_log:3] | F4=0[empty] | F5=35[cobblestone:17 stick:5 dirt:2] | F6=44[dirt:15 cobblestone:13 stick:4] | F7=33[cobblestone:8 oak_planks:5 stick:5] | F8=18[dirt:30 stick:3 leaf_litter:3] | F9=29[dirt:13 cobblestone:12 oak_planks:6] | F10=26[dirt:13 oak_planks:5 stick:5] | F11=26[dirt:13 cobblestone:6 leaf_litter:4] | F12=37[cobblestone:17 raw_copper:9 dirt:4] | F13=32[cobblestone:11 stick:6 dirt:5] | F14=17[oak_log:4 stick:3 oak_sapling:3] | F15=10[stick:6 oak_planks:6 leaf_litter:3] | F16=40[cobblestone:14 diorite:10 oak_log:3] | F17=30[cobblestone:14 diorite:5 stick:4] | F18=33[cobblestone:15 leaf_litter:9 dirt:9] | F19=30[cobblestone:16 oak_log:5 stick:4]
   mem: heap=113M/148M old=-1M ext=121M ab=119M rss=376M cols=1966 ents=2763 evicted=675 path=4a/0q (max 6) stale=0
F8 tunnel: 2 blocks (branch mine at the floor, ore detour)
F1 tunnel: 0 blocks (branch mine at the floor, steered, floor lock)
F18 [F18] craft torches: skip (no coal: sticks 3 coals 0)
F18 [F18] craft torches: skip (no coal: sticks 3 coals 0)
F18 tunnel: steering coal_ore @ 5.3b (axis x--1, cross 2.6999999999999886, floor lock)
F2 [F2] vein sweep: the drop walk to [-126,46,411] failed - sweep drops: timeout after 4000ms (dy 2.3, range 2)
F1 [F1] craft torches: skip (no coal: sticks 3 coals 0)
F1 [F1] digShaft: water table y=54 (region strike) - stopping above the aquifer, the tunnel owns this level (regions 2)
F1 [F1] craft torches: skip (no coal: sticks 3 coals 0)
F1 [F1] digShaft: water table y=54 (region strike) - stopping above the aquifer, the tunnel owns this level (regions 2)
F1 tunnel: steering coal_ore @ 6.6b (axis z--1, cross 1.5, floor lock)
F13 tunnel: 12 blocks (branch mine at the floor, steered, floor lock)
F3 tunnel: 6 blocks (branch mine at the floor, steered, ore detour)
F3 [F3] water: surface re-arm holds the page (5s left) - the open-water float owns the pacing; a sinking bar still pages
F16 tunnel: 12 blocks (branch mine at the floor, floor lock)
F15 [F15] torch: the placement did not land (dry) x1 - the streak names itself once, a landing re-arms it
F1 tunnel: 0 blocks (branch mine at the floor, steered, floor lock)
F1 [F1] craft torches: skip (no coal: sticks 3 coals 0)
F1 [F1] digShaft: water table y=54 (region strike) - stopping above the aquifer, the tunnel owns this level (regions 2)
F1 [F1] craft torches: skip (no coal: sticks 3 coals 0)
F1 [F1] digShaft: water table y=54 (region strike) - stopping above the aquifer, the tunnel owns this level (regions 2)
F1 tunnel: steering coal_ore @ 6.7b (axis z--1, cross 0.7000000000000028, floor lock)
F13 tool upgrade due: cobble available -> stone_pickaxe
F13 [toolupgrade] [upgrade] craft crafting_table: no craftable recipe variant (ingredients missing?)
F13 tool upgrade: failed -> none (no table material)
F13 [F13] craft torches: skip (no coal: sticks 6 coals 0)
F13 [F13] digShaft: water table y=54 (region strike) - stopping above the aquifer, the tunnel owns this level (regions 2)
F13 [F13] craft torches: skip (no coal: sticks 6 coals 0)
F13 [F13] digShaft: water table y=54 (region strike) - stopping above the aquifer, the tunnel owns this level (regions 2)
F13 tunnel: steering coal_ore @ 5.8b (axis x--1, cross 1.5002685146058639, floor lock)
F1 tunnel: 0 blocks (branch mine at the floor, steered, floor lock)
F1 tunnel: 0 blocks x3 - sealed or flooded, cooling down 15s
F12 [F12] vein sweep: +22u walked from the drops (12 dug)
F12 [F12] vein sweep: 2 below-plane walk(s) still failed on the wide goal (range 2) - the drop rests deeper than the lip
F12 vein sweep: 12 ores dug beside the gallery (floor lock)
F2 [F2] vein sweep: +7u walked from the drops (12 dug)
F2 [F2] vein sweep: 3 below-plane walk(s) still failed on the wide goal (range 2) - the drop rests deeper than the lip
F2 vein sweep: 12 ores dug beside the gallery (floor lock)
F11 climb out (wood trip): OK +9 levels (8 steps, 17 dug, 22s)
F12 [F12] craft torches: 1 batch(es) -> 4 torches (sticks 3 coals 6, the metal reserve keeps 4)
F3 [F3] water: drowning rescue start (drowning, oxygen 5)
F3 [F3] water: pass 0 head=wet shore=none land=n/a y=45.0 o2=5 probes=0 at=[-121,45,398]
F10 [F10] craft torches: skip (no coal: sticks 5 coals 0)
F10 [F10] digShaft: water table y=57 (region strike) - stopping above the aquifer, the tunnel owns this level (regions 2)
F10 [F10] craft torches: skip (no coal: sticks 5 coals 0)
F10 [F10] digShaft: water table y=57 (region strike) - stopping above the aquifer, the tunnel owns this level (regions 2)
F10 tunnel: steering coal_ore @ 9.7b (axis x+, cross 1.499882587657396, floor lock)
F5 [F5] climb bridge: unavailable (no solid floor underfoot)
F5 [F5] climb diag: level at y=68 blocked toward 0,1 (dug=24)
F5 [F5] climb: walkable surface at y=67 (+11 levels, dug=24) - the walk takes over (blocked step)
F5 climb out (wood trip): OK +11 levels (11 steps, 24 dug, undefineds)
F18 [F18] water: drowning rescue start (drowning, oxygen 12)
F18 [F18] water: pass 0 head=wet shore=none land=n/a y=42.0 o2=12 probes=0 at=[-93,42,379]
F3 [F3] water: transit toward known land (oak_log) at [-122,394] d=4
F12 tunnel: steering coal_ore @ 4b (axis z+, cross 0.5, ore detour)
[hb] n=10 ts=201s rss=373M late=44ms mainLate=325ms
F3 [F3] water: transit toward known land (oak_log) at [-122,394] d=3
F3 [F3] water: transit toward known land (oak_log) at [-122,394] d=3
F3 [F3] water: pass 12 head=dry shore=none land=oak_log d=3 y=49.1 o2=10 probes=0 at=[-121,49,397]
F3 [F3] water: transit toward known land (oak_log) at [-122,394] d=3
F18 [F18] water: deep-pocket ascend - dug the ceiling stone at [-93,44,379] (jump stalled 4+ passes, o2 18)
F18 [F18] water: pass 6 head=wet shore=none land=n/a y=42.4 o2=20 probes=0 at=[-93,42,379]
F3 [F3] water: transit toward known land (oak_log) at [-122,394] d=3
F16 [F16] vein sweep: 5 drop(s) in reach (10 dug)
F12 tunnel: 1 blocks (branch mine at the floor, steered, ore detour)
F3 [F3] water: pass 16 head=wet shore=none land=n/a y=48.3 o2=20 probes=0 at=[-121,48,397]
F18 [F18] water: frozen physics (10 flat passes at y=42.4, o2=20, head WET) - standing down, the reconnect lane owns this
F18 [F18] water: rescue standing down (frozen physics - the walk gate reopens, the reconnect lane owns a dead client) in 4.3s
F18 [F18] water: frozen client relog (#1 consecutive) (frozen while head-wet (1 verdict) - the drowning clock owns this client) - ending the session, the reconnect lane rebuilds the physics; the drowning sentry holds non-critical pages 10s (the frozen-return gate)
F18 [F18] water: hazard memorized at [-93,42,379] (4 live, fleet-wide)
F3 [F3] water: transit toward known land (oak_log) at [-122,394] d=3
t-395s alive=19/19 mined=657 map=796p/15ch banked=0 smelted=0 pocket=831u/200s | sand=0 gravel=0 dirt=162 stone=0
   deficits: 157926/0 (0.0%) 149380/0 (0.0%) 31860/0 (0.0%) 27420/0 (0.0%) 10725/10 (0.1%)
   F1=20[oak_log:7 oak_planks:5 dirt:4] | F2=56[cobblestone:22 raw_copper:22 andesite:7] | F3=50[cobblestone:27 diorite:5 oak_log:3] | F4=0[empty] | F5=45[cobblestone:18 dirt:11 leaf_litter:9] | F6=45[dirt:15 cobblestone:13 stick:4] | F7=35[cobblestone:8 oak_planks:5 stick:5] | F8=19[dirt:30 stick:3 leaf_litter:3] | F9=29[dirt:14 cobblestone:12 oak_planks:6] | F10=32[dirt:15 cobblestone:8 oak_planks:5] | F11=34[dirt:20 cobblestone:6 leaf_litter:5] | F12=40[cobblestone:29 raw_copper:27 coal:5] | F13=44[cobblestone:20 dirt:9 stick:6] | F14=18[oak_log:9 oak_sapling:4 stick:3] | F15=19[stick:6 oak_planks:6 cobblestone:5] | F16=55[cobblestone:16 raw_copper:15 diorite:11] | F17=39[cobblestone:14 coal:6 diorite:5] | F18=38[cobblestone:17 dirt:13 leaf_litter:9] | F19=39[cobblestone:16 oak_log:5 stick:4]
   mem: heap=101M/148M old=-1M ext=123M ab=120M rss=375M cols=1984 ents=2772 evicted=709 path=6a/0q (max 6) stale=0
F7 [F7] vein sweep: 0 drop(s) in reach (8 dug)
F7 vein sweep: 8 ores dug beside the gallery (floor lock)
F3 [F3] water: pass 20 head=wet shore=none land=n/a y=48.0 o2=20 probes=0 at=[-121,48,397]
F15 [F15] digShaft: water table y=54 (region strike) - stopping above the aquifer, the tunnel owns this level (regions 2)
F9 tool upgrade due: cobble available -> stone_pickaxe
F7 tool upgrade due: cobble available -> stone_pickaxe
F3 [F3] water: transit toward known land (oak_log) at [-122,394] d=3
F3 [F3] water: transit stalled (d=3 after 16 passes - the walls own this swim; the release takes over)
F3 [F3] water: transit toward known land (oak_log) at [-122,394] d=3
F3 [F3] water: rescue released (surface-safe, open water - no land known; the walk gate reopens) in 7.6s
F3 [F3] water: hazard memorized at [-122,48,397] (4 live, fleet-wide)
F15 sword due: planks available
F15 sword: no table reachable or placeable
F15 sword: failed (no table)
F15 [F15] craft torches: skip (no coal: sticks 6 coals 0)
F15 [F15] digShaft: water table y=54 (region strike) - stopping above the aquifer, the tunnel owns this level (regions 2)
F15 [F15] craft torches: skip (no coal: sticks 6 coals 0)
F15 [F15] digShaft: water table y=54 (region strike) - stopping above the aquifer, the tunnel owns this level (regions 2)
F15 tunnel: steering coal_ore @ 5.8b (axis z+, cross 1.4180214637238038, floor lock)
F16 [F16] vein sweep: +32u walked from the drops (10 dug)
F16 vein sweep: 10 ores dug beside the gallery (floor lock)
F12 [F12] vein sweep: 7 drop(s) in reach (5 dug)
F13 tunnel: 12 blocks (branch mine at the floor, steered, floor lock)
F16 [F16] craft torches: skip (no coal: sticks 3 coals 0)
F16 [F16] craft torches: skip (no coal: sticks 3 coals 0)
F16 tunnel: steering coal_ore @ 5.6b (axis x+, cross 0.5, floor lock)
F7 [toolupgrade] [upgrade] upgraded: stone_pickaxe,wooden_shovel,wooden_pickaxe,wooden_pickaxe
F7 tool upgrade: OK -> stone_pickaxe (stone_pickaxe,wooden_shovel,wooden_pickaxe,wooden_pickaxe)
F7 [F7] craft torches: skip (no coal: sticks 3 coals 0)
F7 [F7] digShaft: water hazard 1.4b away (live 4) - refusing this column, the caller rotates
F7 [F7] craft torches: skip (no coal: sticks 3 coals 0)
F7 [F7] digShaft: water hazard 1.4b away (live 4) - refusing this column, the caller rotates
F7 tunnel: steering coal_ore @ 5.8b (axis z+, cross 3.373137846436066, floor lock)
F9 [toolupgrade] [upgrade] upgraded: stone_pickaxe,wooden_shovel,wooden_pickaxe,wooden_pickaxe
F9 tool upgrade: OK -> stone_pickaxe (stone_pickaxe,wooden_shovel,wooden_pickaxe,wooden_pickaxe)
F9 [F9] craft torches: skip (no coal: sticks 4 coals 0)
F9 [F9] digShaft: water table y=54 (region strike) - stopping above the aquifer, the tunnel owns this level (regions 2)
F9 [F9] craft torches: skip (no coal: sticks 4 coals 0)
F9 [F9] digShaft: water table y=54 (region strike) - stopping above the aquifer, the tunnel owns this level (regions 2)
F9 tunnel: steering coal_ore @ 9.2b (axis x+, cross 3.467042159849086, floor lock)
F9 tunnel: 0 blocks (branch mine at the floor, steered, floor lock)
F13 [F13] craft torches: skip (no coal: sticks 6 coals 0)
F13 [F13] digShaft: water table y=54 (region strike) - stopping above the aquifer, the tunnel owns this level (regions 2)
F13 [F13] craft torches: skip (no coal: sticks 6 coals 0)
F13 [F13] digShaft: water table y=54 (region strike) - stopping above the aquifer, the tunnel owns this level (regions 2)
F13 tunnel: steering coal_ore @ 5.6b (axis x+, cross 0.5002694792250395, floor lock)
F9 [F9] craft torches: skip (no coal: sticks 4 coals 0)
F10 tunnel: 12 blocks (branch mine at the floor, steered, floor lock)
F9 [F9] digShaft: water table y=54 (region strike) - stopping above the aquifer, the tunnel owns this level (regions 2)
F9 tunnel: steering coal_ore @ 10.4b (axis x+, cross 0.5, ore detour)
F10 tool upgrade due: cobble available -> stone_pickaxe
F7 tunnel: 2 blocks (branch mine at the floor, steered, floor lock)
F15 tunnel: 2 blocks (branch mine at the floor, steered, floor lock)
F7 [F7] vein sweep: 2 drop(s) in reach (1 dug)
F12 [F12] vein sweep: the drop walk to [-129,46,408] failed - sweep drops: timeout after 4000ms (dy 2.0, range 2)
F17 [F17] vein sweep: 6 drop(s) in reach (19 dug)
F12 [F12] vein sweep: the drop walk to [-128,42,411] failed - No path to the goal! (dy -1.0, range 1)
F12 [F12] vein sweep: +21u walked from the drops (5 dug)
F12 [F12] vein sweep: 2 below-plane walk(s) still failed on the wide goal (range 2) - the drop rests deeper than the lip
F12 vein sweep: 5 ores dug beside the gallery (ore detour)
F12 [F12] craft torches: stick-dry with logs held - one plank conversion first
F10 [toolupgrade] [upgrade] upgraded: stone_pickaxe,wooden_shovel,wooden_pickaxe,wooden_pickaxe
F10 tool upgrade: OK -> stone_pickaxe (stone_pickaxe,wooden_shovel,wooden_pickaxe,wooden_pickaxe)
F10 [F10] craft torches: skip (no coal: sticks 3 coals 0)
F3 [F3] water: drowning rescue start (drowning, oxygen 4)
F3 [F3] water: pass 0 head=wet shore=none land=n/a y=45.0 o2=4 probes=0 at=[-121,45,397]
F14 [F14] craft torches: skip (no coal: sticks 5 coals 0)
F12 [F12] craft torches: stick-dry but 9 planks held - one stick batch first
t-380s alive=19/19 mined=734 map=882p/15ch banked=0 smelted=0 pocket=935u/205s | sand=0 gravel=0 dirt=169 stone=0
   deficits: 157926/0 (0.0%) 149380/0 (0.0%) 31860/0 (0.0%) 27420/0 (0.0%) 10725/10 (0.1%)
   F1=28[cobblestone:12 oak_log:7 oak_planks:5] | F2=56[cobblestone:24 raw_copper:22 andesite:7] | F3=50[cobblestone:27 diorite:5 oak_log:3] | F4=0[empty] | F5=50[cobblestone:18 dirt:11 leaf_litter:9] | F6=49[dirt:15 cobblestone:13 oak_log:7] | F7=39[cobblestone:9 dirt:5 oak_log:3] | F8=20[dirt:30 stick:3 leaf_litter:3] | F9=37[dirt:18 cobblestone:9 stick:4] | F10=39[dirt:17 cobblestone:11 oak_log:3] | F11=36[dirt:20 cobblestone:6 oak_planks:5] | F12=44[raw_copper:51 cobblestone:31 coal:5] | F13=52[cobblestone:29 dirt:9 stick:6] | F14=18[oak_log:6 stick:5 oak_planks:4] | F15=22[stick:6 oak_planks:6 cobblestone:6] | F16=63[raw_copper:40 cobblestone:27 diorite:11] | F17=46[coal:17 cobblestone:15 diorite:5] | F18=38[cobblestone:17 dirt:13 leaf_litter:9] | F19=47[cobblestone:16 oak_log:5 stick:4]
   mem: heap=112M/149M old=-1M ext=121M ab=119M rss=377M cols=1961 ents=2826 evicted=769 path=5a/0q (max 6) stale=0
[hb] n=11 ts=221s rss=377M late=49ms mainLate=495ms
F12 [F12] craft torches: the metal fuel reserve holds all 5 coal for the furnace (51 raw metal held)
F17 [F17] vein sweep: +12u walked from the drops (19 dug)
F17 vein sweep: 19 ores dug beside the gallery (floor lock)
F10 [F10] digShaft: water table y=54 (region strike) - stopping above the aquifer, the tunnel owns this level (regions 2)
F10 tunnel: steering coal_ore @ 9.4b (axis z--1, cross 3.5, ore detour)
F7 [F7] vein sweep: the drop walk to [-143,56,419] failed - sweep drops: timeout after 4000ms (dy 1.5, range 2)
F7 [F7] vein sweep: +4u walked from the drops (1 dug)
F7 [F7] vein sweep: 1 below-plane walk(s) still failed on the wide goal (range 2) - the drop rests deeper than the lip
F7 [F7] vein sweep: 1 deep drop(s) skipped (dy < -2 - the lip sphere cannot reach, the walk was a guaranteed spiral)
F7 vein sweep: 1 ores dug beside the gallery (floor lock)
F3 [F3] water: transit toward known land (oak_log) at [-122,394] d=3
F17 tool upgrade due: cobble available -> stone_pickaxe
F11 wood trip: plank rung: converted 1->9 same-type planks (need 8, from oak_log)
F3 [F3] water: pass 7 head=wet shore=none land=n/a y=48.9 o2=7 probes=0 at=[-121,49,397]
F14 tool recovery: OK (wooden_pickaxe)
F14 spare pick due: spare (planks available)
F18 tunnel: 3 blocks (branch mine at the floor, steered, floor lock)
F3 [F3] water: transit toward known land (oak_log) at [-122,394] d=3
F3 [F3] water: transit toward known land (oak_log) at [-122,394] d=3
F16 tunnel: 12 blocks (branch mine at the floor, steered, floor lock)
F3 [F3] water: transit toward known land (oak_log) at [-122,394] d=3
F10 tunnel: 2 blocks (branch mine at the floor, steered, ore detour)
F3 [F3] water: transit toward known land (oak_log) at [-122,394] d=3
F3 [F3] water: pass 16 head=dry shore=none land=oak_log d=3 y=50.1 o2=15 probes=0 at=[-121,50,397]
F14 spare pick: OK (wooden_pickaxe, holds 2)
F14 [F14] craft torches: skip (no coal: sticks 3 coals 0)
F3 [F3] water: transit toward known land (oak_log) at [-122,394] d=3
F9 tunnel: 12 blocks (branch mine at the floor, steered, ore detour)
F10 [F10] vein sweep: 4 drop(s) in reach (1 dug)
F3 [F3] water: transit toward known land (oak_log) at [-122,394] d=3
F17 [toolupgrade] [upgrade] upgraded: stone_pickaxe,wooden_shovel,wooden_pickaxe,wooden_pickaxe
F17 tool upgrade: OK -> stone_pickaxe (stone_pickaxe,wooden_shovel,wooden_pickaxe,wooden_pickaxe)
F17 sword due: cobble available
F3 [F3] water: transit toward known land (oak_log) at [-122,394] d=3
F3 [F3] water: pass 23 head=dry shore=none land=oak_log d=3 y=49.3 o2=20 probes=0 at=[-121,49,397]
F3 [F3] water: transit stalled (d=3 after 17 passes - the walls own this swim; the release takes over)
F3 [F3] water: transit toward known land (oak_log) at [-122,394] d=3
F3 [F3] water: rescue released (surface-safe, open water - no land known; the walk gate reopens) in 6.4s
F3 [F3] water: hazard memorized at [-122,49,397] (5 live, fleet-wide)
F14 [F14] digShaft: water table y=57 (region strike) - stopping above the aquifer, the tunnel owns this level (regions 2)
F19 [F19] vein sweep: 8 drop(s) in reach (23 dug)
F17 sword: OK (stone_sword, holds 1)
F17 sword: OK (stone_sword)
F17 [F17] craft torches: stick-dry but 5 planks held - one stick batch first
F17 [F17] craft torches: 3 batch(es) -> 12 torches (sticks 1 coals 17)
F10 [F10] vein sweep: +3u walked from the drops (1 dug)
F10 [F10] vein sweep: 3 deep drop(s) skipped (dy < -2 - the lip sphere cannot reach, the walk was a guaranteed spiral)
F10 vein sweep: 1 ores dug beside the gallery (ore detour)
F13 tunnel: 12 blocks (branch mine at the floor, steered, floor lock)
F1 [F1] climb bridge: unavailable (no solid floor underfoot)
F1 [F1] climb diag: level at y=64 blocked toward 1,0 (dug=22)
F19 [F19] vein sweep: the drop walk to [-116,55,409] failed - sweep drops: timeout after 4000ms (dy -1.0, range 1)
F19 [F19] vein sweep: the drop walk to [-119,52,409] failed - doomed goal (ledgered 35s ago at [-120,52,408]) - sweep drops refused (dy -1.0, range 1)
F19 [F19] vein sweep: +22u walked from the drops (23 dug)
F19 [F19] vein sweep: 6 deep drop(s) skipped (dy < -2 - the lip sphere cannot reach, the walk was a guaranteed spiral)
F19 vein sweep: 23 ores dug beside the gallery (floor lock)
F19 tool upgrade due: cobble available -> stone_pickaxe
F9 sword due: cobble available
F9 sword: no table reachable or placeable
F9 sword: failed (no table)
F9 [F9] craft torches: skip (no coal: sticks 4 coals 0)
F3 [F3] water: surface re-arm holds the page (5s left) - the open-water float owns the pacing; a sinking bar still pages
F9 [F9] digShaft: water table y=54 (region strike) - stopping above the aquifer, the tunnel owns this level (regions 2)
F1 [F1] climb bridge: placed cobblestone at [-111,65,419] (pit) - the step re-judges
F16 [F16] vein sweep: 6 drop(s) in reach (11 dug)
F1 [F1] climb bridge: placed cobblestone at [-111,66,419] (support) - the step re-judges
F6 wood trip: plank rung: converted 1->9 same-type planks (need 8, from oak_log)
t-365s alive=19/19 mined=850 map=910p/16ch banked=0 smelted=0 pocket=1106u/213s | sand=0 gravel=0 dirt=215 stone=0
   deficits: 157926/0 (0.0%) 149380/0 (0.0%) 31860/0 (0.0%) 27420/0 (0.0%) 10725/10 (0.1%)
   F1=44[dirt:17 cobblestone:11 oak_log:7] | F2=56[cobblestone:28 raw_copper:22 andesite:7] | F3=50[cobblestone:27 diorite:5 oak_log:3] | F4=0[empty] | F5=54[cobblestone:18 dirt:11 leaf_litter:9] | F6=49[dirt:15 cobblestone:13 oak_planks:9] | F7=57[dirt:21 cobblestone:12 leaf_litter:9] | F8=22[dirt:30 stick:3 leaf_litter:3] | F9=43[dirt:24 cobblestone:14 diorite:7] | F10=44[cobblestone:20 dirt:17 oak_log:3] | F11=40[dirt:20 oak_planks:9 oak_log:6] | F12=62[raw_copper:51 cobblestone:49 oak_planks:7] | F13=60[cobblestone:37 dirt:9 stick:6] | F14=23[dirt:12 oak_log:6 oak_sapling:4] | F15=25[stick:6 oak_planks:6 cobblestone:6] | F16=78[raw_copper:40 cobblestone:31 diorite:11] | F17=54[cobblestone:18 coal:14 torch:12] | F18=38[cobblestone:17 dirt:13 leaf_litter:9] | F19=51[cobblestone:20 coal:20 oak_planks:5]
   mem: heap=109M/149M old=-1M ext=121M ab=118M rss=374M cols=1953 ents=2651 evicted=791 path=6a/1q (max 6) stale=0
F19 [toolupgrade] [upgrade] upgraded: stone_pickaxe,wooden_shovel,wooden_pickaxe,wooden_pickaxe
F19 tool upgrade: OK -> stone_pickaxe (stone_pickaxe,wooden_shovel,wooden_pickaxe,wooden_pickaxe)
F19 sword due: cobble available
F14 [F14] craft torches: skip (no coal: sticks 3 coals 0)
F19 sword: OK (stone_sword, holds 1)
F19 sword: OK (stone_sword)
F19 [F19] craft torches: stick-dry but 5 planks held - one stick batch first
F19 [F19] craft torches: 3 batch(es) -> 12 torches (sticks 1 coals 20)
F2 [F2] craft torches: the metal fuel reserve holds all 1 coal for the furnace (22 raw metal held)
F14 [F14] digShaft: water table y=57 (region strike) - stopping above the aquifer, the tunnel owns this level (regions 2)
F14 tunnel: steering coal_ore @ 6.6b (axis z+, cross 3.5007323270886275, ore detour)
F17 tunnel: steering iron_ore @ 21.4b (axis z--1, cross 2.500030562959978, ore detour)
F2 tunnel: steering coal_ore @ 7.9b (axis x--1, cross 2.3216399620404786, ore detour)
F3 [F3] water: drowning rescue start (drowning, oxygen 4)
F3 [F3] water: pass 0 head=wet shore=none land=n/a y=45.0 o2=4 probes=0 at=[-121,45,397]
F16 [F16] vein sweep: the drop walk to [-99,41,374] failed - sweep drops: timeout after 4000ms (dy 0.0, range 1)
F12 map trip: coal_ore
F1 climb out (trip): OK +14 levels (13 steps, 24 dug, 28s)
[hb] n=12 ts=241s rss=378M late=54ms mainLate=449ms
F3 [F3] water: pass 8 head=dry shore=hit r=12 land=none y=49.4 o2=3 probes=0 at=[-121,49,397]
F7 [F7] climb: walkable surface at y=64 (+8 levels, dug=18) - the walk takes over (blocked step)
F7 climb out (trip): OK +8 levels (8 steps, 18 dug, undefineds)
F12 [F12] craft torches: the metal fuel reserve holds all 5 coal for the furnace (51 raw metal held)
F14 tunnel: 2 blocks (branch mine at the floor, steered, ore detour)
F3 [F3] water: transit toward known land (oak_log) at [-122,394] d=4
F17 tunnel: 2 blocks (branch mine at the floor, steered, ore detour)
F16 [F16] vein sweep: the drop walk to [-99,41,375] failed - sweep drops: timeout after 4000ms (dy 0.0, range 1)
F3 [F3] water: pass 11 head=wet shore=none land=n/a y=48.0 o2=19 probes=0 at=[-121,48,397]
F14 [F14] craft torches: skip (no coal: sticks 3 coals 0)
F14 [F14] digShaft: water table y=57 (region strike) - stopping above the aquifer, the tunnel owns this level (regions 2)
F14 tunnel: steering coal_ore @ 7.4b (axis z+, cross 3.6999999999999886, ore detour)
F3 [F3] water: transit toward known land (oak_log) at [-122,394] d=3
F3 [F3] water: pass 14 head=wet shore=none land=n/a y=48.7 o2=20 probes=0 at=[-121,49,397]
F3 [F3] water: transit toward known land (oak_log) at [-122,394] d=3
F3 [F3] water: transit toward known land (oak_log) at [-122,394] d=3
F19 tunnel: steering coal_ore @ 7.9b (axis x--1, cross 0.4987496198683061, ore detour)
F14 tunnel: 0 blocks (branch mine at the floor, steered, ore detour)
F14 [F14] craft torches: skip (no coal: sticks 3 coals 0)
F14 [F14] digShaft: water table y=57 (region strike) - stopping above the aquifer, the tunnel owns this level (regions 2)
F14 tunnel: steering iron_ore @ 8.4b (axis x+, cross 2.3000000000000114, floor lock)
F3 [F3] water: transit toward known land (oak_log) at [-122,394] d=3
F3 [F3] water: transit toward known land (oak_log) at [-122,394] d=3
F3 [F3] water: pass 22 head=wet shore=none land=n/a y=48.0 o2=20 probes=0 at=[-121,48,397]
F3 [F3] water: transit toward known land (oak_log) at [-122,394] d=3
F2 tunnel: 12 blocks (branch mine at the floor, steered, ore detour)
F3 [F3] water: transit toward known land (oak_log) at [-122,394] d=3
F3 [F3] water: transit stalled (d=3 after 15 passes - the walls own this swim; the release takes over)
F3 [F3] water: transit toward known land (oak_log) at [-122,394] d=3
F3 [F3] water: rescue released (surface-safe, open water - no land known; the walk gate reopens) in 10.3s
F3 [F3] water: hazard memorized at [-122,49,397] (6 live, fleet-wide)
F1 [F1] craft torches: skip (no coal: sticks 3 coals 0)
t-350s alive=19/19 mined=937 map=920p/16ch banked=0 smelted=0 pocket=1211u/220s | sand=0 gravel=0 dirt=236 stone=0
   deficits: 157926/0 (0.0%) 149380/0 (0.0%) 31860/0 (0.0%) 27420/0 (0.0%) 10725/22 (0.2%)
   F1=44[dirt:21 cobblestone:11 oak_log:7] | F2=71[cobblestone:39 raw_copper:22 andesite:9] | F3=51[cobblestone:27 diorite:5 oak_log:3] | F4=0[empty] | F5=56[cobblestone:18 dirt:11 leaf_litter:9] | F6=54[dirt:15 cobblestone:13 oak_planks:9] | F7=57[dirt:22 cobblestone:14 leaf_litter:11] | F8=23[dirt:30 stick:3 leaf_litter:3] | F9=43[dirt:24 cobblestone:15 diorite:8] | F10=44[cobblestone:20 dirt:17 oak_log:3] | F11=40[dirt:22 leaf_litter:12 oak_planks:9] | F12=78[cobblestone:58 raw_copper:51 andesite:9] | F13=63[cobblestone:37 dirt:9 stick:6] | F14=34[dirt:26 oak_log:6 oak_sapling:4] | F15=28[stick:6 oak_planks:6 cobblestone:6] | F16=78[raw_copper:40 cobblestone:31 diorite:11] | F17=68[coal:22 cobblestone:20 torch:11] | F18=38[cobblestone:17 dirt:13 leaf_litter:9] | F19=67[cobblestone:33 coal:17 torch:11]
   mem: heap=111M/148M old=-1M ext=120M ab=117M rss=372M cols=1943 ents=2812 evicted=826 path=6a/2q (max 6) stale=0
F10 [F10] craft torches: skip (no coal: sticks 3 coals 0)
F10 [F10] digShaft: water table y=54 (region strike) - stopping above the aquifer, the tunnel owns this level (regions 2)
F10 tunnel: steering iron_ore @ 4.6b (axis z+, cross 0.5, ore detour)
F3 [F3] vein sweep: 3 drop(s) in reach (3 dug)
F3 [F3] vein sweep: the drop walks picked nothing (pocket delta 0, 0 failed walk(s))
F3 [F3] vein sweep: 3 deep drop(s) skipped (dy < -2 - the lip sphere cannot reach, the walk was a guaranteed spiral)
F3 vein sweep: 3 ores dug beside the gallery (ore detour)
F12 tunnel: 12 blocks (branch mine at the floor, ore detour)
F12 bank trip: pockets full budget 188s
F12 climb out (bank): the yard stands 53 levels up over 6b lateral - the climb raises its target to the yard's level
F2 [F2] vein sweep: 8 drop(s) in reach (5 dug)
F2 [F2] vein sweep: the drop walk to [-126,45,412] failed - doomed goal (ledgered 35s ago at [-126,45,411]) - sweep drops refused (dy 2.0, range 2)
F12 [F12] climb bridge: placed cobblestone at [-123,19,405] (support) - the step re-judges
F14 tunnel: 12 blocks (branch mine at the floor, steered, floor lock)
F1 [F1] digShaft: water table y=54 (region strike) - stopping above the aquifer, the tunnel owns this level (regions 2)
F1 map trip: coal_ore
F18 [F18] climb diag: level at y=42 blocked toward 0,-1 (dug=0, wet) at [0,1,0] water (stop)
F15 [F15] vein sweep: 1 drop(s) in reach (7 dug)
F19 tunnel: 12 blocks (branch mine at the floor, steered, ore detour)
F9 [F9] craft torches: skip (no coal: sticks 4 coals 0)
F9 [F9] digShaft: water table y=54 (region strike) - stopping above the aquifer, the tunnel owns this level (regions 2)
F9 [F9] craft torches: skip (no coal: sticks 4 coals 0)
F9 [F9] digShaft: water table y=54 (region strike) - stopping above the aquifer, the tunnel owns this level (regions 2)
F9 tunnel: steering coal_ore @ 6.5b (axis x+, cross 0.6811133950834574, floor lock)
F2 [F2] vein sweep: the drop walk to [-126,45,412] failed - doomed goal (ledgered 38s ago at [-127,45,411]) - sweep drops refused (dy 2.0, range 2)
F10 tunnel: 4 blocks (branch mine at the floor, steered, ore detour)
F12 [F12] climb bridge: placed cobblestone at [-124,19,405] (pit) - the step re-judges
F15 [F15] vein sweep: the drop walk to [-103,56,411] failed - No path to the goal! (dy 0.2, range 2)
F15 [F15] vein sweep: the drop walks picked nothing (pocket delta 0, 1 failed walk(s))
F15 [F15] vein sweep: 1 below-plane walk(s) still failed on the wide goal (range 2) - the drop rests deeper than the lip
F15 vein sweep: 7 ores dug beside the gallery (floor lock)
F12 [F12] climb bridge: placed cobblestone at [-124,20,405] (support) - the step re-judges
F15 map trip skipped: sand,coal_ore unreachable
F10 [F10] vein sweep: 4 drop(s) in reach (2 dug)
F8 [F8] vein sweep: 0 drop(s) in reach (5 dug)
F8 vein sweep: 5 ores dug beside the gallery (ore detour)
[hb] n=13 ts=261s rss=378M late=60ms mainLate=405ms
F16 [F16] vein sweep: the drop walks picked nothing (pocket delta 0, 5 failed walk(s))
F16 [F16] vein sweep: 1 below-plane walk(s) still failed on the wide goal (range 2) - the drop rests deeper than the lip
F16 vein sweep: 11 ores dug beside the gallery (floor lock)
F15 tool upgrade due: cobble available -> stone_pickaxe
F5 wood trip: plank rung: converted 1->8 same-type planks (need 8, from oak_log)
F19 [F19] vein sweep: 8 drop(s) in reach (10 dug)
F17 [F17] vein sweep: 8 drop(s) in reach (24 dug)
F15 [toolupgrade] [upgrade] upgraded: stone_pickaxe,wooden_shovel,wooden_pickaxe,wooden_pickaxe
F15 tool upgrade: OK -> stone_pickaxe (stone_pickaxe,wooden_shovel,wooden_pickaxe,wooden_pickaxe)
F15 [F15] craft torches: skip (no coal: sticks 4 coals 0)
t-334s alive=19/19 mined=1045 map=936p/17ch banked=0 smelted=0 pocket=1310u/227s | sand=0 gravel=0 dirt=252 stone=0
   deficits: 157926/0 (0.0%) 149380/0 (0.0%) 31860/0 (0.0%) 27420/0 (0.0%) 10725/33 (0.3%)
   F1=50[dirt:21 cobblestone:16 oak_log:7] | F2=74[cobblestone:40 raw_copper:22 andesite:10] | F3=63[cobblestone:29 andesite:10 diorite:5] | F4=0[empty] | F5=56[cobblestone:15 oak_planks:12 dirt:11] | F6=54[dirt:15 cobblestone:13 oak_log:10] | F7=57[dirt:22 cobblestone:14 leaf_litter:11] | F8=23[dirt:31 stick:3 leaf_litter:3] | F9=53[cobblestone:25 dirt:24 diorite:8] | F10=50[cobblestone:26 dirt:17 oak_log:3] | F11=40[dirt:22 leaf_litter:12 oak_planks:9] | F12=93[cobblestone:70 raw_copper:51 andesite:9] | F13=66[cobblestone:37 dirt:9 stick:6] | F14=48[dirt:41 leaf_litter:8 oak_log:6] | F15=29[cobblestone:4 stick:4 dirt:4] | F16=84[raw_copper:40 cobblestone:37 diorite:11] | F17=84[coal:29 cobblestone:20 torch:11] | F18=38[cobblestone:17 dirt:13 leaf_litter:9] | F19=83[cobblestone:39 coal:17 torch:11]
   mem: heap=113M/151M old=-1M ext=120M ab=117M rss=379M cols=1957 ents=3040 evicted=855 path=6a/5q (max 6) stale=0
F9 tunnel: 12 blocks (branch mine at the floor, steered, floor lock)
F5 wood trip: gathered (sticks 2 planks 21 logs 5)
F2 [F2] vein sweep: +2u walked from the drops (5 dug)
F2 [F2] vein sweep: 7 below-plane walk(s) still failed on the wide goal (range 2) - the drop rests deeper than the lip
F2 vein sweep: 5 ores dug beside the gallery (ore detour)
F18 [F18] climb diag: level at y=42 blocked toward 0,-1 (dug=0, wet) at [0,1,0] water (stop)
F14 [F14] climb bridge: placed dirt at [-128,64,411] (support) - the step re-judges
F9 [F9] vein sweep: 6 drop(s) in reach (5 dug)
F15 tunnel: steering iron_ore @ 17.8b (axis x--1, cross 1.6999999999999886, ore detour)
F14 climb out (trip): OK +6 levels (6 steps, 9 dug, 17s)
F3 [F3] climb wet escape: 10 blocks walked (budget, walked 1/4)
F10 [F10] vein sweep: the drop walk to [-126,55,410] failed - sweep drops: timeout after 4000ms (dy -0.7, range 1)
F13 [F13] vein sweep: 0 drop(s) in reach (8 dug)
F13 vein sweep: 8 ores dug beside the gallery (floor lock)
F19 [F19] vein sweep: the drop walk to [-126,45,409] failed - sweep drops: timeout after 4000ms (dy 2.0, range 2)
F4 recovery brake: 2 consecutive failures - next attempt in 90s
F4 tool recovery: failed (no planks recipe)
F4 [F4] craft torches: skip (no spare sticks: sticks 0 coals 0)
F11 [F11] water: drowning rescue start (drowning, oxygen 13)
F11 [F11] water: pass 0 head=wet shore=none land=n/a y=50.1 o2=13 probes=0 at=[-139,50,422]
F2 [F2] craft torches: the metal fuel reserve holds all 1 coal for the furnace (22 raw metal held)
F12 [F12] climb rise assist: assist did not complete (goto: climb rise assist: timeout after 4500ms)
F12 [F12] climb diag: level at y=23 did not rise (food=20, dug=14) feet=air support=stone step=air head=air
F11 [F11] water: rescue complete in 2.0s
F11 [F11] water: hazard memorized at [-139,54,422] (7 live, fleet-wide)
F15 tunnel: 12 blocks (branch mine at the floor, steered, ore detour)
F10 [F10] vein sweep: +6u walked from the drops (2 dug)
F10 [F10] vein sweep: 1 deep drop(s) skipped (dy < -2 - the lip sphere cannot reach, the walk was a guaranteed spiral)
F10 vein sweep: 2 ores dug beside the gallery (ore detour)
F10 [F10] craft torches: skip (no coal: sticks 3 coals 0)
F10 [F10] digShaft: water table y=54 (region strike) - stopping above the aquifer, the tunnel owns this level (regions 2)
F10 tunnel: steering coal_ore @ 7.8b (axis x+, cross 0.49985918233267057, floor lock)
[hb] n=14 ts=281s rss=379M late=64ms mainLate=606ms
t-319s alive=19/19 mined=1135 map=943p/17ch banked=0 smelted=0 pocket=1412u/231s | sand=0 gravel=0 dirt=252 stone=0
   deficits: 157926/0 (0.0%) 149380/0 (0.0%) 31860/0 (0.0%) 27420/0 (0.0%) 10725/34 (0.3%)
   F1=50[dirt:21 cobblestone:16 oak_log:7] | F2=81[cobblestone:48 raw_copper:22 andesite:10] | F3=83[cobblestone:49 andesite:10 diorite:5] | F4=0[empty] | F5=56[cobblestone:14 oak_planks:12 dirt:12] | F6=54[dirt:15 cobblestone:13 oak_log:10] | F7=57[dirt:22 cobblestone:14 leaf_litter:11] | F8=23[dirt:31 stick:3 leaf_litter:3] | F9=60[cobblestone:26 dirt:24 diorite:8] | F10=51[cobblestone:29 dirt:17 oak_log:3] | F11=40[dirt:21 leaf_litter:12 oak_planks:9] | F12=96[cobblestone:71 raw_copper:51 andesite:10] | F13=74[cobblestone:43 dirt:9 stick:6] | F14=48[dirt:41 leaf_litter:12 oak_log:6] | F15=54[cobblestone:23 granite:5 stick:4] | F16=103[cobblestone:55 raw_copper:40 diorite:11] | F17=84[coal:32 cobblestone:20 torch:11] | F18=38[cobblestone:17 dirt:13 leaf_litter:9] | F19=83[cobblestone:40 coal:22 torch:11]
   mem: heap=111M/150M old=-1M ext=121M ab=118M rss=379M cols=1960 ents=3169 evicted=889 path=6a/5q (max 6) stale=0
F14 [F14] craft torches: skip (no coal: sticks 3 coals 0)
F7 [F7] water: drowning rescue start (drowning, oxygen 13)
F7 [F7] water: pass 0 head=wet shore=none land=n/a y=50.6 o2=13 probes=0 at=[-139,51,422]
F7 map trip skipped: sand,coal_ore unreachable
F2 [F2] craft torches: the metal fuel reserve holds all 1 coal for the furnace (22 raw metal held)
F4 tool recovery: no pickaxe - spare-pick craft first
F4 spare pick: skip (no sticks and no planks for sticks)
F4 tool recovery: spare craft failed (no sticks and no planks for sticks) - re-running the bootstrap
F1 [F1] craft torches: 1 batch(es) -> 4 torches (sticks 3 coals 3)
F7 [F7] craft torches: skip (no coal: sticks 3 coals 0)
F2 [F2] craft torches: the metal fuel reserve holds all 1 coal for the furnace (22 raw metal held)
F5 [F5] craft torches: stick-dry but 21 planks held - one stick batch first
F5 [F5] craft torches: skip (no coal: sticks 6 coals 0)
F1 [F1] digShaft: water table y=54 (region strike) - stopping above the aquifer, the tunnel owns this level (regions 2)
F1 bank trip: planned budget 155s
F2 [F2] craft torches: the metal fuel reserve holds all 1 coal for the furnace (22 raw metal held)
F17 [F17] vein sweep: +8u walked from the drops (24 dug)
F17 vein sweep: 24 ores dug beside the gallery (ore detour)
F17 wood trip: famine (sticks 2 planks 3 logs 0) - gathering
F2 [F2] craft torches: the metal fuel reserve holds all 1 coal for the furnace (22 raw metal held)
F14 [F14] digShaft: water table y=57 (region strike) - stopping above the aquifer, the tunnel owns this level (regions 2)
F14 map trip: sand
F5 [F5] digShaft: water table y=54 (region strike) - stopping above the aquifer, the tunnel owns this level (regions 2)
F5 tunnel: steering coal_ore @ 6.5b (axis z--1, cross 0.49504459355802055, ore detour)
F18 [F18] climb diag: level at y=42 blocked toward 0,-1 (dug=0, wet) at [0,1,0] water (stop)
F2 [F2] craft torches: the metal fuel reserve holds all 1 coal for the furnace (22 raw metal held)
F7 [F7] water: pass 6 head=dry shore=hit r=1 land=none y=55.2 o2=20 probes=0 at=[-139,55,422]
F2 [F2] craft torches: the metal fuel reserve holds all 1 coal for the furnace (22 raw metal held)
F7 [F7] craft torches: skip (no coal: sticks 3 coals 0)
F7 tunnel: steering coal_ore @ 8.8b (axis x+, cross 1.6998634379912687, floor lock)
F19 [F19] vein sweep: the drop walk to [-126,45,410] failed - sweep drops: timeout after 4000ms (dy 0.8, range 2)
F17 [F17] climb bridge: placed cobblestone at [-103,42,393] (support) - the step re-judges
F7 [F7] water: rescue complete in 3.3s
F7 [F7] water: hazard memorized at [-139,54,422] (8 live, fleet-wide)
F2 [F2] craft torches: the metal fuel reserve holds all 1 coal for the furnace (22 raw metal held)
F2 [F2] craft torches: the metal fuel reserve holds all 1 coal for the furnace (22 raw metal held)
F2 [F2] craft torches: the metal fuel reserve holds all 1 coal for the furnace (22 raw metal held)
F2 [F2] craft torches: the metal fuel reserve holds all 1 coal for the furnace (22 raw metal held)
F9 [F9] vein sweep: the drop walk to [-103,57,388] failed - sweep drops: timeout after 4000ms (dy 2.3, range 2)
F9 [F9] vein sweep: +9u walked from the drops (5 dug)
F9 [F9] vein sweep: 1 below-plane walk(s) still failed on the wide goal (range 2) - the drop rests deeper than the lip
F9 vein sweep: 5 ores dug beside the gallery (floor lock)
F7 tunnel: 2 blocks (branch mine at the floor, steered, floor lock)
F2 [F2] craft torches: the metal fuel reserve holds all 1 coal for the furnace (22 raw metal held)
F2 [F2] craft torches: the metal fuel reserve holds all 1 coal for the furnace (22 raw metal held)
F5 tunnel: 2 blocks (branch mine at the floor, steered, ore detour)
F1 [F1] climb bridge: placed cobblestone at [-102,56,411] (pit) - the step re-judges
F19 [F19] vein sweep: +6u walked from the drops (10 dug)
F19 [F19] vein sweep: 3 below-plane walk(s) still failed on the wide goal (range 2) - the drop rests deeper than the lip
F19 vein sweep: 10 ores dug beside the gallery (ore detour)
F2 [F2] craft torches: the metal fuel reserve holds all 1 coal for the furnace (22 raw metal held)
F1 [F1] climb bridge: placed cobblestone at [-102,57,411] (support) - the step re-judges
F5 [F5] vein sweep: 2 drop(s) in reach (1 dug)
F2 [F2] craft torches: the metal fuel reserve holds all 1 coal for the furnace (22 raw metal held)
F3 climb out (trip): OK +7 levels (7 steps, 41 dug, 10 traversed, 39s)
F2 [F2] craft torches: the metal fuel reserve holds all 1 coal for the furnace (22 raw metal held)
F5 [F5] vein sweep: the drop walk to [-102,57,387] failed - No path to the goal! (dy 1.0, range 2)
F5 [F5] vein sweep: the drop walks picked nothing (pocket delta 0, 1 failed walk(s))
F5 [F5] vein sweep: 1 below-plane walk(s) still failed on the wide goal (range 2) - the drop rests deeper than the lip
F5 [F5] vein sweep: 1 deep drop(s) skipped (dy < -2 - the lip sphere cannot reach, the walk was a guaranteed spiral)
F5 vein sweep: 1 ores dug beside the gallery (ore detour)
F2 [F2] craft torches: the metal fuel reserve holds all 1 coal for the furnace (22 raw metal held)
F19 [F19] climb bridge: placed cobblestone at [-124,43,409] (support) - the step re-judges
F15 [F15] vein sweep: 6 drop(s) in reach (12 dug)
F2 [F2] craft torches: the metal fuel reserve holds all 1 coal for the furnace (22 raw metal held)
F2 map trip: coal_ore
F5 climb out (trip): OK +2 levels (1 steps, 0 dug, 2s)
F10 tunnel: 12 blocks (branch mine at the floor, steered, floor lock)
F7 [F7] water: drowning rescue start (drowning, oxygen 13)
F7 [F7] water: pass 0 head=wet shore=none land=n/a y=51.0 o2=13 probes=0 at=[-137,51,421]
F7 [F7] water: pass 4 head=dry shore=hit r=2 land=none y=54.4 o2=16 probes=0 at=[-138,54,421]
t-304s alive=19/19 mined=1267 map=949p/17ch banked=0 smelted=0 pocket=1563u/235s | sand=0 gravel=0 dirt=270 stone=0
   deficits: 157926/0 (0.0%) 149380/0 (0.0%) 31860/0 (0.0%) 27420/0 (0.0%) 10725/50 (0.5%)
   F1=58[dirt:21 cobblestone:18 oak_log:7] | F2=98[cobblestone:58 raw_copper:22 andesite:18] | F3=92[cobblestone:64 andesite:10 diorite:5] | F4=0[empty] | F5=61[cobblestone:18 oak_planks:12 dirt:12] | F6=54[dirt:15 cobblestone:13 oak_log:11] | F7=60[dirt:22 cobblestone:16 leaf_litter:11] | F8=23[dirt:31 stick:3 leaf_litter:3] | F9=68[cobblestone:36 dirt:24 diorite:8] | F10=64[cobblestone:42 dirt:17 oak_log:3] | F11=40[dirt:22 leaf_litter:12 oak_planks:9] | F12=110[cobblestone:75 raw_copper:51 granite:10] | F13=86[cobblestone:50 dirt:14 stick:6] | F14=53[dirt:53 leaf_litter:15 oak_log:6] | F15=65[cobblestone:25 granite:5 stick:4] | F16=117[cobblestone:65 raw_copper:40 diorite:11] | F17=93[coal:37 cobblestone:24 torch:11] | F18=38[cobblestone:17 dirt:13 leaf_litter:9] | F19=87[cobblestone:43 coal:22 torch:11]
   mem: heap=105M/151M old=-1M ext=119M ab=116M rss=374M cols=1925 ents=3228 evicted=924 path=6a/2q (max 6) stale=0
F10 [F10] climb bridge: placed cobblestone at [-123,56,409] (support) - the step re-judges
F19 [F19] climb bridge: placed cobblestone at [-123,43,409] (pit) - the step re-judges
F7 [F7] water: pass 7 head=wet shore=none land=n/a y=53.6 o2=20 probes=0 at=[-138,54,421]
F19 [F19] climb bridge: placed cobblestone at [-123,44,409] (support) - the step re-judges
[hb] n=15 ts=301s rss=375M late=69ms mainLate=338ms
F7 [F7] water: pass 10 head=wet shore=none land=n/a y=53.7 o2=20 probes=0 at=[-138,54,421]
F10 [F10] climb bridge: placed cobblestone at [-124,56,409] (pit) - the step re-judges
F18 climb out (trip): failed - stalled
F18 map trip skipped: cannot leave the shaft
F10 [F10] climb bridge: placed cobblestone at [-124,57,409] (support) - the step re-judges
F7 [F7] water: pass 14 head=dry shore=hit r=2 land=none y=55.2 o2=20 probes=0 at=[-138,55,421]
F2 [F2] craft torches: the metal fuel reserve holds all 1 coal for the furnace (22 raw metal held)
F3 [F3] craft torches: skip (no coal: sticks 3 coals 0)
F3 [F3] digShaft: water table y=54 (region strike) - stopping above the aquifer, the tunnel owns this level (regions 2)
F3 map trip: coal_ore
F7 [F7] water: pass 21 head=wet shore=none land=n/a y=53.7 o2=20 probes=0 at=[-138,54,421]
F8 map trip skipped: sand,coal_ore unreachable
F3 [F3] craft torches: skip (no coal: sticks 3 coals 0)
F3 [F3] digShaft: water table y=54 (region strike) - stopping above the aquifer, the tunnel owns this level (regions 2)
F3 tunnel: steering coal_ore @ 5.5b (axis z--1, cross 0.5, ore detour)
F15 [F15] vein sweep: the drop walk to [-106,44,403] failed - sweep drops: timeout after 4000ms (dy 1.0, range 2)
F7 [F7] water: pass 25 head=dry shore=hit r=2 land=none y=55.2 o2=20 probes=0 at=[-138,55,421]
F13 [F13] climb bridge: unavailable (no solid floor underfoot)
F13 [F13] climb diag: level at y=67 blocked toward 0,-1 (dug=24)
F16 [F16] water: drowning rescue start (drowning, oxygen 12)
F16 [F16] water: pass 0 head=wet shore=none land=n/a y=55.0 o2=12 probes=0 at=[-99,55,358]
F7 [F7] water: pass 29 head=wet shore=none land=n/a y=53.6 o2=20 probes=0 at=[-138,54,421]
F16 [F16] water: pass 3 head=wet shore=none land=n/a y=56.2 o2=17 probes=0 at=[-99,56,359]
t-288s alive=19/19 mined=1358 map=949p/17ch banked=0 smelted=0 pocket=1673u/238s | sand=0 gravel=7 dirt=299 stone=0
   deficits: 157926/0 (0.0%) 149380/7 (0.0%) 31860/0 (0.0%) 27420/0 (0.0%) 10725/53 (0.5%)
   F1=71[cobblestone:28 dirt:24 oak_log:7] | F2=105[cobblestone:58 raw_copper:22 andesite:19] | F3=96[cobblestone:72 andesite:10 diorite:5] | F4=0[empty] | F5=61[cobblestone:22 dirt:13 oak_planks:12] | F6=54[dirt:15 cobblestone:13 oak_log:10] | F7=60[dirt:22 cobblestone:16 leaf_litter:11] | F8=23[dirt:31 stick:3 leaf_litter:3] | F9=78[cobblestone:39 dirt:32 diorite:8] | F10=76[cobblestone:44 dirt:24 oak_log:3] | F11=40[dirt:22 leaf_litter:12 oak_planks:9] | F12=123[cobblestone:81 raw_copper:51 granite:14] | F13=92[cobblestone:49 dirt:21 leaf_litter:8] | F14=53[dirt:53 leaf_litter:15 oak_log:6] | F15=65[cobblestone:26 granite:5 stick:4] | F16=121[cobblestone:65 raw_copper:40 diorite:11] | F17=105[coal:37 cobblestone:36 torch:11] | F18=38[cobblestone:17 dirt:13 leaf_litter:9] | F19=97[cobblestone:50 coal:22 torch:11]
   mem: heap=104M/151M old=-1M ext=119M ab=117M rss=374M cols=1930 ents=3270 evicted=935 path=6a/1q (max 6) stale=0
F13 [F13] climb bridge: placed cobblestone at [-112,66,405] (support) - the step re-judges
F7 [F7] water: pass 32 head=wet shore=none land=n/a y=53.7 o2=20 probes=0 at=[-138,54,421]
F15 [F15] vein sweep: the drop walk to [-108,44,401] failed - sweep drops: timeout after 4000ms (dy 1.0, range 2)
F13 [F13] climb bridge: placed cobblestone at [-112,66,404] (support) - the step re-judges
F16 [F16] water: deep-pocket ascend - dug the ceiling dirt at [-100,58,358] (jump stalled 4+ passes, o2 20)
F16 [F16] water: pass 7 head=wet shore=none land=n/a y=56.4 o2=20 probes=0 at=[-99,56,359]
F13 climb out (trip): OK +12 levels (11 steps, 24 dug, 41s)
F7 [F7] water: pass 37 head=wet shore=none land=n/a y=53.6 o2=20 probes=0 at=[-138,54,421]
F13 map trip skipped: sand,coal_ore unreachable
F5 [F5] craft torches: skip (no coal: sticks 6 coals 0)
F3 tunnel: 4 blocks (branch mine at the floor, steered, ore detour)
F16 [F16] water: pass 11 head=wet shore=none land=n/a y=56.4 o2=20 probes=0 at=[-99,56,359]
F16 [F16] water: frozen physics (10 flat passes at y=56.4, o2=20, head WET) - standing down, the reconnect lane owns this
F16 [F16] water: rescue standing down (frozen physics - the walk gate reopens, the reconnect lane owns a dead client) in 6.6s
F16 [F16] water: frozen client relog (#1 consecutive) (frozen while head-wet (1 verdict) - the drowning clock owns this client) - ending the session, the reconnect lane rebuilds the physics; the drowning sentry holds non-critical pages 10s (the frozen-return gate)
F16 [F16] water: hazard memorized at [-100,56,358] (7 live, fleet-wide)
F16 [F16] water: frozen-return gate holds the page (10s left) - the fresh client walks the hazard-ledgered column out
F15 [F15] vein sweep: +5u walked from the drops (12 dug)
F15 [F15] vein sweep: 2 below-plane walk(s) still failed on the wide goal (range 2) - the drop rests deeper than the lip
F15 vein sweep: 12 ores dug beside the gallery (ore detour)
F3 [F3] vein sweep: 5 drop(s) in reach (2 dug)
F9 [F9] climb bridge: unavailable (no solid floor underfoot)
F9 [F9] climb diag: level at y=66 blocked toward -1,0 (dug=18)
F7 [F7] water: rescue timeout (still wet, 43 passes, 0 probes, tail wet/dry/dry) in 25.3s
F7 [F7] water: hazard memorized at [-138,54,421] (8 live, fleet-wide)
F9 [F9] climb bridge: unavailable (no solid floor underfoot)
F9 [F9] climb diag: level at y=65 blocked toward 0,-1 (dug=18)
F3 [F3] vein sweep: the drop walk to [-102,57,387] failed - doomed goal (ledgered 27s ago at [-103,57,387]) - sweep drops refused (dy 1.0, range 2)
F7 [F7] water: drowning rescue start (drowning, oxygen 20)
F7 [F7] water: pass 0 head=wet shore=none land=n/a y=53.8 o2=20 probes=0 at=[-138,54,421]
F3 [F3] vein sweep: the drop walk to [-103,56,387] failed - doomed goal (ledgered 28s ago at [-103,56,386]) - sweep drops refused (dy 0.3, range 2)
F13 tool upgrade due: cobble available -> stone_pickaxe
F6 wood trip: gathered (sticks 1 planks 9 logs 10)
F2 tunnel: 13 blocks (branch mine at the floor, ore detour)
F2 bank trip: planned budget 190s
F2 climb out (bank): the yard stands 56 levels up over 5b lateral - the climb raises its target to the yard's level
[hb] n=16 ts=321s rss=380M late=74ms mainLate=693ms
F9 [F9] climb bridge: the server refused the pit fill at [-112,64,390] - the rotate ladder owns it (held=cobblestone, 0.7b, ref=grass_block, post=? (re-read failed))
F9 [F9] climb diag: level at y=65 blocked toward 1,0 (dug=18)
F7 [F7] water: pass 3 head=wet shore=none land=n/a y=53.9 o2=20 probes=0 at=[-138,54,421]
F6 [F6] climb bridge: placed cobblestone at [-117,64,425] (support) - the step re-judges
F2 [F2] climb bridge: placed cobblestone at [-118,16,412] (support) - the step re-judges
F13 [toolupgrade] [upgrade] upgraded: stone_pickaxe,wooden_shovel,wooden_pickaxe
F13 tool upgrade: OK -> stone_pickaxe (stone_pickaxe,wooden_shovel,wooden_pickaxe)
F13 sword due: cobble available
F7 [F7] water: pass 8 head=wet shore=none land=n/a y=53.6 o2=20 probes=0 at=[-138,54,421]
F7 [F7] vein sweep: 3 drop(s) in reach (1 dug)
F3 [F3] vein sweep: +5u walked from the drops (2 dug)
F3 [F3] vein sweep: 3 below-plane walk(s) still failed on the wide goal (range 2) - the drop rests deeper than the lip
F3 [F3] vein sweep: 1 deep drop(s) skipped (dy < -2 - the lip sphere cannot reach, the walk was a guaranteed spiral)
F3 vein sweep: 2 ores dug beside the gallery (ore detour)
F3 bank trip: planned budget 156s
F7 [F7] vein sweep: the drop walk to [-141,56,420] failed - water rescue in progress (sweep drops refused) (dy 2.1, range 2)
F7 [F7] vein sweep: the drop walk to [-143,56,420] failed - water rescue in progress (sweep drops refused) (dy 2.1, range 2)
F7 [F7] vein sweep: the drop walks picked nothing (pocket delta 0, 2 failed walk(s))
F7 [F7] vein sweep: 2 below-plane walk(s) still failed on the wide goal (range 2) - the drop rests deeper than the lip
F7 [F7] vein sweep: 1 deep drop(s) skipped (dy < -2 - the lip sphere cannot reach, the walk was a guaranteed spiral)
F7 vein sweep: 1 ores dug beside the gallery (floor lock)
F7 bank trip: planned budget 164s
F7 climb out (bank): failed - rescue owns the bot
F7 climb out (bank): no retry (no retry for 'rescue owns the bot')
F7 climb out (trip): failed - rescue owns the bot
F7 map trip skipped: cannot leave the shaft
F7 [F7] craft torches: skip (no coal: sticks 3 coals 0)
F13 sword: OK (stone_sword, holds 1)
F13 sword: OK (stone_sword)
F13 [F13] craft torches: skip (no coal: sticks 3 coals 0)
F6 climb out (trip): OK +2 levels (2 steps, 5 dug, 5s)
F16 [F16] climb diag: level at y=55 blocked toward 0,-1 (dug=43) dig failed at [-100,57,357] dirt (held=wooden_shovel, airborne, post=water STILL THERE (server never broke it))
F10 [F10] climb diag: level at y=65 blocked toward -1,0 (dug=17)
F7 [F7] water: pass 13 head=wet shore=none land=n/a y=53.9 o2=20 probes=0 at=[-138,54,421]
F8 [F8] craft torches: skip (no coal: sticks 3 coals 0)
t-273s alive=19/19 mined=1443 map=994p/17ch banked=0 smelted=0 pocket=1756u/247s | sand=0 gravel=20 dirt=322 stone=0
   deficits: 157926/0 (0.0%) 149380/20 (0.0%) 31860/0 (0.0%) 27420/0 (0.0%) 10725/58 (0.5%)
   F1=79[dirt:34 cobblestone:28 leaf_litter:9] | F2=116[cobblestone:60 raw_copper:22 andesite:19] | F3=98[cobblestone:77 andesite:10 diorite:5] | F4=0[empty] | F5=77[cobblestone:30 dirt:14 leaf_litter:14] | F6=59[dirt:15 oak_log:10 oak_planks:9] | F7=60[dirt:22 cobblestone:16 leaf_litter:11] | F8=23[dirt:35 leaf_litter:6 stick:3] | F9=83[cobblestone:36 dirt:33 diorite:8] | F10=79[cobblestone:43 dirt:29 oak_log:3] | F11=40[dirt:22 leaf_litter:12 oak_planks:9] | F12=134[cobblestone:82 raw_copper:51 gravel:15] | F13=95[cobblestone:43 dirt:23 leaf_litter:9] | F14=53[dirt:53 leaf_litter:15 oak_log:6] | F15=65[cobblestone:26 granite:5 stick:4] | F16=121[cobblestone:65 raw_copper:40 diorite:11] | F17=118[cobblestone:49 coal:37 torch:11] | F18=38[cobblestone:17 dirt:13 leaf_litter:9] | F19=105[cobblestone:57 coal:22 torch:12]
   mem: heap=105M/153M old=-1M ext=119M ab=117M rss=380M cols=1936 ents=3383 evicted=974 path=6a/1q (max 6) stale=0
F14 [F14] craft torches: skip (no coal: sticks 3 coals 0)
F10 [F10] climb bridge: placed cobblestone at [-131,64,408] (support) - the step re-judges
F7 [F7] water: pass 18 head=dry shore=hit r=2 land=none y=55.0 o2=20 probes=0 at=[-138,55,421]
F14 [F14] digShaft: water table y=57 (region strike) - stopping above the aquifer, the tunnel owns this level (regions 2)
F14 bank trip: planned budget 163s
F10 [F10] climb bridge: placed cobblestone at [-132,64,408] (support) - the step re-judges
F1 [F1] climb diag: level at y=69 blocked toward 1,0 (dug=30)
F8 [F8] digShaft: water table y=57 (region strike) - stopping above the aquifer, the tunnel owns this level (regions 2)
F8 bank trip: planned budget 171s
F17 climb out (wood trip): OK +13 levels (13 steps, 36 dug, 46s)
F10 [F10] climb diag: level at y=66 blocked toward 0,-1 (dug=17)
F10 [F10] climb diag: level at y=65 blocked toward 1,0 (dug=17)
F7 [F7] water: pass 23 head=dry shore=hit r=2 land=none y=54.9 o2=20 probes=0 at=[-138,55,421]
F1 [F1] climb bridge: placed cobblestone at [-91,68,412] (support) - the step re-judges
F1 [F1] climb: walkable surface at y=68 (+12 levels, dug=30) - the walk takes over (blocked step)
F1 climb out (bank): OK +12 levels (12 steps, 30 dug, undefineds)
F1 bank: holding 45s of 155s for the smelt leg
F13 [F13] digShaft: water table y=54 (region strike) - stopping above the aquifer, the tunnel owns this level (regions 2)
F13 tunnel: steering coal_ore @ 6.7b (axis x--1, cross 1.5, ore detour)
F3 [F3] climb rise assist: assist did not complete (goto: climb rise assist: timeout after 4500ms)
F7 [F7] water: pass 27 head=wet shore=none land=n/a y=53.6 o2=20 probes=0 at=[-138,54,421]
F12 [F12] climb diag: level at y=29 did not rise (food=17, dug=57) feet=air support=stone step=gravel head=air
F5 map trip: sand
F5 [F5] craft torches: skip (no coal: sticks 6 coals 0)
F5 tunnel: steering coal_ore @ 9.6b (axis x--1, cross 0.30000000000001137, ore detour)
F3 [F3] climb diag: level at y=57 did not rise (food=20, dug=1) feet=air support=air step=stone head=air
F7 [F7] craft torches: skip (no coal: sticks 3 coals 0)
F6 [F6] craft torches: stick-dry but 9 planks held - one stick batch first
F6 [F6] craft torches: skip (no coal: sticks 6 coals 0)
F14 climb out (bank): OK +2 levels (2 steps, 5 dug, 5s)
F7 [F7] water: pass 34 head=dry shore=hit r=2 land=none y=54.9 o2=20 probes=0 at=[-138,55,421]
F6 [F6] digShaft: water table y=57 (region strike) - stopping above the aquifer, the tunnel owns this level (regions 2)
F6 map trip: sand
F8 climb out (bank): OK +4 levels (3 steps, 8 dug, 7s)
F7 [F7] water: pass 40 head=dry shore=hit r=2 land=none y=55.0 o2=20 probes=0 at=[-138,55,421]
F9 [F9] climb rise assist: assist did not complete (goto: No path to the goal!)
F1 [F1] raw hop failed: raw walk stalled after 2176ms (d=10.1) - pathfinder retry
F5 [F5] water: drowning rescue start (drowning, oxygen 14)
F5 [F5] water: pass 0 head=wet shore=none land=n/a y=39.0 o2=14 probes=0 at=[-88,39,377]
F16 [F16] climb diag: level at y=56 blocked toward -1,0 (dug=43, wet) at [0,1,0] water (stop)
F7 [F7] water: pass 45 head=dry shore=hit r=2 land=none y=54.9 o2=20 probes=0 at=[-138,55,421]
F7 tunnel: steering coal_ore @ 7.9b (axis x+, cross 3.6999999999999886, floor lock)
F5 [F5] water: deep-pocket ascend - dug the ceiling stone at [-88,41,377] (jump stalled 4+ passes, o2 17)
F15 sword due: cobble available
F15 sword: no table reachable or placeable
F15 sword: failed (no table)
F15 [F15] craft torches: 2 batch(es) -> 8 torches (sticks 4 coals 2)
[hb] n=17 ts=341s rss=380M late=79ms mainLate=837ms
F5 [F5] water: pass 8 head=wet shore=none land=n/a y=39.4 o2=20 probes=0 at=[-88,39,377]
F5 [F5] water: frozen physics (10 flat passes at y=39.4, o2=20, head WET) - standing down, the reconnect lane owns this
F5 [F5] water: rescue standing down (frozen physics - the walk gate reopens, the reconnect lane owns a dead client) in 2.4s
F5 [F5] water: frozen client relog (#1 consecutive) (frozen while head-wet (1 verdict) - the drowning clock owns this client) - ending the session, the reconnect lane rebuilds the physics; the drowning sentry holds non-critical pages 10s (the frozen-return gate)
F5 [F5] water: hazard memorized at [-88,39,377] (7 live, fleet-wide)
F15 tunnel: steering coal_ore @ 5.3b (axis z--1, cross 2.5, ore detour)
F13 tunnel: 12 blocks (branch mine at the floor, steered, ore detour)
F9 climb out (trip): OK +16 levels (16 steps, 28 dug, 55s)
F9 map trip skipped: sand,coal_ore unreachable
t-258s alive=19/19 mined=1558 map=1009p/17ch banked=0 smelted=0 pocket=1904u/250s | sand=0 gravel=32 dirt=357 stone=0
   deficits: 157926/0 (0.0%) 149380/32 (0.0%) 31860/0 (0.0%) 27420/0 (0.0%) 10725/64 (0.6%)
   F1=80[dirt:35 cobblestone:27 leaf_litter:9] | F2=133[cobblestone:74 raw_copper:27 andesite:19] | F3=110[cobblestone:87 andesite:10 diorite:5] | F4=0[empty] | F5=88[cobblestone:41 dirt:14 leaf_litter:14] | F6=64[dirt:29 oak_log:10 cobblestone:8] | F7=61[dirt:22 cobblestone:17 leaf_litter:11] | F8=34[dirt:47 leaf_litter:9 stick:3] | F9=88[cobblestone:35 dirt:33 diorite:8] | F10=80[cobblestone:41 dirt:29 oak_log:3] | F11=40[dirt:21 oak_planks:13 leaf_litter:12] | F12=142[cobblestone:82 raw_copper:51 gravel:24] | F13=114[cobblestone:61 dirt:24 leaf_litter:9] | F14=60[dirt:60 leaf_litter:15 oak_log:6] | F15=65[cobblestone:27 torch:8 granite:5] | F16=121[cobblestone:65 raw_copper:40 diorite:11] | F17=120[cobblestone:56 coal:38 torch:11] | F18=38[cobblestone:17 dirt:13 leaf_litter:9] | F19=120[cobblestone:61 coal:22 torch:12]
   mem: heap=111M/151M old=-1M ext=119M ab=116M rss=381M cols=1922 ents=3239 evicted=1013 path=5a/0q (max 6) stale=0
F14 [F14] raw hop failed: raw walk: no net progress for 8270ms (best d=11.1) - pathfinder retry
F9 sword due: cobble available
F9 sword: no table reachable or placeable
F9 sword: failed (no table)
F9 [F9] craft torches: 2 batch(es) -> 8 torches (sticks 4 coals 7)
F15 tunnel: 0 blocks (branch mine at the floor, steered, ore detour)
F7 [F7] water: rescue timeout (still wet, 61 passes, 0 probes, tail wet/dry/dry) in 25.2s
F7 [F7] water: hazard memorized at [-138,54,421] (8 live, fleet-wide)
F7 [F7] water: repeat wet page at the same cell (o2 20) - standing down, the walk machinery owns the exit
F7 tunnel: 2 blocks (branch mine at the floor, steered, floor lock)
F1 [F1] direct deposit: 27 chest slots derived from the 63-slot view
F1 [F1] fuel tithe: banked 1 x coal (pocket keeps 6)
F1 [F1] banked 46 items at (-98, 72, 410) (direct=3 fallback=0 mirror=true kept: oak_log, oak_planks, crafting_table, stick)
F1 camp furnace: 11 near machine(s) all beyond the 24b direct envelope (nearest d=35.3) - the bay reads as empty, the camp ladder decides on its own merits
F1 camp furnace: place-table (table item held - place it first)
F11 wood trip: gathered (sticks 2 planks 19 logs 5)
F8 [F8] raw hop failed: raw walk: no net progress for 8699ms (best d=16.3) - pathfinder retry
F18 [F18] craft torches: skip (no coal: sticks 3 coals 0)
F18 bank trip: planned budget 163s
F18 climb out (bank): the yard stands 30 levels up over 29b lateral - the climb raises its target to the yard's level
F12 [F12] climb diag: level at y=30 did not rise (food=17, dug=63) feet=air support=stone step=gravel head=air
F12 climb out (bank): failed - timeout
F12 climb out (bank): retry (escalated retry after timeout, fenced to 90s of the 92s the chain has left)
F15 [F15] vein sweep: 8 drop(s) in reach (4 dug)
F12 [F12] climb bridge: the server refused the pit fill at [-127,29,395] - the rotate ladder owns it (held=cobblestone, 1.3b, ref=stone, post=? (re-read failed))
F12 [F12] climb diag: level at y=30 blocked toward -1,0 (dug=0)
F19 climb out (trip): OK +10 levels (15 steps, 42 dug, 61s)
F14 [F14] hop: chest at [-138,72,402] d=11 zero: chest unreachable (Took to long to decide path to goal!)
F14 [F14] chest skip (no path cached 0s ago at [-138,72,404])
F14 [F14] chest skip (no path cached 0s ago at [-138,72,406])
F11 [F11] climb bridge: unavailable (no solid floor underfoot)
F11 [F11] climb diag: level at y=60 blocked toward -1,0 (dug=1)
F16 [F16] climb diag: level at y=56 blocked toward -1,0 (dug=43, wet) at [0,1,0] water (stop)
t-243s alive=19/19 mined=1603 map=998p/17ch banked=0 smelted=0 pocket=1908u/251s | sand=0 gravel=36 dirt=338 stone=0
   deficits: 157926/0 (0.0%) 149380/36 (0.0%) 31860/0 (0.0%) 27420/0 (0.0%) 10725/74 (0.7%)
   F1=80[cobblestone:19 oak_log:7 coal:6] | F2=140[cobblestone:82 raw_copper:27 andesite:19] | F3=119[cobblestone:89 dirt:12 andesite:10] | F4=0[empty] | F5=88[cobblestone:41 dirt:14 leaf_litter:14] | F6=64[dirt:29 oak_log:10 cobblestone:8] | F7=62[dirt:22 cobblestone:17 leaf_litter:11] | F8=34[dirt:48 leaf_litter:12 stick:3] | F9=88[cobblestone:35 dirt:33 torch:8] | F10=80[cobblestone:41 dirt:29 oak_log:3] | F11=43[dirt:24 oak_planks:13 leaf_litter:12] | F12=147[cobblestone:83 raw_copper:51 gravel:28] | F13=125[cobblestone:61 dirt:24 leaf_litter:9] | F14=60[dirt:64 leaf_litter:27 oak_log:6] | F15=69[cobblestone:28 torch:8 granite:5] | F16=121[cobblestone:65 raw_copper:40 diorite:11] | F17=120[cobblestone:56 coal:38 torch:11] | F18=38[cobblestone:17 dirt:13 leaf_litter:9] | F19=125[cobblestone:61 coal:22 andesite:16]
   mem: heap=113M/152M old=-1M ext=118M ab=115M rss=376M cols=1909 ents=3392 evicted=1044 path=6a/2q (max 6) stale=0
F15 [F15] vein sweep: the drop walk to [-108,44,401] failed - sweep drops: timeout after 4000ms (dy 1.0, range 2)
F13 [F13] vein sweep: 8 drop(s) in reach (13 dug)
F16 climb out (trip): failed - timeout
F16 map trip skipped: cannot leave the shaft
F19 [F19] craft torches: stick-dry with logs held - one plank conversion first
F12 [F12] climb diag: level at y=30 did not rise (food=17, dug=4) feet=air support=stone step=gravel head=air
F18 [F18] climb diag: level at y=42 blocked toward 0,-1 (dug=0, wet) at [0,1,0] water (stop)
F9 bank trip: planned budget 138s
F9 bank: holding 45s of 138s for the smelt leg
F5 tunnel: 3 blocks (branch mine at the floor, steered, ore detour)
F5 bank trip: planned budget 150s
F19 [F19] craft torches: stick-dry but 7 planks held - one stick batch first
F4 recovery brake: 3 consecutive failures - next attempt in 180s
F4 tool recovery: failed (no planks recipe)
F4 [F4] craft torches: skip (no spare sticks: sticks 0 coals 0)
[hb] n=18 ts=361s rss=381M late=84ms mainLate=724ms
F19 [F19] craft torches: 3 batch(es) -> 12 torches (sticks 2 coals 22)
F1 camp furnace: BUILT (furnace at -95,72,411) in 16s
[F1] furnace within reach - opening without a walk
F8 [F8] hop: chest at [-138,72,412] d=17 zero: chest unreachable (Took to long to decide path to goal!)
F8 [F8] chest skip (no path cached 0s ago at [-138,72,410])
F8 [F8] chest skip (no path cached 0s ago at [-138,72,408])
[F1] fuel clips the batch: 1 x oak_log completes 1 of 11 x cobblestone (the rest re-smelts on the next chain)
[F1] the clock clips the batch: the 73s window completes ~6 of 11 x cobblestone (the rest re-smelts on the next chain)
[F1] furnace slots after put: input=cobblestone fuel=empty
[F1] smelting 1 x cobblestone in a furnace (fuel: 1 x oak_log)
F7 [F7] craft torches: skip (no coal: sticks 3 coals 0)
F9 [F9] direct deposit: 27 chest slots derived from the 63-slot view
F9 camp furnace: 1 near machine(s) beyond the 24b direct envelope (nearest d=2.4) - 11 inside the envelope keep the veto
F9 camp furnace: no build (machine near)
F9 fuel anchor scan returned empty (attempt 1/2) at [-119,72,388] yard d=8 - the palette empty-return class, re-querying
F9 fuel anchor scan returned empty (attempt 2/2) at [-119,72,388] yard d=8
F9 fuel anchor scan empty x2 - the singular probe rescued the scan (chest at [-119,72,386])
F9 fuel commons: the anchor chest is read first
F14 [F14] raw hop failed: raw walk: no net progress for 8443ms (best d=8.0) - pathfinder retry
F9 fuel commons: chest holds no fuel
F13 [F13] vein sweep: the drop walk to [-122,57,397] failed - goal brake: 6 goals in 5s - sweep drops refused for 4s (dy 0.4, range 2)
F13 [F13] vein sweep: +8u walked from the drops (13 dug)
F13 [F13] vein sweep: 1 below-plane walk(s) still failed on the wide goal (range 2) - the drop rests deeper than the lip
F13 vein sweep: 13 ores dug beside the gallery (ore detour)
F13 wood trip: famine (sticks 3 planks 3 logs 0) - gathering
F3 [F3] climb bridge: unavailable (no solid floor underfoot)
F3 [F3] climb diag: level at y=67 blocked toward 0,1 (dug=22)
F9 fuel commons: chest holds no fuel
F4 tunnel: 0 blocks (branch mine at the floor, ore detour)
F4 [F4] craft torches: skip (no spare sticks: sticks 0 coals 0)
F5 [surplus] craft stick: variant#2 attempt0 failed: craft stick: timeout after 7000ms
F5 [surplus] [tools] closing stale craft window (minecraft:inventory) - grid recovery
F7 [F7] water: repeat wet page at the same cell (o2 14) - standing down, the walk machinery owns the exit
F6 sword due: cobble available
F6 sword: no table reachable or placeable
F6 sword: failed (no table)
F6 [F6] craft torches: skip (no coal: sticks 6 coals 0)
F6 [F6] digShaft: water table y=57 (region strike) - stopping above the aquifer, the tunnel owns this level (regions 2)
F6 [F6] craft torches: skip (no coal: sticks 6 coals 0)
F6 [F6] digShaft: water table y=57 (region strike) - stopping above the aquifer, the tunnel owns this level (regions 2)
F6 tunnel: steering copper_ore @ 9.3b (axis z--1, cross 2.6030445658240637, floor lock)
F15 [F15] vein sweep: the drop walk to [-106,43,400] failed - sweep drops: timeout after 4000ms (dy 0.0, range 1)
F9 fuel commons: chest holds no fuel
F15 [F15] vein sweep: +15u walked from the drops (4 dug)
F15 [F15] vein sweep: 1 below-plane walk(s) still failed on the wide goal (range 2) - the drop rests deeper than the lip
F15 vein sweep: 4 ores dug beside the gallery (ore detour)
F15 [F15] craft torches: stick-dry with logs held - one plank conversion first
F13 [F13] climb bridge: placed cobblestone at [-122,57,396] (support) - the step re-judges
F3 [F3] climb bridge: placed cobblestone at [-102,66,399] (pit) - the step re-judges
F14 [F14] hop: chest at [-133,72,402] d=9 zero: chest unreachable (Took to long to decide path to goal!)
F14 [F14] chest skip (no path cached 0s ago at [-133,72,404])
F14 [F14] chest skip (no path cached 0s ago at [-133,72,406])
F11 climb out (trip): OK +7 levels (6 steps, 9 dug, 17s)
F3 [F3] climb bridge: placed cobblestone at [-102,67,399] (support) - the step re-judges
F7 [F7] digShaft: water hazard 0.4b away (live 8) - refusing this column, the caller rotates
F7 [F7] craft torches: skip (no coal: sticks 3 coals 0)
F7 [F7] digShaft: water hazard 0.4b away (live 8) - refusing this column, the caller rotates
F7 tunnel: steering coal_ore @ 6.6b (axis x+, cross 1.6999999999999886, floor lock)
F7 tunnel: 0 blocks (branch mine at the floor, steered, floor lock)
F15 [F15] craft torches: stick-dry but 7 planks held - one stick batch first
F15 [F15] craft torches: 4 batch(es) -> 16 torches (sticks 2 coals 13)
F7 [F7] water: drowning rescue start (drowning, oxygen 11)
F7 [F7] water: pass 0 head=wet shore=none land=n/a y=50.5 o2=11 probes=0 at=[-139,51,422]
F9 fuel commons: chest holds no fuel
F6 tunnel: 2 blocks (branch mine at the floor, steered, floor lock)
F8 [F8] raw hop failed: raw walk: no net progress for 8474ms (best d=8.0) - pathfinder retry
F3 [F3] climb diag: level at y=69 blocked toward -1,0 (dug=24)
F9 fuel commons: chest holds no fuel
F4 tunnel: 0 blocks (branch mine at the floor, floor lock)
F15 tunnel: steering copper_ore @ 8b (axis z+, cross 0.36729324193126445, floor lock)
F7 [F7] water: pass 5 head=wet shore=none land=n/a y=53.9 o2=17 probes=0 at=[-139,54,422]
t-227s alive=19/19 mined=1647 map=1013p/17ch banked=0 smelted=0 pocket=1974u/250s | sand=0 gravel=41 dirt=336 stone=0
   deficits: 157926/0 (0.0%) 149380/41 (0.0%) 31860/0 (0.0%) 27420/0 (0.0%) 10725/83 (0.8%)
   F1=80[cobblestone:19 oak_log:7 coal:6] | F2=149[cobblestone:91 raw_copper:27 andesite:19] | F3=122[cobblestone:87 dirt:14 andesite:10] | F4=0[empty] | F5=88[cobblestone:41 dirt:14 leaf_litter:14] | F6=66[dirt:46 oak_log:10 cobblestone:8] | F7=62[dirt:22 cobblestone:17 leaf_litter:11] | F8=34[dirt:48 leaf_litter:12 stick:3] | F9=88[cobblestone:35 torch:8 coal:5] | F10=80[cobblestone:41 dirt:29 oak_log:3] | F11=49[dirt:30 leaf_litter:17 oak_planks:13] | F12=155[cobblestone:85 raw_copper:51 gravel:33] | F13=130[cobblestone:62 dirt:26 coal:11] | F14=60[dirt:64 leaf_litter:27 oak_log:6] | F15=69[cobblestone:29 torch:24 coal:9] | F16=121[cobblestone:65 raw_copper:40 diorite:11] | F17=120[cobblestone:59 coal:38 torch:11] | F18=38[cobblestone:17 dirt:13 leaf_litter:9] | F19=136[cobblestone:61 andesite:25 torch:23]
   mem: heap=109M/152M old=-1M ext=118M ab=115M rss=378M cols=1905 ents=3198 evicted=1078 path=6a/0q (max 6) stale=0
[F1] took 1 x stone (1/1)
F9 fuel commons: chest holds no fuel
F7 [F7] water: rescue complete in 3.8s
F7 [F7] water: hazard memorized at [-139,53,422] (7 live, fleet-wide)
F11 [F11] craft torches: stick-dry but 19 planks held - one stick batch first
F11 [F11] craft torches: skip (no coal: sticks 6 coals 0)
F9 fuel commons: chest holds no fuel
F6 [F6] craft torches: skip (no coal: sticks 6 coals 0)
F6 [F6] digShaft: water table y=57 (region strike) - stopping above the aquifer, the tunnel owns this level (regions 2)
F6 [F6] craft torches: skip (no coal: sticks 6 coals 0)
F6 [F6] digShaft: water table y=57 (region strike) - stopping above the aquifer, the tunnel owns this level (regions 2)
F6 tunnel: steering coal_ore @ 8.9b (axis z+, cross 1.5004344831319827, floor lock)
F7 [F7] vein sweep: 6 drop(s) in reach (3 dug)
F4 [F4] craft torches: skip (no spare sticks: sticks 0 coals 0)
F18 [F18] climb diag: level at y=42 blocked toward 0,-1 (dug=0, wet) at [0,1,0] water (stop)
F9 fuel commons: chest holds no fuel
F9 smelt: 0 (cobblestone@-: no fuel)
F11 [F11] digShaft: water table y=57 (region strike) - stopping above the aquifer, the tunnel owns this level (regions 2)
F11 map trip: sand
F8 [F8] hop: chest at [-133,72,412] d=9 zero: chest unreachable (Took to long to decide path to goal!)
F8 [F8] chest skip (no path cached 0s ago at [-133,72,410])
F8 [F8] chest skip (no path cached 0s ago at [-133,72,408])
F8 [F8] chest skip (no path cached 7s ago at [-133,72,406])
F9 iron commune: chest holds 0 ingot(s) - nothing to complete here
F15 tunnel: 2 blocks (branch mine at the floor, steered, floor lock)
F9 iron commune: chest holds 0 ingot(s) - nothing to complete here
F9 iron commune: chest holds 0 ingot(s) - nothing to complete here
F11 sword due: planks available
F7 [F7] vein sweep: the drop walk to [-139,56,427] failed - doomed goal (ledgered 17s ago at [-140,56,426]) - sweep drops refused (dy 0.0, range 1)
F7 [F7] vein sweep: the drop walk to [-139,57,427] failed - doomed goal (ledgered 17s ago at [-140,57,426]) - sweep drops refused (dy 1.2, range 2)
F7 [F7] vein sweep: +3u walked from the drops (3 dug)
F7 [F7] vein sweep: 1 below-plane walk(s) still failed on the wide goal (range 2) - the drop rests deeper than the lip
F7 [F7] vein sweep: 2 deep drop(s) skipped (dy < -2 - the lip sphere cannot reach, the walk was a guaranteed spiral)
F7 vein sweep: 3 ores dug beside the gallery (floor lock)
F6 tunnel: 2 blocks (branch mine at the floor, steered, floor lock)
[F1] furnace within reach - opening without a walk
F5 [surplus] craft stick: variant#2 attempt1 failed: craft stick: timeout after 7000ms
F5 [surplus] [tools] closing stale craft window (minecraft:inventory) - grid recovery
[hb] n=19 ts=381s rss=379M late=88ms mainLate=903ms
F15 [F15] vein sweep: 6 drop(s) in reach (4 dug)
[F1] furnace within reach - opening without a walk
F11 sword: OK (wooden_sword, holds 1)
F11 sword: OK (wooden_sword)
F11 [F11] craft torches: skip (no coal: sticks 5 coals 0)
F11 [F11] digShaft: water table y=57 (region strike) - stopping above the aquifer, the tunnel owns this level (regions 2)
F11 tunnel: steering copper_ore @ 7b (axis z+, cross 1.5, ore detour)
F19 map trip: coal_ore
F10 climb out (trip): failed - timeout
F10 map trip skipped: cannot leave the shaft
[F1] furnace within reach - opening without a walk
F13 climb out (wood trip): OK +8 levels (7 steps, 13 dug, 17s)
F4 [F4] craft torches: skip (no spare sticks: sticks 0 coals 0)
F14 [F14] raw hop failed: raw walk timeout after 15007ms (d=8.0) - pathfinder retry
F4 [F4] craft torches: skip (no spare sticks: sticks 0 coals 0)
F8 [F8] raw hop failed: raw walk: no net progress for 8533ms (best d=8.0) - pathfinder retry
F4 tunnel: steering coal_ore @ 6.4b (axis x+, cross 3.5, floor lock)
F11 tunnel: 2 blocks (branch mine at the floor, steered, ore detour)
F15 [F15] vein sweep: the drop walk to [-104,43,396] failed - sweep drops: timeout after 4000ms (dy 0.0, range 1)
t-212s alive=19/19 mined=1715 map=1045p/17ch banked=0 smelted=0 pocket=2080u/256s | sand=0 gravel=44 dirt=383 stone=1
   deficits: 157926/0 (0.0%) 149380/44 (0.0%) 31860/0 (0.0%) 27420/0 (0.0%) 10725/86 (0.8%)
   F1=80[cobblestone:18 oak_log:6 coal:6] | F2=161[cobblestone:103 raw_copper:27 andesite:19] | F3=122[cobblestone:86 dirt:14 andesite:10] | F4=5[dirt:5] | F5=88[cobblestone:41 dirt:14 leaf_litter:14] | F6=68[dirt:68 oak_log:10 cobblestone:8] | F7=65[dirt:23 cobblestone:20 leaf_litter:11] | F8=34[dirt:49 leaf_litter:12 stick:3] | F9=88[cobblestone:35 torch:8 coal:5] | F10=80[cobblestone:41 dirt:29 oak_log:3] | F11=55[dirt:39 leaf_litter:18 oak_planks:13] | F12=167[cobblestone:94 raw_copper:51 gravel:36] | F13=139[cobblestone:62 dirt:35 leaf_litter:14] | F14=60[dirt:64 leaf_litter:27 oak_log:6] | F15=75[cobblestone:34 torch:24 coal:13] | F16=121[cobblestone:65 raw_copper:40 diorite:11] | F17=120[cobblestone:62 coal:40 torch:11] | F18=38[cobblestone:17 dirt:13 leaf_litter:9] | F19=149[cobblestone:74 andesite:26 torch:22]
   mem: heap=105M/153M old=-1M ext=118M ab=116M rss=379M cols=1913 ents=3107 evicted=1106 path=6a/7q (max 6) stale=0
F14 [F14] hop: chest at [-133,72,408] d=10 zero: chest unreachable (Took to long to decide path to goal!)
F14 [F14] chest skip (no path cached 0s ago at [-133,72,410])
F14 bank: chest unreachable (Took to long to decide path to goal!) (23 blocks from yard) - walking back
F10 [F10] craft torches: skip (no coal: sticks 3 coals 0)
F14 bank: yard walk arrived in 2s (1 attempt)
F14 camp furnace: 5 near machine(s) beyond the 24b direct envelope (nearest d=22.6) - 7 inside the envelope keep the veto
F14 camp furnace: no build (machine near)
F14 smelt: 0 (nothing to smelt)
F18 [F18] climb diag: level at y=42 blocked toward 0,-1 (dug=0, wet) at [0,1,0] water (stop)
F8 [F8] hop: chest at [-138,72,406] d=12 zero: chest unreachable (Took to long to decide path to goal!)
F8 bank: chest unreachable (Took to long to decide path to goal!) (18 blocks from yard) - walking back
F5 [surplus] craft stick: variant#2 attempt0 failed: craft stick: timeout after 7000ms
F5 [surplus] [tools] closing stale craft window (minecraft:inventory) - grid recovery
F8 bank: yard walk arrived in 0s (1 attempt)
F8 camp furnace: 3 near machine(s) beyond the 24b direct envelope (nearest d=18.5) - 9 inside the envelope keep the veto
F8 camp furnace: no build (machine near)
F8 smelt: 0 (nothing to smelt)
F1 smelted 1 (stone:1) rescued=0
F19 [F19] craft torches: skip (the pocket torch cap: held 22 of 24 - sticks 3 coals 19)
F19 tunnel: steering coal_ore @ 19.2b (axis x--1, cross 0.4994949959581163, ore detour)
F10 [F10] digShaft: water table y=57 (region strike) - stopping above the aquifer, the tunnel owns this level (regions 2)
F11 [F11] craft torches: skip (no coal: sticks 5 coals 0)
F14 iron commune: chest holds 0 ingot(s) - nothing to complete here
F5 [surplus] craft storm: 3 consecutive craft timeouts - cooldown 4000ms (server stall?)
F5 [surplus] craft stick: all 2 variant(s) failed, last: craft stick: timeout after 7000ms
F5 [surplus] plan total=7 (max 12 sticks) -> burned 0 planks, gained 0 sticks
F5 climb out (bank): the yard stands 33 levels up over 32b lateral - the climb raises its target to the yard's level
F11 [F11] digShaft: water table y=57 (region strike) - stopping above the aquifer, the tunnel owns this level (regions 2)
F8 iron commune: iron commune: path nudge approach: 1 segment(s) walked in 0.0s, goal now d=8.2 (inside the direct envelope)
F8 iron commune: iron commune: path nudge inside the direct envelope
F1 iron commune: chest holds 0 ingot(s) - nothing to complete here
F15 [F15] vein sweep: the drop walk to [-103,43,396] failed - sweep drops: timeout after 4000ms (dy 0.0, range 1)
F14 iron commune: iron commune: path nudge approach: 1 segment(s) walked in 0.4s, goal now d=8.0 (inside the direct envelope)
F14 iron commune: iron commune: path nudge inside the direct envelope
F1 iron commune: chest holds 0 ingot(s) - nothing to complete here
F8 iron commune: iron commune: chest walk failed after the nudge (No path to the goal!)
F8 iron commune: chest walk failed (No path to the goal!)
[hb] n=20 ts=401s rss=383M late=92ms mainLate=1138ms
F14 iron commune: iron commune: the nudge retry landed
F9 [F9] direct deposit: 27 chest slots derived from the 63-slot view
F9 bank: +88
F16 [F16] craft torches: skip (no coal: sticks 3 coals 0)
F6 [F6] craft torches: skip (no coal: sticks 6 coals 0)
F6 [F6] digShaft: water table y=57 (region strike) - stopping above the aquifer, the tunnel owns this level (regions 2)
F6 [F6] craft torches: skip (no coal: sticks 6 coals 0)
F6 [F6] digShaft: water table y=57 (region strike) - stopping above the aquifer, the tunnel owns this level (regions 2)
F6 tunnel: steering coal_ore @ 11b (axis x+, cross 0.499911125101562, floor lock)
F11 [F11] craft torches: skip (no coal: sticks 5 coals 0)
F15 [F15] vein sweep: +11u walked from the drops (4 dug)
F15 vein sweep: 4 ores dug beside the gallery (floor lock)
t-196s alive=19/19 mined=1772 map=1046p/17ch banked=88 smelted=1 pocket=2104u/256s | sand=1 gravel=44 dirt=403 stone=1
   deficits: 157926/1 (0.0%) 149380/44 (0.0%) 31860/0 (0.0%) 27420/0 (0.0%) 10725/88 (0.8%)
   F1=80[cobblestone:18 oak_log:6 coal:6] | F2=172[cobblestone:114 raw_copper:27 andesite:19] | F3=122[cobblestone:86 dirt:14 andesite:10] | F4=10[dirt:9] | F5=88[cobblestone:41 dirt:14 leaf_litter:14] | F6=68[dirt:69 oak_log:10 cobblestone:8] | F7=65[dirt:23 cobblestone:20 leaf_litter:11] | F8=34[dirt:49 leaf_litter:12 stick:3] | F9=88[torch:8 oak_planks:2 stick:2] | F10=93[dirt:42 cobblestone:41 oak_log:3] | F11=57[dirt:41 leaf_litter:18 oak_planks:13] | F12=178[cobblestone:106 raw_copper:51 gravel:36] | F13=143[cobblestone:62 dirt:35 leaf_litter:14] | F14=60[dirt:64 leaf_litter:27 oak_log:6] | F15=75[cobblestone:34 torch:24 coal:13] | F16=121[cobblestone:65 raw_copper:40 diorite:11] | F17=120[cobblestone:68 coal:42 torch:11] | F18=38[cobblestone:17 dirt:13 leaf_litter:9] | F19=160[cobblestone:86 andesite:26 torch:22]
   mem: heap=123M/152M old=-1M ext=120M ab=117M rss=381M cols=1931 ents=3058 evicted=1149 path=6a/1q (max 6) stale=0
F8 iron commune: chest walk failed (Took to long to decide path to goal!)
F1 iron commune: chest holds 0 ingot(s) - nothing to complete here
F19 tunnel: 13 blocks (branch mine at the floor, steered, ore detour)
F8 iron commune: chest walk failed (No path to the goal!)
F10 climb out (trip): OK +6 levels (5 steps, 8 dug, 13s)
F5 [F5] climb diag: level at y=39 blocked toward 0,-1 (dug=0, wet) at [0,1,0] water (stop)
F16 retry #1 in 5.2s (Timeout waiting for 4 ticks after 5200ms)
F9 sword due: planks available
F9 sword: no table reachable or placeable
F9 sword: failed (no table)
F9 [F9] craft torches: stick-dry with logs held - one plank conversion first
F10 [F10] craft torches: skip (no coal: sticks 3 coals 0)
F11 [F11] water: drowning rescue start (drowning, oxygen 14)
F11 [F11] water: pass 0 head=wet shore=none land=n/a y=61.0 o2=14 probes=0 at=[-161,61,405]
F9 [F9] craft torches: stick-dry but 7 planks held - one stick batch first
F9 [F9] craft torches: skip (no coal: sticks 6 coals 0)
F19 [F19] vein sweep: 3 drop(s) in reach (4 dug)
F11 [F11] water: pass 6 head=dry shore=hit r=1 land=none y=63.8 o2=20 probes=0 at=[-158,64,406]
F10 [F10] digShaft: water table y=57 (region strike) - stopping above the aquifer, the tunnel owns this level (regions 2)
F10 map trip: sand
F6 tunnel: 12 blocks (branch mine at the floor, steered, floor lock)
F2 climb out (bank): failed - timeout
F2 climb out (bank): retry (escalated retry after timeout, fenced to 90s of the 97s the chain has left)
F14 iron commune: open failed (open commune chest: timeout after 10000ms)
F3 climb out (bank): failed - timeout
F3 climb out (bank): retry (escalated retry after timeout, fenced to 66s of the 66s the chain has left)
F11 [F11] water: pass 8 head=dry shore=hit r=1 land=none y=63.4 o2=20 probes=0 at=[-159,63,405]
F19 [F19] vein sweep: the drop walk to [-113,34,409] failed - sweep drops: timeout after 4000ms (dy 3.0, range 2)
F16 [F16] craft torches: skip (no coal: sticks 3 coals 0)
F16 [F16] digShaft: water hazard 0.9b away (live 7) - refusing this column, the caller rotates
F16 tunnel: steering coal_ore @ 14.7b (axis z+, cross 1.5003766889250016, ore detour)
F3 [F3] climb bridge: unavailable (no solid floor underfoot)
F3 [F3] climb diag: level at y=68 blocked toward 1,0 (dug=1)
F9 tunnel: 0 blocks (branch mine at the floor, floor lock)
F3 [F3] climb bridge: placed cobblestone at [-101,67,400] (support) - the step re-judges
F11 [F11] water: pass 11 head=dry shore=hit r=1 land=none y=63.4 o2=20 probes=0 at=[-156,63,404]
t-181s alive=19/19 mined=1841 map=1086p/17ch banked=88 smelted=1 pocket=2192u/257s | sand=1 gravel=44 dirt=428 stone=1
   deficits: 157926/1 (0.0%) 149380/44 (0.0%) 31860/0 (0.0%) 27420/0 (0.0%) 10725/97 (0.9%)
   F1=80[cobblestone:18 oak_log:6 coal:6] | F2=183[cobblestone:124 raw_copper:27 andesite:19] | F3=123[cobblestone:86 dirt:14 andesite:10] | F4=14[dirt:11] | F5=88[cobblestone:41 dirt:14 leaf_litter:14] | F6=88[dirt:88 oak_log:10 cobblestone:8] | F7=65[dirt:23 cobblestone:21 leaf_litter:11] | F8=34[dirt:49 leaf_litter:12 birch_log:4] | F9=88[torch:8 stick:6 oak_planks:4] | F10=95[dirt:45 cobblestone:41 oak_log:3] | F11=57[dirt:41 leaf_litter:18 oak_planks:13] | F12=188[cobblestone:116 raw_copper:51 gravel:36] | F13=143[cobblestone:62 dirt:36 leaf_litter:14] | F14=60[dirt:64 leaf_litter:27 oak_log:6] | F15=89[cobblestone:39 torch:24 coal:13] | F16=122[cobblestone:65 raw_copper:40 diorite:11] | F17=120[cobblestone:68 coal:42 torch:11] | F18=38[cobblestone:17 dirt:13 leaf_litter:9] | F19=166[cobblestone:91 andesite:26 torch:22]
   mem: heap=109M/153M old=-1M ext=126M ab=123M rss=379M cols=1950 ents=3084 evicted=1170 path=6a/2q (max 6) stale=0
F10 [F10] craft torches: skip (no coal: sticks 3 coals 0)
F7 [F7] craft torches: skip (no coal: sticks 3 coals 0)
F16 [F16] water: drowning rescue start (drowning, oxygen 13)
F16 [F16] water: pass 0 head=wet shore=none land=n/a y=55.0 o2=13 probes=0 at=[-99,55,359]
F4 tunnel: 12 blocks (branch mine at the floor, steered, floor lock)
[hb] n=21 ts=421s rss=379M late=97ms mainLate=841ms
F19 [F19] vein sweep: the drop walk to [-113,35,410] failed - sweep drops: timeout after 4000ms (dy 4.0, range 2)
F4 [F4] craft torches: skip (no spare sticks: sticks 0 coals 0)
F10 [F10] digShaft: water table y=57 (region strike) - stopping above the aquifer, the tunnel owns this level (regions 2)
F10 tunnel: steering copper_ore @ 8.5b (axis z+, cross 3.5, ore detour)
F16 [F16] water: pass 3 head=wet shore=none land=n/a y=56.2 o2=15 probes=0 at=[-99,56,359]
F3 [F3] climb diag: level at y=69 blocked toward 0,1 (dug=3)
F5 [F5] climb diag: level at y=39 blocked toward 0,-1 (dug=0, wet) at [0,1,0] water (stop)
F11 [F11] water: pass 14 head=dry shore=hit r=1 land=none y=62.8 o2=20 probes=0 at=[-160,63,404]
F16 [F16] water: pass 6 head=wet shore=none land=n/a y=56.2 o2=20 probes=0 at=[-99,56,359]
F3 [F3] climb bridge: the server refused the support fill at [-102,67,401] - the rotate ladder owns it (held=cobblestone, 0.8b, ref=grass_block, post=? (re-read failed))
F3 [F3] climb diag: level at y=67 blocked toward -1,0 (dug=3)
F16 [F16] water: deep-pocket ascend - dug the ceiling dirt at [-100,58,358] (jump stalled 4+ passes, o2 20)
F11 [F11] water: pass 19 head=dry shore=hit r=1 land=none y=64.2 o2=20 probes=0 at=[-157,64,404]
F7 [F7] water: drowning rescue start (drowning, oxygen 16)
F7 [F7] water: pass 0 head=wet shore=none land=n/a y=51.4 o2=16 probes=0 at=[-137,51,423]
F19 [F19] vein sweep: +13u walked from the drops (4 dug)
F19 [F19] vein sweep: 3 below-plane walk(s) still failed on the wide goal (range 2) - the drop rests deeper than the lip
F19 vein sweep: 4 ores dug beside the gallery (ore detour)
F19 bank trip: pockets full budget 120s
F19 climb out (bank): the yard stands 48 levels up over 7b lateral - the climb raises its target to the yard's level
F10 tunnel: 2 blocks (branch mine at the floor, steered, ore detour)
F1 [F1] direct deposit: 27 chest slots derived from the 63-slot view
F1 [F1] banked 25 items at (-98, 72, 410) (direct=3 fallback=0 mirror=true kept: oak_log, oak_planks, stick, torch)
F1 bank: +71
F16 [F16] water: pass 11 head=wet shore=none land=n/a y=56.4 o2=20 probes=0 at=[-99,56,359]
F16 [F16] water: frozen physics (10 flat passes at y=56.4, o2=20, head WET) - standing down, the reconnect lane owns this
F16 [F16] water: rescue standing down (frozen physics - the walk gate reopens, the reconnect lane owns a dead client) in 6.9s
F16 [F16] water: frozen client relog (#2 consecutive) (frozen while head-wet (1 verdict) - the drowning clock owns this client) - ending the session, the reconnect lane rebuilds the physics; the drowning sentry holds non-critical pages 20s (the frozen-return gate)
F16 [F16] water: hazard memorized at [-100,56,358] (6 live, fleet-wide)
F4 [F4] craft torches: skip (no spare sticks: sticks 0 coals 0)
F9 [F9] craft torches: skip (no coal: sticks 6 coals 0)
F11 [F11] water: pass 21 head=dry shore=hit r=1 land=none y=63.4 o2=20 probes=0 at=[-159,63,403]
F7 [F7] water: pass 4 head=dry shore=hit r=2 land=none y=54.4 o2=20 probes=0 at=[-138,54,423]
F6 [F6] climb bridge: placed cobblestone at [-122,64,425] (support) - the step re-judges
F4 tunnel: steering coal_ore @ 5.3b (axis z--1, cross 0.5, floor lock)
F11 tunnel: 0 blocks (branch mine at the floor, ore detour)
F11 climb out (trip): failed - rescue owns the bot
F11 map trip skipped: cannot leave the shaft
F8 [F8] raw hop failed: raw walk stalled after 2318ms (d=9.6) - pathfinder retry
F9 [F9] digShaft: water table y=57 (region strike) - stopping above the aquifer, the tunnel owns this level (regions 2)
F9 map trip: sand
F7 [F7] craft torches: skip (no coal: sticks 3 coals 0)
F7 tunnel: steering iron_ore @ 8.1b (axis x+, cross 1.3000000000000114, floor lock)
F7 [F7] water: rescue complete in 4.4s
F7 [F7] water: hazard memorized at [-139,54,422] (7 live, fleet-wide)
F11 [F11] craft torches: skip (no coal: sticks 5 coals 0)
F11 [F11] water: pass 23 head=dry shore=hit r=1 land=none y=63.4 o2=20 probes=0 at=[-157,63,402]
F7 tunnel: 0 blocks (branch mine at the floor, steered, floor lock)
F11 tunnel: 0 blocks (branch mine at the floor, ore detour)
F11 [F11] craft torches: skip (no coal: sticks 5 coals 0)
F11 tunnel: 0 blocks (branch mine at the floor, floor lock)
F11 tunnel: 0 blocks x3 - sealed or flooded, cooling down 15s
F7 [F7] climb diag: level at y=53 blocked toward 0,1 (dug=0, wet) at [0,1,0] water (stop)
F6 [F6] climb bridge: placed cobblestone at [-122,64,426] (pit) - the step re-judges
F11 [F11] water: pass 25 head=dry shore=hit r=1 land=none y=64.2 o2=20 probes=0 at=[-158,64,402]
F7 [F7] climb diag: level at y=52 blocked toward -1,0 (dug=0, wet) at [0,2,0] water (stop)
F6 [F6] climb bridge: placed cobblestone at [-122,65,426] (support) - the step re-judges
F7 [F7] climb diag: level at y=51 blocked toward 0,-1 (dug=0, wet) at [0,2,0] water (stop)
F1 [F1] craft torches: stick-dry but 5 planks held - one stick batch first
F7 climb out (trip): failed - stalled
F7 map trip skipped: cannot leave the shaft
F1 [F1] craft torches: skip (no coal: sticks 6 coals 0)
F7 [F7] craft torches: skip (no coal: sticks 3 coals 0)
t-166s alive=19/19 mined=1909 map=1110p/17ch banked=159 smelted=1 pocket=2250u/260s | sand=1 gravel=44 dirt=451 stone=0
   deficits: 157926/1 (0.0%) 149380/44 (0.0%) 31860/0 (0.0%) 27420/0 (0.0%) 10725/102 (1.0%)
   F1=80[oak_log:6 stick:6 torch:4] | F2=189[cobblestone:130 raw_copper:27 andesite:19] | F3=127[cobblestone:85 dirt:14 andesite:10] | F4=16[dirt:12] | F5=88[cobblestone:41 dirt:14 leaf_litter:14] | F6=96[dirt:90 oak_log:10 oak_planks:7] | F7=65[dirt:23 cobblestone:21 leaf_litter:11] | F8=34[dirt:49 leaf_litter:12 birch_log:4] | F9=93[dirt:9 torch:8 stick:6] | F10=101[dirt:54 cobblestone:42 oak_log:3] | F11=58[dirt:41 leaf_litter:18 oak_planks:13] | F12=198[cobblestone:121 raw_copper:51 gravel:36] | F13=147[cobblestone:62 dirt:36 leaf_litter:14] | F14=60[dirt:64 leaf_litter:27 oak_log:6] | F15=101[cobblestone:50 torch:24 coal:13] | F16=124[cobblestone:65 raw_copper:40 diorite:11] | F17=120[cobblestone:68 coal:42 torch:11] | F18=38[cobblestone:17 dirt:13 leaf_litter:9] | F19=174[cobblestone:101 andesite:26 torch:22]
   mem: heap=121M/154M old=-1M ext=127M ab=124M rss=383M cols=1928 ents=2923 evicted=1236 path=5a/0q (max 6) stale=0
F10 [F10] craft torches: skip (no coal: sticks 3 coals 0)
F7 [F7] digShaft: water hazard 1.4b away (live 7) - refusing this column, the caller rotates
F7 [F7] craft torches: skip (no coal: sticks 3 coals 0)
F7 [F7] digShaft: water hazard 1.4b away (live 7) - refusing this column, the caller rotates
F7 tunnel: steering coal_ore @ 6b (axis x+, cross 2.5, floor lock)
F11 [F11] water: rescue complete in 25.2s
F11 [F11] water: hazard memorized at [-160,62,403] (8 live, fleet-wide)
F6 [F6] climb diag: level at y=68 blocked toward 0,1 (dug=17)
F10 [F10] digShaft: water table y=57 (region strike) - stopping above the aquifer, the tunnel owns this level (regions 2)
F17 wood trip: gathered (sticks 2 planks 3 logs 0)
F14 [F14] raw hop failed: raw walk stalled after 2161ms (d=9.6) - pathfinder retry
F10 [F10] craft torches: skip (no coal: sticks 3 coals 0)
F10 [F10] digShaft: water table y=57 (region strike) - stopping above the aquifer, the tunnel owns this level (regions 2)
F10 [F10] craft torches: skip (no coal: sticks 3 coals 0)
F10 [F10] digShaft: water table y=57 (region strike) - stopping above the aquifer, the tunnel owns this level (regions 2)
F10 tunnel: steering copper_ore @ 10b (axis x+, cross 2.361607281356612, floor lock)
F6 [F6] climb bridge: placed cobblestone at [-124,67,427] (pit) - the step re-judges
F1 [F1] digShaft: water table y=54 (region strike) - stopping above the aquifer, the tunnel owns this level (regions 2)
F1 tunnel: steering iron_ore @ 8.1b (axis x--1, cross 0.5000154009960625, ore detour)
F1 tunnel: 0 blocks (branch mine at the floor, steered, ore detour)
F16 tunnel: 3 blocks (branch mine at the floor, steered, ore detour)
F16 bank trip: pockets full budget 120s
F6 [F6] climb bridge: placed cobblestone at [-124,68,427] (support) - the step re-judges
F6 climb out (trip): OK +11 levels (10 steps, 17 dug, 26s)
F7 [F7] water: drowning rescue start (drowning, oxygen 11)
F7 [F7] water: pass 0 head=wet shore=none land=n/a y=50.0 o2=11 probes=0 at=[-138,50,423]
F5 [F5] climb diag: level at y=39 blocked toward 0,-1 (dug=0, wet) at [0,1,0] water (stop)
[hb] n=22 ts=441s rss=380M late=103ms mainLate=711ms
F12 climb out (bank): retry failed - timeout
F12 tool upgrade due: worn (left=10/59) -> stone_pickaxe
F7 [F7] water: pass 5 head=dry shore=hit r=1 land=none y=54.2 o2=17 probes=0 at=[-138,54,422]
F18 climb out (bank): failed - timeout [stage 1]
F18 climb out (bank): retry (escalated retry after timeout, fenced to 68s of the 68s the chain has left)
F7 [F7] water: rescue complete in 2.8s
F7 [F7] water: hazard memorized at [-139,54,422] (7 live, fleet-wide)
F12 [toolupgrade] spare table: crafted
F17 [F17] climb bridge: unavailable (no solid floor underfoot)
F17 [F17] climb diag: level at y=47 blocked toward 0,-1 (dug=1)
F8 [F8] direct deposit: 27 chest slots derived from the 63-slot view
F8 [F8] direct deposit: 27 chest slots derived from the 63-slot view
F8 bank: +83
F14 [F14] direct deposit: 27 chest slots derived from the 63-slot view
F14 bank: +91
F13 wood trip: plank rung: converted 3->11 same-type planks (need 8, from oak_log)
F12 [toolupgrade] [tools] closing stale craft window (minecraft:inventory) - grid recovery
F12 [toolupgrade] stone_pickaxe: crafted (worn (left=10/59))
F12 tool upgrade: OK -> stone_pickaxe (worn (left=10/59))
F12 [F12] craft torches: the metal fuel reserve holds all 5 coal for the furnace (52 raw metal held)
F7 tunnel: 0 blocks (branch mine at the floor, steered, floor lock)
F7 [F7] craft torches: skip (no coal: sticks 3 coals 0)
F14 [F14] climb bridge: unavailable (no placeable block in the pocket)
F14 [F14] climb diag: level at y=64 blocked toward 0,-1 (dug=1)
F14 [F14] climb bridge: unavailable (no placeable block in the pocket)
F14 [F14] climb diag: level at y=64 blocked toward 1,0 (dug=1)
F14 [F14] climb bridge: unavailable (no placeable block in the pocket)
F14 [F14] climb diag: level at y=64 blocked toward 0,1 (dug=1)
F14 climb out (trip): failed - stalled
F14 map trip skipped: cannot leave the shaft
F13 wood trip: gathered (sticks 3 planks 9 logs 8)
F6 [F6] craft torches: skip (no coal: sticks 6 coals 0)
F14 [F14] craft torches: skip (no coal: sticks 4 coals 0)
F10 tunnel: 12 blocks (branch mine at the floor, steered, floor lock)
F10 bank trip: pockets full budget 120s
F7 [F7] digShaft: water hazard 0.6b away (live 7) - refusing this column, the caller rotates
F7 [F7] craft torches: skip (no coal: sticks 3 coals 0)
F7 [F7] digShaft: water hazard 0.6b away (live 7) - refusing this column, the caller rotates
F7 tunnel: steering coal_ore @ 6.5b (axis x+, cross 2.511372378195631, floor lock)
F7 tunnel: 0 blocks (branch mine at the floor, steered, floor lock)
F4 tunnel: 4 blocks (branch mine at the floor, steered, floor lock)
F11 [F11] craft torches: skip (no coal: sticks 5 coals 0)
F11 [F11] digShaft: water hazard 2.5b away (live 7) - refusing this column, the caller rotates
F12 bank trip: pockets full budget 120s
F12 climb out (bank): the yard stands 29 levels up over 13b lateral - the climb raises its target to the yard's level
F11 tunnel: 0 blocks (branch mine at the floor, ore detour)
F11 [F11] craft torches: skip (no coal: sticks 5 coals 0)
F11 [F11] digShaft: water hazard 3.0b away (live 7) - refusing this column, the caller rotates
F10 [F10] climb bridge: placed cobblestone at [-153,59,410] (support) - the step re-judges
F13 [F13] climb bridge: unavailable (no solid floor underfoot)
F13 [F13] climb diag: level at y=62 blocked toward 0,-1 (dug=0)
t-151s alive=19/19 mined=2038 map=1118p/18ch banked=333 smelted=1 pocket=2223u/266s | sand=5 gravel=44 dirt=360 stone=0
   deficits: 157926/5 (0.0%) 149380/44 (0.0%) 31860/0 (0.0%) 27420/0 (0.0%) 10725/110 (1.0%)
   F1=96[coal:9 oak_log:6 stick:6] | F2=203[cobblestone:142 raw_copper:27 andesite:19] | F3=127[cobblestone:85 dirt:14 andesite:10] | F4=20[dirt:13] | F5=88[cobblestone:41 dirt:14 leaf_litter:14] | F6=104[dirt:91 cobblestone:14 oak_log:10] | F7=65[dirt:23 cobblestone:22 leaf_litter:11] | F8=34[stick:5 leaf_litter:4 birch_log:4] | F9=93[dirt:11 torch:8 stick:6] | F10=118[dirt:71 cobblestone:42 stick:3] | F11=59[dirt:41 leaf_litter:18 oak_planks:13] | F12=212[cobblestone:126 raw_copper:51 gravel:36] | F13=150[cobblestone:58 dirt:36 leaf_litter:14] | F14=62[oak_log:6 oak_sapling:5 stick:4] | F15=123[cobblestone:72 torch:24 coal:13] | F16=124[cobblestone:65 raw_copper:40 diorite:11] | F17=134[cobblestone:81 coal:43 torch:11] | F18=38[cobblestone:17 dirt:13 leaf_litter:9] | F19=188[cobblestone:115 andesite:26 torch:22]
   mem: heap=108M/154M old=-1M ext=124M ab=122M rss=380M cols=1930 ents=2945 evicted=1293 path=2a/0q (max 6) stale=0
F11 tunnel: 2 blocks (branch mine at the floor, floor lock)
F18 [F18] climb diag: level at y=42 blocked toward 0,-1 (dug=0, wet) at [0,1,0] water (stop)
F16 [F16] climb diag: level at y=56 blocked toward -1,0 (dug=0, wet) at [0,1,0] water (stop)
F10 [F10] climb bridge: placed cobblestone at [-154,59,410] (pit) - the step re-judges
F7 [F7] vein sweep: 3 drop(s) in reach (1 dug)
F12 [F12] climb bridge: unavailable (no solid floor underfoot)
F12 [F12] climb diag: level at y=46 blocked toward -1,0 (dug=5)
F7 [F7] vein sweep: the drop walk to [-134,50,422] failed - No path to the goal! (dy -0.5, range 1)
F10 [F10] climb bridge: placed cobblestone at [-154,60,410] (support) - the step re-judges
F7 [F7] water: drowning rescue start (drowning, oxygen 12)
F7 [F7] water: pass 0 head=wet shore=none land=n/a y=51.2 o2=12 probes=0 at=[-138,51,422]
F7 [F7] vein sweep: the drop walk to [-142,51,424] failed - The goal was changed before it could be completed! (dy 1.3, range 2)
F7 [F7] vein sweep: the drop walks picked nothing (pocket delta 0, 3 failed walk(s))
F7 [F7] vein sweep: 2 below-plane walk(s) still failed on the wide goal (range 2) - the drop rests deeper than the lip
F7 vein sweep: 1 ores dug beside the gallery (floor lock)
F7 [F7] craft torches: skip (no coal: sticks 3 coals 0)
F14 [F14] digShaft: water table y=57 (region strike) - stopping above the aquifer, the tunnel owns this level (regions 2)
F14 tunnel: steering coal_ore @ 15.7b (axis x+, cross 2.510846076077428, ore detour)
F14 [F14] water: drowning rescue start (drowning, oxygen 13)
F14 [F14] water: pass 0 head=wet shore=none land=n/a y=59.5 o2=13 probes=0 at=[-139,59,392]
F4 [F4] craft torches: skip (no spare sticks: sticks 0 coals 0)
F7 [F7] water: deep-pocket ascend - dug the ceiling stone at [-139,54,421] (jump stalled 4+ passes, o2 10)
F7 [F7] water: pass 8 head=wet shore=none land=n/a y=52.2 o2=9 probes=0 at=[-139,52,422]
F4 [F4] craft torches: skip (no spare sticks: sticks 0 coals 0)
F13 climb out (trip): OK +6 levels (5 steps, 3 dug, 6s)
F7 [F7] water: frozen physics (10 flat passes at y=52.2, o2=8, head WET) - standing down, the reconnect lane owns this
F7 [F7] water: rescue standing down (frozen physics - the walk gate reopens, the reconnect lane owns a dead client) in 3.0s
F7 [F7] water: frozen client relog (#1 consecutive) (frozen while head-wet (1 verdict) - the drowning clock owns this client) - ending the session, the reconnect lane rebuilds the physics; the drowning sentry holds non-critical pages 10s (the frozen-return gate)
F7 [F7] water: hazard memorized at [-139,52,421] (8 live, fleet-wide)
F11 [F11] craft torches: skip (no coal: sticks 5 coals 0)
F4 tunnel: steering coal_ore @ 4.9b (axis z--1, cross 1.679082587522629, floor lock)
F14 [F14] water: pass 7 head=dry shore=hit r=1 land=none y=62.5 o2=17 probes=0 at=[-139,62,393]
F5 climb out (bank): failed - stalled
F5 climb out (bank): retry (escalated retry after stalled, fenced to 54s of the 54s the chain has left)
F13 [F13] craft torches: 1 batch(es) -> 4 torches (sticks 3 coals 11)
F11 [F11] combat: fighting drowned (dist 1.7, hp 17.0, 1 nearby, sentry)
F14 [F14] water: pass 12 head=dry shore=hit r=3 land=none y=64.0 o2=20 probes=0 at=[-138,64,393]
F4 tunnel: 0 blocks (branch mine at the floor, steered, floor lock)
F1 [F1] vein sweep: 8 drop(s) in reach (24 dug)
F6 map trip: coal_ore
F15 [F15] climb bridge: unavailable (no solid floor underfoot)
F15 [F15] climb diag: level at y=65 blocked toward 0,-1 (dug=56)
F10 [F10] climb bridge: placed cobblestone at [-157,62,410] (pit) - the step re-judges
F14 [F14] water: rescue complete in 6.7s
F14 [F14] water: hazard memorized at [-139,62,392] (9 live, fleet-wide)
F7 retry #1 in 6.3s (Timeout waiting for 3 ticks after 5150ms)
F10 [F10] climb bridge: placed cobblestone at [-157,63,410] (support) - the step re-judges
F17 climb out (trip): OK +11 levels (11 steps, 27 dug, 18s)
[hb] n=23 ts=461s rss=381M late=107ms mainLate=1066ms
F15 [F15] climb bridge: placed cobblestone at [-104,64,375] (support) - the step re-judges
F6 sword due: cobble available
F6 sword: no table reachable or placeable
F6 sword: failed (no table)
F6 [F6] craft torches: skip (no coal: sticks 6 coals 0)
F6 bank trip: skipped (pockets full, 140s left < 150s - the end-phase owns the deadline banking)
F6 [F6] craft torches: skip (no coal: sticks 6 coals 0)
F6 tunnel: steering coal_ore @ 6.2b (axis x--1, cross 0.5, floor lock)
F10 [F10] climb: walkable surface at y=64 (+5 levels, dug=8) - the walk takes over (blocked step)
F10 climb out (bank): OK +5 levels (5 steps, 8 dug, undefineds)
F10 bank: smelt hold skipped - no fuel in pocket (coal 0)
F1 [F1] vein sweep: the drop walk to [-103,57,414] failed - goal brake: 6 goals in 5s - sweep drops refused for 4s (dy 0.0, range 1)
F1 [F1] vein sweep: the drop walk to [-104,57,413] failed - goal brake: 6 goals in 5s - sweep drops refused for 4s (dy 0.0, range 1)
F1 [F1] vein sweep: +14u walked from the drops (24 dug)
F1 vein sweep: 24 ores dug beside the gallery (ore detour)
F1 [F1] craft torches: 4 batch(es) -> 16 torches (sticks 6 coals 26)
F4 [F4] vein sweep: 1 drop(s) in reach (1 dug)
F15 [F15] climb: walkable surface at y=64 (+21 levels, dug=56) - the walk takes over
F15 climb out (trip): OK +21 levels (21 steps, 56 dug, undefineds)
F4 [F4] vein sweep: the drop walk to [-100,68,415] failed - goal brake: 6 goals in 5s - sweep drops refused for 12s (dy 6.0, range 2)
F4 [F4] vein sweep: the drop walks picked nothing (pocket delta 0, 1 failed walk(s))
F4 [F4] vein sweep: 1 below-plane walk(s) still failed on the wide goal (range 2) - the drop rests deeper than the lip
F4 vein sweep: 1 ores dug beside the gallery (floor lock)
F4 tool recovery: no pickaxe - spare-pick craft first
F4 spare pick: skip (no sticks and no planks for sticks)
F4 tool recovery: spare craft failed (no sticks and no planks for sticks) - re-running the bootstrap
F13 [F13] water: drowning rescue start (drowning, oxygen 14)
F13 [F13] water: pass 0 head=wet shore=none land=n/a y=58.0 o2=14 probes=0 at=[-124,58,389]
F11 [F11] digShaft: water strike at y=59 -> water table (regions 2); fluid below (-168, 60, 396) - moving sideways
F11 tunnel: 0 blocks (branch mine at the floor, ore detour)
F11 [F11] craft torches: skip (no coal: sticks 5 coals 0)
F5 [F5] climb diag: level at y=39 blocked toward 0,-1 (dug=0, wet) at [0,1,0] water (stop)
F1 [F1] digShaft: water table y=54 (region strike) - stopping above the aquifer, the tunnel owns this level (regions 2)
t-136s alive=19/19 mined=2152 map=1168p/19ch banked=333 smelted=1 pocket=2374u/268s | sand=7 gravel=44 dirt=390 stone=0
   deficits: 157926/7 (0.0%) 149380/44 (0.0%) 31860/0 (0.0%) 27420/0 (0.0%) 10725/122 (1.1%)
   F1=108[coal:22 torch:20 oak_log:6] | F2=215[cobblestone:142 raw_copper:27 andesite:19] | F3=127[cobblestone:83 dirt:14 andesite:10] | F4=21[dirt:13] | F5=88[cobblestone:41 dirt:14 leaf_litter:14] | F6=126[dirt:91 cobblestone:36 oak_log:10] | F7=66[dirt:23 cobblestone:22 leaf_litter:11] | F8=34[stick:5 leaf_litter:4 birch_log:4] | F9=93[dirt:17 torch:8 stick:6] | F10=122[dirt:77 cobblestone:38 leaf_litter:7] | F11=60[dirt:41 leaf_litter:18 oak_planks:13] | F12=231[cobblestone:137 raw_copper:51 gravel:36] | F13=155[cobblestone:58 dirt:44 leaf_litter:19] | F14=65[oak_log:6 oak_sapling:5 stick:4] | F15=131[cobblestone:72 torch:24 coal:13] | F16=124[cobblestone:65 raw_copper:40 diorite:11] | F17=147[cobblestone:97 coal:43 torch:11] | F18=38[cobblestone:17 dirt:13 leaf_litter:9] | F19=201[cobblestone:128 andesite:26 torch:22]
   mem: heap=119M/155M old=-1M ext=125M ab=122M rss=383M cols=1907 ents=2649 evicted=1340 path=4a/0q (max 6) stale=0
F15 [F15] craft torches: stick-dry but 5 planks held - one stick batch first
F1 [F1] craft torches: stick-dry with logs held - one plank conversion first
F15 [F15] craft torches: skip (the pocket torch cap: held 24 of 24 - sticks 6 coals 13)
F18 [F18] climb diag: level at y=42 blocked toward 0,-1 (dug=0, wet) at [0,1,0] water (stop)
F16 [F16] climb diag: level at y=56 blocked toward -1,0 (dug=0, wet) at [0,1,0] water (stop)
F13 [F13] water: pass 8 head=dry shore=hit r=1 land=none y=62.4 o2=12 probes=0 at=[-124,62,389]
F1 [F1] craft torches: stick-dry but 7 planks held - one stick batch first
F1 [F1] craft torches: 1 batch(es) -> 4 torches (sticks 2 coals 22)
F10 [F10] raw hop failed: raw walk stalled after 2246ms (d=17.9) - pathfinder retry
F1 [F1] digShaft: water table y=54 (region strike) - stopping above the aquifer, the tunnel owns this level (regions 2)
F1 [F1] craft torches: skip (the pocket torch cap: held 24 of 24 - sticks 5 coals 21)
F1 [F1] digShaft: water table y=54 (region strike) - stopping above the aquifer, the tunnel owns this level (regions 2)
F1 tunnel: steering coal_ore @ 2.4b (axis z--1, cross 1.5, floor lock)
F13 [F13] water: pass 11 head=dry shore=hit r=1 land=none y=64.2 o2=20 probes=0 at=[-124,64,390]
F7 [F7] water: drowning rescue start (drowning, oxygen 8)
F7 [F7] water: pass 0 head=wet shore=none land=n/a y=52.2 o2=8 probes=0 at=[-139,52,422]
F7 [F7] craft torches: skip (no coal: sticks 3 coals 0)
F9 sword due: planks available
F7 [F7] water: pass 4 head=wet shore=none land=n/a y=52.2 o2=4 probes=0 at=[-139,52,422]
F7 [F7] water: frozen physics (4 flat passes at y=52.2, o2=4, head WET - the wet-critical fast window) - standing down, the reconnect lane owns this
F7 [F7] water: rescue standing down (frozen physics - the walk gate reopens, the reconnect lane owns a dead client) in 2.4s
F7 [F7] water: frozen client relog (#2 consecutive) (frozen while head-wet (1 verdict) - the drowning clock owns this client) - ending the session, the reconnect lane rebuilds the physics; the drowning sentry holds non-critical pages 20s (the frozen-return gate)
F7 [F7] water: hazard memorized at [-139,52,421] (8 live, fleet-wide)
F15 [F15] water: drowning rescue start (drowning, oxygen 15)
F15 [F15] water: pass 0 head=wet shore=none land=n/a y=60.0 o2=15 probes=0 at=[-91,60,373]
F9 sword: OK (wooden_sword, holds 1)
F9 sword: OK (wooden_sword)
F9 [F9] craft torches: skip (no coal: sticks 5 coals 0)
F13 [F13] water: pass 14 head=dry shore=hit r=1 land=none y=65.3 o2=20 probes=0 at=[-121,65,390]
F14 tunnel: 1 blocks (branch mine at the floor, steered, ore detour)
F1 tunnel: 0 blocks (branch mine at the floor, steered, floor lock)
F6 tunnel: 12 blocks (branch mine at the floor, steered, floor lock)
F11 [F11] combat: fight ended vs drowned (deadline, hp 17.0 -> 14.0, swings 5, weapon wooden_sword, 5 rounds)
F15 [F15] water: pass 4 head=dry shore=hit r=1 land=none y=62.0 o2=20 probes=0 at=[-92,62,374]
F14 [F14] craft torches: skip (no coal: sticks 4 coals 0)
F13 [F13] water: pass 16 head=dry shore=hit r=1 land=none y=64.0 o2=20 probes=0 at=[-122,64,392]
F11 [F11] digShaft: water strike at y=56 -> water table (regions 2); fluid below (-168, 57, 396) - moving sideways
F14 [F14] digShaft: water hazard 1.6b away (live 8) - refusing this column, the caller rotates
F14 tunnel: steering coal_ore @ 15b (axis x+, cross 3.5, ore detour)
F14 tunnel: 0 blocks (branch mine at the floor, steered, ore detour)
F14 [F14] craft torches: skip (no coal: sticks 4 coals 0)
F14 [F14] digShaft: water hazard 1.6b away (live 8) - refusing this column, the caller rotates
F14 tunnel: steering coal_ore @ 15.6b (axis x+, cross 1.5, floor lock)
F14 tunnel: 0 blocks (branch mine at the floor, steered, floor lock)
F13 map trip: sand
F15 [F15] water: pass 8 head=dry shore=hit r=1 land=none y=63.8 o2=20 probes=0 at=[-95,64,375]
F1 [F1] vein sweep: 3 drop(s) in reach (4 dug)
F7 retry #1 in 7.2s (Timeout waiting for 4 ticks after 5200ms)
F13 [F13] craft torches: stick-dry but 9 planks held - one stick batch first
F13 [F13] craft torches: 4 batch(es) -> 16 torches (sticks 2 coals 10)
F6 [F6] vein sweep: 4 drop(s) in reach (5 dug)
F13 [F13] water: pass 18 head=dry shore=hit r=1 land=none y=64.8 o2=20 probes=0 at=[-122,65,391]
F15 [F15] water: pass 13 head=dry shore=hit r=1 land=none y=63.4 o2=20 probes=0 at=[-95,63,375]
F11 [F11] died - respawning (cause: server: was slain by Drowned [kind=mob by Drowned] | inferred: drowned@1.5 (0s before death at [-167,61,397]) [the inference corroborates the server verdict])
F11 [F11] water: death spot memorized as a hazard at [-167,61,397] (9 live, fleet-wide)
t-121s alive=19/19 mined=2214 map=1188p/19ch banked=333 smelted=1 pocket=2344u/257s | sand=5 gravel=44 dirt=355 stone=0
   deficits: 157926/5 (0.0%) 149380/44 (0.0%) 31860/0 (0.0%) 27420/0 (0.0%) 10725/122 (1.1%)
   F1=112[torch:24 coal:22 oak_log:5] | F2=225[cobblestone:144 raw_copper:27 granite:22] | F3=131[cobblestone:82 dirt:14 smooth_stone:10] | F4=21[dirt:15] | F5=88[cobblestone:41 dirt:14 leaf_litter:14] | F6=138[dirt:91 cobblestone:40 oak_log:10] | F7=66[dirt:23 cobblestone:22 leaf_litter:11] | F8=34[stick:5 leaf_litter:4 birch_log:4] | F9=101[dirt:19 cobblestone:7 torch:7] | F10=122[dirt:77 cobblestone:38 leaf_litter:7] | F11=60[empty] | F12=244[cobblestone:149 raw_copper:51 gravel:36] | F13=156[cobblestone:58 dirt:44 leaf_litter:19] | F14=65[oak_log:6 oak_sapling:5 stick:4] | F15=132[cobblestone:72 torch:24 dirt:15] | F16=124[cobblestone:65 raw_copper:40 diorite:11] | F17=147[cobblestone:98 coal:43 torch:11] | F18=38[cobblestone:17 dirt:13 leaf_litter:9] | F19=210[cobblestone:138 andesite:26 torch:22]
   mem: heap=126M/156M old=-1M ext=133M ab=131M rss=390M cols=1920 ents=2638 evicted=1349 path=6a/2q (max 6) stale=0
F17 [F17] craft torches: skip (no spare sticks: sticks 2 coals 43)
F3 climb out (bank): retry failed - timeout
F3 [F3] craft torches: skip (no coal: sticks 3 coals 0)
F15 [F15] water: rescue complete in 9.1s
F15 [F15] water: hazard memorized at [-92,62,373] (10 live, fleet-wide)
[hb] n=24 ts=481s rss=395M late=112ms mainLate=558ms
F5 [F5] climb diag: level at y=39 blocked toward 0,-1 (dug=0, wet) at [0,1,0] water (stop)
F14 [F14] craft torches: skip (no coal: sticks 4 coals 0)
F18 [F18] climb diag: level at y=42 blocked toward 0,-1 (dug=0, wet) at [0,1,0] water (stop)
F16 [F16] climb diag: level at y=56 blocked toward -1,0 (dug=0, wet) at [0,1,0] water (stop)
F13 [F13] water: pass 20 head=dry shore=hit r=1 land=none y=65.3 o2=20 probes=0 at=[-122,65,392]
F13 tunnel: steering coal_ore @ 5.4b (axis z--1, cross 0.4982806169453369, ore detour)
F10 [F10] hop: chest at [-138,72,410] d=21 zero: chest unreachable (Took to long to decide path to goal!)
F10 [F10] chest skip (no path cached 0s ago at [-138,72,412])
F10 [F10] chest skip (no path cached 0s ago at [-138,72,408])
F1 [F1] vein sweep: +3u walked from the drops (4 dug)
F1 vein sweep: 4 ores dug beside the gallery (floor lock)
F9 [F9] digShaft: water strike at y=43 -> water table (regions 2); fluid below (-131, 44, 405) - moving sideways
F13 [F13] water: pass 23 head=dry shore=hit r=1 land=none y=64.8 o2=20 probes=0 at=[-122,65,389]
F13 tunnel: 0 blocks (branch mine at the floor, steered, ore detour)
F7 [F7] water: drowning rescue start (drowning, oxygen 3)
F7 [F7] water: pass 0 head=wet shore=none land=n/a y=52.2 o2=3 probes=0 at=[-139,52,422]
F7 [F7] craft torches: skip (no coal: sticks 3 coals 0)
F6 [F6] vein sweep: the drop walk to [-137,25,423] failed - sweep drops: timeout after 4000ms (dy -1.0, range 1)
F9 tunnel: steering coal_ore @ 5b (axis z+, cross 2.302076386379227, ore detour)
F7 [F7] water: frozen physics (4 flat passes at y=52.2, o2=2, head WET - the wet-critical fast window) - standing down, the reconnect lane owns this
F7 [F7] water: rescue standing down (frozen physics - the walk gate reopens, the reconnect lane owns a dead client) in 0.7s
F7 [F7] water: frozen client relog (#3 consecutive) (frozen while head-wet (1 verdict) - the drowning clock owns this client) - ending the session, the reconnect lane rebuilds the physics; the drowning sentry holds non-critical pages 40s (the frozen-return gate)
F7 [F7] water: hazard memorized at [-139,52,421] (11 live, fleet-wide)
F11 tunnel: 0 blocks (branch mine at the floor, floor lock)
F13 [F13] vein sweep: 3 drop(s) in reach (1 dug)
F13 [F13] vein sweep: the drop walk to [-118,64,384] failed - water rescue in progress (sweep drops refused) (dy -0.2, range 1)
F13 [F13] vein sweep: the drop walk to [-118,64,382] failed - water rescue in progress (sweep drops refused) (dy -0.2, range 1)
F13 [F13] vein sweep: the drop walks picked nothing (pocket delta 0, 2 failed walk(s))
F13 [F13] vein sweep: 1 deep drop(s) skipped (dy < -2 - the lip sphere cannot reach, the walk was a guaranteed spiral)
F13 vein sweep: 1 ores dug beside the gallery (ore detour)
F13 bank trip: skipped (pockets full, 115s left < 150s - the end-phase owns the deadline banking)
F13 [F13] craft torches: stick-dry but 7 planks held - one stick batch first
F13 [F13] water: rescue complete in 22.4s
F13 [F13] water: hazard memorized at [-125,62,389] (12 live, fleet-wide)
F13 [F13] craft torches: 1 batch(es) -> 4 torches (sticks 2 coals 6)
F11 tool recovery: no pickaxe - spare-pick craft first
F11 spare pick: skip (no sticks and no planks for sticks)
F11 tool recovery: spare craft failed (no sticks and no planks for sticks) - re-running the bootstrap
F9 tunnel: 0 blocks (branch mine at the floor, steered, ore detour)
F13 [F13] digShaft: water hazard 3.0b away (live 12) - refusing this column, the caller rotates
F13 tunnel: steering coal_ore @ 4b (axis x+, cross 0.27954428012691324, floor lock)
F15 [F15] digShaft: water hazard 3.3b away (live 12) - refusing this column, the caller rotates
F15 map trip: sand
F9 [F9] craft torches: skip (no coal: sticks 5 coals 0)
F9 tunnel: steering coal_ore @ 5.2b (axis x+, cross 0.5295497594690914, ore detour)
F14 [F14] water: drowning rescue start (drowning, oxygen 14)
F14 [F14] water: pass 0 head=wet shore=none land=n/a y=59.0 o2=14 probes=0 at=[-143,59,397]
F15 sword due: cobble available
F15 sword: no table reachable or placeable
F15 sword: failed (no table)
F15 [F15] craft torches: skip (the pocket torch cap: held 24 of 24 - sticks 6 coals 13)
F6 [F6] vein sweep: the drop walk to [-136,25,422] failed - sweep drops: timeout after 4000ms (dy 0.0, range 1)
F14 [F14] water: pass 8 head=dry shore=hit r=1 land=none y=63.6 o2=20 probes=0 at=[-142,64,397]
F7 retry #1 in 6.9s (Timeout waiting for 3 ticks after 5150ms)
F14 [F14] water: rescue complete in 3.0s
F14 [F14] water: hazard memorized at [-143,62,396] (13 live, fleet-wide)
F8 map trip skipped: sand,coal_ore unreachable
F10 [F10] raw hop failed: raw walk: no net progress for 8066ms (best d=8.0) - pathfinder retry
F15 [F15] water: drowning rescue start (drowning, oxygen 14)
F15 [F15] water: pass 0 head=wet shore=none land=n/a y=58.8 o2=14 probes=0 at=[-97,59,368]
t-105s alive=19/19 mined=2310 map=1194p/19ch banked=333 smelted=1 pocket=2483u/261s | sand=8 gravel=47 dirt=381 stone=0
   deficits: 157926/8 (0.0%) 149380/47 (0.0%) 31860/0 (0.0%) 27420/0 (0.0%) 10725/128 (1.2%)
   F1=112[coal:25 torch:24 cobblestone:8] | F2=237[cobblestone:145 granite:33 raw_copper:27] | F3=132[cobblestone:82 dirt:15 smooth_stone:10] | F4=21[dirt:21 leaf_litter:3] | F5=88[cobblestone:41 dirt:14 leaf_litter:14] | F6=138[dirt:91 cobblestone:40 oak_log:10] | F7=66[dirt:23 cobblestone:22 leaf_litter:11] | F8=34[stick:5 leaf_litter:4 birch_log:4] | F9=116[cobblestone:21 dirt:19 torch:7] | F10=122[dirt:77 cobblestone:38 leaf_litter:7] | F11=60[empty] | F12=262[cobblestone:162 raw_copper:51 gravel:36] | F13=168[cobblestone:58 dirt:55 leaf_litter:25] | F14=68[sand:6 oak_log:6 oak_sapling:5] | F15=137[cobblestone:74 torch:24 dirt:15] | F16=124[cobblestone:65 raw_copper:40 diorite:11] | F17=165[cobblestone:105 coal:43 andesite:11] | F18=38[cobblestone:17 dirt:13 leaf_litter:9] | F19=222[cobblestone:150 andesite:26 torch:22]
   mem: heap=125M/159M old=-1M ext=136M ab=134M rss=401M cols=1912 ents=2770 evicted=1428 path=6a/0q (max 6) stale=0
F14 [F14] digShaft: water hazard 2.7b away (live 13) - refusing this column, the caller rotates
F13 tunnel: 13 blocks (branch mine at the floor, steered, floor lock)
F13 bank trip: skipped (pockets full, 104s left < 150s - the end-phase owns the deadline banking)
F5 [F5] climb diag: level at y=39 blocked toward 0,-1 (dug=0, wet) at [0,1,0] water (stop)
F10 [F10] hop: chest at [-133,72,412] d=11 zero: chest unreachable (Took to long to decide path to goal!)
F10 [F10] chest skip (no path cached 0s ago at [-133,72,410])
F10 [F10] chest skip (no path cached 0s ago at [-133,72,408])
F8 [F8] craft torches: skip (no coal: sticks 5 coals 0)
F6 [F6] vein sweep: +4u walked from the drops (5 dug)
F6 [F6] vein sweep: 1 below-plane walk(s) still failed on the wide goal (range 2) - the drop rests deeper than the lip
F6 vein sweep: 5 ores dug beside the gallery (floor lock)
F6 bank trip: skipped (pockets full, 103s left < 150s - the end-phase owns the deadline banking)
F17 [F17] digShaft: water strike at y=40 -> water table (regions 3); fluid below (-88, 41, 377) - moving sideways
F7 [F7] water: drowning rescue start (drowning, oxygen 1)
F7 [F7] water: pass 0 head=wet shore=none land=n/a y=52.2 o2=1 probes=0 at=[-139,52,422]
F17 map trip: sand
F15 [F15] water: pass 6 head=dry shore=hit r=5 land=none y=62.0 o2=20 probes=0 at=[-97,62,368]
F16 climb out (bank): failed - stalled
F16 climb out (bank): retry (escalated retry after stalled, fenced to 60s of the 60s the chain has left)
F7 [F7] craft torches: skip (no coal: sticks 3 coals 0)
F13 [F13] craft torches: skip (the pocket torch cap: held 23 of 24 - sticks 5 coals 5)
F15 [F15] water: rescue complete in 5.1s
F15 [F15] water: hazard memorized at [-98,62,368] (13 live, fleet-wide)
F14 [F14] craft torches: skip (no coal: sticks 4 coals 0)
F17 tool upgrade due: worn (left=9/59) -> stone_pickaxe
F17 [toolupgrade] craft crafting_table: no craftable recipe variant (ingredients missing?)
F17 [toolupgrade] spare table: FAILED
F17 tool upgrade: failed -> none (cannot make a spare table (no 4 planks of one type?))
F17 [F17] craft torches: skip (no spare sticks: sticks 2 coals 43)
F17 tunnel: steering coal_ore @ 8.6b (axis x--1, cross 0.3731697127665825, ore detour)
F9 tunnel: 13 blocks (branch mine at the floor, steered, ore detour)
[hb] n=25 ts=501s rss=406M late=113ms mainLate=493ms
F7 [F7] water: deep-pocket ascend - dug the ceiling stone at [-139,54,421] (jump stalled 4+ passes, o2 -1)
F7 [F7] water: pass 5 head=wet shore=none land=n/a y=52.2 o2=-1 probes=0 at=[-139,52,422]
F7 [F7] water: frozen physics (4 flat passes at y=52.2, o2=0, head WET - the wet-critical fast window) - standing down, the reconnect lane owns this
F7 [F7] water: rescue standing down (frozen physics - the walk gate reopens, the reconnect lane owns a dead client) in 2.9s
F7 [F7] water: frozen client relog (#4 consecutive) (frozen while head-wet (1 verdict) - the drowning clock owns this client) - ending the session, the reconnect lane rebuilds the physics; the drowning sentry holds non-critical pages 60s (the frozen-return gate)
F7 [F7] water: hazard memorized at [-139,52,421] (14 live, fleet-wide)
F12 [F12] climb bridge: unavailable (no solid floor underfoot)
F12 [F12] climb diag: level at y=65 blocked toward 0,-1 (dug=55)
F12 [F12] climb: walkable surface at y=64 (+21 levels, dug=55) - the walk takes over (blocked step)
F12 climb out (bank): OK +21 levels (21 steps, 55 dug, undefineds)
F12 bank: holding 45s of 120s for the smelt leg
F1 [F1] craft torches: skip (the pocket torch cap: held 24 of 24 - sticks 5 coals 25)
F1 [F1] digShaft: water table y=54 (region strike) - stopping above the aquifer, the tunnel owns this level (regions 3)
F1 tunnel: steering coal_ore @ 2.5b (axis z--1, cross 0.3443596326604137, ore detour)
F8 [F8] torch: the placement did not land (dry) x1 - the streak names itself once, a landing re-arms it
F15 [F15] digShaft: water hazard 1.5b away (live 14) - refusing this column, the caller rotates
F15 bank trip: skipped (pockets full, 96s left < 150s - the end-phase owns the deadline banking)
F14 [F14] water: drowning rescue start (drowning, oxygen 14)
F14 [F14] water: pass 0 head=wet shore=none land=n/a y=59.4 o2=14 probes=0 at=[-135,59,390]
F1 tunnel: 0 blocks (branch mine at the floor, steered, ore detour)
F9 [F9] vein sweep: 8 drop(s) in reach (5 dug)
F7 retry #1 in 6.8s (Timeout waiting for 3 ticks after 5150ms)
F1 [F1] craft torches: skip (the pocket torch cap: held 24 of 24 - sticks 5 coals 25)
F14 tunnel: steering coal_ore @ 12.2b (axis x+, cross 1.3593466974708122, ore detour)
F14 tunnel: 0 blocks (branch mine at the floor, steered, ore detour)
F14 tunnel: 0 blocks x3 - sealed or flooded, cooling down 15s
F1 [F1] digShaft: water table y=54 (region strike) - stopping above the aquifer, the tunnel owns this level (regions 3)
F15 [F15] craft torches: skip (the pocket torch cap: held 24 of 24 - sticks 6 coals 13)
F15 [F15] digShaft: water hazard 2.2b away (live 14) - refusing this column, the caller rotates
F15 bank trip: skipped (pockets full, 93s left < 150s - the end-phase owns the deadline banking)
F15 [F15] craft torches: skip (the pocket torch cap: held 24 of 24 - sticks 6 coals 13)
F15 [F15] digShaft: water hazard 2.2b away (live 14) - refusing this column, the caller rotates
F15 tunnel: steering coal_ore @ 8.8b (axis z+, cross 0.349138301709047, floor lock)
F14 [F14] water: pass 6 head=dry shore=hit r=1 land=none y=62.7 o2=19 probes=0 at=[-135,63,391]
F8 tool upgrade due: cobble available -> stone_pickaxe
F15 tunnel: 0 blocks (branch mine at the floor, steered, floor lock)
F15 bank trip: skipped (pockets full, 92s left < 150s - the end-phase owns the deadline banking)
F16 [F16] climb diag: level at y=56 blocked toward -1,0 (dug=0, wet) at [0,1,0] water (stop)
F13 [F13] digShaft: water table y=44 (region strike) - stopping above the aquifer, the tunnel owns this level (regions 3)
F13 bank trip: skipped (pockets full, 91s left < 150s - the end-phase owns the deadline banking)
F17 tunnel: 12 blocks (branch mine at the floor, steered, ore detour)
F1 [F1] craft torches: skip (the pocket torch cap: held 24 of 24 - sticks 5 coals 25)
t-90s alive=19/19 mined=2398 map=1260p/19ch banked=333 smelted=1 pocket=2585u/267s | sand=8 gravel=52 dirt=406 stone=0
   deficits: 157926/8 (0.0%) 149380/52 (0.0%) 31860/0 (0.0%) 27420/0 (0.0%) 10725/128 (1.2%)
   F1=114[coal:25 torch:24 cobblestone:11] | F2=244[cobblestone:152 granite:33 raw_copper:27] | F3=132[cobblestone:82 dirt:15 smooth_stone:10] | F4=25[dirt:22 leaf_litter:4] | F5=88[cobblestone:41 dirt:14 leaf_litter:14] | F6=138[dirt:91 cobblestone:40 granite:12] | F7=66[dirt:23 cobblestone:22 leaf_litter:11] | F8=47[cobblestone:7 dirt:6 oak_planks:5] | F9=125[cobblestone:28 dirt:19 torch:7] | F10=122[dirt:77 cobblestone:38 leaf_litter:7] | F11=60[empty] | F12=264[cobblestone:162 raw_copper:51 gravel:36] | F13=188[cobblestone:73 dirt:60 leaf_litter:26] | F14=71[sand:6 oak_log:6 oak_sapling:5] | F15=138[cobblestone:74 torch:24 dirt:15] | F16=124[cobblestone:65 raw_copper:40 diorite:11] | F17=180[cobblestone:109 coal:43 dirt:15] | F18=38[cobblestone:17 dirt:13 leaf_litter:9] | F19=234[cobblestone:156 andesite:26 torch:22]
   mem: heap=116M/160M old=-1M ext=143M ab=141M rss=401M cols=1919 ents=2969 evicted=1456 path=3a/0q (max 6) stale=0
F14 [F14] water: pass 9 head=dry shore=hit r=1 land=none y=64.2 o2=20 probes=0 at=[-135,64,394]
F1 [F1] digShaft: water table y=54 (region strike) - stopping above the aquifer, the tunnel owns this level (regions 3)
F1 tunnel: steering coal_ore @ 3.5b (axis z--1, cross 2.3678525034950013, ore detour)
F10 [F10] raw hop failed: raw walk: no net progress for 8723ms (best d=6.8) - pathfinder retry
F13 [F13] craft torches: skip (the pocket torch cap: held 21 of 24 - sticks 5 coals 5)
F13 [F13] digShaft: water table y=44 (region strike) - stopping above the aquifer, the tunnel owns this level (regions 3)
F13 bank trip: skipped (pockets full, 88s left < 150s - the end-phase owns the deadline banking)
F13 [F13] craft torches: skip (the pocket torch cap: held 21 of 24 - sticks 5 coals 5)
F13 [F13] digShaft: water table y=44 (region strike) - stopping above the aquifer, the tunnel owns this level (regions 3)
F13 tunnel: steering coal_ore @ 4.5b (axis z+, cross 0.688739286860752, floor lock)
F14 [F14] water: pass 10 head=dry shore=hit r=2 land=none y=64.2 o2=20 probes=0 at=[-134,64,394]
F9 [F9] vein sweep: the drop walk to [-120,40,406] failed - sweep drops: timeout after 4000ms (dy -0.6, range 1)
F15 [F15] craft torches: skip (the pocket torch cap: held 24 of 24 - sticks 6 coals 13)
F15 [F15] digShaft: water hazard 2.5b away (live 14) - refusing this column, the caller rotates
F15 bank trip: skipped (pockets full, 87s left < 150s - the end-phase owns the deadline banking)
F15 [F15] craft torches: skip (the pocket torch cap: held 24 of 24 - sticks 6 coals 13)
F15 [F15] digShaft: water hazard 2.5b away (live 14) - refusing this column, the caller rotates
F15 tunnel: steering coal_ore @ 8.2b (axis z+, cross 0.5557622474708097, floor lock)
F15 tunnel: 0 blocks (branch mine at the floor, steered, floor lock)
F15 bank trip: skipped (pockets full, 87s left < 150s - the end-phase owns the deadline banking)
F5 climb out (bank): retry failed - timeout [stage 1]
F5 [F5] craft torches: skip (no coal: sticks 6 coals 0)
F5 tunnel: steering coal_ore @ 9.3b (axis x--1, cross 0.30000000000001137, floor lock)
F5 tunnel: 0 blocks (branch mine at the floor, steered, floor lock)
F18 climb out (bank): retry failed - timeout [stage 2]
F18 [F18] craft torches: skip (no coal: sticks 3 coals 0)
F18 tunnel: steering coal_ore @ 4.7b (axis x--1, cross 2.3000000000000114, floor lock)
F18 tunnel: 0 blocks (branch mine at the floor, steered, floor lock)
F9 [F9] vein sweep: the drop walk to [-120,47,405] failed - No path to the goal! (dy 7.0, range 2)
F14 [F14] water: pass 11 head=dry shore=hit r=1 land=none y=64.2 o2=20 probes=0 at=[-133,64,393]
F7 [F7] craft torches: skip (no coal: sticks 3 coals 0)
F12 [F12] raw hop failed: raw walk: no net progress for 8328ms (best d=8.0) - pathfinder retry
F2 climb out (bank): retry failed - timeout
F2 tool recovery: no pickaxe - spare-pick craft first
F2 spare pick: no table reachable or placeable
F2 tool recovery: spare craft failed (no table) - re-running the bootstrap
F19 climb out (bank): failed - timeout
F19 climb out (bank): retry (escalated retry after timeout, fenced to 30s of the 30s the chain has left)
F15 [F15] craft torches: skip (the pocket torch cap: held 24 of 24 - sticks 6 coals 13)
F1 tunnel: 2 blocks (branch mine at the floor, steered, ore detour)
F7 [F7] water: drowning rescue start (drowning, oxygen 0)
F7 [F7] water: pass 0 head=wet shore=none land=n/a y=51.4 o2=0 probes=0 at=[-139,51,422]
F14 [F14] water: pass 13 head=dry shore=hit r=1 land=none y=62.9 o2=20 probes=0 at=[-134,63,394]
F8 [toolupgrade] [upgrade] upgraded: stone_pickaxe,wooden_pickaxe,wooden_pickaxe
F8 tool upgrade: OK -> stone_pickaxe (stone_pickaxe,wooden_pickaxe,wooden_pickaxe)
F8 sword due: planks available
F13 tunnel: 2 blocks (branch mine at the floor, steered, floor lock)
F17 [F17] vein sweep: 8 drop(s) in reach (5 dug)
F9 [F9] vein sweep: +10u walked from the drops (5 dug)
F9 [F9] vein sweep: 2 below-plane walk(s) still failed on the wide goal (range 2) - the drop rests deeper than the lip
F9 vein sweep: 5 ores dug beside the gallery (ore detour)
F9 [F9] craft torches: skip (no coal: sticks 5 coals 0)
F7 [F7] water: pass 3 head=wet shore=none land=n/a y=52.2 o2=-1 probes=0 at=[-139,52,422]
F1 [F1] vein sweep: 2 drop(s) in reach (2 dug)
F7 [F7] water: frozen physics (4 flat passes at y=52.2, o2=0, head WET - the wet-critical fast window) - standing down, the reconnect lane owns this
F7 [F7] water: rescue standing down (frozen physics - the walk gate reopens, the reconnect lane owns a dead client) in 2.8s
F7 [F7] water: frozen client relog (#5 consecutive) (frozen while head-wet (1 verdict) - the drowning clock owns this client) - ending the session, the reconnect lane rebuilds the physics; the drowning sentry holds non-critical pages 60s (the frozen-return gate)
F7 [F7] water: hazard memorized at [-139,52,421] (15 live, fleet-wide)
F14 [F14] water: pass 15 head=dry shore=hit r=1 land=none y=63.4 o2=20 probes=0 at=[-134,63,394]
[hb] n=26 ts=521s rss=411M late=118ms mainLate=462ms
F8 sword: OK (wooden_sword, holds 1)
F8 sword: OK (wooden_sword)
F8 [F8] craft torches: stick-dry with logs held - one plank conversion first
F8 [F8] craft torches: stick-dry but 7 planks held - one stick batch first
F14 [F14] craft torches: skip (no coal: sticks 4 coals 0)
F14 tunnel: steering coal_ore @ 12.4b (axis x+, cross 1.5178213719978544, ore detour)
F14 [F14] water: pass 17 head=dry shore=hit r=1 land=none y=63.4 o2=20 probes=0 at=[-135,63,394]
F8 [F8] craft torches: skip (no coal: sticks 6 coals 0)
F8 pre-position: 48b from yard, t-77s - walking home
F13 [F13] vein sweep: 4 drop(s) in reach (4 dug)
t-75s alive=19/19 mined=2438 map=1283p/19ch banked=333 smelted=1 pocket=2661u/272s | sand=8 gravel=52 dirt=410 stone=0
   deficits: 157926/8 (0.0%) 149380/52 (0.0%) 31860/0 (0.0%) 27420/0 (0.0%) 10725/128 (1.2%)
   F1=119[coal:25 torch:24 cobblestone:16] | F2=245[cobblestone:152 granite:33 raw_copper:27] | F3=132[cobblestone:82 dirt:15 smooth_stone:10] | F4=27[dirt:23 leaf_litter:4 oak_log:4] | F5=88[cobblestone:41 dirt:14 leaf_litter:14] | F6=138[dirt:91 cobblestone:45 granite:12] | F7=66[dirt:23 cobblestone:22 leaf_litter:11] | F8=49[cobblestone:7 stick:6 dirt:6] | F9=126[cobblestone:32 dirt:19 torch:7] | F10=122[dirt:77 cobblestone:38 leaf_litter:7] | F11=60[empty] | F12=264[cobblestone:162 raw_copper:51 gravel:36] | F13=194[cobblestone:76 dirt:60 leaf_litter:26] | F14=71[sand:6 oak_log:6 oak_sapling:5] | F15=147[cobblestone:81 torch:23 dirt:17] | F16=124[cobblestone:65 raw_copper:40 diorite:11] | F17=185[cobblestone:109 coal:48 dirt:15] | F18=38[cobblestone:17 dirt:13 leaf_litter:9] | F19=243[cobblestone:165 andesite:26 torch:22]
   mem: heap=135M/165M old=-1M ext=148M ab=146M rss=406M cols=1900 ents=2772 evicted=1483 path=6a/0q (max 6) stale=0
F7 retry #1 in 6.2s (Timeout waiting for 4 ticks after 5200ms)
F14 [F14] water: pass 19 head=dry shore=hit r=1 land=none y=63.4 o2=20 probes=0 at=[-133,63,395]
F1 [F1] vein sweep: the drop walk to [-95,56,411] failed - sweep drops: timeout after 4000ms (dy -0.7, range 1)
F1 [F1] vein sweep: +2u walked from the drops (2 dug)
F1 vein sweep: 2 ores dug beside the gallery (ore detour)
F16 [F16] climb diag: level at y=56 blocked toward -1,0 (dug=0, wet) at [0,1,0] water (stop)
F14 tunnel: 0 blocks (branch mine at the floor, steered, ore detour)
F14 [F14] craft torches: skip (no coal: sticks 4 coals 0)
F14 tunnel: steering coal_ore @ 7.4b (axis x+, cross 0.4689560720689201, floor lock)
F14 tunnel: 0 blocks (branch mine at the floor, steered, floor lock)
F14 [F14] craft torches: skip (no coal: sticks 4 coals 0)
F14 tunnel: steering coal_ore @ 7.6b (axis x+, cross 1.3117468302352222, ore detour)
F14 tunnel: 0 blocks (branch mine at the floor, steered, ore detour)
F14 tunnel: 0 blocks x3 - sealed or flooded, cooling down 15s
F15 tool upgrade due: worn (left=11/131) -> stone_pickaxe
F15 [toolupgrade] craft crafting_table: no craftable recipe variant (ingredients missing?)
F14 [F14] water: pass 22 head=dry shore=hit r=1 land=none y=62.3 o2=20 probes=0 at=[-130,62,395]
F1 [F1] craft torches: skip (the pocket torch cap: held 24 of 24 - sticks 5 coals 25)
F1 [F1] digShaft: water table y=54 (region strike) - stopping above the aquifer, the tunnel owns this level (regions 3)
F1 tunnel: steering coal_ore @ 4.7b (axis x--1, cross 2.5, ore detour)
F15 [toolupgrade] plank rung: converted 2->6 same-type planks (need 4, from oak_log)
F13 [F13] vein sweep: the drop walk to [-119,45,387] failed - sweep drops: timeout after 4000ms (dy -1.0, range 1)
F17 [F17] vein sweep: the drop walk to [-97,40,376] failed - sweep drops: timeout after 4000ms (dy 0.0, range 1)
F14 [F14] water: rescue complete in 25.3s
F14 [F14] water: hazard memorized at [-130,62,394] (16 live, fleet-wide)
F15 [toolupgrade] spare table: crafted
F10 [F10] hop: chest at [-133,72,406] d=15 zero: cannot open chest (open chest: timeout after 10000ms)
F7 [F7] craft torches: skip (no coal: sticks 3 coals 0)
F7 [F7] water: drowning rescue start (drowning, oxygen 0)
F7 [F7] water: pass 0 head=wet shore=none land=n/a y=52.0 o2=0 probes=0 at=[-139,52,422]
F7 [F7] water: frozen physics (4 flat passes at y=52.2, o2=0, head WET - the wet-critical fast window) - standing down, the reconnect lane owns this
F7 [F7] water: rescue standing down (frozen physics - the walk gate reopens, the reconnect lane owns a dead client) in 1.0s
F7 [F7] water: frozen client relog (#6 consecutive) (frozen while head-wet (1 verdict) - the drowning clock owns this client) - ending the session, the reconnect lane rebuilds the physics; the drowning sentry holds non-critical pages 60s (the frozen-return gate)
F7 [F7] water: hazard memorized at [-139,52,421] (17 live, fleet-wide)
F13 [F13] vein sweep: the drop walk to [-116,45,387] failed - sweep drops: timeout after 4000ms (dy -0.7, range 1)
F17 [F17] vein sweep: the drop walk to [-97,40,375] failed - sweep drops: timeout after 4000ms (dy 0.0, range 1)
F13 [F13] vein sweep: +1u walked from the drops (4 dug)
F13 [F13] vein sweep: 1 below-plane walk(s) still failed on the wide goal (range 2) - the drop rests deeper than the lip
F13 vein sweep: 4 ores dug beside the gallery (floor lock)
F13 bank trip: skipped (pockets full, 66s left < 150s - the end-phase owns the deadline banking)
F13 [F13] craft torches: skip (the pocket torch cap: held 21 of 24 - sticks 5 coals 5)
F13 [F13] digShaft: water table y=44 (region strike) - stopping above the aquifer, the tunnel owns this level (regions 3)
F13 bank trip: skipped (pockets full, 65s left < 150s - the end-phase owns the deadline banking)
F13 [F13] craft torches: skip (the pocket torch cap: held 21 of 24 - sticks 5 coals 5)
F13 [F13] digShaft: water table y=44 (region strike) - stopping above the aquifer, the tunnel owns this level (regions 3)
F13 tunnel: steering coal_ore @ 5.4b (axis z+, cross 0.5, floor lock)
F2 tool recovery: OK (wooden_pickaxe,stone_pickaxe)
F2 [F2] craft torches: stick-dry but 16 planks held - one stick batch first
F2 [F2] craft torches: skip (no spare sticks: sticks 1 coals 1)
F15 [toolupgrade] stone_pickaxe: crafted (worn (left=11/131))
F15 tool upgrade: OK -> stone_pickaxe (worn (left=11/131))
F15 [F15] craft torches: skip (the pocket torch cap: held 23 of 24 - sticks 4 coals 13)
F13 tunnel: 0 blocks (branch mine at the floor, steered, floor lock)
F13 bank trip: skipped (pockets full, 65s left < 150s - the end-phase owns the deadline banking)
F13 [F13] craft torches: skip (the pocket torch cap: held 21 of 24 - sticks 5 coals 5)
F13 [F13] digShaft: water table y=44 (region strike) - stopping above the aquifer, the tunnel owns this level (regions 3)
F13 bank trip: skipped (pockets full, 65s left < 150s - the end-phase owns the deadline banking)
F13 [F13] craft torches: skip (the pocket torch cap: held 21 of 24 - sticks 5 coals 5)
F13 [F13] digShaft: water table y=44 (region strike) - stopping above the aquifer, the tunnel owns this level (regions 3)
F13 tunnel: steering coal_ore @ 5.4b (axis z+, cross 0.5, floor lock)
F13 tunnel: 0 blocks (branch mine at the floor, steered, floor lock)
F13 bank trip: skipped (pockets full, 64s left < 150s - the end-phase owns the deadline banking)
F13 [F13] craft torches: skip (the pocket torch cap: held 21 of 24 - sticks 5 coals 5)
F13 [F13] digShaft: water table y=44 (region strike) - stopping above the aquifer, the tunnel owns this level (regions 3)
F13 bank trip: skipped (pockets full, 64s left < 150s - the end-phase owns the deadline banking)
F13 [F13] craft torches: skip (the pocket torch cap: held 21 of 24 - sticks 5 coals 5)
F13 [F13] digShaft: water table y=44 (region strike) - stopping above the aquifer, the tunnel owns this level (regions 3)
F13 tunnel: steering coal_ore @ 5.7b (axis z+, cross 0.5, floor lock)
F17 [F17] vein sweep: +11u walked from the drops (5 dug)
F17 vein sweep: 5 ores dug beside the gallery (ore detour)
F17 bank trip: skipped (pockets full, 63s left < 150s - the end-phase owns the deadline banking)
F17 spare pick due: spare (cobble available)
F17 spare pick: no table reachable or placeable
F17 [F17] craft torches: skip (no spare sticks: sticks 2 coals 51)
F17 tunnel: steering iron_ore @ 7.4b (axis x--1, cross 2.4860817543411144, floor lock)
F2 [F2] digShaft: water table y=54 (region strike) - stopping above the aquifer, the tunnel owns this level (regions 3)
F2 bank trip: skipped (pockets full, 63s left < 150s - the end-phase owns the deadline banking)
F15 [F15] digShaft: water table y=44 (region strike) - stopping above the aquifer, the tunnel owns this level (regions 3)
F15 tunnel: steering coal_ore @ 10.5b (axis x--1, cross 3.5423309713942217, ore detour)
F12 [F12] hop: chest at [-117,72,386] d=15 zero: cannot open chest (open chest: timeout after 10000ms)
F6 pre-position: 58b from yard, t-63s - walking home
F6 bank: smelt hold skipped - no fuel in pocket (coal 0)
F6 [F6] chest skip (vertical doom: the yard stands 47 levels up over 11b lateral - the walk ladder cannot climb)
F6 [F6] hop: chest at [-133,72,410] d=49 zero: chest beyond the hop search radius 48 - walking home instead
F6 bank: no chest in range (58 blocks from yard) - walking back
F6 bank: the yard stands 47 levels up over 34b lateral - the walk ladder cannot climb, the pocket rides the next window
F6 camp furnace: craft-table (48 cobble + 7 planks - table first)
F13 tunnel: 0 blocks (branch mine at the floor, steered, floor lock)
F13 tunnel: 0 blocks x3 - sealed or flooded, cooling down 15s
F2 [F2] craft torches: the metal fuel reserve holds all 1 coal for the furnace (27 raw metal held)
F2 [F2] digShaft: water table y=54 (region strike) - stopping above the aquifer, the tunnel owns this level (regions 3)
F2 bank trip: skipped (pockets full, 61s left < 150s - the end-phase owns the deadline banking)
F2 [F2] craft torches: the metal fuel reserve holds all 1 coal for the furnace (27 raw metal held)
F2 [F2] digShaft: water table y=54 (region strike) - stopping above the aquifer, the tunnel owns this level (regions 3)
F2 tunnel: steering coal_ore @ 5.6b (axis z+, cross 0.5, floor lock)
F1 tunnel: 12 blocks (branch mine at the floor, steered, ore detour)
F1 [F1] craft torches: skip (the pocket torch cap: held 24 of 24 - sticks 5 coals 25)
F1 [F1] digShaft: water table y=54 (region strike) - stopping above the aquifer, the tunnel owns this level (regions 3)
F1 tunnel: steering coal_ore @ 3.8b (axis x+, cross 2.501166563502693, floor lock)
F7 retry #1 in 5.9s (Timeout waiting for 4 ticks after 5200ms)
[hb] n=27 ts=541s rss=424M late=123ms mainLate=898ms
t-60s alive=19/19 mined=2501 map=1318p/19ch banked=333 smelted=1 pocket=2718u/278s | sand=8 gravel=52 dirt=410 stone=0
   deficits: 157926/8 (0.0%) 149380/52 (0.0%) 31860/0 (0.0%) 27420/0 (0.0%) 10725/133 (1.2%)
   F1=131[cobblestone:30 coal:25 torch:23] | F2=252[cobblestone:154 granite:35 raw_copper:27] | F3=132[cobblestone:82 dirt:15 smooth_stone:10] | F4=27[dirt:23 oak_log:6 leaf_litter:4] | F5=88[cobblestone:41 dirt:14 leaf_litter:14] | F6=138[dirt:91 cobblestone:41 granite:12] | F7=66[dirt:23 cobblestone:22 leaf_litter:11] | F8=67[cobblestone:25 stick:6 dirt:6] | F9=126[cobblestone:32 dirt:19 coal:7] | F10=122[dirt:77 cobblestone:38 leaf_litter:7] | F11=63[empty] | F12=264[cobblestone:162 raw_copper:51 gravel:36] | F13=194[cobblestone:77 dirt:60 leaf_litter:26] | F14=71[sand:6 oak_log:6 oak_sapling:5] | F15=160[cobblestone:92 torch:23 dirt:17] | F16=124[cobblestone:65 raw_copper:40 diorite:11] | F17=188[cobblestone:112 coal:51 dirt:15] | F18=38[cobblestone:17 dirt:13 leaf_litter:9] | F19=250[cobblestone:172 andesite:26 torch:22]
   mem: heap=130M/166M old=-1M ext=154M ab=152M rss=422M cols=1888 ents=2513 evicted=1516 path=3a/0q (max 6) stale=0
F16 [F16] climb diag: level at y=56 blocked toward -1,0 (dug=0, wet) at [0,1,0] water (stop)
F10 [F10] raw hop failed: raw walk: no net progress for 8280ms (best d=7.2) - pathfinder retry
F14 [F14] craft torches: skip (no coal: sticks 4 coals 0)
F2 tunnel: 2 blocks (branch mine at the floor, steered, floor lock)
F6 camp furnace: BUILT (furnace at -129,25,422) in 8s
[F6] furnace within reach - opening without a walk
[F6] fuel clips the batch: 4 x oak_log completes 6 of 33 x cobblestone (the rest re-smelts on the next chain)
[F6] furnace slots after put: input=cobblestone fuel=oak_log
[F6] smelting 6 x cobblestone in a furnace (fuel: 4 x oak_log)
F6 smelted 0 () rescued=0 fired=6
F6 iron commune: no yard chest in range
F6 [F6] chest skip (vertical doom: the yard stands 47 levels up over 11b lateral - the walk ladder cannot climb)
F6 [F6] hop: chest at [-133,72,410] d=49 zero: chest beyond the hop search radius 48 - walking home instead
F6 pre-position bank: 0 (no chest in range)
F6 final climb: the yard stands 47 levels up over 34b lateral - climbing toward the yard's level (the walk ladder cannot)
F10 [F10] hop: chest at [-133,72,404] d=8 zero: chest unreachable (No path to the goal!)
F10 bank: chest unreachable (No path to the goal!) (21 blocks from yard) - walking back
F10 bank: yard walk arrived in 0s (1 attempt)
F10 camp furnace: build skipped - the leg clock (3s) cannot afford a 0s none build + the 5s put (machine near)
F10 fuel anchor scan returned empty (attempt 1/2) at [-133,64,405] yard d=21 - the palette empty-return class, re-querying
F10 fuel anchor scan returned empty (attempt 2/2) at [-133,64,405] yard d=21
F10 fuel anchor scan empty x2 - the singular probe rescued the scan (chest at [-133,72,404])
F10 fuel commons: the anchor chest is read first
F19 climb out (bank): retry failed - timeout
F19 spare pick due: spare (cobble available)
F19 spare pick: no table reachable or placeable
F19 [F19] craft torches: skip (the pocket torch cap: held 22 of 24 - sticks 3 coals 19)
F15 tunnel: 12 blocks (branch mine at the floor, steered, ore detour)
F7 [F7] craft torches: skip (no coal: sticks 3 coals 0)
F7 [F7] died - respawning (cause: server: drowned [kind=drown] | inferred: fall/env (0s before death at [-139,51,421]) [the inference CONTRADICTS the server verdict - the nearest harm was not the killer (the server kind stays the authority)])
F7 [F7] water: death spot memorized as a hazard at [-139,51,421] (17 live, fleet-wide)
F7 [F7] water: air-bar glitch ignored (oxygen 0 on dry land, 1 total)
F2 [F2] vein sweep: 5 drop(s) in reach (7 dug)
F19 tunnel: steering coal_ore @ 2.1b (axis x+, cross 0.49971389076330297, floor lock)
F14 [F14] digShaft: water hazard 2.3b away (live 17) - refusing this column, the caller rotates
F14 tunnel: 0 blocks (branch mine at the floor, floor lock)
F12 [F12] raw hop failed: raw walk timeout after 15362ms (d=6.0) - pathfinder retry
F13 bank trip: skipped (pockets full, 47s left < 150s - the end-phase owns the deadline banking)
F13 [F13] craft torches: skip (the pocket torch cap: held 21 of 24 - sticks 5 coals 5)
F13 [F13] digShaft: water table y=44 (region strike) - stopping above the aquifer, the tunnel owns this level (regions 3)
F13 bank trip: skipped (pockets full, 46s left < 150s - the end-phase owns the deadline banking)
F13 [F13] craft torches: skip (the pocket torch cap: held 21 of 24 - sticks 5 coals 5)
F13 [F13] digShaft: water table y=44 (region strike) - stopping above the aquifer, the tunnel owns this level (regions 3)
F13 tunnel: steering iron_ore @ 7.3b (axis z+, cross 0.5, floor lock)
F2 [F2] vein sweep: the drop walk to [-74,55,413] failed - sweep drops: timeout after 4000ms (dy -1.0, range 1)
F17 tunnel: 13 blocks (branch mine at the floor, steered, floor lock)
t-44s alive=19/19 mined=2568 map=1311p/19ch banked=333 smelted=1 pocket=2690u/269s | sand=8 gravel=54 dirt=392 stone=0
   deficits: 157926/8 (0.0%) 149380/54 (0.0%) 31860/0 (0.0%) 27420/0 (0.0%) 10725/133 (1.2%)
   F1=141[cobblestone:40 coal:25 torch:23] | F2=259[cobblestone:154 granite:37 raw_copper:27] | F3=132[cobblestone:82 dirt:15 smooth_stone:10] | F4=27[dirt:23 oak_log:6 leaf_litter:4] | F5=88[cobblestone:41 dirt:14 leaf_litter:14] | F6=146[dirt:91 cobblestone:43 granite:12] | F7=66[empty] | F8=80[cobblestone:33 dirt:9 stick:6] | F9=126[cobblestone:32 dirt:19 coal:7] | F10=122[dirt:77 cobblestone:38 leaf_litter:7] | F11=66[dirt:2] | F12=264[cobblestone:162 raw_copper:51 gravel:36] | F13=194[cobblestone:77 dirt:60 leaf_litter:26] | F14=71[sand:6 oak_log:6 oak_sapling:5] | F15=174[cobblestone:100 torch:23 dirt:17] | F16=124[cobblestone:65 raw_copper:40 diorite:11] | F17=198[cobblestone:121 coal:51 dirt:15] | F18=38[cobblestone:17 dirt:13 leaf_litter:9] | F19=252[cobblestone:172 andesite:26 torch:22]
   mem: heap=137M/169M old=-1M ext=162M ab=159M rss=440M cols=1816 ents=2488 evicted=1455 path=5a/0q (max 6) stale=0
F5 [F5] craft torches: skip (no coal: sticks 6 coals 0)
F5 tunnel: steering coal_ore @ 8.7b (axis x--1, cross 0.30000000000001137, ore detour)
F5 tunnel: 0 blocks (branch mine at the floor, steered, ore detour)
F5 [F5] craft torches: skip (no coal: sticks 6 coals 0)
F5 tunnel: steering coal_ore @ 9.6b (axis x--1, cross 1.3000000000000114, floor lock)
F5 tunnel: 0 blocks (branch mine at the floor, steered, floor lock)
F5 tunnel: 0 blocks x3 - sealed or flooded, cooling down 15s
F12 [F12] direct deposit: 27 chest slots derived from the 63-slot view
F12 camp furnace: 8 near machine(s) beyond the 24b direct envelope (nearest d=16.6) - 4 inside the envelope keep the veto
F12 camp furnace: no build (machine near)
F7 [F7] water: air-bar glitch override - 8 consecutive critical-on-dry reads, believing the bar
F7 [F7] water: drowning rescue start (drowning, oxygen 0)
F7 [F7] water: rescue complete in 0.0s
F7 [F7] water: frozen-return gate clears - the rescue completed with living physics
F7 [F7] water: dry-land proof (rescue saw no water in 0.0s) - the critical-on-dry streak restarts, the next glitch page waits 20s
F7 [F7] water: liar ladder ratchets - confirmed no-op glitch page #1, the next override needs 16 fresh critical-on-dry reads
F14 [F14] craft torches: skip (no coal: sticks 4 coals 0)
F14 [F14] digShaft: water hazard 6.4b away (live 17) - refusing this column, the caller rotates
F14 tunnel: steering coal_ore @ 14.3b (axis x+, cross 3.3166778006595337, ore detour)
F1 tunnel: 12 blocks (branch mine at the floor, steered, floor lock)
F10 fuel commons: the cover dig stands down (not at the chest)
F10 fuel commons: open failed (open fuel chest: timeout after 10000ms)
F10 fuel commons: budget spent (0/1 units)
F10 smelt: 0 (raw_iron@-: no fuel)
F14 tunnel: 0 blocks (branch mine at the floor, steered, ore detour)
F14 [F14] craft torches: skip (no coal: sticks 4 coals 0)
F14 [F14] digShaft: water hazard 7.6b away (live 17) - refusing this column, the caller rotates
F14 tunnel: 0 blocks (branch mine at the floor, floor lock)
F14 tunnel: 0 blocks x3 - sealed or flooded, cooling down 15s
F13 tunnel: 0 blocks (branch mine at the floor, steered, floor lock)
F13 bank trip: skipped (pockets full, 41s left < 150s - the end-phase owns the deadline banking)
F15 [F15] vein sweep: 5 drop(s) in reach (9 dug)
F16 climb out (bank): retry failed - timeout [stage 1]
F16 [F16] craft torches: skip (no coal: sticks 3 coals 0)
F2 [F2] vein sweep: the drop walk to [-74,55,415] failed - sweep drops: timeout after 4000ms (dy -1.0, range 1)
F9 [F9] craft torches: 3 batch(es) -> 12 torches (sticks 5 coals 7, the metal reserve keeps 1)
[hb] n=28 ts=561s rss=438M late=127ms mainLate=597ms
F13 [F13] craft torches: skip (the pocket torch cap: held 21 of 24 - sticks 5 coals 5)
F13 [F13] digShaft: water table y=44 (region strike) - stopping above the aquifer, the tunnel owns this level (regions 3)
F13 bank trip: skipped (pockets full, 40s left < 150s - the end-phase owns the deadline banking)
F13 [F13] craft torches: skip (the pocket torch cap: held 21 of 24 - sticks 5 coals 5)
F13 [F13] digShaft: water table y=44 (region strike) - stopping above the aquifer, the tunnel owns this level (regions 3)
F13 tunnel: steering iron_ore @ 7.4b (axis z+, cross 1.5, floor lock)
F9 [F9] craft torches: skip (no spare sticks: sticks 2 coals 4)
F9 tunnel: steering coal_ore @ 2.6b (axis x+, cross 0.5899680166305643, floor lock)
F1 [F1] vein sweep: 4 drop(s) in reach (4 dug)
F13 tunnel: 0 blocks (branch mine at the floor, steered, floor lock)
F13 bank trip: skipped (pockets full, 38s left < 150s - the end-phase owns the deadline banking)
F13 [F13] craft torches: skip (the pocket torch cap: held 21 of 24 - sticks 5 coals 5)
F13 [F13] digShaft: water table y=44 (region strike) - stopping above the aquifer, the tunnel owns this level (regions 3)
F13 bank trip: skipped (pockets full, 37s left < 150s - the end-phase owns the deadline banking)
F13 [F13] craft torches: skip (the pocket torch cap: held 21 of 24 - sticks 5 coals 5)
F13 [F13] digShaft: water table y=44 (region strike) - stopping above the aquifer, the tunnel owns this level (regions 3)
F13 tunnel: steering coal_ore @ 5.7b (axis z+, cross 0.29999999999999716, floor lock)
F7 tunnel: 0 blocks (branch mine at the floor, ore detour)
F7 [F7] craft torches: skip (no spare sticks: sticks 0 coals 0)
F16 retry #1 in 5.7s (Timeout waiting for 4 ticks after 5200ms)
F15 [F15] vein sweep: the drop walk to [-90,45,382] failed - sweep drops: timeout after 4000ms (dy -1.0, range 1)
F13 tunnel: 0 blocks (branch mine at the floor, steered, floor lock)
F13 tunnel: 0 blocks x3 - sealed or flooded, cooling down 15s
F9 tunnel: 4 blocks (branch mine at the floor, steered, floor lock)
F1 [F1] vein sweep: the drop walk to [-93,55,417] failed - sweep drops: timeout after 4000ms (dy -1.0, range 1)
F1 [F1] vein sweep: the drop walk to [-95,55,411] failed - doomed goal (ledgered 24s ago at [-96,55,410]) - sweep drops refused (dy 0.0, range 1)
F1 [F1] vein sweep: +5u walked from the drops (4 dug)
F1 [F1] vein sweep: 1 below-plane walk(s) still failed on the wide goal (range 2) - the drop rests deeper than the lip
F1 vein sweep: 4 ores dug beside the gallery (floor lock)
F9 [F9] vein sweep: 7 drop(s) in reach (4 dug)
F15 [F15] vein sweep: the drop walk to [-91,46,384] failed - sweep drops: timeout after 4000ms (dy 0.0, range 1)
F10 iron commune: open failed (open commune chest: timeout after 10000ms)
[F12] walk nudge: approach: 1 segment(s) walked in 12.1s, goal now d=9.5 (inside the direct envelope)
[F12] walk nudge: inside the direct envelope
t-29s alive=18/19 mined=2616 map=1333p/20ch banked=333 smelted=1 pocket=2522u/256s | sand=8 gravel=18 dirt=384 stone=0
   deficits: 157926/8 (0.0%) 149380/18 (0.0%) 31860/0 (0.0%) 27420/0 (0.0%) 10725/101 (0.9%)
   F1=147[cobblestone:49 coal:25 torch:23] | F2=259[cobblestone:154 granite:37 raw_copper:27] | F3=132[cobblestone:82 dirt:15 smooth_stone:10] | F4=27[dirt:23 oak_planks:6 stick:4] | F5=88[cobblestone:41 dirt:14 leaf_litter:14] | F6=158[dirt:91 cobblestone:55 granite:12] | F7=69[leaf_litter:6 dirt:4] | F8=91[cobblestone:33 dirt:21 stick:6] | F9=134[cobblestone:32 torch:19 dirt:19] | F10=122[dirt:77 cobblestone:38 leaf_litter:7] | F11=66[oak_log:3 chest:1 birch_log:1] | F12=264[cobblestone:162 raw_copper:51 stick:6] | F13=194[cobblestone:78 dirt:60 leaf_litter:26] | F14=71[sand:6 oak_log:6 oak_sapling:5] | F15=177[cobblestone:101 torch:23 dirt:17] | F16=124[empty] | F17=200[cobblestone:122 coal:51 dirt:15] | F18=38[cobblestone:17 dirt:13 leaf_litter:9] | F19=255[cobblestone:172 andesite:26 torch:22]
   mem: heap=130M/169M old=-1M ext=161M ab=158M rss=441M cols=1788 ents=2407 evicted=1516 path=6a/0q (max 6) stale=0
F10 iron commune: iron commune: path nudge approach: 1 segment(s) walked in 0.2s, goal now d=8.0 (inside the direct envelope)
F10 iron commune: iron commune: path nudge inside the direct envelope
F10 iron commune: iron commune: the nudge retry landed
F8 climb out (pre-position): OK +18 levels (17 steps, 44 dug, 49s)
F8 bank: smelt hold skipped - no fuel in pocket (coal 0)
F6 [F6] climb bridge: placed cobblestone at [-130,33,412] (support) - the step re-judges
F17 [F17] vein sweep: 0 drop(s) in reach (3 dug)
F17 vein sweep: 3 ores dug beside the gallery (floor lock)
F17 bank trip: skipped (pockets full, 28s left < 150s - the end-phase owns the deadline banking)
F2 [F2] vein sweep: +1u walked from the drops (7 dug)
F2 [F2] vein sweep: 1 below-plane walk(s) still failed on the wide goal (range 2) - the drop rests deeper than the lip
F2 vein sweep: 7 ores dug beside the gallery (floor lock)
F2 bank trip: skipped (pockets full, 28s left < 150s - the end-phase owns the deadline banking)
F9 [F9] vein sweep: the drop walk to [-120,47,406] failed - doomed goal (ledgered 58s ago at [-121,47,406]) - sweep drops refused (dy 5.0, range 2)
F9 [F9] vein sweep: the drop walk to [-120,47,405] failed - doomed goal (ledgered 58s ago at [-120,47,405]) - sweep drops refused (dy 5.0, range 2)
F16 [F16] craft torches: skip (no coal: sticks 3 coals 0)
F15 [F15] vein sweep: +7u walked from the drops (9 dug)
F15 [F15] vein sweep: 1 below-plane walk(s) still failed on the wide goal (range 2) - the drop rests deeper than the lip
F15 vein sweep: 9 ores dug beside the gallery (ore detour)
F15 bank trip: skipped (pockets full, 25s left < 150s - the end-phase owns the deadline banking)
F4 [F4] craft torches: stick-dry with logs held - one plank conversion first
F2 [F2] craft torches: the metal fuel reserve holds all 1 coal for the furnace (27 raw metal held)
F2 [F2] digShaft: water table y=54 (region strike) - stopping above the aquifer, the tunnel owns this level (regions 3)
F2 bank trip: skipped (pockets full, 24s left < 150s - the end-phase owns the deadline banking)
F2 [F2] craft torches: the metal fuel reserve holds all 1 coal for the furnace (27 raw metal held)
F2 [F2] digShaft: water table y=54 (region strike) - stopping above the aquifer, the tunnel owns this level (regions 3)
F2 tunnel: steering coal_ore @ 5.4b (axis x--1, cross 1.3000000000000114, floor lock)
F18 [F18] craft torches: skip (no coal: sticks 3 coals 0)
F18 [F18] craft torches: skip (no coal: sticks 3 coals 0)
F18 tunnel: steering coal_ore @ 6b (axis x--1, cross 3.3000000000000114, floor lock)
F18 tunnel: 0 blocks (branch mine at the floor, steered, floor lock)
F4 [F4] craft torches: stick-dry but 6 planks held - one stick batch first
F16 [F16] water: drowning rescue start (drowning, oxygen 13)
F16 [F16] water: pass 0 head=wet shore=none land=n/a y=54.0 o2=13 probes=0 at=[-100,54,359]
F14 [F14] craft torches: skip (no coal: sticks 4 coals 0)
F14 [F14] digShaft: water hazard 1.4b away (live 17) - refusing this column, the caller rotates
F4 [F4] craft torches: skip (no coal: sticks 4 coals 0)
F4 tool recovery: OK (wooden_pickaxe)
F4 spare pick due: spare (planks available)
F17 tool upgrade due: cobble available -> stone_pickaxe
F16 [F16] water: pass 4 head=wet shore=none land=n/a y=56.2 o2=11 probes=0 at=[-100,56,359]
F16 bank trip: skipped (pockets full, 21s left < 150s - the end-phase owns the deadline banking)
F16 [F16] craft torches: skip (no coal: sticks 3 coals 0)
F15 sword due: cobble available
F15 sword: no table reachable or placeable
F15 sword: failed (no table)
F15 [F15] craft torches: skip (the pocket torch cap: held 23 of 24 - sticks 4 coals 13)
F15 [F15] digShaft: water table y=44 (region strike) - stopping above the aquifer, the tunnel owns this level (regions 3)
F15 tunnel: steering coal_ore @ 7.4b (axis z--1, cross 2.5, ore detour)
F17 [toolupgrade] [upgrade] craft crafting_table: no craftable recipe variant (ingredients missing?)
F17 tool upgrade: failed -> none (no table material)
F17 [F17] craft torches: 3 batch(es) -> 12 torches (sticks 6 coals 51)
F9 [F9] vein sweep: +14u walked from the drops (4 dug)
F9 [F9] vein sweep: 3 below-plane walk(s) still failed on the wide goal (range 2) - the drop rests deeper than the lip
F9 vein sweep: 4 ores dug beside the gallery (floor lock)
F4 spare pick: OK (wooden_pickaxe, holds 2)
F4 [F4] craft torches: stick-dry with logs held - one plank conversion first
F13 bank trip: skipped (pockets full, 20s left < 150s - the end-phase owns the deadline banking)
[hb] n=29 ts=581s rss=443M late=133ms mainLate=747ms
F7 [F7] water: air-bar glitch ignored (oxygen 0 on dry land, 35 total)
F17 tunnel: steering coal_ore @ 5.5b (axis x+, cross 0.4997972669034425, ore detour)
F13 [F13] craft torches: skip (the pocket torch cap: held 21 of 24 - sticks 5 coals 5)
F13 [F13] digShaft: water table y=44 (region strike) - stopping above the aquifer, the tunnel owns this level (regions 3)
F13 bank trip: skipped (pockets full, 20s left < 150s - the end-phase owns the deadline banking)
F13 [F13] craft torches: skip (the pocket torch cap: held 21 of 24 - sticks 5 coals 5)
F13 [F13] digShaft: water table y=44 (region strike) - stopping above the aquifer, the tunnel owns this level (regions 3)
F13 tunnel: steering iron_ore @ 8.3b (axis x+, cross 3.6999999999999886, floor lock)
F16 [F16] water: deep-pocket ascend - dug the ceiling dirt at [-100,58,358] (jump stalled 4+ passes, o2 14)
F14 tunnel: 3 blocks (branch mine at the floor, ore detour)
F14 [F14] craft torches: skip (no coal: sticks 4 coals 0)
F14 [F14] digShaft: water hazard 3.4b away (live 17) - refusing this column, the caller rotates
F16 [F16] water: pass 9 head=wet shore=none land=n/a y=56.4 o2=20 probes=0 at=[-100,56,359]
F4 [F4] craft torches: stick-dry but 9 planks held - one stick batch first
F16 [F16] water: frozen physics (10 flat passes at y=56.2, o2=20, head WET) - standing down, the reconnect lane owns this
F16 [F16] water: rescue standing down (frozen physics - the walk gate reopens, the reconnect lane owns a dead client) in 4.8s
F16 [F16] water: frozen client relog (#3 consecutive) (frozen while head-wet (1 verdict) - the drowning clock owns this client) - ending the session, the reconnect lane rebuilds the physics; the drowning sentry holds non-critical pages 40s (the frozen-return gate)
F16 [F16] water: hazard memorized at [-100,56,358] (13 live, fleet-wide)
F4 [F4] craft torches: skip (no coal: sticks 6 coals 0)
F4 [F4] digShaft: water table y=54 (region strike) - stopping above the aquifer, the tunnel owns this level (regions 3)
F4 sword due: planks available
F4 sword: OK (wooden_sword, holds 1)
F4 sword: OK (wooden_sword)
F4 [F4] craft torches: skip (no coal: sticks 5 coals 0)
F4 [F4] digShaft: water table y=54 (region strike) - stopping above the aquifer, the tunnel owns this level (regions 3)
F4 tunnel: steering coal_ore @ 2.6b (axis z--1, cross 0.5, floor lock)
F10 iron commune: open failed (open commune chest: timeout after 10000ms)
F10 bank: 0 (budget exhausted)
F10 [F10] craft torches: skip (no coal: sticks 3 coals 0)
F15 tunnel: 6 blocks (branch mine at the floor, steered, ore detour)
F15 bank trip: skipped (pockets full, 14s left < 150s - the end-phase owns the deadline banking)
F15 [F15] craft torches: skip (the pocket torch cap: held 23 of 24 - sticks 4 coals 13)
F15 tunnel: steering coal_ore @ 6.9b (axis x--1, cross 3.3000000000000114, floor lock)
F15 tunnel: 0 blocks (branch mine at the floor, steered, floor lock)
F15 bank trip: skipped (pockets full, 14s left < 150s - the end-phase owns the deadline banking)
t-14s alive=19/19 mined=2668 map=1343p/20ch banked=333 smelted=1 pocket=2752u/281s | sand=11 gravel=18 dirt=402 stone=0
   deficits: 157926/11 (0.0%) 149380/18 (0.0%) 31860/0 (0.0%) 27420/0 (0.0%) 10725/115 (1.1%)
   F1=147[cobblestone:53 coal:25 torch:23] | F2=266[cobblestone:154 granite:45 raw_copper:27] | F3=132[cobblestone:82 dirt:15 smooth_stone:10] | F4=29[dirt:23 stick:5 oak_planks:5] | F5=88[cobblestone:41 dirt:14 leaf_litter:14] | F6=165[dirt:91 cobblestone:62 granite:12] | F7=72[dirt:8 leaf_litter:6] | F8=91[cobblestone:33 dirt:21 stick:6] | F9=134[cobblestone:32 torch:19 dirt:19] | F10=124[dirt:78 cobblestone:38 leaf_litter:7] | F11=68[oak_log:4 birch_log:2 chest:1] | F12=264[cobblestone:162 raw_copper:51 stick:6] | F13=201[cobblestone:82 dirt:60 leaf_litter:26] | F14=77[sand:9 oak_log:6 oak_sapling:6] | F15=183[cobblestone:104 torch:23 dirt:19] | F16=126[cobblestone:65 raw_copper:40 diorite:11] | F17=205[cobblestone:122 coal:48 torch:21] | F18=38[cobblestone:17 dirt:13 leaf_litter:9] | F19=258[cobblestone:172 andesite:26 torch:22]
   mem: heap=135M/171M old=-1M ext=168M ab=166M rss=443M cols=1810 ents=2387 evicted=1536 path=5a/0q (max 6) stale=0
F8 [F8] approach: 1 segment(s) walked in 14.4s, goal now d=14.1 (inside the direct envelope)
F6 [F6] water: drowning rescue start (drowning, oxygen 13)
F6 [F6] water: pass 0 head=wet shore=none land=n/a y=36.0 o2=13 probes=0 at=[-129,36,410]
F15 [F15] craft torches: skip (the pocket torch cap: held 23 of 24 - sticks 4 coals 13)
F15 tunnel: steering coal_ore @ 7b (axis x--1, cross 2.3834151321148624, ore detour)
F15 tunnel: 0 blocks (branch mine at the floor, steered, ore detour)
F15 bank trip: skipped (pockets full, 13s left < 150s - the end-phase owns the deadline banking)
F15 [F15] craft torches: skip (the pocket torch cap: held 23 of 24 - sticks 4 coals 13)
F15 tunnel: steering iron_ore @ 10b (axis x+, cross 1.3834151321148624, floor lock)
F14 tunnel: 3 blocks (branch mine at the floor, floor lock)
F4 tunnel: 2 blocks (branch mine at the floor, steered, floor lock)
F16 retry #1 in 5.0s (Timeout waiting for 1 ticks after 5050ms)
F7 [F7] water: air-bar glitch override - 16 consecutive critical-on-dry reads, believing the bar
F7 [F7] water: drowning rescue start (drowning, oxygen 0)
F7 [F7] water: pass 0 head=dry shore=hit r=1 land=none y=64.5 o2=0 probes=0 at=[-90,65,409]
F1 tool upgrade due: cobble available -> stone_pickaxe
F7 [F7] craft torches: skip (no spare sticks: sticks 0 coals 0)
F7 [F7] craft torches: skip (no spare sticks: sticks 0 coals 0)
F7 tunnel: steering coal_ore @ 5.8b (axis x+, cross 3.3000000000000114, floor lock)
F4 [F4] craft torches: skip (no coal: sticks 5 coals 0)
F4 [F4] digShaft: water table y=54 (region strike) - stopping above the aquifer, the tunnel owns this level (regions 3)
F4 [F4] craft torches: skip (no coal: sticks 5 coals 0)
F4 [F4] digShaft: water table y=54 (region strike) - stopping above the aquifer, the tunnel owns this level (regions 3)
F4 tunnel: steering coal_ore @ 4b (axis x--1, cross 2.464061214539754, floor lock)
F4 tunnel: 0 blocks (branch mine at the floor, steered, floor lock)
F6 [F6] water: pass 4 head=wet shore=none land=n/a y=37.2 o2=15 probes=0 at=[-129,37,411]
F4 [F4] craft torches: skip (no coal: sticks 5 coals 0)
F4 [F4] digShaft: water table y=54 (region strike) - stopping above the aquifer, the tunnel owns this level (regions 3)
F4 [F4] craft torches: skip (no coal: sticks 5 coals 0)
F4 [F4] digShaft: water table y=54 (region strike) - stopping above the aquifer, the tunnel owns this level (regions 3)
F4 tunnel: steering coal_ore @ 4.4b (axis x--1, cross 2.464061214539754, floor lock)
F4 tunnel: 0 blocks (branch mine at the floor, steered, floor lock)
F6 [F6] water: deep-pocket ascend - dug the ceiling stone at [-130,39,410] (jump stalled 4+ passes, o2 18)
F14 [F14] craft torches: skip (no coal: sticks 4 coals 0)
F13 tunnel: 13 blocks (branch mine at the floor, steered, floor lock)
F13 bank trip: skipped (pockets full, 10s left < 150s - the end-phase owns the deadline banking)
F7 [F7] water: pass 4 head=dry shore=hit r=4 land=none y=64.1 o2=0 probes=0 at=[-90,64,409]
F6 [F6] water: frozen physics (10 flat passes at y=37.2, o2=20, head WET) - standing down, the reconnect lane owns this
F6 [F6] water: rescue standing down (frozen physics - the walk gate reopens, the reconnect lane owns a dead client) in 3.8s
F6 [F6] water: frozen client relog (#1 consecutive) (frozen while head-wet (1 verdict) - the drowning clock owns this client) - ending the session, the reconnect lane rebuilds the physics; the drowning sentry holds non-critical pages 10s (the frozen-return gate)
F6 [F6] water: hazard memorized at [-130,37,410] (14 live, fleet-wide)
F1 [toolupgrade] [upgrade] upgraded: stone_pickaxe,wooden_shovel,wooden_pickaxe,wooden_pickaxe
F1 tool upgrade: OK -> stone_pickaxe (stone_pickaxe,wooden_shovel,wooden_pickaxe,wooden_pickaxe)
F1 [F1] craft torches: skip (the pocket torch cap: held 23 of 24 - sticks 3 coals 25)
F1 [F1] digShaft: water table y=54 (region strike) - stopping above the aquifer, the tunnel owns this level (regions 3)
F1 tunnel: steering coal_ore @ 7.3b (axis z--1, cross 1.3216400484638058, ore detour)
F10 [F10] torch: the placement did not land (dry) x1 - the streak names itself once, a landing re-arms it
[F12] walk nudge: approach: 1 segment(s) walked in 12.3s, goal now d=9.5 (inside the direct envelope)
[F12] walk nudge: inside the direct envelope
F4 [F4] craft torches: skip (no coal: sticks 5 coals 0)
F7 [F7] water: rescue complete in 4.2s
F7 [F7] water: hazard memorized at [-91,64,408] (14 live, fleet-wide)
F7 [F7] water: liar ladder resets - the rescue kept its water/long record (the page was not disproven)
F12 smelt: 0 (raw_iron@blast_furnace: machine unreachable (No path to the goal!); raw_iron@blast_furnace: machine unreachable (visit budget spent (walk slice)))
F7 [F7] water: drowning rescue start (drowning, oxygen 0)
F7 [F7] water: rescue complete in 0.0s
F7 [F7] water: dry-land proof (rescue saw no water in 0.0s) - the critical-on-dry streak restarts, the next glitch page waits 20s
F7 [F7] water: liar ladder ratchets - confirmed no-op glitch page #1, the next override needs 16 fresh critical-on-dry reads
F12 iron commune: iron commune: path nudge approach: 1 segment(s) walked in 0.2s, goal now d=12.8 (inside the direct envelope)
F12 iron commune: iron commune: path nudge inside the direct envelope
F16 [F16] craft torches: skip (no coal: sticks 3 coals 0)
F16 [F16] digShaft: water hazard 0.9b away (live 14) - refusing this column, the caller rotates
F16 tunnel: steering coal_ore @ 14.1b (axis z+, cross 1.5, ore detour)
F1 tunnel: 2 blocks (branch mine at the floor, steered, ore detour)
F1 [F1] craft torches: skip (the pocket torch cap: held 23 of 24 - sticks 3 coals 25)
F1 [F1] digShaft: water table y=54 (region strike) - stopping above the aquifer, the tunnel owns this level (regions 3)
F1 tunnel: steering coal_ore @ 7.4b (axis x+, cross 0.30000000000001137, floor lock)
F1 tunnel: 0 blocks (branch mine at the floor, steered, floor lock)
F17 tunnel: 12 blocks (branch mine at the floor, steered, ore detour)
F17 bank trip: skipped (pockets full, 4s left < 150s - the end-phase owns the deadline banking)
F17 [F17] craft torches: skip (the pocket torch cap: held 21 of 24 - sticks 3 coals 48)
F17 tunnel: steering coal_ore @ 4.9b (axis x--1, cross 1.5014723680949373, floor lock)
F14 [F14] water: drowning rescue start (drowning, oxygen 15)
F14 [F14] water: pass 0 head=wet shore=none land=n/a y=59.7 o2=15 probes=0 at=[-137,60,390]
F17 tunnel: 0 blocks (branch mine at the floor, steered, floor lock)
F8 [F8] raw hop failed: raw walk: no net progress for 8072ms (best d=8.0) - pathfinder retry
F2 tunnel: 9 blocks (branch mine at the floor, steered, floor lock)
F10 tunnel: steering coal_ore @ 7.7b (axis x+, cross 3.5, ore detour)
F14 [F14] water: pass 6 head=dry shore=hit r=1 land=none y=62.4 o2=20 probes=0 at=[-136,62,391]
F16 [F16] water: frozen-return gate holds the page (23s left) - the fresh client walks the hazard-ledgered column out
F14 [F14] craft torches: skip (no coal: sticks 4 coals 0)
F14 [F14] craft torches: skip (no coal: sticks 4 coals 0)
F14 tunnel: 0 blocks (branch mine at the floor, floor lock)
F6 [F6] climb diag: level at y=36 blocked toward 0,-1 (dug=27) dig failed at [-130,38,409] stone (held=stone_pickaxe, airborne, post=water STILL THERE (server never broke it))
F2 [F2] vein sweep: 2 drop(s) in reach (1 dug)
F14 [F14] craft torches: skip (no coal: sticks 4 coals 0)
F14 [F14] craft torches: skip (no coal: sticks 4 coals 0)
F14 tunnel: 0 blocks (branch mine at the floor, floor lock)
F4 [F4] torch: the placement did not land (dry) x1 - the streak names itself once, a landing re-arms it
F14 [F14] craft torches: skip (no coal: sticks 4 coals 0)
F14 [F14] craft torches: skip (no coal: sticks 4 coals 0)
F10 tunnel: 2 blocks (branch mine at the floor, steered, ore detour)
F10 final bank deferred: night (tod=12448) - the pocket rides out the dark alive (the v0.140.1 night hold)
[hb] n=30 ts=601s rss=455M late=138ms mainLate=542ms
F3 final bank deferred: night (tod=12452) - the pocket rides out the dark alive (the v0.140.1 night hold)
F15 tunnel: 0 blocks (branch mine at the floor, steered, floor lock)
F15 tunnel: 0 blocks x3 - sealed or flooded, cooling down 15s
F16 tunnel: 2 blocks (branch mine at the floor, steered, ore detour)
F16 final bank deferred: night (tod=12415) - the pocket rides out the dark alive (the v0.140.1 night hold)
[worldmap] autosave: merged 70 from disk, 1426 positions on file
F4 tunnel: steering coal_ore @ 12.3b (axis x+, cross 0.4999709455872221, ore detour)
F4 tunnel: 0 blocks (branch mine at the floor, steered, ore detour)
F4 tunnel: 0 blocks x3 - sealed or flooded, cooling down 15s
F9 final bank deferred: night (tod=12460) - the pocket rides out the dark alive (the v0.140.1 night hold)
F17 [F17] vein sweep: 2 drop(s) in reach (2 dug)
F17 [F17] vein sweep: the drop walks picked nothing (pocket delta 0, 0 failed walk(s))
F17 vein sweep: 2 ores dug beside the gallery (floor lock)
F17 final bank deferred: night (tod=12407) - the pocket rides out the dark alive (the v0.140.1 night hold)
F14 tunnel: 0 blocks (branch mine at the floor, floor lock)
F14 tunnel: 0 blocks x3 - sealed or flooded, cooling down 15s
t-0s alive=19/19 mined=2734 map=1425p/20ch banked=333 smelted=1 pocket=2826u/287s | sand=11 gravel=21 dirt=414 stone=0
   deficits: 157926/11 (0.0%) 149380/21 (0.0%) 31860/0 (0.0%) 27420/0 (0.0%) 10725/118 (1.1%)
   F1=149[cobblestone:58 coal:25 torch:23] | F2=269[cobblestone:156 granite:45 raw_copper:27] | F3=132[cobblestone:82 dirt:15 smooth_stone:10] | F4=38[dirt:23 diorite:8 stick:5] | F5=88[cobblestone:41 dirt:14 leaf_litter:14] | F6=165[dirt:91 cobblestone:62 granite:12] | F7=81[dirt:17 leaf_litter:6] | F8=91[cobblestone:33 dirt:21 stick:6] | F9=134[cobblestone:32 torch:19 dirt:19] | F10=142[dirt:79 cobblestone:43 diorite:11] | F11=71[oak_log:4 birch_log:3 leaf_litter:2] | F12=264[cobblestone:162 raw_copper:51 stick:6] | F13=207[cobblestone:82 dirt:60 leaf_litter:26] | F14=79[sand:9 oak_log:6 oak_sapling:6] | F15=183[cobblestone:105 torch:23 dirt:20] | F16=128[cobblestone:65 raw_copper:40 andesite:11] | F17=215[cobblestone:122 coal:48 torch:21] | F18=38[cobblestone:17 dirt:13 leaf_litter:9] | F19=260[cobblestone:172 andesite:26 torch:22]
   mem: heap=140M/175M old=-1M ext=174M ab=171M rss=458M cols=1290 ents=1772 evicted=1185 path=6a/2q (max 6) stale=0
F7 tunnel: 10 blocks (branch mine at the floor, steered, floor lock)
F7 final bank deferred: night (tod=12408) - the pocket rides out the dark alive (the v0.140.1 night hold)
F14 [F14] water: pass 10 head=dry shore=hit r=2 land=none y=64.0 o2=20 probes=0 at=[-134,64,394]
F14 [F14] water: rescue complete in 7.8s
F14 [F14] water: hazard memorized at [-136,62,391] (13 live, fleet-wide)
F16 [F16] water: drowning rescue start (drowning, oxygen 4)
F16 [F16] water: pass 0 head=wet shore=none land=n/a y=53.0 o2=4 probes=0 at=[-99,53,359]
F12 iron commune: iron commune: the nudge retry landed
F12 iron commune: chest holds 0 ingot(s) - nothing to complete here
F12 iron commune: budget spent (0/3 units)
F12 [F12] chest skip (doomed goal cached 14s ago at [-119,72,386])
F12 [F12] chest skip (doomed goal cached 14s ago at [-118,72,386])
F2 [F2] vein sweep: the drop walk to [-112,26,413] failed - sweep drops: timeout after 4000ms (dy -0.6, range 1)
F2 [F2] vein sweep: +2u walked from the drops (1 dug)
F2 vein sweep: 1 ores dug beside the gallery (floor lock)
F2 final bank deferred: night (tod=12544) - the pocket rides out the dark alive (the v0.140.1 night hold)
F12 [F12] direct deposit: 27 chest slots derived from the 63-slot view
F12 bank: +315
F16 [F16] water: pass 4 head=wet shore=none land=n/a y=56.0 o2=1 probes=0 at=[-99,56,359]
F6 [F6] climb diag: level at y=37 blocked toward 1,0 (dug=27, wet) at [0,1,0] water (stop)
F19 tunnel: 10 blocks (branch mine at the floor, steered, floor lock)
F19 final bank deferred: night (tod=12520) - the pocket rides out the dark alive (the v0.140.1 night hold)
F16 [F16] water: pass 8 head=wet shore=none land=n/a y=56.2 o2=10 probes=0 at=[-99,56,359]
F7 [F7] water: air-bar glitch ignored (oxygen 0 on dry land, 64 total)
F13 final bank deferred: night (tod=12597) - the pocket rides out the dark alive (the v0.140.1 night hold)
F16 [F16] water: deep-pocket ascend - dug the ceiling dirt at [-100,58,358] (jump stalled 4+ passes, o2 14)
F5 final bank: staggered +48s
F16 [F16] water: pass 10 head=wet shore=none land=n/a y=56.4 o2=20 probes=0 at=[-99,56,359]
F12 final bank deferred: night (tod=12605) - the pocket rides out the dark alive (the v0.140.1 night hold)
F16 [F16] water: frozen physics (10 flat passes at y=56.4, o2=20, head WET) - standing down, the reconnect lane owns this
F16 [F16] water: rescue standing down (frozen physics - the walk gate reopens, the reconnect lane owns a dead client) in 7.5s
F16 [F16] water: frozen client relog (#4 consecutive) (frozen while head-wet (1 verdict) - the drowning clock owns this client) - ending the session, the reconnect lane rebuilds the physics; the drowning sentry holds non-critical pages 60s (the frozen-return gate)
F16 [F16] water: hazard memorized at [-100,56,358] (11 live, fleet-wide)
F1 final bank deferred: night (tod=12646) - the pocket rides out the dark alive (the v0.140.1 night hold)
F11 [F11] craft torches: stick-dry but 14 planks held - one stick batch first
F11 [F11] craft torches: skip (no coal: sticks 4 coals 0)
F11 tool recovery: OK (wooden_pickaxe)
F11 spare pick due: spare (planks available)
F15 final bank deferred: night (tod=12699) - the pocket rides out the dark alive (the v0.140.1 night hold)
F4 final bank deferred: night (tod=12778) - the pocket rides out the dark alive (the v0.140.1 night hold)
F11 spare pick: OK (wooden_pickaxe, holds 2)
F11 sword due: planks available
F14 final bank deferred: night (tod=12717) - the pocket rides out the dark alive (the v0.140.1 night hold)
t-0s alive=19/19 mined=2737 map=1425p/20ch banked=648 smelted=1 pocket=2657u/290s | sand=11 gravel=21 dirt=415 stone=0
   deficits: 157926/11 (0.0%) 149380/21 (0.0%) 31860/0 (0.0%) 27420/0 (0.0%) 10725/118 (1.1%)
   F1=149[cobblestone:59 coal:25 torch:23] | F2=269[cobblestone:158 granite:45 raw_copper:27] | F3=132[cobblestone:82 dirt:15 smooth_stone:10] | F4=38[dirt:23 diorite:8 stick:5] | F5=88[cobblestone:41 dirt:14 leaf_litter:14] | F6=165[dirt:91 cobblestone:62 granite:12] | F7=82[dirt:18 leaf_litter:6] | F8=91[cobblestone:33 dirt:21 stick:6] | F9=134[cobblestone:32 torch:19 dirt:19] | F10=142[dirt:79 cobblestone:43 diorite:11] | F11=71[oak_planks:7 wooden_pickaxe:2 leaf_litter:2] | F12=264[cobblestone:34 stick:6 oak_planks:3] | F13=207[cobblestone:85 dirt:60 leaf_litter:26] | F14=79[sand:9 oak_log:6 oak_sapling:6] | F15=183[cobblestone:105 torch:23 dirt:20] | F16=128[cobblestone:65 raw_copper:40 andesite:11] | F17=215[cobblestone:122 coal:48 torch:21] | F18=38[cobblestone:17 dirt:13 leaf_litter:9] | F19=262[cobblestone:172 andesite:26 torch:22]
   mem: heap=131M/175M old=-1M ext=173M ab=170M rss=456M cols=306 ents=413 evicted=300 path=1a/0q (max 6) stale=0
F11 sword: OK (wooden_sword, holds 1)
F11 sword: OK (wooden_sword)
F11 [F11] craft torches: stick-dry but 7 planks held - one stick batch first
F11 [F11] craft torches: skip (no coal: sticks 5 coals 0)
F11 tunnel: steering copper_ore @ 14.2b (axis x+, cross 0.32059327088512646, ore detour)
F11 tunnel: 0 blocks (branch mine at the floor, steered, ore detour)
F11 tunnel: 0 blocks x3 - sealed or flooded, cooling down 15s
F18 final bank: staggered +56s
F6 [F6] climb diag: level at y=37 blocked toward -1,0 (dug=27, wet) at [0,1,0] water (stop)
[hb] n=31 ts=621s rss=457M late=142ms mainLate=589ms
F7 [F7] water: air-bar glitch override - 16 consecutive critical-on-dry reads, believing the bar
F7 [F7] water: drowning rescue start (drowning, oxygen 0)
F7 [F7] water: rescue complete in 0.0s
F7 [F7] water: dry-land proof (rescue saw no water in 0.0s) - the critical-on-dry streak restarts, the next glitch page waits 20s
F7 [F7] water: liar ladder ratchets - confirmed no-op glitch page #2, the next override needs 24 fresh critical-on-dry reads
F8 [F8] hop: chest at [-138,72,412] d=32 zero: cannot open chest (open chest: timeout after 10000ms)
F8 bank fallback: none (budget exhausted)
F8 end-bank budget spent - smelt skipped
F8 pre-position bank: 0 (budget exhausted)
F8 final bank deferred: night (tod=12893) - the pocket rides out the dark alive (the v0.140.1 night hold)
F6 final climb: retry (escalated retry after stalled, 133s fence)
t-0s alive=19/19 mined=2737 map=1425p/20ch banked=648 smelted=1 pocket=2659u/290s | sand=11 gravel=21 dirt=415 stone=0
   deficits: 157926/11 (0.0%) 149380/21 (0.0%) 31860/0 (0.0%) 27420/0 (0.0%) 10725/118 (1.1%)
   F1=149[cobblestone:59 coal:25 torch:23] | F2=269[cobblestone:158 granite:45 raw_copper:27] | F3=132[cobblestone:82 dirt:15 smooth_stone:10] | F4=38[dirt:23 diorite:8 stick:5] | F5=88[cobblestone:41 dirt:14 leaf_litter:14] | F6=165[dirt:91 cobblestone:62 granite:12] | F7=82[dirt:18 leaf_litter:6] | F8=91[cobblestone:33 dirt:21 stick:6] | F9=134[cobblestone:32 torch:19 dirt:19] | F10=142[dirt:79 cobblestone:43 diorite:11] | F11=71[oak_planks:5 stick:5 wooden_pickaxe:2] | F12=264[cobblestone:34 stick:6 oak_planks:3] | F13=207[cobblestone:85 dirt:60 leaf_litter:26] | F14=79[sand:9 oak_log:6 oak_sapling:6] | F15=183[cobblestone:105 torch:23 dirt:20] | F16=128[cobblestone:65 raw_copper:40 andesite:11] | F17=215[cobblestone:122 coal:48 torch:21] | F18=38[cobblestone:17 dirt:13 leaf_litter:9] | F19=262[cobblestone:172 andesite:26 torch:22]
   mem: heap=135M/174M old=-1M ext=173M ab=170M rss=454M cols=102 ents=143 evicted=152 path=0a/0q (max 6) stale=0
F11 final bank deferred: night (tod=13106) - the pocket rides out the dark alive (the v0.140.1 night hold)
F6 [F6] climb diag: level at y=37 blocked toward 1,0 (dug=0, wet) at [0,1,0] water (stop)
[hb] n=32 ts=641s rss=456M late=148ms mainLate=915ms
F7 [F7] water: air-bar glitch ignored (oxygen 0 on dry land, 109 total)
t-0s alive=19/19 mined=2737 map=1425p/20ch banked=648 smelted=1 pocket=2659u/290s | sand=11 gravel=21 dirt=415 stone=0
   deficits: 157926/11 (0.0%) 149380/21 (0.0%) 31860/0 (0.0%) 27420/0 (0.0%) 10725/118 (1.1%)
   F1=149[cobblestone:59 coal:25 torch:23] | F2=269[cobblestone:158 granite:45 raw_copper:27] | F3=132[cobblestone:82 dirt:15 smooth_stone:10] | F4=38[dirt:23 diorite:8 stick:5] | F5=88[cobblestone:41 dirt:14 leaf_litter:14] | F6=165[dirt:91 cobblestone:62 granite:12] | F7=82[dirt:18 leaf_litter:6] | F8=91[cobblestone:33 dirt:21 stick:6] | F9=134[cobblestone:32 torch:19 dirt:19] | F10=142[dirt:79 cobblestone:43 diorite:11] | F11=71[oak_planks:5 stick:5 wooden_pickaxe:2] | F12=264[cobblestone:34 stick:6 oak_planks:3] | F13=207[cobblestone:85 dirt:60 leaf_litter:26] | F14=79[sand:9 oak_log:6 oak_sapling:6] | F15=183[cobblestone:105 torch:23 dirt:20] | F16=128[cobblestone:65 raw_copper:40 andesite:11] | F17=215[cobblestone:122 coal:48 torch:21] | F18=38[cobblestone:17 dirt:13 leaf_litter:9] | F19=262[cobblestone:172 andesite:26 torch:22]
   mem: heap=142M/175M old=-1M ext=173M ab=171M rss=457M cols=0 ents=0 evicted=0 path=0a/0q (max 6) stale=0
F6 [F6] climb diag: level at y=37 blocked toward -1,0 (dug=0, wet) at [0,1,0] water (stop)
F7 [F7] water: air-bar glitch override - 24 consecutive critical-on-dry reads, believing the bar
F7 [F7] water: drowning rescue start (drowning, oxygen 0)
F7 [F7] water: rescue complete in 0.0s
F7 [F7] water: dry-land proof (rescue saw no water in 0.0s) - the critical-on-dry streak restarts, the next glitch page waits 20s
F7 [F7] water: liar ladder ratchets - confirmed no-op glitch page #3, the next override needs 32 fresh critical-on-dry reads
F6 [F6] climb diag: level at y=37 blocked toward 1,0 (dug=0, wet) at [0,1,0] water (stop)
[hb] n=33 ts=661s rss=459M late=152ms mainLate=51ms
F5 final climb: the yard stands 33 levels up over 32b lateral - climbing toward the yard's level (the walk ladder cannot)
t-0s alive=19/19 mined=2737 map=1425p/20ch banked=648 smelted=1 pocket=2659u/290s | sand=11 gravel=21 dirt=415 stone=0
   deficits: 157926/11 (0.0%) 149380/21 (0.0%) 31860/0 (0.0%) 27420/0 (0.0%) 10725/118 (1.1%)
   F1=149[cobblestone:59 coal:25 torch:23] | F2=269[cobblestone:158 granite:45 raw_copper:27] | F3=132[cobblestone:82 dirt:15 smooth_stone:10] | F4=38[dirt:23 diorite:8 stick:5] | F5=88[cobblestone:41 dirt:14 leaf_litter:14] | F6=165[dirt:91 cobblestone:62 granite:12] | F7=82[dirt:18 leaf_litter:6] | F8=91[cobblestone:33 dirt:21 stick:6] | F9=134[cobblestone:32 torch:19 dirt:19] | F10=142[dirt:79 cobblestone:43 diorite:11] | F11=71[oak_planks:5 stick:5 wooden_pickaxe:2] | F12=264[cobblestone:34 stick:6 oak_planks:3] | F13=207[cobblestone:85 dirt:60 leaf_litter:26] | F14=79[sand:9 oak_log:6 oak_sapling:6] | F15=183[cobblestone:105 torch:23 dirt:20] | F16=128[cobblestone:65 raw_copper:40 andesite:11] | F17=215[cobblestone:122 coal:48 torch:21] | F18=38[cobblestone:17 dirt:13 leaf_litter:9] | F19=262[cobblestone:172 andesite:26 torch:22]
   mem: heap=141M/175M old=-1M ext=173M ab=171M rss=459M cols=0 ents=0 evicted=0 path=0a/0q (max 6) stale=0
F5 [F5] climb diag: level at y=39 blocked toward 0,-1 (dug=0, wet) at [0,1,0] water (stop)
F7 [F7] water: air-bar glitch ignored (oxygen 0 on dry land, 155 total)
F6 final climb: failed - stalled
F6 final bank: 0 (still underground after 2 climb attempts - the chain from the shaft bottom is doomed walks)
F18 final climb: the yard stands 30 levels up over 29b lateral - climbing toward the yard's level (the walk ladder cannot)
t-0s alive=19/19 mined=2737 map=1425p/20ch banked=648 smelted=1 pocket=2659u/290s | sand=11 gravel=21 dirt=415 stone=0
   deficits: 157926/11 (0.0%) 149380/21 (0.0%) 31860/0 (0.0%) 27420/0 (0.0%) 10725/118 (1.1%)
   F1=149[cobblestone:59 coal:25 torch:23] | F2=269[cobblestone:158 granite:45 raw_copper:27] | F3=132[cobblestone:82 dirt:15 smooth_stone:10] | F4=38[dirt:23 diorite:8 stick:5] | F5=88[cobblestone:41 dirt:14 leaf_litter:14] | F6=165[dirt:91 cobblestone:62 granite:12] | F7=82[dirt:18 leaf_litter:6] | F8=91[cobblestone:33 dirt:21 stick:6] | F9=134[cobblestone:32 torch:19 dirt:19] | F10=142[dirt:79 cobblestone:43 diorite:11] | F11=71[oak_planks:5 stick:5 wooden_pickaxe:2] | F12=264[cobblestone:34 stick:6 oak_planks:3] | F13=207[cobblestone:85 dirt:60 leaf_litter:26] | F14=79[sand:9 oak_log:6 oak_sapling:6] | F15=183[cobblestone:105 torch:23 dirt:20] | F16=128[cobblestone:65 raw_copper:40 andesite:11] | F17=215[cobblestone:122 coal:48 torch:21] | F18=38[cobblestone:17 dirt:13 leaf_litter:9] | F19=262[cobblestone:172 andesite:26 torch:22]
   mem: heap=129M/175M old=-1M ext=173M ab=170M rss=454M cols=0 ents=0 evicted=0 path=0a/0q (max 6) stale=0
F18 [F18] climb diag: level at y=42 blocked toward 0,-1 (dug=0, wet) at [0,1,0] water (stop)
[hb] n=34 ts=681s rss=457M late=157ms mainLate=55ms
F5 [F5] climb diag: level at y=39 blocked toward 0,-1 (dug=0, wet) at [0,1,0] water (stop)
t-0s alive=19/19 mined=2737 map=1425p/20ch banked=648 smelted=1 pocket=2659u/290s | sand=11 gravel=21 dirt=415 stone=0
   deficits: 157926/11 (0.0%) 149380/21 (0.0%) 31860/0 (0.0%) 27420/0 (0.0%) 10725/118 (1.1%)
   F1=149[cobblestone:59 coal:25 torch:23] | F2=269[cobblestone:158 granite:45 raw_copper:27] | F3=132[cobblestone:82 dirt:15 smooth_stone:10] | F4=38[dirt:23 diorite:8 stick:5] | F5=88[cobblestone:41 dirt:14 leaf_litter:14] | F6=165[dirt:91 cobblestone:62 granite:12] | F7=82[dirt:18 leaf_litter:6] | F8=91[cobblestone:33 dirt:21 stick:6] | F9=134[cobblestone:32 torch:19 dirt:19] | F10=142[dirt:79 cobblestone:43 diorite:11] | F11=71[oak_planks:5 stick:5 wooden_pickaxe:2] | F12=264[cobblestone:34 stick:6 oak_planks:3] | F13=207[cobblestone:85 dirt:60 leaf_litter:26] | F14=79[sand:9 oak_log:6 oak_sapling:6] | F15=183[cobblestone:105 torch:23 dirt:20] | F16=128[cobblestone:65 raw_copper:40 andesite:11] | F17=215[cobblestone:122 coal:48 torch:21] | F18=38[cobblestone:17 dirt:13 leaf_litter:9] | F19=262[cobblestone:172 andesite:26 torch:22]
   mem: heap=138M/175M old=-1M ext=173M ab=170M rss=459M cols=0 ents=0 evicted=0 path=0a/0q (max 6) stale=0
F18 [F18] climb diag: level at y=42 blocked toward 0,-1 (dug=0, wet) at [0,1,0] water (stop)
F5 [F5] climb diag: level at y=39 blocked toward 0,-1 (dug=0, wet) at [0,1,0] water (stop)
F7 [F7] water: air-bar glitch override - 32 consecutive critical-on-dry reads, believing the bar
F7 [F7] water: drowning rescue start (drowning, oxygen 0)
F7 [F7] water: rescue complete in 0.0s
F7 [F7] water: dry-land proof (rescue saw no water in 0.0s) - the critical-on-dry streak restarts, the next glitch page waits 20s
F7 [F7] water: liar ladder ratchets - confirmed no-op glitch page #4, the next override needs 40 fresh critical-on-dry reads
[hb] n=35 ts=701s rss=457M late=161ms mainLate=81ms
F7 [F7] water: air-bar glitch ignored (oxygen 0 on dry land, 201 total)
t-0s alive=19/19 mined=2737 map=1425p/20ch banked=648 smelted=1 pocket=2659u/290s | sand=11 gravel=21 dirt=415 stone=0
   deficits: 157926/11 (0.0%) 149380/21 (0.0%) 31860/0 (0.0%) 27420/0 (0.0%) 10725/118 (1.1%)
   F1=149[cobblestone:59 coal:25 torch:23] | F2=269[cobblestone:158 granite:45 raw_copper:27] | F3=132[cobblestone:82 dirt:15 smooth_stone:10] | F4=38[dirt:23 diorite:8 stick:5] | F5=88[cobblestone:41 dirt:14 leaf_litter:14] | F6=165[dirt:91 cobblestone:62 granite:12] | F7=82[dirt:18 leaf_litter:6] | F8=91[cobblestone:33 dirt:21 stick:6] | F9=134[cobblestone:32 torch:19 dirt:19] | F10=142[dirt:79 cobblestone:43 diorite:11] | F11=71[oak_planks:5 stick:5 wooden_pickaxe:2] | F12=264[cobblestone:34 stick:6 oak_planks:3] | F13=207[cobblestone:85 dirt:60 leaf_litter:26] | F14=79[sand:9 oak_log:6 oak_sapling:6] | F15=183[cobblestone:105 torch:23 dirt:20] | F16=128[cobblestone:65 raw_copper:40 andesite:11] | F17=215[cobblestone:122 coal:48 torch:21] | F18=38[cobblestone:17 dirt:13 leaf_litter:9] | F19=262[cobblestone:172 andesite:26 torch:22]
   mem: heap=130M/175M old=-1M ext=173M ab=171M rss=459M cols=0 ents=0 evicted=0 path=0a/0q (max 6) stale=0
F18 [F18] climb diag: level at y=42 blocked toward 0,-1 (dug=0, wet) at [0,1,0] water (stop)
[hb] n=36 ts=721s rss=456M late=165ms mainLate=44ms
t-0s alive=19/19 mined=2737 map=1425p/20ch banked=648 smelted=1 pocket=2659u/290s | sand=11 gravel=21 dirt=415 stone=0
   deficits: 157926/11 (0.0%) 149380/21 (0.0%) 31860/0 (0.0%) 27420/0 (0.0%) 10725/118 (1.1%)
   F1=149[cobblestone:59 coal:25 torch:23] | F2=269[cobblestone:158 granite:45 raw_copper:27] | F3=132[cobblestone:82 dirt:15 smooth_stone:10] | F4=38[dirt:23 diorite:8 stick:5] | F5=88[cobblestone:41 dirt:14 leaf_litter:14] | F6=165[dirt:91 cobblestone:62 granite:12] | F7=82[dirt:18 leaf_litter:6] | F8=91[cobblestone:33 dirt:21 stick:6] | F9=134[cobblestone:32 torch:19 dirt:19] | F10=142[dirt:79 cobblestone:43 diorite:11] | F11=71[oak_planks:5 stick:5 wooden_pickaxe:2] | F12=264[cobblestone:34 stick:6 oak_planks:3] | F13=207[cobblestone:85 dirt:60 leaf_litter:26] | F14=79[sand:9 oak_log:6 oak_sapling:6] | F15=183[cobblestone:105 torch:23 dirt:20] | F16=128[cobblestone:65 raw_copper:40 andesite:11] | F17=215[cobblestone:122 coal:48 torch:21] | F18=38[cobblestone:17 dirt:13 leaf_litter:9] | F19=262[cobblestone:172 andesite:26 torch:22]
   mem: heap=136M/175M old=-1M ext=173M ab=171M rss=459M cols=0 ents=0 evicted=0 path=0a/0q (max 6) stale=0
F7 [F7] water: air-bar glitch ignored (oxygen 0 on dry land, 251 total)
t-0s alive=19/19 mined=2737 map=1425p/20ch banked=648 smelted=1 pocket=2659u/290s | sand=11 gravel=21 dirt=415 stone=0
   deficits: 157926/11 (0.0%) 149380/21 (0.0%) 31860/0 (0.0%) 27420/0 (0.0%) 10725/118 (1.1%)
   F1=149[cobblestone:59 coal:25 torch:23] | F2=269[cobblestone:158 granite:45 raw_copper:27] | F3=132[cobblestone:82 dirt:15 smooth_stone:10] | F4=38[dirt:23 diorite:8 stick:5] | F5=88[cobblestone:41 dirt:14 leaf_litter:14] | F6=165[dirt:91 cobblestone:62 granite:12] | F7=82[dirt:18 leaf_litter:6] | F8=91[cobblestone:33 dirt:21 stick:6] | F9=134[cobblestone:32 torch:19 dirt:19] | F10=142[dirt:79 cobblestone:43 diorite:11] | F11=71[oak_planks:5 stick:5 wooden_pickaxe:2] | F12=264[cobblestone:34 stick:6 oak_planks:3] | F13=207[cobblestone:85 dirt:60 leaf_litter:26] | F14=79[sand:9 oak_log:6 oak_sapling:6] | F15=183[cobblestone:105 torch:23 dirt:20] | F16=128[cobblestone:65 raw_copper:40 andesite:11] | F17=215[cobblestone:122 coal:48 torch:21] | F18=38[cobblestone:17 dirt:13 leaf_litter:9] | F19=262[cobblestone:172 andesite:26 torch:22]
   mem: heap=129M/175M old=-1M ext=173M ab=170M rss=459M cols=0 ents=0 evicted=0 path=0a/0q (max 6) stale=0
F7 [F7] water: air-bar glitch override - 40 consecutive critical-on-dry reads, believing the bar
F7 [F7] water: drowning rescue start (drowning, oxygen 0)
F7 [F7] water: rescue complete in 0.0s
F7 [F7] water: dry-land proof (rescue saw no water in 0.0s) - the critical-on-dry streak restarts, the next glitch page waits 20s
F7 [F7] water: liar ladder ratchets - confirmed no-op glitch page #5, the next override needs 40 fresh critical-on-dry reads
[hb] n=37 ts=741s rss=459M late=170ms mainLate=17ms
t-0s alive=19/19 mined=2737 map=1425p/20ch banked=648 smelted=1 pocket=2659u/290s | sand=11 gravel=21 dirt=415 stone=0
   deficits: 157926/11 (0.0%) 149380/21 (0.0%) 31860/0 (0.0%) 27420/0 (0.0%) 10725/118 (1.1%)
   F1=149[cobblestone:59 coal:25 torch:23] | F2=269[cobblestone:158 granite:45 raw_copper:27] | F3=132[cobblestone:82 dirt:15 smooth_stone:10] | F4=38[dirt:23 diorite:8 stick:5] | F5=88[cobblestone:41 dirt:14 leaf_litter:14] | F6=165[dirt:91 cobblestone:62 granite:12] | F7=82[dirt:18 leaf_litter:6] | F8=91[cobblestone:33 dirt:21 stick:6] | F9=134[cobblestone:32 torch:19 dirt:19] | F10=142[dirt:79 cobblestone:43 diorite:11] | F11=71[oak_planks:5 stick:5 wooden_pickaxe:2] | F12=264[cobblestone:34 stick:6 oak_planks:3] | F13=207[cobblestone:85 dirt:60 leaf_litter:26] | F14=79[sand:9 oak_log:6 oak_sapling:6] | F15=183[cobblestone:105 torch:23 dirt:20] | F16=128[cobblestone:65 raw_copper:40 andesite:11] | F17=215[cobblestone:122 coal:48 torch:21] | F18=38[cobblestone:17 dirt:13 leaf_litter:9] | F19=262[cobblestone:172 andesite:26 torch:22]
   mem: heap=139M/175M old=-1M ext=173M ab=170M rss=457M cols=0 ents=0 evicted=0 path=0a/0q (max 6) stale=0
F5 final climb: retry (escalated retry after timeout (fenced at 90s - the chain keeps its reserve), 57s fence)
[hb] n=38 ts=761s rss=459M late=175ms mainLate=85ms
F5 [F5] climb diag: level at y=39 blocked toward 0,-1 (dug=0, wet) at [0,1,0] water (stop)
F7 [F7] water: air-bar glitch ignored (oxygen 0 on dry land, 297 total)
F18 final climb: retry (escalated retry after timeout (fenced at 90s - the chain keeps its reserve), 47s fence)
t-0s alive=19/19 mined=2737 map=1425p/20ch banked=648 smelted=1 pocket=2659u/290s | sand=11 gravel=21 dirt=415 stone=0
   deficits: 157926/11 (0.0%) 149380/21 (0.0%) 31860/0 (0.0%) 27420/0 (0.0%) 10725/118 (1.1%)
   F1=149[cobblestone:59 coal:25 torch:23] | F2=269[cobblestone:158 granite:45 raw_copper:27] | F3=132[cobblestone:82 dirt:15 smooth_stone:10] | F4=38[dirt:23 diorite:8 stick:5] | F5=88[cobblestone:41 dirt:14 leaf_litter:14] | F6=165[dirt:91 cobblestone:62 granite:12] | F7=82[dirt:18 leaf_litter:6] | F8=91[cobblestone:33 dirt:21 stick:6] | F9=134[cobblestone:32 torch:19 dirt:19] | F10=142[dirt:79 cobblestone:43 diorite:11] | F11=71[oak_planks:5 stick:5 wooden_pickaxe:2] | F12=264[cobblestone:34 stick:6 oak_planks:3] | F13=207[cobblestone:85 dirt:60 leaf_litter:26] | F14=79[sand:9 oak_log:6 oak_sapling:6] | F15=183[cobblestone:105 torch:23 dirt:20] | F16=128[cobblestone:65 raw_copper:40 andesite:11] | F17=215[cobblestone:122 coal:48 torch:21] | F18=38[cobblestone:17 dirt:13 leaf_litter:9] | F19=262[cobblestone:172 andesite:26 torch:22]
   mem: heap=139M/175M old=-1M ext=173M ab=171M rss=456M cols=0 ents=0 evicted=0 path=0a/0q (max 6) stale=0
F18 [F18] climb diag: level at y=42 blocked toward 0,-1 (dug=0, wet) at [0,1,0] water (stop)
F5 [F5] climb diag: level at y=39 blocked toward 0,-1 (dug=0, wet) at [0,1,0] water (stop)
[hb] n=39 ts=781s rss=457M late=180ms mainLate=82ms
t-0s alive=19/19 mined=2737 map=1425p/20ch banked=648 smelted=1 pocket=2659u/290s | sand=11 gravel=21 dirt=415 stone=0
   deficits: 157926/11 (0.0%) 149380/21 (0.0%) 31860/0 (0.0%) 27420/0 (0.0%) 10725/118 (1.1%)
   F1=149[cobblestone:59 coal:25 torch:23] | F2=269[cobblestone:158 granite:45 raw_copper:27] | F3=132[cobblestone:82 dirt:15 smooth_stone:10] | F4=38[dirt:23 diorite:8 stick:5] | F5=88[cobblestone:41 dirt:14 leaf_litter:14] | F6=165[dirt:91 cobblestone:62 granite:12] | F7=82[dirt:18 leaf_litter:6] | F8=91[cobblestone:33 dirt:21 stick:6] | F9=134[cobblestone:32 torch:19 dirt:19] | F10=142[dirt:79 cobblestone:43 diorite:11] | F11=71[oak_planks:5 stick:5 wooden_pickaxe:2] | F12=264[cobblestone:34 stick:6 oak_planks:3] | F13=207[cobblestone:85 dirt:60 leaf_litter:26] | F14=79[sand:9 oak_log:6 oak_sapling:6] | F15=183[cobblestone:105 torch:23 dirt:20] | F16=128[cobblestone:65 raw_copper:40 andesite:11] | F17=215[cobblestone:122 coal:48 torch:21] | F18=38[cobblestone:17 dirt:13 leaf_litter:9] | F19=262[cobblestone:172 andesite:26 torch:22]
   mem: heap=140M/175M old=-1M ext=173M ab=171M rss=459M cols=0 ents=0 evicted=0 path=0a/0q (max 6) stale=0
F7 [F7] water: air-bar glitch override - 40 consecutive critical-on-dry reads, believing the bar
F7 [F7] water: drowning rescue start (drowning, oxygen 0)
F7 [F7] water: rescue complete in 0.0s
F7 [F7] water: dry-land proof (rescue saw no water in 0.0s) - the critical-on-dry streak restarts, the next glitch page waits 20s
F7 [F7] water: liar ladder ratchets - confirmed no-op glitch page #6, the next override needs 40 fresh critical-on-dry reads
F18 [F18] climb diag: level at y=42 blocked toward 0,-1 (dug=0, wet) at [0,1,0] water (stop)
F5 [F5] climb diag: level at y=39 blocked toward 0,-1 (dug=0, wet) at [0,1,0] water (stop)
F7 [F7] water: air-bar glitch ignored (oxygen 0 on dry land, 343 total)
t-0s alive=19/19 mined=2737 map=1425p/20ch banked=648 smelted=1 pocket=2659u/290s | sand=11 gravel=21 dirt=415 stone=0
   deficits: 157926/11 (0.0%) 149380/21 (0.0%) 31860/0 (0.0%) 27420/0 (0.0%) 10725/118 (1.1%)
   F1=149[cobblestone:59 coal:25 torch:23] | F2=269[cobblestone:158 granite:45 raw_copper:27] | F3=132[cobblestone:82 dirt:15 smooth_stone:10] | F4=38[dirt:23 diorite:8 stick:5] | F5=88[cobblestone:41 dirt:14 leaf_litter:14] | F6=165[dirt:91 cobblestone:62 granite:12] | F7=82[dirt:18 leaf_litter:6] | F8=91[cobblestone:33 dirt:21 stick:6] | F9=134[cobblestone:32 torch:19 dirt:19] | F10=142[dirt:79 cobblestone:43 diorite:11] | F11=71[oak_planks:5 stick:5 wooden_pickaxe:2] | F12=264[cobblestone:34 stick:6 oak_planks:3] | F13=207[cobblestone:85 dirt:60 leaf_litter:26] | F14=79[sand:9 oak_log:6 oak_sapling:6] | F15=183[cobblestone:105 torch:23 dirt:20] | F16=128[cobblestone:65 raw_copper:40 andesite:11] | F17=215[cobblestone:122 coal:48 torch:21] | F18=38[cobblestone:17 dirt:13 leaf_litter:9] | F19=262[cobblestone:172 andesite:26 torch:22]
   mem: heap=133M/175M old=-1M ext=173M ab=170M rss=457M cols=0 ents=0 evicted=0 path=0a/0q (max 6) stale=0
F18 [F18] climb diag: level at y=42 blocked toward 0,-1 (dug=0, wet) at [0,1,0] water (stop)
[hb] n=40 ts=801s rss=456M late=184ms mainLate=77ms
F3 [F3] combat: fighting zombie (dist 2.5, hp 20.0, 1 nearby, proximity)
t-0s alive=19/19 mined=2737 map=1425p/20ch banked=648 smelted=1 pocket=2659u/290s | sand=11 gravel=21 dirt=415 stone=0
   deficits: 157926/11 (0.0%) 149380/21 (0.0%) 31860/0 (0.0%) 27420/0 (0.0%) 10725/118 (1.1%)
   F1=149[cobblestone:59 coal:25 torch:23] | F2=269[cobblestone:158 granite:45 raw_copper:27] | F3=132[cobblestone:82 dirt:15 smooth_stone:10] | F4=38[dirt:23 diorite:8 stick:5] | F5=88[cobblestone:41 dirt:14 leaf_litter:14] | F6=165[dirt:91 cobblestone:62 granite:12] | F7=82[dirt:18 leaf_litter:6] | F8=91[cobblestone:33 dirt:21 stick:6] | F9=134[cobblestone:32 torch:19 dirt:19] | F10=142[dirt:79 cobblestone:43 diorite:11] | F11=71[oak_planks:5 stick:5 wooden_pickaxe:2] | F12=264[cobblestone:34 stick:6 oak_planks:3] | F13=207[cobblestone:85 dirt:60 leaf_litter:26] | F14=79[sand:9 oak_log:6 oak_sapling:6] | F15=183[cobblestone:105 torch:23 dirt:20] | F16=128[cobblestone:65 raw_copper:40 andesite:11] | F17=215[cobblestone:122 coal:48 torch:21] | F18=38[cobblestone:17 dirt:13 leaf_litter:9] | F19=262[cobblestone:172 andesite:26 torch:22]
   mem: heap=128M/175M old=-1M ext=173M ab=170M rss=456M cols=0 ents=0 evicted=0 path=0a/0q (max 6) stale=0
F5 final climb: failed - timeout [stage 1]
F5 final bank: 0 (still underground after 2 climb attempts - the chain from the shaft bottom is doomed walks)
F3 [F3] combat: fight ended vs zombie (mob down, hp 20.0 -> 20.0, swings 7, weapon wooden_sword, 7 rounds)
F18 final climb: failed - timeout [stage 1]
F18 final bank: 0 (still underground after 2 climb attempts - the chain from the shaft bottom is doomed walks)
================ FLEET RESULT (normal end - deadline 600s reached) ================
bots=19 spawned=19 reconnects=9 kicks=0 tools=16 recovered=5 reboots=0 upgraded=18 swords=17 alive=19 climbs=26 banked=648 smelted=1 planted=15 torched=16 fights=2 kills=1 shelters=0 rescues=41 airGlitches=383 claims=21 claimedHolds=0 wet=11 wt=3
server guard: losses=0 (window 0/10) relogins=28 probe=n/a dead=no revives=0 restarts=0
pickaxe tiers at end: wooden_pickaxe,stone_pickaxe,iron_pickaxe -> wooden=31 stone=16 iron=0
blocks mined: 2737 in ~600s = 4.56 blocks/s (274/min)
loot ledger: mined=2737 banked=648 smelted=1 pocket=2659u/290s accounted=3308 unaccounted=0 conversion=120.9%
  sand          collected      11 (0.007% of 157,926)
  gravel        collected      21 (0.014% of 149,380)
  dirt          collected     415
  stone         collected    1113 (16.624% of 6,695)
materials: {"oak_log":184,"grass_block":96,"dirt":400,"stone":1293,"copper_ore":107,"oak_leaves":8,"coal_ore":197,"andesite":120,"birch_log":51,"diorite":81,"granite":86,"iron_ore":20,"smooth_stone":12,"cobblestone":1,"birch_leaves":17,"gravel":49,"sand":13,"clay":2}
kicks handled: 0 (reconnect attempts: 9)
no-path ledger: 1 live verdict(s) at end phase
full-chest ledger: 0 live verdict(s) at end phase
doomed-goal ledger: 166 recorded, 311 re-issues refused at the funnel, 17 re-dooms absorbed (the v0.96.0 backoff - the storm can no longer out-pace the ttl), 23 live at end phase (v0.72.0 spiral breaker)
walk governor: 6 stall(s) opened, 251 churn re-issues refused (v0.74.0 churn breaker - goals queued+done with zero progress during the run68-class storms)
fleet churn ceiling: 0 open(s), 0 aggregate re-issues refused (v0.77.0 - the per-bot limit leaves the fleet-wide burst unbounded)
goal brake: 17 burst open(s), 826 re-issues refused, 3 fleet-ceiling open(s), 1243 fleet refusals (v0.143.0 - the re-issue CADENCE is the storm's rate knob: run 35994461858's flood walkers progressed 1-3 blocks per walk so the progress-judged governors never fired, and their near goals flowed through the closed valve, while ~90MB searches marched at 2.5 goals/s per walker into a frozen main)
alloc valve: 0 close(s) (0 by the worker probe, 0 by the queue-pressure arm, 0 by the funnel probe, 0 by the slow envelope), 0 strike(s), 0 long walks refused, 0 short walks passed while closed, 0 aquifer-gate refusals (v0.105.0 one valve two feeders + the aquifer gate - the run93 fix: the ticker feeds the consulted singleton, the worker's probe verdict rides the storm cell for the freeze class, and while closed the near exemption refuses live-hazard goals - near is not cheap in a flooded region; v0.115.0 the queue-pressure arm closes on the SUSTAINED pathfinder saturation - run101's 8-12q wall warned 80s before the rss burst; v0.121.0 the funnel probe - run105's storm starved the timers that carried both feeders while the walk funnel itself marched through the kill window, so the funnel now carries its own verdict and applies the worker's cell inline; v0.144.0 the slow envelope - run80's ramp sawtoothed past the fast anchor's dip rule while the consults marched, the 5s slide is the dip-immune read)
storm duck: 0 arm(s), 0 walk(s) refused fleet-wide while ducked (v0.143.0 - run58: the storm's next-column class is near BY CONSTRUCTION and rode the closed valve's near exemption to the 3000M ceiling; a live storm verdict now shuts EVERY goal for 15s and sweeps the in-flight goals, the A* starves within one think window, the worker's grace lands the cure instead of the ceiling landing the kill)
worldmap: 1425 positions, 20 chunks scanned, top: coal_ore=457 oak_log=334 copper_ore=230 sand=221 birch_log=100
report: data/fleet-report.json written
plan progress: 2/31 resources complete
