launching 19 bots for 600s -> targets sand, gravel, dirt, stone
[hb] n=1 ts=21s rss=243M late=6ms mainLate=0ms
[hb] n=2 ts=41s rss=336M late=12ms mainLate=68ms
F3 [F3] craft torches: stick-dry but 13 planks held - one stick batch first
F3 [F3] craft torches: skip (no coal: sticks 6 coals 0)
[hb] n=3 ts=61s rss=372M late=17ms mainLate=399ms
t-537s alive=19/19 mined=93 map=267p/6ch banked=0 smelted=0 pocket=69u/22s | sand=0 gravel=0 dirt=0 stone=0
   deficits: 157926/0 (0.0%) 149380/0 (0.0%) 31860/0 (0.0%) 27420/0 (0.0%) 10725/0 (0.0%)
   F1=13[birch_log:4 oak_log:3] | F2=8[oak_log:5 birch_log:3] | F3=5[oak_planks:10 stick:6 oak_log:4] | F4=13[oak_log:3 birch_log:1] | F5=8[oak_log:5] | F6=7[oak_sapling:1] | F7=0[empty] | F8=8[oak_log:5] | F9=4[birch_log:4] | F10=2[empty] | F11=6[oak_log:4] | F12=0[oak_log:1] | F13=6[oak_log:1] | F14=3[oak_log:3 birch_log:2] | F15=1[empty] | F16=1[empty] | F17=7[empty] | F18=1[empty] | F19=0[empty]
   mem: heap=102M/143M old=-1M ext=131M ab=129M rss=371M cols=2096 ents=2153 evicted=230 path=6a/8q (max 6) stale=0
F2 [F2] craft torches: stick-dry but 14 planks held - one stick batch first
F2 [F2] craft torches: skip (no coal: sticks 4 coals 0)
F3 dir=(0.79,0.61) logs=4 tools=wooden_pickaxe
F3 spare pick due: spare (planks available)
F3 spare pick: OK (wooden_pickaxe, holds 2)
F3 sword due: planks available
F2 dir=(0.95,0.32) logs=2 tools=wooden_pickaxe
F2 spare pick due: spare (planks available)
F3 sword: OK (wooden_sword, holds 1)
F3 sword: OK (wooden_sword)
F3 [F3] craft torches: skip (no coal: sticks 3 coals 0)
F2 spare pick: OK (wooden_pickaxe, holds 2)
F2 sword due: planks available
F2 sword: OK (wooden_sword, holds 1)
F2 sword: OK (wooden_sword)
F2 [F2] craft torches: stick-dry but 7 planks held - one stick batch first
t-522s alive=19/19 mined=125 map=307p/7ch banked=0 smelted=0 pocket=111u/38s | sand=0 gravel=0 dirt=3 stone=0
   deficits: 157926/0 (0.0%) 149380/0 (0.0%) 31860/0 (0.0%) 27420/0 (0.0%) 10725/0 (0.0%)
   F1=14[oak_planks:12 birch_planks:10 birch_log:7] | F2=8[oak_log:2 wooden_pickaxe:2 stick:1] | F3=9[oak_planks:5 oak_log:4 stick:3] | F4=13[oak_log:4 birch_log:1] | F5=8[oak_log:5] | F6=9[oak_sapling:1] | F7=0[empty] | F8=10[oak_log:6 birch_log:1] | F9=6[birch_log:4] | F10=3[empty] | F11=7[oak_log:5] | F12=5[oak_log:3] | F13=6[oak_log:2] | F14=3[oak_log:3 birch_log:2] | F15=3[oak_log:3 oak_sapling:1] | F16=1[empty] | F17=9[birch_log:1] | F18=7[birch_log:3] | F19=4[oak_log:4]
   mem: heap=109M/143M old=-1M ext=130M ab=127M rss=376M cols=2083 ents=2109 evicted=319 path=1a/0q (max 6) stale=0
F2 [F2] craft torches: skip (no coal: sticks 5 coals 0)
[hb] n=4 ts=81s rss=376M late=22ms mainLate=417ms
F3 [F3] torch: the placement did not land (dry) x1 - the streak names itself once, a landing re-arms it
F1 [F1] craft torches: stick-dry but 14 planks held - one stick batch first
F1 [F1] craft torches: skip (no coal: sticks 4 coals 0)
F2 [F2] torch: the placement did not land (dry) x1 - the streak names itself once, a landing re-arms it
F3 tool upgrade due: cobble available -> stone_pickaxe
t-506s alive=19/19 mined=188 map=307p/7ch banked=0 smelted=0 pocket=187u/52s | sand=0 gravel=0 dirt=12 stone=0
   deficits: 157926/0 (0.0%) 149380/0 (0.0%) 31860/0 (0.0%) 27420/0 (0.0%) 10725/0 (0.0%)
   F1=14[oak_planks:12 birch_log:7 stick:4] | F2=25[diorite:7 cobblestone:6 oak_planks:5] | F3=20[dirt:8 cobblestone:8 stick:7] | F4=17[oak_log:5 birch_log:1] | F5=11[oak_log:5] | F6=11[oak_sapling:1] | F7=0[empty] | F8=12[oak_log:10 birch_log:1 oak_sapling:1] | F9=8[birch_log:4] | F10=5[oak_log:4] | F11=9[oak_planks:6 oak_log:5 stick:4] | F12=5[oak_log:5 stick:4] | F13=9[oak_log:2] | F14=6[oak_log:3 birch_log:2] | F15=7[oak_log:3 oak_sapling:1] | F16=1[oak_log:8] | F17=11[oak_log:4 birch_log:2] | F18=12[birch_log:5] | F19=5[oak_log:6 chest:1]
   mem: heap=119M/148M old=-1M ext=127M ab=124M rss=373M cols=2046 ents=2054 evicted=423 path=6a/8q (max 6) stale=0
F2 tool upgrade due: cobble available -> stone_pickaxe
F3 [toolupgrade] [upgrade] upgraded: stone_pickaxe,wooden_shovel,wooden_pickaxe,wooden_pickaxe
F3 tool upgrade: OK -> stone_pickaxe (stone_pickaxe,wooden_shovel,wooden_pickaxe,wooden_pickaxe)
F3 [F3] craft torches: skip (no coal: sticks 5 coals 0)
F11 [F11] craft torches: stick-dry with logs held - one plank conversion first
F11 [F11] craft torches: stick-dry but 6 planks held - one stick batch first
F11 [F11] craft torches: skip (no coal: sticks 4 coals 0)
F12 [F12] craft torches: stick-dry with logs held - one plank conversion first
F12 [F12] craft torches: stick-dry but 6 planks held - one stick batch first
F12 [F12] craft torches: skip (no coal: sticks 4 coals 0)
F2 [toolupgrade] [upgrade] upgraded: stone_pickaxe,wooden_shovel,wooden_pickaxe,wooden_pickaxe
F2 tool upgrade: OK -> stone_pickaxe (stone_pickaxe,wooden_shovel,wooden_pickaxe,wooden_pickaxe)
F2 [F2] craft torches: skip (no coal: sticks 3 coals 0)
F2 [F2] digShaft: water strike at y=44 -> water table (regions 1); fluid below (-134, 45, 404) - moving sideways
[hb] n=5 ts=101s rss=379M late=27ms mainLate=187ms
F2 [F2] digShaft: water strike at y=44 -> water table (regions 1); fluid below (-134, 45, 404) - moving sideways
F3 [F3] craft torches: skip (no coal: sticks 5 coals 0)
F3 [F3] craft torches: skip (no coal: sticks 5 coals 0)
F1 dir=(1.00,0.00) logs=7 tools=wooden_pickaxe
F1 spare pick due: spare (planks available)
F1 spare pick: OK (wooden_pickaxe, holds 2)
F1 sword due: planks available
F1 sword: OK (wooden_sword, holds 1)
F1 sword: OK (wooden_sword)
F1 [F1] craft torches: stick-dry but 7 planks held - one stick batch first
F1 [F1] craft torches: skip (no coal: sticks 5 coals 0)
t-491s alive=19/19 mined=208 map=328p/8ch banked=0 smelted=0 pocket=207u/66s | sand=0 gravel=0 dirt=14 stone=0
   deficits: 157926/0 (0.0%) 149380/0 (0.0%) 31860/0 (0.0%) 27420/0 (0.0%) 10725/0 (0.0%)
   F1=18[birch_log:7 stick:5 oak_planks:5] | F2=26[diorite:7 cobblestone:6 dirt:4] | F3=34[cobblestone:20 dirt:8 stick:5] | F4=18[oak_log:8 birch_log:1] | F5=11[oak_log:7 stick:2] | F6=11[oak_sapling:1] | F7=0[empty] | F8=12[oak_log:10 birch_log:1 oak_sapling:1] | F9=8[birch_log:4 oak_log:1] | F10=5[oak_log:4] | F11=9[oak_log:4 oak_planks:4 stick:4] | F12=5[oak_log:4 oak_planks:4 stick:4] | F13=9[oak_log:2] | F14=6[oak_log:3 birch_log:2] | F15=7[oak_log:3 oak_sapling:1] | F16=1[oak_log:9] | F17=11[oak_log:5 birch_log:2] | F18=12[birch_log:5 oak_log:1] | F19=5[oak_log:6 chest:1]
   mem: heap=111M/145M old=-1M ext=126M ab=123M rss=381M cols=2024 ents=2002 evicted=501 path=6a/10q (max 6) stale=0
F1 [F1] torch: the placement did not land (dry) x1 - the streak names itself once, a landing re-arms it
F3 tunnel: 12 blocks (branch mine at the floor, floor lock)
F1 tool upgrade due: cobble available -> stone_pickaxe
F2 tunnel: steering coal_ore @ 14.1b (axis x+, cross 2.3000000000000114, ore detour)
F2 tunnel: 0 blocks (branch mine at the floor, steered, ore detour)
F11 dir=(-0.99,-0.16) logs=4 tools=wooden_pickaxe
F11 spare pick due: spare (planks available)
F12 dir=(-0.88,-0.48) logs=4 tools=wooden_pickaxe
F12 spare pick due: spare (planks available)
F1 [toolupgrade] [upgrade] upgraded: stone_pickaxe,wooden_shovel,wooden_pickaxe,wooden_pickaxe
F1 tool upgrade: OK -> stone_pickaxe (stone_pickaxe,wooden_shovel,wooden_pickaxe,wooden_pickaxe)
F1 [F1] craft torches: skip (no coal: sticks 3 coals 0)
F11 spare pick: OK (wooden_pickaxe, holds 2)
F11 [F11] craft torches: skip (no coal: sticks 4 coals 0)
F12 spare pick: OK (wooden_pickaxe, holds 2)
F12 [F12] craft torches: stick-dry with logs held - one plank conversion first
F1 [F1] digShaft: water table y=48 (region strike) - stopping above the aquifer, the tunnel owns this level (regions 1)
[hb] n=6 ts=121s rss=379M late=32ms mainLate=426ms
F12 [F12] craft torches: stick-dry but 9 planks held - one stick batch first
F12 [F12] craft torches: skip (no coal: sticks 6 coals 0)
F3 [F3] vein sweep: 6 drop(s) in reach (10 dug)
F7 dir=(-0.40,0.92) logs=0 tools=no planks recipe
F7 tool recovery: no pickaxe - spare-pick craft first
F7 spare pick: skip (no sticks and no planks for sticks)
F7 tool recovery: spare craft failed (no sticks and no planks for sticks) - re-running the bootstrap
F16 [F16] craft torches: stick-dry with logs held - one plank conversion first
F16 [F16] craft torches: stick-dry but 6 planks held - one stick batch first
F16 [F16] craft torches: skip (no coal: sticks 4 coals 0)
F11 [F11] torch: the placement did not land (dry) x1 - the streak names itself once, a landing re-arms it
t-476s alive=19/19 mined=257 map=375p/9ch banked=0 smelted=0 pocket=294u/85s | sand=0 gravel=0 dirt=22 stone=0
   deficits: 157926/0 (0.0%) 149380/0 (0.0%) 31860/0 (0.0%) 27420/0 (0.0%) 10725/0 (0.0%)
   F1=28[cobblestone:7 birch_log:7 dirt:5] | F2=33[cobblestone:8 diorite:7 dirt:4] | F3=48[raw_copper:33 cobblestone:26 dirt:8] | F4=23[oak_log:8 birch_log:2] | F5=11[oak_log:9 stick:4] | F6=11[oak_sapling:2 oak_log:1] | F7=0[empty] | F8=12[oak_planks:8 oak_log:7 stick:4] | F9=8[birch_log:4 oak_log:1] | F10=5[oak_log:4] | F11=17[oak_log:4 stick:4 dirt:4] | F12=8[oak_planks:7 stick:6 oak_log:2] | F13=9[leaf_litter:3 oak_log:2] | F14=6[oak_log:3 birch_log:2] | F15=7[oak_log:3 oak_sapling:1] | F16=1[oak_log:5 oak_planks:4 stick:4] | F17=13[oak_log:5 birch_log:2] | F18=12[birch_log:5 oak_log:2 birch_sapling:1] | F19=5[oak_log:6 chest:1]
   mem: heap=114M/144M old=-1M ext=126M ab=124M rss=380M cols=2025 ents=2102 evicted=564 path=6a/8q (max 6) stale=0
F1 [F1] craft torches: skip (no coal: sticks 3 coals 0)
F1 [F1] digShaft: water table y=48 (region strike) - stopping above the aquifer, the tunnel owns this level (regions 1)
F1 [F1] craft torches: skip (no coal: sticks 3 coals 0)
F1 [F1] digShaft: water table y=48 (region strike) - stopping above the aquifer, the tunnel owns this level (regions 1)
F1 tunnel: steering iron_ore @ 7.9b (axis x--1, cross 0.49988412676884764, floor lock)
F2 [F2] vein sweep: 6 drop(s) in reach (10 dug)
F8 [F8] craft torches: stick-dry but 6 planks held - one stick batch first
F8 [F8] craft torches: skip (no spare sticks: sticks 0 coals 0)
F12 [F12] torch: the placement did not land (dry) x1 - the streak names itself once, a landing re-arms it
F12 [F12] digShaft: water table y=48 (region strike) - stopping above the aquifer, the tunnel owns this level (regions 1)
F11 [F11] digShaft: water table y=48 (region strike) - stopping above the aquifer, the tunnel owns this level (regions 1)
F5 [F5] craft torches: stick-dry but 7 planks held - one stick batch first
F5 [F5] craft torches: skip (no spare sticks: sticks 0 coals 0)
F5 dir=(0.25,0.97) logs=5 tools=wooden_pickaxe
F5 spare pick due: spare (planks available)
F5 [tools] closing stale craft window (minecraft:inventory) - grid recovery
F12 sword due: planks available
F11 [F11] craft torches: skip (no coal: sticks 4 coals 0)
F11 [F11] digShaft: water table y=48 (region strike) - stopping above the aquifer, the tunnel owns this level (regions 1)
F11 [F11] craft torches: skip (no coal: sticks 4 coals 0)
F11 [F11] digShaft: water table y=48 (region strike) - stopping above the aquifer, the tunnel owns this level (regions 1)
F11 tunnel: steering coal_ore @ 28b (axis x+, cross 3.4999624409455237, floor lock)
F3 [F3] vein sweep: +28u walked from the drops (10 dug)
F3 vein sweep: 10 ores dug beside the gallery (floor lock)
F1 tunnel: 12 blocks (branch mine at the floor, steered, floor lock)
F16 dir=(0.25,-0.97) logs=5 tools=wooden_pickaxe
F16 spare pick due: spare (planks available)
F8 dir=(-0.68,0.74) logs=7 tools=wooden_pickaxe
F8 spare pick due: spare (planks available)
F8 plank rung: converted 3->7 same-type planks (need 5, from oak_log)
F4 [F4] craft torches: stick-dry but 10 planks held - one stick batch first
F16 spare pick: OK (wooden_pickaxe, holds 2)
F16 [F16] craft torches: stick-dry with logs held - one plank conversion first
F4 [F4] craft torches: skip (no coal: sticks 4 coals 0)
F12 sword: OK (wooden_sword, holds 1)
F12 sword: OK (wooden_sword)
F12 [F12] craft torches: skip (no coal: sticks 5 coals 0)
F12 [F12] digShaft: water table y=48 (region strike) - stopping above the aquifer, the tunnel owns this level (regions 1)
F12 [F12] craft torches: skip (no coal: sticks 5 coals 0)
F12 [F12] digShaft: water table y=48 (region strike) - stopping above the aquifer, the tunnel owns this level (regions 1)
F12 tunnel: steering coal_ore @ 28b (axis x+, cross 3.6675693249801498, floor lock)
F16 [F16] craft torches: stick-dry but 9 planks held - one stick batch first
F16 [F16] craft torches: skip (no coal: sticks 6 coals 0)
F4 dir=(0.55,0.84) logs=10 tools=wooden_pickaxe
F4 spare pick due: spare (planks available)
F2 [F2] vein sweep: the drop walk to [-132,46,408] failed - sweep drops: timeout after 8000ms
F1 [F1] vein sweep: 3 drop(s) in reach (4 dug)
F4 spare pick: OK (wooden_pickaxe, holds 2)
F4 sword due: planks available
F8 spare pick: OK (wooden_pickaxe, holds 2)
F8 sword due: planks available
F5 spare pick: OK (wooden_pickaxe, holds 2)
F5 sword due: planks available
F17 [F17] craft torches: stick-dry but 10 planks held - one stick batch first
F17 [F17] craft torches: skip (no coal: sticks 4 coals 0)
F6 dir=(-0.08,1.00) logs=0 tools=none
F6 tool recovery: no pickaxe - spare-pick craft first
F6 spare pick: skip (no pickaxe materials (need 3 ingots / 3 cobble / 3 planks of ONE type))
F6 tool recovery: spare craft failed (no pickaxe materials (need 3 ingots / 3 cobble / 3 planks of ONE type)) - re-running the bootstrap
F4 sword: OK (wooden_sword, holds 1)
F4 sword: OK (wooden_sword)
F4 [F4] craft torches: stick-dry with logs held - one plank conversion first
F8 sword: OK (wooden_sword, holds 1)
F8 sword: OK (wooden_sword)
F8 [F8] craft torches: skip (no coal: sticks 5 coals 0)
F5 sword: OK (wooden_sword, holds 1)
F5 sword: OK (wooden_sword)
F5 [F5] craft torches: stick-dry with logs held - one plank conversion first
F17 dir=(0.55,-0.84) logs=6 tools=wooden_pickaxe
F17 spare pick due: spare (planks available)
t-461s alive=19/19 mined=321 map=396p/9ch banked=0 smelted=0 pocket=361u/113s | sand=0 gravel=0 dirt=26 stone=0
   deficits: 157926/0 (0.0%) 149380/0 (0.0%) 31860/0 (0.0%) 27420/0 (0.0%) 10725/0 (0.0%)
   F1=44[cobblestone:23 birch_log:7 dirt:5] | F2=36[cobblestone:9 diorite:7 dirt:4] | F3=48[raw_copper:33 cobblestone:28 dirt:8] | F4=23[oak_log:9 oak_planks:6 wooden_pickaxe:2] | F5=11[oak_log:4 oak_planks:4 wooden_pickaxe:2] | F6=11[stick:2 oak_sapling:2 oak_planks:1] | F7=0[empty] | F8=13[oak_log:6 stick:5 wooden_pickaxe:2] | F9=13[birch_log:4 oak_log:1] | F10=10[oak_log:5 oak_sapling:1] | F11=27[diorite:12 oak_log:4 stick:4] | F12=15[oak_planks:5 stick:5 oak_log:2] | F13=11[leaf_litter:3 oak_log:2 stick:2] | F14=8[oak_log:3 birch_log:2] | F15=7[oak_log:3 oak_sapling:1] | F16=6[oak_planks:7 stick:6 dirt:5] | F17=16[oak_planks:7 oak_log:6 stick:4] | F18=14[birch_log:5 oak_log:2] | F19=8[oak_log:6 chest:1]
   mem: heap=110M/145M old=-1M ext=123M ab=120M rss=380M cols=1970 ents=2335 evicted=625 path=5a/0q (max 6) stale=0
F4 [F4] craft torches: stick-dry but 7 planks held - one stick batch first
F4 [F4] craft torches: skip (no coal: sticks 5 coals 0)
F17 spare pick: OK (wooden_pickaxe, holds 2)
F17 sword due: planks available
F5 [F5] craft torches: stick-dry but 8 planks held - one stick batch first
[hb] n=7 ts=141s rss=377M late=37ms mainLate=379ms
F5 [F5] craft torches: skip (no coal: sticks 5 coals 0)
F17 sword: OK (wooden_sword, holds 1)
F17 sword: OK (wooden_sword)
F17 [F17] craft torches: stick-dry with logs held - one plank conversion first
F16 [F16] torch: the placement did not land (dry) x1 - the streak names itself once, a landing re-arms it
F17 [F17] craft torches: stick-dry but 7 planks held - one stick batch first
F8 [F8] digShaft: water strike at y=55 -> water table (regions 1); fluid below (-137, 56, 425) - moving sideways
F17 [F17] craft torches: skip (no coal: sticks 5 coals 0)
F8 [F8] digShaft: water table y=59 (region strike) - stopping above the aquifer, the tunnel owns this level (regions 1)
F5 [F5] digShaft: water table y=59 (region strike) - stopping above the aquifer, the tunnel owns this level (regions 1)
F17 [F17] digShaft: water table y=59 (region strike) - stopping above the aquifer, the tunnel owns this level (regions 1)
F16 tool upgrade due: cobble available -> stone_pickaxe
F2 [F2] vein sweep: the drop walk to [-130,46,407] failed - sweep drops: timeout after 8000ms
F4 [F4] torch: the placement did not land (dry) x1 - the streak names itself once, a landing re-arms it
F1 [F1] vein sweep: the drop walk to [-158,53,414] failed - sweep drops: timeout after 8000ms
F1 [F1] vein sweep: +3u walked from the drops (4 dug)
F1 [F1] vein sweep: 2 deep drop(s) skipped (dy < -2 - the lip sphere cannot reach, the walk was a guaranteed spiral)
F1 vein sweep: 4 ores dug beside the gallery (floor lock)
F8 [F8] craft torches: skip (no coal: sticks 5 coals 0)
F8 [F8] digShaft: water strike at y=55 -> water table (regions 1); fluid below (-137, 56, 425) - moving sideways
F5 [F5] craft torches: skip (no coal: sticks 5 coals 0)
F5 [F5] digShaft: water strike at y=55 -> water table (regions 1); fluid below (-139, 56, 426) - moving sideways
F11 tunnel: 13 blocks (branch mine at the floor, steered, floor lock)
F8 [F8] digShaft: water strike at y=55 -> water table (regions 1); fluid below (-137, 56, 425) - moving sideways
F1 [F1] craft torches: skip (no coal: sticks 3 coals 0)
F16 [toolupgrade] [upgrade] upgraded: stone_pickaxe,wooden_shovel,wooden_pickaxe,wooden_pickaxe
F16 tool upgrade: OK -> stone_pickaxe (stone_pickaxe,wooden_shovel,wooden_pickaxe,wooden_pickaxe)
F16 sword due: planks available
F16 sword: OK (wooden_sword, holds 1)
F16 sword: OK (wooden_sword)
F16 [F16] craft torches: skip (no coal: sticks 3 coals 0)
F17 [F17] craft torches: skip (no coal: sticks 5 coals 0)
F5 tunnel: steering coal_ore @ 3b (axis x+, cross 1.522499819015195, ore detour)
F12 tunnel: 13 blocks (branch mine at the floor, steered, floor lock)
F8 [F8] craft torches: skip (no coal: sticks 5 coals 0)
F8 [F8] digShaft: water strike at y=55 -> water table (regions 1); fluid below (-137, 56, 425) - moving sideways
F8 tunnel: steering coal_ore @ 8.7b (axis x+, cross 0.30000000000001137, floor lock)
t-446s alive=19/19 mined=428 map=443p/9ch banked=0 smelted=0 pocket=461u/134s | sand=0 gravel=0 dirt=59 stone=0
   deficits: 157926/0 (0.0%) 149380/0 (0.0%) 31860/0 (0.0%) 27420/0 (0.0%) 10725/0 (0.0%)
   F1=53[cobblestone:32 birch_log:7 dirt:5] | F2=36[cobblestone:9 diorite:7 dirt:4] | F3=48[raw_copper:33 cobblestone:28 dirt:8] | F4=40[oak_log:9 stick:5 cobblestone:5] | F5=22[dirt:10 oak_planks:6 stick:5] | F6=17[stick:2 oak_sapling:2 oak_planks:1] | F7=0[empty] | F8=19[dirt:7 oak_log:6 stick:5] | F9=14[birch_log:4 oak_log:1] | F10=11[oak_log:6 oak_sapling:2] | F11=35[diorite:19 cobblestone:5 oak_log:4] | F12=27[oak_planks:5 stick:5 cobblestone:4] | F13=13[leaf_litter:3 oak_log:2 stick:2] | F14=10[oak_log:3 birch_log:2 oak_sapling:1] | F15=10[oak_log:3] | F16=21[cobblestone:13 dirt:5 oak_log:3] | F17=25[dirt:12 leaf_litter:8 oak_log:5] | F18=16[birch_log:5 oak_log:3] | F19=11[oak_log:6 chest:1]
   mem: heap=111M/145M old=-1M ext=124M ab=121M rss=377M cols=1988 ents=2536 evicted=662 path=6a/4q (max 6) stale=0
F11 [F11] craft torches: skip (no coal: sticks 4 coals 0)
F3 [F3] craft torches: skip (no coal: sticks 5 coals 0)
F4 tool upgrade due: cobble available -> stone_pickaxe
F2 [F2] vein sweep: +1u walked from the drops (10 dug)
F2 vein sweep: 10 ores dug beside the gallery (ore detour)
F2 [F2] craft torches: skip (no coal: sticks 3 coals 0)
F2 [F2] digShaft: water strike at y=44 -> water table (regions 1); fluid below (-134, 45, 404) - moving sideways
F3 [F3] craft torches: skip (no coal: sticks 5 coals 0)
F3 tunnel: steering coal_ore @ 13.8b (axis x--1, cross 2.6999999999999886, floor lock)
F1 tunnel: 2 blocks (branch mine at the floor, ore detour)
F17 [F17] torch: the placement did not land (dry) x1 - the streak names itself once, a landing re-arms it
F4 [toolupgrade] [upgrade] upgraded: stone_pickaxe,wooden_shovel,wooden_pickaxe,wooden_pickaxe
F4 tool upgrade: OK -> stone_pickaxe (stone_pickaxe,wooden_shovel,wooden_pickaxe,wooden_pickaxe)
F4 [F4] craft torches: skip (no coal: sticks 3 coals 0)
F16 [F16] craft torches: skip (no coal: sticks 3 coals 0)
F16 [F16] craft torches: skip (no coal: sticks 3 coals 0)
F16 tunnel: steering coal_ore @ 6b (axis x--1, cross 0.49999999999994316, floor lock)
[hb] n=8 ts=161s rss=380M late=38ms mainLate=565ms
F5 tunnel: 12 blocks (branch mine at the floor, steered, ore detour)
F4 [F4] craft torches: skip (no coal: sticks 3 coals 0)
F4 [F4] craft torches: skip (no coal: sticks 3 coals 0)
F5 [F5] vein sweep: 2 drop(s) in reach (1 dug)
F17 tunnel: steering coal_ore @ 3.9b (axis z--1, cross 0.4985068193214346, ore detour)
F2 tunnel: steering coal_ore @ 3.8b (axis z+, cross 1.6999999999999886, floor lock)
F11 tunnel: 2 blocks (branch mine at the floor, ore detour)
F3 tunnel: 13 blocks (branch mine at the floor, steered, floor lock)
F8 tunnel: 12 blocks (branch mine at the floor, steered, floor lock)
F3 [F3] vein sweep: 1 drop(s) in reach (1 dug)
F3 [F3] vein sweep: the drop walks picked nothing (pocket delta 0, 0 failed walk(s))
F3 [F3] vein sweep: 1 deep drop(s) skipped (dy < -2 - the lip sphere cannot reach, the walk was a guaranteed spiral)
F3 vein sweep: 1 ores dug beside the gallery (floor lock)
t-430s alive=19/19 mined=527 map=552p/9ch banked=0 smelted=0 pocket=581u/148s | sand=0 gravel=8 dirt=67 stone=0
   deficits: 157926/0 (0.0%) 149380/8 (0.0%) 31860/0 (0.0%) 27420/0 (0.0%) 10725/24 (0.2%)
   F1=68[cobblestone:32 birch_log:7 dirt:5] | F2=38[cobblestone:11 diorite:7 dirt:4] | F3=62[raw_copper:33 cobblestone:29 andesite:12] | F4=48[oak_log:9 gravel:8 cobblestone:5] | F5=31[cobblestone:17 dirt:14 oak_planks:6] | F6=17[oak_log:5 stick:2 oak_sapling:2] | F7=0[empty] | F8=31[dirt:7 oak_log:6 stick:5] | F9=14[oak_log:5 birch_log:4] | F10=11[oak_planks:10 stick:4 oak_log:3] | F11=44[diorite:20 granite:7 stick:5] | F12=29[oak_planks:5 stick:5 cobblestone:4] | F13=13[leaf_litter:5 oak_log:2 stick:2] | F14=10[oak_log:6 birch_log:2 dirt:2] | F15=11[oak_log:3 birch_log:3] | F16=33[cobblestone:24 dirt:5 andesite:4] | F17=40[dirt:12 leaf_litter:8 granite:8] | F18=16[birch_planks:4 oak_log:3] | F19=11[oak_log:9 chest:1]
   mem: heap=99M/146M old=-1M ext=122M ab=120M rss=376M cols=1961 ents=2318 evicted=710 path=6a/1q (max 6) stale=0
F12 [F12] vein sweep: 0 drop(s) in reach (3 dug)
F12 vein sweep: 3 ores dug beside the gallery (floor lock)
F11 [F11] craft torches: skip (no coal: sticks 5 coals 0)
F11 tunnel: steering coal_ore @ 8b (axis z+, cross 3.380025599245471, ore detour)
F2 tunnel: 2 blocks (branch mine at the floor, steered, floor lock)
F1 [F1] vein sweep: 8 drop(s) in reach (16 dug)
F16 tunnel: 12 blocks (branch mine at the floor, steered, floor lock)
F3 [F3] climb bridge: placed cobblestone at [-129,43,421] (support) - the step re-judges
F11 tunnel: 2 blocks (branch mine at the floor, steered, ore detour)
F11 [F11] craft torches: skip (no coal: sticks 5 coals 0)
F11 tunnel: steering coal_ore @ 8.3b (axis z+, cross 3.6999999999999886, floor lock)
F3 [F3] climb bridge: placed cobblestone at [-128,43,421] (pit) - the step re-judges
F3 [F3] climb bridge: placed cobblestone at [-128,44,421] (support) - the step re-judges
F10 [F10] craft torches: stick-dry with logs held - one plank conversion first
F17 tunnel: 2 blocks (branch mine at the floor, steered, ore detour)
F10 [F10] craft torches: stick-dry but 6 planks held - one stick batch first
F10 [F10] craft torches: skip (no coal: sticks 4 coals 0)
F10 dir=(-0.99,0.16) logs=2 tools=wooden_pickaxe
F10 spare pick due: spare (planks available)
F11 tunnel: 0 blocks (branch mine at the floor, steered, floor lock)
F10 spare pick: OK (wooden_pickaxe, holds 2)
F10 [F10] craft torches: stick-dry with logs held - one plank conversion first
F9 [F9] craft torches: stick-dry but 14 planks held - one stick batch first
F11 [F11] craft torches: skip (no coal: sticks 5 coals 0)
F11 tunnel: steering copper_ore @ 5.4b (axis z+, cross 3.3000000000000114, ore detour)
F9 [F9] craft torches: skip (no coal: sticks 4 coals 0)
F9 dir=(-0.88,0.48) logs=3 tools=wooden_pickaxe
F9 spare pick due: spare (planks available)
F10 [F10] craft oak_planks: no craftable recipe variant (ingredients missing?)
F10 [F10] craft torches: stick-dry but 5 planks held - one stick batch first
F10 [F10] craft torches: skip (no coal: sticks 6 coals 0)
F4 tunnel: 12 blocks (branch mine at the floor, floor lock)
F9 spare pick: OK (wooden_pickaxe, holds 2)
F9 sword due: planks available
F19 [F19] craft torches: stick-dry with logs held - one plank conversion first
F19 [F19] craft torches: stick-dry but 6 planks held - one stick batch first
F9 sword: OK (wooden_sword, holds 1)
F9 sword: OK (wooden_sword)
F9 [F9] craft torches: stick-dry but 7 planks held - one stick batch first
F19 [F19] craft torches: skip (no coal: sticks 4 coals 0)
F19 dir=(0.95,-0.32) logs=5 tools=wooden_pickaxe
F19 spare pick due: spare (planks available)
F15 [F15] craft torches: stick-dry but 14 planks held - one stick batch first
F9 [F9] craft torches: skip (no coal: sticks 5 coals 0)
F15 [F15] craft torches: skip (no coal: sticks 4 coals 0)
[hb] n=9 ts=181s rss=379M late=43ms mainLate=444ms
F14 [F14] craft torches: stick-dry but 10 planks held - one stick batch first
F11 tunnel: 0 blocks (branch mine at the floor, steered, ore detour)
F11 [F11] craft torches: skip (no coal: sticks 5 coals 0)
F11 tunnel: steering copper_ore @ 5.4b (axis x+, cross 3.3000000000000114, floor lock)
F14 [F14] craft torches: skip (no coal: sticks 4 coals 0)
F14 dir=(-0.40,-0.92) logs=3 tools=wooden_pickaxe
F14 spare pick due: spare (planks available)
F4 [F4] vein sweep: 2 drop(s) in reach (2 dug)
F4 [F4] vein sweep: the drop walks picked nothing (pocket delta 0, 0 failed walk(s))
F4 [F4] vein sweep: 2 deep drop(s) skipped (dy < -2 - the lip sphere cannot reach, the walk was a guaranteed spiral)
F4 vein sweep: 2 ores dug beside the gallery (floor lock)
F19 spare pick: OK (wooden_pickaxe, holds 2)
F19 [F19] craft torches: stick-dry with logs held - one plank conversion first
F14 spare pick: OK (wooden_pickaxe, holds 2)
F14 sword due: planks available
F5 [F5] vein sweep: the drop walk to [-139,62,427] failed - sweep drops: timeout after 8000ms
F5 [F5] vein sweep: +6u walked from the drops (1 dug)
F5 vein sweep: 1 ores dug beside the gallery (ore detour)
F19 [F19] craft torches: stick-dry but 9 planks held - one stick batch first
F5 tool upgrade due: cobble available -> stone_pickaxe
F19 [F19] craft torches: skip (no coal: sticks 6 coals 0)
F14 sword: OK (wooden_sword, holds 1)
F14 sword: OK (wooden_sword)
F14 [F14] craft torches: stick-dry with logs held - one plank conversion first
F15 dir=(-0.08,-1.00) logs=4 tools=wooden_pickaxe
F15 spare pick due: spare (planks available)
F14 [F14] craft torches: stick-dry but 7 planks held - one stick batch first
F14 [F14] craft torches: skip (no coal: sticks 5 coals 0)
F14 [F14] digShaft: water strike at y=55 -> water table (regions 1); fluid below (-139, 56, 426) - moving sideways
F14 tunnel: steering coal_ore @ 9.5b (axis x+, cross 0.49956769431105386, ore detour)
F14 tunnel: 0 blocks (branch mine at the floor, steered, ore detour)
F15 spare pick: OK (wooden_pickaxe, holds 2)
F15 sword due: planks available
t-415s alive=19/19 mined=603 map=567p/9ch banked=0 smelted=0 pocket=735u/186s | sand=0 gravel=24 dirt=82 stone=0
   deficits: 157926/0 (0.0%) 149380/24 (0.0%) 31860/0 (0.0%) 27420/0 (0.0%) 10725/36 (0.3%)
   F1=69[cobblestone:37 raw_iron:9 birch_log:7] | F2=54[cobblestone:26 diorite:7 dirt:4] | F3=76[raw_copper:33 cobblestone:28 andesite:22] | F4=58[gravel:24 oak_log:9 cobblestone:9] | F5=31[dirt:19 cobblestone:14 oak_planks:6] | F6=18[oak_log:5 oak_sapling:2 stick:2] | F7=0[empty] | F8=31[dirt:10 oak_log:6 stick:5] | F9=16[dirt:6 oak_planks:5 stick:5] | F10=14[stick:6 oak_planks:3 wooden_pickaxe:2] | F11=49[diorite:20 granite:13 stick:5] | F12=30[oak_planks:5 stick:5 cobblestone:4] | F13=13[stick:6 leaf_litter:5 oak_planks:2] | F14=10[stick:5 oak_planks:4 oak_log:2] | F15=11[oak_planks:9 oak_log:4 stick:2] | F16=50[cobblestone:24 coal:10 andesite:6] | F17=42[dirt:12 leaf_litter:8 granite:8] | F18=16[oak_planks:12 birch_planks:6 stick:4] | F19=15[oak_planks:7 stick:6 oak_log:3]
   mem: heap=108M/147M old=-1M ext=122M ab=120M rss=380M cols=1962 ents=2544 evicted=746 path=4a/0q (max 6) stale=0
F5 [toolupgrade] [upgrade] upgraded: stone_pickaxe,wooden_shovel,wooden_pickaxe,wooden_pickaxe
F5 tool upgrade: OK -> stone_pickaxe (stone_pickaxe,wooden_shovel,wooden_pickaxe,wooden_pickaxe)
F5 [F5] craft torches: 1 batch(es) -> 4 torches (sticks 3 coals 2)
F10 [F10] water: drowning rescue start (drowning, oxygen 14)
F10 [F10] water: pass 0 head=wet shore=none land=n/a y=60.0 o2=14 probes=0 at=[-123,60,388]
F15 sword: OK (wooden_sword, holds 1)
F15 sword: OK (wooden_sword)
F15 [F15] craft torches: stick-dry but 7 planks held - one stick batch first
F15 [F15] craft torches: skip (no coal: sticks 5 coals 0)
F1 [F1] vein sweep: the drop walk to [-155,45,416] failed - sweep drops: timeout after 8000ms
F1 [F1] vein sweep: +9u walked from the drops (16 dug)
F1 [F1] vein sweep: 4 deep drop(s) skipped (dy < -2 - the lip sphere cannot reach, the walk was a guaranteed spiral)
F1 vein sweep: 16 ores dug beside the gallery (ore detour)
F5 [F5] digShaft: water strike at y=55 -> water table (regions 1); fluid below (-138, 56, 427) - moving sideways
F13 dir=(-0.68,-0.74) logs=0 tools=none
F13 tool recovery: no pickaxe - spare-pick craft first
F13 spare pick: skip (no pickaxe materials (need 3 ingots / 3 cobble / 3 planks of ONE type))
F13 tool recovery: spare craft failed (no pickaxe materials (need 3 ingots / 3 cobble / 3 planks of ONE type)) - re-running the bootstrap
F10 [F10] water: transit toward known land (oak_log) at [-121,389] d=3
F10 [F10] water: pass 5 head=dry shore=none land=oak_log d=3 y=61.9 o2=20 probes=0 at=[-123,62,387]
F1 [F1] climb bridge: placed cobblestone at [-150,44,415] (pit) - the step re-judges
F19 [F19] torch: the placement did not land (dry) x1 - the streak names itself once, a landing re-arms it
F10 [F10] water: transit toward known land (oak_log) at [-121,389] d=3
F1 [F1] climb bridge: placed cobblestone at [-150,45,415] (support) - the step re-judges
F10 sword due: planks available
F10 [F10] water: pass 8 head=wet shore=none land=n/a y=60.4 o2=20 probes=0 at=[-123,60,387]
F10 sword: OK (wooden_sword, holds 1)
F10 sword: OK (wooden_sword)
F10 [F10] craft torches: skip (no coal: sticks 5 coals 0)
F8 tool upgrade due: cobble available -> stone_pickaxe
F12 [F12] craft torches: skip (no coal: sticks 5 coals 0)
F15 [F15] torch: the placement did not land (dry) x1 - the streak names itself once, a landing re-arms it
F8 [toolupgrade] [upgrade] upgraded: stone_pickaxe,wooden_shovel,wooden_pickaxe,wooden_pickaxe
F8 tool upgrade: OK -> stone_pickaxe (stone_pickaxe,wooden_shovel,wooden_pickaxe,wooden_pickaxe)
F8 [F8] craft torches: skip (no coal: sticks 3 coals 0)
F8 [F8] digShaft: water strike at y=55 -> water table (regions 1); fluid below (-137, 56, 425) - moving sideways
F16 [F16] vein sweep: 8 drop(s) in reach (24 dug)
F10 [F10] water: transit toward known land (oak_log) at [-121,389] d=3
F10 [F10] water: pass 13 head=dry shore=none land=oak_log d=3 y=62.0 o2=20 probes=0 at=[-123,62,387]
F18 [F18] craft torches: stick-dry but 14 planks held - one stick batch first
F18 [F18] craft torches: skip (no coal: sticks 4 coals 0)
F18 dir=(0.79,-0.61) logs=2 tools=wooden_pickaxe
F18 spare pick due: spare (planks available)
F10 [F10] craft torches: skip (no coal: sticks 5 coals 0)
F10 tunnel: steering iron_ore @ 24.3b (axis z+, cross 3.700000000000003, floor lock)
F19 tool upgrade due: cobble available -> stone_pickaxe
F18 spare pick: OK (wooden_pickaxe, holds 2)
F18 sword due: planks available
F10 [F10] water: transit toward known land (oak_log) at [-121,389] d=3
F10 [F10] water: pass 16 head=wet shore=none land=n/a y=60.2 o2=20 probes=0 at=[-123,60,387]
F18 sword: OK (wooden_sword, holds 1)
F18 sword: OK (wooden_sword)
F18 [F18] craft torches: stick-dry but 7 planks held - one stick batch first
F18 [F18] craft torches: skip (no coal: sticks 5 coals 0)
F18 [F18] digShaft: water strike at y=55 -> water table (regions 1); fluid below (-139, 56, 426) - moving sideways
F11 tunnel: 12 blocks (branch mine at the floor, steered, floor lock)
F10 [F10] water: transit toward known land (oak_log) at [-121,389] d=3
F18 tunnel: steering coal_ore @ 9.4b (axis x+, cross 0.5002463128831778, ore detour)
F18 tunnel: 0 blocks (branch mine at the floor, steered, ore detour)
F16 [F16] vein sweep: +7u walked from the drops (24 dug)
F16 [F16] vein sweep: 2 deep drop(s) skipped (dy < -2 - the lip sphere cannot reach, the walk was a guaranteed spiral)
F16 vein sweep: 24 ores dug beside the gallery (floor lock)
F16 [F16] craft torches: 1 batch(es) -> 4 torches (sticks 3 coals 18)
F12 tunnel: steering copper_ore @ 3.5b (axis z+, cross 0.5, ore detour)
F7 recovery brake: 1 consecutive failures - next attempt in 45s
F7 tool recovery: failed (no planks recipe)
F7 [F7] craft torches: skip (no spare sticks: sticks 0 coals 0)
F7 tool recovery: no pickaxe - spare-pick craft first
F7 spare pick: skip (no sticks and no planks for sticks)
F7 tool recovery: spare craft failed (no sticks and no planks for sticks) - re-running the bootstrap
F10 [F10] water: pass 19 head=dry shore=hit r=2 land=none y=63.2 o2=20 probes=0 at=[-123,63,387]
F16 tunnel: steering coal_ore @ 2.6b (axis z--1, cross 0.5, ore detour)
F19 [toolupgrade] [upgrade] upgraded: stone_pickaxe,wooden_shovel,wooden_pickaxe,wooden_pickaxe
F19 tool upgrade: OK -> stone_pickaxe (stone_pickaxe,wooden_shovel,wooden_pickaxe,wooden_pickaxe)
F19 sword due: planks available
F19 sword: OK (wooden_sword, holds 1)
F19 sword: OK (wooden_sword)
F19 [F19] craft torches: skip (no coal: sticks 3 coals 0)
F8 [F8] water: drowning rescue start (drowning, oxygen 15)
F8 [F8] water: pass 0 head=wet shore=none land=n/a y=51.0 o2=15 probes=0 at=[-134,51,426]
F9 [F9] water: drowning rescue start (drowning, oxygen 14)
F9 [F9] water: pass 0 head=wet shore=none land=n/a y=58.0 o2=14 probes=0 at=[-124,58,386]
F1 climb out (trip): OK +5 levels (5 steps, 14 dug, 13s)
t-400s alive=19/19 mined=731 map=611p/9ch banked=0 smelted=0 pocket=845u/211s | sand=0 gravel=24 dirt=101 stone=0
   deficits: 157926/0 (0.0%) 149380/24 (0.0%) 31860/0 (0.0%) 27420/0 (0.0%) 10725/42 (0.4%)
   F1=83[cobblestone:48 raw_iron:9 birch_log:7] | F2=62[cobblestone:31 diorite:7 dirt:4] | F3=96[raw_copper:33 cobblestone:28 andesite:22] | F4=58[gravel:24 cobblestone:10 oak_log:9] | F5=32[dirt:19 cobblestone:15 oak_planks:6] | F6=20[oak_log:7 stick:3 oak_sapling:2] | F7=0[empty] | F8=37[dirt:14 cobblestone:10 oak_log:6] | F9=19[dirt:7 oak_planks:5 stick:5] | F10=18[stick:5 wooden_pickaxe:2 oak_log:1] | F11=58[granite:23 diorite:20 stick:5] | F12=39[cobblestone:6 oak_planks:5 stick:5] | F13=17[leaf_litter:5 stick:4 birch_log:2] | F14=11[stick:5 oak_planks:4 oak_log:2] | F15=28[diorite:7 cobblestone:6 oak_planks:5] | F16=63[cobblestone:24 coal:17 andesite:11] | F17=45[dirt:12 leaf_litter:8 granite:8] | F18=16[stick:5 oak_planks:5 birch_log:2] | F19=29[cobblestone:8 dirt:4 oak_log:3]
   mem: heap=104M/148M old=-1M ext=121M ab=119M rss=378M cols=1944 ents=2664 evicted=776 path=5a/0q (max 6) stale=0
F10 [F10] water: pass 24 head=dry shore=hit r=2 land=none y=63.2 o2=20 probes=0 at=[-123,63,387]
F15 tool upgrade due: cobble available -> stone_pickaxe
[hb] n=10 ts=201s rss=378M late=48ms mainLate=376ms
F8 [F8] water: transit toward known land (oak_log) at [-130,422] d=6
F16 tunnel: 2 blocks (branch mine at the floor, steered, ore detour)
F8 tunnel: steering coal_ore @ 5.4b (axis x+, cross 0.5001644455524001, ore detour)
F8 [F8] water: transit toward known land (oak_log) at [-130,422] d=6
F8 [F8] water: pass 6 head=dry shore=none land=oak_log d=6 y=55.0 o2=17 probes=0 at=[-134,55,426]
F9 [F9] water: pass 6 head=wet shore=none land=n/a y=59.3 o2=20 probes=0 at=[-123,59,386]
F10 tunnel: 4 blocks (branch mine at the floor, steered, floor lock)
F9 [F9] craft torches: 1 batch(es) -> 4 torches (sticks 5 coals 1)
F10 [F10] water: rescue complete in 17.7s
F10 [F10] water: hazard memorized at [-124,62,387] (1 live, fleet-wide)
F17 [F17] vein sweep: 7 drop(s) in reach (5 dug)
F8 [F8] water: transit toward known land (oak_log) at [-130,422] d=5
F8 [F8] water: pass 8 head=dry shore=none land=oak_log d=5 y=54.5 o2=20 probes=0 at=[-134,54,425]
F12 tunnel: 4 blocks (branch mine at the floor, steered, ore detour)
F9 [F9] water: pass 10 head=wet shore=none land=n/a y=59.7 o2=20 probes=0 at=[-123,60,387]
F15 [toolupgrade] [upgrade] upgraded: stone_pickaxe,wooden_shovel,wooden_pickaxe,wooden_pickaxe
F15 tool upgrade: OK -> stone_pickaxe (stone_pickaxe,wooden_shovel,wooden_pickaxe,wooden_pickaxe)
F15 [F15] craft torches: skip (no coal: sticks 3 coals 0)
F8 [F8] water: pass 12 head=dry shore=hit r=1 land=none y=54.2 o2=20 probes=0 at=[-134,54,426]
F11 [F11] vein sweep: 1 drop(s) in reach (2 dug)
F9 [F9] water: pass 14 head=dry shore=hit r=3 land=none y=62.4 o2=20 probes=0 at=[-123,62,387]
F8 [F8] water: transit toward known land (oak_log) at [-130,422] d=5
F5 [F5] craft torches: stick-dry but 6 planks held - one stick batch first
F2 [F2] climb wet escape: 5 blocks walked (budget, walked 1/4)
F5 [F5] craft torches: 1 batch(es) -> 4 torches (sticks 2 coals 1)
F8 [F8] water: rescue complete in 8.4s
F8 [F8] water: hazard memorized at [-135,54,425] (2 live, fleet-wide)
F19 [F19] craft torches: skip (no coal: sticks 3 coals 0)
F19 [F19] craft torches: skip (no coal: sticks 3 coals 0)
F19 tunnel: steering iron_ore @ 11.1b (axis z--1, cross 2.5, floor lock)
F2 [F2] climb bridge: unavailable (no solid floor underfoot)
F2 [F2] climb diag: level at y=47 blocked toward 0,-1 (dug=28)
F11 [F11] vein sweep: the drop walks picked nothing (pocket delta 0, 0 failed walk(s))
F11 vein sweep: 2 ores dug beside the gallery (floor lock)
F5 [F5] digShaft: water hazard 3.4b away (live 2) - refusing this column, the caller rotates
F5 [F5] craft torches: skip (no coal: sticks 5 coals 0)
F5 [F5] digShaft: water hazard 3.4b away (live 2) - refusing this column, the caller rotates
F5 tunnel: steering coal_ore @ 7b (axis x--1, cross 0.3017409110383369, floor lock)
F3 [F3] climb rise assist: assist did not complete (goto: climb rise assist: timeout after 4500ms)
F9 [F9] water: pass 19 head=dry shore=hit r=2 land=none y=61.3 o2=20 probes=0 at=[-123,61,386]
F11 [F11] climb bridge: placed cobblestone at [-152,43,400] (support) - the step re-judges
F3 [F3] climb diag: level at y=54 did not rise (food=19, dug=35) feet=air support=dirt step=air head=air
F9 [F9] water: pass 22 head=dry shore=hit r=3 land=none y=62.9 o2=20 probes=0 at=[-123,63,387]
F17 [F17] vein sweep: the drop walk to [-127,42,411] failed - sweep drops: timeout after 8000ms
F15 [F15] craft torches: skip (no coal: sticks 3 coals 0)
F15 [F15] craft torches: skip (no coal: sticks 3 coals 0)
F15 tunnel: steering copper_ore @ 5.2b (axis z+, cross 2.507993290532056, floor lock)
F9 [F9] craft torches: 2 batch(es) -> 8 torches (sticks 4 coals 2)
F10 [F10] vein sweep: 5 drop(s) in reach (6 dug)
F10 [F10] vein sweep: the drop walks picked nothing (pocket delta 0, 0 failed walk(s))
F10 [F10] vein sweep: 5 deep drop(s) skipped (dy < -2 - the lip sphere cannot reach, the walk was a guaranteed spiral)
F10 vein sweep: 6 ores dug beside the gallery (floor lock)
F9 [F9] water: pass 24 head=dry shore=hit r=2 land=none y=62.0 o2=20 probes=0 at=[-123,62,386]
t-385s alive=19/19 mined=802 map=596p/9ch banked=0 smelted=0 pocket=927u/214s | sand=0 gravel=24 dirt=106 stone=0
   deficits: 157926/0 (0.0%) 149380/24 (0.0%) 31860/0 (0.0%) 27420/0 (0.0%) 10725/43 (0.4%)
   F1=83[cobblestone:54 raw_iron:9 birch_log:7] | F2=68[cobblestone:40 diorite:7 dirt:4] | F3=100[cobblestone:33 raw_copper:33 andesite:22] | F4=58[gravel:24 cobblestone:10 oak_log:9] | F5=36[dirt:20 cobblestone:18 torch:8] | F6=20[oak_log:8 oak_sapling:3 stick:3] | F7=0[empty] | F8=48[cobblestone:20 dirt:14 oak_log:6] | F9=20[torch:12 dirt:8 oak_planks:5] | F10=25[stick:5 wooden_pickaxe:2 dirt:2] | F11=63[granite:27 diorite:20 stick:5] | F12=41[cobblestone:6 oak_planks:5 stick:5] | F13=17[leaf_litter:5 stick:4 birch_log:2] | F14=12[stick:5 oak_planks:4 oak_log:2] | F15=35[cobblestone:13 diorite:7 oak_planks:5] | F16=75[cobblestone:24 coal:19 andesite:11] | F17=46[dirt:12 leaf_litter:8 granite:8] | F18=18[stick:5 oak_planks:5 birch_log:2] | F19=37[cobblestone:19 dirt:4 oak_log:3]
   mem: heap=116M/148M old=-1M ext=121M ab=118M rss=378M cols=1939 ents=2835 evicted=792 path=6a/0q (max 6) stale=0
F9 [F9] water: pass 25 head=dry shore=hit r=2 land=none y=60.4 o2=20 probes=0 at=[-123,60,386]
F19 tunnel: 4 blocks (branch mine at the floor, steered, floor lock)
F10 [F10] craft torches: skip (no coal: sticks 5 coals 0)
F10 [F10] digShaft: water hazard 0.8b away (live 2) - refusing this column, the caller rotates
F10 [F10] craft torches: skip (no coal: sticks 5 coals 0)
F10 [F10] digShaft: water hazard 0.8b away (live 2) - refusing this column, the caller rotates
F10 tunnel: steering iron_ore @ 24.1b (axis z+, cross 3.5, floor lock)
F15 tunnel: 2 blocks (branch mine at the floor, steered, floor lock)
F8 tunnel: 12 blocks (branch mine at the floor, steered, ore detour)
F15 [F15] craft torches: skip (no coal: sticks 3 coals 0)
F15 [F15] craft torches: skip (no coal: sticks 3 coals 0)
F15 tunnel: steering copper_ore @ 5.4b (axis z+, cross 2.5, floor lock)
F9 [F9] water: pass 29 head=dry shore=hit r=3 land=none y=62.7 o2=20 probes=0 at=[-123,63,387]
F19 [F19] craft torches: skip (no coal: sticks 3 coals 0)
F19 [F19] craft torches: skip (no coal: sticks 3 coals 0)
F19 tunnel: steering copper_ore @ 4.3b (axis x+, cross 1.6999999999999886, floor lock)
[hb] n=11 ts=221s rss=381M late=53ms mainLate=399ms
F17 [F17] vein sweep: the drop walk to [-128,41,412] failed - sweep drops: timeout after 8000ms
F8 [F8] vein sweep: 4 drop(s) in reach (3 dug)
F8 [F8] vein sweep: the drop walks picked nothing (pocket delta 0, 0 failed walk(s))
F8 [F8] vein sweep: 4 deep drop(s) skipped (dy < -2 - the lip sphere cannot reach, the walk was a guaranteed spiral)
F8 vein sweep: 3 ores dug beside the gallery (ore detour)
F9 tunnel: steering coal_ore @ 4.8b (axis z+, cross 1.2997051024007789, floor lock)
F9 tunnel: 0 blocks (branch mine at the floor, steered, floor lock)
F9 [F9] water: rescue complete in 21.9s
F9 [F9] water: hazard memorized at [-124,62,387] (3 live, fleet-wide)
F9 [F9] craft torches: stick-dry but 5 planks held - one stick batch first
F9 [F9] craft torches: 1 batch(es) -> 4 torches (sticks 2 coals 1)
F4 [F4] craft torches: skip (no coal: sticks 3 coals 0)
F4 [F4] craft torches: skip (no coal: sticks 3 coals 0)
F10 [F10] water: drowning rescue start (drowning, oxygen 12)
F10 [F10] water: pass 0 head=wet shore=none land=n/a y=57.0 o2=12 probes=0 at=[-124,57,386]
F5 tunnel: 12 blocks (branch mine at the floor, steered, floor lock)
F3 [F3] climb diag: level at y=46 did not rise (food=17, dug=45) feet=air support=gravel step=gravel head=air
F15 tunnel: 2 blocks (branch mine at the floor, steered, floor lock)
F10 [F10] water: pass 8 head=wet shore=none land=n/a y=60.2 o2=13 probes=0 at=[-123,60,388]
F15 [F15] craft torches: skip (no coal: sticks 3 coals 0)
F15 [F15] craft torches: skip (no coal: sticks 3 coals 0)
F15 tunnel: steering copper_ore @ 4.6b (axis z+, cross 0.5959129828508196, floor lock)
F6 [F6] craft torches: skip (no coal: sticks 5 coals 0)
F6 tool recovery: OK (wooden_pickaxe)
F6 spare pick due: spare (planks available)
F10 [F10] water: deep-pocket ascend - dug the ceiling water at [-124,62,387] (jump stalled 4+ passes, o2 11)
F10 [F10] water: pass 13 head=wet shore=none land=n/a y=60.2 o2=10 probes=0 at=[-123,60,388]
F6 spare pick: OK (wooden_pickaxe, holds 2)
F6 sword due: planks available
F10 [F10] water: frozen physics (10 flat passes at y=60.2, o2=9, head WET) - standing down, the reconnect lane owns this
F10 [F10] water: rescue standing down (frozen physics - the walk gate reopens, the reconnect lane owns a dead client) in 4.8s
F10 [F10] water: frozen client relog (#1 consecutive) (frozen while head-wet (1 verdict) - the drowning clock owns this client) - ending the session, the reconnect lane rebuilds the physics; the drowning sentry holds non-critical pages 10s (the frozen-return gate)
F10 [F10] water: hazard memorized at [-124,60,387] (4 live, fleet-wide)
F16 [F16] vein sweep: 8 drop(s) in reach (23 dug)
F15 tunnel: 0 blocks (branch mine at the floor, steered, floor lock)
F15 [F15] craft torches: skip (no coal: sticks 3 coals 0)
F15 [F15] craft torches: skip (no coal: sticks 3 coals 0)
F15 tunnel: steering copper_ore @ 4.6b (axis z+, cross 1.2999999999999972, floor lock)
F12 [F12] vein sweep: 0 drop(s) in reach (5 dug)
F12 vein sweep: 5 ores dug beside the gallery (ore detour)
F6 sword: OK (wooden_sword, holds 1)
F6 sword: OK (wooden_sword)
F6 [F6] craft torches: stick-dry with logs held - one plank conversion first
F9 [F9] digShaft: water hazard 2.6b away (live 4) - refusing this column, the caller rotates
F9 [F9] craft torches: skip (no coal: sticks 5 coals 0)
F8 climb out (trip): OK +3 levels (3 steps, 9 dug, 7s)
F6 [F6] craft torches: stick-dry but 7 planks held - one stick batch first
F6 [F6] craft torches: skip (no coal: sticks 6 coals 0)
F17 [F17] vein sweep: +1u walked from the drops (5 dug)
F17 [F17] vein sweep: 1 below-plane walk(s) still failed on the wide goal (range 2) - the drop rests deeper than the lip
F17 [F17] vein sweep: 3 deep drop(s) skipped (dy < -2 - the lip sphere cannot reach, the walk was a guaranteed spiral)
F17 vein sweep: 5 ores dug beside the gallery (ore detour)
F15 tunnel: 0 blocks (branch mine at the floor, steered, floor lock)
F15 [F15] craft torches: skip (no coal: sticks 3 coals 0)
F15 [F15] craft torches: skip (no coal: sticks 3 coals 0)
F15 tunnel: steering coal_ore @ 12.8b (axis x--1, cross 3.6999999999999886, floor lock)
F8 [F8] craft torches: skip (no coal: sticks 3 coals 0)
F19 tunnel: 12 blocks (branch mine at the floor, steered, floor lock)
F4 tunnel: 12 blocks (branch mine at the floor, floor lock)
t-369s alive=19/19 mined=918 map=609p/10ch banked=0 smelted=0 pocket=1085u/223s | sand=0 gravel=33 dirt=118 stone=0
   deficits: 157926/0 (0.0%) 149380/33 (0.0%) 31860/0 (0.0%) 27420/0 (0.0%) 10725/57 (0.5%)
   F1=83[cobblestone:54 raw_iron:9 birch_log:7] | F2=69[cobblestone:41 diorite:8 dirt:4] | F3=114[cobblestone:39 raw_copper:33 andesite:22] | F4=70[gravel:24 cobblestone:17 oak_log:9] | F5=52[cobblestone:23 dirt:23 torch:8] | F6=25[leaf_litter:7 stick:6 dirt:6] | F7=0[empty] | F8=64[cobblestone:34 dirt:14 oak_log:6] | F9=20[torch:16 dirt:8 stick:5] | F10=26[stick:5 dirt:3 wooden_pickaxe:2] | F11=75[granite:28 diorite:20 andesite:13] | F12=47[granite:7 cobblestone:6 oak_planks:5] | F13=17[leaf_litter:7 stick:4 birch_log:4] | F14=15[raw_copper:7 stick:5 oak_planks:4] | F15=39[cobblestone:20 diorite:7 oak_planks:5] | F16=86[raw_copper:35 cobblestone:24 coal:19] | F17=46[dirt:12 leaf_litter:8 granite:8] | F18=21[stick:5 oak_planks:5 birch_log:2] | F19=49[cobblestone:31 dirt:4 oak_log:3]
   mem: heap=102M/150M old=-1M ext=121M ab=119M rss=381M cols=1939 ents=3113 evicted=817 path=3a/0q (max 6) stale=0
F14 [F14] vein sweep: 6 drop(s) in reach (6 dug)
F18 [F18] vein sweep: 6 drop(s) in reach (6 dug)
F6 [F6] torch: the placement did not land (dry) x1 - the streak names itself once, a landing re-arms it
F4 [F4] vein sweep: 3 drop(s) in reach (3 dug)
F8 [F8] craft torches: 1 batch(es) -> 4 torches (sticks 3 coals 1)
F17 [F17] climb rise assist: assist did not complete (goto: climb rise assist: timeout after 4500ms)
F5 [F5] vein sweep: 6 drop(s) in reach (13 dug)
F17 [F17] climb run-up: gallery opened toward 0,-1 (digs 1) - the rise re-judges from the L-mouth
F17 [F17] climb diag: level at y=43 did not rise (food=20, dug=1) feet=air support=air step=air head=air
F9 [F9] digShaft: water hazard 2.6b away (live 4) - refusing this column, the caller rotates
F9 tunnel: steering coal_ore @ 5b (axis z+, cross 0.29921360636986094, floor lock)
F9 tunnel: 0 blocks (branch mine at the floor, steered, floor lock)
F6 tool upgrade due: cobble available -> stone_pickaxe
F17 [F17] climb bridge: placed cobblestone at [-125,43,414] (support) - the step re-judges
F6 [toolupgrade] [upgrade] upgraded: stone_pickaxe,wooden_pickaxe,wooden_pickaxe,wooden_shovel
F6 tool upgrade: OK -> stone_pickaxe (stone_pickaxe,wooden_pickaxe,wooden_pickaxe,wooden_shovel)
F6 [F6] craft torches: skip (no coal: sticks 4 coals 0)
[hb] n=12 ts=241s rss=382M late=58ms mainLate=675ms
F8 [F8] combat: shelter skip (night=false armed=true hp=19.83333396911621 attackers=3 poison=off threat=creeper@2.6)
F8 [F8] combat: fleeing creeper (dist 2.6, hp 19.8, 3 nearby, sentry)
F15 tunnel: 13 blocks (branch mine at the floor, steered, floor lock)
F19 [F19] vein sweep: 8 drop(s) in reach (11 dug)
F4 [F4] vein sweep: the drop walk to [-109,46,442] failed - sweep drops: timeout after 8000ms
F10 tunnel: 1 blocks (branch mine at the floor, steered, floor lock)
F8 [F8] died - respawning (cause: server: was blown up by Creeper [kind=explosion by Creeper] | inferred: creeper@0.3 (0s before death at [-130,30,425]) [the inference corroborates the server verdict])
F8 [F8] water: death spot memorized as a hazard at [-130,30,425] (5 live, fleet-wide)
F2 [F2] climb wet escape: 4 blocks walked (refused, walked 2/4)
F2 [F2] climb diag: level at y=47 blocked toward -1,0 (dug=31, wet) at [1,1,0] water (stop)
F16 [F16] vein sweep: the drop walk to [-128,45,409] failed - sweep drops: timeout after 8000ms
F1 map trip skipped: sand,coal_ore unreachable
F17 [F17] climb diag: level at y=45 blocked toward 1,0 (dug=7)
t-354s alive=19/19 mined=1035 map=609p/10ch banked=0 smelted=0 pocket=1150u/216s | sand=0 gravel=33 dirt=109 stone=0
   deficits: 157926/0 (0.0%) 149380/33 (0.0%) 31860/0 (0.0%) 27420/0 (0.0%) 10725/67 (0.6%)
   F1=83[cobblestone:54 raw_iron:9 birch_log:7] | F2=70[cobblestone:42 diorite:8 dirt:4] | F3=130[cobblestone:43 raw_copper:33 granite:24] | F4=73[gravel:24 cobblestone:20 oak_log:9] | F5=57[cobblestone:26 dirt:25 torch:8] | F6=42[cobblestone:13 dirt:8 leaf_litter:7] | F7=0[empty] | F8=81[empty] | F9=20[torch:16 dirt:8 stick:5] | F10=26[stick:5 dirt:3 wooden_pickaxe:2] | F11=86[granite:28 diorite:21 andesite:15] | F12=59[granite:16 cobblestone:6 oak_planks:5] | F13=21[leaf_litter:7 oak_log:5 stick:4] | F14=16[raw_copper:7 stick:5 coal:5] | F15=50[cobblestone:33 diorite:7 oak_planks:5] | F16=86[raw_copper:52 cobblestone:24 coal:20] | F17=53[dirt:12 andesite:9 leaf_litter:8] | F18=22[raw_copper:13 stick:5 oak_planks:5] | F19=60[cobblestone:31 dirt:4 oak_log:3]
   mem: heap=118M/151M old=-1M ext=122M ab=119M rss=383M cols=1952 ents=3113 evicted=847 path=6a/6q (max 6) stale=0
F2 [F2] climb bridge: placed cobblestone at [-134,46,405] (support) - the step re-judges
F17 [F17] climb bridge: placed cobblestone at [-124,44,415] (support) - the step re-judges
F5 [F5] vein sweep: the drop walk to [-145,56,425] failed - sweep drops: timeout after 8000ms
F2 [F2] climb bridge: placed cobblestone at [-134,46,404] (pit) - the step re-judges
F2 [F2] climb bridge: placed cobblestone at [-134,47,404] (support) - the step re-judges
F16 [F16] vein sweep: +67u walked from the drops (23 dug)
F16 [F16] vein sweep: 2 deep drop(s) skipped (dy < -2 - the lip sphere cannot reach, the walk was a guaranteed spiral)
F16 vein sweep: 23 ores dug beside the gallery (ore detour)
F16 bank trip: pockets full budget 165s
F16 climb out (bank): the yard stands 28 levels up over 12b lateral - the climb raises its target to the yard's level
F16 [F16] climb bridge: placed cobblestone at [-127,44,405] (support) - the step re-judges
F19 [F19] vein sweep: the drop walk to [-111,46,417] failed - sweep drops: timeout after 8000ms
F14 [F14] vein sweep: +11u walked from the drops (6 dug)
F14 vein sweep: 6 ores dug beside the gallery (ore detour)
F14 [F14] craft torches: 3 batch(es) -> 12 torches (sticks 5 coals 5, the metal reserve keeps 1)
F4 [F4] vein sweep: the drop walk to [-108,46,443] failed - sweep drops: timeout after 8000ms
F18 [F18] vein sweep: +13u walked from the drops (6 dug)
F18 vein sweep: 6 ores dug beside the gallery (ore detour)
F18 [F18] craft torches: skip (no coal: sticks 5 coals 0)
F18 [F18] digShaft: water hazard 1.1b away (live 5) - refusing this column, the caller rotates
F18 tunnel: steering iron_ore @ 8.9b (axis z--1, cross 1.500026057005897, floor lock)
F12 climb out (trip): OK +7 levels (7 steps, 21 dug, 27s)
F1 [F1] craft torches: skip (no coal: sticks 3 coals 0)
F14 [F14] digShaft: water hazard 1.1b away (live 5) - refusing this column, the caller rotates
F14 tunnel: steering iron_ore @ 8.9b (axis z--1, cross 1.4996736109617927, floor lock)
F13 [F13] craft torches: stick-dry but 17 planks held - one stick batch first
F13 [F13] craft torches: skip (no coal: sticks 6 coals 0)
F1 bank trip: planned budget 165s
F1 climb out (bank): the yard stands 28 levels up over 10b lateral - the climb raises its target to the yard's level
F3 [F3] climb bridge: placed cobblestone at [-132,58,423] (support) - the step re-judges
F12 map trip skipped: sand,gravel unreachable
F13 tool recovery: OK (wooden_pickaxe)
F13 spare pick due: spare (planks available)
F3 [F3] climb diag: level at y=59 blocked toward -1,0 (dug=86)
F3 climb out (trip): failed - timeout
F3 map trip skipped: cannot leave the shaft
F3 [F3] craft torches: skip (no coal: sticks 5 coals 0)
F3 [F3] digShaft: water hazard 2.3b away (live 5) - refusing this column, the caller rotates
F3 bank trip: planned budget 160s
[hb] n=13 ts=261s rss=380M late=63ms mainLate=549ms
F13 spare pick: OK (wooden_pickaxe, holds 2)
F13 sword due: planks available
t-339s alive=19/19 mined=1138 map=609p/10ch banked=0 smelted=0 pocket=1292u/226s | sand=4 gravel=33 dirt=128 stone=0
   deficits: 157926/4 (0.0%) 149380/33 (0.0%) 31860/0 (0.0%) 27420/0 (0.0%) 10725/68 (0.6%)
   F1=94[cobblestone:66 raw_iron:9 birch_log:7] | F2=81[cobblestone:43 diorite:14 dirt:4] | F3=149[cobblestone:54 raw_copper:33 dirt:26] | F4=73[gravel:24 cobblestone:20 oak_log:9] | F5=57[cobblestone:26 dirt:25 torch:8] | F6=44[cobblestone:16 dirt:8 leaf_litter:7] | F7=0[empty] | F8=82[empty] | F9=20[torch:16 dirt:8 stick:5] | F10=26[stick:5 dirt:3 wooden_pickaxe:2] | F11=102[granite:29 diorite:21 cobblestone:15] | F12=65[granite:16 diorite:11 cobblestone:6] | F13=21[oak_planks:12 leaf_litter:7 stick:4] | F14=22[torch:12 dirt:9 cobblestone:7] | F15=50[cobblestone:35 diorite:7 oak_planks:5] | F16=99[raw_copper:62 cobblestone:35 coal:20] | F17=63[cobblestone:13 dirt:12 granite:9] | F18=30[raw_copper:13 stick:5 oak_planks:5] | F19=60[cobblestone:33 raw_copper:15 dirt:4]
   mem: heap=104M/150M old=-1M ext=122M ab=119M rss=380M cols=1947 ents=3032 evicted=891 path=6a/2q (max 6) stale=0
F3 [F3] climb bridge: placed cobblestone at [-130,58,423] (support) - the step re-judges
F13 sword: OK (wooden_sword, holds 1)
F13 sword: OK (wooden_sword)
F13 [F13] craft torches: skip (no coal: sticks 3 coals 0)
F16 [F16] climb wet escape: 4 blocks walked (budget, walked 1/4)
F5 [F5] vein sweep: the drop walk to [-145,55,426] failed - sweep drops: timeout after 8000ms
F5 [F5] vein sweep: +5u walked from the drops (13 dug)
F5 [F5] vein sweep: 1 below-plane walk(s) still failed on the wide goal (range 2) - the drop rests deeper than the lip
F5 vein sweep: 13 ores dug beside the gallery (floor lock)
F2 climb out (trip): failed - timeout (traversed 9)
F2 map trip skipped: cannot leave the shaft
F19 [F19] vein sweep: the drop walk to [-112,46,417] failed - sweep drops: timeout after 8000ms
F18 tunnel: 8 blocks (branch mine at the floor, steered, floor lock)
F14 tunnel: 6 blocks (branch mine at the floor, steered, floor lock)
F5 map trip skipped: sand,gravel unreachable
F3 [F3] climb bridge: placed cobblestone at [-129,58,423] (pit) - the step re-judges
F4 [F4] vein sweep: +2u walked from the drops (3 dug)
F4 vein sweep: 3 ores dug beside the gallery (floor lock)
F3 [F3] climb bridge: placed cobblestone at [-129,59,423] (support) - the step re-judges
F19 [F19] vein sweep: +17u walked from the drops (11 dug)
F19 [F19] vein sweep: 1 below-plane walk(s) still failed on the wide goal (range 2) - the drop rests deeper than the lip
F19 [F19] vein sweep: 4 deep drop(s) skipped (dy < -2 - the lip sphere cannot reach, the walk was a guaranteed spiral)
F19 vein sweep: 11 ores dug beside the gallery (floor lock)
F19 [F19] climb bridge: placed cobblestone at [-115,43,413] (support) - the step re-judges
F13 [F13] digShaft: water table y=59 (region strike) - stopping above the aquifer, the tunnel owns this level (regions 1)
F5 [F5] craft torches: skip (no coal: sticks 5 coals 0)
F8 map trip: coal_ore
F15 [F15] craft torches: skip (no coal: sticks 3 coals 0)
F15 [F15] craft torches: skip (no coal: sticks 3 coals 0)
F15 tunnel: steering iron_ore @ 11.4b (axis z--1, cross 3.4441700109049123, floor lock)
F15 tunnel: 0 blocks (branch mine at the floor, steered, floor lock)
F7 recovery brake: 2 consecutive failures - next attempt in 90s
F7 tool recovery: failed (no planks recipe)
F7 [F7] craft torches: skip (no spare sticks: sticks 0 coals 0)
F8 tool recovery: no pickaxe - spare-pick craft first
F8 spare pick: skip (no sticks and no planks for sticks)
F8 tool recovery: spare craft failed (no sticks and no planks for sticks) - re-running the bootstrap
F15 [F15] climb bridge: the server refused the support fill at [-116,43,413] - the rotate ladder owns it (held=cobblestone, 0.8b, ref=stone, post=? (re-read failed))
F15 [F15] climb diag: level at y=43 blocked toward 0,-1 (dug=1)
F4 [F4] climb rise assist: assist did not complete (goto: climb rise assist: timeout after 4500ms)
t-324s alive=19/19 mined=1228 map=647p/11ch banked=0 smelted=0 pocket=1398u/229s | sand=8 gravel=33 dirt=160 stone=0
   deficits: 157926/8 (0.0%) 149380/33 (0.0%) 31860/0 (0.0%) 27420/0 (0.0%) 10725/68 (0.6%)
   F1=108[cobblestone:81 raw_iron:9 birch_log:7] | F2=82[cobblestone:46 diorite:20 dirt:4] | F3=158[cobblestone:52 dirt:38 raw_copper:33] | F4=73[gravel:24 cobblestone:20 oak_log:9] | F5=61[cobblestone:29 dirt:25 torch:8] | F6=52[cobblestone:19 dirt:8 leaf_litter:7] | F7=0[empty] | F8=82[empty] | F9=20[torch:16 dirt:8 stick:5] | F10=26[stick:5 dirt:3 wooden_pickaxe:2] | F11=104[granite:30 diorite:21 cobblestone:16] | F12=65[granite:16 diorite:11 cobblestone:6] | F13=28[oak_planks:10 leaf_litter:9 dirt:7] | F14=32[dirt:21 torch:12 cobblestone:7] | F15=53[cobblestone:38 diorite:7 oak_planks:5] | F16=111[raw_copper:62 cobblestone:48 coal:20] | F17=72[cobblestone:13 dirt:12 granite:11] | F18=30[raw_copper:13 stick:5 oak_planks:5] | F19=71[cobblestone:42 raw_copper:15 dirt:4]
   mem: heap=106M/151M old=-1M ext=122M ab=119M rss=381M cols=1946 ents=3206 evicted=928 path=6a/2q (max 6) stale=0
F4 [F4] climb diag: level at y=43 did not rise (food=20, dug=1) feet=air support=air step=stone head=air
F16 [F16] climb wet escape: 8 blocks walked (budget, walked 2/4)
F5 [F5] water: drowning rescue start (drowning, oxygen 14)
F5 [F5] water: pass 0 head=wet shore=none land=n/a y=52.0 o2=14 probes=0 at=[-140,52,427]
F13 climb out (trip): OK +4 levels (3 steps, 4 dug, 8s)
F13 map trip skipped: sand,gravel unreachable
F3 [F3] climb diag: level at y=65 blocked toward 1,0 (dug=12)
F4 [F4] climb bridge: placed cobblestone at [-110,43,439] (support) - the step re-judges
F15 [F15] climb bridge: placed cobblestone at [-114,43,414] (pit) - the step re-judges
F7 tunnel: 0 blocks (branch mine at the floor, ore detour)
F7 [F7] craft torches: skip (no spare sticks: sticks 0 coals 0)
F5 tunnel: steering coal_ore @ 8.8b (axis x+, cross 0.6562534075903841, ore detour)
F5 tunnel: 0 blocks (branch mine at the floor, steered, ore detour)
F3 [F3] climb bridge: placed cobblestone at [-124,64,424] (support) - the step re-judges
F9 [F9] craft torches: skip (no coal: sticks 5 coals 0)
F5 [F5] craft torches: skip (no coal: sticks 5 coals 0)
F15 [F15] climb bridge: placed cobblestone at [-114,44,414] (support) - the step re-judges
F9 [F9] digShaft: water hazard 1.6b away (live 5) - refusing this column, the caller rotates
F9 [F9] craft torches: skip (no coal: sticks 5 coals 0)
F9 [F9] digShaft: water hazard 1.6b away (live 5) - refusing this column, the caller rotates
F9 tunnel: steering coal_ore @ 5.4b (axis z+, cross 0.5, floor lock)
F12 tool upgrade due: worn (left=6/59) -> stone_pickaxe
F5 [F5] water: pass 7 head=wet shore=none land=n/a y=54.1 o2=18 probes=0 at=[-140,54,427]
F11 [F11] climb wet escape: 4 blocks walked (refused, walked 1/4)
F11 [F11] climb diag: level at y=55 blocked toward 0,1 (dug=44, wet) at [0,1,0] water (stop)
[hb] n=14 ts=281s rss=383M late=68ms mainLate=407ms
F12 [toolupgrade] spare table: crafted
F11 [F11] climb wet escape: oxygen 2 at the floor - the escape yields, the rescue lane owns the air
F11 climb out (trip): failed - low-o2 (traversed 4)
F11 map trip skipped: cannot leave the shaft
F16 [F16] climb diag: level at y=46 blocked toward 0,-1 (dug=28, wet) at [0,2,0] water (stop)
F11 tool upgrade due: cobble available -> stone_pickaxe
F4 [F4] climb bridge: placed cobblestone at [-111,43,439] (pit) - the step re-judges
F11 [F11] water: drowning rescue start (drowning, oxygen 2)
F11 [F11] water: pass 0 head=wet shore=none land=n/a y=55.0 o2=2 probes=0 at=[-163,55,404]
F13 [F13] craft torches: skip (no coal: sticks 3 coals 0)
F16 [F16] climb diag: level at y=46 blocked toward 1,0 (dug=28, wet) at [0,2,0] water (stop)
F5 tunnel: steering coal_ore @ 9.9b (axis x+, cross 1.1465282424061343, ore detour)
F3 [F3] climb rise assist: repositioned to -124,64,430 - the loop re-judges
F4 [F4] climb bridge: placed cobblestone at [-111,44,439] (support) - the step re-judges
F7 tunnel: 0 blocks (branch mine at the floor, floor lock)
F13 [F13] digShaft: water strike at y=55 -> water table (regions 1); fluid below (-139, 57, 427) - moving sideways
F16 [F16] climb diag: level at y=46 blocked toward 0,1 (dug=28, wet) at [0,2,0] water (stop)
F7 [F7] craft torches: skip (no spare sticks: sticks 0 coals 0)
F9 tunnel: 1 blocks (branch mine at the floor, steered, floor lock)
F5 [F5] water: rescue complete in 4.6s
F5 [F5] water: hazard memorized at [-140,55,426] (6 live, fleet-wide)
F3 [F3] climb bridge: placed cobblestone at [-124,64,431] (support) - the step re-judges
F11 [F11] water: pass 7 head=wet shore=none land=n/a y=59.1 o2=0 probes=0 at=[-163,59,404]
F16 climb out (bank): failed - stalled (traversed 12)
F16 climb out (bank): retry (escalated retry after stalled, fenced to 90s of the 132s the chain has left)
F14 [F14] climb bridge: unavailable (no solid floor underfoot)
F14 [F14] climb diag: level at y=65 blocked toward 0,-1 (dug=13)
F16 [F16] climb diag: level at y=46 blocked toward 0,-1 (dug=0, wet) at [0,2,0] water (stop)
F6 climb out (trip): OK +8 levels (9 steps, 21 dug, 41s)
F2 [F2] craft torches: 1 batch(es) -> 4 torches (sticks 3 coals 3, the metal reserve keeps 1)
F14 [F14] climb bridge: placed cobblestone at [-128,64,414] (support) - the step re-judges
F16 [F16] climb diag: level at y=46 blocked toward 1,0 (dug=0, wet) at [0,2,0] water (stop)
F3 [F3] climb rise assist: repositioned to -124,64,435 - the loop re-judges
F5 tunnel: 1 blocks (branch mine at the floor, steered, ore detour)
F5 bank trip: planned budget 162s
F11 [F11] water: pass 11 head=dry shore=hit r=2 land=none y=62.7 o2=9 probes=0 at=[-163,63,404]
F14 [F14] climb diag: level at y=66 blocked toward 1,0 (dug=13)
F3 [F3] climb bridge: placed cobblestone at [-124,64,436] (support) - the step re-judges
F16 [F16] climb diag: level at y=46 blocked toward 0,1 (dug=0, wet) at [0,2,0] water (stop)
F16 [F16] climb wet escape: oxygen 6 at the floor - the escape yields, the rescue lane owns the air
F16 climb out (bank): retry failed - low-o2
F16 [F16] climb wet escape: oxygen 6 at the floor - the escape yields, the rescue lane owns the air
F16 climb out (trip): failed - low-o2
F16 map trip skipped: cannot leave the shaft
F16 [F16] water: drowning rescue start (drowning, oxygen 6)
F16 [F16] water: pass 0 head=wet shore=none land=n/a y=46.0 o2=6 probes=0 at=[-132,46,404]
F14 [F14] climb diag: level at y=65 blocked toward 0,1 (dug=14)
F12 [toolupgrade] stone_pickaxe: crafted (worn (left=6/59))
F12 tool upgrade: OK -> stone_pickaxe (worn (left=6/59))
F12 [F12] craft torches: skip (no coal: sticks 3 coals 0)
F12 tunnel: steering copper_ore @ 5.6b (axis z+, cross 1.6999999999999886, ore detour)
F11 [F11] water: pass 13 head=dry shore=hit r=1 land=none y=62.0 o2=20 probes=0 at=[-163,62,406]
F3 [F3] climb diag: level at y=66 blocked toward 0,1 (dug=12)
F16 [F16] craft torches: stick-dry with logs held - one plank conversion first
F3 [F3] climb diag: level at y=65 blocked toward -1,0 (dug=12)
F5 [F5] climb bridge: placed cobblestone at [-140,56,428] (support) - the step re-judges
F13 [F13] water: drowning rescue start (drowning, oxygen 12)
F13 [F13] water: pass 0 head=wet shore=none land=n/a y=50.0 o2=12 probes=0 at=[-134,50,426]
F2 [F2] digShaft: water strike at y=44 -> water table (regions 1); fluid below (-135, 45, 402) - moving sideways
F11 [F11] water: pass 15 head=dry shore=hit r=2 land=none y=64.2 o2=20 probes=0 at=[-162,64,407]
F13 tunnel: steering coal_ore @ 2.3b (axis z--1, cross 1.3268804612215774, ore detour)
F16 [F16] craft torches: stick-dry but 9 planks held - one stick batch first
t-308s alive=19/19 mined=1314 map=653p/11ch banked=0 smelted=0 pocket=1495u/237s | sand=8 gravel=33 dirt=170 stone=0
   deficits: 157926/8 (0.0%) 149380/33 (0.0%) 31860/0 (0.0%) 27420/0 (0.0%) 10725/78 (0.7%)
   F1=114[cobblestone:86 raw_iron:9 birch_log:7] | F2=86[cobblestone:50 diorite:20 torch:4] | F3=160[cobblestone:49 dirt:39 raw_copper:33] | F4=85[cobblestone:26 gravel:24 oak_log:9] | F5=66[cobblestone:33 dirt:26 torch:8] | F6=62[cobblestone:34 dirt:8 diorite:7] | F7=0[empty] | F8=84[oak_log:2 oak_sapling:1] | F9=21[torch:16 dirt:7 stick:5] | F10=26[stick:5 dirt:3 wooden_pickaxe:2] | F11=104[granite:30 diorite:21 cobblestone:16] | F12=67[granite:16 diorite:11 cobblestone:5] | F13=29[oak_planks:10 leaf_litter:10 dirt:8] | F14=36[dirt:27 torch:12 raw_copper:7] | F15=66[cobblestone:49 diorite:7 oak_planks:5] | F16=114[raw_copper:62 cobblestone:52 coal:20] | F17=78[cobblestone:16 granite:16 dirt:12] | F18=30[raw_copper:13 stick:5 oak_planks:5] | F19=86[cobblestone:48 raw_copper:15 andesite:10]
   mem: heap=110M/152M old=-1M ext=122M ab=119M rss=380M cols=1954 ents=3011 evicted=977 path=4a/0q (max 6) stale=0
F16 [F16] craft torches: 4 batch(es) -> 16 torches (sticks 2 coals 20, the metal reserve keeps 8)
F6 map trip skipped: sand,gravel unreachable
F1 [F1] climb wet escape: 4 blocks walked (budget, walked 1/4)
F13 [F13] water: pass 3 head=wet shore=none land=n/a y=51.3 o2=9 probes=0 at=[-134,51,426]
F6 [F6] craft torches: skip (no coal: sticks 4 coals 0)
F16 [F16] water: pass 5 head=dry shore=hit r=1 land=none y=47.1 o2=20 probes=0 at=[-132,47,403]
F7 tunnel: 0 blocks (branch mine at the floor, ore detour)
F7 tunnel: 0 blocks x3 - sealed or flooded, cooling down 15s
F11 [F11] water: pass 17 head=dry shore=hit r=1 land=none y=63.4 o2=20 probes=0 at=[-161,63,408]
F1 [F1] climb bridge: unavailable (no solid floor underfoot)
F1 [F1] climb diag: level at y=44 blocked toward 0,1 (dug=26)
F2 [F2] digShaft: water strike at y=45 -> water table (regions 1); fluid below (-133, 46, 402) - moving sideways
F13 [F13] water: pass 7 head=dry shore=hit r=1 land=none y=54.1 o2=9 probes=0 at=[-134,54,426]
F16 [F16] water: deep-pocket ascend - dug the ceiling stone at [-132,49,403] (jump stalled 4+ passes, o2 20)
F2 bank trip: planned budget 163s
F2 climb out (bank): the yard stands 25 levels up over 12b lateral - the climb raises its target to the yard's level
F16 [F16] water: rescue complete in 6.7s
F16 [F16] water: hazard memorized at [-132,47,403] (7 live, fleet-wide)
F12 tunnel: 2 blocks (branch mine at the floor, steered, ore detour)
F12 [F12] craft torches: skip (no coal: sticks 3 coals 0)
F12 tunnel: steering copper_ore @ 5.7b (axis z+, cross 1.6999999999999886, floor lock)
F13 [F13] water: rescue complete in 5.1s
F13 [F13] water: hazard memorized at [-135,53,425] (8 live, fleet-wide)
F18 [F18] craft torches: skip (no coal: sticks 5 coals 0)
F18 [F18] digShaft: water hazard 1.4b away (live 8) - refusing this column, the caller rotates
F18 tunnel: steering coal_ore @ 8.2b (axis x+, cross 0.5387981177424308, ore detour)
F11 [F11] water: pass 21 head=dry shore=hit r=1 land=none y=62.3 o2=20 probes=0 at=[-164,62,408]
F6 tunnel: steering coal_ore @ 13.3b (axis x--1, cross 3.560330414549071, ore detour)
F16 [F16] digShaft: water hazard 0.6b away (live 8) - refusing this column, the caller rotates
F16 tunnel: steering coal_ore @ 3.9b (axis z+, cross 1.6999999999999886, ore detour)
F2 [F2] climb bridge: unavailable (no solid floor underfoot)
F2 [F2] climb diag: level at y=48 blocked toward 1,0 (dug=2)
F16 tunnel: 0 blocks (branch mine at the floor, steered, ore detour)
F4 [F4] climb diag: level at y=44 blocked toward -1,0 (dug=16)
F12 tunnel: 0 blocks (branch mine at the floor, steered, floor lock)
F12 [F12] craft torches: skip (no coal: sticks 3 coals 0)
F12 tunnel: steering copper_ore @ 6b (axis z+, cross 2.6999999999999886, ore detour)
F1 [F1] climb bridge: placed cobblestone at [-149,45,415] (support) - the step re-judges
F2 [F2] climb diag: level at y=47 did not rise (food=20, dug=2) feet=air support=cobblestone step=air head=air
F12 tunnel: 0 blocks (branch mine at the floor, steered, ore detour)
F12 [F12] craft torches: skip (no coal: sticks 3 coals 0)
F12 tunnel: steering copper_ore @ 6b (axis z+, cross 2.6999999999999886, floor lock)
F1 [F1] climb diag: level at y=47 blocked toward -1,0 (dug=33)
F11 [F11] water: pass 30 head=dry shore=hit r=1 land=none y=64.1 o2=20 probes=0 at=[-157,64,413]
F13 tunnel: 4 blocks (branch mine at the floor, steered, ore detour)
[hb] n=15 ts=301s rss=378M late=75ms mainLate=400ms
F1 [F1] climb bridge: placed cobblestone at [-150,45,414] (pit) - the step re-judges
F12 tunnel: 0 blocks (branch mine at the floor, steered, floor lock)
F12 tunnel: 0 blocks x3 - sealed or flooded, cooling down 15s
F1 [F1] climb bridge: placed cobblestone at [-150,46,414] (support) - the step re-judges
F11 [F11] water: pass 33 head=dry shore=hit r=2 land=none y=65.3 o2=20 probes=0 at=[-160,65,411]
F16 [F16] vein sweep: 8 drop(s) in reach (7 dug)
F11 [F11] water: rescue complete in 22.2s
F11 [F11] water: hazard memorized at [-165,62,407] (9 live, fleet-wide)
F6 tunnel: 12 blocks (branch mine at the floor, steered, ore detour)
F6 bank trip: planned budget 183s
F14 climb out (trip): failed - stalled
F14 map trip skipped: cannot leave the shaft
F5 climb out (bank): OK +9 levels (8 steps, 17 dug, 19s)
F5 bank: smelt hold skipped - no fuel in pocket (coal 0)
F14 [F14] craft torches: 1 batch(es) -> 4 torches (sticks 4 coals 2, the metal reserve keeps 1)
t-293s alive=19/19 mined=1470 map=665p/11ch banked=0 smelted=0 pocket=1665u/246s | sand=8 gravel=47 dirt=189 stone=0
   deficits: 157926/8 (0.0%) 149380/47 (0.0%) 31860/0 (0.0%) 27420/0 (0.0%) 10725/97 (0.9%)
   F1=130[cobblestone:100 raw_iron:9 birch_log:7] | F2=98[cobblestone:56 diorite:27 torch:4] | F3=160[cobblestone:49 dirt:39 raw_copper:33] | F4=94[gravel:27 cobblestone:26 oak_log:9] | F5=80[dirt:40 cobblestone:34 leaf_litter:11] | F6=84[cobblestone:35 gravel:11 diorite:8] | F7=0[empty] | F8=88[birch_log:4 oak_log:2 oak_sapling:1] | F9=21[torch:16 dirt:7 stick:5] | F10=26[stick:5 dirt:3 wooden_pickaxe:2] | F11=104[granite:30 diorite:21 cobblestone:16] | F12=67[granite:16 diorite:11 cobblestone:5] | F13=37[oak_planks:10 leaf_litter:10 dirt:8] | F14=39[dirt:27 torch:12 raw_copper:7] | F15=86[cobblestone:58 andesite:10 diorite:7] | F16=121[raw_copper:70 cobblestone:55 torch:20] | F17=93[cobblestone:26 dirt:17 granite:16] | F18=39[raw_copper:13 cobblestone:9 stick:5] | F19=103[cobblestone:58 raw_copper:15 andesite:11]
   mem: heap=114M/151M old=-1M ext=120M ab=118M rss=381M cols=1926 ents=3378 evicted=1034 path=2a/0q (max 6) stale=0
F13 [F13] vein sweep: 8 drop(s) in reach (5 dug)
F7 tool recovery: no pickaxe - spare-pick craft first
F7 spare pick: skip (no sticks and no planks for sticks)
F7 tool recovery: spare craft failed (no sticks and no planks for sticks) - re-running the bootstrap
F16 [F16] vein sweep: +16u walked from the drops (7 dug)
F16 [F16] vein sweep: 3 deep drop(s) skipped (dy < -2 - the lip sphere cannot reach, the walk was a guaranteed spiral)
F16 vein sweep: 7 ores dug beside the gallery (ore detour)
F16 bank trip: pockets full budget 157s
F16 climb out (bank): the yard stands 21 levels up over 7b lateral - the climb raises its target to the yard's level
F18 [F18] torch: the placement did not land (dry) x1 - the streak names itself once, a landing re-arms it
F18 tunnel: 13 blocks (branch mine at the floor, steered, ore detour)
F5 [F5] water: drowning rescue start (drowning, oxygen 14)
F5 [F5] water: pass 0 head=wet shore=none land=n/a y=52.4 o2=14 probes=0 at=[-140,52,426]
F9 [F9] water: drowning rescue start (drowning, oxygen 14)
F9 [F9] water: pass 0 head=wet shore=none land=n/a y=61.0 o2=14 probes=0 at=[-127,61,385]
F17 climb out (trip): OK +20 levels (20 steps, 56 dug, 87s)
F5 [F5] water: pass 3 head=dry shore=hit r=1 land=none y=55.1 o2=12 probes=0 at=[-140,55,426]
F18 [F18] vein sweep: 1 drop(s) in reach (1 dug)
F18 [F18] vein sweep: the drop walks picked nothing (pocket delta 0, 0 failed walk(s))
F18 [F18] vein sweep: 1 deep drop(s) skipped (dy < -2 - the lip sphere cannot reach, the walk was a guaranteed spiral)
F18 vein sweep: 1 ores dug beside the gallery (ore detour)
F18 tool upgrade due: cobble available -> stone_pickaxe
F5 [F5] raw hop failed: raw walk: no net progress for 8522ms (best d=18.8) - pathfinder retry
F14 [F14] digShaft: water strike at y=53 -> water table (regions 2); fluid below (-127, 54, 408) - moving sideways
F13 [F13] vein sweep: the drop walk to [-140,51,426] failed - sweep drops: timeout after 8000ms
F13 [F13] vein sweep: the drop walks picked nothing (pocket delta 0, 1 failed walk(s))
F13 [F13] vein sweep: 1 below-plane walk(s) still failed on the wide goal (range 2) - the drop rests deeper than the lip
F13 [F13] vein sweep: 7 deep drop(s) skipped (dy < -2 - the lip sphere cannot reach, the walk was a guaranteed spiral)
F13 vein sweep: 5 ores dug beside the gallery (ore detour)
F17 map trip skipped: sand,gravel unreachable
F9 [F9] water: pass 3 head=wet shore=none land=n/a y=61.9 o2=20 probes=0 at=[-127,62,383]
F6 climb out (bank): OK +6 levels (5 steps, 14 dug, 15s)
F6 bank: smelt hold skipped - no fuel in pocket (coal 0)
F12 [F12] climb bridge: placed cobblestone at [-146,43,400] (support) - the step re-judges
F5 [F5] water: pass 5 head=wet shore=none land=n/a y=52.8 o2=19 probes=0 at=[-140,53,427]
F14 tool upgrade due: cobble available -> stone_pickaxe
F5 [F5] water: rescue complete in 4.8s
F5 [F5] water: hazard memorized at [-140,55,426] (10 live, fleet-wide)
F9 [F9] water: rescue complete in 3.9s
F9 [F9] water: hazard memorized at [-127,62,384] (11 live, fleet-wide)
F12 [F12] climb diag: level at y=44 blocked toward -1,0 (dug=4)
F18 [toolupgrade] [upgrade] upgraded: stone_pickaxe,wooden_shovel,wooden_pickaxe,wooden_pickaxe
F18 tool upgrade: OK -> stone_pickaxe (stone_pickaxe,wooden_shovel,wooden_pickaxe,wooden_pickaxe)
F18 [F18] craft torches: skip (no coal: sticks 3 coals 0)
F18 [F18] digShaft: water hazard 9.8b away (live 11) - refusing this column, the caller rotates
F18 tunnel: steering coal_ore @ 7.1b (axis x--1, cross 0.4995111748649492, floor lock)
[hb] n=16 ts=321s rss=381M late=80ms mainLate=866ms
F10 [F10] climb diag: level at y=60 blocked toward -1,0 (dug=0, wet) at [0,1,0] water (stop)
F5 [F5] raw hop failed: raw walk stalled after 2006ms (d=19.6) - pathfinder retry
t-278s alive=19/19 mined=1596 map=713p/11ch banked=0 smelted=0 pocket=1812u/251s | sand=8 gravel=57 dirt=206 stone=0
   deficits: 157926/8 (0.0%) 149380/57 (0.0%) 31860/0 (0.0%) 27420/0 (0.0%) 10725/102 (1.0%)
   F1=145[cobblestone:115 raw_iron:9 birch_log:7] | F2=114[cobblestone:56 diorite:43 torch:4] | F3=160[cobblestone:49 dirt:39 raw_copper:33] | F4=100[gravel:34 cobblestone:26 diorite:13] | F5=80[dirt:40 cobblestone:35 leaf_litter:11] | F6=93[cobblestone:35 gravel:14 andesite:13] | F7=2[oak_log:5] | F8=92[birch_log:4 oak_log:2 oak_sapling:2] | F9=21[torch:16 dirt:7 stick:5] | F10=26[stick:5 dirt:3 wooden_pickaxe:2] | F11=104[granite:30 diorite:21 cobblestone:16] | F12=73[granite:20 diorite:11 cobblestone:4] | F13=38[oak_planks:10 leaf_litter:10 dirt:8] | F14=48[dirt:31 torch:15 stick:7] | F15=101[cobblestone:71 andesite:10 diorite:7] | F16=132[raw_copper:81 cobblestone:67 torch:20] | F17=102[dirt:27 cobblestone:26 granite:16] | F18=46[raw_copper:13 cobblestone:11 dirt:5] | F19=119[cobblestone:72 raw_copper:15 andesite:11]
   mem: heap=117M/152M old=-1M ext=122M ab=120M rss=381M cols=1937 ents=3250 evicted=1088 path=5a/0q (max 6) stale=0
F14 [toolupgrade] [upgrade] upgraded: stone_pickaxe,wooden_shovel,wooden_pickaxe,wooden_pickaxe
F14 tool upgrade: OK -> stone_pickaxe (stone_pickaxe,wooden_shovel,wooden_pickaxe,wooden_pickaxe)
F14 [F14] craft torches: the metal fuel reserve holds all 1 coal for the furnace (7 raw metal held)
F14 [F14] digShaft: water strike at y=53 -> water table (regions 2); fluid below (-127, 54, 408) - moving sideways
F14 [F14] craft torches: the metal fuel reserve holds all 1 coal for the furnace (7 raw metal held)
F14 [F14] digShaft: water strike at y=53 -> water table (regions 2); fluid below (-127, 54, 408) - moving sideways
F14 tunnel: steering coal_ore @ 4.7b (axis x+, cross 1.5, floor lock)
F17 tool upgrade due: cobble available -> stone_pickaxe
F13 [F13] water: drowning rescue start (drowning, oxygen 12)
F13 [F13] water: pass 0 head=wet shore=none land=n/a y=51.0 o2=12 probes=0 at=[-135,51,425]
F13 tool upgrade due: cobble available -> stone_pickaxe
F14 tunnel: 2 blocks (branch mine at the floor, steered, floor lock)
F17 [toolupgrade] [upgrade] upgraded: stone_pickaxe,wooden_pickaxe,wooden_shovel,wooden_pickaxe
F17 tool upgrade: OK -> stone_pickaxe (stone_pickaxe,wooden_pickaxe,wooden_shovel,wooden_pickaxe)
F17 [F17] craft torches: 1 batch(es) -> 4 torches (sticks 3 coals 7, the metal reserve keeps 1)
F13 [F13] water: pass 7 head=dry shore=hit r=1 land=none y=53.0 o2=17 probes=0 at=[-133,53,425]
F13 [F13] water: rescue complete in 2.6s
F13 [F13] water: hazard memorized at [-135,54,425] (10 live, fleet-wide)
F17 [F17] digShaft: water table y=57 (region strike) - stopping above the aquifer, the tunnel owns this level (regions 2)
F17 bank trip: planned budget 160s
F6 [F6] approach: the stall side-step (right) moved the start (d now 32.9)
F18 tunnel: 10 blocks (branch mine at the floor, steered, floor lock)
F13 [toolupgrade] [upgrade] upgraded: stone_pickaxe,wooden_pickaxe,wooden_shovel,wooden_pickaxe
F13 tool upgrade: OK -> stone_pickaxe (stone_pickaxe,wooden_pickaxe,wooden_shovel,wooden_pickaxe)
F13 [F13] craft torches: skip (no coal: sticks 5 coals 0)
F13 [F13] digShaft: water hazard 1.8b away (live 10) - refusing this column, the caller rotates
F13 tunnel: steering coal_ore @ 3.3b (axis x+, cross 0.5224405460672301, ore detour)
F18 [F18] climb bridge: placed cobblestone at [-134,55,426] (support) - the step re-judges
F14 [F14] water: drowning rescue start (drowning, oxygen 12)
F14 [F14] water: pass 0 head=wet shore=none land=n/a y=49.8 o2=12 probes=0 at=[-125,50,409]
F19 [F19] climb bridge: placed cobblestone at [-90,68,413] (support) - the step re-judges
F10 [F10] climb diag: level at y=60 blocked toward 0,1 (dug=0, wet) at [0,1,0] water (stop)
F14 [F14] water: pass 7 head=wet shore=none land=n/a y=53.7 o2=15 probes=0 at=[-126,54,409]
F17 climb out (bank): OK +4 levels (3 steps, 8 dug, 6s)
F17 bank: holding 45s of 160s for the smelt leg
F9 map trip: sand
F13 [F13] died - respawning (cause: server: fell from a high place [kind=fall] | inferred: creeper@8.5 (0s before death at [-130,29,425]) [the inference CONTRADICTS the server verdict - the nearest harm was not the killer (the server kind stays the authority)])
F13 [F13] water: death spot memorized as a hazard at [-130,29,425] (11 live, fleet-wide)
F5 [F5] direct deposit: 27 chest slots derived from the 63-slot view
F5 [F5] banked 52 items at (-141, 72, 416) (direct=3 fallback=0 mirror=true kept: oak_log, crafting_table, stick, oak_planks)
F5 camp furnace: 11 near machine(s) all beyond the 24b direct envelope (nearest d=27.6) - the bay reads as empty, the camp ladder decides on its own merits
F5 camp furnace: place-table (table item held - place it first)
F19 [F19] climb rise assist: repositioned to -88,68,413 - the loop re-judges
F14 [F14] water: pass 12 head=dry shore=hit r=2 land=none y=55.8 o2=20 probes=0 at=[-126,56,409]
t-263s alive=19/19 mined=1749 map=713p/11ch banked=0 smelted=0 pocket=1853u/242s | sand=8 gravel=57 dirt=214 stone=0
   deficits: 157926/8 (0.0%) 149380/57 (0.0%) 31860/0 (0.0%) 27420/0 (0.0%) 10725/109 (1.0%)
   F1=159[cobblestone:125 dirt:9 raw_iron:9] | F2=130[cobblestone:58 diorite:44 dirt:14] | F3=160[cobblestone:48 dirt:39 raw_copper:33] | F4=118[cobblestone:37 gravel:34 diorite:19] | F5=80[cobblestone:35 torch:8 stick:5] | F6=93[cobblestone:35 andesite:15 gravel:14] | F7=6[oak_log:5 dirt:1] | F8=96[birch_log:4 oak_log:2 oak_sapling:1] | F9=21[torch:16 dirt:7 stick:5] | F10=26[stick:5 dirt:3 wooden_pickaxe:2] | F11=104[granite:30 diorite:21 cobblestone:16] | F12=91[granite:27 diorite:11 cobblestone:10] | F13=44[empty] | F14=52[dirt:31 torch:15 raw_copper:7] | F15=120[cobblestone:79 dirt:15 andesite:10] | F16=146[raw_copper:81 cobblestone:76 torch:20] | F17=113[dirt:40 cobblestone:23 leaf_litter:17] | F18=56[cobblestone:17 raw_copper:13 dirt:5] | F19=134[cobblestone:72 dirt:18 raw_copper:15]
   mem: heap=115M/154M old=-1M ext=122M ab=120M rss=382M cols=1961 ents=3433 evicted=1129 path=4a/0q (max 6) stale=0
F9 [F9] craft torches: skip (no coal: sticks 5 coals 0)
F19 [F19] climb bridge: placed cobblestone at [-87,68,413] (support) - the step re-judges
F14 [F14] water: rescue complete in 6.3s
F14 [F14] water: hazard memorized at [-126,54,408] (12 live, fleet-wide)
F9 [F9] digShaft: water table y=59 (region strike) - stopping above the aquifer, the tunnel owns this level (regions 2)
F9 tunnel: steering coal_ore @ 13.7b (axis x+, cross 1.3000000000000114, ore detour)
F2 [F2] climb bridge: unavailable (no solid floor underfoot)
F2 [F2] climb diag: level at y=64 blocked toward -1,0 (dug=44)
[hb] n=17 ts=341s rss=383M late=85ms mainLate=930ms
F3 climb out (bank): failed - stalled
F3 climb out (bank): retry (escalated retry after stalled, fenced to 79s of the 79s the chain has left)
F10 [F10] climb diag: level at y=60 blocked toward -1,0 (dug=0, wet) at [0,1,0] water (stop)
F17 [F17] raw hop failed: raw walk: no net progress for 8172ms (best d=10.3) - pathfinder retry
F3 [F3] climb bridge: placed cobblestone at [-124,64,437] (pit) - the step re-judges
F5 camp furnace: BUILT (furnace at -140,70,418) in 7s
[F5] furnace within reach - opening without a walk
[F5] fuel clips the batch: 3 x stick completes 1 of 19 x cobblestone (the rest re-smelts on the next chain)
[F5] the clock clips the batch: the 82s window completes ~7 of 19 x cobblestone (the rest re-smelts on the next chain)
F3 [F3] climb bridge: placed cobblestone at [-124,65,437] (support) - the step re-judges
[F5] furnace slots after put: input=cobblestone fuel=stick
[F5] smelting 1 x cobblestone in a furnace (fuel: 3 x stick)
F3 [F3] climb diag: level at y=67 blocked toward 1,0 (dug=0)
F3 [F3] climb diag: level at y=67 blocked toward 0,1 (dug=0)
F3 [F3] climb diag: level at y=67 blocked toward -1,0 (dug=0)
F9 [F9] water: drowning rescue start (drowning, oxygen 14)
F9 [F9] water: pass 0 head=wet shore=none land=n/a y=61.0 o2=14 probes=0 at=[-137,61,394]
F3 climb out (bank): retry failed - stalled
F3 [F3] craft torches: skip (no coal: sticks 7 coals 0)
F19 climb out (trip): OK +29 levels (27 steps, 80 dug, 79s)
F14 [F14] vein sweep: 4 drop(s) in reach (4 dug)
F11 tool upgrade: failed -> none (no table placement)
F11 spare pick due: spare (cobble available)
F9 [F9] water: pass 4 head=dry shore=hit r=1 land=none y=62.2 o2=20 probes=0 at=[-138,62,394]
F7 [F7] water: drowning rescue start (drowning, oxygen 15)
F7 [F7] water: pass 0 head=wet shore=none land=n/a y=53.0 o2=15 probes=0 at=[-138,53,428]
F1 [F1] climb bridge: placed cobblestone at [-150,62,397] (pit) - the step re-judges
F1 [F1] climb bridge: placed cobblestone at [-150,63,397] (support) - the step re-judges
F1 climb out (bank): failed - timeout (traversed 4)
F1 climb out (bank): retry (escalated retry after timeout, fenced to 74s of the 74s the chain has left)
F1 [F1] climb bridge: unavailable (no solid floor underfoot)
F1 [F1] climb diag: level at y=65 blocked toward 1,0 (dug=0)
F11 spare pick: OK (stone_pickaxe, holds 2)
F11 sword due: cobble available
F4 [F4] climb diag: level at y=60 blocked toward 0,-1 (dug=58)
F9 [F9] water: pass 8 head=dry shore=hit r=1 land=none y=63.1 o2=20 probes=0 at=[-138,63,394]
F7 [F7] water: pass 4 head=wet shore=none land=n/a y=54.9 o2=19 probes=0 at=[-139,55,428]
F11 sword: OK (stone_sword, holds 1)
F11 sword: OK (stone_sword)
F11 [F11] craft torches: stick-dry but 5 planks held - one stick batch first
F11 [F11] craft torches: skip (no coal: sticks 6 coals 0)
F7 [F7] water: rescue complete in 2.9s
F7 [F7] water: hazard memorized at [-139,55,427] (11 live, fleet-wide)
F11 [F11] digShaft: water table y=59 (region strike) - stopping above the aquifer, the tunnel owns this level (regions 2)
F11 bank trip: planned budget 158s
F17 [F17] direct deposit: 27 chest slots derived from the 63-slot view
F17 camp furnace: 11 near machine(s) beyond the 24b direct envelope (nearest d=20.5) - 1 inside the envelope keep the veto
F17 camp furnace: no build (machine near)
F9 [F9] water: pass 12 head=dry shore=hit r=1 land=none y=63.5 o2=20 probes=0 at=[-136,64,394]
F1 [F1] climb bridge: unavailable (no solid floor underfoot)
F1 [F1] climb diag: level at y=63 blocked toward 0,1 (dug=0)
F12 [F12] climb wet escape: 2 blocks walked (stalled, walked 1/4)
F12 [F12] climb diag: level at y=53 blocked toward -1,0 (dug=40, wet) at [0,2,-1] water (stop)
F18 [F18] climb wet escape: 8 blocks walked (budget, walked 1/4)
F1 [F1] climb bridge: placed cobblestone at [-152,62,396] (support) - the step re-judges
t-248s alive=19/19 mined=1852 map=718p/11ch banked=0 smelted=0 pocket=1861u/252s | sand=15 gravel=57 dirt=216 stone=0
   deficits: 157926/15 (0.0%) 149380/57 (0.0%) 31860/0 (0.0%) 27420/0 (0.0%) 10725/100 (0.9%)
   F1=168[cobblestone:122 dirt:17 raw_iron:9] | F2=130[cobblestone:56 diorite:44 dirt:14] | F3=164[cobblestone:45 dirt:39 raw_copper:33] | F4=136[cobblestone:46 gravel:34 diorite:19] | F5=80[cobblestone:27 torch:8 stick:5] | F6=93[cobblestone:35 andesite:15 gravel:14] | F7=6[oak_log:5 dirt:1 crafting_table:1] | F8=96[oak_planks:8 birch_planks:3 stick:2] | F9=26[torch:16 dirt:7 stick:5] | F10=26[stick:5 dirt:3 wooden_pickaxe:2] | F11=109[granite:30 diorite:21 andesite:15] | F12=107[granite:27 cobblestone:17 diorite:11] | F13=44[empty] | F14=54[dirt:31 torch:15 cobblestone:7] | F15=125[cobblestone:79 dirt:17 andesite:10] | F16=164[raw_copper:81 cobblestone:77 dirt:23] | F17=113[cobblestone:23 raw_copper:7 coal:6] | F18=71[cobblestone:31 raw_copper:13 dirt:5] | F19=140[cobblestone:71 dirt:18 raw_copper:15]
   mem: heap=109M/154M old=-1M ext=121M ab=118M rss=382M cols=1938 ents=3436 evicted=1184 path=5a/0q (max 6) stale=0
F8 [F8] craft torches: stick-dry but 10 planks held - one stick batch first
F8 [F8] craft torches: skip (no coal: sticks 4 coals 0)
F8 tool recovery: OK (wooden_pickaxe)
F8 spare pick due: spare (planks available)
F12 [F12] climb wet escape: 2 blocks walked (budget, walked 2/4)
F14 [F14] vein sweep: the drop walk to [-127,55,411] failed - sweep drops: timeout after 8000ms
F13 tunnel: 6 blocks (branch mine at the floor, steered, ore detour)
F13 [F13] craft torches: skip (no spare sticks: sticks 0 coals 0)
F9 [F9] water: pass 16 head=dry shore=hit r=12 land=none y=61.4 o2=20 probes=0 at=[-135,61,393]
F8 spare pick: OK (wooden_pickaxe, holds 2)
F8 sword due: planks available
[F5] took 1 x stone (1/1)
F12 [F12] climb wet escape: 2 blocks walked (budget, walked 3/4)
F4 climb out (trip): failed - timeout
F4 map trip skipped: cannot leave the shaft
F9 [F9] water: pass 20 head=dry shore=hit r=1 land=none y=62.0 o2=20 probes=0 at=[-135,62,394]
F8 sword: OK (wooden_sword, holds 1)
F8 sword: OK (wooden_sword)
F8 [F8] craft torches: stick-dry with logs held - one plank conversion first
F1 [F1] climb diag: level at y=62 did not rise (food=20, dug=0) feet=water support=cobblestone step=air head=air
F10 climb out (trip): failed - stalled
F10 map trip skipped: cannot leave the shaft
F11 climb out (bank): OK +4 levels (3 steps, 2 dug, 6s)
F11 bank: smelt hold skipped - no fuel in pocket (coal 0)
F8 [F8] craft torches: stick-dry but 7 planks held - one stick batch first
F8 [F8] craft torches: skip (no coal: sticks 5 coals 0)
F12 [F12] climb wet escape: 2 blocks walked (budget, walked 4/4)
F15 climb out (trip): OK +29 levels (29 steps, 80 dug, 84s)
F15 map trip skipped: sand,gravel unreachable
F1 climb out (bank): retry failed - stalled
F8 [F8] digShaft: water table y=59 (region strike) - stopping above the aquifer, the tunnel owns this level (regions 2)
F1 [F1] climb diag: level at y=60 blocked toward 0,1 (dug=0, wet) at [0,2,0] water (stop)
F16 [F16] climb wet escape: 12 blocks walked (budget, walked 1/4)
F9 [F9] water: pass 23 head=dry shore=hit r=1 land=none y=62.6 o2=20 probes=0 at=[-136,63,394]
F12 [F12] climb wet escape: 2 blocks walked (budget, walked 5/4)
F1 [F1] climb diag: level at y=60 blocked toward -1,0 (dug=0, wet) at [0,2,0] water (stop)
F1 [F1] climb diag: level at y=60 blocked toward 0,-1 (dug=0, wet) at [0,2,0] water (stop)
F4 [F4] craft torches: skip (no coal: sticks 3 coals 0)
F9 [F9] water: rescue complete in 15.5s
F9 [F9] water: hazard memorized at [-137,62,393] (12 live, fleet-wide)
F12 [F12] climb wet escape: 2 blocks walked (budget, walked 6/4)
[hb] n=18 ts=361s rss=379M late=90ms mainLate=637ms
F6 [F6] approach: the stall side-step (left) stalled too
F6 [F6] approach: 6 segment(s) walked in 42.4s, goal now d=32.4 (still outside - a segment stalled (no position delta))
F14 [F14] vein sweep: the drop walk to [-121,54,408] failed - sweep drops: timeout after 8000ms
F14 [F14] vein sweep: +7u walked from the drops (4 dug)
F14 [F14] vein sweep: 1 below-plane walk(s) still failed on the wide goal (range 2) - the drop rests deeper than the lip
F14 [F14] vein sweep: 2 deep drop(s) skipped (dy < -2 - the lip sphere cannot reach, the walk was a guaranteed spiral)
F14 vein sweep: 4 ores dug beside the gallery (floor lock)
F4 [F4] digShaft: water table y=57 (region strike) - stopping above the aquifer, the tunnel owns this level (regions 2)
F4 tunnel: steering coal_ore @ 10.1b (axis z+, cross 3.3079793596304086, ore detour)
F12 [F12] climb wet escape: 2 blocks walked (budget, walked 7/4)
F9 tunnel: 4 blocks (branch mine at the floor, steered, ore detour)
F1 climb out (trip): failed - stalled [stage 1]
F1 map trip skipped: cannot leave the shaft
F15 [F15] craft torches: 2 batch(es) -> 8 torches (sticks 4 coals 2)
F12 [F12] climb wet escape: 2 blocks walked (budget, walked 8/4)
F1 [F1] water: drowning rescue start (drowning, oxygen 10)
F1 [F1] water: pass 0 head=wet shore=none land=n/a y=60.3 o2=10 probes=0 at=[-158,60,395]
F8 climb out (trip): OK +3 levels (3 steps, 3 dug, 6s)
[F5] furnace within reach - opening without a walk
[F5] furnace within reach - opening without a walk
F11 [F11] raw hop failed: raw walk: no net progress for 8098ms (best d=7.6) - pathfinder retry
F13 tunnel: 0 blocks (branch mine at the floor, floor lock)
F4 tunnel: 2 blocks (branch mine at the floor, steered, ore detour)
F4 bank trip: pockets full budget 145s
F12 [F12] climb wet escape: 2 blocks walked (budget, walked 9/4)
F2 climb out (bank): failed - stalled
F2 climb out (bank): retry (escalated retry after stalled, fenced to 90s of the 92s the chain has left)
F1 [F1] water: pass 7 head=wet shore=none land=n/a y=61.9 o2=19 probes=0 at=[-156,62,396]
F12 [F12] climb wet escape: 2 blocks walked (budget, walked 10/4)
t-233s alive=19/19 mined=1922 map=785p/11ch banked=0 smelted=0 pocket=1959u/258s | sand=19 gravel=57 dirt=245 stone=1
   deficits: 157926/19 (0.0%) 149380/57 (0.0%) 31860/0 (0.0%) 27420/0 (0.0%) 10725/100 (0.9%)
   F1=168[cobblestone:122 dirt:17 raw_iron:9] | F2=130[cobblestone:53 diorite:44 dirt:14] | F3=164[cobblestone:45 dirt:39 raw_copper:33] | F4=148[cobblestone:46 gravel:34 dirt:24] | F5=80[cobblestone:26 torch:8 oak_planks:4] | F6=93[cobblestone:35 andesite:15 gravel:14] | F7=6[oak_log:5 coal:2 dirt:1] | F8=102[dirt:7 leaf_litter:6 stick:5] | F9=27[torch:16 sand:8 dirt:7] | F10=26[stick:5 dirt:3 wooden_pickaxe:2] | F11=109[granite:30 diorite:21 dirt:15] | F12=107[granite:27 cobblestone:17 diorite:11] | F13=44[empty] | F14=56[dirt:31 torch:16 cobblestone:14] | F15=138[cobblestone:82 dirt:21 leaf_litter:11] | F16=180[raw_copper:81 cobblestone:78 dirt:29] | F17=113[cobblestone:23 raw_copper:7 coal:6] | F18=91[cobblestone:51 raw_copper:13 dirt:5] | F19=140[cobblestone:71 dirt:17 raw_copper:15]
   mem: heap=110M/154M old=-1M ext=120M ab=118M rss=385M cols=1927 ents=3330 evicted=1237 path=6a/4q (max 6) stale=0
F2 [F2] climb bridge: placed cobblestone at [-149,63,405] (pit) - the step re-judges
F2 [F2] climb bridge: the server refused the support fill at [-149,64,405] - the rotate ladder owns it (held=cobblestone, 0.9b, ref=cobblestone, post=? (re-read failed))
F2 [F2] climb diag: level at y=64 blocked toward 1,0 (dug=0)
F1 [F1] water: rescue complete in 5.0s
F1 [F1] water: hazard memorized at [-157,62,396] (12 live, fleet-wide)
F8 map trip skipped: sand,gravel unreachable
F2 [F2] climb bridge: the server refused the support fill at [-150,64,406] - the rotate ladder owns it (held=cobblestone, 0.9b, ref=cobblestone, post=? (re-read failed))
F2 [F2] climb diag: level at y=64 blocked toward 0,1 (dug=0)
F6 [F6] raw hop failed: raw walk: no net progress for 8078ms (best d=31.3) - pathfinder retry
F1 tool upgrade due: cobble available -> stone_pickaxe
F1 [toolupgrade] [upgrade] craft stick: no craftable recipe variant (ingredients missing?)
F15 [F15] digShaft: water table y=57 (region strike) - stopping above the aquifer, the tunnel owns this level (regions 2)
F15 tunnel: steering coal_ore @ 27.9b (axis x--1, cross 0.5, ore detour)
F12 [F12] climb wet escape: 2 blocks walked (budget, walked 11/4)
F6 [F6] hop: chest at [-126,72,416] d=30 zero: chest unreachable (No path to the goal!)
[F5] furnace within reach - opening without a walk
F2 [F2] climb bridge: placed cobblestone at [-151,63,405] (pit) - the step re-judges
F2 [F2] climb bridge: placed cobblestone at [-151,64,405] (support) - the step re-judges
F11 [F11] hop: chest at [-156,72,410] d=8 zero: chest unreachable (Took to long to decide path to goal!)
F8 [F8] craft torches: skip (no coal: sticks 5 coals 0)
F12 [F12] climb wet escape: 2 blocks walked (budget, walked 12/4)
F2 [F2] climb diag: level at y=66 blocked toward -1,0 (dug=1)
F1 [toolupgrade] [upgrade] upgraded: stone_pickaxe,wooden_pickaxe,wooden_shovel,wooden_pickaxe
F1 tool upgrade: OK -> stone_pickaxe (stone_pickaxe,wooden_pickaxe,wooden_shovel,wooden_pickaxe)
F1 [F1] craft torches: stick-dry with logs held - one plank conversion first
[F5] furnace within reach - opening without a walk
F5 smelted 1 (stone:1) rescued=0
F8 [F8] digShaft: water table y=59 (region strike) - stopping above the aquifer, the tunnel owns this level (regions 2)
F8 tunnel: steering iron_ore @ 22.6b (axis z--1, cross 0.32772899015623125, ore detour)
F12 [F12] climb wet escape: 2 blocks walked (budget, walked 13/4)
F1 [F1] craft torches: stick-dry but 9 planks held - one stick batch first
F1 [F1] craft torches: skip (no coal: sticks 5 coals 0)
F11 [F11] raw hop failed: raw walk stalled after 2038ms (d=7.7) - pathfinder retry
F1 [F1] digShaft: water table y=59 (region strike) - stopping above the aquifer, the tunnel owns this level (regions 2)
F1 tunnel: steering copper_ore @ 13.9b (axis z+, cross 3.5, ore detour)
F14 [F14] climb rise assist: assist did not complete (goto: climb rise assist: timeout after 4500ms)
F5 iron commune: chest holds 0 ingot(s) - nothing to complete here
F12 [F12] climb wet escape: 2 blocks walked (budget, walked 14/4)
F5 iron commune: chest holds 0 ingot(s) - nothing to complete here
F14 [F14] climb diag: level at y=55 did not rise (food=19, dug=3) feet=stone support=stone step=air head=air
F8 tunnel: 2 blocks (branch mine at the floor, steered, ore detour)
F13 tool recovery: no pickaxe - spare-pick craft first
F13 spare pick: skip (no sticks and no planks for sticks)
F13 tool recovery: spare craft failed (no sticks and no planks for sticks) - re-running the bootstrap
F12 [F12] climb wet escape: 2 blocks walked (budget, walked 15/4)
F16 [F16] climb bridge: placed cobblestone at [-111,66,394] (support) - the step re-judges
F1 tunnel: 0 blocks (branch mine at the floor, steered, ore detour)
F1 bank trip: pockets full budget 132s
F11 [F11] hop: chest at [-151,72,410] d=8 zero: chest unreachable (Took to long to decide path to goal!)
F11 bank: chest unreachable (Took to long to decide path to goal!) (18 blocks from yard) - walking back
F4 climb out (bank): OK +6 levels (5 steps, 8 dug, 15s)
F4 bank: smelt hold skipped - no fuel in pocket (coal 0)
F11 bank: yard walk arrived in 0s (1 attempt)
F11 camp furnace: 2 near machine(s) beyond the 24b direct envelope (nearest d=14.3) - 10 inside the envelope keep the veto
F11 camp furnace: no build (machine near)
[hb] n=19 ts=381s rss=385M late=95ms mainLate=511ms
F5 iron commune: chest holds 0 ingot(s) - nothing to complete here
F1 climb out (bank): OK +2 levels (1 steps, 1 dug, 2s)
F1 bank: smelt hold skipped - no fuel in pocket (coal 0)
F15 tunnel: 12 blocks (branch mine at the floor, steered, ore detour)
F12 [F12] climb wet escape: 2 blocks walked (budget, walked 16/4)
F8 [F8] craft torches: skip (no coal: sticks 5 coals 0)
F16 [F16] climb bridge: placed cobblestone at [-110,66,394] (pit) - the step re-judges
t-218s alive=19/19 mined=1983 map=797p/11ch banked=0 smelted=1 pocket=2047u/262s | sand=20 gravel=58 dirt=281 stone=1
   deficits: 157926/20 (0.0%) 149380/58 (0.0%) 31860/0 (0.0%) 27420/0 (0.0%) 10725/100 (0.9%)
   F1=171[cobblestone:119 dirt:19 raw_iron:9] | F2=133[cobblestone:52 diorite:44 dirt:14] | F3=164[cobblestone:45 dirt:39 raw_copper:33] | F4=154[cobblestone:46 gravel:34 dirt:31] | F5=80[cobblestone:26 torch:8 oak_planks:4] | F6=93[cobblestone:35 andesite:15 gravel:15] | F7=6[oak_log:5 coal:2 dirt:1] | F8=108[leaf_litter:17 dirt:16 stick:5] | F9=27[torch:16 sand:8 stick:7] | F10=26[stick:5 dirt:3 wooden_pickaxe:2] | F11=109[granite:30 diorite:21 dirt:15] | F12=107[granite:27 cobblestone:17 diorite:11] | F13=45[oak_sapling:1] | F14=62[dirt:31 cobblestone:22 torch:16] | F15=151[cobblestone:96 dirt:21 leaf_litter:11] | F16=188[raw_copper:81 cobblestone:75 dirt:34] | F17=113[cobblestone:23 raw_copper:7 coal:6] | F18=106[cobblestone:53 dirt:19 raw_copper:13] | F19=140[cobblestone:71 dirt:16 raw_copper:15]
   mem: heap=113M/156M old=-1M ext=121M ab=118M rss=383M cols=1918 ents=3379 evicted=1291 path=3a/0q (max 6) stale=0
F15 [F15] vein sweep: 1 drop(s) in reach (1 dug)
F15 [F15] vein sweep: the drop walks picked nothing (pocket delta 0, 0 failed walk(s))
F15 [F15] vein sweep: 1 deep drop(s) skipped (dy < -2 - the lip sphere cannot reach, the walk was a guaranteed spiral)
F15 vein sweep: 1 ores dug beside the gallery (ore detour)
F15 bank trip: pockets full budget 128s
F16 [F16] climb bridge: placed cobblestone at [-110,67,394] (support) - the step re-judges
F8 [F8] digShaft: water table y=59 (region strike) - stopping above the aquifer, the tunnel owns this level (regions 2)
F2 climb out (bank): retry failed - stalled
F2 [F2] climb bridge: the server refused the support fill at [-150,64,406] - the rotate ladder owns it (held=cobblestone, 0.9b, ref=cobblestone, post=? (re-read failed))
F2 [F2] climb diag: level at y=64 blocked toward 0,1 (dug=0)
F12 [F12] climb wet escape: 2 blocks walked (budget, walked 17/4)
F2 [F2] climb bridge: placed cobblestone at [-151,64,405] (support) - the step re-judges
F2 [F2] climb diag: level at y=66 blocked toward -1,0 (dug=0)
F2 [F2] climb diag: level at y=65 blocked toward 0,-1 (dug=0)
F12 [F12] climb wet escape: 2 blocks walked (budget, walked 18/4)
F18 climb out (trip): OK +10 levels (14 steps, 52 dug, 8 traversed, 56s)
F12 [F12] climb wet escape: 2 blocks walked (budget, walked 19/4)
[F17] walk nudge: approach: 1 segment(s) walked in 15.2s, goal now d=19.7 (inside the direct envelope)
[F17] walk nudge: inside the direct envelope
F4 [F4] raw hop failed: raw walk stalled after 2102ms (d=12.2) - pathfinder retry
F12 [F12] climb wet escape: 2 blocks walked (budget, walked 20/4)
F12 [F12] climb wet escape: 2 blocks walked (budget, walked 21/4)
F12 [F12] climb wet escape: 1 blocks walked (budget, walked 22/4)
[F11] walk nudge: approach: 1 segment(s) walked in 9.1s, goal now d=6.2 (inside the direct envelope)
[F11] walk nudge: inside the direct envelope
F16 [F16] climb diag: level at y=71 blocked toward 1,0 (dug=68)
F12 [F12] climb wet escape: 2 blocks walked (budget, walked 23/4)
F16 climb out (bank): OK +21 levels (21 steps, 68 dug, 12 traversed, 84s)
F16 bank: holding 45s of 157s for the smelt leg
F1 [F1] raw hop failed: raw walk: no net progress for 8091ms (best d=9.3) - pathfinder retry
F4 [F4] direct deposit: 27 chest slots derived from the 63-slot view
F4 camp furnace: 8 near machine(s) all beyond the 24b direct envelope (nearest d=35.2) - the bay reads as empty, the camp ladder decides on its own merits
F4 camp furnace: craft-planks (10 log(s) in pocket - craft planks (largest same-type stack 1/4))
F12 [F12] climb wet escape: 2 blocks walked (budget, walked 24/4)
[F11] fuel clips the batch: 4 x stick completes 2 of 8 x sand (the rest re-smelts on the next chain)
[F11] the clock clips the batch: the 74s window completes ~6 of 8 x sand (the rest re-smelts on the next chain)
[F11] furnace slots after put: input=sand fuel=stick
[F11] smelting 2 x sand in a furnace (fuel: 4 x stick)
F4 camp furnace: craft-table (46 cobble + 5 planks - table first)
F14 [F14] climb bridge: unavailable (no solid floor underfoot)
F14 [F14] climb diag: level at y=65 blocked toward 1,0 (dug=27)
F6 [F6] approach: the stall side-step (right) moved the start (d now 32.4)
F14 [F14] climb bridge: unavailable (no solid floor underfoot)
F14 [F14] climb diag: level at y=65 blocked toward 0,1 (dug=28)
F12 [F12] climb wet escape: 2 blocks walked (budget, walked 25/4)
t-203s alive=19/19 mined=2035 map=833p/12ch banked=0 smelted=1 pocket=1995u/260s | sand=21 gravel=24 dirt=273 stone=1
   deficits: 157926/21 (0.0%) 149380/24 (0.0%) 31860/0 (0.0%) 27420/0 (0.0%) 10725/100 (0.9%)
   F1=171[cobblestone:119 dirt:19 raw_iron:9] | F2=134[cobblestone:48 diorite:44 dirt:14] | F3=164[cobblestone:45 dirt:39 raw_copper:33] | F4=154[cobblestone:46 oak_log:9 stick:3] | F5=80[cobblestone:26 torch:8 oak_planks:4] | F6=93[cobblestone:35 andesite:15 gravel:15] | F7=11[oak_log:7 coal:2 dirt:1] | F8=109[leaf_litter:20 dirt:19 stick:5] | F9=27[torch:16 sand:8 stick:7] | F10=26[stick:5 dirt:3 wooden_pickaxe:2] | F11=109[granite:30 diorite:21 dirt:15] | F12=107[granite:27 cobblestone:17 diorite:11] | F13=47[oak_sapling:2 dirt:1] | F14=83[dirt:43 cobblestone:26 torch:16] | F15=170[cobblestone:109 dirt:26 leaf_litter:11] | F16=189[raw_copper:81 cobblestone:75 dirt:34] | F17=113[cobblestone:23 raw_copper:7 coal:6] | F18=106[cobblestone:55 dirt:20 raw_copper:13] | F19=142[cobblestone:71 dirt:17 raw_copper:15]
   mem: heap=116M/155M old=-1M ext=120M ab=117M rss=385M cols=1916 ents=3261 evicted=1341 path=6a/2q (max 6) stale=0
F14 climb out (trip): failed - stalled
F14 map trip skipped: cannot leave the shaft
F1 [F1] water: drowning rescue start (drowning, oxygen 14)
F1 [F1] water: pass 0 head=wet shore=none land=n/a y=58.8 o2=14 probes=0 at=[-154,59,390]
F12 [F12] climb wet escape: 2 blocks walked (budget, walked 26/4)
F10 [F10] craft torches: skip (no coal: sticks 5 coals 0)
[hb] n=20 ts=401s rss=385M late=100ms mainLate=480ms
F14 [F14] craft torches: the metal fuel reserve holds all 1 coal for the furnace (8 raw metal held)
F1 [F1] water: pass 6 head=wet shore=none land=n/a y=61.9 o2=20 probes=0 at=[-153,62,392]
F12 [F12] climb wet escape: 2 blocks walked (budget, walked 27/4)
F14 [F14] digShaft: water table y=57 (region strike) - stopping above the aquifer, the tunnel owns this level (regions 2)
F14 tunnel: steering coal_ore @ 2.5b (axis z--1, cross 0.3774656631008213, ore detour)
F12 [F12] climb wet escape: 2 blocks walked (budget, walked 28/4)
F16 [F16] approach: 1 segment(s) walked in 9.1s, goal now d=18.3 (inside the direct envelope)
F5 [F5] direct deposit: 27 chest slots derived from the 63-slot view
F5 [F5] banked 28 items at (-137, 72, 390) (direct=3 fallback=0 mirror=true kept: oak_log, stick, oak_planks, torch)
F5 bank: +80
F1 [F1] water: pass 12 head=dry shore=hit r=2 land=none y=64.2 o2=20 probes=0 at=[-152,64,396]
F2 climb out (trip): failed - stalled [stage 1]
F2 map trip skipped: cannot leave the shaft
F4 camp furnace: BUILT (furnace at -117,72,418) in 8s
F15 [F15] climb bridge: placed cobblestone at [-92,67,398] (support) - the step re-judges
F12 [F12] climb wet escape: 2 blocks walked (budget, walked 29/4)
F16 [F16] raw hop failed: raw walk stalled after 2494ms (d=18.2) - pathfinder retry
F10 retry #1 in 6.6s (Timeout waiting for 4 ticks after 5200ms)
F15 climb out (bank): OK +9 levels (9 steps, 24 dug, 23s)
F15 bank: smelt hold skipped - no fuel in pocket (coal 0)
F1 [F1] water: pass 15 head=dry shore=hit r=3 land=none y=65.3 o2=20 probes=0 at=[-150,65,397]
F6 [F6] approach: the stall side-step (left) moved the start (d now 32.5)
F6 [F6] approach: 10 segment(s) walked in 35.4s, goal now d=32.5 (still outside - the segment cap spent (10 walked, d=32.5))
F2 [F2] craft torches: stick-dry with logs held - one plank conversion first
[F11] took 1 x glass (1/2)
F14 tunnel: 2 blocks (branch mine at the floor, steered, ore detour)
F1 [F1] water: pass 16 head=dry shore=hit r=1 land=none y=62.2 o2=20 probes=0 at=[-151,62,397]
F12 [F12] climb wet escape: 2 blocks walked (budget, walked 30/4)
F12 climb out (trip): failed - timeout (traversed 59)
F12 map trip skipped: cannot leave the shaft
F19 map trip: sand
F2 [F2] craft torches: stick-dry but 9 planks held - one stick batch first
F9 [F9] water: drowning rescue start (drowning, oxygen 15)
F9 [F9] water: pass 0 head=wet shore=none land=n/a y=60.8 o2=15 probes=0 at=[-199,61,426]
F2 [F2] craft torches: 1 batch(es) -> 4 torches (sticks 2 coals 2, the metal reserve keeps 1)
F9 map trip: sand
F9 [F9] craft torches: skip (no coal: sticks 7 coals 0)
F1 [F1] water: pass 18 head=dry shore=hit r=1 land=none y=62.7 o2=20 probes=0 at=[-150,63,397]
t-187s alive=18/19 mined=2055 map=830p/12ch banked=80 smelted=1 pocket=1985u/251s | sand=21 gravel=27 dirt=277 stone=0
   deficits: 157926/21 (0.0%) 149380/27 (0.0%) 31860/0 (0.0%) 27420/0 (0.0%) 10725/100 (0.9%)
   F1=171[cobblestone:119 dirt:19 raw_iron:9] | F2=136[cobblestone:48 diorite:44 dirt:14] | F3=164[cobblestone:45 dirt:39 raw_copper:33] | F4=154[cobblestone:38 oak_log:9 stick:3] | F5=80[torch:8 oak_planks:4 oak_log:3] | F6=93[cobblestone:35 andesite:15 gravel:15] | F7=11[oak_planks:10 oak_log:6 stick:4] | F8=109[leaf_litter:20 dirt:19 stick:5] | F9=27[torch:16 sand:8 stick:7] | F10=26[empty] | F11=109[granite:30 diorite:21 dirt:15] | F12=107[granite:27 cobblestone:17 diorite:11] | F13=47[oak_sapling:2 dirt:1] | F14=94[dirt:48 cobblestone:28 torch:16] | F15=176[cobblestone:108 dirt:30 leaf_litter:15] | F16=189[raw_copper:81 cobblestone:75 dirt:34] | F17=113[cobblestone:23 raw_copper:7 coal:6] | F18=107[cobblestone:57 dirt:20 raw_copper:13] | F19=142[cobblestone:71 dirt:16 raw_copper:15]
   mem: heap=112M/156M old=-1M ext=119M ab=116M rss=385M cols=1901 ents=3231 evicted=1393 path=6a/0q (max 6) stale=0
F12 [F12] craft torches: skip (no coal: sticks 3 coals 0)
F6 [F6] raw hop failed: raw walk stalled after 2335ms (d=32.4) - pathfinder retry
F9 [F9] water: pass 3 head=wet shore=none land=n/a y=61.9 o2=20 probes=0 at=[-198,62,425]
F19 [F19] craft torches: 1 batch(es) -> 4 torches (sticks 3 coals 5, the metal reserve keeps 2)
[F17] walk nudge: approach: 1 segment(s) walked in 15.0s, goal now d=9.3 (inside the direct envelope)
[F17] walk nudge: inside the direct envelope
F6 [F6] hop: chest at [-121,72,416] d=32 zero: chest unreachable (Took to long to decide path to goal!)
F2 [F2] digShaft: water table y=59 (region strike) - stopping above the aquifer, the tunnel owns this level (regions 2)
F2 tunnel: steering iron_ore @ 11.5b (axis x+, cross 1.5394477012296761, ore detour)
F12 [F12] water: drowning rescue start (drowning, oxygen 10)
F12 [F12] water: pass 0 head=wet shore=none land=n/a y=53.0 o2=10 probes=0 at=[-147,53,391]
F9 [F9] water: pass 5 head=dry shore=hit r=2 land=none y=62.7 o2=20 probes=0 at=[-197,63,425]
F1 [F1] water: pass 20 head=dry shore=hit r=1 land=none y=63.2 o2=20 probes=0 at=[-151,63,397]
F1 [F1] hop: chest at [-154,72,390] d=13 zero: cannot open chest (open chest: timeout after 10000ms)
F1 [F1] water: rescue complete in 18.2s
F1 [F1] water: hazard memorized at [-151,62,396] (10 live, fleet-wide)
F12 [F12] water: pass 3 head=wet shore=none land=n/a y=54.2 o2=11 probes=0 at=[-147,54,391]
F9 [F9] water: rescue complete in 6.8s
F9 [F9] water: hazard memorized at [-197,62,425] (11 live, fleet-wide)
[F11] took 1 x glass (2/2)
F10 [F10] craft torches: 1 batch(es) -> 4 torches (sticks 5 coals 1)
F16 [F16] hop: chest at [-135,72,390] d=30 zero: chest unreachable (No path to the goal!)
F12 [F12] water: deep-pocket ascend - dug the ceiling dirt at [-147,56,390] (jump stalled 4+ passes, o2 19)
F10 [F10] digShaft: water table y=57 (region strike) - stopping above the aquifer, the tunnel owns this level (regions 2)
F10 tunnel: steering iron_ore @ 22.9b (axis z+, cross 3.3750506578342794, ore detour)
[F4] furnace slots after put: input=raw_iron fuel=oak_log
[F4] smelting 1 x raw_iron in a blast_furnace (fuel: 1 x oak_log)
F12 [F12] water: pass 10 head=wet shore=none land=n/a y=54.4 o2=20 probes=0 at=[-147,54,391]
F12 [F12] water: frozen physics (10 flat passes at y=54.4, o2=20, head WET) - standing down, the reconnect lane owns this
F12 [F12] water: rescue standing down (frozen physics - the walk gate reopens, the reconnect lane owns a dead client) in 4.5s
F12 [F12] water: frozen client relog (#1 consecutive) (frozen while head-wet (1 verdict) - the drowning clock owns this client) - ending the session, the reconnect lane rebuilds the physics; the drowning sentry holds non-critical pages 10s (the frozen-return gate)
F12 [F12] water: hazard memorized at [-147,54,390] (12 live, fleet-wide)
F7 [F7] craft torches: stick-dry but 6 planks held - one stick batch first
F5 [F5] craft torches: skip (no coal: sticks 3 coals 0)
F5 [F5] digShaft: water hazard 0.7b away (live 12) - refusing this column, the caller rotates
F5 tunnel: steering coal_ore @ 8.2b (axis x+, cross 1.4511664821628187, floor lock)
F5 tunnel: 0 blocks (branch mine at the floor, steered, floor lock)
F7 [F7] craft torches: 2 batch(es) -> 8 torches (sticks 0 coals 2)
[hb] n=21 ts=421s rss=389M late=105ms mainLate=915ms
F7 tool recovery: OK (wooden_pickaxe)
F7 spare pick due: spare (planks available)
F7 spare pick: OK (wooden_pickaxe, holds 2)
F7 [F7] craft torches: stick-dry with logs held - one plank conversion first
F8 [F8] craft torches: skip (no coal: sticks 5 coals 0)
F8 [F8] digShaft: water table y=59 (region strike) - stopping above the aquifer, the tunnel owns this level (regions 2)
F8 [F8] craft torches: skip (no coal: sticks 5 coals 0)
F8 [F8] digShaft: water table y=59 (region strike) - stopping above the aquifer, the tunnel owns this level (regions 2)
F8 tunnel: steering coal_ore @ 8.7b (axis x--1, cross 0.5005411017409074, floor lock)
F2 tunnel: 12 blocks (branch mine at the floor, steered, ore detour)
F2 bank trip: pockets full budget 120s
F7 [F7] craft torches: stick-dry but 9 planks held - one stick batch first
F7 [F7] craft torches: skip (no coal: sticks 5 coals 0)
F10 tunnel: 3 blocks (branch mine at the floor, steered, ore detour)
F1 [F1] water: drowning rescue start (drowning, oxygen 14)
F1 [F1] water: pass 0 head=wet shore=none land=n/a y=61.9 o2=14 probes=0 at=[-152,62,390]
F2 [F2] climb bridge: placed cobblestone at [-133,58,411] (support) - the step re-judges
F7 [F7] digShaft: water table y=57 (region strike) - stopping above the aquifer, the tunnel owns this level (regions 2)
[F4] took 1 x iron_ingot (1/1)
[F4] blast_furnace within reach - opening without a walk
F12 [F12] digShaft: water hazard 0.8b away (live 12) - refusing this column, the caller rotates
[F4] furnace slots after put: input=raw_copper fuel=oak_log
[F4] smelting 2 x raw_copper in a blast_furnace (fuel: 2 x oak_log)
F1 [F1] water: pass 5 head=wet shore=none land=n/a y=62.0 o2=20 probes=0 at=[-152,62,390]
t-172s alive=19/19 mined=2148 map=828p/12ch banked=80 smelted=1 pocket=2088u/273s | sand=29 gravel=30 dirt=316 stone=0
   deficits: 157926/29 (0.0%) 149380/30 (0.0%) 31860/0 (0.0%) 27420/0 (0.0%) 10725/100 (0.9%)
   F1=171[cobblestone:119 dirt:19 raw_iron:9] | F2=153[cobblestone:50 diorite:44 dirt:28] | F3=164[cobblestone:45 dirt:39 raw_copper:33] | F4=154[cobblestone:38 oak_log:8 stick:3] | F5=83[torch:8 oak_planks:4 oak_log:3] | F6=93[cobblestone:35 andesite:15 gravel:15] | F7=19[dirt:9 torch:8 oak_planks:7] | F8=116[dirt:25 leaf_litter:20 stick:5] | F9=38[sand:18 torch:15 leaf_litter:8] | F10=31[dirt:6 stick:4 torch:4] | F11=109[granite:30 diorite:21 dirt:15] | F12=108[granite:27 cobblestone:18 diorite:11] | F13=47[dirt:4 oak_sapling:2 coal:1] | F14=109[dirt:48 cobblestone:28 torch:16] | F15=176[cobblestone:108 dirt:30 leaf_litter:15] | F16=189[raw_copper:81 cobblestone:75 dirt:34] | F17=113[cobblestone:23 raw_copper:7 coal:6] | F18=112[cobblestone:59 dirt:19 raw_copper:13] | F19=163[cobblestone:81 dirt:19 raw_copper:15]
   mem: heap=109M/154M old=-1M ext=126M ab=123M rss=386M cols=1931 ents=3149 evicted=1382 path=2a/0q (max 6) stale=0
F9 tunnel: 13 blocks (branch mine at the floor, ore detour)
F9 [F9] craft torches: skip (no coal: sticks 7 coals 0)
[F11] walk nudge: approach: 1 segment(s) walked in 9.7s, goal now d=12.9 (inside the direct envelope)
[F11] walk nudge: inside the direct envelope
F14 [F14] vein sweep: 8 drop(s) in reach (21 dug)
F9 [F9] digShaft: water table y=59 (region strike) - stopping above the aquifer, the tunnel owns this level (regions 2)
F1 [F1] water: pass 10 head=dry shore=hit r=6 land=none y=62.4 o2=20 probes=0 at=[-152,62,390]
F8 tunnel: 12 blocks (branch mine at the floor, steered, floor lock)
F19 tunnel: 2 blocks (branch mine at the floor, ore detour)
F1 [F1] water: pass 14 head=wet shore=none land=n/a y=61.6 o2=20 probes=0 at=[-152,62,390]
F2 [F2] climb rise assist: assist did not complete (goto: climb rise assist: timeout after 4500ms)
F9 [F9] craft torches: skip (no coal: sticks 7 coals 0)
[F4] took 1 x copper_ingot (1/2)
F2 [F2] climb diag: level at y=58 did not rise (food=20, dug=3) feet=air support=cobblestone step=air head=air
F1 [F1] raw hop failed: raw walk timeout after 15097ms (d=9.6) - pathfinder retry
F15 [F15] approach: 4 segment(s) walked in 27.4s, goal now d=18.2 (inside the direct envelope)
F1 [F1] hop: chest at [-152,72,390] d=11 zero: chest unreachable (water rescue in progress (walk to chest (retry) refused))
F16 [F16] raw hop failed: raw walk: no net progress for 8074ms (best d=8.0) - pathfinder retry
F19 [F19] vein sweep: 2 drop(s) in reach (2 dug)
F19 [F19] vein sweep: the drop walks picked nothing (pocket delta 0, 0 failed walk(s))
F19 [F19] vein sweep: 2 deep drop(s) skipped (dy < -2 - the lip sphere cannot reach, the walk was a guaranteed spiral)
F19 vein sweep: 2 ores dug beside the gallery (ore detour)
F19 bank trip: pockets full budget 120s
F2 [F2] climb diag: level at y=60 blocked toward 0,-1 (dug=4)
F12 [F12] climb diag: level at y=54 blocked toward -1,0 (dug=0, wet) at [0,1,0] water (stop)
F1 [F1] water: pass 20 head=wet shore=none land=n/a y=61.2 o2=20 probes=0 at=[-152,61,390]
[F17] walk nudge: approach: 1 segment(s) walked in 15.1s, goal now d=11.1 (inside the direct envelope)
[F17] walk nudge: inside the direct envelope
F7 climb out (trip): OK +5 levels (5 steps, 8 dug, 11s)
F1 [F1] water: pass 24 head=dry shore=hit r=5 land=none y=62.4 o2=20 probes=0 at=[-152,62,392]
[F4] took 1 x copper_ingot (2/2)
F4 fuel anchor scan returned empty (attempt 1/2) at [-142,72,393] yard d=9 - the palette empty-return class, re-querying
F4 fuel anchor scan returned empty (attempt 2/2) at [-142,72,393] yard d=9
F4 fuel anchor scan empty x2 - the singular probe rescued the scan (chest at [-137,72,390])
F4 fuel commons: the anchor chest is read first
F9 [F9] water: drowning rescue start (drowning, oxygen 15)
F9 [F9] water: pass 0 head=wet shore=none land=n/a y=61.0 o2=15 probes=0 at=[-192,61,428]
F1 [F1] water: pass 27 head=dry shore=hit r=2 land=none y=62.6 o2=20 probes=0 at=[-152,63,395]
F4 fuel commons: chest holds no fuel
F17 [F17] water: drowning rescue start (drowning, oxygen 13)
F17 [F17] water: pass 0 head=wet shore=none land=n/a y=58.6 o2=13 probes=0 at=[-148,59,391]
F14 [F14] vein sweep: the drop walk to [-121,57,398] failed - sweep drops: timeout after 8000ms
F1 [F1] water: rescue complete in 15.8s
F1 [F1] water: hazard memorized at [-152,62,395] (10 live, fleet-wide)
F4 fuel commons: chest holds no fuel
[hb] n=22 ts=441s rss=390M late=110ms mainLate=674ms
F17 smelt: 0 (raw_copper@blast_furnace: machine unreachable (No path to the goal!); raw_copper@blast_furnace: machine unreachable (No path to the goal!); raw_copper@blast_furnace: cannot open (open furnace: timeout after 4525ms))
F17 iron commune: chest walk failed (water rescue in progress (iron commune walk refused))
F17 iron commune: chest walk failed (water rescue in progress (iron commune walk refused))
F17 iron commune: chest walk failed (water rescue in progress (iron commune walk refused))
F9 [F9] water: pass 6 head=wet shore=none land=n/a y=61.4 o2=20 probes=0 at=[-192,61,427]
F4 fuel commons: chest holds no fuel
F5 [F5] climb wet escape: 8 blocks walked (budget, walked 1/4)
F15 [F15] raw hop failed: raw walk: no net progress for 8247ms (best d=18.2) - pathfinder retry
F17 [F17] water: pass 7 head=dry shore=hit r=4 land=none y=62.2 o2=20 probes=0 at=[-148,62,392]
F9 [F9] water: pass 11 head=dry shore=hit r=1 land=none y=62.2 o2=20 probes=0 at=[-192,62,427]
t-157s alive=19/19 mined=2210 map=828p/13ch banked=80 smelted=1 pocket=2160u/274s | sand=35 gravel=31 dirt=337 stone=0
   deficits: 157926/35 (0.0%) 149380/31 (0.0%) 31860/0 (0.0%) 27420/0 (0.0%) 10725/100 (0.9%)
   F1=171[cobblestone:119 dirt:19 raw_iron:9] | F2=160[cobblestone:51 diorite:44 dirt:35] | F3=164[cobblestone:45 dirt:39 raw_copper:33] | F4=154[cobblestone:38 oak_log:6 stick:3] | F5=99[cobblestone:18 torch:8 oak_planks:4] | F6=93[cobblestone:35 andesite:15 gravel:15] | F7=24[dirt:16 torch:8 oak_planks:7] | F8=121[dirt:33 leaf_litter:22 stick:5] | F9=43[sand:24 torch:15 leaf_litter:8] | F10=39[dirt:6 coal:5 stick:4] | F11=109[granite:30 diorite:21 dirt:15] | F12=108[granite:27 cobblestone:18 diorite:11] | F13=47[dirt:4 oak_sapling:2 coal:1] | F14=111[dirt:49 cobblestone:29 torch:16] | F15=176[cobblestone:108 dirt:30 leaf_litter:15] | F16=189[raw_copper:81 cobblestone:75 dirt:34] | F17=113[cobblestone:23 raw_copper:7 coal:6] | F18=112[cobblestone:63 dirt:18 raw_copper:13] | F19=177[cobblestone:81 diorite:22 dirt:19]
   mem: heap=119M/156M old=-1M ext=124M ab=122M rss=387M cols=1910 ents=2974 evicted=1453 path=6a/2q (max 6) stale=0
F10 [F10] vein sweep: 7 drop(s) in reach (11 dug)
F4 fuel commons: chest holds no fuel
F17 [F17] water: pass 11 head=dry shore=hit r=1 land=none y=62.2 o2=20 probes=0 at=[-151,62,395]
F9 [F9] water: pass 14 head=dry shore=hit r=1 land=none y=64.8 o2=20 probes=0 at=[-191,65,426]
F12 [F12] climb diag: level at y=54 blocked toward 0,-1 (dug=0, wet) at [0,1,0] water (stop)
F2 climb out (bank): OK +7 levels (5 steps, 9 dug, 23s)
F2 bank: holding 45s of 120s for the smelt leg
F17 [F17] water: pass 13 head=dry shore=hit r=1 land=none y=63.4 o2=20 probes=0 at=[-151,63,396]
F9 tunnel: 0 blocks (branch mine at the floor, ore detour)
F9 climb out (trip): failed - rescue owns the bot
F9 map trip skipped: cannot leave the shaft
[F11] walk nudge: approach: 1 segment(s) walked in 15.6s, goal now d=10.3 (inside the direct envelope)
[F11] walk nudge: inside the direct envelope
F9 [F9] craft torches: skip (no coal: sticks 7 coals 0)
F9 [F9] water: pass 16 head=dry shore=hit r=1 land=none y=64.8 o2=20 probes=0 at=[-189,65,426]
F14 [F14] vein sweep: the drop walk to [-122,57,397] failed - sweep drops: timeout after 8000ms
F17 [F17] water: pass 15 head=dry shore=hit r=1 land=none y=62.4 o2=20 probes=0 at=[-151,62,398]
F4 fuel commons: chest holds no fuel
F9 [F9] water: pass 17 head=dry shore=hit r=1 land=none y=64.5 o2=20 probes=0 at=[-189,64,425]
F18 map trip: gravel
F17 [F17] water: pass 16 head=dry shore=hit r=1 land=none y=62.0 o2=20 probes=0 at=[-151,62,397]
F9 [F9] water: pass 18 head=dry shore=hit r=1 land=none y=64.8 o2=20 probes=0 at=[-188,65,424]
F1 [F1] raw hop failed: raw walk: no net progress for 9296ms (best d=11.8) - pathfinder retry
F11 [F11] water: drowning rescue start (drowning, oxygen 20)
F11 [F11] water: pass 0 head=wet shore=none land=n/a y=62.0 o2=20 probes=0 at=[-147,62,391]
F10 [F10] vein sweep: the drop walk to [-121,58,387] failed - sweep drops: timeout after 8000ms
F2 [F2] raw hop failed: raw walk: no net progress for 8385ms (best d=7.2) - pathfinder retry
F16 [F16] hop: chest at [-136,72,406] d=18 zero: cannot open chest (open chest: timeout after 10000ms)
F17 [F17] water: pass 17 head=dry shore=hit r=1 land=none y=62.0 o2=20 probes=0 at=[-151,62,396]
F9 [F9] water: pass 19 head=dry shore=hit r=2 land=none y=65.3 o2=20 probes=0 at=[-188,65,423]
F17 [F17] water: pass 18 head=dry shore=hit r=1 land=none y=62.0 o2=20 probes=0 at=[-151,62,396]
t-141s alive=19/19 mined=2232 map=858p/13ch banked=80 smelted=1 pocket=2196u/275s | sand=36 gravel=31 dirt=340 stone=0
   deficits: 157926/36 (0.0%) 149380/31 (0.0%) 31860/0 (0.0%) 27420/0 (0.0%) 10725/103 (1.0%)
   F1=171[cobblestone:119 dirt:19 raw_iron:9] | F2=160[cobblestone:51 diorite:44 dirt:36] | F3=164[cobblestone:45 dirt:39 raw_copper:33] | F4=154[cobblestone:38 oak_log:6 stick:3] | F5=108[cobblestone:27 torch:8 oak_planks:4] | F6=93[cobblestone:35 andesite:18 gravel:15] | F7=28[dirt:16 leaf_litter:10 torch:8] | F8=121[dirt:35 leaf_litter:25 stick:5] | F9=44[sand:24 torch:15 leaf_litter:8] | F10=40[dirt:6 coal:5 stick:4] | F11=109[granite:30 diorite:21 dirt:15] | F12=108[granite:27 cobblestone:18 diorite:11] | F13=47[dirt:4 oak_sapling:2 coal:1] | F14=111[dirt:49 cobblestone:29 torch:16] | F15=176[cobblestone:108 dirt:30 leaf_litter:15] | F16=189[raw_copper:81 cobblestone:75 dirt:34] | F17=113[cobblestone:23 raw_copper:7 coal:6] | F18=112[cobblestone:70 dirt:18 raw_copper:13] | F19=184[cobblestone:85 diorite:26 dirt:19]
   mem: heap=115M/157M old=-1M ext=125M ab=122M rss=391M cols=1907 ents=3120 evicted=1485 path=6a/1q (max 6) stale=0
F12 [F12] climb diag: level at y=54 blocked toward 1,0 (dug=0, wet) at [0,1,0] water (stop)
F9 [F9] water: pass 20 head=dry shore=hit r=1 land=none y=64.5 o2=20 probes=0 at=[-187,64,422]
F11 [F11] water: pass 2 head=dry shore=hit r=6 land=none y=62.4 o2=20 probes=0 at=[-147,62,391]
F14 [F14] vein sweep: +2u walked from the drops (21 dug)
F14 [F14] vein sweep: 3 below-plane walk(s) still failed on the wide goal (range 2) - the drop rests deeper than the lip
F14 vein sweep: 21 ores dug beside the gallery (ore detour)
F14 bank trip: skipped (pockets full, 140s left < 150s - the end-phase owns the deadline banking)
[hb] n=23 ts=461s rss=388M late=112ms mainLate=711ms
F13 [F13] water: drowning rescue start (drowning, oxygen 17)
F13 [F13] water: pass 0 head=wet shore=none land=n/a y=60.9 o2=17 probes=0 at=[-127,61,388]
F17 [F17] water: pass 20 head=dry shore=hit r=2 land=none y=63.4 o2=20 probes=0 at=[-152,63,396]
F15 [F15] hop: chest at [-135,72,390] d=45 zero: chest unreachable (No path to the goal!)
F9 [F9] water: pass 21 head=dry shore=hit r=1 land=none y=64.8 o2=20 probes=0 at=[-186,65,421]
F13 [F13] water: pass 2 head=dry shore=hit r=1 land=none y=62.7 o2=19 probes=0 at=[-127,63,388]
F11 [F11] water: pass 4 head=dry shore=hit r=4 land=none y=62.3 o2=20 probes=0 at=[-146,62,392]
F4 fuel commons: chest holds no fuel
F16 [F16] raw hop failed: raw walk: no net progress for 8504ms (best d=8.0) - pathfinder retry
F9 [F9] water: rescue complete in 26.0s
F9 [F9] water: hazard memorized at [-193,62,427] (8 live, fleet-wide)
F13 [F13] water: pass 4 head=wet shore=none land=n/a y=61.9 o2=20 probes=0 at=[-127,62,386]
F11 [F11] water: pass 6 head=dry shore=hit r=3 land=none y=62.7 o2=20 probes=0 at=[-144,63,393]
F8 [F8] craft torches: skip (no coal: sticks 5 coals 0)
F17 [F17] water: rescue timeout (still wet, 22 passes, 0 probes, tail dry/dry/dry) in 27.3s
F17 [F17] water: hazard memorized at [-153,62,396] (9 live, fleet-wide)
F9 tunnel: 0 blocks (branch mine at the floor, ore detour)
F9 [F9] craft torches: skip (no coal: sticks 7 coals 0)
F9 [F9] digShaft: water table y=59 (region strike) - stopping above the aquifer, the tunnel owns this level (regions 2)
F9 tunnel: steering iron_ore @ 26.8b (axis x+, cross 3.5634555332799778, floor lock)
F8 [F8] digShaft: water table y=59 (region strike) - stopping above the aquifer, the tunnel owns this level (regions 2)
F8 tunnel: steering coal_ore @ 10b (axis x--1, cross 0.5808922858452092, ore detour)
F13 [F13] water: pass 6 head=dry shore=hit r=1 land=none y=62.0 o2=20 probes=0 at=[-125,62,386]
F10 [F10] vein sweep: the drop walk to [-123,58,386] failed - sweep drops: timeout after 8000ms
F10 [F10] vein sweep: the drop walks picked nothing (pocket delta 0, 2 failed walk(s))
F10 vein sweep: 11 ores dug beside the gallery (ore detour)
F10 [F10] craft torches: 2 batch(es) -> 8 torches (sticks 4 coals 5)
F1 [F1] hop: chest at [-151,72,406] d=19 zero: chest unreachable (Took to long to decide path to goal!)
F11 [F11] water: pass 8 head=dry shore=hit r=1 land=none y=62.5 o2=20 probes=0 at=[-143,63,394]
F18 [F18] craft torches: skip (no coal: sticks 3 coals 0)
F18 tunnel: steering coal_ore @ 8.9b (axis x--1, cross 0.5, ore detour)
F13 [F13] water: rescue complete in 8.2s
F13 [F13] water: hazard memorized at [-126,62,386] (10 live, fleet-wide)
F4 fuel commons: chest holds no fuel
F4 fuel commons: budget spent (0/4 units)
F4 smelted 3 (iron_ingot:1 copper_ingot:2) rescued=0
F16 [F16] hop: chest at [-136,72,408] d=8 zero: chest unreachable (Took to long to decide path to goal!)
F11 [F11] water: pass 12 head=dry shore=hit r=1 land=none y=63.8 o2=20 probes=0 at=[-140,64,395]
F4 iron commune: seeded the pool: +1 iron_ingot into a yard chest (the pocket rides the pool)
F11 [F11] water: pass 14 head=dry shore=hit r=1 land=none y=63.4 o2=20 probes=0 at=[-141,63,396]
F12 climb out (trip): failed - stalled
F12 map trip skipped: cannot leave the shaft
F9 [F9] water: drowning rescue start (drowning, oxygen 15)
F9 [F9] water: pass 0 head=wet shore=none land=n/a y=61.0 o2=15 probes=0 at=[-182,61,417]
F10 tool upgrade due: cobble available -> stone_pickaxe
F10 [toolupgrade] [upgrade] craft stick: no craftable recipe variant (ingredients missing?)
t-126s alive=19/19 mined=2284 map=895p/14ch banked=80 smelted=4 pocket=2262u/276s | sand=42 gravel=31 dirt=364 stone=0
   deficits: 157926/42 (0.0%) 149380/31 (0.0%) 31860/0 (0.0%) 27420/0 (0.0%) 10725/103 (1.0%)
   F1=171[cobblestone:119 dirt:19 raw_iron:9] | F2=160[cobblestone:51 diorite:44 dirt:36] | F3=164[cobblestone:45 dirt:39 raw_copper:33] | F4=154[cobblestone:38 oak_log:6 stick:3] | F5=121[cobblestone:29 dirt:11 torch:8] | F6=93[cobblestone:35 andesite:18 gravel:15] | F7=36[dirt:18 leaf_litter:17 torch:8] | F8=132[dirt:46 leaf_litter:25 stick:5] | F9=45[sand:26 torch:15 leaf_litter:8] | F10=43[torch:12 cobblestone:7 dirt:6] | F11=109[granite:30 diorite:21 dirt:15] | F12=108[granite:27 cobblestone:18 diorite:11] | F13=48[dirt:4 oak_log:4 oak_sapling:2] | F14=111[dirt:49 cobblestone:29 torch:16] | F15=176[cobblestone:108 dirt:30 leaf_litter:15] | F16=189[raw_copper:81 cobblestone:75 dirt:34] | F17=113[cobblestone:23 raw_copper:7 coal:6] | F18=118[cobblestone:77 dirt:18 raw_copper:13] | F19=193[cobblestone:94 diorite:26 dirt:19]
   mem: heap=119M/157M old=-1M ext=123M ab=121M rss=390M cols=1876 ents=3213 evicted=1546 path=3a/0q (max 6) stale=0
F11 [F11] water: rescue complete in 20.9s
F11 [F11] water: hazard memorized at [-143,62,395] (10 live, fleet-wide)
F9 [F9] water: rescue complete in 1.2s
F9 [F9] water: hazard memorized at [-183,62,417] (11 live, fleet-wide)
F8 tunnel: 12 blocks (branch mine at the floor, steered, ore detour)
[F11] walk refused by a water rescue - rescue cleared, walking again
F11 smelted 2 (glass:2) rescued=0
F11 iron commune: iron commune: path nudge approach: 1 segment(s) walked in 0.0s, goal now d=10.8 (inside the direct envelope)
F11 iron commune: iron commune: path nudge inside the direct envelope
F18 tunnel: 12 blocks (branch mine at the floor, steered, ore detour)
F18 bank trip: skipped (pockets full, 122s left < 150s - the end-phase owns the deadline banking)
F18 [F18] craft torches: skip (no coal: sticks 3 coals 0)
F18 tunnel: steering coal_ore @ 6.2b (axis z--1, cross 0.29999999999999716, floor lock)
F2 [F2] hop: chest at [-131,72,410] d=7 zero: cannot open chest (open chest: timeout after 10000ms)
F11 iron commune: iron commune: chest walk failed after the nudge (No path to the goal!)
F11 iron commune: chest walk failed (No path to the goal!)
F1 [F1] raw hop failed: raw walk: no net progress for 8219ms (best d=8.0) - pathfinder retry
F5 climb out (trip): OK +11 levels (11 steps, 44 dug, 8 traversed, 58s)
F11 iron commune: chest walk failed (No path to the goal!)
F10 [F10] water: drowning rescue start (drowning, oxygen 14)
F10 [F10] water: pass 0 head=wet shore=none land=n/a y=55.0 o2=14 probes=0 at=[-123,55,389]
F17 [F17] water: drowning rescue start (drowning, oxygen 14)
F17 [F17] water: pass 0 head=wet shore=none land=n/a y=59.6 o2=14 probes=0 at=[-152,60,391]
F11 iron commune: chest walk failed (No path to the goal!)
[hb] n=24 ts=481s rss=387M late=117ms mainLate=1774ms
F16 [F16] raw hop failed: raw walk: no net progress for 8053ms (best d=8.0) - pathfinder retry
F10 [F10] water: pass 4 head=dry shore=hit r=1 land=none y=57.3 o2=20 probes=0 at=[-122,57,388]
F17 [F17] water: pass 4 head=dry shore=hit r=7 land=none y=62.4 o2=20 probes=0 at=[-152,62,390]
F17 [F17] raw hop failed: raw walk timeout after 15245ms (d=9.8) - pathfinder retry
F15 [F15] raw hop failed: raw walk timeout after 20186ms (d=8.0) - pathfinder retry
F17 [F17] hop: chest at [-152,72,390] d=10 zero: chest unreachable (water rescue in progress (walk to chest (retry) refused))
F10 [F10] water: pass 6 head=dry shore=hit r=1 land=none y=57.2 o2=20 probes=0 at=[-122,57,389]
F17 [F17] water: pass 6 head=wet shore=none land=n/a y=61.0 o2=20 probes=0 at=[-152,61,391]
F16 [F16] hop: chest at [-141,72,408] d=10 zero: chest unreachable (Took to long to decide path to goal!)
F16 bank: chest unreachable (Took to long to decide path to goal!) (17 blocks from yard) - walking back
F16 bank: yard walk arrived in 0s (1 attempt)
F16 camp furnace: 1 near machine(s) beyond the 24b direct envelope (nearest d=11.3) - 11 inside the envelope keep the veto
F16 camp furnace: no build (machine near)
F17 [F17] water: pass 9 head=dry shore=hit r=5 land=none y=62.4 o2=20 probes=0 at=[-152,62,392]
F2 [F2] raw hop failed: raw walk: no net progress for 8989ms (best d=8.0) - pathfinder retry
F10 [toolupgrade] [upgrade] upgraded: stone_pickaxe,wooden_shovel,wooden_pickaxe,wooden_pickaxe
F10 tool upgrade: OK -> stone_pickaxe (stone_pickaxe,wooden_shovel,wooden_pickaxe,wooden_pickaxe)
F10 [F10] craft torches: skip (no spare sticks: sticks 0 coals 5)
F10 [F10] water: pass 9 head=dry shore=hit r=1 land=none y=58.5 o2=20 probes=0 at=[-122,59,389]
F4 [F4] direct deposit: 27 chest slots derived from the 63-slot view
F4 [F4] banked 40 items at (-152, 72, 390) (direct=2 fallback=0 mirror=true kept: oak_log, stick, wooden_sword, crafting_table)
F4 bank: +147
F14 [F14] craft torches: the metal fuel reserve holds all 1 coal for the furnace (8 raw metal held)
F18 tunnel: 4 blocks (branch mine at the floor, steered, floor lock)
F18 bank trip: skipped (pockets full, 110s left < 150s - the end-phase owns the deadline banking)
F17 [F17] water: pass 11 head=dry shore=hit r=3 land=none y=62.3 o2=20 probes=0 at=[-152,62,394]
t-110s alive=19/19 mined=2312 map=897p/14ch banked=227 smelted=6 pocket=2259u/274s | sand=42 gravel=31 dirt=374 stone=0
   deficits: 157926/42 (0.0%) 149380/31 (0.0%) 31860/0 (0.0%) 27420/0 (0.0%) 10725/103 (1.0%)
   F1=171[cobblestone:119 dirt:19 raw_iron:9] | F2=160[cobblestone:51 diorite:44 dirt:36] | F3=164[cobblestone:45 dirt:39 raw_copper:33] | F4=154[oak_log:6 stick:3 wooden_pickaxe:2] | F5=124[cobblestone:29 dirt:16 torch:8] | F6=93[cobblestone:35 andesite:18 gravel:15] | F7=37[dirt:17 leaf_litter:17 torch:8] | F8=135[dirt:52 leaf_litter:25 stick:5] | F9=45[sand:26 torch:15 leaf_litter:8] | F10=43[torch:12 dirt:6 cobblestone:5] | F11=109[granite:30 diorite:21 dirt:15] | F12=108[granite:27 cobblestone:18 diorite:11] | F13=50[oak_log:6 dirt:4 coal:3] | F14=111[dirt:49 cobblestone:29 torch:16] | F15=176[cobblestone:108 dirt:30 leaf_litter:15] | F16=189[raw_copper:81 cobblestone:75 dirt:34] | F17=113[cobblestone:23 raw_copper:7 coal:6] | F18=128[cobblestone:87 dirt:18 raw_copper:13] | F19=202[cobblestone:103 diorite:26 dirt:19]
   mem: heap=116M/158M old=-1M ext=124M ab=121M rss=390M cols=1887 ents=2968 evicted=1567 path=6a/2q (max 6) stale=0
F10 [F10] water: pass 10 head=wet shore=none land=n/a y=56.8 o2=20 probes=0 at=[-122,57,389]
F10 tunnel: steering coal_ore @ 5.4b (axis x--1, cross 2.6999999999999886, floor lock)
F17 [F17] water: pass 14 head=dry shore=hit r=1 land=none y=63.1 o2=20 probes=0 at=[-152,63,396]
F10 [F10] water: pass 14 head=dry shore=hit r=1 land=none y=57.9 o2=20 probes=0 at=[-123,58,389]
F15 [F15] raw hop failed: raw walk: no net progress for 8021ms (best d=8.0) - pathfinder retry
F7 map trip: sand
F4 [F4] craft torches: skip (no coal: sticks 3 coals 0)
F4 [F4] digShaft: water hazard 4.9b away (live 11) - refusing this column, the caller rotates
F4 tunnel: 0 blocks (branch mine at the floor, ore detour)
F4 [F4] craft torches: skip (no coal: sticks 3 coals 0)
F4 [F4] digShaft: water hazard 4.9b away (live 11) - refusing this column, the caller rotates
F18 [F18] craft torches: skip (no coal: sticks 3 coals 0)
F18 tunnel: steering coal_ore @ 9.9b (axis x--1, cross 2.377731470568108, ore detour)
F12 [F12] craft torches: skip (no coal: sticks 3 coals 0)
F10 [F10] water: pass 15 head=wet shore=none land=n/a y=56.4 o2=19 probes=0 at=[-122,56,389]
F17 [F17] water: pass 17 head=dry shore=hit r=1 land=none y=63.8 o2=20 probes=0 at=[-153,64,399]
F7 sword due: planks available
F6 [F6] approach: 7 segment(s) walked in 81.6s, goal now d=31.1 (still outside - the approach clock is spent)
F6 [F6] hop: chest at [-116,72,416] d=33 zero: chest unreachable (budget exhausted (walk floor))
F6 [F6] hop: chest at [-121,72,414] d=32 zero: chest unreachable (budget exhausted (walk floor))
F6 [F6] hop: chest at [-116,72,414] d=32 zero: chest unreachable (budget exhausted (walk floor))
F6 [F6] hop: chest at [-126,72,414] d=33 zero: chest unreachable (budget exhausted (walk floor))
F6 [F6] hop: chest at [-116,72,412] d=33 zero: chest unreachable (budget exhausted (walk floor))
F6 [F6] hop: chest at [-131,72,416] d=33 zero: chest unreachable (budget exhausted (walk floor))
F6 bank fallback: none (chest unreachable (budget exhausted (walk floor)))
F6 end-bank budget spent - smelt skipped
F6 [F6] hop: chest at [-121,72,416] d=31 zero: chest unreachable (budget exhausted (walk floor))
F6 [F6] hop: chest at [-116,72,416] d=31 zero: chest unreachable (budget exhausted (walk floor))
F6 [F6] hop: chest at [-126,72,416] d=32 zero: chest unreachable (budget exhausted (walk floor))
F6 [F6] hop: chest at [-121,72,414] d=32 zero: chest unreachable (budget exhausted (walk floor))
F6 [F6] hop: chest at [-116,72,414] d=32 zero: chest unreachable (budget exhausted (walk floor))
F6 [F6] hop: chest at [-126,72,414] d=33 zero: chest unreachable (budget exhausted (walk floor))
F6 [F6] hop: chest at [-116,72,412] d=33 zero: chest unreachable (budget exhausted (walk floor))
F6 [F6] hop: chest at [-131,72,416] d=33 zero: chest unreachable (budget exhausted (walk floor))
F6 bank: 0 (chest unreachable (budget exhausted (walk floor)))
F10 [F10] water: pass 18 head=dry shore=hit r=1 land=none y=59.2 o2=20 probes=0 at=[-122,59,389]
F17 [F17] water: pass 19 head=dry shore=hit r=1 land=none y=63.4 o2=20 probes=0 at=[-155,63,399]
F4 tunnel: 0 blocks (branch mine at the floor, floor lock)
F10 [F10] water: rescue complete in 19.5s
F10 [F10] water: frozen-return gate clears - the rescue completed with living physics
F10 [F10] water: hazard memorized at [-123,57,388] (10 live, fleet-wide)
F7 sword: OK (wooden_sword, holds 1)
F7 sword: OK (wooden_sword)
F7 [F7] craft torches: skip (no coal: sticks 4 coals 0)
F4 [F4] craft torches: skip (no coal: sticks 3 coals 0)
F1 [F1] hop: chest at [-156,72,406] d=10 zero: cannot open chest (open chest: timeout after 10000ms)
F1 bank: cannot open chest (open chest: timeout after 10000ms) (20 blocks from yard) - walking back
F1 bank: yard walk arrived in 0s (1 attempt)
F1 end-bank budget spent - smelt skipped
F11 [F11] raw hop failed: raw walk timeout after 20172ms (d=8.1) - pathfinder retry
F7 [F7] digShaft: water table y=59 (region strike) - stopping above the aquifer, the tunnel owns this level (regions 2)
F7 tunnel: steering copper_ore @ 4b (axis z--1, cross 0.5589601026532307, ore detour)
F12 retry #1 in 6.4s (Timeout waiting for 4 ticks after 5200ms)
[hb] n=25 ts=501s rss=386M late=121ms mainLate=1212ms
F17 [F17] water: pass 23 head=dry shore=hit r=1 land=none y=63.8 o2=20 probes=0 at=[-158,64,400]
F9 [F9] torch: the placement did not land (wall) x1 - the streak names itself once, a landing re-arms it
F17 [F17] water: pass 26 head=dry shore=hit r=1 land=none y=63.8 o2=20 probes=0 at=[-158,64,398]
F17 [F17] water: rescue complete in 25.1s
F17 [F17] water: hazard memorized at [-152,62,395] (11 live, fleet-wide)
F17 [F17] hop: chest at [-154,72,390] d=11 zero: chest unreachable (budget exhausted (walk floor))
F17 bank: +85
F7 tunnel: 2 blocks (branch mine at the floor, steered, ore detour)
F14 [F14] water: drowning rescue start (drowning, oxygen 15)
F14 [F14] water: pass 0 head=wet shore=none land=n/a y=47.0 o2=15 probes=0 at=[-121,47,400]
F14 bank trip: skipped (pockets full, 95s left < 150s - the end-phase owns the deadline banking)
F14 [F14] craft torches: 3 batch(es) -> 12 torches (sticks 5 coals 4, the metal reserve keeps 1)
[F16] walk nudge: approach: 1 segment(s) walked in 15.1s, goal now d=11.1 (inside the direct envelope)
[F16] walk nudge: inside the direct envelope
t-95s alive=19/19 mined=2363 map=966p/15ch banked=312 smelted=6 pocket=2314u/275s | sand=50 gravel=31 dirt=385 stone=0
   deficits: 157926/50 (0.0%) 149380/31 (0.0%) 31860/0 (0.0%) 27420/0 (0.0%) 10725/103 (1.0%)
   F1=171[cobblestone:119 dirt:19 raw_iron:9] | F2=160[cobblestone:51 diorite:44 dirt:36] | F3=164[cobblestone:45 dirt:39 raw_copper:33] | F4=154[oak_log:6 stick:3 wooden_pickaxe:2] | F5=127[cobblestone:29 dirt:18 torch:8] | F6=93[cobblestone:35 andesite:18 gravel:15] | F7=42[dirt:22 leaf_litter:19 torch:8] | F8=135[dirt:52 leaf_litter:25 stick:5] | F9=55[sand:33 torch:15 leaf_litter:8] | F10=43[torch:12 cobblestone:6 dirt:6] | F11=109[granite:30 diorite:21 dirt:15] | F12=108[granite:27 cobblestone:18 diorite:11] | F13=50[dirt:6 oak_log:6 coal:3] | F14=124[dirt:49 cobblestone:41 torch:19] | F15=176[cobblestone:108 dirt:30 leaf_litter:15] | F16=189[raw_copper:81 cobblestone:75 dirt:34] | F17=113[cobblestone:23 raw_copper:7 coal:6] | F18=139[cobblestone:97 dirt:18 raw_copper:13] | F19=211[cobblestone:112 diorite:26 dirt:19]
   mem: heap=113M/158M old=-1M ext=124M ab=121M rss=387M cols=1879 ents=3036 evicted=1626 path=4a/0q (max 6) stale=0
F18 tunnel: 12 blocks (branch mine at the floor, steered, ore detour)
F18 bank trip: skipped (pockets full, 94s left < 150s - the end-phase owns the deadline banking)
F18 [F18] craft torches: skip (no coal: sticks 3 coals 0)
F18 tunnel: steering coal_ore @ 7.9b (axis z+, cross 2.299999999999997, floor lock)
F4 tunnel: 0 blocks (branch mine at the floor, ore detour)
F4 tunnel: 0 blocks x3 - sealed or flooded, cooling down 15s
F14 [F14] water: pass 8 head=dry shore=hit r=7 land=none y=50.9 o2=20 probes=0 at=[-122,51,400]
F9 tunnel: 12 blocks (branch mine at the floor, steered, floor lock)
F14 [F14] water: pass 13 head=dry shore=hit r=7 land=none y=51.2 o2=20 probes=0 at=[-122,51,400]
F12 [F12] craft torches: skip (no coal: sticks 3 coals 0)
F11 [F11] raw hop failed: raw walk: no net progress for 8094ms (best d=8.0) - pathfinder retry
F9 [F9] craft torches: skip (no coal: sticks 7 coals 0)
F12 [F12] digShaft: water hazard 0.8b away (live 11) - refusing this column, the caller rotates
F12 tunnel: steering coal_ore @ 18.9b (axis x+, cross 2.6999999999999886, ore detour)
F2 [F2] hop: chest at [-131,72,408] d=8 zero: cannot open chest (open chest: timeout after 10000ms)
F14 [F14] water: pass 17 head=dry shore=hit r=7 land=none y=51.4 o2=20 probes=0 at=[-122,51,400]
F1 [F1] raw hop failed: raw walk: no net progress for 8134ms (best d=9.0) - pathfinder retry
F9 [F9] digShaft: water table y=59 (region strike) - stopping above the aquifer, the tunnel owns this level (regions 2)
F14 [F14] water: pass 20 head=dry shore=hit r=7 land=none y=50.1 o2=20 probes=0 at=[-121,50,400]
F12 [F12] water: drowning rescue start (drowning, oxygen 14)
F12 [F12] water: pass 0 head=wet shore=none land=n/a y=52.0 o2=14 probes=0 at=[-146,52,391]
F18 tunnel: 4 blocks (branch mine at the floor, steered, floor lock)
F18 bank trip: skipped (pockets full, 86s left < 150s - the end-phase owns the deadline banking)
F11 [F11] hop: chest at [-141,72,406] d=17 zero: chest unreachable (Took to long to decide path to goal!)
F11 [F11] hop: chest at [-136,72,408] d=9 zero: chest unreachable (budget exhausted (walk floor))
F11 bank: 0 (chest unreachable (budget exhausted (walk floor)))
F15 [F15] hop: chest at [-136,72,406] d=18 zero: cannot open chest (open chest: timeout after 10000ms)
F14 [F14] water: pass 23 head=wet shore=none land=n/a y=49.1 o2=20 probes=0 at=[-121,49,400]
F18 [F18] craft torches: skip (no coal: sticks 3 coals 0)
F18 tunnel: steering iron_ore @ 8.5b (axis z--1, cross 3.384559808959665, ore detour)
F8 pre-position: 50b from yard, t-84s - walking home
F1 [F1] hop: chest at [-156,72,406] d=9 zero: chest unreachable (Took to long to decide path to goal!)
F1 bank: 0 (budget exhausted)
F12 [F12] water: pass 2 head=wet shore=none land=n/a y=53.2 o2=20 probes=0 at=[-146,53,391]
F11 [F11] craft torches: stick-dry with logs held - one plank conversion first
F16 [F16] water: drowning rescue start (drowning, oxygen 20)
F16 [F16] water: pass 0 head=wet shore=none land=n/a y=61.9 o2=20 probes=0 at=[-146,62,391]
F14 bank trip: skipped (pockets full, 84s left < 150s - the end-phase owns the deadline banking)
F14 [F14] craft torches: stick-dry with logs held - one plank conversion first
F17 [F17] craft torches: 2 batch(es) -> 8 torches (sticks 4 coals 6, the metal reserve keeps 1)
F1 [F1] craft torches: skip (no coal: sticks 5 coals 0)
F11 [F11] craft torches: stick-dry but 7 planks held - one stick batch first
F12 [F12] water: deep-pocket ascend - dug the ceiling dirt at [-147,56,390] (jump stalled 4+ passes, o2 20)
F11 [F11] craft torches: skip (no coal: sticks 6 coals 0)
F14 [F14] water: pass 33 head=dry shore=hit r=7 land=none y=50.9 o2=20 probes=0 at=[-121,51,400]
F1 [F1] digShaft: water table y=59 (region strike) - stopping above the aquifer, the tunnel owns this level (regions 2)
F1 bank trip: skipped (pockets full, 83s left < 150s - the end-phase owns the deadline banking)
F6 pre-position: 50b from yard, t-83s - walking home
F9 pre-position: 49b from yard, t-83s - walking home
F14 [F14] craft torches: stick-dry but 7 planks held - one stick batch first
F14 [F14] craft torches: the metal fuel reserve holds all 1 coal for the furnace (8 raw metal held)
F9 climb out (pre-position): OK +2 levels (1 steps, 1 dug, 1s)
F9 bank: smelt hold skipped - no fuel in pocket (coal 0)
F11 [F11] digShaft: water table y=59 (region strike) - stopping above the aquifer, the tunnel owns this level (regions 2)
F11 tunnel: steering iron_ore @ 14.9b (axis z+, cross 3.3173056227087727, ore detour)
F12 [F12] water: pass 13 head=wet shore=none land=n/a y=54.4 o2=20 probes=0 at=[-147,54,391]
F12 [F12] water: frozen physics (10 flat passes at y=54.4, o2=20, head WET) - standing down, the reconnect lane owns this
F12 [F12] water: rescue standing down (frozen physics - the walk gate reopens, the reconnect lane owns a dead client) in 4.6s
F12 [F12] water: frozen client relog (#2 consecutive) (frozen while head-wet (1 verdict) - the drowning clock owns this client) - ending the session, the reconnect lane rebuilds the physics; the drowning sentry holds non-critical pages 20s (the frozen-return gate)
F12 [F12] water: hazard memorized at [-147,54,390] (12 live, fleet-wide)
F16 [F16] water: pass 9 head=dry shore=hit r=4 land=none y=62.2 o2=20 probes=0 at=[-146,62,391]
F14 [F14] water: pass 42 head=dry shore=hit r=7 land=none y=51.4 o2=20 probes=0 at=[-122,51,400]
F2 [F2] raw hop failed: raw walk: no net progress for 8208ms (best d=8.0) - pathfinder retry
[hb] n=26 ts=521s rss=395M late=127ms mainLate=1132ms
t-79s alive=19/19 mined=2417 map=983p/15ch banked=312 smelted=6 pocket=2397u/276s | sand=60 gravel=31 dirt=397 stone=0
   deficits: 157926/60 (0.0%) 149380/31 (0.0%) 31860/0 (0.0%) 27420/0 (0.0%) 10725/103 (1.0%)
   F1=172[cobblestone:121 dirt:22 raw_iron:9] | F2=160[cobblestone:51 diorite:44 dirt:36] | F3=164[cobblestone:45 dirt:39 raw_copper:33] | F4=154[oak_log:6 stick:3 wooden_pickaxe:2] | F5=135[cobblestone:29 dirt:16 leaf_litter:12] | F6=96[cobblestone:39 andesite:18 gravel:15] | F7=43[dirt:22 leaf_litter:19 torch:8] | F8=135[dirt:52 leaf_litter:25 stick:5] | F9=61[sand:38 torch:14 leaf_litter:11] | F10=44[torch:12 cobblestone:8 dirt:6] | F11=115[granite:30 diorite:21 dirt:20] | F12=110[granite:27 cobblestone:19 diorite:11] | F13=50[coal:6 oak_log:6 dirt:5] | F14=124[dirt:49 cobblestone:41 torch:27] | F15=176[cobblestone:108 dirt:30 leaf_litter:15] | F16=189[raw_copper:81 cobblestone:75 dirt:34] | F17=118[cobblestone:24 torch:12 raw_copper:7] | F18=148[cobblestone:107 dirt:18 raw_copper:13] | F19=223[cobblestone:119 diorite:26 dirt:24]
   mem: heap=119M/162M old=-1M ext=130M ab=128M rss=395M cols=1909 ents=3028 evicted=1622 path=4a/0q (max 6) stale=0
[F16] walk nudge: approach: 1 segment(s) walked in 11.2s, goal now d=9.6 (inside the direct envelope)
[F16] walk nudge: inside the direct envelope
F17 [F17] digShaft: water table y=57 (region strike) - stopping above the aquifer, the tunnel owns this level (regions 2)
F17 tunnel: steering coal_ore @ 7b (axis z--1, cross 0.5, ore detour)
F6 [F6] combat: shelter skip (night=false armed=true hp=19.33333396911621 attackers=2 poison=off threat=creeper@6.9)
F6 [F6] combat: fleeing creeper (dist 6.9, hp 19.3, 2 nearby, sentry)
F16 smelt: 0 (raw_copper@blast_furnace: machine unreachable (No path to the goal!); raw_copper@blast_furnace: machine unreachable (visit budget spent (walk slice)))
F14 [F14] water: pass 49 head=wet shore=none land=n/a y=49.9 o2=20 probes=0 at=[-121,50,400]
F8 [F8] climb rise assist: assist did not complete (goto: climb rise assist: timeout after 4500ms)
F4 [F4] craft torches: skip (no coal: sticks 3 coals 0)
F10 [F10] water: drowning rescue start (drowning, oxygen 13)
F10 [F10] water: pass 0 head=wet shore=none land=n/a y=55.0 o2=13 probes=0 at=[-123,55,389]
F16 iron commune: chest walk failed (water rescue in progress (iron commune walk refused))
F18 tunnel: 4 blocks (branch mine at the floor, steered, ore detour)
F18 bank trip: skipped (pockets full, 78s left < 150s - the end-phase owns the deadline banking)
F18 [F18] craft torches: skip (no coal: sticks 3 coals 0)
F18 tunnel: steering iron_ore @ 17.9b (axis x--1, cross 1.6999999999999886, floor lock)
F16 iron commune: chest walk failed (water rescue in progress (iron commune walk refused))
F16 [F16] water: pass 14 head=wet shore=none land=n/a y=60.6 o2=18 probes=0 at=[-145,61,392]
F16 iron commune: chest walk failed (water rescue in progress (iron commune walk refused))
F16 fuel anchor scan returned empty (attempt 1/2) at [-145,61,392] yard d=17 - the palette empty-return class, re-querying
F16 fuel anchor scan returned empty (attempt 2/2) at [-145,61,392] yard d=17
F16 fuel anchor scan empty x2 - the singular probe rescued the scan (chest at [-152,72,390])
F15 [F15] raw hop failed: raw walk: no net progress for 8782ms (best d=8.0) - pathfinder retry
F19 climb out (bank): failed - timeout
F19 climb out (bank): retry (escalated retry after timeout, fenced to 29s of the 29s the chain has left)
F19 bank: holding 45s of 120s for the smelt leg
F14 [F14] water: pass 51 head=wet shore=none land=n/a y=49.8 o2=20 probes=0 at=[-122,50,400]
F10 [F10] water: pass 2 head=wet shore=none land=n/a y=56.3 o2=10 probes=0 at=[-123,56,389]
F8 [F8] climb run-up: gallery opened toward 0,1 (digs 1) - the rise re-judges from the L-mouth
F8 [F8] climb diag: level at y=61 did not rise (food=20, dug=1) feet=air support=air step=air head=air
F16 fuel anchor: 0 delivered (walk failed (water rescue in progress (fuel anchor walk retry refused))) - the legacy scatter carries the tithe
F1 [F1] craft torches: skip (no coal: sticks 5 coals 0)
F2 [F2] hop: chest at [-131,72,406] d=8 zero: chest unreachable (Took to long to decide path to goal!)
F2 bank fallback: none (budget exhausted)
F2 camp furnace: 4 near machine(s) beyond the 24b direct envelope (nearest d=16.2) - 9 inside the envelope keep the veto
F2 camp furnace: no build (machine near)
F16 [F16] water: pass 16 head=dry shore=hit r=3 land=none y=62.6 o2=20 probes=0 at=[-144,63,393]
F1 [F1] digShaft: water table y=59 (region strike) - stopping above the aquifer, the tunnel owns this level (regions 2)
F1 tunnel: steering iron_ore @ 16.4b (axis z+, cross 0.4736629409207467, ore detour)
F16 [F16] water: pass 18 head=dry shore=hit r=2 land=none y=62.4 o2=20 probes=0 at=[-143,62,394]
F14 tunnel: steering coal_ore @ 7.8b (axis z+, cross 0.7000000000000028, floor lock)
F10 [F10] water: pass 4 head=wet shore=none land=n/a y=56.3 o2=20 probes=0 at=[-122,56,389]
F15 [F15] hop: chest at [-136,72,408] d=8 zero: chest unreachable (Took to long to decide path to goal!)
F15 bank: chest unreachable (Took to long to decide path to goal!) (8 blocks from yard) - walking back
F15 bank: end-bank budget spent - yard walk cancelled
F15 end-bank budget spent - smelt skipped
F15 bank: 0 (no chest in range)
F8 climb out (pre-position): OK +2 levels (1 steps, 4 dug, 13s)
F17 tunnel: 2 blocks (branch mine at the floor, steered, ore detour)
F14 [F14] water: rescue timeout (still wet, 56 passes, 0 probes, tail wet/dry/dry) in 25.6s
F14 [F14] water: hazard memorized at [-122,50,399] (13 live, fleet-wide)
F16 [F16] water: pass 21 head=dry shore=hit r=1 land=none y=63.5 o2=20 probes=0 at=[-142,63,396]
F15 [F15] craft torches: stick-dry but 5 planks held - one stick batch first
F4 tunnel: 0 blocks (branch mine at the floor, floor lock)
F15 [F15] craft torches: skip (no coal: sticks 6 coals 0)
F11 tunnel: 7 blocks (branch mine at the floor, steered, ore detour)
F11 bank trip: skipped (pockets full, 70s left < 150s - the end-phase owns the deadline banking)
F16 [F16] water: rescue complete in 14.1s
F16 [F16] water: hazard memorized at [-143,62,394] (14 live, fleet-wide)
F10 [F10] water: pass 8 head=wet shore=none land=n/a y=56.0 o2=20 probes=0 at=[-122,56,389]
F1 tunnel: 2 blocks (branch mine at the floor, steered, ore detour)
F1 bank trip: skipped (pockets full, 69s left < 150s - the end-phase owns the deadline banking)
F15 [F15] digShaft: water table y=59 (region strike) - stopping above the aquifer, the tunnel owns this level (regions 2)
F15 bank trip: skipped (pockets full, 69s left < 150s - the end-phase owns the deadline banking)
F4 [F4] craft torches: skip (no coal: sticks 3 coals 0)
F11 [F11] craft torches: skip (no coal: sticks 6 coals 0)
F5 map trip: sand
F10 [F10] water: pass 17 head=dry shore=hit r=1 land=none y=58.2 o2=20 probes=0 at=[-122,58,387]
F5 pre-position: 56b from yard, t-67s - walking home
F5 bank: smelt hold skipped - no fuel in pocket (coal 0)
F9 [F9] approach: 1 segment(s) walked in 15.2s, goal now d=11.2 (inside the direct envelope)
F1 [F1] craft torches: skip (no coal: sticks 5 coals 0)
F10 tunnel: 3 blocks (branch mine at the floor, steered, floor lock)
F10 [F10] craft torches: skip (no spare sticks: sticks 0 coals 5)
F10 tunnel: steering coal_ore @ 6.5b (axis x--1, cross 0.30000000000001137, ore detour)
F10 tunnel: 0 blocks (branch mine at the floor, steered, ore detour)
F10 [F10] craft torches: skip (no spare sticks: sticks 0 coals 5)
F10 tunnel: steering coal_ore @ 6.7b (axis x--1, cross 1.3000000000000114, floor lock)
F10 tunnel: 0 blocks (branch mine at the floor, steered, floor lock)
F10 [F10] craft torches: skip (no spare sticks: sticks 0 coals 5)
F10 tunnel: steering coal_ore @ 7.4b (axis x--1, cross 0.30000000000001137, ore detour)
F10 tunnel: 0 blocks (branch mine at the floor, steered, ore detour)
F10 tunnel: 0 blocks x3 - sealed or flooded, cooling down 15s
F1 [F1] digShaft: water table y=59 (region strike) - stopping above the aquifer, the tunnel owns this level (regions 2)
F1 bank trip: skipped (pockets full, 66s left < 150s - the end-phase owns the deadline banking)
F10 [F10] water: rescue complete in 12.9s
F10 [F10] water: hazard memorized at [-123,58,386] (15 live, fleet-wide)
F4 [F4] digShaft: water table y=57 (region strike) - stopping above the aquifer, the tunnel owns this level (regions 2)
t-64s alive=19/19 mined=2479 map=1010p/16ch banked=312 smelted=6 pocket=2479u/280s | sand=63 gravel=32 dirt=420 stone=0
   deficits: 157926/63 (0.0%) 149380/32 (0.0%) 31860/0 (0.0%) 27420/0 (0.0%) 10725/107 (1.0%)
   F1=179[cobblestone:121 dirt:27 leaf_litter:9] | F2=160[cobblestone:51 diorite:44 dirt:36] | F3=164[cobblestone:45 dirt:39 raw_copper:33] | F4=162[oak_log:6 cobblestone:4 stick:3] | F5=136[cobblestone:29 dirt:16 leaf_litter:12] | F6=97[cobblestone:40 andesite:19 gravel:16] | F7=44[dirt:22 leaf_litter:19 torch:8] | F8=139[dirt:56 leaf_litter:30 stick:5] | F9=61[sand:38 torch:14 leaf_litter:11] | F10=46[torch:12 cobblestone:9 dirt:7] | F11=126[granite:32 dirt:25 diorite:22] | F12=110[granite:27 cobblestone:19 diorite:11] | F13=50[coal:6 oak_log:6 dirt:5] | F14=127[dirt:49 cobblestone:43 torch:27] | F15=179[cobblestone:108 dirt:34 leaf_litter:18] | F16=189[raw_copper:81 cobblestone:75 dirt:34] | F17=128[cobblestone:26 raw_copper:16 torch:12] | F18=159[cobblestone:115 dirt:18 raw_copper:13] | F19=223[cobblestone:119 diorite:26 dirt:25]
   mem: heap=124M/161M old=-1M ext=132M ab=130M rss=394M cols=1908 ents=3019 evicted=1690 path=4a/0q (max 6) stale=0
F14 [F14] water: drowning rescue start (drowning, oxygen 13)
F14 [F14] water: pass 0 head=wet shore=none land=n/a y=46.0 o2=13 probes=0 at=[-121,46,400]
F4 [F4] craft torches: skip (no coal: sticks 3 coals 0)
F4 [F4] digShaft: water table y=57 (region strike) - stopping above the aquifer, the tunnel owns this level (regions 2)
F4 [F4] craft torches: skip (no coal: sticks 3 coals 0)
F4 [F4] digShaft: water table y=57 (region strike) - stopping above the aquifer, the tunnel owns this level (regions 2)
F4 tunnel: steering coal_ore @ 5.1b (axis x+, cross 3.5, floor lock)
[F2] walk nudge: approach: 1 segment(s) walked in 7.4s, goal now d=11.2 (inside the direct envelope)
[F2] walk nudge: inside the direct envelope
F18 tunnel: 13 blocks (branch mine at the floor, steered, floor lock)
F2 [F2] water: drowning rescue start (drowning, oxygen 13)
F2 [F2] water: pass 0 head=wet shore=none land=n/a y=61.0 o2=13 probes=0 at=[-143,61,393]
F2 smelt: 0 (raw_copper@blast_furnace: machine unreachable (visit budget spent (walk slice)))
F2 iron commune: chest walk failed (water rescue in progress (iron commune walk refused))
F2 iron commune: chest walk failed (water rescue in progress (iron commune walk refused))
F2 iron commune: chest walk failed (water rescue in progress (iron commune walk refused))
F16 [F16] water: drowning rescue start (drowning, oxygen 14)
F16 [F16] water: pass 0 head=wet shore=none land=n/a y=55.0 o2=14 probes=0 at=[-152,55,389]
F12 tunnel: 2 blocks (branch mine at the floor, steered, ore detour)
F12 [F12] craft torches: skip (no coal: sticks 3 coals 0)
F14 [F14] water: pass 12 head=dry shore=hit r=1 land=none y=50.6 o2=18 probes=0 at=[-121,51,400]
F17 [F17] vein sweep: 6 drop(s) in reach (10 dug)
F2 [F2] water: rescue complete in 1.9s
F2 [F2] water: hazard memorized at [-142,62,394] (14 live, fleet-wide)
F16 [F16] water: pass 11 head=dry shore=hit r=6 land=none y=62.7 o2=20 probes=0 at=[-152,63,390]
F2 [F2] water: drowning rescue start (drowning, oxygen 20)
F2 [F2] water: pass 0 head=wet shore=none land=n/a y=61.9 o2=20 probes=0 at=[-137,62,391]
F11 bank trip: skipped (pockets full, 60s left < 150s - the end-phase owns the deadline banking)
[hb] n=27 ts=541s rss=394M late=131ms mainLate=655ms
F14 [F14] water: pass 25 head=dry shore=hit r=1 land=none y=50.7 o2=20 probes=0 at=[-121,51,400]
F16 [F16] water: pass 17 head=dry shore=hit r=6 land=none y=62.4 o2=20 probes=0 at=[-152,62,390]
F2 [F2] water: pass 5 head=dry shore=hit r=3 land=none y=62.2 o2=20 probes=0 at=[-137,62,390]
F11 [F11] craft torches: skip (no coal: sticks 6 coals 0)
F11 bank trip: skipped (pockets full, 58s left < 150s - the end-phase owns the deadline banking)
F11 [F11] craft torches: skip (no coal: sticks 6 coals 0)
F11 tunnel: steering coal_ore @ 6.3b (axis x--1, cross 1.5002494160631272, floor lock)
F9 [F9] raw hop failed: raw walk: no net progress for 8007ms (best d=8.0) - pathfinder retry
F12 retry #1 in 7.7s (Timeout waiting for 4 ticks after 5200ms)
F14 [F14] water: pass 30 head=wet shore=none land=n/a y=49.8 o2=20 probes=0 at=[-121,50,400]
F14 tunnel: 6 blocks (branch mine at the floor, steered, floor lock)
F14 bank trip: skipped (pockets full, 57s left < 150s - the end-phase owns the deadline banking)
F14 [F14] craft torches: the metal fuel reserve holds all 1 coal for the furnace (8 raw metal held)
F2 [F2] water: pass 9 head=dry shore=hit r=3 land=none y=62.5 o2=20 probes=0 at=[-137,62,390]
F16 [F16] water: pass 21 head=dry shore=hit r=7 land=none y=62.4 o2=20 probes=0 at=[-152,62,390]
F6 [F6] climb diag: level at y=46 blocked toward 0,1 (dug=4) dig failed at [-124,47,437] stone (held=stone_pickaxe, grounded, post=gravel STILL THERE (server never broke it))
F4 tunnel: 12 blocks (branch mine at the floor, steered, floor lock)
F18 [F18] vein sweep: 8 drop(s) in reach (9 dug)
F13 [F13] craft torches: stick-dry with logs held - one plank conversion first
F14 [F14] water: pass 36 head=dry shore=hit r=7 land=none y=51.3 o2=20 probes=0 at=[-122,51,400]
F9 [F9] direct deposit: 27 chest slots derived from the 63-slot view
F9 camp furnace: 12 near machine(s) beyond the 24b direct envelope (nearest d=15.6) - 1 inside the envelope keep the veto
F9 camp furnace: no build (machine near)
F2 [F2] water: pass 12 head=dry shore=hit r=2 land=none y=62.2 o2=20 probes=0 at=[-137,62,390]
F13 [F13] craft torches: stick-dry but 6 planks held - one stick batch first
F16 [F16] water: pass 25 head=dry shore=hit r=6 land=none y=62.6 o2=20 probes=0 at=[-152,63,390]
F13 [F13] craft torches: 2 batch(es) -> 8 torches (sticks 0 coals 6)
F6 [F6] climb bridge: placed cobblestone at [-120,43,430] (support) - the step re-judges
F16 [F16] raw hop failed: raw walk timeout after 15172ms (d=9.4) - pathfinder retry
F16 [F16] hop: chest at [-152,72,390] d=13 zero: chest unreachable (water rescue in progress (walk to chest (retry) refused))
F16 [F16] hop: chest at [-154,72,390] d=10 zero: chest unreachable (budget exhausted (walk floor))
F16 [F16] hop: chest at [-137,72,390] d=18 zero: chest unreachable (budget exhausted (walk floor))
F16 [F16] hop: chest at [-151,72,406] d=18 zero: chest unreachable (budget exhausted (walk floor))
F16 [F16] hop: chest at [-156,72,406] d=19 zero: chest unreachable (budget exhausted (walk floor))
F16 [F16] hop: chest at [-136,72,390] d=19 zero: chest unreachable (budget exhausted (walk floor))
F16 [F16] hop: chest at [-146,72,406] d=20 zero: chest unreachable (budget exhausted (walk floor))
F16 [F16] hop: chest at [-135,72,390] d=20 zero: chest unreachable (budget exhausted (walk floor))
F16 bank: 0 (chest unreachable (budget exhausted (walk floor)))
F16 tool upgrade due: cobble available -> stone_pickaxe
F13 tool recovery: OK (wooden_pickaxe)
F13 spare pick due: spare (planks available)
F14 [F14] water: pass 41 head=wet shore=none land=n/a y=49.3 o2=20 probes=0 at=[-122,49,400]
F17 [F17] vein sweep: the drop walk to [-113,58,415] failed - sweep drops: timeout after 8000ms
F13 [F13] water: drowning rescue start (drowning, oxygen 12)
F13 [F13] water: pass 0 head=wet shore=none land=n/a y=57.0 o2=12 probes=0 at=[-124,57,388]
F13 spare pick: OK (wooden_pickaxe, holds 2)
F13 [F13] craft torches: stick-dry with logs held - one plank conversion first
F2 [F2] water: pass 18 head=dry shore=hit r=3 land=none y=62.8 o2=20 probes=0 at=[-137,63,390]
F13 [F13] craft oak_planks: no craftable recipe variant (ingredients missing?)
F13 [F13] craft torches: stick-dry but 5 planks held - one stick batch first
F13 [F13] craft torches: 2 batch(es) -> 8 torches (sticks 0 coals 4)
F16 [F16] water: pass 29 head=dry shore=hit r=6 land=none y=62.2 o2=20 probes=0 at=[-152,62,391]
F6 [F6] climb bridge: placed cobblestone at [-121,43,430] (pit) - the step re-judges
F14 [F14] water: pass 48 head=wet shore=none land=n/a y=49.3 o2=20 probes=0 at=[-122,49,400]
F10 [F10] craft torches: skip (no spare sticks: sticks 0 coals 5)
F10 [F10] digShaft: water hazard 1.4b away (live 14) - refusing this column, the caller rotates
F6 [F6] climb bridge: placed cobblestone at [-121,44,430] (support) - the step re-judges
F13 [F13] water: pass 9 head=wet shore=none land=n/a y=61.5 o2=10 probes=0 at=[-123,62,387]
F2 [F2] water: pass 23 head=dry shore=hit r=3 land=none y=62.6 o2=20 probes=0 at=[-137,63,390]
[F9] fuel clips the batch: 5 x stick completes 2 of 38 x sand (the rest re-smelts on the next chain)
[F9] furnace slots after put: input=sand fuel=stick
[F9] smelting 2 x sand in a furnace (fuel: 5 x stick)
F9 smelted 0 () rescued=0 fired=2
F16 [F16] water: pass 33 head=dry shore=hit r=2 land=none y=62.1 o2=20 probes=0 at=[-152,62,395]
F12 [F12] craft torches: skip (no coal: sticks 3 coals 0)
F9 iron commune: chest holds 0 ingot(s) - nothing to complete here
t-49s alive=19/19 mined=2542 map=996p/16ch banked=312 smelted=6 pocket=2521u/285s | sand=61 gravel=32 dirt=418 stone=0
   deficits: 157926/61 (0.0%) 149380/32 (0.0%) 31860/0 (0.0%) 27420/0 (0.0%) 10725/113 (1.1%)
   F1=179[cobblestone:121 dirt:28 leaf_litter:13] | F2=160[cobblestone:51 diorite:44 dirt:36] | F3=164[cobblestone:45 dirt:39 raw_copper:33] | F4=181[cobblestone:16 oak_log:6 dirt:5] | F5=136[cobblestone:29 dirt:16 leaf_litter:12] | F6=102[cobblestone:37 andesite:23 gravel:16] | F7=44[dirt:22 leaf_litter:19 torch:8] | F8=139[dirt:56 leaf_litter:30 stick:5] | F9=61[sand:36 torch:14 oak_planks:3] | F10=48[torch:12 cobblestone:11 dirt:7] | F11=146[granite:47 dirt:25 diorite:25] | F12=110[granite:27 cobblestone:19 diorite:11] | F13=50[torch:16 dirt:5 oak_planks:3] | F14=130[dirt:49 cobblestone:45 torch:27] | F15=179[cobblestone:108 dirt:34 leaf_litter:18] | F16=189[raw_copper:81 cobblestone:75 dirt:34] | F17=131[cobblestone:27 raw_copper:16 torch:12] | F18=170[cobblestone:117 dirt:18 raw_copper:13] | F19=223[cobblestone:119 diorite:26 dirt:25]
   mem: heap=112M/161M old=-1M ext=133M ab=130M rss=396M cols=1824 ents=3186 evicted=1733 path=5a/0q (max 6) stale=0
F14 bank trip: skipped (pockets full, 49s left < 150s - the end-phase owns the deadline banking)
F14 [F14] craft torches: the metal fuel reserve holds all 1 coal for the furnace (8 raw metal held)
F14 [F14] water: pass 55 head=dry shore=hit r=7 land=none y=50.5 o2=20 probes=0 at=[-121,51,400]
F12 [F12] digShaft: water hazard 0.8b away (live 14) - refusing this column, the caller rotates
F12 tunnel: steering coal_ore @ 18.9b (axis x+, cross 2.6999999999999886, ore detour)
F11 tunnel: 12 blocks (branch mine at the floor, steered, floor lock)
F13 [F13] water: pass 13 head=dry shore=hit r=1 land=none y=62.4 o2=20 probes=0 at=[-124,62,387]
F2 [F2] water: pass 28 head=wet shore=none land=n/a y=61.6 o2=20 probes=0 at=[-137,62,390]
F18 [F18] vein sweep: the drop walk to [-133,44,412] failed - sweep drops: timeout after 8000ms
F9 iron commune: chest holds 0 ingot(s) - nothing to complete here
F16 [F16] water: pass 37 head=dry shore=hit r=1 land=none y=64.0 o2=20 probes=0 at=[-152,64,397]
F9 iron commune: chest holds 0 ingot(s) - nothing to complete here
F14 [F14] water: pass 61 head=dry shore=hit r=7 land=none y=51.4 o2=20 probes=0 at=[-122,51,400]
F13 tunnel: steering coal_ore @ 8.8b (axis z+, cross 1.0394167274108241, ore detour)
F13 [F13] water: pass 18 head=dry shore=hit r=2 land=none y=63.2 o2=20 probes=0 at=[-125,63,387]
F2 [F2] water: pass 34 head=dry shore=hit r=2 land=none y=62.2 o2=20 probes=0 at=[-137,62,390]
F2 [F2] raw hop failed: raw walk timeout after 15155ms (d=9.8) - pathfinder retry
F2 [F2] hop: chest at [-137,72,390] d=11 zero: chest unreachable (water rescue in progress (walk to chest (retry) refused))
F4 [F4] vein sweep: 8 drop(s) in reach (13 dug)
F17 [F17] vein sweep: the drop walk to [-113,58,415] failed - sweep drops: timeout after 8000ms
F14 [F14] water: pass 67 head=wet shore=none land=n/a y=49.0 o2=20 probes=0 at=[-122,49,400]
F16 [F16] water: rescue complete in 18.4s
F16 [F16] water: hazard memorized at [-152,62,395] (14 live, fleet-wide)
F10 tunnel: 6 blocks (branch mine at the floor, floor lock)
F13 [F13] water: pass 21 head=dry shore=hit r=1 land=none y=64.3 o2=20 probes=0 at=[-123,64,390]
F2 [F2] water: pass 39 head=dry shore=hit r=1 land=none y=62.2 o2=20 probes=0 at=[-136,62,392]
F16 [toolupgrade] [upgrade] upgraded: wooden_shovel,stone_pickaxe,wooden_pickaxe,wooden_pickaxe
F16 tool upgrade: OK -> stone_pickaxe (wooden_shovel,stone_pickaxe,wooden_pickaxe,wooden_pickaxe)
F16 [F16] craft torches: 2 batch(es) -> 8 torches (sticks 4 coals 16, the metal reserve keeps 8)
F13 [F13] water: rescue complete in 9.9s
F13 [F13] water: hazard memorized at [-125,62,387] (15 live, fleet-wide)
F6 climb out (pre-position): OK +3 levels (6 steps, 17 dug, 40s)
F6 bank: smelt hold skipped - no fuel in pocket (coal 0)
F13 tunnel: 1 blocks (branch mine at the floor, steered, ore detour)
F13 sword due: planks available
F16 [F16] digShaft: water hazard 3.0b away (live 15) - refusing this column, the caller rotates
F7 [F7] vein sweep: 1 drop(s) in reach (3 dug)
F2 [F2] water: pass 43 head=wet shore=none land=n/a y=61.4 o2=20 probes=0 at=[-135,61,394]
F13 sword: OK (wooden_sword, holds 1)
F13 sword: OK (wooden_sword)
F13 [F13] craft torches: stick-dry with logs held - one plank conversion first
F13 [F13] [tools] closing stale craft window (minecraft:inventory) - grid recovery
F13 [F13] craft oak_planks: no craftable recipe variant (ingredients missing?)
F13 [F13] craft torches: skip (no spare sticks: sticks 1 coals 2)
F13 [F13] digShaft: water hazard 2.5b away (live 15) - refusing this column, the caller rotates
F13 tunnel: steering coal_ore @ 7.6b (axis z+, cross 0.7000000000000028, floor lock)
F13 tunnel: 0 blocks (branch mine at the floor, steered, floor lock)
F14 tunnel: steering coal_ore @ 8.2b (axis z+, cross 0.5680637916114506, floor lock)
[hb] n=28 ts=561s rss=398M late=136ms mainLate=1148ms
F18 [F18] vein sweep: the drop walk to [-134,43,411] failed - sweep drops: timeout after 8000ms
F16 tunnel: 0 blocks (branch mine at the floor, floor lock)
F16 bank trip: skipped (pockets full, 39s left < 150s - the end-phase owns the deadline banking)
F14 [F14] water: rescue complete in 25.1s
F14 [F14] water: hazard memorized at [-122,50,399] (15 live, fleet-wide)
F12 [F12] torch: the placement did not land (dry) x1 - the streak names itself once, a landing re-arms it
F12 tunnel: 13 blocks (branch mine at the floor, steered, ore detour)
F12 [F12] craft torches: skip (no coal: sticks 3 coals 0)
F12 [F12] digShaft: water hazard 8.9b away (live 15) - refusing this column, the caller rotates
F12 tunnel: steering coal_ore @ 11.8b (axis x+, cross 3.499131054011116, floor lock)
F14 [F14] water: drowning rescue start (drowning, oxygen 20)
F14 [F14] water: pass 0 head=wet shore=none land=n/a y=48.7 o2=20 probes=0 at=[-121,49,400]
F14 tunnel: 0 blocks (branch mine at the floor, steered, floor lock)
F14 bank trip: skipped (pockets full, 37s left < 150s - the end-phase owns the deadline banking)
F14 [F14] craft torches: the metal fuel reserve holds all 1 coal for the furnace (8 raw metal held)
F7 [F7] vein sweep: the drop walks picked nothing (pocket delta 0, 0 failed walk(s))
F7 vein sweep: 3 ores dug beside the gallery (ore detour)
F2 [F2] water: rescue complete in 23.8s
F2 [F2] water: hazard memorized at [-137,62,393] (16 live, fleet-wide)
F17 [F17] vein sweep: +1u walked from the drops (10 dug)
F17 vein sweep: 10 ores dug beside the gallery (ore detour)
F14 [F14] water: pass 5 head=wet shore=none land=n/a y=49.0 o2=20 probes=0 at=[-121,49,400]
F2 [F2] hop: chest at [-136,72,390] d=10 zero: chest unreachable (budget exhausted (walk floor))
F2 [F2] hop: chest at [-135,72,390] d=10 zero: chest unreachable (budget exhausted (walk floor))
F2 [F2] hop: chest at [-136,72,406] d=15 zero: chest unreachable (budget exhausted (walk floor))
F2 [F2] hop: chest at [-141,72,406] d=15 zero: chest unreachable (budget exhausted (walk floor))
F2 [F2] hop: chest at [-131,72,406] d=16 zero: chest unreachable (budget exhausted (walk floor))
F2 [F2] hop: chest at [-136,72,408] d=16 zero: chest unreachable (budget exhausted (walk floor))
F2 [F2] hop: chest at [-141,72,408] d=17 zero: chest unreachable (budget exhausted (walk floor))
F2 bank: 0 (chest unreachable (budget exhausted (walk floor)))
t-34s alive=19/19 mined=2595 map=1006p/17ch banked=312 smelted=6 pocket=2560u/286s | sand=61 gravel=32 dirt=423 stone=0
   deficits: 157926/61 (0.0%) 149380/32 (0.0%) 31860/0 (0.0%) 27420/0 (0.0%) 10725/121 (1.1%)
   F1=179[cobblestone:121 dirt:28 leaf_litter:13] | F2=160[cobblestone:51 diorite:44 dirt:36] | F3=164[cobblestone:45 dirt:39 raw_copper:33] | F4=187[cobblestone:17 dirt:7 oak_log:6] | F5=136[cobblestone:29 dirt:16 leaf_litter:12] | F6=110[cobblestone:39 andesite:31 gravel:16] | F7=45[dirt:20 leaf_litter:19 torch:8] | F8=139[dirt:56 leaf_litter:30 stick:5] | F9=61[sand:36 torch:14 oak_planks:3] | F10=52[cobblestone:15 torch:12 dirt:8] | F11=162[granite:47 dirt:25 diorite:25] | F12=127[cobblestone:32 granite:27 diorite:11] | F13=51[torch:16 oak_planks:5 dirt:5] | F14=130[dirt:49 cobblestone:45 torch:27] | F15=179[cobblestone:108 dirt:34 leaf_litter:18] | F16=189[raw_copper:81 cobblestone:72 dirt:34] | F17=131[cobblestone:27 raw_copper:16 torch:12] | F18=170[cobblestone:117 dirt:18 raw_copper:13] | F19=223[cobblestone:119 diorite:26 dirt:25]
   mem: heap=125M/163M old=-1M ext=135M ab=132M rss=394M cols=1869 ents=3543 evicted=1753 path=6a/7q (max 6) stale=0
F11 [F11] vein sweep: 7 drop(s) in reach (16 dug)
F4 [F4] vein sweep: the drop walk to [-102,57,410] failed - sweep drops: timeout after 8000ms
F14 [F14] water: pass 10 head=wet shore=none land=n/a y=49.5 o2=20 probes=0 at=[-121,49,400]
F14 [F14] water: pass 13 head=wet shore=none land=n/a y=49.1 o2=20 probes=0 at=[-122,49,400]
F19 [F19] approach: the stall side-step (right) stalled too
F19 [F19] approach: 4 segment(s) walked in 44.5s, goal now d=37.4 (still outside - a segment stalled (no position delta))
F6 [F6] approach: the stall side-step (right) moved the start (d now 32.2)
F14 [F14] water: pass 16 head=dry shore=hit r=7 land=none y=51.5 o2=20 probes=0 at=[-122,51,400]
F13 [F13] craft torches: stick-dry but 5 planks held - one stick batch first
F15 [F15] craft torches: skip (no coal: sticks 6 coals 0)
F15 [F15] digShaft: water hazard 12.7b away (live 16) - refusing this column, the caller rotates
F15 bank trip: skipped (pockets full, 28s left < 150s - the end-phase owns the deadline banking)
F15 [F15] craft torches: skip (no coal: sticks 6 coals 0)
F15 [F15] digShaft: water hazard 12.7b away (live 16) - refusing this column, the caller rotates
F18 [F18] vein sweep: +2u walked from the drops (9 dug)
F18 vein sweep: 9 ores dug beside the gallery (floor lock)
F18 bank trip: skipped (pockets full, 28s left < 150s - the end-phase owns the deadline banking)
F14 [F14] water: pass 21 head=wet shore=none land=n/a y=49.3 o2=20 probes=0 at=[-122,49,400]
F7 [F7] craft torches: skip (no coal: sticks 4 coals 0)
F9 [F9] direct deposit: 27 chest slots derived from the 63-slot view
F9 pre-position bank: +49
F9 retry #1 in 7.8s ()
F14 bank trip: skipped (pockets full, 26s left < 150s - the end-phase owns the deadline banking)
F14 [F14] craft torches: the metal fuel reserve holds all 1 coal for the furnace (8 raw metal held)
F2 [F2] craft torches: the metal fuel reserve holds all 1 coal for the furnace (4 raw metal held)
F7 [F7] digShaft: water table y=59 (region strike) - stopping above the aquifer, the tunnel owns this level (regions 2)
F1 [F1] craft torches: skip (no coal: sticks 5 coals 0)
F1 [F1] digShaft: water hazard 10.8b away (live 16) - refusing this column, the caller rotates
F1 bank trip: skipped (pockets full, 25s left < 150s - the end-phase owns the deadline banking)
F1 [F1] craft torches: skip (no coal: sticks 5 coals 0)
F1 [F1] digShaft: water hazard 10.8b away (live 16) - refusing this column, the caller rotates
F1 tunnel: steering iron_ore @ 18.6b (axis z+, cross 3.6999999999999886, floor lock)
F16 [F16] craft torches: stick-dry with logs held - one plank conversion first
F12 tunnel: 12 blocks (branch mine at the floor, steered, floor lock)
F2 [F2] digShaft: water table y=59 (region strike) - stopping above the aquifer, the tunnel owns this level (regions 2)
F2 bank trip: skipped (pockets full, 25s left < 150s - the end-phase owns the deadline banking)
F14 [F14] water: pass 28 head=dry shore=hit r=7 land=none y=51.3 o2=20 probes=0 at=[-121,51,400]
F5 [F5] approach: 3 segment(s) walked in 42.7s, goal now d=18.7 (inside the direct envelope)
F16 [F16] craft torches: stick-dry but 5 planks held - one stick batch first
F16 [F16] craft torches: 4 batch(es) -> 16 torches (sticks 2 coals 14, the metal reserve keeps 8)
F18 tool upgrade due: worn (left=4/131) -> stone_pickaxe
F18 [toolupgrade] craft crafting_table: no craftable recipe variant (ingredients missing?)
F13 [F13] water: drowning rescue start (drowning, oxygen 15)
F13 [F13] water: pass 0 head=wet shore=none land=n/a y=60.0 o2=15 probes=0 at=[-128,60,385]
F11 [F11] vein sweep: the drop walk to [-156,46,407] failed - doomed goal (ledgered 36s ago at [-156,46,406]) - sweep drops refused
F18 [toolupgrade] plank rung: converted 1->4 same-type planks (need 4, from birch_log)
F14 [F14] water: pass 38 head=wet shore=none land=n/a y=49.8 o2=20 probes=0 at=[-122,50,400]
F1 tunnel: 2 blocks (branch mine at the floor, steered, floor lock)
F1 bank trip: skipped (pockets full, 22s left < 150s - the end-phase owns the deadline banking)
F16 [F16] digShaft: water hazard 3.5b away (live 16) - refusing this column, the caller rotates
F18 [toolupgrade] spare table: crafted
F7 [F7] craft torches: skip (no coal: sticks 4 coals 0)
F7 [F7] digShaft: water table y=59 (region strike) - stopping above the aquifer, the tunnel owns this level (regions 2)
F7 [F7] craft torches: skip (no coal: sticks 4 coals 0)
F7 [F7] digShaft: water table y=59 (region strike) - stopping above the aquifer, the tunnel owns this level (regions 2)
F7 tunnel: steering coal_ore @ 9.9b (axis x+, cross 3.5000033269248547, floor lock)
F13 [F13] craft stick: variant#2 attempt0 failed: craft stick: timeout after 7000ms
F13 [F13] [tools] closing stale craft window (minecraft:inventory) - grid recovery
F13 [F13] water: rescue complete in 1.8s
F13 [F13] water: hazard memorized at [-128,62,385] (17 live, fleet-wide)
F14 tunnel: steering coal_ore @ 9b (axis z+, cross 1.6409033066551615, floor lock)
F14 [F14] water: pass 46 head=dry shore=hit r=7 land=none y=50.8 o2=20 probes=0 at=[-121,51,400]
F15 tunnel: 12 blocks (branch mine at the floor, floor lock)
F15 bank trip: skipped (pockets full, 20s left < 150s - the end-phase owns the deadline banking)
[hb] n=29 ts=581s rss=395M late=141ms mainLate=473ms
F18 [toolupgrade] stone_pickaxe: crafted (worn (left=4/131))
F18 tool upgrade: OK -> stone_pickaxe (worn (left=4/131))
F18 [F18] craft torches: stick-dry with logs held - one plank conversion first
t-19s alive=19/19 mined=2629 map=1051p/17ch banked=361 smelted=6 pocket=2591u/287s | sand=28 gravel=32 dirt=449 stone=0
   deficits: 157926/28 (0.0%) 149380/32 (0.0%) 31860/0 (0.0%) 27420/0 (0.0%) 10725/121 (1.1%)
   F1=181[cobblestone:121 dirt:31 leaf_litter:13] | F2=163[cobblestone:51 diorite:44 dirt:40] | F3=164[cobblestone:45 dirt:39 raw_copper:33] | F4=187[cobblestone:17 dirt:7 oak_log:6] | F5=136[cobblestone:29 dirt:15 leaf_litter:12] | F6=110[cobblestone:39 andesite:31 gravel:16] | F7=49[dirt:22 leaf_litter:20 torch:8] | F8=139[dirt:57 leaf_litter:33 stick:5] | F9=61[torch:14 oak_planks:3 oak_log:2] | F10=52[cobblestone:17 torch:12 dirt:8] | F11=163[granite:48 cobblestone:25 dirt:25] | F12=135[cobblestone:37 granite:27 dirt:17] | F13=51[torch:16 oak_planks:5 dirt:4] | F14=130[dirt:49 cobblestone:45 torch:27] | F15=191[cobblestone:108 dirt:46 leaf_litter:18] | F16=193[raw_copper:81 cobblestone:72 torch:44] | F17=131[cobblestone:27 raw_copper:16 torch:12] | F18=170[cobblestone:114 dirt:17 raw_copper:13] | F19=223[cobblestone:119 diorite:26 dirt:25]
   mem: heap=124M/164M old=-1M ext=137M ab=134M rss=398M cols=1793 ents=3186 evicted=1622 path=6a/2q (max 6) stale=0
F18 [F18] [tools] closing stale craft window (minecraft:inventory) - grid recovery
F18 [F18] craft birch_planks: no craftable recipe variant (ingredients missing?)
F18 [F18] craft torches: skip (no spare sticks: sticks 1 coals 0)
F18 tunnel: steering coal_ore @ 5.3b (axis x--1, cross 2.470515716109162, ore detour)
F18 tunnel: 0 blocks (branch mine at the floor, steered, ore detour)
F18 bank trip: skipped (pockets full, 19s left < 150s - the end-phase owns the deadline banking)
F18 [F18] craft torches: skip (no spare sticks: sticks 1 coals 0)
F18 tunnel: steering coal_ore @ 5.5b (axis z--1, cross 1.5, floor lock)
F18 tunnel: 0 blocks (branch mine at the floor, steered, floor lock)
F18 bank trip: skipped (pockets full, 19s left < 150s - the end-phase owns the deadline banking)
F4 [F4] vein sweep: the drop walk to [-102,58,410] failed - sweep drops: timeout after 8000ms
F4 [F4] vein sweep: +3u walked from the drops (13 dug)
F4 [F4] vein sweep: 1 deep drop(s) skipped (dy < -2 - the lip sphere cannot reach, the walk was a guaranteed spiral)
F4 vein sweep: 13 ores dug beside the gallery (floor lock)
F14 tunnel: 0 blocks (branch mine at the floor, steered, floor lock)
F14 bank trip: skipped (pockets full, 19s left < 150s - the end-phase owns the deadline banking)
F9 [F9] KICKED: {"type":"compound","value":{"translate":{"type":"string","value":"multiplayer.disconnect.duplicate_login"}}}
F14 [F14] craft torches: the metal fuel reserve holds all 1 coal for the furnace (8 raw metal held)
F9 [F9] craft torches: stick-dry with logs held - one plank conversion first
F14 [F14] water: pass 50 head=wet shore=none land=n/a y=49.0 o2=20 probes=0 at=[-122,49,400]
F10 [F10] craft torches: skip (no spare sticks: sticks 0 coals 5)
F10 [F10] digShaft: water hazard 1.9b away (live 17) - refusing this column, the caller rotates
F10 tunnel: steering coal_ore @ 7.4b (axis x--1, cross 0.3599056314331506, ore detour)
F9 [F9] craft torches: stick-dry but 7 planks held - one stick batch first
F9 [F9] craft torches: skip (no coal: sticks 6 coals 0)
F7 tunnel: 2 blocks (branch mine at the floor, steered, floor lock)
F11 [F11] vein sweep: the drop walk to [-157,46,407] failed - doomed goal (ledgered 42s ago at [-157,46,407]) - sweep drops refused
F18 [F18] craft torches: stick-dry but 5 planks held - one stick batch first
F8 [F8] approach: 4 segment(s) walked in 54.7s, goal now d=12.4 (inside the direct envelope)
F16 tunnel: 7 blocks (branch mine at the floor, ore detour)
F16 bank trip: skipped (pockets full, 15s left < 150s - the end-phase owns the deadline banking)
F16 [F16] craft torches: skip (no spare sticks: sticks 2 coals 10)
F16 [F16] digShaft: water table y=59 (region strike) - stopping above the aquifer, the tunnel owns this level (regions 2)
F16 bank trip: skipped (pockets full, 15s left < 150s - the end-phase owns the deadline banking)
F13 [F13] craft stick: variant#2 attempt1 failed: craft stick: timeout after 7000ms
F13 [F13] [tools] closing stale craft window (minecraft:inventory) - grid recovery
F14 [F14] water: rescue timeout (still wet, 65 passes, 0 probes, tail dry/wet/wet) in 25.2s
F14 [F14] water: hazard memorized at [-122,49,399] (17 live, fleet-wide)
F14 [F14] digShaft: water hazard 1.0b away (live 17) - refusing this column, the caller rotates
F14 bank trip: skipped (pockets full, 12s left < 150s - the end-phase owns the deadline banking)
F14 [F14] craft torches: the metal fuel reserve holds all 1 coal for the furnace (8 raw metal held)
F14 [F14] digShaft: water hazard 1.0b away (live 17) - refusing this column, the caller rotates
F14 tunnel: steering coal_ore @ 10b (axis z+, cross 2.299999999999997, floor lock)
F13 [F13] craft stick: all 1 variant(s) failed, last: craft stick: timeout after 7000ms
F13 [F13] craft torches: skip (no spare sticks: sticks 1 coals 2)
F13 [F13] digShaft: water hazard 0.6b away (live 17) - refusing this column, the caller rotates
F13 tunnel: steering coal_ore @ 8.1b (axis x--1, cross 0.5499524862697172, ore detour)
F13 tunnel: 0 blocks (branch mine at the floor, steered, ore detour)
F13 [F13] craft torches: stick-dry but 5 planks held - one stick batch first
F19 [F19] raw hop failed: raw walk timeout after 20151ms (d=37.3) - pathfinder retry
F5 [F5] raw hop failed: raw walk: no net progress for 8074ms (best d=6.8) - pathfinder retry
F14 tunnel: 0 blocks (branch mine at the floor, steered, floor lock)
F14 tunnel: 0 blocks x3 - sealed or flooded, cooling down 15s
F18 [F18] craft stick: variant#2 attempt0 failed: craft stick: timeout after 7000ms
F18 [F18] [tools] closing stale craft window (minecraft:inventory) - grid recovery
F16 [F16] water: drowning rescue start (drowning, oxygen 14)
F16 [F16] water: pass 0 head=wet shore=none land=n/a y=61.0 o2=14 probes=0 at=[-159,61,399]
F6 [F6] approach: the stall side-step (left) stalled too
F6 [F6] approach: 4 segment(s) walked in 34.1s, goal now d=28.0 (still outside - a segment stalled (no position delta))
F8 [F8] raw hop failed: raw walk: no net progress for 8068ms (best d=12.4) - pathfinder retry
F14 [F14] water: drowning rescue start (drowning, oxygen 13)
F14 [F14] water: pass 0 head=wet shore=none land=n/a y=46.0 o2=13 probes=0 at=[-121,46,400]
F16 [F16] water: pass 5 head=dry shore=hit r=1 land=none y=62.7 o2=20 probes=0 at=[-158,63,399]
F7 [F7] vein sweep: 5 drop(s) in reach (7 dug)
F17 [F17] craft torches: stick-dry but 5 planks held - one stick batch first
F17 [F17] craft torches: 2 batch(es) -> 8 torches (sticks 2 coals 4, the metal reserve keeps 2)
F14 [F14] water: pass 8 head=dry shore=hit r=7 land=none y=50.1 o2=12 probes=0 at=[-121,50,400]
F19 [F19] hop: chest at [-116,72,406] d=34 zero: chest unreachable (Took to long to decide path to goal!)
F19 [F19] hop: chest at [-135,72,390] d=37 zero: chest unreachable (budget exhausted (walk floor))
F19 [F19] hop: chest at [-136,72,390] d=38 zero: chest unreachable (budget exhausted (walk floor))
F19 [F19] hop: chest at [-137,72,390] d=39 zero: chest unreachable (budget exhausted (walk floor))
F19 [F19] hop: chest at [-121,72,406] d=38 zero: chest unreachable (budget exhausted (walk floor))
F19 [F19] hop: chest at [-121,72,408] d=39 zero: chest unreachable (budget exhausted (walk floor))
F19 [F19] hop: chest at [-126,72,406] d=40 zero: chest unreachable (budget exhausted (walk floor))
F19 bank fallback: none (chest unreachable (budget exhausted (walk floor)))
F19 camp furnace: build skipped - the leg clock (18s) cannot afford a 24s craft-planks build + the 5s put (5 log(s) in pocket - craft planks (largest same-type stack 1/4))
F17 [F17] digShaft: water table y=57 (region strike) - stopping above the aquifer, the tunnel owns this level (regions 2)
F17 tunnel: steering coal_ore @ 7b (axis z--1, cross 0.4991356653560217, ore detour)
F13 [F13] craft stick: variant#2 attempt0 failed: craft stick: timeout after 7000ms
F13 [F13] [tools] closing stale craft window (minecraft:inventory) - grid recovery
F13 [F13] craft storm: 3 consecutive craft timeouts - cooldown 4000ms (server stall?)
F13 [F13] craft stick: all 1 variant(s) failed, last: craft stick: timeout after 7000ms
F13 [F13] craft torches: skip (no spare sticks: sticks 1 coals 2)
F13 [F13] digShaft: water hazard 0.9b away (live 17) - refusing this column, the caller rotates
F13 tunnel: steering coal_ore @ 8.3b (axis x--1, cross 0.45004751373028284, floor lock)
F13 tunnel: 0 blocks (branch mine at the floor, steered, floor lock)
F13 tunnel: 0 blocks x3 - sealed or flooded, cooling down 15s
F10 tunnel: 9 blocks (branch mine at the floor, steered, ore detour)
F10 [F10] craft torches: skip (no spare sticks: sticks 0 coals 5)
F10 [F10] digShaft: water hazard 2.4b away (live 17) - refusing this column, the caller rotates
F10 tunnel: steering coal_ore @ 5.6b (axis x--1, cross 0.6853608407694765, floor lock)
F10 tunnel: 0 blocks (branch mine at the floor, steered, floor lock)
t-4s alive=19/19 mined=2650 map=1095p/17ch banked=361 smelted=6 pocket=2632u/289s | sand=36 gravel=32 dirt=452 stone=0
   deficits: 157926/36 (0.0%) 149380/32 (0.0%) 31860/0 (0.0%) 27420/0 (0.0%) 10725/121 (1.1%)
   F1=181[cobblestone:121 dirt:31 leaf_litter:13] | F2=163[cobblestone:51 diorite:44 dirt:40] | F3=164[cobblestone:45 dirt:39 raw_copper:33] | F4=187[cobblestone:17 dirt:7 oak_log:6] | F5=136[cobblestone:29 dirt:15 leaf_litter:12] | F6=110[cobblestone:39 andesite:31 gravel:16] | F7=57[dirt:22 leaf_litter:20 torch:8] | F8=139[dirt:57 leaf_litter:33 stick:5] | F9=61[torch:14 stick:6 oak_planks:5] | F10=61[cobblestone:24 torch:12 dirt:10] | F11=163[granite:48 cobblestone:25 dirt:25] | F12=135[cobblestone:37 granite:27 dirt:17] | F13=51[torch:16 oak_planks:5 dirt:4] | F14=130[dirt:49 cobblestone:48 torch:27] | F15=191[cobblestone:108 dirt:47 leaf_litter:18] | F16=197[raw_copper:81 cobblestone:72 torch:44] | F17=131[cobblestone:27 torch:20 raw_copper:16] | F18=170[cobblestone:114 dirt:17 raw_copper:13] | F19=223[cobblestone:119 diorite:26 dirt:25]
   mem: heap=116M/165M old=-1M ext=136M ab=133M rss=405M cols=1892 ents=3241 evicted=1652 path=6a/7q (max 6) stale=0
F16 [F16] water: pass 8 head=dry shore=hit r=1 land=none y=62.3 o2=20 probes=0 at=[-158,62,397]
F14 [F14] water: pass 12 head=dry shore=hit r=7 land=none y=51.5 o2=20 probes=0 at=[-121,52,400]
F11 [F11] vein sweep: +20u walked from the drops (16 dug)
F11 vein sweep: 16 ores dug beside the gallery (floor lock)
F11 bank trip: deferred night (tod=12414) - the yard walk rides out the dark alive (the v0.140.1 night hold extends to the mid-run trips)
F18 [F18] craft stick: variant#2 attempt1 failed: craft stick: timeout after 7000ms
F18 [F18] [tools] closing stale craft window (minecraft:inventory) - grid recovery
F16 [F16] water: rescue complete in 8.6s
F16 [F16] water: hazard memorized at [-158,62,397] (14 live, fleet-wide)
F14 [F14] water: pass 16 head=dry shore=hit r=7 land=none y=51.3 o2=20 probes=0 at=[-121,51,400]
F6 [F6] raw hop failed: raw walk: no net progress for 8217ms (best d=27.0) - pathfinder retry
F3 tunnel: steering coal_ore @ 9.5b (axis x+, cross 2.169844140987607, floor lock)
F3 tunnel: 0 blocks (branch mine at the floor, steered, floor lock)
F3 final bank deferred: night (tod=12427) - the pocket rides out the dark alive (the v0.140.1 night hold)
[worldmap] autosave: merged 77 from disk, 1189 positions on file
[hb] n=30 ts=601s rss=405M late=146ms mainLate=726ms
F5 [F5] direct deposit: 27 chest slots derived from the 63-slot view
F5 end-bank budget spent - smelt skipped
F5 pre-position bank: +23
F5 final bank deferred: night (tod=12451) - the pocket rides out the dark alive (the v0.140.1 night hold)
F18 [F18] craft stick: all 1 variant(s) failed, last: craft stick: timeout after 7000ms
F18 [F18] craft torches: skip (no spare sticks: sticks 1 coals 0)
F18 tunnel: steering coal_ore @ 5.5b (axis x+, cross 2.6999999999999886, ore detour)
F18 tunnel: 0 blocks (branch mine at the floor, steered, ore detour)
F18 tunnel: 0 blocks x3 - sealed or flooded, cooling down 15s
F6 [F6] hop: chest at [-126,72,416] d=28 zero: chest unreachable (No path to the goal!)
F6 bank fallback: none (budget exhausted)
F6 end-bank budget spent - smelt skipped
F6 pre-position bank: 0 (budget exhausted)
F6 final bank deferred: night (tod=12451) - the pocket rides out the dark alive (the v0.140.1 night hold)
F14 [F14] water: pass 20 head=wet shore=none land=n/a y=49.9 o2=20 probes=0 at=[-121,50,400]
F10 final bank deferred: night (tod=12467) - the pocket rides out the dark alive (the v0.140.1 night hold)
F9 tunnel: 0 blocks (branch mine at the floor, ore detour)
F14 [F14] water: pass 23 head=wet shore=none land=n/a y=49.5 o2=20 probes=0 at=[-122,50,400]
F8 [F8] hop: chest at [-151,72,416] d=28 zero: chest unreachable (Took to long to decide path to goal!)
F8 bank fallback: none (budget exhausted)
F8 end-bank budget spent - smelt skipped
F8 pre-position bank: 0 (budget exhausted)
F8 final bank deferred: night (tod=12455) - the pocket rides out the dark alive (the v0.140.1 night hold)
F14 final bank deferred: night (tod=12489) - the pocket rides out the dark alive (the v0.140.1 night hold)
F16 final bank deferred: night (tod=12490) - the pocket rides out the dark alive (the v0.140.1 night hold)
F14 [F14] water: pass 28 head=dry shore=hit r=7 land=none y=50.1 o2=20 probes=0 at=[-121,50,400]
F7 [F7] vein sweep: the drop walk to [-147,55,426] failed - sweep drops: timeout after 8000ms
F7 [F7] vein sweep: +2u walked from the drops (7 dug)
F7 vein sweep: 7 ores dug beside the gallery (floor lock)
F7 final bank deferred: night (tod=12535) - the pocket rides out the dark alive (the v0.140.1 night hold)
F4 final bank deferred: night (tod=12547) - the pocket rides out the dark alive (the v0.140.1 night hold)
F14 [F14] water: pass 32 head=dry shore=hit r=7 land=none y=51.5 o2=20 probes=0 at=[-121,51,400]
F1 final bank deferred: night (tod=12589) - the pocket rides out the dark alive (the v0.140.1 night hold)
F13 final bank deferred: night (tod=12569) - the pocket rides out the dark alive (the v0.140.1 night hold)
F14 [F14] water: pass 41 head=dry shore=hit r=7 land=none y=50.2 o2=20 probes=0 at=[-122,50,400]
t-0s alive=19/19 mined=2653 map=1189p/17ch banked=384 smelted=6 pocket=2625u/291s | sand=36 gravel=34 dirt=439 stone=0
   deficits: 157926/36 (0.0%) 149380/34 (0.0%) 31860/0 (0.0%) 27420/0 (0.0%) 10725/121 (1.1%)
   F1=181[cobblestone:121 dirt:33 leaf_litter:13] | F2=163[cobblestone:51 diorite:44 dirt:40] | F3=164[cobblestone:45 dirt:39 raw_copper:33] | F4=187[cobblestone:17 dirt:7 oak_log:6] | F5=136[cobblestone:29 torch:8 sand:7] | F6=110[cobblestone:39 andesite:31 gravel:16] | F7=57[dirt:22 leaf_litter:20 torch:8] | F8=139[dirt:57 leaf_litter:33 stick:5] | F9=61[torch:14 stick:6 oak_planks:5] | F10=61[cobblestone:24 torch:12 dirt:10] | F11=163[granite:48 cobblestone:28 dirt:25] | F12=135[cobblestone:39 granite:27 dirt:18] | F13=51[torch:16 oak_planks:5 dirt:4] | F14=130[dirt:49 cobblestone:48 torch:27] | F15=191[cobblestone:108 dirt:48 leaf_litter:18] | F16=197[raw_copper:81 cobblestone:72 torch:44] | F17=134[cobblestone:29 torch:20 raw_copper:16] | F18=170[cobblestone:114 dirt:17 raw_copper:13] | F19=223[cobblestone:119 diorite:26 dirt:23]
   mem: heap=115M/164M old=-1M ext=135M ab=133M rss=406M cols=688 ents=1033 evicted=633 path=4a/0q (max 6) stale=0
F14 [F14] water: pass 53 head=dry shore=hit r=7 land=none y=50.4 o2=20 probes=0 at=[-121,50,400]
F17 tunnel: 3 blocks (branch mine at the floor, steered, ore detour)
F17 final bank deferred: night (tod=12717) - the pocket rides out the dark alive (the v0.140.1 night hold)
[F19] walk nudge: approach: 1 segment(s) walked in 11.1s, goal now d=42.3 (still outside - a segment stalled (no position delta))
[F19] walk nudge: closed to d=42.3 - retrying the machine from the new start
F19 smelt: 0 (raw_copper@blast_furnace: machine unreachable (visit budget spent (walk slice)))
F19 iron commune: iron commune: chest the yard stands 27 levels up over 24b lateral - the walk ladder cannot climb, the fragments ride (the ask retries near the yard)
F18 final bank deferred: night (tod=12777) - the pocket rides out the dark alive (the v0.140.1 night hold)
F14 [F14] water: rescue timeout (still wet, 68 passes, 0 probes, tail wet/wet/wet) in 25.0s
F14 [F14] water: hazard memorized at [-122,49,399] (14 live, fleet-wide)
[hb] n=31 ts=621s rss=407M late=151ms mainLate=526ms
F12 final bank deferred: night (tod=12917) - the pocket rides out the dark alive (the v0.140.1 night hold)
F2 final bank deferred: night (tod=12918) - the pocket rides out the dark alive (the v0.140.1 night hold)
F14 [F14] water: drowning rescue start (drowning, oxygen 13)
F14 [F14] water: pass 0 head=wet shore=none land=n/a y=46.0 o2=13 probes=0 at=[-121,46,400]
F11 final bank deferred: night (tod=12957) - the pocket rides out the dark alive (the v0.140.1 night hold)
F15 final bank deferred: night (tod=12957) - the pocket rides out the dark alive (the v0.140.1 night hold)
t-0s alive=19/19 mined=2653 map=1189p/17ch banked=384 smelted=6 pocket=2635u/291s | sand=36 gravel=34 dirt=439 stone=0
   deficits: 157926/36 (0.0%) 149380/34 (0.0%) 31860/0 (0.0%) 27420/0 (0.0%) 10725/121 (1.1%)
   F1=181[cobblestone:121 dirt:33 leaf_litter:13] | F2=163[cobblestone:51 diorite:44 dirt:40] | F3=164[cobblestone:45 dirt:39 raw_copper:33] | F4=187[cobblestone:17 dirt:7 oak_log:6] | F5=136[cobblestone:29 torch:8 sand:7] | F6=110[cobblestone:39 andesite:31 gravel:16] | F7=57[dirt:22 leaf_litter:20 torch:8] | F8=139[dirt:57 leaf_litter:33 stick:5] | F9=61[torch:14 stick:6 oak_planks:5] | F10=61[cobblestone:24 torch:12 dirt:10] | F11=163[granite:48 cobblestone:29 dirt:25] | F12=135[cobblestone:41 granite:27 dirt:18] | F13=51[torch:16 oak_planks:5 dirt:4] | F14=130[dirt:49 cobblestone:48 torch:27] | F15=191[cobblestone:108 dirt:48 leaf_litter:18] | F16=197[raw_copper:81 cobblestone:72 torch:44] | F17=134[cobblestone:29 torch:20 raw_copper:16] | F18=170[cobblestone:114 dirt:17 raw_copper:13] | F19=223[cobblestone:119 diorite:26 dirt:23]
   mem: heap=126M/165M old=-1M ext=136M ab=133M rss=408M cols=96 ents=127 evicted=128 path=0a/0q (max 6) stale=0
F14 [F14] water: pass 8 head=dry shore=hit r=7 land=none y=50.3 o2=12 probes=0 at=[-121,50,400]
F14 [F14] water: pass 15 head=dry shore=hit r=7 land=none y=51.0 o2=20 probes=0 at=[-122,51,400]
F19 [F19] approach: the stall side-step (right) stalled too
F19 [F19] approach: 1 segment(s) walked in 13.7s, goal now d=35.8 (still outside - a segment stalled (no position delta))
F14 [F14] water: pass 22 head=wet shore=none land=n/a y=49.0 o2=20 probes=0 at=[-122,49,400]
F14 [F14] water: pass 29 head=wet shore=none land=n/a y=49.8 o2=20 probes=0 at=[-121,50,400]
F14 [F14] water: pass 36 head=dry shore=hit r=7 land=none y=51.5 o2=20 probes=0 at=[-122,52,400]
F14 [F14] water: pass 43 head=wet shore=none land=n/a y=49.1 o2=20 probes=0 at=[-122,49,400]
F19 [F19] raw hop failed: raw walk: no net progress for 8250ms (best d=34.8) - pathfinder retry
F19 [F19] hop: chest at [-135,72,390] d=36 zero: chest unreachable (Took to long to decide path to goal!)
F14 [F14] water: pass 50 head=wet shore=none land=n/a y=49.3 o2=20 probes=0 at=[-121,49,400]
[hb] n=32 ts=641s rss=408M late=156ms mainLate=953ms
t-0s alive=19/19 mined=2653 map=1189p/17ch banked=384 smelted=6 pocket=2635u/291s | sand=36 gravel=34 dirt=439 stone=0
   deficits: 157926/36 (0.0%) 149380/34 (0.0%) 31860/0 (0.0%) 27420/0 (0.0%) 10725/121 (1.1%)
   F1=181[cobblestone:121 dirt:33 leaf_litter:13] | F2=163[cobblestone:51 diorite:44 dirt:40] | F3=164[cobblestone:45 dirt:39 raw_copper:33] | F4=187[cobblestone:17 dirt:7 oak_log:6] | F5=136[cobblestone:29 torch:8 sand:7] | F6=110[cobblestone:39 andesite:31 gravel:16] | F7=57[dirt:22 leaf_litter:20 torch:8] | F8=139[dirt:57 leaf_litter:33 stick:5] | F9=61[torch:14 stick:6 oak_planks:5] | F10=61[cobblestone:24 torch:12 dirt:10] | F11=163[granite:48 cobblestone:29 dirt:25] | F12=135[cobblestone:41 granite:27 dirt:18] | F13=51[torch:16 oak_planks:5 dirt:4] | F14=130[dirt:49 cobblestone:48 torch:27] | F15=191[cobblestone:108 dirt:48 leaf_litter:18] | F16=197[raw_copper:81 cobblestone:72 torch:44] | F17=134[cobblestone:29 torch:20 raw_copper:16] | F18=170[cobblestone:114 dirt:17 raw_copper:13] | F19=223[cobblestone:119 diorite:26 dirt:23]
   mem: heap=122M/163M old=-1M ext=136M ab=134M rss=408M cols=96 ents=106 evicted=128 path=0a/0q (max 6) stale=0
F14 [F14] water: pass 57 head=dry shore=hit r=7 land=none y=50.3 o2=20 probes=0 at=[-121,50,400]
F14 [F14] water: pass 64 head=dry shore=hit r=7 land=none y=51.0 o2=20 probes=0 at=[-122,51,400]
F19 [F19] raw hop failed: raw walk timeout after 5502ms (d=34.9) - pathfinder retry
F19 [F19] hop: chest at [-116,72,406] d=36 zero: chest unreachable (Took to long to decide path to goal!)
F19 bank: 0 (budget exhausted)
F14 [F14] water: rescue timeout (still wet, 83 passes, 0 probes, tail dry/wet/wet) in 25.1s
F14 [F14] water: hazard memorized at [-122,49,399] (13 live, fleet-wide)
F14 [F14] water: drowning rescue start (drowning, oxygen 20)
F14 [F14] water: pass 0 head=wet shore=none land=n/a y=49.5 o2=20 probes=0 at=[-121,50,400]
F14 [F14] water: pass 7 head=wet shore=none land=n/a y=49.5 o2=20 probes=0 at=[-122,49,400]
F14 [F14] water: pass 14 head=wet shore=none land=n/a y=49.0 o2=20 probes=0 at=[-122,49,400]
F14 [F14] water: pass 21 head=wet shore=none land=n/a y=49.7 o2=20 probes=0 at=[-121,50,400]
t-0s alive=19/19 mined=2653 map=1221p/17ch banked=384 smelted=6 pocket=2635u/291s | sand=36 gravel=34 dirt=438 stone=0
   deficits: 157926/36 (0.0%) 149380/34 (0.0%) 31860/0 (0.0%) 27420/0 (0.0%) 10725/121 (1.1%)
   F1=181[cobblestone:121 dirt:33 leaf_litter:13] | F2=163[cobblestone:51 diorite:44 dirt:40] | F3=164[cobblestone:45 dirt:39 raw_copper:33] | F4=187[cobblestone:17 dirt:7 oak_log:6] | F5=136[cobblestone:29 torch:8 sand:7] | F6=110[cobblestone:39 andesite:31 gravel:16] | F7=57[dirt:22 leaf_litter:20 torch:8] | F8=139[dirt:57 leaf_litter:33 stick:5] | F9=61[torch:14 stick:6 oak_planks:5] | F10=61[cobblestone:24 torch:12 dirt:10] | F11=163[granite:48 cobblestone:29 dirt:25] | F12=135[cobblestone:41 granite:27 dirt:18] | F13=51[torch:16 oak_planks:5 dirt:4] | F14=130[dirt:49 cobblestone:48 torch:27] | F15=191[cobblestone:108 dirt:48 leaf_litter:18] | F16=197[raw_copper:81 cobblestone:72 torch:44] | F17=134[cobblestone:29 torch:20 raw_copper:16] | F18=170[cobblestone:114 dirt:17 raw_copper:13] | F19=223[cobblestone:120 diorite:26 dirt:22]
   mem: heap=115M/163M old=-1M ext=136M ab=133M rss=408M cols=96 ents=96 evicted=134 path=1a/0q (max 6) stale=0
F14 [F14] water: pass 28 head=dry shore=hit r=7 land=none y=51.5 o2=20 probes=0 at=[-121,52,400]
[hb] n=33 ts=661s rss=408M late=161ms mainLate=103ms
F14 [F14] water: pass 35 head=wet shore=none land=n/a y=49.1 o2=20 probes=0 at=[-122,49,400]
F14 [F14] water: pass 42 head=wet shore=none land=n/a y=49.2 o2=20 probes=0 at=[-121,49,400]
F14 [F14] water: pass 49 head=dry shore=hit r=7 land=none y=50.2 o2=20 probes=0 at=[-121,50,400]
F19 final bank deferred: night (tod=13758) - the pocket rides out the dark alive (the v0.140.1 night hold)
================ FLEET RESULT (normal end - deadline 600s reached) ================
bots=19 spawned=19 reconnects=4 kicks=0 tools=16 recovered=5 reboots=0 upgraded=19 swords=21 alive=19 climbs=24 banked=384 smelted=6 planted=11 torched=9 fights=2 kills=0 shelters=0 rescues=41 airGlitches=0 claims=15 claimedHolds=0 wet=13 wt=2
server guard: losses=0 (window 0/10) relogins=23 probe=n/a dead=no revives=0 restarts=0
pickaxe tiers at end: wooden_pickaxe,stone_pickaxe,iron_pickaxe -> wooden=37 stone=15 iron=0
blocks mined: 2653 in ~600s = 4.42 blocks/s (265/min)
loot ledger: mined=2653 banked=384 smelted=6 pocket=2635u/291s accounted=3025 unaccounted=0 conversion=114.0%
  sand          collected      36 (0.023% of 157,926)
  gravel        collected      34 (0.023% of 149,380)
  dirt          collected     438
  stone         collected     890 (13.294% of 6,695)
materials: {"birch_log":49,"oak_log":205,"dirt":419,"stone":1026,"iron_ore":21,"copper_ore":120,"grass_block":87,"crafting_table":1,"sand":82,"diorite":163,"coal_ore":143,"granite":126,"oak_leaves":35,"cobblestone":4,"andesite":116,"gravel":45,"sandstone":4,"birch_leaves":6,"smooth_stone":1}
kicks handled: 0 (reconnect attempts: 4)
no-path ledger: 2 live verdict(s) at end phase
full-chest ledger: 0 live verdict(s) at end phase
doomed-goal ledger: 143 recorded, 424 re-issues refused at the funnel, 12 re-dooms absorbed (the v0.96.0 backoff - the storm can no longer out-pace the ttl), 5 live at end phase (v0.72.0 spiral breaker)
walk governor: 1 stall(s) opened, 71 churn re-issues refused (v0.74.0 churn breaker - goals queued+done with zero progress during the run68-class storms)
fleet churn ceiling: 0 open(s), 0 aggregate re-issues refused (v0.77.0 - the per-bot limit leaves the fleet-wide burst unbounded)
goal brake: 9 burst open(s), 839 re-issues refused, 1 fleet-ceiling open(s), 195 fleet refusals (v0.143.0 - the re-issue CADENCE is the storm's rate knob: run 35994461858's flood walkers progressed 1-3 blocks per walk so the progress-judged governors never fired, and their near goals flowed through the closed valve, while ~90MB searches marched at 2.5 goals/s per walker into a frozen main)
alloc valve: 0 close(s) (0 by the worker probe, 0 by the queue-pressure arm, 0 by the funnel probe, 0 by the slow envelope), 0 strike(s), 0 long walks refused, 0 short walks passed while closed, 0 aquifer-gate refusals (v0.105.0 one valve two feeders + the aquifer gate - the run93 fix: the ticker feeds the consulted singleton, the worker's probe verdict rides the storm cell for the freeze class, and while closed the near exemption refuses live-hazard goals - near is not cheap in a flooded region; v0.115.0 the queue-pressure arm closes on the SUSTAINED pathfinder saturation - run101's 8-12q wall warned 80s before the rss burst; v0.121.0 the funnel probe - run105's storm starved the timers that carried both feeders while the walk funnel itself marched through the kill window, so the funnel now carries its own verdict and applies the worker's cell inline; v0.144.0 the slow envelope - run80's ramp sawtoothed past the fast anchor's dip rule while the consults marched, the 5s slide is the dip-immune read)
storm duck: 0 arm(s), 0 walk(s) refused fleet-wide while ducked (v0.143.0 - run58: the storm's next-column class is near BY CONSTRUCTION and rode the closed valve's near exemption to the 3000M ceiling; a live storm verdict now shuts EVERY goal for 15s and sweeps the in-flight goals, the A* starves within one think window, the worker's grace lands the cure instead of the ceiling landing the kill)
worldmap: 1221 positions, 17 chunks scanned, top: coal_ore=311 oak_log=288 sand=277 copper_ore=154 birch_log=104
report: data/fleet-report.json written
plan progress: 2/31 resources complete
